seconds_elapsed,z,y,x
0.0,-0.1324352324008941,-0.2773168683052063,-0.082509234547615
0.01,0.04963213364066946,-0.23828003873504297,0.11752530070739123
0.02,0.12035746027079477,0.44661469075819726,-0.010743054241677197
0.03,0.11479933665627706,0.23682871689088753,0.3566405398413681
0.04,-0.11558343541408679,-0.04420968267042094,0.5119866700545505
0.05,-0.4048768264464392,0.10174829247532739,-0.05995671658351957
0.06,-0.5482594034065051,-0.025366831827283803,-0.3286064583957678
0.07,-0.4423334112154884,-0.5026995044396544,-0.16058396749413625
0.08,-0.1706195138180141,-0.3072856240009559,-0.32482583148927907
0.09,0.1408237059612553,0.16890658483669543,-0.37420260977637876
0.1,0.20792913930567836,0.5414381771140401,-0.013715602925495023
0.11,-0.03333921535369283,0.8034082451945739,0.2682717718004253
0.12,-0.26381959505735847,0.06228603491058077,0.4843396213715939
0.13,-0.4192515770990794,-0.7890625950025512,0.3777720412457695
0.14,-0.45244564855508096,-0.6791644063722353,-0.15257896092534476
0.15,-0.4241519469116995,-0.11206479137450935,0.038744668498475084
0.16,-0.25870241422125234,0.47444095543280534,-0.009416912996734054
0.17,0.005454064631382902,0.581171698993454,-0.31064382154556214
0.18,0.14307921646388355,0.14059165160802453,-0.1306418340688237
0.19,0.019231086173244653,-0.054080428534563706,0.034449227726301754
0.2,-0.16831751643292217,-0.3148940867325945,-0.005126256323249011
0.21,-0.280912189615722,-0.43937883278421813,-0.08870306446458799
0.22,-0.3325046271599103,-0.10200063467857716,0.05550141533261916
0.23,-0.2357810048853023,0.08454363811101033,-0.0010245135076277611
0.24,0.007886102188404874,-0.4340032830765881,-0.021603212208622363
0.25,0.06464967800075612,0.024347246343266633,0.023249756504914783
0.26,0.0036237987582044356,0.6671390420435416,0.11529204738237153
0.27,0.023201615568411296,0.0519063030642607,0.18702648971117572
0.28,0.07114164659654029,-0.5310989969732252,-0.09962482475223335
0.29,0.05847898711403663,-0.25750367849823036,-0.08836471151638241
0.3,-0.015321247144934875,0.21203577025804565,0.1976722149169921
0.31,-0.006370819442066717,-0.28793110077569384,0.2381464290477726
0.32,0.009468083607727594,-0.7082243017141825,0.42523047029763705
0.33,0.006488442003625321,0.3868016391103163,0.034595424574073934
0.34,0.2604151492592345,1.281462578981306,-0.598697464325151
0.35,0.2868169033798536,0.1903887441996058,-0.38745048794982284
0.36,0.05918980994239121,-0.5629178512158952,0.17843593605467137
0.37,-0.1089796691873778,-0.9463821600946636,0.7935423895657963
0.38,-0.09108998796900152,-0.6109546489397442,0.5554635335900513
0.39,0.07443954776743072,0.31895187534850267,-0.37004235953540715
0.4,0.31173531508253116,0.7854096228528886,-0.935361890879102
0.41,0.316619500764102,0.6016229046233853,-0.5329369963040312
0.42,0.0704274012158819,0.49620460110141607,-0.23661544271405047
0.43,-0.06376848258938088,-0.34961696342262205,-0.014837756208570523
0.44,-0.0638426822965634,-1.066101993285162,0.8053746945574874
0.45,-0.08396213941435468,-0.18984455945000542,0.9523298286982562
0.46,-0.07283140496842849,0.719541548723039,0.032738013634216453
0.47,-0.07251533421306637,0.3488838228098255,-0.308132379802181
0.48,-0.14492827466992522,-0.09157815496095277,0.06231863014850267
0.49,-0.07188550970953406,-0.4036477961552843,-0.40879763118533874
0.5,0.13978166385156693,-0.5991946875765163,-0.9396578937321529
0.51,0.3567531606872048,-0.48576158578543116,-0.4599028791796861
0.52,0.3426167181107645,0.6460992079741313,-0.1888594030264395
0.53,0.12597407829680543,1.026585147786988,0.29752742504040935
0.54,-0.11659504494612727,0.3329007541515229,0.8394727917307577
0.55,-0.32550713054618846,-0.23786415563364968,1.0470678221413519
0.56,-0.26730660458155275,-0.5938436916783845,0.06843714485228385
0.57,-0.004904144988712209,-0.987416343210192,-0.3660114554334058
0.58,0.12720643001238133,-0.15943004168764577,-0.15484763564672524
0.59,0.3444673060265548,0.890062491793387,-0.5634628201958268
0.6,0.4639951836917819,0.4493136932639584,-0.0168802449583893
0.61,0.42901756482143816,-0.13685055946099814,-0.04710665686058908
0.62,0.3522289729898692,-0.4611502565811155,-0.38357468002238926
0.63,0.16043408777341972,-0.6825066042148636,0.36885378219507203
0.64,0.003902041509593757,-0.0462891428276362,0.4060096797672089
0.65,0.005623847964534991,0.9032249380300466,-0.18581403469200897
0.66,0.28617348159099965,0.20910320898821902,-0.08304372891557332
0.67,0.4007546928945477,0.16336567580295205,-0.24820320084414466
0.68,0.40340383935283286,0.30838007642715676,-0.4132650732023629
0.69,0.42965986840627146,-0.24488899916133966,0.003001174169634791
0.7,0.4514257145755086,-0.30623203575709285,0.37039869973493417
0.71,0.30760061372332115,0.5953352353560862,0.15817719737412417
0.72,0.18645264967134392,0.6366177344706121,-0.17834751401078378
0.73,0.27369672235830506,-0.33949257185997683,-0.17160291679296316
0.74,0.19560818774177668,0.0979952933244982,0.0975501887579463
0.75,0.10387268361906649,0.8583944492072737,0.09172367197544742
0.76,0.2003319591160643,0.42336669135846083,-0.0747149862862196
0.77,0.38976253441576186,-0.8254577628737976,0.6180731642931374
0.78,0.40589826396714357,-0.20341073477927585,0.014602747965439804
0.79,0.3095142608298938,0.2109765806934984,-0.39755280379270286
0.8,0.11363599895567189,0.04423505639334414,-0.029662090288678854
0.81,-0.10931803308208185,0.8179175015988109,-0.14430272337775224
0.82,-0.20398137229146088,1.146957784965173,-0.27536199878895207
0.83,-0.05544484293126866,-0.16912849846517045,-0.35803651748973353
0.84,-0.022357985667490983,-0.5725287693297163,-0.34830066025411355
0.85,-0.1123656992903647,-0.0987423567175606,0.4740719978025986
0.86,-0.2673714832033869,0.5561870670222548,0.7944146162241555
0.87,-0.24986159230436422,0.47120313084305865,0.05895250009458952
0.88,-0.24097859332220165,-0.11621664431056693,-0.03922981489859175
0.89,-0.35327092484923156,-0.11690008601502225,-0.030694253036418238
0.9,-0.3849055329026739,-0.030970477878026276,-0.5125966773694746
0.91,-0.2991071723159667,-0.2596774243997495,-0.5870305010740628
0.92,-0.1676001858180214,-0.353836302815032,-0.18046804822388077
0.93,-0.17837604444382602,0.30430989073020986,0.07639045471693715
0.94,-0.2578552181229694,0.3714595959559105,0.3498812569904009
0.95,-0.4264235101467002,0.05359624441328266,0.4414933318167087
0.96,-0.5992810359815974,-0.37039403660809433,0.6251780448982673
0.97,-0.6435942826835358,-0.4896337322853813,0.43709933153663283
0.98,-0.46918988427615005,-0.18759868366369073,-0.24345669949429868
0.99,-0.2721893642838671,0.23231212285307362,-0.23239607898687384
1.0,-0.11912208801117864,0.6040248086311085,-0.2299473392173522
1.01,0.011223942002089763,0.3151737547021851,-0.5768734478762972
1.02,-0.0732524401286837,-0.31595504180596384,-0.2515019894046515
1.03,-0.2942504447753647,-0.34600046817238933,-0.1041980324983135
1.04,-0.4631151233573268,-0.5178322626278465,0.4722774801301389
1.05,-0.4494074247354256,-0.5757548378069803,0.6985458814647733
1.06,-0.3239423825128537,0.05536762564803465,0.1436166941881357
1.07,-0.233385461455257,0.7548310077858811,-0.06448500937335806
1.08,-0.20503995136199182,0.8702290126112626,-0.30783291546138686
1.09,-0.19150249032954206,-0.07135879546236529,-0.3194365164274053
1.1,-0.17865980301685225,-1.0285417116013886,0.08309624137378507
1.11,-0.22973843824238982,-0.6451689554003487,0.17280736440660155
1.12,-0.35296511560754446,0.28705774499802006,0.22866178482017388
1.13,-0.36932778183824055,0.29510238356324725,0.2198254938853867
1.14,-0.2876161425298955,-0.24335325153307374,0.06996085975544564
1.15,-0.22303739149532664,-0.1459314388041391,-0.23454996422338592
1.16,-0.1151096408355689,0.13496555866262178,-0.6231697354002045
1.17,-0.10684713199290324,-0.0019084919803913371,-0.3635080154873115
1.18,-0.2653891655070623,0.004522388605698799,0.25898185574013965
1.19,-0.2797030162335155,-0.5494882566188684,0.6277276659180635
1.2,-0.25335692720582215,-0.8571187987497453,0.7862924996839676
1.21,-0.25244443891732354,-0.0740145149139124,0.16501065656130653
1.22,-0.2190508311290191,0.5702888135204135,-0.4635463346487966
1.23,-0.14963035197320124,0.32929302537039273,-0.387266878284
1.24,0.004029316539534774,-0.22123651390104998,-0.2902013654635782
1.25,0.09670934600043224,-0.1489789350727374,-0.3388885126901615
1.26,0.051775506202643075,0.11814865916359168,0.13102511139184833
1.27,0.0006199471544512608,-0.06893816106079015,0.4202026007977207
1.28,0.05303021468360319,-0.4873804074952705,0.1711502501438374
1.29,0.031788921072447004,-0.09908818013941278,0.07593119606636038
1.3,-0.07925302232084887,0.3614491875393336,0.21782879512983586
1.31,-0.08371377068043069,-0.01893922596085352,0.04171223327359863
1.32,-0.017532222390837342,0.03382947485686014,-0.442562287224654
1.33,0.10604562595098987,0.10495102112004767,-0.1890698588171468
1.34,0.12981650371738437,0.5288898330636831,-0.36611745930379475
1.35,0.023598977224876277,0.317590119000894,-0.17956498032841545
1.36,-0.12028689471685222,-0.559902002690229,0.6836601443194132
1.37,-0.2475967222013159,-0.4671070488929519,0.5984456644319525
1.38,-0.21598696858291944,-0.003774851772423881,0.07225229947597807
1.39,-0.17952990120152323,0.08872726843642557,0.06464245905512982
1.4,-0.14106061966250064,-0.08719380700551421,-0.08946420329526165
1.41,-0.12451292753398038,0.2568802326383283,-0.4645767336365544
1.42,0.02702439719165928,-0.053240721509984275,-0.32745789364708455
1.43,0.013423649711732735,-0.13979914223329584,-0.15660650615959887
1.44,-0.18334425315450034,-0.3982274459588623,0.13325117805123166
1.45,-0.3089233336262882,-0.9470904649272355,0.40669138421865814
1.46,-0.28394407840952746,-0.6488475003958241,0.45096921281684377
1.47,-0.2534902081416577,0.621160728096149,0.09308653904808921
1.48,-0.2593671898232803,1.0286586219915117,-0.06005432988000605
1.49,-0.2086851021634373,0.20172666636223086,-0.11221220544418664
1.5,-0.096303252041125,-0.5565493296030282,-0.18563905288203295
1.51,-0.020818853588103977,-0.6475769547288638,-0.2015038766380065
1.52,-0.041334393998627456,-0.4508190152481103,0.09459509642694196
1.53,0.016150092970679382,-0.8160797623454191,0.4769309740349331
1.54,0.03612494312365171,-0.4667763591793701,0.3640354942282138
1.55,-0.010471943568933589,0.8248889641251542,-0.3641198976258294
1.56,-0.08174057302147146,0.9553122193989828,-0.40884072696922347
1.57,-0.12265656881878188,-0.07465637946058581,-0.3259593113497595
1.58,-0.11540798270667312,-0.806774862103539,-0.12450878462458337
1.59,-0.12248627782865591,-0.4581697285526724,0.44803906156492995
1.6,-0.04263354615774009,-0.08297715063957191,0.6045286282971563
1.61,0.07311574644945787,-0.5329467660751114,0.593499507433347
1.62,0.11879387659472637,-0.3329167269621702,0.18573163703673676
1.63,0.06507466643535087,0.7967320757024193,-0.48699572267742675
1.64,0.02662384085092294,0.8327817670983154,-0.7597653443187182
1.65,0.0399849425327108,-0.31120012488040905,-0.48998942553421604
1.66,0.11398021127167131,-1.215639582462953,0.09035767710688702
1.67,0.11699214754165552,-0.38800547076140546,0.23309506088180654
1.68,0.12760193038419498,0.5544029797667769,0.2565503450147343
1.69,0.13259315034678298,0.4082531150704952,0.35453845003164586
1.7,0.13903690817831268,-0.014420238259432193,-0.09132053545697874
1.71,0.13631035524676513,-0.23957182698225665,-0.29132347432061984
1.72,0.04802366093417383,0.08668856663815819,-0.20817174132169136
1.73,0.11447434113642564,0.027450056031363974,-0.1108318746195191
1.74,0.2681641868135977,-0.4151877081555304,0.3516701877128773
1.75,0.28007066501822003,-0.06126401747602733,0.35955358139102783
1.76,0.2229845686769619,0.17391610578245678,0.16811820274474423
1.77,0.211254334740256,-0.10540194243057635,0.07154592367589198
1.78,0.22408559550315277,-0.19777000868227781,0.008000719214225203
1.79,0.3329241741958696,-0.05861847924217502,-0.46294012855985606
1.8,0.4174075126465933,0.09854477451673485,-0.3779506013967632
1.81,0.36277499916101313,0.4286040336641177,0.023704200822121303
1.82,0.2439141431359658,0.474856176164717,0.3464061290567747
1.83,0.1622311844739253,0.02207516945186129,0.46931338048584176
1.84,0.15202840378948332,-0.48241409199274904,0.16220837807983557
1.85,0.05663062957677106,-0.5352225829723958,0.008725390164710637
1.86,0.06548570746351312,-0.4106984156984832,-0.13345659955098077
1.87,0.23112707009530803,0.01494880230006045,-0.3474488087846945
1.88,0.41850468820007847,0.1540660331117058,-0.15939239992233714
1.89,0.42911789433488073,0.24923273761368572,-0.2379082335211737
1.9,0.2580570055014381,-0.06231403812771073,0.01612589136173222
1.91,0.02326108147875915,-0.08583358318866852,0.2612131959471511
1.92,-0.10402261308913094,0.17641663289808074,0.1523978257989616
1.93,-0.1812706339944656,0.5254913777134964,0.051102516075517
1.94,-0.09656702613656148,0.09286738496493832,0.007883856606844031
1.95,0.10420063419606543,-0.5496605227229816,-0.015274079189277492
1.96,0.284095005605688,-0.405312711353653,-0.1889220955124761
1.97,0.27680457656791296,0.13389784069169297,-0.07991887647925265
1.98,0.1788350822579816,0.31896254550333736,-0.26048072977963455
1.99,0.04623499687727263,-0.0001992949483777852,-0.11182402570583398
2.0,-0.08941712032907856,-0.15819653214297505,0.20644977685756827
2.01,-0.12484085062741092,0.041006708156288166,0.032844732195809724
2.02,-0.0415864390534973,-0.1224720640616731,0.14618695830692824
2.03,-0.0020433370661132504,0.03083839652339061,0.16792354490008218
2.04,0.011109388106832627,0.34282587943657494,-0.066771804195635
2.05,0.034135330937988984,0.40463428274106994,-0.21605924893406872
2.06,0.1291716606958735,-0.3752105632112242,0.010460787141857936
2.07,0.047732475314359445,-0.401909281949296,-0.01000699664181122
2.08,-0.10342871663922884,0.09431597067166131,-0.08260617610029031
2.09,-0.2487249453540234,0.5470877377134727,0.08112631940758422
2.1,-0.2379957218979754,0.40450715956516947,-0.033379592444853154
2.11,-0.08600220677118664,-0.3447801568211516,-0.042631923326801026
2.12,-0.01422820982382407,-0.6312710475019839,0.10544349099782152
2.13,-0.020085254141340235,-0.3645654080283505,-0.027905581583778774
2.14,-0.057481442001354334,-0.161068333669624,0.03786803770157084
2.15,-0.14394619982912177,0.18285957519820645,0.2298109019188383
2.16,-0.22256657296999469,0.6952783974562106,-0.1391866276614246
2.17,-0.2694852666269799,0.40898418877616366,-0.176976540829975
2.18,-0.2697956513085187,-0.4119904305525053,0.09667167670563166
2.19,-0.21506193267406723,-0.8217292634794621,0.1557605256304792
2.2,-0.019485073632424403,-0.7876365902264597,-0.007538469350367987
2.21,0.19039157794494926,-0.5459134652666395,0.1564005122206396
2.22,0.11774960523895567,0.5239150342195674,0.20836269742988034
2.23,-0.09482572382150513,1.298962512499179,0.016195473380394853
2.24,-0.2502999144536985,0.5978892088899878,0.04483350724169974
2.25,-0.2570430880832244,-0.8351300997145432,0.2686107176654118
2.26,-0.1622383960465095,-1.1664448253878799,0.09348626673855916
2.27,0.0795752873459276,-0.5743235981568449,-0.24045784896212985
2.28,0.32198987452508365,0.17011340247078302,-0.25728953261153026
2.29,0.3902662002541969,0.6670336521345233,-0.16676015527849464
2.3,0.27752989405347006,0.5344514787949818,0.07141279197539355
2.31,0.11902718832530068,-0.04631966594262359,0.11630299032295192
2.32,-0.07957831330298785,-0.3510810558505125,0.095746925027654
2.33,-0.3070140147444473,-0.07830214839048476,0.06649654367470913
2.34,-0.3038276762453875,-0.05479343829467809,0.10298812680182179
2.35,-0.07061133396053068,-0.17572300790148151,0.21046077943617159
2.36,0.2595783729526202,0.09726458767596163,-0.21362985554627742
2.37,0.41646072509176174,0.3319098835891013,-0.5449442452966309
2.38,0.3692746812838345,-0.13871367503590418,-0.2266933082616967
2.39,0.19250350059494897,-0.5224080772431288,0.028350680339886088
2.4,-0.09762650993990724,0.09289401061519414,0.008579856133423245
2.41,-0.3917013583716883,0.8788789586861658,0.12584751351000967
2.42,-0.4981420852403845,0.25339239915835665,0.3421738469826055
2.43,-0.3411370849373214,-1.0925583008821547,0.2650369694283791
2.44,-0.020481675667822143,-1.168106990330545,-0.27804469559904144
2.45,0.22728491640192972,-0.1009563906644961,-0.5789471224157026
2.46,0.2793483977704074,0.8230521083664851,-0.6670962335616379
2.47,0.14679231442227839,0.32995693233148826,-0.06822010920764415
2.48,-0.13395991217770314,-0.3904229587731916,0.5672179853517147
2.49,-0.3476550590747661,-0.36131946242092455,0.3208592433416253
2.5,-0.418039273822275,-0.17814845581773248,0.28458202765831286
2.51,-0.31747886073507653,0.023778841269324662,-0.06957579293524266
2.52,-0.034620913983670766,-0.24358805921490823,-0.42335425699835905
2.53,0.17413417168488182,-0.29443584065853334,-0.1937331627018357
2.54,0.20330892375163284,0.33283520230184915,-0.20771790369226992
2.55,0.17142701853348485,0.16844100987205343,-0.06620874999387372
2.56,0.16373622902096532,-0.5572711824250037,0.10900748293762995
2.57,0.037586027646781914,-0.1525647386862852,0.09566546119377407
2.58,-0.11471840580536201,0.6374923761138201,0.011027169314092443
2.59,-0.18487679791260178,0.5312214232095418,0.05607004425815776
2.6,-0.07888888258633238,-0.17053325891974624,0.026791181999570358
2.61,0.10577114532907586,-0.6479389401897956,0.1125340496098094
2.62,0.16747823240549575,-0.1159410881219587,-0.022021749065183643
2.63,0.15946015641530076,0.27287233732612515,-0.02175299552987687
2.64,0.1362214841033284,-0.0008384491781932152,0.14676329228949514
2.65,0.05836960133796125,0.07800904769012892,0.006392436259676355
2.66,0.029530513202203533,0.22374523171981392,-0.1031124233134726
2.67,0.15356668814374103,-0.22958525338786814,-0.14043672573978164
2.68,0.18677937866020944,-0.1369133853093456,-0.194479145809844
2.69,0.11599325097738444,0.3367464023429191,0.1245428701569316
2.7,0.09274916659739443,0.2804447244687975,0.3280840118060156
2.71,0.2061725035167875,-0.31232491232430537,0.13614066312381004
2.72,0.2699447567054955,-0.44108366373917585,0.12533058628861615
2.73,0.2345648205039922,-0.007433594810849639,-0.07437660634491805
2.74,0.20818014382493621,0.2379917856288853,-0.326940289906022
2.75,0.15303089092846905,0.5244445690980912,-0.07143421705979035
2.76,0.09445830456728967,0.7142087722272212,0.2090726798330617
2.77,0.11061549226072312,0.21259095563943473,0.06111709342282025
2.78,0.24659695538975698,-0.867355938608424,0.03756477780128776
2.79,0.29559561374337345,-0.8024813740759141,0.2690336521443661
2.8,0.26892552425679034,0.45092156549655477,-0.0559901987858691
2.81,0.3085755125111465,0.8857417720233952,-0.21995940283444446
2.82,0.25390329252867516,0.5280061923214087,0.1630927982767287
2.83,0.02285385150130808,0.40154998294940114,0.18010319939451805
2.84,-0.15662206862146058,-0.15004744427070235,0.19134498628698243
2.85,-0.05763662770272675,-0.813224814560437,-0.06824448188827308
2.86,0.2349801287098578,-0.8139079391247134,-0.27239413194551704
2.87,0.3375942009497349,0.31292223104321054,-0.2575696595862454
2.88,0.3824641316283174,0.5017852078426094,-0.016260068794129903
2.89,0.361837817164896,0.03165993550614575,0.3005767500463381
2.9,0.209196874892458,0.17756235034803527,0.5190118505374486
2.91,-0.08914535520675872,1.1112879611147723,0.005786984010385923
2.92,-0.19490944650596068,0.6520582961151661,-0.48558666331509714
2.93,0.017813777399669814,-0.9684996748896672,-0.23528202131101064
2.94,0.3366957964061917,-1.1285005664460965,-0.10341381016412018
2.95,0.6192732436572682,0.01818895987508183,-0.2186155023110659
2.96,0.7047375630174593,0.6922091124056862,0.10860447487353919
2.97,0.42043058329178457,1.158227740688842,0.288890942146713
2.98,-0.03073692563826526,1.0751642998607545,0.23543918669367886
2.99,-0.31499320046184937,-0.03850182403175728,0.1977793027528618
3.0,-0.12167480639832505,-1.5073131213916773,-0.08321595708536361
3.01,0.2744373399389899,-1.4312254638989104,-0.14091613869011171
3.02,0.5199641516080232,0.2220309323788713,-0.10784047522029314
3.03,0.61787279008786,1.581605688326051,-0.23806799490424052
3.04,0.4948641874015526,1.6813015072565216,-0.0988160821618135
3.05,0.14983881525443754,0.6475897757706929,0.41241385564000416
3.06,-0.2774955204569457,-0.3617493196679299,0.14863741226244984
3.07,-0.43288502761540454,-1.5979869473296264,0.051366711717407657
3.08,-0.26417844127113094,-1.4449784153416725,-0.055689988241244666
3.09,0.15017539134855323,0.21363935882292887,-0.5347689580905224
3.1,0.5175126779569775,1.3378139418232675,-0.39076119082110394
3.11,0.5632552383801548,1.3044382700543173,0.06697682902949628
3.12,0.33912872901569363,0.3409383183639715,0.36653381619415
3.13,0.04462437821595626,-0.6549647571432008,0.33341301888197283
3.14,-0.11685919739088263,-0.9619224507968045,0.0866833940565852
3.15,-0.15974190212531741,-0.17961546772135992,-0.32451961332297113
3.16,-0.19151099365407226,0.7339260782380247,-0.12863021980502398
3.17,-0.06613498188368971,0.9182517171191898,-0.019707087389775342
3.18,0.21525234055412512,0.2743578314039188,-0.14757910862000156
3.19,0.5178420957234361,-0.696293836491361,0.00872305457437439
3.2,0.5548785973908752,-0.5358252315106679,-0.14296219192160398
3.21,0.34457308974164574,0.06141373663185431,-0.08847829259734791
3.22,0.030978471812441066,0.6375732682529148,0.19263183353646832
3.23,-0.2952026790011061,1.2104888236928946,0.3195617721036322
3.24,-0.4281126208600615,1.0079410206649264,0.2508362934766818
3.25,-0.32696247719684435,-0.04906182428501263,0.12425816974618106
3.26,-0.06453728875983486,-1.0647218816925026,-0.07587490167652441
3.27,0.22051639703039955,-0.766283216676122,-0.34241255418625743
3.28,0.4274659686135423,0.2797305844780579,-0.4652969535722331
3.29,0.39965293728703616,0.7845017563465133,-0.16986841821048088
3.3,0.15373952984697226,0.5883245895460136,-0.016802454827764525
3.31,-0.2250115682309235,0.19077517852902656,0.10092969688880402
3.32,-0.6030057087345797,0.1529207801890164,0.24609784603745205
3.33,-0.7298941540759,0.15503122485925835,0.1834225245366187
3.34,-0.5203144311253448,-0.13523436021466356,0.06768091434607135
3.35,-0.19645615921477141,-0.20372885915833872,0.026612499477975338
3.36,-0.06012817428392533,0.1144654889031663,0.19324646847356103
3.37,-0.06507584402611952,0.23040253587287166,0.015831460188719088
3.38,-0.12808045577485558,-0.05101657212005047,-0.3068989008339081
3.39,-0.2847278745842436,-0.30208178114224105,-0.23214437607022714
3.4,-0.5007345787580152,0.0412588539659931,-0.34507016327739254
3.41,-0.5552735688733852,0.1747586796772133,-0.29395550198865195
3.42,-0.37074285278391467,-0.3179444302796713,0.1774159439925931
3.43,-0.20947323402753731,-0.21506246480169947,0.4154672076378697
3.44,-0.22013279904087535,0.49213036969932356,0.174332460676977
3.45,-0.3109455132645429,0.3849115786696972,0.2589909445020402
3.46,-0.43108814574356635,0.06233077924310136,0.34481263103079773
3.47,-0.4016076251549575,-0.09624844579135872,-0.050301211889043615
3.48,-0.22415209306778483,-0.4218774495287068,-0.2403890242119791
3.49,-0.12807126668775276,-0.25982787942506735,-0.3519906176524247
3.5,-0.09840425408973762,-0.1454828375819775,-0.16470951628735592
3.51,-0.029876273405366194,-0.2738504768704122,0.13616508034402616
3.52,0.06021613117134972,-0.2648346214100241,0.22040118981415868
3.53,-0.0964072749411301,0.5765469447856374,0.13691668782490718
3.54,-0.3302310605198447,0.9737268827971486,0.0572263454193225
3.55,-0.4005184348535079,0.13201466481504948,0.13466273591547379
3.56,-0.32831287300601625,-0.6073706029768554,0.19920935531608258
3.57,-0.16833406225457506,-0.25369949482909887,-0.1471565081629665
3.58,0.028038604212817366,0.056201273323173026,-0.12212069900457709
3.59,0.17671500460683398,-0.03363612482358064,-0.07402296236153352
3.6,0.18259335586032044,-0.06713855766352986,-0.08277852956893075
3.61,0.0377518832094012,0.09205181322651577,0.09165362260496994
3.62,-0.1368359203025213,0.2781449001744266,0.129582672461616
3.63,-0.2598128737967279,0.393808528876299,0.04477159065349672
3.64,-0.3702704439073257,0.5666747050749783,0.05420966065625588
3.65,-0.3719374626655246,0.17171908865984498,0.11212662389213139
3.66,-0.1660846862662797,-0.9148510026368138,0.18708068364567132
3.67,0.09280419067845883,-1.176743967682077,0.009821327598717983
3.68,0.2659117829263866,-0.2505255888687573,-0.5466983472363262
3.69,0.23588361517477796,0.49640443081731533,-0.5561896197100183
3.7,-0.010860887202578481,0.620631222418723,-0.09175806900400885
3.71,-0.31900445871258276,0.31688690149875315,0.3922078056998428
3.72,-0.5336865012835303,0.1330913530956829,0.4058005258566557
3.73,-0.5308138103236661,-0.0019065195311117056,0.18755967695996972
3.74,-0.3558193631988837,-0.20268114262441114,0.0393632249018733
3.75,-0.09373273268438151,-0.5403103892489647,-0.22593148179356193
3.76,0.18249902342848565,-0.8158189922561002,-0.14793903568288114
3.77,0.3449927801044498,-0.2742313149212423,-0.043890441822812834
3.78,0.21270867220931017,0.8478231794782762,-0.09748399628525627
3.79,-0.24151194487658578,1.4578897631094434,0.020013665182932155
3.8,-0.6102678431424323,0.5807591405329006,0.029370487626230943
3.81,-0.6381536142910591,-1.1264177922880039,0.16005395833186303
3.82,-0.4137354872613385,-1.5238036898468355,0.27762322390909694
3.83,0.009482736613507223,-0.44876487671066034,-0.2182314449821714
3.84,0.4326013398094717,0.22914165134929415,-0.2645088950256155
3.85,0.44385298194249984,0.8697596998605803,0.02875930626052693
3.86,0.1329460680238328,1.1079616379039303,0.12193384786018037
3.87,-0.23061804221099552,0.13872098442651193,0.22532906663080243
3.88,-0.48047553631678375,-0.9743422535788697,0.25239933583818586
3.89,-0.5711475543295664,-0.9760354859105845,0.18843273560753276
3.9,-0.3803981430615417,-0.2158132807056976,-0.0676020598093901
3.91,0.03699621237405526,0.3936402923370166,-0.2635775796383968
3.92,0.41321674798055547,0.27221303746994435,-0.1255074101437434
3.93,0.4595885306454843,0.07787592053174129,-0.10150237246752608
3.94,0.23202180765582142,-0.2211491603754437,-0.0900678607526557
3.95,-0.10487496353862133,-0.3572237149930059,0.01826338547883371
3.96,-0.3361927830741655,-0.2789123651192731,0.17693592988834508
3.97,-0.4576436209397619,0.27858764010437864,0.284797375396149
3.98,-0.3919647147259325,0.7277771745060366,0.09774745656567341
3.99,-0.08276063876070333,-0.060490850710740285,0.06571423481337203
4.0,0.18789847699351717,-0.8325649419736142,0.002764433001016739
4.01,0.24414248066069077,-0.6018064561862131,-0.2896075365583146
4.02,0.1067615935363592,-0.30750093209047924,-0.06956829425790664
4.03,-0.09706674397576649,0.0027631359608119854,-0.012419957203410081
4.04,-0.3203757183292252,0.4886252875320704,-0.04897669862063922
4.05,-0.4113493634352116,0.3198765375952536,0.1510884800991241
4.06,-0.3820909905320189,-0.2315043560005336,0.2513735875001471
4.07,-0.20020582850784852,-0.678556670888861,0.11746129626363248
4.08,0.06832400755075008,-0.7164435546935795,-0.026020498908311963
4.09,0.20098400813794093,-0.07603679663093668,-0.3026280701160308
4.1,0.10136489352488978,0.4245584019959085,-0.2553676278288229
4.11,-0.1256154915148277,0.2380993749190867,0.15775092579245212
4.12,-0.29452871851296847,-0.17132145602908327,0.36221700856594113
4.13,-0.3354217410757428,-0.22955231363555054,0.21347313807812818
4.14,-0.22479343567702448,-0.18395433728307864,-0.16275321226567663
4.15,-0.11012800866535974,-0.23417648684942427,-0.1439425754994987
4.16,-0.011133538268640102,-0.14221083394508546,-0.22769942068275908
4.17,0.11662807408982626,-0.28442953151782285,-0.19227443525403237
4.18,0.1765957730108796,-0.4991503343297782,0.11108796246247347
4.19,0.0880248135155967,-0.28172562775264887,0.21783540667733825
4.2,-0.07346246332308069,-0.028811290679276597,0.3243227094495692
4.21,-0.15505092195448583,0.21676506583246974,0.08858160563127684
4.22,-0.07212628703619067,0.07827131365798567,-0.16077162224951466
4.23,0.0646822589662427,-0.14357950370128575,-0.33535189602464494
4.24,0.1590666246320467,-0.2969262402621271,-0.28984951051139196
4.25,0.2571615389249124,-0.6938702788801687,0.09013018109092118
4.26,0.2954155023359923,-0.4581152197642253,0.11856457337606584
4.27,0.17836727548588738,0.3189496917400857,0.23924276884915754
4.28,0.004013913588109756,0.6083603845952328,0.3408187131680385
4.29,-0.09173847635750407,0.13938591349273063,0.11011091217975948
4.3,-0.025560370487073998,-0.5395992220165831,-0.10293500184969798
4.31,0.09819635537787924,-0.7050018602506471,-0.06466639797567232
4.32,0.21059293218957087,-0.22467946614185932,-0.205561174103441
4.33,0.3037955984167409,-0.09126356123817547,0.010935378251959275
4.34,0.3130871043939742,-0.0627088050566406,0.1120026586099418
4.35,0.24839978342017732,0.010621725307681115,-0.026667321036491845
4.36,0.1238102569558954,-0.20131651459507782,1.692042069706065e-05
4.37,-0.015618090059446258,-0.28848100171009045,0.08243376720067466
4.38,0.00588640714626195,-0.2217005707836769,0.08480405793008285
4.39,0.17783232625278667,-0.09140644494201552,0.05342630159861541
4.4,0.29066757437876284,0.33896244410042126,-0.08145519863816483
4.41,0.2749524219752198,0.3627285975610155,0.05214607556038138
4.42,0.25973790182914963,-0.29470562262161404,0.14222246420203905
4.43,0.2905922641008305,-0.6435490914077994,-0.023641311434143927
4.44,0.3073862504206372,-0.2538933387201919,-0.1328427913309506
4.45,0.3591821210008448,0.1441964651368332,-0.2774023918907261
4.46,0.37803803945368913,0.20555893540366305,-0.011120939223503795
4.47,0.2880855244923334,0.3284525928762759,0.31428001907132563
4.48,0.17345116496448798,0.18922885180540128,0.20990832441158958
4.49,0.1750393594215531,-0.4391630657604192,-0.03555442671042
4.5,0.2607145443305559,-0.547310486193872,-0.16249232648676204
4.51,0.38866218313929146,0.0003828267175583766,-0.353372174282563
4.52,0.44464845274685666,0.3653800219171062,-0.333491111878918
4.53,0.3675718535295174,0.020909532346367,0.12318560038538426
4.54,0.24290064808391115,-0.4786809636309876,0.49889860001037195
4.55,0.07083036651215488,0.04490935802444873,0.4573104128242348
4.56,-0.003410704823103851,0.8310582384341587,-0.11875382253301744
4.57,0.0066950972324297964,0.6350466677160419,-0.44968153503303604
4.58,0.01708511722035522,-0.049157459705495204,-0.2616154663093823
4.59,0.20912459286573298,-0.9530003324130434,-0.0777646546411648
4.6,0.4649563493126436,-1.3737370663552784,0.06740502613308155
4.61,0.5329816652775912,-0.34393397990411634,-0.11000821487708848
4.62,0.31613652051164975,0.9868394195967948,0.11422870028556932
4.63,0.007218832445551965,1.197572798647122,0.3311864933496197
4.64,-0.14266432720409336,0.2757801582671845,-0.02693688073201963
4.65,-0.11773341466615311,-0.7589678869126677,0.004324465480116144
4.66,0.14200797076431912,-1.0211328124634778,-0.060895320881322657
4.67,0.49270740701654175,-0.4858924254949133,-0.3806710753071862
4.68,0.638778620475642,0.24767423764102153,-0.11993726430775267
4.69,0.520270326256369,0.9404217578034553,0.2154390179835815
4.7,0.3498406443226644,0.92637366657751,0.19488276757132766
4.71,0.2015617290479912,-0.13346992991721596,0.38163728134367275
4.72,-0.0021139685758922895,-0.5988199438957319,0.15702253924043097
4.73,-0.020022203194072913,-0.6208583557268731,-0.13738013721538855
4.74,0.2677432907144902,-0.39416975404238486,-0.2227090708292703
4.75,0.6392426238692392,0.19121653621728144,-0.04337515059121977
4.76,0.7881282950713803,1.283436661735047,-0.4177012082818306
4.77,0.6320145811675657,1.1304073068864193,0.12005373636722341
4.78,0.2985856220987971,0.3539623176380292,0.5913454407160139
4.79,0.021180444715243184,-0.09372770745516347,0.009925350880284012
4.8,0.016637852988175463,-0.60094500406546,-0.3164671964194608
4.81,0.16341490660371932,-0.6654959442970605,-0.034916222886211955
4.82,0.29637893261208575,0.3411398270205915,-0.12402547335683653
4.83,0.48609939027185806,0.836507856044987,-0.16941456147070807
4.84,0.5814513606946657,0.47281521786852315,0.22856673221210932
4.85,0.4965968965459262,0.2989057455629105,0.05298701300566119
4.86,0.28210952398504896,0.1731818499078222,-0.13717336445475492
4.87,0.11136780517459563,-0.08362498090109652,0.07442668286213511
4.88,0.08038974703541688,-0.022251773271213193,0.20800024497503702
4.89,0.047387637375292536,0.5744857947616984,0.24587577269594532
4.9,0.07873417271765423,0.7655960002792221,0.044942851591140726
4.91,0.301637867193871,-0.03576300311772801,-0.3046401674572394
4.92,0.5511983571073658,-0.7251542925509907,-0.3278819152364059
4.93,0.4816490314288388,-0.028080030665723593,-0.18287393780845163
4.94,0.27245402556088416,0.15342756676599334,0.3325161741617995
4.95,0.08278275172423798,-0.08543389060138254,0.6079061179047256
4.96,-0.01924065959463272,0.7609537832855722,-0.002275752372511347
4.97,-0.01985898010103407,1.6682335693656334,-0.5489172913819933
4.98,0.012920374910164978,1.14363702659913,-0.662716576755172
4.99,0.02257637510261978,-0.27743392324392163,-0.1441514544818021
5.0,0.10770792426912126,-1.3614102588610852,0.510674511885514
5.01,0.34954392793147504,-0.7030895040256017,0.19090483789031293
5.02,0.5337458178968908,0.8494152532180377,-0.013863909908081295
5.03,0.3553722700140275,1.5771530821717399,0.02652403240270606
5.04,0.006535990726599647,1.0451731772566801,0.14839192373045057
5.05,-0.28203737304757237,-0.05634206558320182,0.3450523085261669
5.06,-0.3498481367156999,-0.5296930213970091,0.21506243625957033
5.07,-0.21447134809882157,-0.16848882592460254,-0.28880070558425297
5.08,-0.007577054135765343,0.3107130438660807,-0.5034853347138223
5.09,0.20898322329693972,0.41651461447234267,-0.26871092831957677
5.1,0.36861072575796905,0.2648501172394189,0.04484939535661062
5.11,0.26074721209160884,0.45471980952808977,0.233384388605888
5.12,-0.12967009995101,0.6673900791856864,0.38832119073901733
5.13,-0.48250417925332045,0.11150726855666299,0.42591016506593304
5.14,-0.652162024338228,-0.21514808588035067,0.15047280791456635
5.15,-0.5546103992778532,0.09511236244005544,-0.22385833721815074
5.16,-0.20111308307371167,0.2069674844039024,-0.3534049275951788
5.17,0.13014044907676453,0.16637568996346153,-0.2365234128159717
5.18,0.2496618887036226,0.327776764301016,-0.18809768480447822
5.19,0.21809452298040763,0.30268721685925526,-0.2354026029958701
5.2,0.0567561556422084,-0.1583707716304278,0.014632580622190576
5.21,-0.3079289568923751,-0.11071491000789567,0.20265259154814283
5.22,-0.6626732365689014,0.2601654086908094,0.24394007770151066
5.23,-0.7833760950000189,0.4699930723888378,0.2886591235127234
5.24,-0.6374403477938221,0.3843538812225484,0.26778139695771425
5.25,-0.3256816190166655,0.32076058816942604,-0.30543124029200164
5.26,0.02996789523194382,-0.21397843967467914,-0.5358576958320855
5.27,0.21822443407025544,-0.6777136972307276,-0.16711795433689075
5.28,0.1120775191448338,-0.11152402405474288,0.030086637393891967
5.29,-0.12635677698597575,0.5226274485172807,-0.00012573913275922
5.3,-0.39069467688907666,0.40475242820102897,0.2728259541910155
5.31,-0.615348646297936,0.10732565881922068,0.48265101456848786
5.32,-0.6011066973842978,-0.0445558529862579,0.05470889123049821
5.33,-0.31732886082297196,-0.17950097763205075,-0.37840132481288
5.34,-0.0334885835421985,-0.10484872258700485,-0.25855820918095673
5.35,0.06699144489021602,0.1852763430493959,0.09704359355088629
5.36,0.09195526423210573,0.26631759679062034,0.14826627759556402
5.37,0.014870953920643859,0.15662509303314182,0.06395284054673789
5.38,-0.2268097737841217,0.3790705699152471,-0.21867520801573773
5.39,-0.503080078881911,0.22255736074530894,0.11859106661934787
5.4,-0.6307095141831273,-0.3521620869858974,0.6919911625345198
5.41,-0.47155085897798893,-0.4965603265548081,0.2029310076546541
5.42,-0.09757961329125708,-0.2688496778947908,-0.5423432242843109
5.43,0.20375433737744594,-0.019500744336847703,-0.3602135844670473
5.44,0.2211441482068772,0.5561519495540975,-0.22495195199291237
5.45,0.07434238284422401,0.5737331933451534,-0.30817717557295854
5.46,-0.0977814527327,-0.1596304698809599,-0.04185903872460095
5.47,-0.28940918483968336,-0.6482722294331802,0.5036450946120788
5.48,-0.47857233545595806,-0.20757523874514633,0.32060756468359375
5.49,-0.5543957864387938,-0.1278789514183414,0.3800070105738197
5.5,-0.5009405276773112,0.08795155303966962,0.4261477549901958
5.51,-0.2241778936057081,0.720336471981943,0.022085768477495382
5.52,0.181586437055612,0.7176157145786396,-0.30632825010681547
5.53,0.29448003773362424,0.087567438849392,-0.5387544156547828
5.54,0.0732053389162033,-0.6448928082094048,-0.26682847441535407
5.55,-0.22119973719928862,-0.9101893886040886,0.25938596535300346
5.56,-0.2720524152554566,-0.298593655495124,0.35436841838451866
5.57,-0.04641490407680994,0.3171044896690587,0.05946059108326773
5.58,-0.06267882464495528,0.1835628021444025,-0.39479801267937437
5.59,-0.26013636988188515,-0.13823144219543448,-0.005437751842100158
5.6,-0.3540354716271203,0.0038813644830803934,0.38464372301223754
5.61,-0.10081360281535792,0.07622395999269577,-0.10876858637076922
5.62,0.2750247960665907,-0.14542001628194473,-0.39660592335726425
5.63,0.33934188548915745,-0.03849912604903192,-0.11022234453806018
5.64,0.24657588101896355,-0.05605500963307357,0.16987201680125477
5.65,0.14538095338765653,-0.039158941988640644,0.1051912140987125
5.66,0.09049560918163549,0.2492937927089034,0.06397942012991666
5.67,0.09114277001671026,0.33208371381495305,-0.165788958051861
5.68,0.011849561760442315,0.30478387183605293,-0.51718263201399
5.69,-0.023303933711011877,0.10648523697842374,-0.39323724442736746
5.7,0.0507789152360186,-0.012727530963900054,0.21989361752242462
5.71,0.08675678603504737,0.08948996086423738,0.8315083559079192
5.72,0.1249420222984687,0.14799999294156732,0.49818736701622346
5.73,0.22868582086168243,-0.3160191009336908,-0.09958300426164468
5.74,0.1866714685246147,-0.18383600081442153,-0.36542002061003015
5.75,-0.10230754899231619,0.7823441644909251,-0.2930322480574715
5.76,-0.33759884812519997,0.7822822055585636,0.04876335563344851
5.77,-0.3400768061673361,-0.3773286512878779,0.3050305532838423
5.78,-0.2097510588884397,-0.9805298367610399,0.10087401451515862
5.79,-0.17984802605980454,-0.1744980056357594,-0.20388618923394522
5.8,-0.25603274984885616,0.45194392506568126,0.039838177638933756
5.81,-0.3113153126754588,0.28561346020490785,0.13112787785055474
5.82,-0.30485544395639275,-0.08194815003107556,-0.08633988934198113
5.83,-0.21046485435916268,-0.3775784939960696,-0.2634974285914684
5.84,-0.21230901488163656,-0.1377180106010278,-0.3058727868167027
5.85,-0.44343461283937546,0.2479514541797334,-0.045888649168784545
5.86,-0.6412151574171177,0.0379568170484432,0.4771850489981818
5.87,-0.5998363301524534,-0.22908266618355927,0.4122390941066009
5.88,-0.35562014868884484,-0.41314806838631124,0.0986832018784889
5.89,-0.22532282524924746,-0.38349386828723214,-0.007723662003371365
5.9,-0.26083969238462856,-0.5929421080735544,0.26141932152761954
5.91,-0.3529944457729679,-0.3108309235343779,0.24253794525641142
5.92,-0.44848496721027736,0.800198262061248,-0.20746192295932148
5.93,-0.44162553038457847,0.9055679242763564,-0.28668893817086527
5.94,-0.3318423880717376,-0.14486796712764932,-0.44279788804047726
5.95,-0.36908227026398027,-0.7233021451379469,-0.4082958843625422
5.96,-0.5408996465571038,-0.7724527101224767,0.42789940282782635
5.97,-0.5614526104523682,-0.5890979127247797,0.46031688193601267
5.98,-0.3252232119185847,-0.47320088579067815,-0.028177759129897256
5.99,-0.08622471556473213,-0.34835286715440916,0.22333454128709132
6.0,-0.10553850210002605,0.3494433601740934,0.009724172867895342
6.01,-0.2397246222993118,0.3515651033732749,-0.25841818853656723
6.02,-0.4286372145609912,-0.04806669420304087,0.22551666454734756
6.03,-0.5080577927004424,-0.22510615314765658,0.5249346261399759
6.04,-0.47585595127237457,-0.03484531090902085,-0.16414021575291204
6.05,-0.4406299432574949,-0.08456776577718375,-0.4133014609389864
6.06,-0.4012021980669379,-0.2860145959237658,0.13976858789372804
6.07,-0.26360521059161507,-0.21620457336591234,0.20740554881541162
6.08,-0.04775710638174442,-0.3870137249145261,-0.10004246602334144
6.09,0.03718269474014999,-0.6106394872372287,-0.29798564387134
6.1,-0.0747579301852182,-0.46154749121841715,-0.291188612293487
6.11,-0.2489231276209133,-0.14174132606438064,0.027703552027932177
6.12,-0.4001201188208996,0.16212982741954016,0.4282068415566171
6.13,-0.4346745144189569,0.06700299859772871,0.566620404042928
6.14,-0.37748835831462646,-0.32310096857468534,0.56330176993243
6.15,-0.2721434903460497,-0.4561535382229449,0.15003319292858136
6.16,-0.1297366536803614,-0.27074921048067624,-0.5028368186832314
6.17,0.03952928521652004,-0.35950750283655075,-0.5244710581038242
6.18,0.19716486378846956,-0.7246612430419677,-0.15406580973270786
6.19,0.1750943523302709,-0.4032762217871569,-0.014674709434785271
6.2,0.015535832761297774,0.2869420797714092,0.014200370392596959
6.21,-0.15746430378265408,0.34029449573911363,0.33045180836149823
6.22,-0.2512288574837813,-0.09701246380006315,0.3870180224861449
6.23,-0.17601314380792088,-0.5091262087161916,-0.02447131309833546
6.24,0.09225828820324604,-0.7002817268509602,-0.29427390708596785
6.25,0.3756015770179614,-0.43950683342964647,-0.2232393882746313
6.26,0.47694053475320836,0.1477668795923733,-0.045526455149702466
6.27,0.4097692763083091,0.5554552363711732,0.023837214213857923
6.28,0.18301315758430386,0.674542257286696,0.19212699733722788
6.29,-0.10046944440320851,0.38622488506858954,0.32346400936059155
6.3,-0.2750345028769978,-0.2027905881455358,0.16483154917366127
6.31,-0.12275432276504727,-0.9818946323930904,-0.09557973399850633
6.32,0.24250151853322316,-1.033494555744995,-0.18950416348465088
6.33,0.4958537600188194,-0.0161724069787611,-0.1146969037859795
6.34,0.521769162084638,0.7955607413648121,0.16334329470086684
6.35,0.38924605029036985,0.6966056948648669,0.2585359634581731
6.36,0.19527005311922158,-0.03766947143387933,0.1351170235520835
6.37,-0.05832435924666265,-0.4751673339254183,-0.06262632047191224
6.38,-0.22600047305723725,-0.49563829088521455,-0.341355254937094
6.39,-0.11304469446749711,-0.7147744031867919,-0.16923743008016195
6.4,0.15658693863304649,-0.3660940591569472,0.21349207779898088
6.41,0.47654419333523,0.5332224864038717,0.03117586520877577
6.42,0.692669166511881,0.6028586871577302,-0.15008929540311935
6.43,0.5868576079933253,-0.01663611027144643,0.12968358819098683
6.44,0.2097115602503694,-0.10168077927231825,0.3933392964421434
6.45,-0.14890841778903835,0.31428507356885194,0.3146676428045495
6.46,-0.1884354386527485,0.1859273751850135,-0.000537641853878501
6.47,0.06820180375761722,-0.3205050718879208,-0.3623501832933659
6.48,0.28438032850498185,-0.1908625405771602,-0.40955937221188154
6.49,0.37553915103757113,0.1791712152443926,-0.10928324987538192
6.5,0.4786860309402046,-0.023907976404192344,0.0699079081736515
6.51,0.5688251189731727,-0.5374213138408532,0.17389723950498978
6.52,0.43648440939421096,-0.11074042550018642,0.15480929358553858
6.53,0.06897531991310779,0.8036669376671979,0.09025913441998112
6.54,-0.26354861879672997,0.6381402648902429,0.2520835040252538
6.55,-0.3453079393455504,-0.1810192538975417,0.3407769141987033
6.56,-0.08655338458837272,-0.6558726146680216,0.06921446588801156
6.57,0.29025727653512057,-0.33659928818019336,-0.4301506037714778
6.58,0.44804273862985544,0.39044763697682366,-0.553225705418553
6.59,0.37524625081292806,0.3686335646422585,0.02410878486761117
6.6,0.2096684531944764,-0.10863284618147026,0.38330573210486685
6.61,0.0835211416938558,-0.33017632078414344,0.16497557077598063
6.62,-0.04924830968647701,-0.18292912096188574,-0.0888505329501973
6.63,-0.20873579474847878,-0.21120363085937754,-0.08061472433593643
6.64,-0.23889010055871035,-0.34546729698555956,0.0601312570911092
6.65,-0.08183818968302589,0.21413905645629272,0.059958640873406695
6.66,0.19827500530123418,0.7291683742541977,-0.028759968370343947
6.67,0.3176808076455113,0.7048295079461953,-0.319740484914371
6.68,0.2682368853623692,-0.18374301759929462,-0.186259759490446
6.69,0.206329308619487,-0.9563844002607246,0.23328999553597426
6.7,0.23019325894009074,-0.6259244654780921,0.2182449098175299
6.71,0.22364400300012588,0.3921610912863455,-0.14278683058833483
6.72,0.0838007875189793,0.7025369332186904,-0.05158858805985647
6.73,-0.027131938659399824,0.47978231366612406,0.16104846483507615
6.74,-0.05007572597581581,0.29808358615600056,0.1201223382273436
6.75,0.05216184620173708,0.05515375797439788,-0.1354596090203921
6.76,0.2813567481031124,-0.2790310376427846,-0.47559195102986596
6.77,0.4167725843769076,-0.47386464672494755,-0.28645513753966356
6.78,0.4393421124047406,-0.0027590221109782265,-0.08270702580448469
6.79,0.22521041954822385,0.5204315077071658,-0.04260806265529346
6.8,-0.04850259501881407,0.3563628945044118,0.4321922086902372
6.81,-0.30782983564894045,-0.1684948418764,0.586561095344373
6.82,-0.3137925282668177,-0.48643374098334646,0.02369560325624498
6.83,-0.16650259815600865,-0.4737502994782832,-0.4204112776629288
6.84,0.0406508213375302,-0.06506870042114249,-0.2532068504226924
6.85,0.1144964411674032,0.4302586013192352,-0.024864446430288595
6.86,0.22112165959426486,0.4654271972009384,-0.1636949604789889
6.87,0.17246059162983712,0.04882346399138049,-0.08972333343870015
6.88,-0.0012894124691252007,-0.25022209821326485,0.26819261516552323
6.89,-0.2609173303808331,-0.3198785233635024,0.19639834808363382
6.9,-0.29575148610790297,-0.5075701412794404,-0.07264038629349409
6.91,-0.23897960796631848,-0.2820872121507664,-0.15482604248258336
6.92,-0.08883564790570063,0.510428664042663,-0.2211071829692814
6.93,-0.02508709368230029,0.9177311399560646,-0.054113663400491924
6.94,0.07423906869092933,0.28564889222772877,0.12091476283999217
6.95,0.053552775692364135,-0.731602542855161,0.2820700787558453
6.96,-0.06603754452017205,-1.021701503555965,0.6794371642019461
6.97,-0.2544610705892312,-0.2598304035082176,0.5034001953194882
6.98,-0.24622330713732818,0.6112538892590318,-0.3150984661319783
6.99,-0.21089897501543847,0.7411568085687407,-0.6749152222919678
7.0,-0.13873778226737712,0.3503191285518159,-0.6382020883741184
7.01,-0.07692327537127647,-0.4828008254818161,-0.30092193158915737
7.02,0.03758164445052011,-1.0548377576817907,0.3015185419795472
7.03,-0.013964858439321898,-0.3811238287436811,0.4399083678010508
7.04,-0.04223529725451059,0.38121289183854734,0.20218547989614835
7.05,-0.006112450576321871,0.13871984631625223,-0.0030091335286598353
7.06,0.05727088450968573,-0.12189344480314748,-0.06297257048116421
7.07,-0.11583731917559309,0.5383654180785483,-0.11185998884434949
7.08,-0.26483061623341275,0.8509187663180153,-0.18143926374323863
7.09,-0.21346376914860402,-0.34262303399439725,0.020041505933181242
7.1,0.048856526781374296,-1.3846499354202788,0.16185440024784392
7.11,0.15044531388626847,-0.7146855271339377,0.04943581338310624
7.12,0.17883772787062174,0.49355244127553677,0.21386386926054218
7.13,0.09340834480346887,0.8919707424902543,0.20732782609788797
7.14,0.007009758982929444,0.41371157274244835,-0.14189285392907144
7.15,-0.10294232244374744,-0.22706176128720118,-0.2979911234413176
7.16,-0.1531446706274305,-0.49185345337764524,-0.3317120119373103
7.17,-0.06517844129218726,-0.5044997627057941,-0.1636130817457574
7.18,0.07272350088845192,-0.21640152402583268,0.22047437690030242
7.19,0.10564692346251055,0.37478927726216826,0.435129306301665
7.2,0.026826286197069525,0.6859222942559426,0.2695958469421674
7.21,-0.10108923857409577,0.38459249151021985,0.023718081538483413
7.22,-0.2252681315478142,-0.2292755401952119,-0.030388977680564082
7.23,-0.2188415080367015,-0.7363498849470427,-0.24563724385423755
7.24,-0.07901060980344564,-0.8295870525997019,-0.25332526505743136
7.25,0.03391901788624766,-0.14450667564364356,-0.022525810874552382
7.26,0.02539444827391353,0.6784001896032339,0.0768141855331216
7.27,-0.056233422306739236,0.5149244305601407,0.10475842273029996
7.28,-0.17129077028520057,-0.3129707794208976,0.20177822554831448
7.29,-0.27459370197722377,-0.5699552765867361,0.17960401248224755
7.3,-0.24811647833850325,-0.2197740361725112,-0.09125969438735104
7.31,-0.1441815731668853,-0.019921290739447154,-0.22116885824067567
7.32,-0.0604037170819251,-0.06666110960970276,-0.13570365043647964
7.33,0.0023486015794282056,-0.08026780137429843,0.03923050791347919
7.34,-0.028497386218401883,0.11775241621857607,0.20402405153624587
7.35,-0.18489935428129814,0.2761892507455738,0.17494645964515698
7.36,-0.31177148545582206,-0.21172920723710273,0.22769403458767346
7.37,-0.31432661906945775,-0.7931875879349183,0.35173266159270133
7.38,-0.1625809921053254,-0.5604162680040434,-0.10710129734776763
7.39,0.13702105874408171,-0.09827019478409627,-0.7495516730332948
7.4,0.3062596138535405,0.24028814391509795,-0.6319805567585829
7.41,0.18429847475354175,0.4929031937810952,-0.15660897279389643
7.42,-0.03610830465090888,-0.07479632303099182,0.4119487640655013
7.43,-0.2388917040079313,-0.6315952263662397,0.798046004074722
7.44,-0.3780313404996559,-0.13997132777526433,0.6216957559570866
7.45,-0.3754422800822319,0.5340153074197418,0.019786670168858378
7.46,-0.11916746440086182,0.12068696623621977,-0.6029977358779053
7.47,0.2585261986451004,-0.813487556335321,-0.674524823649876
7.48,0.44754036286163534,-0.728478765449796,-0.36599202944788783
7.49,0.4479397040836761,-0.017605110165691357,-0.15397993352581318
7.5,0.32996563730811346,0.22087591433970633,0.19246112933254506
7.51,0.020879856247633277,0.44418808331434834,0.4619177189943721
7.52,-0.33822796688973633,0.7008512215531622,0.48074500291530986
7.53,-0.43897556478949884,0.25905000575129633,0.5002375544638906
7.54,-0.13893900091509,-0.6221722329816028,0.1336899372077459
7.55,0.300653975962506,-0.7876926298948985,-0.4511181953758189
7.56,0.5922902760509041,-0.1567250846703015,-0.6021493515500163
7.57,0.7161347786150549,0.15922247978628076,-0.36726055582614314
7.58,0.6287067345008297,0.17450744400113488,-0.058046070395838895
7.59,0.35126504441948947,0.42186225948026057,0.1435818050452784
7.6,0.07122492690608007,0.4152653880389738,0.2516896717333925
7.61,-0.10019308367205418,0.07538023750082283,0.20481702512447017
7.62,-0.08325992174207177,-0.1185772956711249,0.03871857968049196
7.63,0.14355607829846684,-0.2019856280334494,0.09142835925719325
7.64,0.43228543526181884,-0.04035532169267364,0.09695888317133662
7.65,0.6051846534502947,0.34172496270952135,-0.017466078416974073
7.66,0.6137955151839605,0.4432521842084364,-0.02940422270983613
7.67,0.4978422933124051,0.1325042860307089,-0.055545440034860866
7.68,0.2679061844645446,-0.10080343027730893,-0.09547844179065408
7.69,0.03756548972814257,-0.021115593239829922,-0.03789238073113586
7.7,0.009577117394538745,0.10240229229699986,-0.0381361175501022
7.71,0.22635011377732855,0.061624510067678016,-0.15784040486944667
7.72,0.4574005111324164,0.15816224436333345,-0.1977581466836128
7.73,0.5003070347472547,0.3483167111414967,0.07783764649454789
7.74,0.3897918296605909,0.19488702675915698,0.4044271310189745
7.75,0.20641216240490334,0.04606524086523884,0.3004664571753649
7.76,0.06061809642806175,0.13671211220647686,0.032467546113347776
7.77,0.03717401430581054,0.19824010713176277,-0.048008381306901854
7.78,0.06812305682154798,0.13062060717579732,-0.03606707936492447
7.79,0.09404607802518253,0.05256518698957222,-0.032638357319975775
7.8,0.1455403539226077,0.22538329858393907,-0.1075022930018204
7.81,0.21086822616153816,0.34685939081906825,-0.1186846890683038
7.82,0.24505484045041076,0.14520045381074304,-0.2694710559541781
7.83,0.20403125773852615,-0.1354044476686272,-0.30676285143632886
7.84,0.05942364323219251,-0.22681608321509253,0.11781322903086298
7.85,-0.13241910753662872,-0.011205303318349777,0.3539344193179057
7.86,-0.2516800419933293,0.21257493401358143,0.270592774411017
7.87,-0.3012391961881694,0.4090318297111077,0.1877862109642059
7.88,-0.26279229749264155,0.36716583372691797,-0.1254255896517569
7.89,-0.05847349029765253,-0.2459698726003487,-0.4881227845706942
7.9,0.15226317048383992,-0.7468522524889692,-0.1302426147567297
7.91,0.22989942014173087,-0.14455745688190225,0.08308908181406449
7.92,0.24409942508096355,0.6218868689871391,-0.18062342980935836
7.93,0.1619981145091413,0.5642935689309697,-0.0002463183196691199
7.94,-0.0882862237701835,0.45893496452427224,0.2281468309031287
7.95,-0.39004540527724607,0.591586301742073,0.13099327844269343
7.96,-0.5020483528772786,0.13642558079817402,0.19773965873045202
7.97,-0.3654850346091847,-0.590840744126825,0.12076410909315644
7.98,-0.08688909106874643,-0.6520454864464559,-0.35912048598266544
7.99,0.12658588190919032,-0.16979883401462892,-0.34286471803777635
8.0,0.11630772234550048,0.5330784085218747,-0.05402178533372494
8.01,-0.012769554078686574,0.7100117672906756,-0.06712581383607406
8.02,-0.1729701264365639,-0.10995446645356494,0.15713261476619528
8.03,-0.3868239223956756,-0.6798820039805414,0.23639378828165888
8.04,-0.5051329292306946,-0.47078250331790705,-0.08057169474897545
8.05,-0.35921008147218025,-0.3614287883563908,-0.023856374486312337
8.06,-0.08217472685776384,-0.024909938043774837,0.032931855924876935
8.07,0.142817933886191,0.6645055629561203,-0.22582306884627767
8.08,0.30211574290807686,0.4631852006877919,-0.16876904576660517
8.09,0.3381313120211755,-0.3735232984610091,0.11631470925312912
8.1,0.16665895556350324,-0.3935852287380648,0.19636627852415134
8.11,-0.06291141014942475,0.21051855228489444,0.09737653571463674
8.12,-0.12980798698796087,0.4133932987361411,-0.07652381374060321
8.13,-0.017385280374798945,0.16383963700955853,-0.16017310504023952
8.14,0.19598181427903266,-0.13438111778136677,-0.22359796086846712
8.15,0.4262675059368867,-0.409986523392163,-0.15969601851122883
8.16,0.46943184977793384,-0.21452171740707326,0.19951403678300955
8.17,0.2702531380492459,0.5622920348120133,0.38636857004732056
8.18,0.00514160594328579,0.8740006653690715,0.4242589995221003
8.19,-0.1357780578180994,0.23554429947910832,0.37528001854700016
8.2,-0.1417052962908079,-0.3892946839041282,-0.03367029518200637
8.21,-0.0706508266570399,-0.41306200838566126,-0.5185307779346462
8.22,0.11253403515941765,-0.3057503404773699,-0.5883374599282372
8.23,0.3536632165868631,-0.2492005201691877,-0.3428859405186434
8.24,0.46983200000205866,0.024121410121853787,-0.07864112458632277
8.25,0.3411295484678943,0.39110724363140487,0.2190676308460235
8.26,0.048252937612047075,0.4528809258747577,0.40619603238194185
8.27,-0.27518849359455244,0.41105103356741785,0.2928749438927584
8.28,-0.4880044266261734,0.3457026574820078,0.16504019751788396
8.29,-0.4438710372839061,-0.05525677711945015,0.07935442716263862
8.3,-0.12136654008488795,-0.6838970181820443,-0.12806429433912717
8.31,0.21018977486688134,-0.5971106148124727,-0.25923372839772507
8.32,0.29335627737347525,0.4107008577285056,-0.32080430531728965
8.33,0.14040599009958626,0.9122576345415687,-0.17869626639204603
8.34,-0.1061669531706691,0.20882088804866206,0.1001601924754542
8.35,-0.315810386635395,-0.6805306146283342,0.21893744574108764
8.36,-0.42233682098653846,-0.7670388193438389,0.20109430899272096
8.37,-0.41273560587836655,-0.1980356203639832,0.1273958985820426
8.38,-0.30796755150633304,0.3425156485470605,0.1261320625711293
8.39,-0.1308489645249751,0.37481769475947724,0.26780963497012494
8.4,0.01569379125206805,0.20775488193787486,0.22080386848415462
8.41,0.01698468613023779,0.21670583085952674,-0.22204397362169212
8.42,-0.0964773961772106,-0.20405993468430456,-0.3384513616123891
8.43,-0.2119128759371122,-0.9808052005955628,-0.029476097346795627
8.44,-0.20710383890897183,-0.9905858992095423,-0.01943625811409805
8.45,-0.015552098419606475,0.03710311909786279,-0.1376532371127711
8.46,0.0659681881540654,0.9288565503133156,-0.08453878368472105
8.47,-0.10594029807241241,0.6687062923530396,0.028163643895580986
8.48,-0.28671811661015967,-0.25584717070852403,0.21595370306025713
8.49,-0.2859897112167844,-1.0358563039421336,0.4466478066405368
8.5,-0.10019442130278827,-0.8022602630664726,0.2377578059511542
8.51,0.058034888157775404,0.34595155759609186,-0.2978841603435153
8.52,0.07089003604595441,1.074332621779152,-0.2635633095911847
8.53,0.040353071581126713,0.8095964858862666,-0.0675974787129932
8.54,0.14643698198869287,-0.3992835025384698,-0.21661225849146887
8.55,0.2933159022704059,-1.430162851580576,-0.14189603484733504
8.56,0.2943895482805035,-1.0481824675604448,0.15683904449932373
8.57,0.1930167999818513,0.2534720250313326,0.26448048748045877
8.58,0.06634088954445418,1.3476697965214846,0.28284620031689267
8.59,-0.023717023900527268,1.317607584133037,0.43827417060709706
8.6,-0.09108528296802526,0.44157900021519664,0.326149744699604
8.61,-0.09846946609639776,-0.5327905482073726,-0.23667191989683622
8.62,0.08471625343242598,-1.3134482809403545,-0.5799996705289914
8.63,0.38723344689971095,-1.179247340412132,-0.47467265144323656
8.64,0.5579240090887492,0.17149353997091932,-0.26030778650276887
8.65,0.5100972779405464,1.313446040946788,-0.05396796343773501
8.66,0.3950366755574243,0.8463665542585738,0.17102845239741588
8.67,0.2155352351033525,-0.16175807277744383,0.3609519050832297
8.68,-0.11408878091438064,-0.22477322208377537,0.45994756078845206
8.69,-0.36981373048460425,0.12644377899949383,0.3224277636449262
8.7,-0.28629385150667985,-0.08917157989872054,0.07267311770045679
8.71,0.059818493559891245,-0.4513354699850933,-0.1211572882976314
8.72,0.37405380860296583,0.14226323645157213,-0.5732811945073579
8.73,0.4416567264014336,1.080497366793558,-0.7872101886857242
8.74,0.31755647548134014,0.8964847443983064,-0.40332469748213234
8.75,0.16740003956215216,-0.19820773691755,-0.10654567726919806
8.76,-0.017929383541515964,-0.8512296341314842,0.06566516974197897
8.77,-0.24376504979134067,-0.6168118924834746,0.44159581078094723
8.78,-0.37924068229923164,-0.24707861865735714,0.8635407945764855
8.79,-0.379891095495477,0.37243753626045617,0.7381146013658094
8.8,-0.31506598113625517,1.420504433099714,0.07665629623195386
8.81,-0.211765814245346,1.4832708642735466,-0.3818558965519428
8.82,-0.07051081346675882,0.16450764758166947,-0.6187722467597658
8.83,0.0720696987797243,-1.0984384903731133,-0.7525209387478361
8.84,0.13837140686318616,-1.2430336831355757,-0.40442173536558096
8.85,0.06813860881151725,-0.34982030617660753,0.17423044306578472
8.86,-0.06967500545928142,0.5579391059168379,0.4527918048236562
8.87,-0.2691572398744278,0.9625232188681324,0.38668124736689535
8.88,-0.4941694196534341,0.8878022304140147,0.19805248470765732
8.89,-0.5495446655504803,0.08394177057188645,0.11751632713690535
8.9,-0.36946892936365605,-0.8124146041679747,0.12348987533404567
8.91,-0.04384540135676654,-0.6776958596925594,-0.21170846367761043
8.92,0.23733893054096122,0.05713505534382318,-0.46851674652921216
8.93,0.24488569371285196,0.4276163628325178,-0.04764717452425449
8.94,0.00565290843479041,0.2793711735891139,0.3521097967794166
8.95,-0.3235896340232507,0.06355905748327692,0.22504890879437953
8.96,-0.560761592968243,-0.02985587230953819,-0.08222210340092839
8.97,-0.5923630747323644,-0.023057252622367713,-0.41747353047137103
8.98,-0.4524165156559453,-0.12505623065804394,-0.4007151713734571
8.99,-0.2936757005468011,-0.17276981086014193,0.2571459496664187
9.0,-0.20698282769896184,0.19914523185392574,0.7938440182676498
9.01,-0.1095339906669519,0.3072581756088567,0.5814302623249723
9.02,-0.022607890245360487,-0.17865162771886492,-0.010007494475626932
9.03,-0.05020194333988017,-0.30216073377092056,-0.5814239797468994
9.04,-0.13084601494296358,0.04059730239959419,-0.7449846004131793
9.05,-0.1707047326533485,0.16704525181712906,-0.40475037537306546
9.06,-0.16810975295636404,-0.007206548096217097,0.04573257586548096
9.07,-0.14462169911146616,-0.17755371751517718,0.47399506315320444
9.08,-0.08955452693687319,-0.13867277304833026,0.5740661010093959
9.09,-0.0036314178110191248,-0.05453403197787987,0.21440888992923002
9.1,0.061418000647161644,-0.060064084616569605,-0.18597884328635875
9.11,0.08881528188483488,-0.11583580627605453,-0.24749185000918358
9.12,0.05693610899777237,0.01935851683798165,-0.07835204197420907
9.13,0.024213849038469026,0.2015068822547393,-0.12634424420201795
9.14,0.024321928399651513,0.03480614710136329,-0.06276659872080101
9.15,0.013213502902496543,-0.10676868881108197,0.12125567275735269
9.16,0.003158081176519073,-0.03783400712436198,0.11167000336833147
9.17,0.043372550426828055,-0.0876482403315809,0.019912539060024603
9.18,0.14400237602855911,-0.1804682259998165,-0.027057172717093503
9.19,0.2675815728578766,-0.08964622601982963,-0.08218253640579444
9.2,0.32652805473933466,0.2905489967124511,-0.3346167193833967
9.21,0.2681693526708071,0.39613299965215387,-0.2030670890676528
9.22,0.10988397969401559,0.036895166080272435,0.38133891297260747
9.23,-0.08225224602421685,-0.05685070850108745,0.5268966028892907
9.24,-0.1839642536017041,0.08306541557523409,0.24617455407019828
9.25,-0.11416853038277204,-0.06049842660185824,-0.14881903532524374
9.26,0.09593750784617158,-0.3085326234274233,-0.492196941353935
9.27,0.35735263356766256,-0.3741609271664464,-0.4490134314367309
9.28,0.49729834652446986,-0.07402991093804806,-0.18508014432483677
9.29,0.39484918709757894,0.38688303186337736,0.00218377613832621
9.3,0.13059378050365933,0.26608888529067903,0.32472684657743317
9.31,-0.1360858802444633,-0.22136183552727803,0.5236694119692271
9.32,-0.19114840910687614,-0.31536306774452594,0.16883942591415735
9.33,-0.06583222547139293,0.04417821008145775,-0.18823571769897401
9.34,0.007824312516643886,0.5426748174519844,-0.24652157076437153
9.35,0.034670816365505175,0.4234529753243732,-0.0575382941697839
9.36,0.07997833121174425,-0.17475747676491424,0.13846238744413894
9.37,0.1716601665811996,-0.48348976719088055,-0.043995129890496476
9.38,0.27802115200511124,-0.3897050997268987,-0.37787119741795183
9.39,0.3178519530031443,-0.15471424606446857,-0.3224896945369698
9.4,0.17742752653203092,0.36556656919508845,0.16997588443833792
9.41,-0.09722646128471724,0.8578343845613431,0.6203460833346777
9.42,-0.27828611044159063,0.5798296923776018,0.5169575158037346
9.43,-0.26224086015985953,-0.21498850587555668,0.07525825521724369
9.44,-0.1186760353351448,-0.5241896688637145,-0.3690825980435138
9.45,0.03525523525162305,-0.10198320051564619,-0.691430665594804
9.46,0.17412083065055703,0.16354959150180332,-0.5117405102828074
9.47,0.26823681571283076,-0.14586254025749806,0.057347986541443685
9.48,0.20463641228197912,-0.33129189154363525,0.4313538340970787
9.49,-0.04595761796694792,0.16453796911983015,0.3589534382121825
9.5,-0.36277747044668496,0.6855241640024828,0.2020553406171437
9.51,-0.5712494726170992,0.46483322239350583,0.19913877192266285
9.52,-0.5099100020858158,-0.3806396304180305,0.0992444908675999
9.53,-0.19136269473587172,-0.9004784556671278,-0.21870213635754152
9.54,0.2027111212466177,-0.5313423501297415,-0.5803251862730753
9.55,0.3474064486264276,0.3956763098239645,-0.4664915116638432
9.56,0.15430284677781286,1.1030209018821575,-0.24727078657767576
9.57,-0.13426873818144214,0.5008791375357659,0.04995763571014261
9.58,-0.37426823633435985,-0.8823840200308587,0.6490928149427658
9.59,-0.5596617342471536,-1.1420273991351755,0.6754021326992146
9.6,-0.5970632864920243,-0.45871675810507656,0.29059852160889454
9.61,-0.4406686572506683,0.15648667923179096,-0.01314422126733511
9.62,-0.23027171274933952,0.7057874162793407,-0.2702911918901608
9.63,-0.10132172214256788,0.8834565488800987,-0.3267603336626077
9.64,-0.1198856408604437,0.45004833982749015,-0.40800551964844806
9.65,-0.2638395226981442,-0.48511866725642316,-0.30435499889177486
9.66,-0.39097011986439645,-1.4942169409794448,0.19877268211331084
9.67,-0.39062324631066875,-1.622141857235243,0.519429401103439
9.68,-0.3160858145815314,-0.25020009579376246,0.19261567961126758
9.69,-0.29925300013279305,1.4269818496767752,-0.1390231816562469
9.7,-0.3600965488845525,1.6311889500695225,0.021327721046964926
9.71,-0.33551396735975625,0.20918576904987174,-0.006890983030112541
9.72,-0.1457618785657579,-1.5516022647972374,0.1037230828422763
9.73,-0.0324229355771776,-1.4427869480663151,0.2012164827972245
9.74,-0.010064720109159323,-0.2824919299483789,0.05596254483738762
9.75,0.042992716700440074,0.12470736213644845,0.08529665103744832
9.76,0.09732435373969517,0.2190710449005035,0.12724621105474562
9.77,0.0325451185757743,0.7101819551917798,-0.022800922357731165
9.78,-0.11654558044651231,0.9658330937949445,-0.42013381682145845
9.79,-0.14743205081657773,-0.005463047283201572,-0.501070072062126
9.8,-0.053651772963396405,-1.0757810849246778,-0.039948447903257134
9.81,0.01963147058875902,-0.5697167125751157,0.23979027335920522
9.82,0.003816178250121073,0.268253683133432,0.6304412340919607
9.83,-0.026918430686685556,0.06738067759227895,0.8703558414051388
9.84,-0.0016735471306263787,-0.25466744625531373,0.19568524738080184
9.85,0.04220243408355263,-0.1154427192911387,-0.420250911605863
9.86,0.034283399805334375,0.274041661017779,-0.6070914223180158
9.87,-0.017176597644837584,0.24983422615509102,-0.6359580439839135
9.88,-0.08148826685736013,-0.11030030720418205,-0.32007762759144504
9.89,-0.06482290003279192,-0.30388873664177724,0.17364414685144136
9.9,-0.02807550626485206,0.014470216776060751,0.27438188403348746
9.91,-0.10695932402990177,0.2838849727365202,0.31027044897062767
9.92,-0.2282039764333468,-0.05655276793438263,0.37657957079529875
9.93,-0.30024042187119254,-0.2812298219144853,0.12782998996499792
9.94,-0.3281016331991916,-0.0020190246356287522,-0.12108845674963654
9.95,-0.30381651038912094,0.21092827153814525,-0.2571665889318139
9.96,-0.2129163542764435,-0.11839218274482008,-0.29261603726489727
9.97,-0.13228058904995205,-0.41161372100995636,-0.20721809896037188
9.98,-0.10898175031053725,-0.17043288222561137,-0.09301686164207677
9.99,-0.1205147317627427,-0.09134460823055063,0.16648068112474784
10.0,-0.14997963491661873,-0.45025398816191264,0.3763671347207256
10.01,-0.20485471119530796,-0.4085849255090621,0.2557480146321697
10.02,-0.3159673171527948,0.29863845233302355,0.03815506012014286
10.03,-0.45382048891866567,0.8483226413674574,-0.09957980874394734
10.04,-0.4451933449071689,0.3435048304327669,-0.12470942633996183
10.05,-0.2570302492418852,-0.7754964737194099,0.056156189122637326
10.06,-0.018997682738790184,-0.9833872614135919,-0.20116027534659947
10.07,0.20038402713564632,-0.5999034511212628,-0.36366621084722306
10.08,0.2251546367830026,-0.15439762012941782,0.14024852142380884
10.09,-0.0012950958982015093,0.5920779354469703,0.3149881664760516
10.1,-0.2861624264068857,0.7505220765507419,0.20953611417257967
10.11,-0.4055139615954126,-0.2973382516962879,0.26289595448197334
10.12,-0.3674906404099018,-1.0409460543977218,0.11359233012713502
10.13,-0.24011656161393324,-0.5906136190213006,-0.07141892370408578
10.14,0.02810740384837468,0.09143005576540844,-0.14003611741536331
10.15,0.34622584058937533,0.2855783602067815,-0.17090091297983998
10.16,0.45832000338509427,0.28573124227327795,-0.05597725333906857
10.17,0.28936364141753496,0.1285699631201061,0.17036213323000715
10.18,0.06011489522092886,-0.40904807079871847,0.13116054834246213
10.19,-0.07326810836941232,-0.7600621706847487,0.10535611424164974
10.2,-0.12073767444175393,-0.17547882438685436,0.166990581282963
10.21,-0.07678615048309574,0.7023897533943229,0.049618623944257506
10.22,0.0828006225905156,0.580227675949702,0.06540739609102873
10.23,0.26512851620439626,-0.25881994933906466,0.20954157584400546
10.24,0.3730140823506234,-0.6116556365968212,-0.013763755618940665
10.25,0.4141853617678263,-0.3702963006530329,-0.31157811350496856
10.26,0.3892597257610553,-0.062315474919488495,-0.3061928932738334
10.27,0.24778140280015992,0.26094987114313845,-0.199225760170927
10.28,0.01960743434787618,0.48602111267081916,0.06700144412013967
10.29,-0.153400492606675,0.3895245180312119,0.2759725854855438
10.3,-0.1379877500886162,-0.1410859978671019,0.283303553111884
10.31,0.022885972515700112,-0.6006203654303133,0.2005924889553681
10.32,0.19949625545355998,-0.4933831309855715,-0.004543245737848756
10.33,0.2947973530103909,-0.22239659365523642,-0.13322958586260503
10.34,0.2786856928957976,-0.11956457298658119,-0.08444372214923591
10.35,0.18620952772902843,0.036459423619962364,0.02845454707955905
10.36,0.12561239650993755,0.14994203457320612,-0.13194843145262058
10.37,-0.00020056727547791697,0.2746662622582472,-0.32146765819043155
10.38,-0.193404524107469,0.12181823263980107,0.0894659617677297
10.39,-0.21492707411267137,-0.18888825279940577,0.32847146425037727
10.4,0.08901971288143934,-0.5798449347157842,0.2833945455649591
10.41,0.38693111872697455,-0.41708089958842987,0.05825966849117156
10.42,0.4144050825764811,-0.14948491852393936,-0.01603426399495682
10.43,0.23871869831848058,-0.18281745096321078,0.25550853363769055
10.44,0.004502019752146452,0.09943245388439192,0.2711886929416364
10.45,-0.10488571532919454,0.41145669351394876,-0.15605761336288215
10.46,-0.13008160020691018,0.3838477859654563,-0.7164918522971337
10.47,-0.13694743473481003,-0.1740225430200243,-0.7222221468444034
10.48,-0.10910843459043262,-0.570027572248875,-0.17570406717129028
10.49,0.0935381751799915,-0.5854457635543029,0.18631825829324206
10.5,0.380915146692557,-0.5148831179618769,0.35871000584737217
10.51,0.4474015880959067,-0.20949031696433335,0.48618562426396417
10.52,0.2689266918805642,0.017100151436780536,0.4751770816960372
10.53,-0.025547804575559413,0.3071349823535525,0.1165279295384205
10.54,-0.28143876472260054,0.5837241594966046,-0.2487664845480455
10.55,-0.2684453695263306,0.11373423948299866,-0.3840950863653928
10.56,0.0439001565613745,-0.7318820952347671,-0.5410355029851783
10.57,0.34786011631857117,-0.8152027860014377,-0.4322634672243756
10.58,0.4547224712740155,-0.16727770334131553,0.0023151623440041957
10.59,0.40725228556636406,0.29513420919286687,0.4414484844979214
10.6,0.27207122621661484,0.3376375500082798,0.3946040592976335
10.61,0.14114320955245924,0.04473077998804448,-0.0674106965676704
10.62,0.04129864004716862,-0.2734433309051565,-0.16622016571873877
10.63,-0.0015632574529313636,-0.05870238461162097,-0.02407087875152278
10.64,0.12801894146957743,0.12751182770214212,0.12211311010463936
10.65,0.36769215431319857,0.011579183272770285,0.2132213916161318
10.66,0.5412177167497053,0.1377982742148016,-0.056722491024050276
10.67,0.5241321589727131,0.24147161830108202,-0.05714782655196918
10.68,0.35561202104298284,-0.005012882375420913,0.1600322604596225
10.69,0.174906162258925,-0.16458522781142965,0.004591073390467659
10.7,0.1044655679740546,-0.12735933257028087,-0.051307486002115446
10.71,0.14287351779654228,0.1370243388566484,-0.03799907725122127
10.72,0.22430469445231632,0.4648534606793885,-0.3114696765045679
10.73,0.3112311272273558,0.25330875246628887,-0.12351007829674132
10.74,0.36794083513326586,-0.18369278417793994,0.3246598190907532
10.75,0.38417679023672757,-0.30066419834618335,0.37271827981423955
10.76,0.36213658740738286,-0.0702541997553709,0.035130131876843995
10.77,0.2954342024579363,0.21545384983682392,-0.27259514494812587
10.78,0.2340413398025925,0.24983237128386301,-0.30009113811769705
10.79,0.21337657238343086,0.26456351470666295,-0.21798957484327824
10.8,0.2864909673054039,0.2855559100708334,-0.21716930234551338
10.81,0.418036737263789,0.03683080188999224,-0.07072441386037023
10.82,0.46359244221352774,-0.24493176835882413,0.315842647287459
10.83,0.44808182283695513,-0.24511924979887656,0.5142852605765155
10.84,0.3607334192971221,0.26615887487026224,0.4858421801559854
10.85,0.14651689622523345,1.0939343962492778,0.22703502546727475
10.86,-0.048279056512279116,1.13644029399032,-0.15815974807634192
10.87,-0.07819248894527578,0.01135990522726571,-0.23100031150617933
10.88,0.06934186742783278,-0.9166305730939157,-0.2953158727395242
10.89,0.3231659644403736,-0.7609366402165261,-0.36942897625090526
10.9,0.4511214248195591,0.09948940791598115,-0.11345634406837696
10.91,0.2690901186755795,0.7763138755243469,0.26814499804496233
10.92,-0.05409133538698016,0.4114187794191354,0.46599627933184057
10.93,-0.3182616850788156,-0.33204600739096146,0.35553076645465176
10.94,-0.41749521871109263,-0.3821456043307081,0.07236800723054318
10.95,-0.4719683230505567,0.3875120486428363,-0.4377760161512028
10.96,-0.46824785050736245,0.5664277149276665,-0.557876739099147
10.97,-0.29728772001392545,-0.04814750968699505,-0.1857554013919676
10.98,-0.04155095736017361,-0.43421604486801124,0.1899611687378797
10.99,0.0024191627888762376,0.1530161337036029,0.07568127181231224
11.0,-0.1394923188836387,0.16355671742927053,0.17536626421628795
11.01,-0.2921906771839565,-0.6057493292624551,0.4785282066408867
11.02,-0.4325266129756249,-0.36343004983869687,0.25880062178702545
11.03,-0.5244550660924078,0.8657509283326426,-0.3786699760456935
11.04,-0.4847806928847244,0.8923217779972903,-0.442258375774217
11.05,-0.39124106509343504,-0.30643064694569444,-0.06482188430609537
11.06,-0.2847943347969957,-1.1389559155595204,-0.03298022039984089
11.07,-0.17650077610582332,-0.964146876033948,-0.06924281173412483
11.08,-0.11003694876513105,-0.0728236846654815,-0.1377744521928916
11.09,-0.1185194438741696,0.5720683045346819,-0.1402760179230494
11.1,-0.20075561380048124,0.5088082708969489,-0.00899482852837244
11.11,-0.30224027134694464,0.10803200290186976,0.061618536030037106
11.12,-0.38512631943260467,-0.2372142738870017,0.3037140758362848
11.13,-0.38990348568399125,-0.23939003599743897,0.19711060758563978
11.14,-0.20845052627698474,-0.48812001308360153,-0.2597845071221823
11.15,0.05939956133258696,-0.9487990404895431,-0.21687064468149986
11.16,0.20458909187602237,-0.4754493943491329,-0.040472143268463635
11.17,0.14471383159990692,0.6207468407724225,0.10978196775996521
11.18,-0.028821541953931495,1.2366002987423954,-0.010385631084525643
11.19,-0.06634318297431666,0.5113849976601124,-0.25546376378208474
11.2,-0.0004813256051839909,-0.764522131378172,0.1142190253471011
11.21,-0.006994334528151409,-0.6270594206134874,0.12172794530818806
11.22,0.024991136663098552,-0.025199527552712875,-0.1324254026618526
11.23,0.18945791749987662,-0.20370528222553505,0.11744029612550957
11.24,0.31928984160692236,0.004601592422470158,0.28286205276371834
11.25,0.266642917961822,1.066451692284472,-0.07971515953227248
11.26,0.11126416248552952,1.1474203111742782,-0.17280447542537153
11.27,-0.00276341823118275,-0.010176516461784302,-0.10092630254449439
11.28,0.03346807665478277,-1.1618179020339077,0.00592394109703763
11.29,0.16565859235765168,-1.065141927384945,0.0952217984419001
11.3,0.32757044962816195,0.034009497170564784,-0.08029255565400614
11.31,0.42220186563950585,0.7035930111134949,0.061043617160805225
11.32,0.32382912403921493,0.9245035585254077,0.24989073272479684
11.33,0.14460059590469931,0.6965935122765018,0.06393965717753528
11.34,0.02185271132533148,-0.261592941332643,0.13862126457098528
11.35,-0.011986641750513505,-0.9312480527106888,0.23317210367161934
11.36,0.07663864545210416,-0.4247933866337491,-0.06884246268284772
11.37,0.339157459557498,0.23248039626986877,-0.33036689924510376
11.38,0.5651203378603854,0.6147409086613165,-0.46041362855902046
11.39,0.4884227770807773,0.8899412001742133,-0.10496215332939235
11.4,0.25117523423394517,0.5614280467813553,0.22779267462409156
11.41,0.0787808116083732,-0.33854297967279234,0.13294973079840577
11.42,-0.09109811608019694,-0.49396336754855996,0.105447135588281
11.43,-0.15739951427273716,-0.031294980491644975,0.18598583608999222
11.44,-0.00616934762723495,0.20757776913521653,0.10643184591804074
11.45,0.2750087499444104,0.07080867415639111,0.11387635363997739
11.46,0.46661127374982425,0.05747489604898727,0.07505220037011402
11.47,0.4835039264311826,0.2310208089187538,-0.3533870974263934
11.48,0.3617923978769373,0.2440769494999543,-0.5764164169221713
11.49,0.16696418870607954,0.17914602876827931,-0.3145556260866531
11.5,0.09140774854828022,-0.006608891221381252,-0.04910343794833533
11.51,0.20801709630200682,-0.41093609034178474,0.43496697273941604
11.52,0.2319486702321662,0.15468781870109016,0.6222528352622595
11.53,0.11058616201179117,1.0391573634239426,0.2100028203876248
11.54,-0.024116063638811976,0.8399424280082348,0.025489368422626224
11.55,-0.09039973000157406,0.03846129241736729,0.22831831445159717
11.56,0.012151608640398423,-0.45576756141610425,-0.0852881593189454
11.57,0.27235481861228733,-0.6164289416513445,-0.6309898916442018
11.58,0.4144321880260601,-0.3902925593978055,-0.46005385366874646
11.59,0.3354704601892904,0.06926499011433734,0.09119694118816823
11.6,0.14711520878238082,0.7880139442986536,0.09165092212163006
11.61,0.08650871261408993,0.611244453033182,-0.02047628181164335
11.62,-0.01483393037652575,0.1590734802158168,-0.056462356382569745
11.63,-0.18271501456715417,0.06392517787444997,-0.22806470867560044
11.64,-0.1574563720484229,-0.3155331685229482,-0.08374447574734253
11.65,0.0791317690089594,-0.5624245526529467,0.34788493759977507
11.66,0.2265365008609144,0.3100274582331132,0.381175929087361
11.67,0.17866738721488346,1.0957962321285732,0.30683120066763253
11.68,0.03391264881010678,0.8475799558654915,0.22909330549631318
11.69,-0.09567927979489887,-0.03138158499581678,0.0609827680110514
11.7,-0.21086432904479632,-0.34592282458141016,-0.3534546380994169
11.71,-0.23154069621895396,-0.2736200076895982,-0.5392584752204843
11.72,-0.0866971098260087,-0.2830954180848119,-0.37650794837127
11.73,0.1677205173096257,-0.26420018878680873,-0.16392491090865244
11.74,0.2906430946320253,0.05403406077061121,0.019395533910673418
11.75,0.1597219834190018,0.38560806345892173,0.2127562201614937
11.76,-0.12209803397055265,0.29931431336904335,0.39466367236597943
11.77,-0.4074386422317827,0.030172297020691186,0.3427540547786239
11.78,-0.590527047454162,0.15301438629488312,-0.024479071597883484
11.79,-0.5190574284029419,0.10665304476169926,-0.07592468018337419
11.8,-0.17677409870667787,-0.32103947650276304,0.009469974529118554
11.81,0.20767046107582304,-0.2588770892782025,-0.35393495344781184
11.82,0.441574374094041,-0.033233823403053725,-0.4282687673458528
11.83,0.42392085324616435,0.05638758825936182,-0.02821256098579855
11.84,0.1370557363264756,0.42624903963626604,0.1708176797040996
11.85,-0.24960556409871976,0.6587252151705485,0.09971401722978283
11.86,-0.4904445153766833,0.16486134865537538,0.24024966740805637
11.87,-0.4579033698178829,-0.3275908911519331,0.28636261688306525
11.88,-0.2042924800449058,-0.23143064073184957,0.036300558252370524
11.89,0.13012858948366834,-0.03837527313325083,-0.1925680812429804
11.9,0.31088611505997865,0.16975485746831515,-0.17006034311033646
11.91,0.23963788898381275,0.3665057024465788,0.1181332469205239
11.92,0.07774152242855033,0.263098157483572,-0.018151006955766186
11.93,0.02886390962292657,-0.4895719915294472,-0.20033149056221308
11.94,-0.10766268025751716,-0.5491019727153763,0.0010991855161663622
11.95,-0.3443109832768735,0.30381928097130906,0.22430378552997557
11.96,-0.42086435683527545,0.7027803066814412,0.14902839017930972
11.97,-0.2473917300271517,0.19289445752805345,0.051369015103673275
11.98,-0.029574851632776983,-0.13016288857926597,-0.06963318342559954
11.99,-0.019993941521093725,0.1742485425178244,-0.1410040535597852
12.0,-0.0629606516144524,-0.10387618230430756,-0.1425290084796623
12.01,-0.12246657399607025,-0.555656038707839,-0.03734597518426598
12.02,-0.2255683049324848,-0.2154105420653985,0.08975549823366927
12.03,-0.31298898942791287,0.4895986980517022,-0.015567536800919157
12.04,-0.23837518881090358,0.32702445581432926,-0.30186969828139987
12.05,-0.12969552365553622,-0.3299102136180954,-0.09854081775853596
12.06,-0.15913015554772938,-0.3080070923342224,0.25436716529935094
12.07,-0.16806186340168364,-0.1509630532295723,0.35222972564083266
12.08,-0.09837637241411505,-0.16089349384722196,0.2988369843780843
12.09,-0.11695029617440143,0.29675187747653764,0.024644952090797312
12.1,-0.18739094437260378,0.55607449103074,-0.3526204391154367
12.11,-0.18249333948253976,-0.03259236392559506,-0.28787630830069094
12.12,-0.10821066999171063,-0.642787391202226,0.004664766531557479
12.13,-0.09689287033128932,-0.22051804481629378,0.059536428696454244
12.14,-0.06573624954862317,0.15926394415831804,-0.0387650007003097
12.15,-0.05640348184262715,0.011696988154172167,0.008271850762393285
12.16,-0.14124812126083705,0.03642770891150461,0.08066895328643456
12.17,-0.25207940632533077,0.24161325209367782,0.16530498326247745
12.18,-0.23400195575473426,-0.052824706016000034,0.1801912690080473
12.19,-0.22152686699335525,-0.22108965879029485,0.07302529683236524
12.2,-0.2799296237055115,-0.013404393985525315,0.028404236401518703
12.21,-0.18694254225977297,-0.17116217459046246,-0.12457357889128476
12.22,0.05810191983944227,-0.8927621081662822,-0.06447353180116505
12.23,0.06643200408078014,-0.5192969400484222,-0.02417818726090034
12.24,-0.11893723312986715,0.2257641308826709,0.10076465622994137
12.25,-0.2851109775017204,0.36748500065124673,0.301197881588724
12.26,-0.25638121698883387,0.15141234378633914,0.21716988014815283
12.27,-0.027131546027841263,-0.13454710202202547,0.020708653947077743
12.28,0.08130074484431515,0.2054448512990789,-0.2337791360318653
12.29,0.07013457300364644,0.1768332815298217,-0.26824943771092635
12.3,0.08719305066477823,-0.3416692766846405,-0.2525132164582964
12.31,0.1778326180088664,-0.6688470064906814,0.024125732044728232
12.32,0.22995886459948486,-0.09203704444277883,0.023427669105782437
12.33,0.14481237210057002,0.4075230935548624,0.15573026924889247
12.34,0.05173073546976805,0.2598665024142385,0.36609194465417716
12.35,0.0628134823240582,0.17945787766898588,0.21546266556410296
12.36,0.21794175253694936,0.07550373326713665,-0.036439028337467316
12.37,0.2838085253181581,0.3082464907331113,-0.44342224881788334
12.38,0.2870665364239522,-0.2049194636931964,-0.27378964064841443
12.39,0.3132392654462059,-0.774775403698736,-0.012343483563897
12.4,0.36229535446245115,-0.34312392966738403,0.021511268962617153
12.41,0.30520380451564333,0.7768517693513693,0.06032047640944654
12.42,0.20371294605167628,1.0282475457707576,0.00031626289951081077
12.43,0.11513230353867049,0.3428174925138995,-0.15739998647464226
12.44,0.06195250548002511,-0.16283069336331576,-0.22843515879034124
12.45,0.043781396018777737,-0.10712911753562585,-0.17153643591144918
12.46,0.11057602343185297,-0.1345322795842041,-0.05060148339191542
12.47,0.21170950622540738,-0.2773557875550396,0.20289977493672287
12.48,0.2271184382819379,0.22172566672310745,0.1764122546971788
12.49,0.08390654218441859,0.9226569928924473,0.09278854471191592
12.5,-0.12350344839070836,0.65261518000333,0.33145964472186557
12.51,-0.2696681850644238,-0.18669990034317946,0.2622980346114574
12.52,-0.23672656615986876,-0.5954036280840582,-0.226358095033516
12.53,0.01877288370463784,-0.640404151716966,-0.39366905863823265
12.54,0.19741998402205424,-0.14063190998371472,-0.22051172824072193
12.55,0.18684067039951838,0.3104198837001718,0.11113283957307038
12.56,0.060184969909332614,0.6582347956901832,0.18236007259321868
12.57,-0.006793482056696269,0.36738381881610116,0.1209541993499092
12.58,-0.07979922214231154,-0.0542262349734669,-0.11468475084679446
12.59,-0.1362704009494481,-0.37515076988477924,-0.09454846536890692
12.6,-0.10147952706049082,-0.20607120164690154,0.13844884967135615
12.61,0.022096491517310163,0.4994647114783572,0.044776548706422586
12.62,0.13665133397026882,0.8008314000054034,-0.08069954878344843
12.63,0.1546611201745664,0.37258258659607224,0.04751283313416871
12.64,0.13748602253563497,-0.18421151339569788,0.058118181266848604
12.65,0.0985742485340568,-0.2518892685883397,-0.04298605091932592
12.66,0.04733840850793868,0.10874345110336692,-0.26425011868437676
12.67,0.006364910385877488,0.13074370575184632,-0.0042192366539905435
12.68,-0.07883583198779336,0.21148301715064977,0.45891049515180543
12.69,-0.10976866908449828,0.567932487319595,0.20751447023228325
12.7,-0.05015859169188835,0.43749390706868335,-0.046514737763819314
12.71,-0.0033345170850573,0.11400133591878667,-0.2686561593440129
12.72,-0.04459921872919495,-0.22230635311834573,-0.1655359697485218
12.73,-0.08472282052989849,-0.3391237477090152,-0.0676923540172561
12.74,-0.01428490562465351,-0.2972689248346371,-0.050048452864430965
12.75,-0.059716387157821925,0.32256767889947063,0.05231633095954733
12.76,-0.24394859375497183,1.019281904990792,-0.0484748263405502
12.77,-0.38240568204702247,0.4328303827414255,0.09912589539144087
12.78,-0.3826638257472976,-0.6612151242606524,0.21933027390734205
12.79,-0.3189950794971688,-0.8738004835410921,0.11836209243915043
12.8,-0.26739985697635404,-0.49284578873661766,0.13027865092653224
12.81,-0.17366814485933718,-0.01784457134439621,-0.1213584761018271
12.82,-0.11311351244776592,0.32108309924659767,-0.23978251944706905
12.83,-0.20006006298313528,0.5802489377038319,-0.18592434493690146
12.84,-0.37495719285271073,0.32719991039602014,-0.024920993292973953
12.85,-0.5209990199412774,-0.5622358242503307,0.3880982135228374
12.86,-0.5366295597658016,-0.8978380208261347,0.3146979206485764
12.87,-0.366115615153271,-0.4354070770463962,-0.07711474278154545
12.88,-0.09196639582097535,0.030183681127560535,-0.1984354882697117
12.89,0.10723553462844931,0.44132494564704167,-0.43180082789510954
12.9,0.1368375457619417,0.34867742342716845,-0.2373693703295095
12.91,0.04060944627195284,-0.13927955941086467,0.1719932381597852
12.92,-0.16987138731714688,-0.14651190191433763,0.14330356262102978
12.93,-0.3851602581164238,-0.13879160013291691,0.13538228151900267
12.94,-0.49765775672998014,-0.19564765146708868,0.34916380989222
12.95,-0.43043884143702515,0.09897619954700138,0.26441692557854124
12.96,-0.17880375288383052,0.1766719312968243,-0.031333929789542636
12.97,0.07403360363012632,-0.06283669762218114,-0.194237508757166
12.98,0.26101209880521015,-0.3894010148540503,-0.38920187901346426
12.99,0.38098992383842856,-0.9037773282433199,-0.3599307323376496
13.0,0.288046278727103,-0.7336160733012237,-0.14219941497209684
13.01,-0.049287737500587014,0.40728474308354223,0.13491156448279504
13.02,-0.39581404797273384,1.1559098427499244,0.41598939748926833
13.03,-0.47016703288308964,0.5083409671838103,0.36605767225140323
13.04,-0.3083523359908688,-0.43421376164200903,0.017398255611439428
13.05,0.032306179304174565,-0.8481382232150619,-0.27773798994873405
13.06,0.41163585156434523,-0.7595999134728068,-0.38177537616507784
13.07,0.5659273029270935,-0.11144497285752353,-0.35453034113873905
13.08,0.3975214271431998,0.5825330575427067,0.019030455803642987
13.09,0.007243589287859453,0.7449257822952335,0.4400268531263224
13.1,-0.349693142447141,0.13673334633570688,0.6402327387371798
13.11,-0.4830303397921411,-0.5125932584601609,0.46284831882483257
13.12,-0.2930905497371332,-0.5293696231635084,-0.1711740074051546
13.13,0.06964221145245006,-0.13344631462460027,-0.5037645564276839
13.14,0.30952433141085667,0.2921848420508595,-0.2861856324718748
13.15,0.3452242671941029,0.34290515259972393,-0.03508012842202976
13.16,0.205096089853063,-0.11581832589393265,0.13385357799246994
13.17,-0.0655937835363831,-0.5069701005925927,0.18995384459025486
13.18,-0.313998016145311,-0.4312512388124087,0.12105281415449738
13.19,-0.35400166815739237,-0.11365893756885653,-0.06544632795492025
13.2,-0.2268691505211931,0.18391812503053892,-0.2586224382287621
13.21,-0.15281701127957148,0.27508904662099987,-0.06507973479792448
13.22,-0.12328047590519134,-0.1193652105939434,0.17120934646672767
13.23,-0.03373869785100464,-0.6333045382586948,0.05731414151464104
13.24,0.026693184043940367,-0.6612767523705299,0.16553574560681958
13.25,-0.08204848759845465,0.23133657027226595,0.06647950380613288
13.26,-0.18338929851429053,0.3478996773005135,-0.000823950334796323
13.27,-0.25137576475908535,-0.17942340927267442,0.21048679635713863
13.28,-0.22499254840986427,-0.2967715894831488,-0.003522781351904203
13.29,-0.07137140501846073,-0.3260800128689631,-0.29137624683830793
13.3,0.04016247058157723,-0.30957658242347474,-0.17784683596948234
13.31,0.06864250182940836,-0.12329919059730743,0.014820350601943616
13.32,0.0021498214635081864,0.29358861133447184,0.1953683677690697
13.33,0.007097702298462155,0.20844216927212142,0.17097672586419965
13.34,0.088877630357338,-0.4757697454400065,0.025408015576786014
13.35,0.06502701585635758,-0.6614800655566618,-0.12846931648811716
13.36,-0.07842976230531148,-0.11646160033359976,-0.11745399487119441
13.37,-0.18372652835684083,0.2702143515883768,0.040657842292534635
13.38,-0.14736202108570406,0.10673575379532388,0.11247913775040552
13.39,-0.050658154145922174,-0.0597195734443331,0.22317915567587504
13.4,0.10802670347013897,-0.09038843435635874,0.03357998983364177
13.41,0.2434736227644729,-0.222469333882885,-0.2048710305447637
13.42,0.22537442035140134,-0.2642347457055954,-0.1619952710546687
13.43,0.061123981758121726,-0.0947675574239922,0.08471060345117395
13.44,-0.02765392558770683,-0.1927276792034079,0.18240297835376576
13.45,-0.042443408570429816,-0.2749168985162694,0.2288049469999529
13.46,-0.07916291099630254,0.1471496023722672,0.04269189056865888
13.47,-0.042307322996426096,0.1533857298170947,0.03748627713912382
13.48,0.09633645043631328,-0.2669392970170055,0.08064526651634409
13.49,0.25742719188666185,-0.13916241397217227,-0.24883493326123224
13.5,0.3403243351582476,0.26075840863499944,-0.38226179651568454
13.51,0.2824375026040307,0.1701409702639437,0.01116601253879207
13.52,0.20679778686948627,-0.46942694757958836,0.14310571100021097
13.53,0.1810615973930638,-0.8297539162642147,0.13926765914415157
13.54,0.11930523505201773,-0.06469214457203487,0.14558531201499014
13.55,0.0350891351308803,0.8940161991400675,0.049010032397621126
13.56,0.09631464148534868,0.5549442225299261,-0.09117863651361091
13.57,0.2498251429754274,-0.32791053340822085,-0.1272383107328167
13.58,0.2667062882481719,-0.1265701209250859,-0.11300911666205651
13.59,0.24191480220296835,0.32733159741352114,-0.2953578949061141
13.6,0.27281260087919584,-0.0669418941584588,-0.10378846612351902
13.61,0.21154464852341862,-0.17019519184562595,0.07609882222941487
13.62,0.09745677731628263,0.07720597144826166,0.03681327754591812
13.63,0.024411998960102932,-0.014567879453887295,0.22412007995710642
13.64,0.0187101522009421,-0.061299391303086904,0.23737659686454482
13.65,0.05666950975093017,0.1887973243849947,-0.07330942485183878
13.66,0.14632196403233588,0.25586083681559635,-0.32735355372983765
13.67,0.22218816938817784,-0.036129064425528656,-0.2322464683900257
13.68,0.20978574188759047,-0.1663851478021955,-0.10623861810104848
13.69,0.170400366341448,-0.16406374162183301,0.011355382465035285
13.7,0.05960021601561649,0.11743463198709758,0.20130608701849723
13.71,-0.06889741030691249,0.5109415978549205,0.09435937927302007
13.72,-0.10955571082073048,0.24076267942143126,0.1334348346780237
13.73,-0.0794511447079897,-0.16536867388774318,0.2288813838785788
13.74,0.017823421316248422,-0.1690682628328215,0.06033416247496681
13.75,0.1258543268246792,0.06559587132477526,-0.07800263218612177
13.76,0.19439765883589788,0.1400917002944265,-0.20189902294328438
13.77,0.17469967557707594,-0.1890272844204821,-0.07058169707587855
13.78,0.09783502125816601,-0.2917503507502366,0.027545345349852986
13.79,0.03586878013474072,0.12110475437878349,0.03469645762576176
13.8,0.008502527883160412,0.4868517559856945,0.05608676291445238
13.81,0.027804059835376756,0.4530350492500186,-0.1685779117257826
13.82,0.09909183535276708,0.00021257389786166758,-0.1293760121085141
13.83,0.13050486469263106,-0.16768134708082658,0.10961558475360483
13.84,0.11104351400931924,-0.005931647771366316,0.13864905412934145
13.85,0.08842216142705027,0.1291977627203595,0.04501322409011249
13.86,0.033468297547807585,0.1479358974609877,0.15542789197511525
13.87,-0.010567217606285362,0.05539532964854414,-0.028508689874351595
13.88,0.08199140611762981,-0.42053768470829556,-0.2597028471494241
13.89,0.17849106690569574,-0.398393471147494,-0.15456312190767305
13.9,0.17471265132566544,0.4802199200980598,-0.1386365753651133
13.91,0.14262934343433226,0.762669367909343,0.0388819384800132
13.92,0.0717799704022834,0.38356101337457615,0.4427568920823385
13.93,-0.03721044442468245,0.02244802911238436,0.5314072334885183
13.94,-0.0719265105605597,-0.395069654378639,0.21856801831551798
13.95,0.01945418572585568,-0.44731792713664886,-0.31884178812265723
13.96,0.17125177927649718,-0.013899772540296895,-0.5441796255421717
13.97,0.27331604313485636,0.4973454478694812,-0.601446162086138
13.98,0.2733494695241916,0.42398313176876545,-0.23165612653844153
13.99,0.16159334700268735,0.022994347103945822,0.3451942427232795
14.0,0.03364131584758348,-0.09857296325743337,0.36725060047015634
14.01,-0.03448995720899098,-0.06846907211942538,0.23006262371173353
14.02,-0.1030703658719323,0.2530595929902879,0.20843362076747707
14.03,-0.055262183502906806,0.34629149179274094,-0.10396709655750466
14.04,0.12268104891510362,-0.12130554503798135,-0.32320473275083916
14.05,0.21858392865522758,-0.11289116931982558,-0.20672599763946536
14.06,0.23952353235064378,0.27400459091013407,-0.22598127793622502
14.07,0.21658438617774955,0.08631013609176708,-0.033396028632906166
14.08,0.033534897072663356,0.10568653294496658,0.18341784343635353
14.09,-0.1731497293741466,0.2297014000124672,0.28018625602407904
14.1,-0.2582923223156327,0.09785033100120669,0.31609757262605903
14.11,-0.14781023972750762,-0.1496454620643146,0.06450391609115785
14.12,0.07070749073219555,-0.20362258593604704,-0.3804149589057995
14.13,0.2537881859365316,-0.1225995274075885,-0.4628715339344153
14.14,0.29751632382040644,0.1418359497805368,-0.3004263909614365
14.15,0.23045774775355726,0.2429548762643232,-0.06384433082381022
14.16,0.043232157165768864,0.15393601210365582,0.25194632022520813
14.17,-0.16226229113609986,-0.030390466192135868,0.2994856171705838
14.18,-0.3162008544238505,-0.1035833572460707,0.36935373282960804
14.19,-0.2954501209932424,0.07815540475870666,0.10825752652540971
14.2,-0.09162986891943328,0.00024977768067288575,-0.04841280671082013
14.21,0.14031598016754687,-0.1385091438838349,-0.11229886165917133
14.22,0.33311748105812033,-0.12226595010449368,-0.31981951134421194
14.23,0.43488199435865216,-0.19330285112033993,-0.30691122628254236
14.24,0.3265821038482855,0.0025595119907087793,-0.22035564746412267
14.25,0.0010745779447751125,0.4661877649886954,0.0982610093396715
14.26,-0.2864971296955458,0.5238473617386461,0.38392197194461336
14.27,-0.36523273660466915,0.07926398784433464,0.3122966326563216
14.28,-0.3076905788851943,-0.1159237322529403,0.04229057743635034
14.29,-0.1279785912038462,-0.18230176866613904,0.0028887994952250407
14.3,0.16872987011616256,-0.27969226251376855,-0.027669696480852032
14.31,0.37407452788421836,-0.04932998545360287,-0.11420965939759556
14.32,0.3057486979570056,0.5642480577590677,-0.21438250632436728
14.33,0.07435773294036396,0.5478245543125607,0.03672651550135919
14.34,-0.21389832682239374,0.09555836341077151,0.5787854158664004
14.35,-0.3678388312830627,-0.1427844392970002,0.2749591399559355
14.36,-0.2618722291344926,-0.31870900850267403,-0.33412236744269275
14.37,-0.04338666050289078,-0.10671191049697087,-0.4355044767382497
14.38,0.11059024125778366,0.5715419372922159,-0.3414090246649989
14.39,0.2111987441295528,0.3540208164758894,-0.008821048002840615
14.4,0.24685212155103115,-0.5396421324446876,0.30464337577244677
14.41,0.033925964980923706,-0.3553363481752768,0.40675524868976065
14.42,-0.2724884791056471,0.43330158353625337,0.23718589693778366
14.43,-0.4307274205468188,0.4490131104168069,0.06793996017743953
14.44,-0.40225673914508936,0.05583541415695498,-0.06384020366716783
14.45,-0.19674593597906748,-0.13655979284032646,-0.20506872067456217
14.46,0.08945057962106814,-0.21497201782540948,-0.4349743153143154
14.47,0.18344193412865592,-0.05287807762669108,-0.3732738722976882
14.48,-0.010568516750573631,0.24827960129435264,0.13302480821144147
14.49,-0.2926393058730864,0.3819320894155139,0.3571384892704401
14.5,-0.4202836512230441,-0.10301915521543076,0.24547768208272597
14.51,-0.3821155761440505,-0.5624312154522422,-0.01716100391824288
14.52,-0.31200687946440453,-0.29303513327204206,-0.37765298698267336
14.53,-0.24813664291118537,-0.21792401551970622,-0.023789662270807088
14.54,-0.13108238272974218,-0.12823148153268624,0.12568033358780262
14.55,-0.11613794692764887,0.5676276606549776,0.03989610119358751
14.56,-0.2985965272185922,1.209856247053959,-0.011064067884376413
14.57,-0.4535422606340071,0.23240887918665876,-0.04343228085092418
14.58,-0.47460305925267104,-1.517062871755012,0.26305734649584267
14.59,-0.32688088164787676,-1.6984822494374763,0.2285961255851639
14.6,-0.15114588113095412,-0.05147054955679775,-0.1511726937336598
14.61,-0.08728790744162335,1.138951966450285,-0.24291523442507262
14.62,-0.10073995105595623,0.6294104846602065,-0.1545177248996561
14.63,-0.1700226532425847,-0.43681597734984334,-0.043439158994220836
14.64,-0.23496929263902303,-0.799676006467998,0.14383315185929535
14.65,-0.3948830171528773,0.028857648329633667,0.0031786164726305133
14.66,-0.4636310886795001,-0.01517568228842367,0.10342794161393043
14.67,-0.41256169238612805,-0.4657763101005677,0.36309699058419415
14.68,-0.30743205929920625,0.0882610583152118,0.11743899739042946
14.69,-0.2810388229299197,0.9806211173021071,-0.31309104935819904
14.7,-0.2055202565294425,0.10697485284739128,-0.1889444072921568
14.71,-0.030102144310405227,-1.6080748735970185,0.12469857587348224
14.72,0.05576681507745472,-1.4554646704516938,0.03845535164987318
14.73,-0.09192532755337897,0.4303355437868239,-0.03648203235591699
14.74,-0.31960617641315653,1.2576813845545214,0.24616065158426517
14.75,-0.4574783194372534,0.35565833841818495,0.4509843820886082
14.76,-0.41855656145998726,-0.6404371121696111,0.15947863792284656
14.77,-0.23128055107700457,-0.7347366012214319,-0.2359542195923659
14.78,-0.0028561841044639213,-0.4001853565047702,-0.4180080863754314
14.79,0.20052425049623268,-0.3874664254964181,-0.23771973657677362
14.8,0.27722828524103493,-0.254424033070896,0.029872541849471468
14.81,0.13440726611426967,0.34496473185602394,0.11449103241483813
14.82,-0.15317241067014692,0.7378369960196662,0.15922706567848724
14.83,-0.31679834597117773,-0.0255917519024238,0.5389676567175277
14.84,-0.3041040902625394,-0.6184968754435853,0.24821153950383734
14.85,-0.0842941415087361,-0.5130784584550382,-0.33336671050809635
14.86,0.14295599539654869,-0.26076331282121545,-0.24051795931002384
14.87,0.32016800127065903,-0.12567902707541462,-0.23948739013261028
14.88,0.41377752133349777,-0.09207602180692935,-0.31723479881703043
14.89,0.38205220224046577,-0.01493921872588011,-0.13588713625422835
14.9,0.17736064612600377,0.2621667905986292,0.014218187339297847
14.91,-0.08049035422013237,0.1414837920770045,0.23328454769429968
14.92,-0.18189147282930268,-0.36811171644066937,0.4330993884537405
14.93,-0.154627878535598,-0.214120980952897,0.2525963822199849
14.94,-0.0019456171434215908,0.24496734879982335,0.028460224087863167
14.95,0.28283658078237967,0.16524346070925472,-0.149049694564157
14.96,0.5653787464025617,-0.17547491460182335,-0.37334724866254676
14.97,0.6274965768916356,-0.16686142055604303,-0.32705151914487446
14.98,0.453015554094022,0.2599519955160775,-0.13679985883888096
14.99,0.2794078712398323,0.16616353383720725,0.11400538333621284
15.0,0.12224104630451713,-0.09936333779844175,0.40354705454447143
15.01,0.012173951458239338,0.14575770757951778,0.16145945502600628
15.02,0.022490427081899717,0.22645676068345277,0.09842169112038568
15.03,0.15049192238869258,0.028641452404731205,0.2899826468200005
15.04,0.36545106983014314,0.06729315323086855,-0.06517156179210004
15.05,0.5356264367786091,0.1283380965583081,-0.4822837230853341
15.06,0.6152493814550696,-0.20072823022716244,-0.4777767672976049
15.07,0.4843502614187456,-0.3063492440902022,0.0821194510868739
15.08,0.2790426350990929,0.3165596778119948,0.039749042787471406
15.09,0.11699822380915179,0.5610284828798956,0.2798004607352239
15.1,-0.06361969751902258,0.5394513707031131,0.4650579248463489
15.11,-0.17699534671433848,0.2767334157585884,0.23728810004394532
15.12,-0.13200386366590885,-0.32376686022819917,0.21932368881669012
15.13,0.17659521490855612,-0.654070145456585,-0.19795920531778424
15.14,0.636310286703438,-0.4229180669383874,-0.5299144448661373
15.15,0.6636906375940148,0.5750068952865128,-0.2868845437873261
15.16,0.3586310201007132,0.9796241810014812,0.1515842910992352
15.17,-0.015121820974840994,0.3812919488798636,0.40391951809034443
15.18,-0.23587093094619854,-0.40923171651975976,0.41404789817395593
15.19,-0.2017592094216349,-0.5631300649455858,-0.2047593755157503
15.2,-0.07321625162290746,-0.027794576724445297,-0.6289202004360828
15.21,0.06110044057256031,0.375500688589111,-0.2751957473190528
15.22,0.16918063473745354,0.45012973009874657,0.2742064575301705
15.23,0.2555256363701034,0.2791980950877926,0.38979851121690634
15.24,0.21463323601001252,0.16521235671858336,0.20243688885328753
15.25,0.08476262670199858,-0.0767680331878848,-0.05789198299837392
15.26,-0.027597596390595974,-0.44427718337699096,-0.24238572350551463
15.27,-0.08681180161345337,-0.2459733514307255,-0.30333129783623874
15.28,0.002113449379806606,0.2132821235127032,-0.37712499463500965
15.29,0.15911472341166447,0.24557575683267752,-0.1855924714270723
15.3,0.10090153344922871,0.5410317812266491,0.07455244408220912
15.31,-0.030027955671857495,0.6039410642287613,0.15787537662132872
15.32,-0.0194738704534812,-0.3281180340057195,0.3616079745790002
15.33,-0.013451955594247037,-0.6336724876705428,0.15580783432377723
15.34,-0.039109024475115925,-0.1404527838696379,-0.10466486919153312
15.35,-0.024167738533551378,0.07746321868656134,0.08626579853275779
15.36,0.009294377391258296,0.30019407879094145,-0.06801353637555561
15.37,-0.012752428681785695,0.580699201041961,-0.2186221831858179
15.38,-0.08232112306384869,0.4653469977236524,-0.213193966191124
15.39,-0.12867633458347538,-0.03795532184046446,-0.2515654397146704
15.4,-0.1380890975207058,-0.5586236570568064,0.19854450096476262
15.41,-0.15661281696187676,-0.17179044185111125,0.24183744670445878
15.42,-0.16434670256395117,0.1979005899422903,0.12256592084216428
15.43,-0.12424134775184906,-0.22849693871208748,0.29830620779391726
15.44,-0.05874483078396257,-0.3381345522911166,0.1721177631835427
15.45,-0.050936265411912617,0.32192280221870734,-0.030593105841152796
15.46,0.006997060591174005,0.44914148864370823,-0.32585654054147856
15.47,0.029270586462908588,-0.01987010896962843,-0.4026848724631267
15.48,-0.04950232325798584,-0.22953021818843125,0.001859774916526613
15.49,-0.0772016652274797,-0.03921411301396857,-0.018284056008047965
15.5,-0.013615621391367905,-0.05696259860426002,0.024624840005736
15.51,-0.03074532334850902,0.1442557269429819,0.2323700675359602
15.52,-0.08751319317050454,0.3246118974751657,0.2145336064799392
15.53,-0.034387344948673265,0.03794671178348663,-0.010128452843056829
15.54,0.11233412108512014,-0.4233020037755741,-0.18459897563024466
15.55,0.1278843201696874,-0.2970963783886005,-0.15292146601106482
15.56,0.09570242943508273,0.2601147502768518,-0.11001268055094127
15.57,0.22329832827396737,0.05263332678414362,0.050771411788600826
15.58,0.1588228032544426,0.19534947111978263,0.13794800068550855
15.59,-0.01465826292636263,0.37436142935156885,0.007993597083617937
15.6,-0.13240366799098283,0.12763249520715964,0.05914965254916021
15.61,-0.12314849389266304,-0.11687429011544788,0.09905448072982673
15.62,0.01166597793016752,0.021083776157427736,-0.3473111180219668
15.63,0.14996306588133174,-0.0883476215961918,-0.3203512529105321
15.64,0.15231921826110023,-0.3126476003055848,0.22518292418012753
15.65,0.08244254900526293,-0.1621639772362456,0.40437691377134016
15.66,-0.03369539725112325,0.6079958598890856,0.11923666418582451
15.67,-0.09428732333524967,0.8015960454110743,-0.04139392642298592
15.68,-0.16403759838730167,0.2747849435671862,-0.2299600165653291
15.69,-0.2250011209630469,-0.41933320221802933,-0.2755506068192869
15.7,-0.23840177530931575,-0.49918256893109153,0.060105777296813434
15.71,-0.21291128952446148,0.05978143034042538,0.09283374238759724
15.72,-0.263919386264389,0.5136178353548846,0.06426399492807401
15.73,-0.32958654328257614,0.07659816644060535,0.39799862958196885
15.74,-0.35937758884660664,-0.40401116909400037,0.16953601532035678
15.75,-0.35000343310639637,-0.3658489651449487,-0.1588720258322364
15.76,-0.24710850897516862,-0.39265649679103365,-0.16374532791590926
15.77,-0.17054891085594615,-0.5000080099338148,-0.021855020146866855
15.78,-0.13138569666057504,-0.44476497724277453,-0.05604451331270248
15.79,-0.1217795312910627,-0.015759080372536705,-0.19362073940334765
15.8,-0.13909313465598627,0.19892510421698825,0.12509481909223663
15.81,-0.3402265359646296,0.7687343772216505,-0.04883016305967741
15.82,-0.5731347965229004,0.05664866461511797,0.22667361069357747
15.83,-0.6440384669556074,-0.9549988216440566,0.39451337669229003
15.84,-0.419020444504266,-1.1641012253975813,0.3096965342705766
15.85,-0.19139747341450705,-0.07618959748278797,-0.07217998778662366
15.86,-0.05640144133348611,0.48678251799018546,-0.2699691902149773
15.87,0.004110360650058993,0.0947370251396234,-0.03193228564525724
15.88,0.05967633099648125,-0.2471333156766364,0.07836294078781303
15.89,0.0056873666949175256,0.10095529704837425,-0.24007004547428712
15.9,-0.17548983798008883,0.15630385335714259,-0.34461816217241226
15.91,-0.30047068150082945,-0.6870351124282846,0.1866087360718734
15.92,-0.29789429793169325,-0.7775753497101768,0.4374420231666276
15.93,-0.17494170394183334,0.24631918490147497,0.07903708698109457
15.94,-0.06787002337353712,0.832531966050525,-0.20570976996871257
15.95,-0.028239414722428573,-0.08201258401847289,0.24173361102613933
15.96,0.03386092835107808,-0.7880221381173742,0.10461115390596293
15.97,0.12654894762158486,-0.4871333485996973,-0.17569312038176715
15.98,0.2735696236858907,-0.09430736467724332,-0.21243761261723734
15.99,0.2826183644940717,0.055856096466549446,-0.10868936100588499
16.0,0.11861613054134526,-0.3481739877023614,0.5913589815203324
16.01,-0.047921680687338195,-0.037562324465965635,0.33922303835349255
16.02,-0.024639493861692334,0.5479851323644881,-0.5154107677732154
16.03,0.18358879425689234,-0.10242863827788684,-0.2019067414537864
16.04,0.35105888053256484,-0.20525468856011614,-0.3501375584273122
16.05,0.43058869650405324,-0.07922025767488808,-0.33686942400584374
16.06,0.39742035030131767,0.0538864171531354,0.18066594326108731
16.07,0.2648571840919295,0.26197353872029183,0.41451844260106663
16.08,0.021580431557276347,0.5060749057900404,0.3786781725290121
16.09,-0.05776511570383933,0.2887761182052582,-0.07316122379194129
16.1,0.09423201512075959,-0.5830997750082969,-0.2428416228338802
16.11,0.2892094215870418,-1.0298890768278761,-0.18736981325235463
16.12,0.4346607984072769,-0.7020820233959346,-0.10318229726004803
16.13,0.4663949844542068,0.332397448232693,-0.09171916863956353
16.14,0.4849611341418907,0.847755048364302,-0.12755045579254543
16.15,0.38039237993956443,0.5806793216633184,-0.21479118300091637
16.16,-0.015969420293663716,0.3463505750738684,0.012604430642126407
16.17,-0.3427724577119139,-0.37784667109113484,0.5628577248649369
16.18,-0.38999786825789723,-0.9367868300670432,0.7959393688460762
16.19,-0.1537718646206302,-0.28053428469257835,0.292936916931943
16.2,0.2734244273868547,0.8939753680016634,-0.56504039520363
16.21,0.39057825779700117,0.9711219062527671,-0.6796551684830602
16.22,0.24075560789394998,0.38199828641043365,-0.3850885156233995
16.23,0.008333683273254011,-0.32924512315451254,-0.15181551449133052
16.24,-0.08664702470236851,-1.0900456238986873,0.17039482219383734
16.25,-0.050918860401200305,-1.0552880069008272,0.14816215261015872
16.26,-0.036361358912833604,-0.1401716397638525,0.1189804644145999
16.27,-0.0887259845114618,0.834187605611671,0.37496012755005254
16.28,-0.10762065096632581,1.032887370045939,0.2869417885363861
16.29,-0.13064886879481483,0.32170698985119617,0.2220653696139176
16.3,-0.13358541056644802,-0.30018922093377814,-0.09740868530609276
16.31,0.1074378400723659,-0.9575204707295422,-0.5441394510854176
16.32,0.4784807849367475,-1.2002934806452634,-0.4833323683364571
16.33,0.5988575271318446,0.11328810046668014,-0.22067239596660798
16.34,0.3697071976854528,1.516291478264711,0.3800645170728243
16.35,0.01506169659586487,1.5119021967481245,0.5911682525143308
16.36,-0.16822966786021562,-0.01923506654686502,0.27937718988991495
16.37,-0.21556319315326047,-1.0886666228499025,-0.08601453145405469
16.38,-0.19530772096917973,-0.9056747187780967,-0.13239751449905163
16.39,0.13818531733341308,-0.5573976601946833,-0.18231880760710006
16.4,0.5720513500555923,-0.02301251079230804,0.24560583360635885
16.41,0.7419721434969868,1.2721218481929986,0.15931196590146798
16.42,0.564864437866208,1.4784795305446095,-0.07871251792885156
16.43,0.18788936776137344,0.22672673130705667,0.03620461663017044
16.44,-0.15942282652020573,-0.31045860098709716,-0.22549568681809515
16.45,-0.19587826189500743,-0.5489493502211567,-0.14040852339900134
16.46,-0.06768565396332887,0.0931948390360019,-0.4389736655223754
16.47,0.1955615973588406,0.012915452696188504,-0.20514840675605836
16.48,0.3416681004608561,-0.09657852562101396,0.5461813581670257
16.49,0.3542754914761779,0.9736421706429631,0.1342557950033293
16.5,0.33184838155498186,0.8199894428574298,0.06665040473648004
16.51,0.21046255223066768,-0.4621330020764798,0.26495944969089746
16.52,0.15517102794775062,-1.481093051111297,-0.055034208611187574
16.53,0.07181330247680645,-0.6981466977505094,-0.19142217874486928
16.54,0.03142219907460893,1.3059935210207296,-0.37146048021947353
16.55,0.22898003154959115,1.5952327028834727,-0.3850173282860935
16.56,0.2645877770126355,0.7560346652851476,-0.033250423921713845
16.57,0.10663811023857234,0.05355219494555874,0.1537498444856334
16.58,0.012307899988588347,-0.7527114843863685,0.330723986728089
16.59,0.06281979469196988,-1.1245035519889777,0.4160126555937001
16.6,0.02683394993704369,-0.10905273160898488,0.27417402517737033
16.61,0.03190003912579126,0.5576256504530714,-0.006600346897414899
16.62,0.0741468287381351,0.745254957317221,-0.462213646513642
16.63,0.13620207925690817,0.42939801892414514,-0.4351097916995133
16.64,0.13257451334528036,0.18273020863377226,-0.24994411649313167
16.65,-0.03368339080948887,0.1275473416091772,-0.09808755569932229
16.66,-0.16239014391356626,-0.5305876845239668,0.22596380639020064
16.67,-0.16731607052605607,-0.650845266529487,0.19633065375808945
16.68,-0.13748945235093007,0.11759282685416528,0.18153120622911062
16.69,-0.1451455957627541,0.9335700886797347,0.1883868624007098
16.7,-0.06026238782826902,0.6595206249019134,-0.15283579378487266
16.71,-0.003042624878417312,-0.29515197837126217,-0.3810791312111582
16.72,-0.15568582597727912,-0.4975842931076836,-0.1236801979850361
16.73,-0.3056128496289504,-0.06614918349959686,0.0818057323242121
16.74,-0.2187021554553193,-0.19816529137281544,0.049043896047754595
16.75,-0.05896636313129466,-0.40163322988559846,0.12436831413652
16.76,-0.004961737836462976,0.07037585698342097,-0.11275295785931161
16.77,-0.13522423931002422,0.3839467269743366,0.021952244244414748
16.78,-0.32828980987872003,0.30773954191196135,0.15763534546394534
16.79,-0.4325524879028608,0.06711292887613673,-0.02525109436009515
16.8,-0.3213908193573694,-0.3557627089717057,0.07136581260293584
16.81,-0.08029621841852613,-0.30881205604910095,-0.15245236131951378
16.82,-0.01778248705865506,-0.10146349078972927,0.2499490586181941
16.83,-0.09929046466634574,-0.35216762202563945,1.002945795114212
16.84,-0.1183333888392242,0.03619923529678465,0.3722393588468482
16.85,-0.06141720730420398,0.5762926682083579,-0.4357465074056857
16.86,-0.10810661885339959,0.4532219709865705,-0.7380624632567432
16.87,-0.22579103322445743,-0.056756167651585976,-0.8926305157952044
16.88,-0.2950731143176916,-0.40948183532113497,-0.47354998786365643
16.89,-0.11444549015986549,-1.0016450175276175,0.47888500276304385
16.9,0.08969870824245998,-0.5324299150864444,0.3699236265793805
16.91,0.07139397027951368,0.27190143329486616,0.3551681911834683
16.92,-0.10936522120477965,0.5266712383281433,0.7148440596455367
16.93,-0.2557766567321296,0.7839273906486943,0.13059556759990876
16.94,-0.23459192944492202,0.19773285475621372,-0.22194411912078274
16.95,-0.12288342606855863,-0.3951389297332587,-0.4907274033044503
16.96,0.04722816527337348,-0.5224407590221007,-0.6667126557326231
16.97,0.17474221795544798,-0.36975843733640334,0.0729513668168279
16.98,0.2539375162691131,0.3860492813852992,0.03291820137163497
16.99,0.32073321410394157,0.5399373040220191,-0.16055520637463172
17.0,0.2907254371005168,-0.19057590635326038,0.6156140206343523
17.01,0.08265835675800465,-0.08771454697947968,0.40781351288638223
17.02,-0.12057965845485674,0.3419099734005986,-0.25581853509216657
17.03,-0.04344337016564154,0.04374162745940291,-0.3392996161743816
17.04,0.11048512720240736,-0.27598220480221314,0.10823734344195685
17.05,0.11477290623243722,0.028674238673490948,0.20866636734017557
17.06,0.05664411719243958,0.3074433048343124,0.12781832838281265
17.07,0.0318427827190511,0.401025003678921,-0.054481677749618235
17.08,0.1388451066416882,-0.4291572540858786,0.10175250492261256
17.09,0.05855881700170593,-0.0738290519600789,-0.5255480178691436
17.1,-0.047378743410711154,0.07130402949329429,-0.3530834929086713
17.11,-0.08560186568249151,0.010114438781591182,0.3282636468139505
17.12,0.0334769220962814,0.1400321030472513,0.09250399465210524
17.13,0.1686406105280001,0.12437948457169881,0.02439728766559439
17.14,0.12235290729082983,0.034630741901023325,0.3406685371723828
17.15,-0.06520367728319193,0.07513973035261196,0.42425696851364164
17.16,-0.15281277915049016,0.24906671963259724,-0.029473496720053987
17.17,-0.07187341112937133,0.11409475286220391,-0.11808021958433067
17.18,-0.004924032026387761,0.3133412727071119,-0.5034388350322101
17.19,0.08553072817123629,-0.22905099280902427,-0.47715882351634026
17.2,0.17332415848049273,-0.7190748418315498,0.04636761477991152
17.21,0.18618879587017192,0.17766118435923073,-0.018963153112862736
17.22,0.043896334619498906,1.1542307397101121,0.01825465408621576
17.23,-0.11454907824550083,0.6278968494435389,0.5141372879594499
17.24,-0.16644354094126432,-0.7044058306339731,0.7440776951241183
17.25,-0.19267658697636894,-0.6746695652473508,0.06290256425592981
17.26,-0.22934594426708776,0.12175698621061322,-0.3015776922710647
17.27,-0.16228349610964646,0.3150490065798456,-0.26017551654970994
17.28,-0.0615632883226346,0.19252822388494983,-0.2170740710046374
17.29,0.07587344972375912,0.1541013253735011,-0.6403733258678252
17.3,0.16355195764766517,-0.31775709243228273,-0.3485549903144042
17.31,0.017074087195098744,-0.43287925967289825,0.2829694899458392
17.32,-0.2523388920110192,-0.005247600504369761,0.45093928320583787
17.33,-0.4703399171100531,0.5302077139925039,0.3002908775079127
17.34,-0.564522777496852,0.6575823221342798,0.08287474454078635
17.35,-0.5166743626261837,0.22814719205727174,-0.1980087148105621
17.36,-0.3390483681088641,-0.5802246237608436,-0.18670407555902527
17.37,-0.11475590034542607,-0.6619368417593375,-0.2758965215749827
17.38,0.07105811614567148,-0.23099263696545097,-0.23309228131920248
17.39,0.04934884845249401,0.23381678143261278,0.030390248407882875
17.4,-0.12719607428008917,0.3108955154642386,0.09692434390750236
17.41,-0.4112135697217155,0.15755072744146317,0.23271651206710756
17.42,-0.6161268877041313,0.08944085982727043,0.14012769535595165
17.43,-0.5804631763584958,-0.3095772952071027,0.11632068646809864
17.44,-0.3625630157274247,-0.5292513532443944,-0.035566049409397046
17.45,-0.10831980114376413,-0.342721122171606,-0.17772706666356505
17.46,-0.007724123819177751,0.08495538111540994,0.0009373174087955499
17.47,-0.06301585053363,0.5313899843170838,-0.07567018432776883
17.48,-0.22313974029027359,0.40632630961259975,-0.08400115041781155
17.49,-0.35642138656727773,-0.3817726270362164,0.09074955183942063
17.5,-0.4025608520239696,-1.0215436580277655,0.17944550888193367
17.51,-0.32879209505331436,-1.0532337148076123,0.3568519979464546
17.52,-0.17197048124181485,-0.19357096665809675,0.1870266435975328
17.53,-0.09154092677931161,0.924051608384717,-0.08277233686817972
17.54,-0.09625070127968949,0.9895020750372916,-0.23649932140685992
17.55,-0.1136573545064517,-0.274001718135069,-0.2064387739940012
17.56,-0.12403269927351217,-1.325958401077024,-0.06964286641674673
17.57,-0.15746642086107485,-0.9796576553437548,0.09104160351705817
17.58,-0.15441874531020439,0.05026447181624501,0.029351189668348418
17.59,-0.10580381309504644,0.5364197696341902,0.07146635434628422
17.6,-0.0875801631865056,0.3687848064831919,0.2341731024271815
17.61,-0.15045475129815092,0.009047314836141802,0.18841702467104374
17.62,-0.22224768835677255,-0.47720684313174366,0.03821727288238288
17.63,-0.223945896445152,-0.6776240592762217,0.03864862596140505
17.64,-0.09894704187455436,-0.47929297322277353,0.03071189065536961
17.65,0.05114186950113457,0.06846386744842042,-0.01636148805597345
17.66,0.15166744575318575,0.3911943424202187,0.05818800746852927
17.67,0.19503422002187462,0.08143390613126729,0.052941371837682334
17.68,0.1326549663580364,-0.23459086333310072,-0.1326089113280716
17.69,0.03749584383904923,-0.1894754908314126,-0.24920269158172434
17.7,0.012882526301886106,-0.006734566885216526,-0.10463258000476501
17.71,0.14382054241920145,-0.10083271905008724,0.023310729718483036
17.72,0.29265026943913597,-0.24530424767456613,0.221788956954602
17.73,0.2766322588036066,0.15347993948711008,0.23734447923165009
17.74,0.17962185422448187,0.5069887296465566,0.17870707306801029
17.75,0.14188032290114025,0.29796459987156837,0.11710515175452302
17.76,0.1809319040093823,-0.08824801779859436,-0.11512232108962901
17.77,0.30879236735587623,-0.4275035720117983,-0.3320178220454401
17.78,0.407310197703157,-0.47464507196465316,-0.10966422960345966
17.79,0.3881982137333466,0.2814411506960455,0.020666768647849908
17.8,0.3486004952605729,0.8951708457940984,-0.07314209839100264
17.81,0.26483161913447295,0.5984713165587215,0.05192371053419306
17.82,0.1257233003921217,0.11292046790591037,-0.05797859127899299
17.83,0.07545930522290159,-0.7391053271100199,0.22931949337266205
17.84,0.19623555544384386,-1.0972600576132117,0.17936234788006555
17.85,0.458251216180948,-0.569254063443849,-0.2583637870288498
17.86,0.6635653018237979,0.22850164197370504,-0.28383434859186213
17.87,0.6255978288428528,1.1927798652992687,-0.29726767880700444
17.88,0.42855549002953774,1.4578666128187172,-0.1938211529247171
17.89,0.20875124855763388,0.7409887644586126,0.17140273756956706
17.9,0.07944395057106479,-0.19523279740497476,0.3805529896397663
17.91,0.07173105116622598,-0.5885187728267621,0.4751622720417195
17.92,0.17368910099921905,-0.22040494467941724,0.2543364989699569
17.93,0.37905896326495564,-0.019601207865826604,-0.030780727638643052
17.94,0.5535376427743587,0.10552250986565145,-0.34055199857837626
17.95,0.556394442091462,0.41537554849990105,-0.3809908672692211
17.96,0.4256973156303732,0.5246559116245961,-0.3821003776781886
17.97,0.28688087579553756,0.21547336656302468,-0.5018074689549068
17.98,0.14587047908182618,-0.05475714984454734,-0.04153316101480814
17.99,0.0012588233297067151,0.3492422385890163,0.32877605809312843
18.0,-0.13047681725606713,0.8525258316375492,0.35570506539860214
18.01,-0.1783112103330836,0.5921615502534843,0.39762249716515574
18.02,-0.17490148790268195,-0.0995439916622751,0.2752193203164514
18.03,-0.1945561303605541,-0.5291134428145681,-0.12669359929542368
18.04,-0.22081243615528384,-0.7990969092603932,-0.3791565624970276
18.05,-0.30547777692728406,-0.7765844605159563,-0.20335172810579688
18.06,-0.47262394225702176,0.00630716817823028,-0.243796870919084
18.07,-0.6491941783491191,0.5990307092999093,-0.20970549692759
18.08,-0.7928674803106942,0.22667099480806657,0.42777507202564347
18.09,-0.8720006980125081,0.04876291144771789,0.38641919852003315
18.1,-0.7829946380504251,-0.040264817106468766,-0.07882628405941867
18.11,-0.5879364524275388,-0.4916622556491568,0.08117293246219706
18.12,-0.49085600419855985,-0.11710748465292026,0.12711175012113018
18.13,-0.4277819384538007,0.3747693853675576,-0.10766145492909093
18.14,-0.3679396726817572,-0.21762283158188797,0.07273168812175605
18.15,-0.44971014182115654,-0.5228989211501865,0.07866584248316552
18.16,-0.580962406491078,-0.001869314403182368,-0.19761790468663695
18.17,-0.5135974589985839,0.07869112528064548,-0.3124936129363655
18.18,-0.343344782987993,-0.28024673341790846,-0.13196018382572977
18.19,-0.20538519448643935,-0.19593900448494753,-0.01209301556573473
18.2,-0.05891716232727331,-0.14031986486280373,0.15582896645273667
18.21,-0.07898435014939025,-0.06415312338719903,0.402233219016266
18.22,-0.30666499055596763,0.169934358665664,0.39552762289985577
18.23,-0.5887829480211253,0.3048119159337619,0.264708410550481
18.24,-0.6285996522989706,-0.3148204300853164,-0.007838315276250011
18.25,-0.42561627569640487,-1.0611315041594729,-0.24149146544684957
18.26,-0.11455865523635662,-1.0514744980665807,-0.35724596186656193
18.27,0.08685766943586476,-0.42675090349044464,-0.17149676848889536
18.28,0.06810928865379734,0.5152697102883235,-0.08327039375442202
18.29,-0.06857747866609164,0.7499777000264504,0.0023122594343538173
18.3,-0.25704025871611635,0.08876083362606753,0.34659260997827734
18.31,-0.46172785889424195,-0.0694059899667864,0.19715456743000917
18.32,-0.4675387454408813,-0.29957565571978934,0.1604501025586613
18.33,-0.2870975910236348,-0.5525243621467918,0.22983461361581914
18.34,-0.0012625728943803233,-0.32106052078479774,0.06300057030242785
18.35,0.2579347252339441,-0.02042631091875014,0.031610355342660934
18.36,0.3504419485688103,0.02899935347637213,-0.008272677191390906
18.37,0.24544827639073422,-0.020203842395652222,-0.15761860756701096
18.38,0.10840869499111472,-0.26954179332577616,-0.1474564634329147
18.39,-0.017353206023419707,-0.23213800819214253,-0.05118691017609438
18.4,-0.06893603811802466,0.1793977233739095,-0.12295815497186963
18.41,-0.014723233907853454,0.3384658418667547,0.09808375089138116
18.42,0.18348971565747912,0.25631717402142656,0.0846914348387588
18.43,0.47949008420261197,-0.011946106411432622,0.049737668971067905
18.44,0.5763107723499755,-0.02213246130849184,0.3430687692977024
18.45,0.4566930551289832,0.24425835845247887,0.14244395171802643
18.46,0.31844985156201755,-0.1943591596651158,0.003673106347434389
18.47,0.07061354796558975,-0.3482482375061711,0.19666605183344898
18.48,-0.2915783797267767,0.6886555821087521,-0.19092829601368486
18.49,-0.4763147940314893,0.7620967846734207,-0.3138244947709315
18.5,-0.39887116465577194,-0.6976667685689054,0.3598734611693682
18.51,-0.15913535834687273,-1.3266033466634144,0.1828529412860495
18.52,0.11257607247108856,-0.8388360186818236,-0.40923376865286587
18.53,0.24787103416513742,-0.18621652357808965,-0.4571227884120386
18.54,0.10311422919143054,0.2976150561864728,-0.15522579457565283
18.55,-0.23674205256342268,0.28901828416099773,0.23621475882708187
18.56,-0.6298732819537007,0.2445509043177348,0.35277131387379357
18.57,-0.8422976714548119,0.06595005523996475,0.2120636044185461
18.58,-0.8383935688965048,-0.24510209460143612,0.17469170798132017
18.59,-0.6236014157126415,-0.3778134472501731,-0.1692982026934558
18.6,-0.17109395562655072,-0.8241005412428906,-0.35786728270363033
18.61,0.20963709185819532,-1.0158081263073804,-0.0775430544593678
18.62,0.21149336662152546,-0.192367028261742,-0.0358937006379374
18.63,-0.033257985664900146,0.19398087708442371,0.19173175850761512
18.64,-0.3718457127807896,0.19169569909368744,0.24099681629364814
18.65,-0.5563430033921687,0.0932154419112485,-0.1364123827133858
18.66,-0.46718508778732454,-0.28556331448901556,-0.16735434259522067
18.67,-0.21993424439952458,-0.3992030782057897,-0.1845200240481938
18.68,0.13568948624783964,-0.7065257869973407,-0.013568420670054447
18.69,0.40342183086233113,-0.800236521527525,0.3684772385248015
18.7,0.36533063524523623,0.18739514260760026,0.20427096299399264
18.71,0.058758134809337934,0.7973342966129586,0.10881518112110142
18.72,-0.29271130705850285,0.19285462768481032,0.26894436349880685
18.73,-0.48317223696448464,-0.6212891572820828,0.06187150129013348
18.74,-0.3546991842220948,-0.9045269601202788,-0.17705322480853944
18.75,0.07577466288941964,-0.7896963264363988,-0.260249123930102
18.76,0.5213235109093951,-0.1745353718337327,-0.41104166895132727
18.77,0.7307332512353321,0.22091424691228018,0.03527748816522505
18.78,0.618542598908103,0.41607273166911385,0.4303321557828327
18.79,0.373858133976338,0.1268893244209799,0.29797336179620093
18.8,0.129158472018861,-0.4150062771913213,0.17135887479473416
18.81,0.001231118341871144,-0.43067524831102644,0.03595667175302
18.82,0.12934078849494893,-0.03446191579538865,-0.18158327891934445
18.83,0.507086144598991,0.16108417418536666,-0.23274524559630666
18.84,0.9567254204765362,0.054060237367661086,-0.22656611814944339
18.85,1.1351344887831796,0.07532297819243065,0.14072219529928406
18.86,0.9652158025335196,0.28119136493651326,0.24388569399810234
18.87,0.6106671962546345,0.20512702244759898,0.16124346127936917
18.88,0.21608438368489327,0.14254679868916503,0.16496038869734925
18.89,-0.04414228381975591,0.17731917049096926,0.09087833031507492
18.9,-0.053040317649813706,-0.08956644273578848,0.1163216828440742
18.91,0.15441144286549208,-0.15314312162736488,0.13582312702924967
18.92,0.5601489017543128,-0.09064275682105673,-0.06422450670009215
18.93,0.934667699966448,-0.11570257427522357,-0.2671291392739077
18.94,0.9865138719555635,0.1566478803719283,-0.42072499902369814
18.95,0.7636184600785227,0.21038738190398668,-0.190976705757775
18.96,0.3686214738639832,0.2838539210685208,0.0642897799241592
18.97,0.041467163471834614,0.21290845666759498,0.17026962884633898
18.98,-0.10932443809546435,0.012714858653555261,0.1759666670750819
18.99,-0.0010610505120470515,-0.18660699039796896,0.12617876014779977
19.0,0.29490683783795957,0.0468659811728499,0.06769299134751505
19.01,0.554565322496641,0.5268232180229345,-0.1309652603187309
19.02,0.6514350555384855,0.26230217830825386,-0.25025175775860636
19.03,0.5658119539149735,-0.7169074648682586,-0.11932339054914061
19.04,0.234751739154908,-0.8165130277586261,0.040020837465820296
19.05,-0.19846293761779313,0.15361262938627807,-0.0647016260073096
19.06,-0.4263987943370291,0.6395253677464448,-0.24083822902212232
19.07,-0.43551618703863487,0.3675507605676369,0.05643190891807027
19.08,-0.24681999211758712,0.18433482260610562,0.1142330775589244
19.09,0.13197802270927467,-0.19968115987079119,-0.01868708201119686
19.1,0.4787872726611057,-0.6180600820392049,-0.010105439442871894
19.11,0.5882085249663945,-0.5530367478749778,0.08471460951805071
19.12,0.45203824651851693,-0.002285739289706934,0.0876653881506622
19.13,0.15081131699129025,0.7088941122046347,-0.06772069244890605
19.14,-0.15052764572294358,0.7815396962267198,-0.2000890425145216
19.15,-0.24401257465402432,0.12082876346840259,-0.1728883471974578
19.16,-0.055557666356549976,-0.6404909222767802,0.04425645300290814
19.17,0.3088978699206882,-0.6225206619124609,-0.049166002749298075
19.18,0.6986452807072089,-0.16458332844378648,-0.03339223764717288
19.19,0.8476088333838885,0.3681718719884938,0.24843755074954987
19.2,0.6962945587940412,0.8539211808733848,0.18202932395790183
19.21,0.379110993532714,0.811123943834881,-0.02101079831204756
19.22,0.09158427039698691,0.15028526123629696,-0.10569113234693459
19.23,-0.06853219508066045,-0.4103086054747624,0.09361449233392743
19.24,-0.008444183611033385,-0.25398721774015204,0.22107267893923344
19.25,0.2936385584391091,0.19579039337226836,0.07633190141626253
19.26,0.5874117630617358,0.46824281789428573,0.10380449325839732
19.27,0.6213160470821514,0.721389615431866,0.09946415369277532
19.28,0.5060434202090923,0.36830004604790845,-0.002560956571240388
19.29,0.3654188091253162,-0.4320543475772805,0.019362699474130395
19.3,0.20089914567082318,-0.4732164552993968,-0.03982710200377927
19.31,0.061525411488193654,0.1953206957319626,0.08691305398149682
19.32,-0.029831381979535443,0.7313213600001285,0.40441989123500194
19.33,-0.08443781647567146,0.8823559798746307,0.5184563569727637
19.34,-0.07892822044226239,0.5955421164848346,0.3859576759815854
19.35,0.05569510284414933,-0.08723417274428294,-0.12645867843495692
19.36,0.24124217111069146,-0.6021732249466124,-0.6351102716759421
19.37,0.33576190486206303,-0.48922658149197634,-0.6299893399542298
19.38,0.2616086571356603,0.28634767238441705,-0.37121082928731486
19.39,0.13406539845045568,0.7885036403681976,-0.21547981504489572
19.4,-0.02656952432578524,0.4174462454487005,0.20789982717590544
19.41,-0.26164659466056756,0.24619292203513057,0.33467194252397126
19.42,-0.4075486620798596,0.3579622354898247,0.1873415456548853
19.43,-0.26411136251051837,0.008408651538148598,0.017818123158978377
19.44,0.06518360546158325,-0.4242810113015072,-0.30859037790323424
19.45,0.3443553267726959,-0.336362976205077,-0.41923754468112073
19.46,0.4567177603673713,0.14752375807277418,-0.409940950525012
19.47,0.34162373010759206,0.6654565553192473,-0.45688930562270225
19.48,0.0502578291510248,0.7159525219009926,-0.27422218160467304
19.49,-0.20384579071547979,0.22606214550411496,-0.031291120129067256
19.5,-0.25808413099268074,-0.33874526904433055,0.18126924395910743
19.51,-0.13730844434514183,-0.16316526789551147,0.14593325205549093
19.52,0.06850561048790595,0.37334872659372814,-0.05429112669551557
19.53,0.23046321043870344,0.40870895731644213,-0.06038648884856224
19.54,0.2504153851895183,0.3499664667252895,-0.16117251938965482
19.55,0.12345535223779767,0.39779215690802766,-0.28409529929131083
19.56,-0.09868968459169868,0.26549475357331703,-0.1387367373694638
19.57,-0.26607346817207617,-0.0591575702548064,-0.05356224300874254
19.58,-0.2907927690157476,-0.36961870083800646,0.16487066831494007
19.59,-0.22921928445531045,-0.1274848907117851,0.2935089235449108
19.6,-0.12920428927137176,0.38692134531827893,0.04015695908230743
19.61,-0.06664091859738153,0.4797705313467688,0.03720682685442997
19.62,-0.09273310481117843,0.27655733940760324,0.1453526077476964
19.63,-0.13427041989451424,-0.1614466181939483,0.015096825467759138
19.64,-0.1699682049627091,-0.45978623764830556,-0.03659356682456333
19.65,-0.18123337202165868,-0.28396932943800246,-0.07589250221303198
19.66,-0.20288133032246847,0.04581215235446334,0.09049658346189413
19.67,-0.2296136277665841,0.3455290804492229,0.07675794760975962
19.68,-0.2593441030830713,0.2818927665528396,0.0492729524951416
19.69,-0.32088336443323706,0.10110864975909911,0.21901932146064687
19.7,-0.34654251684475534,0.024417398446761954,0.09955221437694314
19.71,-0.2216993589050798,-0.38204118354134114,-0.009680791298485474
19.72,-0.0951624274730681,-0.4394690855379941,0.015545667957744844
19.73,-0.13017852096091795,0.26927211510150384,-0.022653581627622807
19.74,-0.2847840339203854,0.7075343386163273,0.1399987119258998
19.75,-0.47090585041766225,0.39471377526904616,0.334302104248971
19.76,-0.618381105568684,-0.21612115072941793,0.44343057678864917
19.77,-0.6169034256360735,-0.575914958934197,0.21586831461208794
19.78,-0.39128449330230913,-0.5334616332856162,-0.3219676429418135
19.79,-0.017065202015138295,-0.3371486945822708,-0.6003245915403395
19.8,0.24360337286357933,0.0043366635876517096,-0.35340844631553514
19.81,0.19658738536748654,0.6065085802276926,0.01994306754593843
19.82,-0.04123611547728553,0.8391416904987021,0.2820692979750984
19.83,-0.2529049272627196,0.13739553768507434,0.530251247639456
19.84,-0.36462335036381743,-0.39131428962325177,0.3477923599924312
19.85,-0.26852208346838363,-0.4220495672165834,-0.002235372445536758
19.86,-0.0296731047434639,-0.3720239196401293,-0.030688927526888243
19.87,0.28818701884108483,-0.17955264578433594,-0.18543146085583911
19.88,0.5455384345401424,0.37117428658374724,-0.4820489524660626
19.89,0.6369269195392493,0.4689506085393824,-0.2996799622846556
19.9,0.46600187098914236,0.41844928209359994,-0.2116370004185609
19.91,0.11702149395805582,0.3616431982990091,0.03995398071397132
19.92,-0.15674105277172481,0.07873509375915892,0.4067616142079444
19.93,-0.2259054015178579,-0.16731711529428153,0.45358899012223985
19.94,-0.15201975173809837,-0.00018955212335178967,0.20505228623362212
19.95,0.00946438750765434,0.16282763964373145,-0.03515371097195276
19.96,0.15312404336745156,0.01722952792454521,-0.09439596363904515
19.97,0.20520604252220115,-0.03998750856050162,-0.2861155997077108
19.98,0.11091263661070777,-0.007423577478573936,-0.2725398497673848
19.99,-0.13404103394574804,0.01586565326386665,-0.04477091617459435
20.0,-0.385457560655206,0.07083589299838207,0.01715754390580708
20.01,-0.4785117825862435,0.012665431224380276,-0.05352849143902822
20.02,-0.4077769221862879,-0.14576539003561947,-0.012545701346929946
20.03,-0.31643222505798047,-0.0700014909686027,0.11231077306350828
20.04,-0.24987945369972653,-0.05280837124791492,0.21407614313553727
20.05,-0.17565909929126125,-0.23876495025462735,0.13811721842758753
20.06,-0.10704451276929164,-0.31708638803360956,-0.0900397167669425
20.07,-0.09870428690813965,-0.3359418984121053,-0.23762946050975986
20.08,-0.2157335073086988,-0.1932515963087544,-0.1893946729839971
20.09,-0.3990277705173751,-0.06113618772179573,0.19690176472205315
20.1,-0.4833596010778218,0.19516593582151504,0.17121337343190587
20.11,-0.40310473995025903,0.14908224949695242,0.1368623370568871
20.12,-0.18746744397867326,-0.2522363594954058,0.10279485711858462
20.13,-0.020178994955694383,-0.3928454831833961,0.0644072936478347
20.14,0.06754355930328976,-0.12542891203158762,0.04005335197440468
20.15,0.12288588817578519,0.08572546528443045,-0.04465117144642694
20.16,0.09249002132917854,0.15777035343114024,-0.15459039483526701
20.17,-0.0760178691724801,0.23164112120756067,-0.019421976053676883
20.18,-0.19211131698170492,-0.07693822784041497,0.21190970253802965
20.19,-0.12427293494695321,-0.43178649678066505,0.1428110326257952
20.2,0.11317438113360764,-0.38201366051181246,-0.11631801361872823
20.21,0.38608928762117545,0.0659656133556125,-0.31983663406144863
20.22,0.5490557648414724,0.42855254421080574,-0.2615809473227169
20.23,0.5075130583002757,0.5350151472790577,-0.00513671490274124
20.24,0.3737188230068408,0.2788963313574516,0.13836224392846
20.25,0.29200065849834245,-0.20365889224505593,0.2477769186809366
20.26,0.20787515287907085,-0.05766428146363636,0.31001659929575615
20.27,0.11996851442234342,0.5585362409924776,0.21749762991340305
20.28,0.17897512733235463,0.5677689557910425,0.00365937380175118
20.29,0.3621000713068726,0.03775471164956379,-0.24709617566304487
20.3,0.5494383901368803,-0.3764714917027702,-0.40343382331396654
20.31,0.6364643509345707,-0.3338798943108513,-0.4155154194653451
20.32,0.5909788578475734,0.028776153095373243,-0.1616276686458593
20.33,0.45205414103750335,0.4736744049777366,0.0843572217428244
20.34,0.19938986092112992,0.8202732096694474,0.31115084336370047
20.35,-0.07056678363425825,0.7975653928032329,0.38406550196628014
20.36,-0.20637862302889082,0.29616771712494383,0.27063376628363833
20.37,-0.10325848477997616,-0.3407793137563325,0.042682746149930145
20.38,0.18929044276335458,-0.5091424762210264,-0.2567390156093969
20.39,0.4454039662074447,-0.055376732862896044,-0.24236896164527622
20.4,0.558107642635581,0.6727857599156808,-0.22734125119594162
20.41,0.4499505435239969,1.0028882685750802,-0.1697152391817984
20.42,0.1386415739018621,0.6362903370776152,0.008165039702093412
20.43,-0.19844664564579267,-0.12321981541406837,0.0716414281456011
20.44,-0.3815745593561948,-0.712301339474284,0.173039745241783
20.45,-0.3900531268649829,-0.4001664262166252,0.32594518602455014
20.46,-0.2108742040038219,0.36000400199934374,0.11394757011455993
20.47,0.04636630442288716,0.5753219772624631,-0.17359956298354587
20.48,0.15604322037229598,0.3002391988498869,-0.2199836750876197
20.49,0.07151395462370488,-0.07647780763599846,-0.22566318796298926
20.5,-0.10916570615247383,-0.3882662574830408,-0.1727673368736833
20.51,-0.3218369372778977,-0.4120530453829975,0.05105739074980756
20.52,-0.5468086252949487,0.057239020393584084,0.10316347572748397
20.53,-0.6904456705725114,0.4355549293559373,0.14398742950022103
20.54,-0.695492155839538,0.3936312938822328,0.17630675943520377
20.55,-0.5437031992147928,-0.0683091919655299,0.03355780889979898
20.56,-0.35513215701454104,-0.5846383324950314,-0.048751272508224926
20.57,-0.24687965708409385,-0.6473131952463622,-0.09864617629564315
20.58,-0.26022476908609693,-0.3304618054396301,-0.12973747626069732
20.59,-0.42207621783720584,0.1733766730743937,-0.046670304759197714
20.6,-0.6221695487633205,0.38693579369785064,0.09008063363136212
20.61,-0.7473885619359933,0.10456823902282783,0.3241476183790739
20.62,-0.7149163641294211,-0.2687654249106989,0.31948706990772086
20.63,-0.5301521701218079,-0.3098960309520337,0.020933964067909705
20.64,-0.2012891884698088,-0.311831563918654,-0.2797784424387254
20.65,0.10073857891826783,-0.3525916075708062,-0.26699470084046284
20.66,0.1997639295472154,-0.1312026244409623,-0.10320355172909415
20.67,0.0988471136414696,0.05628168405277473,0.179640816554816
20.68,-0.11713462102937623,0.17678618514955605,0.26315895720623306
20.69,-0.3410062997038435,0.35214437565274925,0.07992556557156309
20.7,-0.4036719609311946,0.2553043680894494,-0.11166764846705077
20.71,-0.20803349673253013,-0.1934052201452205,-0.15282355049081942
20.72,0.13711290541470553,-0.4968649456807973,-0.1652926680973494
20.73,0.3772485915084432,-0.3155908139335927,-0.05153329897134389
20.74,0.36141377934993696,0.16209167529163393,0.09708213182375203
20.75,0.09587700920412114,0.4517073073271798,0.2267980310502692
20.76,-0.2931791914364936,0.41850522711007077,0.22878565998932446
20.77,-0.5567369379679055,0.012266207230826803,0.03759853945938323
20.78,-0.5594721073028236,-0.6599295632620453,0.09426039880811679
20.79,-0.3451614838827454,-0.8542321023988795,0.05550913289385862
20.8,-0.07725810720930397,-0.3831925890069653,-0.12498500927785856
20.81,0.07600181275905502,0.1275325489106676,-0.13807282206662097
20.82,0.04224038405208618,0.158070085125527,-0.07733661574116918
20.83,-0.13284602152312647,-0.17113421628774544,-0.023474847676301286
20.84,-0.3685043575868967,-0.35148867731917843,0.06244780818382824
20.85,-0.550821807420311,-0.3451611964252972,0.15387575386010902
20.86,-0.5774272388979024,-0.341557112506696,0.19368230558691113
20.87,-0.4378757348402517,-0.1603999572733198,0.051387659836807154
20.88,-0.15021070614756454,-0.1795756512656117,-0.028099939422849655
20.89,0.09542214740059704,-0.35146147735146926,-0.002080032634562145
20.9,0.14272976017078653,-0.23653017156317374,-0.07302277493830442
20.91,0.0654056864377455,-0.22397180648896386,-0.030808352252773154
20.92,-0.07237898550189506,-0.2438196550988701,-0.013493924662349614
20.93,-0.18325683120575792,-0.23545601659537307,-0.04039957435599179
20.94,-0.21422701474196953,-0.24391501990126377,0.10764418600515532
20.95,-0.18930275631073026,-0.09182362875208852,0.18749369910578662
20.96,-0.06547080227464495,0.023049461104569118,0.13341031674399925
20.97,0.1605834646510092,0.0033337172800432177,0.026448492332400864
20.98,0.4181998086670069,-0.20054752139878856,-0.07994637714293139
20.99,0.5432482430810037,-0.19903276715584012,-0.14594325529349358
21.0,0.5275336727907519,0.10072331016099582,-0.25698926090357976
21.01,0.4629890113979881,0.21943759766924034,-0.1589314446573821
21.02,0.34537906899173154,0.3653420887966076,0.13096481546955105
21.03,0.2406309068191989,0.6010889265509423,0.2345755073659443
21.04,0.2228600120036121,0.19664140880686432,0.5959586137532532
21.05,0.26756707996817386,-0.24878615075173863,0.5804589074487342
21.06,0.4133961710676996,-0.2648647763309222,-0.14987845801940636
21.07,0.6073958172964897,-0.1325317309478497,-0.6279603074455228
21.08,0.6876787627167115,0.0736580920376309,-0.5587644334341474
21.09,0.5743944594432314,0.33656389149768523,-0.4670888120874487
21.1,0.36112531282929916,0.10809268240598627,-0.02619247140466291
21.11,0.0851552350890848,0.019208517033300634,0.4157173564993752
21.12,-0.15368654716431512,0.28265567929462887,0.2647773252751543
21.13,-0.25184529994059773,0.19239857000015959,0.1249118538123909
21.14,-0.13422315643967872,-0.15421344194796593,-0.03593593466199086
21.15,0.13170827243067523,-0.40549876637507215,-0.14664437769293176
21.16,0.32248528961866,-0.1581943496412434,-0.2169281323179282
21.17,0.2995173424612897,0.30423505287612507,-0.1537370077562284
21.18,0.10029585147862692,0.36809581293199906,0.13852909796790028
21.19,-0.14778532844967002,0.15337793421913476,0.1677391128353723
21.2,-0.2844274142984797,-0.051428459482748067,-0.11108907198999071
21.21,-0.26282813587702947,-0.16428296571255774,-0.031250698360918094
21.22,-0.1720601291759064,-0.00842537586951815,0.16862671813082655
21.23,-0.048022489021432,0.1813454644297664,0.128174584975595
21.24,0.04686392740484017,0.3337609433606572,0.028415080575702807
21.25,0.09263093597884782,0.188315786444749,-0.08880414640338911
21.26,0.008372408531468312,-0.12458666211017194,-0.10488383140656105
21.27,-0.187867969698166,-0.2609762674088639,0.04316893346782501
21.28,-0.3481968259331334,-0.10512836529805272,0.13535552737788875
21.29,-0.3594212716228345,0.02182474269691078,0.04318399607184506
21.3,-0.22735511575776324,-0.11908114010470247,-0.03323734620975799
21.31,-0.07723537154237656,-0.19649626111377003,-0.08499360977379222
21.32,0.032780055057903684,-0.07016050162717347,-0.1595914365426492
21.33,0.088765298889988,0.09662593347588641,-0.08397060552431342
21.34,0.08969899378847945,0.020278947134675256,0.033072217681816354
21.35,-0.005263814474572425,-0.13066126019223873,0.10988792539267765
21.36,-0.13489833301563625,-0.1647417890774968,0.16867115080364167
21.37,-0.2254088257882811,0.01943611304770916,0.14573822610048606
21.38,-0.25958994430920246,0.37690322302586143,-0.015094280097411636
21.39,-0.18453313282742956,0.29565515879574555,-0.10977374902936712
21.4,-0.04252292494074521,-0.30768771807722656,0.08122095848553346
21.41,0.06651455454054897,-0.5633717306600341,0.047380385135582764
21.42,0.1653005566111043,-0.4637725723427192,-0.18140012430442753
21.43,0.21255340066609554,-0.22867670052648537,-0.23807732064258988
21.44,0.09667568221063692,0.3176218173268055,-0.21954662645444917
21.45,-0.14440084014443674,0.6394685666843869,0.15848043693986522
21.46,-0.32818968175501256,0.3067641305122357,0.6208906454986037
21.47,-0.316530855020662,-0.3740652109640505,0.5814089484600045
21.48,-0.15622773567553594,-0.5995048717034028,0.085926441072805
21.49,0.07724792808346923,-0.32015756706357,-0.39480084797972936
21.5,0.3044445172216933,-0.01486338361868235,-0.5429783835497691
21.51,0.4204514507901013,0.19552444419061074,-0.45645694405157305
21.52,0.3690902077564229,0.18910929380557556,-0.240283632437038
21.53,0.13337993757684125,-0.0860442087336239,0.30747305978973244
21.54,-0.16654098873873568,-0.11443726412531446,0.5037384922584489
21.55,-0.33622045110629495,0.01017349907986844,0.41174489032503364
21.56,-0.30374454938426343,0.18997671312512443,0.15879831093870847
21.57,-0.061662536416514854,0.18725786994656463,-0.24679129413546347
21.58,0.29101883178498206,-0.21215112888996762,-0.3932448272005076
21.59,0.5252447234703703,-0.40112097962931387,-0.30034364116778867
21.6,0.4748197754222943,-0.14405465920746446,0.026681185762253187
21.61,0.1941972029459894,0.2838521922712761,0.26453241955431533
21.62,-0.12836639542832531,0.5488303086034508,0.18891010034887853
21.63,-0.30913113445475254,0.20204498380626013,0.07684258289437332
21.64,-0.3041147011285412,-0.30483391085081946,-0.09542124034025358
21.65,-0.09900827602122939,-0.5831620597529822,-0.18852918101352023
21.66,0.270469641802756,-0.5968479820444814,-0.053729455617517616
21.67,0.5999517152703071,-0.05024209213336939,-0.06301516245812416
21.68,0.6353849557629471,0.7285906546965727,-0.06278470975574896
21.69,0.40110186712723017,0.7201068481510644,0.13661645203917627
21.7,0.07391324947367874,0.09814998364232863,0.14418668426863812
21.71,-0.13544435288333953,-0.4329035189962765,0.02090685294231672
21.72,-0.1423495432611885,-0.449329984526601,-0.09010386100977034
21.73,0.02565498627673101,-0.22807859224535804,-0.13593134627822698
21.74,0.2542545385286978,0.06240687435359711,0.020094450256833672
21.75,0.4296936221177034,0.4759541368522647,0.06138175559339451
21.76,0.4740814696181318,0.5300908572407552,-0.042388592965538666
21.77,0.35964451844372874,0.10262088261205743,-0.1127216424998303
21.78,0.1679759875190866,-0.44148956927924204,0.03931247975138775
21.79,0.0297016585324333,-0.4514032443307966,0.11627466863730525
21.8,0.018681494734020834,0.24275168740932673,-0.09540546982344847
21.81,0.08181149842513727,0.7830989458730948,-0.10507573774970268
21.82,0.07771575552503637,0.8742523865995296,-0.05920394375524683
21.83,0.025097282966946972,0.35161463871794074,0.0489008223785395
21.84,0.04405770378917445,-0.5882433960488682,0.19481966119299549
21.85,0.15156780894957686,-1.0497554411246255,0.026929616105714788
21.86,0.2131130270707257,-0.4335596489306882,-0.30017788594213035
21.87,0.12613321244459488,0.5543655250292083,-0.16498683983531143
21.88,-0.06657208440107455,1.1616570787991705,0.12807513609346466
21.89,-0.21781569832233444,0.8279801391230102,0.2962786930289085
21.9,-0.2724137556184768,-0.16296431446766485,0.39090278340771495
21.91,-0.271487198857378,-0.7055285318256664,0.2265887481583692
21.92,-0.15385314829918006,-0.6770517156209346,-0.06478449265310773
21.93,0.052337899701712265,-0.14095640927335432,-0.33302424040848383
21.94,0.21263047281702824,0.4228929707062157,-0.3728997403082801
21.95,0.1929995321593716,0.5321944287820097,-0.21872095417864237
21.96,0.04085288971156227,0.08149862073943573,-0.021117433159371646
21.97,-0.17935568825932957,-0.310453888892961,0.33296435670609187
21.98,-0.33620175433141414,0.011850922164026917,0.3066935139114904
21.99,-0.2595198489312139,0.4228581726050638,-0.053477377354594215
22.0,-0.0103189913959401,0.2897181284053988,-0.1082361794232132
22.01,0.2005574610012867,0.10295933122503559,-0.08954031268783053
22.02,0.3052121085730415,0.05765626765174235,-0.21062439289007817
22.03,0.27879080082660995,-0.061359755455534,-0.1282665040258389
22.04,0.07939067799868155,0.09100353058943189,-0.03971816870124932
22.05,-0.16695603201166573,0.29052734388905943,0.06926799312927878
22.06,-0.3034090740408692,0.20150584663097126,0.23199894283504036
22.07,-0.2857978277151773,0.0471209499375017,0.20442156631151528
22.08,-0.17961176349656632,0.0365053113520835,0.14153585003637753
22.09,0.00685372770285974,0.02789840175226739,-0.1007852528524882
22.1,0.15342167946237958,-0.05584327223410628,-0.11689617306911615
22.11,0.15186429546534716,0.14333768938926872,-0.15696374173045308
22.12,0.04808531531205619,0.3152999179344499,-0.13486633457961278
22.13,-0.1267604828017787,0.25116114859849825,0.17295440800997275
22.14,-0.30294509280776233,0.17492915975104412,0.14508724934827066
22.15,-0.40265371455710414,-0.08767925876050245,0.13719297929701016
22.16,-0.3817010521080637,-0.23829577099046823,0.07806394258611746
22.17,-0.25643267605885267,-0.16183162963998693,-0.07674978565705777
22.18,-0.18000351903354694,0.07699234724882953,-0.12481485115942301
22.19,-0.17148846155545552,0.0952799074543812,-0.17304592407066802
22.2,-0.1938269634148274,-0.3317802464013784,-0.012860872673458867
22.21,-0.2545898560706061,-0.4761913211483076,-0.03814358955948545
22.22,-0.3523465496731655,-0.09638398308125828,-0.22444516540834936
22.23,-0.43847787654389786,-0.059360201839361394,0.11922165514089474
22.24,-0.5001444118852679,-0.06435749445468555,0.3287213360552067
22.25,-0.49541775008617844,0.1438891827974094,0.1403303044359079
22.26,-0.4423142240312553,0.17538425264022695,0.08236630484854573
22.27,-0.3329859626369195,-0.13196187139885596,-0.16035135293444247
22.28,-0.1586964482190665,-0.7202015078677699,-0.28326157695342224
22.29,-0.03601708900307912,-0.7940171159158231,-0.05509642279135894
22.3,-0.05627572455538671,0.018791252968037686,-0.0007826648044579679
22.31,-0.19374789084623362,0.675799798800569,0.035450228930620845
22.32,-0.4300146939328508,0.6206317136470674,0.3033659948691781
22.33,-0.6383243962766746,0.01243394004163817,0.513660069204821
22.34,-0.6566437590861157,-0.7587409010731823,0.41474220563102515
22.35,-0.44944156269283625,-0.980973204951598,-0.1505629736165109
22.36,-0.1386857420767728,-0.6976723942315894,-0.5119248624524947
22.37,0.05318522077585001,-0.23014049066445827,-0.4633775823628955
22.38,0.012377623257549084,0.0843664705742436,-0.2197329825145979
22.39,-0.19892076186675772,-0.1081961112032742,0.06263373005977806
22.4,-0.48956770661605614,-0.5321847724698895,0.29605991166558937
22.41,-0.7916205974850059,-0.5110295860678258,0.47201161300888983
22.42,-0.9235987503609923,-0.07702850475340225,0.37038901257144075
22.43,-0.7681889415897454,0.1308535227120764,0.037953533448110435
22.44,-0.391866278666622,-0.4000547018735491,-0.17307796758175553
22.45,-0.03548420438549686,-0.9782834580807762,-0.28672888282298997
22.46,0.09873564977019508,-0.9649374795075701,-0.16939767221385202
22.47,0.010243611730307974,-0.4624557279741671,-0.04330624778199643
22.48,-0.17442424501581355,-0.07740427135260919,-0.030607949386914184
22.49,-0.4021734074384597,-0.01197122878809874,0.17594007711539283
22.5,-0.5762903783932594,-0.07506214065227951,0.36094416231090437
22.51,-0.5040300980681471,-0.4680442779458238,0.3060126793006469
22.52,-0.15589413132830257,-0.8967176712489224,0.08214212648316462
22.53,0.25510653925563864,-0.837888591981476,-0.01127051481399419
22.54,0.4919851700129815,-0.20357621496712805,-0.06860237430631992
22.55,0.5227081465003707,0.30260871903187625,-0.15887764006568494
22.56,0.3849945417455864,0.2295305775654752,-0.025679940661233094
22.57,0.17273558497627675,-0.13173273117840625,0.14614838216373352
22.58,0.05344674767711924,-0.45614180029761864,0.1354929395770675
22.59,0.13883976261719794,-0.6884082989406148,0.22085768115218787
22.6,0.3624036820570361,-0.39755862760053085,0.2258605128957164
22.61,0.6429669785429517,0.20380525268794766,-0.0030380153236056993
22.62,0.8649872770472519,0.4735923669927445,-0.09003474704020617
22.63,0.9425149443692141,0.3483149472437732,-0.21374952259100508
22.64,0.8921170378147724,-0.07744623423134127,-0.2765844014831861
22.65,0.7947450184250923,-0.394727393064593,-0.1132469375312071
22.66,0.757591251392439,-0.2463739784594956,-0.028143393322789582
22.67,0.7830946183805703,0.19041591553433843,0.057464493584138826
22.68,0.7602010566148594,0.7883841070364757,0.14577156893420418
22.69,0.7161867734756036,0.8360712724801063,0.19812752419707866
22.7,0.7168324955467407,0.1847518729798121,0.13829139113702896
22.71,0.7539013518941503,-0.3810727088604553,-0.04788991290685438
22.72,0.7939099740585914,-0.41961233282729443,-0.1816108780050128
22.73,0.8385861362094709,-0.03981535682013712,-0.2768699380220535
22.74,0.8835047235508852,0.5136899382751532,-0.3288300507585241
22.75,0.8680536244847229,0.8124480423649787,-0.058368401822875574
22.76,0.7472933668756729,0.8094690020725163,0.1860031325373995
22.77,0.6050767046607303,0.34772963570041393,0.36867164079699644
22.78,0.514849795962267,-0.11686290890628624,0.44205254111761544
22.79,0.5016389146441275,0.07994689152451523,0.05755839240817209
22.8,0.6141481104897456,0.411318666848042,-0.36740691442324186
22.81,0.7864832159350299,0.3765068628332622,-0.4763353813220341
22.82,0.8593201761008299,0.29543577608190896,-0.40620602999837296
22.83,0.7867918658681354,0.21042907859598486,-0.055789469747929976
22.84,0.5988702529281101,0.24630932472218342,0.32482159608402417
22.85,0.3555268181087999,0.6230894782516725,0.318471058243939
22.86,0.16695443028588797,0.8398740398918167,0.10815501892486723
22.87,0.12816701616426796,0.4223718071320568,-0.003151144317560535
22.88,0.24971235854910453,-0.2406084219633173,0.004866737302966238
22.89,0.4649598551587994,-0.34993587905073203,-0.16206978262322969
22.9,0.6273040829640165,0.16579150887967348,-0.3148292475092081
22.91,0.6092384913505342,0.7085894361379472,-0.22429441887065635
22.92,0.4262101432531516,0.7697337071645431,0.03412715148897582
22.93,0.1986385261414059,0.5246455583217737,0.2324659325081403
22.94,0.07409495979176021,0.16655740285505563,0.2680244166016142
22.95,0.09134212808758838,-0.07359085379666058,0.09377793256657455
22.96,0.1853739555109018,0.12395038674677453,-0.09312594445935185
22.97,0.30588992652950225,0.6466126598045215,-0.11082977942239201
22.98,0.3674900518081689,0.9926662532287418,0.028121321295873726
22.99,0.3360688755678719,0.8373133796593647,0.010099660865163465
23.0,0.26278040339634645,0.2023983476035442,-0.06272013351111724
23.01,0.14162596903179736,-0.24221226393824863,0.11436477016182407
23.02,0.05164942006877773,0.004539332088288162,0.057461870845618074
23.03,0.06764619610316117,0.4038158033594935,-0.06549218427342522
23.04,0.07984582316931234,0.6931526249949558,0.007568166625697608
23.05,0.01616632766456069,0.8007730761155437,0.05848919336272994
23.06,-0.0637353606726366,0.46257188486918566,0.08447493466357761
23.07,-0.12416544387237127,0.042610198956178694,0.013890553589968949
23.08,-0.16648942293394076,-0.06363524177967979,-0.09745799099769782
23.09,-0.21179074777507084,0.026799508518935027,-0.010190073267853206
23.1,-0.2641145399680036,0.23686625324740135,0.07276838286922142
23.11,-0.31621548927953524,0.44733203483282713,-0.0031194582146641583
23.12,-0.4188898913612881,0.4452280398718416,0.07007777458832033
23.13,-0.6059729303008046,0.23856213683239694,0.17725991092845897
23.14,-0.7590848611186579,-0.23816522224682377,0.07191395989879662
23.15,-0.7828789673227862,-0.7338956276502774,0.040389489715400156
23.16,-0.7162392932280331,-0.5669836251148208,-0.08464341189124566
23.17,-0.6071572090715404,0.017015183823950564,-0.30621161455053725
23.18,-0.5514285878833884,0.30616612673325905,-0.15328260402021843
23.19,-0.6294906616953252,0.341450128543519,0.08624529698449539
23.2,-0.7891890983784318,0.041090697661789216,0.2506649154169365
23.21,-0.9196187461894724,-0.45767784904283115,0.4165506589320733
23.22,-0.9423328436133178,-0.4243575022162496,0.1876287759705453
23.23,-0.8424212541779741,-0.072973643895282,-0.10023850663237574
23.24,-0.6668152951693541,0.11235906709546022,-0.24829407431446476
23.25,-0.4450808318223785,0.003762019791147847,-0.3096966142916099
23.26,-0.25700619689231374,-0.34012213429713284,-0.10263289726702188
23.27,-0.27410316759219777,-0.39089227517753483,0.16562764514770936
23.28,-0.4612955054932707,-0.11378470786299703,0.25310490103027833
23.29,-0.6473000238983138,0.13358570368803177,0.2762196362542852
23.3,-0.7292570030727796,0.33705584030434427,0.1821416984624974
23.31,-0.5880902908876189,0.12531140917721173,-0.07433105119849287
23.32,-0.27967738025847094,-0.48623036454319724,-0.2752296605381825
23.33,-0.04061913642513009,-0.6600636907509143,-0.1841597476078137
23.34,0.03475605920026367,-0.21081285455337512,0.02939018538703602
23.35,0.003685768752663257,0.2799079743928358,0.04103751962804984
23.36,-0.0976539852893756,0.427891470646268,-0.008940790520392164
23.37,-0.2182561160203837,0.1600326610840338,0.14963940154305405
23.38,-0.2544406100327052,-0.2556357889328304,0.19577380336512717
23.39,-0.14887323719702167,-0.42236417176185514,0.09748592397583139
23.4,0.04403654990090214,-0.07300735933285515,-0.06804290198318662
23.41,0.2345493718791759,0.3504903272491776,-0.19332270460398218
23.42,0.32221594206495174,0.3713727703440633,-0.14972958524338462
23.43,0.2709869652000464,0.14141001250930268,-0.1081484536650599
23.44,0.14996250297681657,-0.11627710281861259,0.02410197708685053
23.45,0.009582583426644087,-0.13315895298611943,0.20271331543764745
23.46,-0.07667828218701289,-0.06498399465379966,0.2906785272417647
23.47,-0.04311147216378105,-0.08622534876166126,0.2183678107967963
23.48,0.03427054610207292,0.07673017423492953,-0.0007716448119071129
23.49,0.06499964892645903,0.313410216569886,-0.19280915876997454
23.5,0.05513337919600658,0.14358394296421031,-0.2652499078058883
23.51,0.006308819386652058,-0.30569534896844053,-0.22068163410164618
23.52,-0.10284435081469706,-0.4924146760912831,-0.02076607050401974
23.53,-0.23042784988719262,-0.24602850398894582,0.1853120576112921
23.54,-0.2994540061472917,0.15503242563031416,0.1921706707046288
23.55,-0.30029167293139153,0.1948233760769436,0.07905201077061744
23.56,-0.3365057654523003,-0.009571559938733216,0.05896599624356952
23.57,-0.3875120521568734,-0.16337837132034996,0.06959324382604808
23.58,-0.3427357686925242,-0.3463013387334569,-0.02902974536431402
23.59,-0.2543590109455448,-0.4441251627969103,-0.07276441233488327
23.6,-0.2731772160912044,-0.10975974095156851,-0.09027890449264554
23.61,-0.3481965920863517,0.12641943825502766,-0.11544474241180473
23.62,-0.3448088082293595,-0.2187573791867888,-0.007933388407577291
23.63,-0.32033539397864536,-0.4563322305492145,0.1601074373737996
23.64,-0.37798224037288514,-0.1203853591172513,0.22388863275883863
23.65,-0.45152468540239765,-0.11414538639903606,0.4249346245727902
23.66,-0.4486038474663768,-0.44003741570546195,0.28682210250200074
23.67,-0.35912662486359975,-0.382289836634099,-0.26187375119726464
23.68,-0.252242041299286,-0.05951127330438602,-0.4564750259372776
23.69,-0.16452821037141058,-0.013132170995200226,-0.3106954250978451
23.7,-0.09546377293915582,-0.42885687565606445,0.042743383345295455
23.71,-0.09658685919462304,-0.5489292602327013,0.3683087941462389
23.72,-0.13522127676689416,-0.17579962048629277,0.3222858475244099
23.73,-0.18574799872102304,0.017159972705245986,0.27067062336913933
23.74,-0.25115050450883675,0.07233168727240848,0.14254240585418754
23.75,-0.22545981627766284,-0.045803446253802935,-0.04581346069311375
23.76,-0.09949742985952109,-0.3521836767062322,-0.149757160483146
23.77,0.05935382957440512,-0.38793284820386953,-0.4519064088078266
23.78,0.25469158484011406,-0.4252031950994862,-0.47249203856165933
23.79,0.44531486508720297,-0.5457063633041717,-0.10417053812520793
23.8,0.45134078141931744,0.018550520230713685,0.062281301244669476
23.81,0.26052429667107224,0.6945710619585309,0.22559046984222716
23.82,0.04700087149662015,0.5107912447443477,0.4805199156958338
23.83,-0.045501994174079255,-0.09900409321249048,0.3824658450356517
23.84,0.07456661849358343,-0.522584357983042,0.06260598120616392
23.85,0.33680881810470464,-0.4134426113695613,-0.22523448234309265
23.86,0.6074456691712034,0.11760842385231265,-0.4819128925807356
23.87,0.7754635228769049,0.440062046846024,-0.2897252767606835
23.88,0.7786897102088985,0.43586668079773466,0.061262823828585916
23.89,0.6095149128945222,0.28151223711390094,0.21376117105509945
23.9,0.34668023930130093,0.11039665831749697,0.2813352434425754
23.91,0.15859769595242024,-0.006937343850906219,0.22438573261241235
23.92,0.1867452730126518,-0.1309525058283466,0.04966597610682147
23.93,0.3750440709738004,-0.01563639756526461,-0.05012264818291938
23.94,0.6185005711623837,0.345063339922762,-0.12806998419211063
23.95,0.8583681188330589,0.43230176631273143,-0.2655416494861701
23.96,0.925085000329611,0.20616914813476148,-0.23389783610904907
23.97,0.7259662588617415,0.33976526580219746,-0.2335412003039686
23.98,0.44190088358947494,0.5050544041599545,-0.11526642231442075
23.99,0.2751227295834455,0.19168102278143476,0.25473663391407675
24.0,0.21206750256525803,0.0663821517180436,0.4742297003836795
24.01,0.14163931977759553,0.3806422685951665,0.5953330558207612
24.02,0.12732448439952987,0.6496942042561692,0.2607616435536574
24.03,0.2536666702791297,0.42313177825170245,-0.34368899624624594
24.04,0.418182957166523,-0.16981045370198994,-0.4816835570324042
24.05,0.4678050625771315,-0.2434216610448356,-0.40579351722956336
24.06,0.4102398458652211,0.14462901262054767,-0.16589793310091946
24.07,0.27695459555227486,0.5807728594382549,0.2608849284021423
24.08,0.07091534192740685,0.7993776389983036,0.5025525563879039
24.09,-0.20173200275425496,0.6161251093540612,0.42829717813700885
24.1,-0.39205912266292364,0.08633944703575333,0.05688574549138953
24.11,-0.3623667548420339,-0.29563588727325096,-0.3024222755530438
24.12,-0.1548330787292319,-0.27838088216436035,-0.3146118978411783
24.13,0.08721842706358748,-0.031039026174692758,-0.32840196880729794
24.14,0.21684974852215694,0.03476973198948521,-0.16308669249828836
24.15,0.12860609264040548,0.001970356813873461,0.25197937929351505
24.16,-0.18444645570076,0.26104551370552426,0.35176932338342537
24.17,-0.524495795812159,0.4680312494043767,0.0005613581432737658
24.18,-0.6813675780122594,0.19297836325971915,-0.22953019998913793
24.19,-0.5988276871793627,-0.1814126431375748,-0.16956190884081573
24.2,-0.30249152336593593,-0.37085292403535236,-0.1860412337560147
24.21,0.003456865751881491,-0.3156884360521802,-0.06519584353882674
24.22,0.10975418616593573,0.1342967931221738,0.16202321772654704
24.23,-0.0016654708606081703,0.5674128400459599,0.08372990944605846
24.24,-0.29324083038071236,0.4923146131428189,-0.03684734598601648
24.25,-0.6709925302750706,0.008576107737074179,0.12657320296145555
24.26,-0.9037410403049334,-0.546532113054567,0.22883311862311068
24.27,-0.8077844705019355,-0.6872003075621584,-0.039345745651097774
24.28,-0.4270546611038917,-0.3937592156694216,-0.22514187564331975
24.29,-0.04002982070227867,0.07754794899993364,-0.26941856962500876
24.3,0.08314337712490903,0.4649116246279937,-0.28569800564141934
24.31,-0.07008301788074398,0.35113668150416516,-0.053563282712459276
24.32,-0.36202893426533356,-0.08550729959445344,0.15972978357011483
24.33,-0.639140317622504,-0.39990963523268813,0.08310252056877741
24.34,-0.7547860270558205,-0.5041564918227667,-0.06034964072292806
24.35,-0.6280235299941429,-0.46743572325711413,-0.02630261979998511
24.36,-0.35203656300948216,-0.04709868753341992,0.020701640441796124
24.37,-0.09471423889284104,0.3084837473799316,0.1075817826384144
24.38,0.00796425470308098,0.16871586817918252,0.15682870602253338
24.39,-0.01732844405814697,-0.35263182383150043,0.029494209883546035
24.4,-0.11514330248127191,-0.7783731505279831,-0.09763523745091422
24.41,-0.2583357172125934,-0.5985692411032522,-0.17149771596536323
24.42,-0.3350660528756037,0.03321948469858965,-0.23150947852908957
24.43,-0.25535595041121106,0.39048170493608114,-0.09888732046999531
24.44,-0.1259032458474702,0.299620383683046,0.15389618905363794
24.45,-0.13346113416357236,0.15125309063095027,0.3624712898201865
24.46,-0.20433352419220366,-0.1659474331001627,0.3578766574022414
24.47,-0.19852751238385985,-0.6698693189352829,0.14627805958944695
24.48,-0.14944767702660305,-0.7583864783205346,-0.15521032271046006
24.49,-0.11350684943429364,-0.2599166752358315,-0.41899538948826676
24.5,-0.11034063337200298,0.19401034068532116,-0.3079032973302014
24.51,-0.11483275902071761,0.3084062796362123,-0.04861523692090741
24.52,-0.07142471506504405,-0.03559661793937777,0.2459879296849406
24.53,-0.05121674769038359,-0.4648563059507913,0.5606493381042448
24.54,-0.10444685695360845,-0.48291591812705564,0.4731601851611975
24.55,-0.16461659984642857,-0.2781052559076116,0.12674124440688525
24.56,-0.2158296366941151,0.08746334083708068,-0.021951138162400404
24.57,-0.22827106388486879,0.44927476126443666,-0.12689045029354173
24.58,-0.12414305054391843,0.19071093310558712,-0.2990213138790327
24.59,0.06476593569435952,-0.6206238741767662,-0.18342814947764471
24.6,0.14886733264936552,-0.7732667615893738,0.10916352291053465
24.61,0.03970256198401652,0.08320202251793779,0.21294334201610643
24.62,-0.12791268718289392,0.6401674874582919,0.1848932332949368
24.63,-0.22231571851114856,0.21939563044249932,0.10591650356246726
24.64,-0.19297342693432912,-0.5385998637501932,0.0040672422143611595
24.65,-0.07838907084270093,-0.7760689033721443,-0.13471114065224551
24.66,0.02939472078516535,-0.31110247434640415,-0.2565521134606913
24.67,0.053762090508005386,0.237040362747119,-0.09204609766935107
24.68,0.006380479333914748,0.3581923244913499,0.19224636543242066
24.69,0.008856250104484351,-0.09851504649421405,0.24948111428604677
24.7,0.038580477547675296,-0.5858089971735442,0.22573546895986532
24.71,-0.003674072861796454,-0.4444704521441529,0.08981867772648251
24.72,-0.06079213506853946,-0.20947438167422,0.028883252100142684
24.73,-0.059298924902373186,-0.09163757403180903,0.008143619369227778
24.74,-0.006676910037651616,0.21754163550588973,-0.19071368786291346
24.75,0.01834481340981819,0.3667925801714335,-0.21295763005883528
24.76,-0.04852202401852827,0.16644536072365895,-0.0989297909801081
24.77,-0.13457065699786971,-0.3974952278926792,-0.008119075838116108
24.78,-0.15460970211163313,-1.0233833070229994,0.095034004283556
24.79,-0.12330349689878525,-0.9020937780883507,0.035335392937162105
24.8,-0.11172917162030728,-0.10370519117366161,0.028631430627656433
24.81,-0.1657608585093818,0.5636494294283414,0.09064284703344501
24.82,-0.22536563805511065,0.41582600328276814,0.06677744228508814
24.83,-0.26707683056316034,-0.32049669032064765,0.13328563009249503
24.84,-0.29040955563699977,-0.6793835305477638,0.04611748961702866
24.85,-0.21039255247138672,-0.7134734586703442,-0.04322622593922883
24.86,-0.04288371722761421,-0.6364947213815169,0.114451656726142
24.87,0.12277145949557977,-0.14856508531343438,-0.04487199770748296
24.88,0.22013745126629208,0.19036356609434227,-0.2928274264815968
24.89,0.1791674421848766,0.051579988973328036,-0.08164137883981246
24.9,0.048949144627812295,-0.09553365729344515,0.18547491671920144
24.91,-0.02133510588721034,-0.25018601171779886,0.29066263425023237
24.92,0.04358976290975275,-0.3539539685001386,0.12270402955131185
24.93,0.20302108639781796,-0.2829923937728942,-0.12595279576744012
24.94,0.35730310870976867,-0.09472253709588263,-0.03198317394079146
24.95,0.43335735322969393,0.38907110527209243,0.03282433104029654
24.96,0.47257200374499087,0.5312222424779613,0.0941161131101104
24.97,0.5016208494564772,-0.08655363070278543,0.2833798001472132
24.98,0.4880356739828668,-0.4980514399497673,0.09583648641518547
24.99,0.4961355120150847,-0.39569088438580463,-0.24850201977389544
25.0,0.552160864856561,-0.05784622558949851,-0.291472281862342
25.01,0.59520009257597,0.4426424599065349,-0.2665531515750443
25.02,0.6263179546735038,0.5298999128207819,-0.062435409487234333
25.03,0.6429768978926235,0.10511397087926078,0.2354523872562012
25.04,0.6111867955001579,-0.05902892205458747,0.13976076722933475
25.05,0.5476585565008446,0.15594007316840358,-0.01263013139505862
25.06,0.5100994879485679,0.2585822097741554,-0.03416102923330684
25.07,0.5348013654301587,0.12004901456112503,-0.1394245861054654
25.08,0.5810849417597108,0.035912997572117265,-0.18218012398208375
25.09,0.5893235056121846,0.2031024725999826,-0.23857033649192685
25.1,0.523200161365811,0.25512404736914335,-0.10499603114014139
25.11,0.41882149226957976,0.1185564741217986,0.106994136417876
25.12,0.36686732707145364,0.07712827347515477,0.08023107780664104
25.13,0.36108288130320976,0.12986817711165824,0.11989579687291516
25.14,0.3478130850109603,0.3270877512187652,0.06881921376640555
25.15,0.3510314025199512,0.4810731084639762,-0.09379075906721857
25.16,0.4011519550403503,0.22953658215852488,-0.02067322743467913
25.17,0.4499388807015485,-0.08632212098380436,0.0019766817516261165
25.18,0.4684757996300025,-3.928340045883383e-05,-0.08160285738158768
25.19,0.3541646287255157,0.5572585169860136,0.03128580176682887
25.2,0.13184160899170935,0.8592846835455888,0.23213000684777374
25.21,-0.038789825229665634,0.43623031990073935,0.27207227503703313
25.22,0.023231566211700472,-0.23460388941860755,-0.1533572646651578
25.23,0.3359294691723671,-0.6581866409318414,-0.45748071031799514
25.24,0.5733129383239706,-0.18019958078296738,-0.29545488426787486
25.25,0.6196554677329126,0.5885012260381216,-0.07091684691917668
25.26,0.5281623417993611,0.7937054431878855,0.22856214682265807
25.27,0.30444978126774336,0.7756617220603916,0.3875829278221581
25.28,-0.013915656616825561,0.7899683120196205,0.19163207731190574
25.29,-0.2798645167716052,0.31599121628451105,0.0884134704955421
25.3,-0.32000973146579664,-0.47723628744006835,0.21071901308654228
25.31,-0.1364401302412903,-0.28108381530651577,0.01075629865041361
25.32,0.2117147882227281,0.5506833003625047,-0.4212146267452834
25.33,0.5252784810592094,0.7374949339270385,-0.556096329676544
25.34,0.527341653006409,0.34701166698882063,-0.26442363762961085
25.35,0.20734683923211877,-0.051735397138807954,0.19152424464095613
25.36,-0.23609350320208716,-0.20379550408958833,0.3776869148107968
25.37,-0.5945661171008599,-0.08199869885809646,0.2076461344878057
25.38,-0.7734071715474913,0.10200292140879047,0.16141598831906917
25.39,-0.7238776464527412,0.26714094142387806,0.21444414313596383
25.4,-0.4559580042872851,0.28596287269393156,0.16989269891881242
25.41,-0.06319326450492496,-0.037169142747284556,-0.18557172135859315
25.42,0.22491433608529052,-0.3669062994227025,-0.49968518682649055
25.43,0.18515342720258987,-0.2490960328516585,-0.3305820737042487
25.44,-0.08765770868830935,0.11920857252666768,-0.15008393986810176
25.45,-0.4016375798232571,0.15665562405629752,0.14663018888370372
25.46,-0.6371198163315283,0.05969620014362235,0.2610637646732758
25.47,-0.7513485377421707,0.08818397405893101,0.24042076423857067
25.48,-0.7396836352782419,-0.003454474442617664,0.5110427483498842
25.49,-0.5826780802255546,-0.02348993742386893,0.39176264267471506
25.5,-0.38342269196623313,0.13077536472476636,-0.03172877374719939
25.51,-0.22804896451439388,-0.08055324289289978,-0.30939623825975027
25.52,-0.1492805150059566,-0.6819775516104968,-0.49703921906585674
25.53,-0.1911012632168673,-0.9829521681168332,-0.4317322390106153
25.54,-0.3297804398204041,-0.671658532025811,-0.22198487351862156
25.55,-0.5473833189164562,-0.08474829814748552,0.030570738477447623
25.56,-0.7754017561276699,0.3410434014516436,0.29295069261663864
25.57,-0.8827114426036006,0.2931565174566012,0.5372004318060117
25.58,-0.7775896835664644,-0.2029014150810846,0.45413438279038226
25.59,-0.5369255387988452,-0.6770102865983842,0.04992814970145906
25.6,-0.3269762617983727,-0.8754155964527846,0.00038469052210210464
25.61,-0.15839198260566503,-0.683774135796314,0.014109201989423184
25.62,0.011073247718707505,-0.2297556278133432,-0.30007067887983824
25.63,0.11656398364507664,0.002581553956778124,-0.453545411668077
25.64,0.032161198671789876,0.10868798462646938,-0.3294066727132089
25.65,-0.19573821050797613,0.23169134273419223,-0.07504065859108205
25.66,-0.32881942160393146,0.058616810063986335,0.3499232233711794
25.67,-0.22790164917042033,-0.3601693642172771,0.5959516342836259
25.68,-0.03264263317026486,-0.5301101673052905,0.5238113950093267
25.69,0.160971214750131,-0.4020371356983301,0.34899494189387725
25.7,0.362557708245035,-0.17044698960957122,0.09339739298058997
25.71,0.517577543122297,0.13208348131140094,-0.3477376408377666
25.72,0.5476724315574996,0.3562440790923471,-0.7461736427583906
25.73,0.43546343912526375,0.2691174621349157,-0.6045703017087593
25.74,0.3243708610789649,-0.21143410786800393,-0.03084032470774306
25.75,0.3114457234884027,-0.5433342214467608,0.3750049721922293
25.76,0.36663244855016336,-0.12549838287207465,0.2142998196811779
25.77,0.39815103931062135,0.5130258408490398,0.0966042035018685
25.78,0.4177130775558266,0.5026970526375997,0.20905924230409917
25.79,0.490715864823707,0.08765885195343498,0.037186300581969534
25.8,0.5641626489632592,-0.16150024200098972,-0.12330614435406385
25.81,0.6001247350441731,-0.2643778525546295,-0.22303121734023107
25.82,0.6050491912935482,-0.3691370937097967,-0.29145845709681834
25.83,0.5586207240240636,-0.0784696862325373,-0.11169600149761855
25.84,0.4785382104827062,0.6469167956353322,0.06190157286833205
25.85,0.4128328596829805,0.8993523616750574,0.15319631543125423
25.86,0.3933439341412046,0.28796338389510195,0.3578018227913642
25.87,0.40434673166440904,-0.19622570916753213,0.37685539684877806
25.88,0.4394842885168899,0.14271189065263254,-0.08491332237945354
25.89,0.5343654830536757,0.4577523114918079,-0.5212045015149084
25.9,0.6227460266085453,0.1890448662198791,-0.47826402421911907
25.91,0.6158210705104663,-0.17778762149147523,-0.16717838169171886
25.92,0.5159139549963622,-0.2142036875358257,0.2223276271226434
25.93,0.37449640167837295,0.22421950176316005,0.31052996013675305
25.94,0.2357229125166893,0.7829486625592543,0.07155165557655313
25.95,0.10663969983021837,0.8976040850178302,-0.05918432999778885
25.96,0.045536929608407176,0.4057241494581339,-0.08306564586410888
25.97,0.1328171332923448,-0.3262934374361035,-0.05627918403305724
25.98,0.3254747801318373,-0.5055030477302201,-0.02780503888634313
25.99,0.45352014831906634,0.1148345209110549,-0.017304400612428564
26.0,0.3955334124707278,0.7604264628992461,0.06226933562557245
26.01,0.1633760946636742,1.0413730300253763,0.08532052207874918
26.02,-0.04493620940615903,0.6828372091357537,0.04675968655361157
26.03,-0.0762645985333628,-0.2589194669369255,-0.044130076322225424
26.04,-0.02719799412178806,-0.9156451110514605,-0.07413262784070149
26.05,0.0719572061149657,-0.8325420760069735,0.061926001495958165
26.06,0.24896951228473363,-0.01196228102510144,0.11886341929821144
26.07,0.3874437401256127,0.9904814518300341,-0.04183672792362808
26.08,0.2508044630086571,1.492928329652096,-0.2577524979282402
26.09,-0.12219428759817681,0.9990772403142898,-0.13029784080889728
26.1,-0.43972744567999383,-0.2264675874436674,0.2857564501025876
26.11,-0.5236577267744377,-0.9880719024782278,0.3667143560380569
26.12,-0.35973679168073525,-0.6930348877523382,0.09446386022759784
26.13,-0.10450062791842968,0.025601935108807428,0.03957883650549215
26.14,0.05330202556529681,0.63858017042752,0.06888452307598684
26.15,0.0525977590588016,0.9964245832546934,-0.23363049999004207
26.16,-0.04710168974572276,0.45086948375744573,-0.3027435497821846
26.17,-0.20159001403508564,-0.48459652938294273,-0.2407541113996146
26.18,-0.3619859471377799,-0.8292681539122683,-0.2095024664820223
26.19,-0.45291801609804594,-0.6965826733334162,0.25032020169845404
26.2,-0.4413821865772233,-0.07180775345989732,0.46918852034665715
26.21,-0.3239667367021636,0.7952024454927431,0.02860455759200864
26.22,-0.16451499451099677,0.8076192674379017,-0.09417838559743327
26.23,-0.13705407569341513,0.31520504746121714,-0.01693703979199101
26.24,-0.20254226797182315,-0.14006310591714644,-0.19827936034836877
26.25,-0.18234952401660734,-0.7882826325423522,-0.09015799325451282
26.26,-0.09233336079041597,-0.7709887112301084,0.00999364731392631
26.27,-0.05281281073360354,0.25256321862450504,-0.17477145062541544
26.28,-0.10505868450704409,0.8950725366034002,0.09035557514667547
26.29,-0.1930862136783014,0.669642026112546,0.49122771190477577
26.3,-0.26576197047992794,0.20363783440379107,0.5781032904260008
26.31,-0.3040655031028442,-0.08597767959254968,0.42629955991180235
26.32,-0.22173416630121767,-0.23848779411975038,-0.20747019271521983
26.33,-0.024480135645474882,-0.41076337080073766,-0.7800916900343013
26.34,0.10480681862350406,-0.20313295149932242,-0.7477235213397014
26.35,0.10668291410343422,0.16359205156122317,-0.37637158027075845
26.36,0.02215055434901847,0.03828051286000378,0.15596321436669083
26.37,-0.21464616716741608,0.12862498692459554,0.5374022524072369
26.38,-0.4890689433254659,0.4167167951550612,0.6207069378538674
26.39,-0.6109307896649125,0.18170011273284398,0.5128841407681513
26.4,-0.5227769036353044,-0.07298574097270241,-0.10423918048393321
26.41,-0.2634994947611365,-0.31235981675662694,-0.4826968481682809
26.42,0.007389103815951287,-0.561177646104614,-0.43911653043851856
26.43,0.1334487265863872,-0.4465871740933983,-0.40236365374037336
26.44,0.04275092487077921,-0.037782126039021924,-0.10679703727541079
26.45,-0.2050042296818593,0.4114431644455441,0.12316069490975311
26.46,-0.5310584183673455,0.5738767079757137,0.32073634870066947
26.47,-0.7832996461373213,0.2859792301892556,0.43885041179254713
26.48,-0.7944350407151793,-0.32481670148851194,0.2973639028815941
26.49,-0.5522806838244405,-0.7975513280653495,0.10379399010406236
26.5,-0.1735505002168882,-0.7128511669435373,-0.19420451925065568
26.51,0.13060641374019258,-0.26579090191160826,-0.36862443593975464
26.52,0.19721716915835044,0.1611814286594465,-0.2513801710211133
26.53,0.01734626961377536,0.4540583775661946,-0.1428020307180835
26.54,-0.2711924984647858,0.3499458603994513,-0.014476240914071514
26.55,-0.49589059823806025,-0.12921506048624298,0.18661030544143906
26.56,-0.5415359567574041,-0.4497557615612698,0.19911409202806418
26.57,-0.37468313695448474,-0.4049715009784918,0.15651854915874275
26.58,-0.09060860556775974,-0.12106778282633054,0.20276099653725668
26.59,0.166937635859624,0.15451616975688615,0.12138235967247801
26.6,0.30933824076935007,0.1409726232681207,-0.08668712191837083
26.61,0.32095482668212477,-0.14097223883528012,-0.27909435894941914
26.62,0.20941097254309354,-0.38378248827043504,-0.2029417931232539
26.63,0.062407289163363466,-0.2564115552837909,-0.011700525261271189
26.64,0.014091153321296105,0.16723682745412766,-0.02798387207696918
26.65,0.08282945925591956,0.3784197111964283,0.03949393398831326
26.66,0.1773589219295698,0.4541338494985243,0.04539605652058745
26.67,0.29857114087276937,0.18655564322242485,0.03570272957834458
26.68,0.42991684194923646,-0.3335666584014809,0.1539963827038931
26.69,0.49387186958887536,-0.3011342723153283,0.06546973426900743
26.7,0.448351375066148,0.2166312577135616,0.025930696539770308
26.71,0.3356322940233207,0.5493723328069195,0.048983856904149393
26.72,0.22778892041875873,0.4938424448531473,-0.05870706683601469
26.73,0.19281042192981773,0.23337570234350746,-0.06729376157188938
26.74,0.25251326516151285,0.07523841312952044,-0.009531324345168124
26.75,0.37301722931414943,-0.03230543559943196,0.09519793065869789
26.76,0.5457269136367654,-0.10244523671497852,0.06483046985818425
26.77,0.7012892546965938,0.10592659412519412,-0.1888984550058162
26.78,0.7035200670334354,0.49648399835274837,-0.32324893989812825
26.79,0.5279231918605807,0.668153910699805,-0.24735882621454927
26.8,0.29919867672293005,0.40429519943936854,-0.033957741964823346
26.81,0.11946931543696927,-0.07496502411655176,0.35608155056186575
26.82,0.014406921586452334,-0.20786826923935775,0.47478466374534234
26.83,0.00861796617325588,0.20826754964931607,0.13820107453530833
26.84,0.09296160690725913,0.6017899914227671,-0.13725064273348386
26.85,0.21522424938457868,0.47610860596353555,-0.30514784786089605
26.86,0.3141230536385027,-0.06055972233655332,-0.4214859052340282
26.87,0.297888406954278,-0.4571557338907199,-0.2119729445540469
26.88,0.14733374750736944,-0.15780903629366072,0.018931464726510333
26.89,-0.047206353545437785,0.4157585096734676,0.12412592938971614
26.9,-0.19775810202250127,0.6335863794127454,0.11363099614052452
26.91,-0.24257519850585946,0.38760840407483554,0.021622997218222452
26.92,-0.18365039942070205,-0.049214730296888304,0.039043526665978115
26.93,-0.08882251531703636,-0.3041849676661269,0.03242670037050382
26.94,-0.02810750819190239,-0.24996902738555793,0.043812277833127154
26.95,-0.0076198140448659815,-0.027358313177610588,0.059080834659753
26.96,-0.021600167639038614,0.16773970981116934,-0.10583676403146886
26.97,-0.13806223637306653,0.35024480640157296,-0.21955734988999664
26.98,-0.3299786597908051,0.394155994252805,-0.11639422740091451
26.99,-0.44613491785224507,0.1279634468538807,0.03316373633976948
27.0,-0.4218109153793148,-0.2171323785482029,0.16808324039257394
27.01,-0.33457761592927915,-0.2623097844333804,0.17698688534574886
27.02,-0.2436116221351627,-0.22841285106802692,0.11188626830292736
27.03,-0.17805658402470545,-0.2048256586294125,0.04497916378503557
27.04,-0.15949573158746044,-0.05741891463690521,-0.09049489617043961
27.05,-0.22823582131941506,0.07992367246910395,-0.1337941627672467
27.06,-0.36813893003652876,0.05168076314076027,-0.06106850668853725
27.07,-0.4601027161204608,-0.21392713336661615,-0.030302898043744666
27.08,-0.4315560457928996,-0.4508875703821952,0.03418331768381883
27.09,-0.3470518432819176,-0.17975145885061022,0.013773836017152638
27.1,-0.2564918406505085,0.20667114748120077,-0.10368665920380721
27.11,-0.22456843098637916,0.19889490772598806,-0.020371580970824477
27.12,-0.29254213406561985,0.0768960032230735,0.07917029931136332
27.13,-0.35079084796139903,-0.21108722534540889,0.020092298336049252
27.14,-0.3100714352223286,-0.7813377441113116,0.05716948550799886
27.15,-0.24804248433625556,-0.7107621785201236,0.04315391416081173
27.16,-0.2239163495575119,0.09271867549584933,0.003241274021010817
27.17,-0.20566481314940183,0.547663811739246,0.02366701770709631
27.18,-0.21574270173859558,0.3818776764092682,-0.004612372379005816
27.19,-0.27120225758464334,-0.006258316715421736,0.18367849306865633
27.2,-0.27757611611583455,-0.36687018073957367,0.35242298141028977
27.21,-0.1026280545997742,-0.7503043210429554,0.09351783828113824
27.22,0.13015540631743128,-0.6228152920446095,-0.29342202046277993
27.23,0.21015517612803275,0.19954714653677774,-0.44068817937888355
27.24,0.09096244164617753,0.7640247256906822,-0.18000122810671898
27.25,-0.06554672114126102,0.33776607306622297,0.16645422471411964
27.26,-0.12516514619184946,-0.5208784115904767,0.3914028614648434
27.27,-0.1070323162271436,-0.6758500289244961,0.3719193962062748
27.28,-0.05339123737289544,-0.12257979942783975,0.14554863424053227
27.29,0.008078704367098476,0.5101438937265873,-0.024713939993972256
27.3,0.1031941744479131,0.6918960652319697,-0.13146896782423528
27.31,0.17479669418369365,0.26683706592563433,-0.23445290443813477
27.32,0.09817989539076973,-0.3112641090636311,-0.19927452328231426
27.33,-0.06955947870594646,-0.5629135998232663,-0.050338206795026375
27.34,-0.15089966872072963,-0.42641320724076676,0.07684769722225059
27.35,-0.09872766306826122,-0.038128817260401404,0.11798155340258619
27.36,-0.023910975814905956,0.4768922494548423,0.0422739428394804
27.37,0.0063270236498706705,0.5556102060400732,0.14480128253352695
27.38,-0.02253866892337681,0.11536304699204064,0.2760545414941477
27.39,-0.07932460202361971,-0.4034025171062575,0.06235467492233904
27.4,-0.08458471967598616,-0.7480127649373469,-0.19941068449334648
27.41,-0.016478034683294666,-0.590228305160571,-0.26695235478757123
27.42,0.03753611868709013,0.11164033606578327,-0.21546708007785856
27.43,-0.028915861256343427,0.735356681370465,0.07612646437941062
27.44,-0.15690754481333036,0.7147767375528412,0.26293057176973833
27.45,-0.2067709408095675,-0.04614992427515929,0.20605656615473844
27.46,-0.1801824245731668,-0.6675323199923644,0.04941318800336228
27.47,-0.12558984673620957,-0.546452385309611,-0.12204517397600056
27.48,-0.06031401758086023,-0.20443979456043918,-0.04578536291752988
27.49,-0.026286768618689525,0.09736538663819842,0.0827632724135626
27.5,-0.10356462005508776,0.3936479475194564,-0.010680412684636237
27.51,-0.28804154962863016,0.29753325902875466,-0.047034386396184014
27.52,-0.4458509610636884,-0.30738598712582554,-0.013760101074077168
27.53,-0.46126158111990856,-0.8600621745091481,0.018286281856146107
27.54,-0.3188568851968634,-0.7430809234693426,-0.015260867344889115
27.55,-0.10208883692976681,-0.16844083950755978,-0.016541846461493485
27.56,-0.010877197741992648,0.38395887027107767,0.15070676164606153
27.57,-0.12709858168404445,0.5816180164799069,0.16486845767658018
27.58,-0.290025532540778,-0.03833974918519856,0.029706922331015156
27.59,-0.3651860449226469,-1.1064799971081731,0.09881180518589147
27.6,-0.3740373124012764,-1.1735211295697465,-0.06825943783530197
27.61,-0.3040855243862126,-0.3574416789312508,-0.25021056001463354
27.62,-0.2376065643624659,0.35589605746613845,0.05643616262011131
27.63,-0.23251555251283354,0.5621564529554415,0.24101033481780232
27.64,-0.248262008965056,-0.029827303194096544,0.27271832800713947
27.65,-0.24698500230673043,-0.8091058277547067,0.2186776418250389
27.66,-0.16332642280209564,-0.9887923689030941,-0.07007767694534128
27.67,0.025112312484333196,-0.6503690034588996,-0.36273140972920515
27.68,0.13373591657980427,0.1150783551704524,-0.38199926645776033
27.69,0.07583670410521778,0.6305176073107245,-0.09616933095643301
27.7,-0.01525705114663603,-0.03987014433077418,0.29207853756189894
27.71,-0.12765836233620553,-0.743157879750136,0.3951240013338227
27.72,-0.2181480229228317,-0.35667277618767623,0.21421834391400682
27.73,-0.16699696600424369,0.2890127605021417,0.09383166410672807
27.74,0.047670935033193876,0.4616238957726021,-0.21627918557674186
27.75,0.3189632999345281,0.05049523453654636,-0.2862515741093855
27.76,0.4795706877941216,-0.3195673224091102,-0.1307226716934192
27.77,0.4671260483515423,-0.31678347580780336,-0.18739699812923677
27.78,0.34247505981664195,-0.3026084327501941,-0.07611870044067459
27.79,0.18050146064906097,-0.03834671174806198,0.09526540241974207
27.8,0.06879153059682702,0.4223157621727218,0.1411319462663536
27.81,0.08901134575209792,0.45450426178095493,0.20847772370685302
27.82,0.20990360594986346,0.18718416295452814,0.1209116727013242
27.83,0.3278698082063978,-0.01749094258172819,0.023823201605447868
27.84,0.40791226142005216,-0.15113591607304536,-0.006683726494339614
27.85,0.46933323448578895,-0.16755403968364813,-0.17915086993665824
27.86,0.45900427698943597,0.048300584522774054,-0.2497169577665533
27.87,0.3185492448621058,0.3916418579538973,-0.053147518828262214
27.88,0.12000918605694955,0.5627164063587953,0.07743416467905725
27.89,0.009020088549751025,0.26937010463123484,0.15606585814391177
27.9,0.05273598417478186,-0.23922318256967645,0.22094634454277978
27.91,0.1631004821835917,-0.27377969186741896,0.05825423423805415
27.92,0.28580726066757234,-0.1106870098834018,-0.03591059186842365
27.93,0.37696348634712307,0.001386981921032232,-0.02617127883650515
27.94,0.3585042747790908,0.28286399589471,-0.10209706852004322
27.95,0.2480966806156695,0.49596229678990583,-0.2213729587421637
27.96,0.12529121824068704,0.17778753051178814,-0.12202282789212393
27.97,0.04265490639951483,-0.34930776814841147,0.0765983115352368
27.98,0.03882150940709837,-0.35171702532562776,0.10274839396151937
27.99,0.11006316962543591,0.1825726266018986,0.08281472984819928
28.0,0.19337517420738565,0.6444915693072895,0.017397647034557637
28.01,0.20627386335960432,0.5773275189212671,-0.06689377278143374
28.02,0.1385355647214121,0.07942783352763655,-0.011897541355965588
28.03,0.07792349800432674,-0.43827384761009397,-0.05254381288556422
28.04,0.08843577522338847,-0.6509704586523515,-0.0796810751707979
28.05,0.11304667041085605,-0.13146587681543753,-0.07409023484409465
28.06,0.0997132038932826,0.6632757130265737,0.026399765312136086
28.07,0.025348279199360155,0.9138350623670584,0.23523710078412047
28.08,-0.066124060488997,0.45730714899760067,0.22879077004138304
28.09,-0.12849395526408564,-0.31971466898449075,0.24254056862802592
28.1,-0.10771832578606841,-0.7215099686578843,0.08077291829016459
28.11,0.028634946250655408,-0.4169826928477458,-0.3718696612947109
28.12,0.18716589167694045,0.17635758473800564,-0.48683834140725973
28.13,0.23137706196998992,0.6198229390168648,-0.3401582881465348
28.14,0.20455696469072876,0.288985757072495,-0.05862435419322215
28.15,0.0819238507480712,-0.3226448490532927,0.4045834119938236
28.16,-0.1767476861125916,-0.21919228894115084,0.5785632349173085
28.17,-0.40762619895885616,0.16793727301633046,0.5134692814121906
28.18,-0.4565513556069319,0.3726921530001457,0.26205775843064755
28.19,-0.28389788760325463,0.30473054387094295,-0.18111438979801345
28.2,0.02658235211182111,-0.0958218236682915,-0.5639333514029723
28.21,0.2859825749667012,-0.5142179963219549,-0.6253113534565251
28.22,0.3162784602152571,-0.4449707694918322,-0.27196790790560127
28.23,0.15918871144391253,0.11406659140725545,0.05461994390815167
28.24,-0.08023439625777841,0.5170826568931548,0.20282904834219526
28.25,-0.3606441222160285,0.44694554536541703,0.25085148418916564
28.26,-0.5788175367138436,0.08319563479943498,0.2898342052607741
28.27,-0.5870696179142021,-0.33223352196799344,0.29973731615742344
28.28,-0.3370339731757164,-0.5145444897223904,-0.05477310748017977
28.29,0.024754573141051395,-0.45685745090213603,-0.38066224186094266
28.3,0.24382017748725646,-0.39651217572180203,-0.08062959306958856
28.31,0.30667803747965156,-0.23014036932874615,-0.048183222640147697
28.32,0.1872938143980421,0.021290236434868465,-0.060694795623786504
28.33,-0.1318484581740066,0.43206094736713657,0.04551313475971594
28.34,-0.47514801710549226,0.6840333448639084,0.0016394923208604834
28.35,-0.5293593865605061,-0.1499951522261742,0.13904567123558528
28.36,-0.3332906645006845,-0.8906023827126464,0.25112647482969197
28.37,-0.0538702099914381,-0.41596468884649973,-0.014286924022029468
28.38,0.23368491558813,0.12743684726618648,-0.0710253160385264
28.39,0.42373155977501853,0.18317516644894696,-0.06344110482582993
28.4,0.427854403352178,0.04708654327604238,-0.18707385337710986
28.41,0.2414053792553312,-0.15810323105166393,-0.263986248661391
28.42,-0.0323460147649757,-0.3308882939533864,-0.15090666006591988
28.43,-0.23639388630427904,-0.19939645919811191,0.028688716205723608
28.44,-0.24953867929810447,0.24667976912264464,0.14570811498551958
28.45,-0.0758898643413439,0.5661241892147506,0.1304062697111965
28.46,0.15684635233310784,0.4032713924057513,-0.05428164230372144
28.47,0.29258582476479744,-0.15566005673264588,0.013280110094533892
28.48,0.3351086516330434,-0.6081752511836855,0.09077940348654129
28.49,0.35160299802606176,-0.5730762990081021,-0.12306541860982338
28.5,0.25375210745846344,0.07836460506320042,-0.18091052972714516
28.51,0.04707054316054479,0.783299575333184,-0.09639369043234175
28.52,-0.10957678225875936,0.6268481384074004,0.09338583653338059
28.53,-0.15065587150944543,-0.0640728866372623,0.36945570600197974
28.54,-0.07861825774044338,-0.34787627897869833,0.2846915393802964
28.55,0.10918121839391473,-0.32992541637123657,-0.03402813383100356
28.56,0.31252023775561694,-0.136524952704877,-0.3006422998987891
28.57,0.40279309868635643,0.13521309509700663,-0.3272158340750275
28.58,0.3312227026953073,0.13121899743336374,-0.12487081459741667
28.59,0.12109357038665866,-0.12306038708796628,0.09640665115450882
28.6,-0.20323962815088853,-0.0579005937898667,0.3917044197877514
28.61,-0.5164430492202499,0.49084237802125424,0.4775851140918527
28.62,-0.5760103364006677,0.5935975132516804,0.174218508402311
28.63,-0.3523289077922549,-0.12620720292356657,-0.02621664465289298
28.64,-0.00686078403051843,-0.6720646723288247,-0.29255287567082966
28.65,0.22231720649231182,-0.6700431845444501,-0.2805230600523507
28.66,0.1944010504652082,-0.4432093311660724,-0.04081741996006369
28.67,-0.049579545508863315,-0.15278561503576416,-0.05691172048795385
28.68,-0.3990226237002019,0.20581955230575386,-0.10983041881444189
28.69,-0.5840019507509192,0.05023357433435105,0.003796414856172714
28.7,-0.5335497905210526,-0.32335734905923524,0.0332335330190211
28.71,-0.3890689938616816,-0.2502572924915431,0.037750417071075945
28.72,-0.20096241360334408,0.0009657020574308228,0.12402104864117211
28.73,0.013345930093687924,-0.13066346736310872,0.20055078424298092
28.74,0.1351876900653487,-0.34429273425366635,0.09030564535061975
28.75,0.08845374474298914,-0.20647227652683323,-0.039783550534475694
28.76,-0.06271894638920233,0.18240073895478484,-0.047562777666815846
28.77,-0.19685540300639892,0.3459518467332117,-0.06411312975844739
28.78,-0.2270078498007854,0.0036419483990815515,-0.0433537769688159
28.79,-0.1102735926488357,-0.48422370127765696,0.08215966859666086
28.8,0.08205099185302642,-0.45787431143419616,0.04813354955799054
28.81,0.18965380817719324,0.11306234113451752,-0.07160019639257896
28.82,0.16729152959914878,0.39493440412782777,0.006769745552442752
28.83,0.06449184338292824,0.04913143499096012,0.25437898329721925
28.84,-0.056803996593420614,-0.303148058275017,0.3333273694782237
28.85,-0.13663491722858742,-0.10741365020956511,0.04221406775129516
28.86,-0.1259256382051134,0.012407639180025748,-0.1051172419780059
28.87,-0.030374656934578012,-0.1703215269601126,-0.1145640447309884
28.88,0.11334351564607939,-0.22822838179603144,-0.14479750368860908
28.89,0.21399825284234517,-0.05447161554941182,-0.008906260239355923
28.9,0.19285268659919136,0.21724210637224242,0.014412677522374927
28.91,0.10070160013337806,0.024785223304783055,0.06259244092032461
28.92,-0.009768193177415938,-0.33201324670067023,0.18258244445874938
28.93,-0.060591218655209056,-0.317914557621524,-0.0055030468567516255
28.94,-0.03464537890086196,-0.12072809061839243,-0.0746154823296409
28.95,-0.008788798612343565,0.19772589723281653,0.02900732710154945
28.96,-0.016600473048932328,0.4489757180848407,0.09378415482619379
28.97,0.0027226467329845745,0.12395454180952964,0.20270586988721934
28.98,0.12022204549343234,-0.5785758406561382,0.04755225440669042
28.99,0.23092647771687838,-0.7060282567692853,-0.3845255038258676
29.0,0.2532998477224233,-0.24203690209453016,-0.5534268359406791
29.01,0.2704400765651266,0.11653391148157993,-0.4503149577421339
29.02,0.3360528618282972,-0.027290626710574445,-0.08362939334932595
29.03,0.2873585508939476,0.19309901484339703,0.13808890296405824
29.04,0.08896991544536947,0.6288684476707916,0.23205081249096474
29.05,-0.053609431709462384,0.2547725597015832,0.4574059310805562
29.06,-0.06014224661134823,-0.1243928194121123,0.3012849957323433
29.07,0.07466508008127293,0.21163872128949324,-0.25858573095454884
29.08,0.35527805132202306,0.18603960554130397,-0.4674874523001616
29.09,0.6363385791820915,-0.2924560141802177,-0.4096147855785768
29.1,0.7389598694634042,-0.3300097338041855,-0.32652828679472445
29.11,0.5863321516907596,0.2258405291722183,-0.084866418428549
29.12,0.2681470124048597,0.7237168655017451,0.14603861177099242
29.13,-0.014777443056140593,0.6224684626757402,0.20505903050716492
29.14,-0.1291609994356513,0.19462379684411696,0.2723092800816106
29.15,-0.10275838462894174,0.07061370925321642,0.2817069624841099
29.16,0.09106307356337331,0.02335394739852107,0.05901006405636408
29.17,0.38586290380452487,-0.20057269107380327,-0.11808006234196945
29.18,0.5344915417243292,0.0024253123792341014,-0.15496283656688514
29.19,0.456169496462406,0.4349552281149134,-0.12625445697900672
29.2,0.30561362432854133,0.2762310177163985,-0.09291382837301433
29.21,0.11457834124959299,-0.05494845194189191,0.08924204308815205
29.22,-0.09480222645619825,0.22657961593890308,0.25851531735331484
29.23,-0.12826549503244342,0.5501113787826977,0.1602313760087689
29.24,0.06436732984665736,0.14854398719921658,0.1261717890661334
29.25,0.24346173172434177,-0.11074092596627585,0.13828745343770435
29.26,0.3148441875594765,0.1290360080900277,-0.020486584126144042
29.27,0.3281860020922278,0.27573693047900727,-0.15803131085100172
29.28,0.28181520959982187,0.14563807962770514,-0.22971032019386015
29.29,0.11742378485743152,0.18404114813140027,-0.22970326603210142
29.3,-0.04489110767038674,0.2858729604160374,-0.14164039641950532
29.31,-0.04924953656735008,0.05179438628002353,0.04912095328198228
29.32,0.02017954418361139,0.045265993535031857,0.18999278026402713
29.33,0.03649587963666348,0.49080925644946594,0.16599343520317078
29.34,0.0018007875660135259,0.5740542070440898,0.16308095644132112
29.35,-0.023716531318710092,0.04198358076353759,0.07461505445858697
29.36,-0.07287288752003329,-0.2347206435777105,-0.17896293392251042
29.37,-0.06017647411368186,-0.19087669134574536,-0.3158207095763263
29.38,0.014134578462966556,-0.0809161487279418,-0.17439349675460217
29.39,0.02115248693821777,0.2699923645177895,0.007539203603566025
29.4,-0.10427749094292846,0.6872061490429613,0.19796961342408925
29.41,-0.28609347808664043,0.6148113346920873,0.45267535396094594
29.42,-0.40294532185672505,0.020920573318145896,0.3235079224260572
29.43,-0.3938329356831435,-0.4789396893604705,-0.24983809097167103
29.44,-0.27481531604681664,-0.5315778780410343,-0.4876131209045681
29.45,-0.12509182382473755,-0.22356384454523875,-0.34982225723193716
29.46,-0.02592450266638706,0.13794203133696276,-0.20965865061112685
29.47,-0.02430964290365234,0.14649599561454363,0.12091429679859944
29.48,-0.20898104259585795,0.10241059570324909,0.472240424432525
29.49,-0.5132138274068652,0.13523096052463593,0.43080728408101804
29.5,-0.7683178221359782,-0.005695083829802827,0.27383658504251707
29.51,-0.8018334580660772,-0.20354761872014943,0.11202633114063433
29.52,-0.5666707863706493,-0.31881362866955504,-0.05874058334748897
29.53,-0.1312750850969424,-0.42927459199373585,-0.3214486215266099
29.54,0.23808936450545878,-0.3843948842231276,-0.43557353970022356
29.55,0.24921676289609768,0.03764258573129542,-0.1523269673174597
29.56,-0.03297356750598851,0.41649957350552286,0.17173231784614168
29.57,-0.39221935852428247,0.5720929811969696,0.14553727119691515
29.58,-0.5599209724507301,-0.0857274183518808,0.2442380244765774
29.59,-0.5332291733043896,-0.6648618684070908,0.09719623438043598
29.6,-0.3414915549678317,-0.6881215817765157,-0.12396831096723128
29.61,-0.0271386335205151,-0.2925667398396293,-0.11839685621563997
29.62,0.26707566701134233,0.23259025232492353,-0.09611792233170188
29.63,0.3457013099820634,0.5893408929038836,-0.11458802567703565
29.64,0.20483017556638014,0.3635092916573501,0.010695838777264807
29.65,-0.00369233674837402,-0.24740576901949446,0.12530203893742187
29.66,-0.16247669950174728,-0.5178316963334357,0.14256658666778105
29.67,-0.21565337223869907,-0.10219134321446549,0.019498362653291593
29.68,-0.10422937301402894,0.21384934646767223,0.030421883605089538
29.69,0.14920385159274363,0.01582883907009497,0.09693160910836979
29.7,0.32542210293257223,0.07270065798592701,-0.032725212519800706
29.71,0.3784178722379116,0.08057917285863085,-0.1844637969806764
29.72,0.38002589439038925,-0.38548041371141173,-0.19560616490032554
29.73,0.31952685569315703,-0.5692238436503209,-0.1335576096885058
29.74,0.15353428073110034,0.033257993384018913,0.07974946249490367
29.75,0.016339886606713927,0.5639899418947896,0.16546070930988274
29.76,-0.033708167312001165,0.5384751471768641,0.10155456212465827
29.77,0.022903289435378074,0.15408193135869291,0.11522052893282358
29.78,0.06279904372154681,0.004305982798848813,-0.03962592476607127
29.79,0.13242868489014187,-0.3390005910970362,-0.21246590332068235
29.8,0.29599818338523354,-0.6131612033448115,-0.20271292967729004
29.81,0.4489304624265066,-0.292177224907527,-0.1967430540813767
29.82,0.4415012400629801,0.3892667632649328,-0.18860623677695806
29.83,0.18913050943894172,0.8807909373327659,0.16982506217000354
29.84,-0.14615445116348896,0.7244210529324318,0.4815752401019701
29.85,-0.35467921607125363,-0.03168343579616684,0.5096844806025951
29.86,-0.3171109816218024,-0.5649679609264664,0.22056394001729995
29.87,-0.06431284238316581,-0.4102212806797075,-0.29149915340276006
29.88,0.236738216439749,0.03480583518280178,-0.561205365164072
29.89,0.4086610996644508,0.4446577796798207,-0.5646270802530079
29.9,0.42754452293851397,0.27209719119382525,-0.27301025234680176
29.91,0.2553810646263994,-0.2118959295403151,0.07500902457749709
29.92,-0.09566833916955739,-0.22189261251689274,0.2897849212396214
29.93,-0.4511915993569813,0.2565404939881578,0.4540623385324354
29.94,-0.5863255382806782,0.6351007593990695,0.3120575783301547
29.95,-0.40814370444010895,0.3075427819195509,0.03545590983491256
29.96,-0.0820688248573726,-0.24157684297780715,-0.12384872821303819
29.97,0.20634449506441097,-0.3700016086975486,-0.28516758885350807
29.98,0.3072631106578384,-0.21336731865122202,-0.21659651588749168
29.99,0.14547411252041414,0.1311229382241912,-0.13352050224947232
30.0,-0.1932106048580658,0.3096621274658119,0.014910624352844445
30.01,-0.5140315628530755,0.142962170872543,0.22279741424481114
30.02,-0.6322603148753851,-0.14183925081557675,0.2242240303636463
30.03,-0.5354675506259049,-0.3291746846780262,0.17800092270814064
30.04,-0.3149744347569081,-0.28979890276816794,0.1045000025881382
30.05,-0.0933299061789574,-0.016443431630903782,0.03983086655625276
30.06,0.025442830241436037,0.15663725884882357,-0.11847228984424366
30.07,-0.04829431897128332,0.03371229141241899,-0.17523440526193557
30.08,-0.25399429807658397,-0.24704909551096052,-0.07784085399086814
30.09,-0.4421178017634375,-0.391853964442885,-0.02652232865961358
30.1,-0.5039232061388834,-0.296369617408641,0.03793733977707769
30.11,-0.42129857840412843,-0.06165453238164642,0.06442680901932911
30.12,-0.2314970662968016,0.04074010452140289,0.14054572592620262
30.13,-0.07437939759873838,0.07269030102065839,0.2278055576752008
30.14,-0.08623949705802447,0.1693864186749462,0.08579271835559268
30.15,-0.17617511111484513,-0.17724077534111116,-0.04067736016913404
30.16,-0.24691444620102648,-0.6199466258014593,-0.05183505136949601
30.17,-0.28142433597504335,-0.4363807813608081,-0.12907947837795797
30.18,-0.2970008667650747,0.11155736908404779,-0.12699718078288338
30.19,-0.28158366386163564,0.27844274948151826,0.036282584176465946
30.2,-0.26681980301840275,0.0744936231693886,0.22451567418806856
30.21,-0.2677344697720388,-0.14508740711880552,0.14501294167372972
30.22,-0.24381193170718135,-0.523212056500165,0.037379500612356634
30.23,-0.21127403269147566,-0.8191545056036296,0.0298090154374972
30.24,-0.19467774245952935,-0.4426191224335576,-0.12120421143251578
30.25,-0.1902250344985957,0.06682672808841023,-0.17223414880488983
30.26,-0.2759141211345942,0.23463537058716508,0.015537969721221262
30.27,-0.4697905794916447,0.17442339141318544,0.26360074373517894
30.28,-0.6024481310954625,-0.3196599789813552,0.5391498205250604
30.29,-0.5585675163122662,-0.9331315182532163,0.5404990358127638
30.3,-0.3530949660298072,-0.9321011058311846,-0.04387226394568833
30.31,-0.11038474974886842,-0.5081729415020858,-0.4515085616018971
30.32,0.042340290224996135,-0.05925629948496902,-0.4598806491276079
30.33,0.085332922707899,0.1692310256886786,-0.29703962690187735
30.34,0.08886440898144272,-0.2545542625178553,0.015968825745898807
30.35,0.0015204762786543424,-0.5686619357383442,0.250894476708158
30.36,-0.17543763456232037,-0.2598721390247564,0.46387291196736463
30.37,-0.21654485408941088,0.11458353420581704,0.40585940711977864
30.38,-0.03000997169891545,0.16528833048225605,0.1327742191656293
30.39,0.25693230209857604,0.11586303773458723,-0.19942931067528136
30.4,0.47337886817611297,-0.004211081092070398,-0.3591910680700286
30.41,0.599435720014708,-0.3508940810011821,-0.35294393806854363
30.42,0.6994116434145556,-0.6681560551391017,-0.32946763521809314
30.43,0.7104407898960692,-0.40000520665690975,-0.17762568176553356
30.44,0.5455772354341542,0.5301479323590276,-0.005085200011267305
30.45,0.4020669679499861,0.8657296003344116,0.16294397525720183
30.46,0.39159467042518525,0.35839800832487667,0.3259929597726853
30.47,0.44168785770002567,0.08044590693437773,0.2345924959389703
30.48,0.5761027034566361,-0.01416469880206106,-0.021093229806142477
30.49,0.7439729522243165,-0.2784080531809363,-0.09578167217506506
30.5,0.8161302839775344,-0.12707929089761044,-0.23126701059756538
30.51,0.7253921308716846,0.5456672022845551,-0.30196325107608213
30.52,0.5982388382111271,0.7580631906039448,-0.24472038697247595
30.53,0.5199251977906414,0.2262421555104016,-0.17613155737910852
30.54,0.4474537676509789,-0.17846296121731087,-0.009445869685109104
30.55,0.3826972915581238,0.042872730474023846,0.16118461092737044
30.56,0.41156074206402365,0.33289022081779585,0.1869288823576991
30.57,0.4980360864355386,0.2949731037506532,0.14680296575773616
30.58,0.506926505021368,0.18869616794362465,0.14187792374185493
30.59,0.4680405892398238,0.16632501567369457,-0.05007761841370695
30.6,0.45156080792700815,0.06547215948747816,-0.25871681876234853
30.61,0.4454369135464924,0.0454315976016973,-0.32310382021405626
30.62,0.3960595241201303,0.29937106884050596,-0.24302841723184887
30.63,0.29861813127974896,0.5629741238210527,0.04504160844123967
30.64,0.2243836461647617,0.6039399185729569,0.20997998558704045
30.65,0.18984156305292368,0.2981128223952798,0.3906881027743254
30.66,0.10618193094919207,0.2571338336198891,0.27518681192842454
30.67,0.01797533800208713,0.2687788112988855,-0.006654831203064315
30.68,0.013938357654466004,0.11385823723947741,-0.18809460825376229
30.69,0.11446467891971014,-0.09563729016274375,-0.290790239258205
30.7,0.17281722451666476,0.06041636217235094,-0.23197039874168485
30.71,0.1306162359645734,0.3316865284703252,-0.06636432338691947
30.72,0.014472052641304467,0.19748177278894305,0.35681492547518023
30.73,-0.15173113233075114,0.11149733084470295,0.5051161228175977
30.74,-0.2676594923336245,0.20286903773500695,0.17703379276393555
30.75,-0.2768533760541609,0.15514963229644166,-0.1185254309834471
30.76,-0.21163684695316598,0.056604040836143524,-0.14319235976303174
30.77,-0.10971769944603542,0.1608617594413869,-0.1631473587122537
30.78,0.04060975929224285,0.0987392225348728,-0.13971961061497298
30.79,0.08608957877440826,-0.06884460531801756,0.08046258357270564
30.8,-0.060856177983582754,0.04993498159358106,0.19252956821593142
30.81,-0.26590724996842485,0.3508640545265575,0.11877877414396196
30.82,-0.3768572376555022,0.33679743449525856,0.09579123626649982
30.83,-0.3778807914328485,0.18366253406665414,-0.20507294393524406
30.84,-0.2286653510589311,-0.3035996742824085,-0.41528203698674226
30.85,-0.04868206469059938,-0.5613407095869637,-0.10528319796918045
30.86,0.06678368087337395,0.06935915966214856,-0.01564153747166562
30.87,0.06498491943199472,0.653324850359113,0.06666737440034158
30.88,-0.11142869282301632,0.6822179946898682,0.19461129528763338
30.89,-0.35939596513288014,0.27581860808162545,0.14774527682759125
30.9,-0.5180237166831887,-0.1965465683841337,0.0906459674320266
30.91,-0.47877468328507095,-0.43901472255039087,0.07444737859100686
30.92,-0.25695889112215253,-0.327017717042167,-0.040794330153141434
30.93,0.046129051009101224,-0.06165876123039954,-0.21381317561889393
30.94,0.20496795379874766,0.25506827765899226,-0.18267004327835912
30.95,0.047048253207544466,0.6146299373557309,-0.04465708952213157
30.96,-0.2839961633903932,0.43792174148220125,0.15221936435223107
30.97,-0.5632591717805975,-0.12687212431655837,0.2760764162466057
30.98,-0.6018633929134224,-0.6867798770767246,0.32947607076003227
30.99,-0.4731161919613347,-0.48386812507124066,0.08236975503121391
31.0,-0.25668605962320235,-0.028265195270990418,-0.11585980553354526
31.01,-0.05882935425295732,0.18851351879576733,-0.04143389576573661
31.02,0.02494593316483957,0.33713801892537953,-0.13867004508549335
31.03,-0.015547323250387587,0.11506446426787664,-0.27926369851228167
31.04,-0.1436083149924418,-0.5397648918516245,-0.13912901160557542
31.05,-0.30029632531515893,-0.7978280681562455,0.09933159350766028
31.06,-0.4167681651818712,-0.2357321741677617,0.18306109504055082
31.07,-0.45447711004440156,0.5354947327227542,0.18415257513948644
31.08,-0.3891115356106637,0.6217862178820429,0.163931352006409
31.09,-0.24807693860112776,-0.054202167695464376,0.08726977451782236
31.1,-0.11309703801191952,-0.6576984504145698,-0.07344795684283814
31.11,0.0011849946451819304,-0.7844606010719601,-0.2947978691864992
31.12,0.05547412991503541,-0.48029493998872635,-0.3957762258388464
31.13,0.014605097222285007,0.17652399094443577,-0.2608136793431747
31.14,-0.04600577477667837,0.5502895745962588,0.0127981553597728
31.15,-0.10584078776621608,0.41917867990883084,0.2376137315294201
31.16,-0.17611034051746904,0.00014111975900449325,0.37982326631104457
31.17,-0.20295165476417024,-0.31579471406880744,0.23742324979226573
31.18,-0.09642717296009919,-0.23886580951268332,-0.2583242560006451
31.19,0.11647821533146505,-0.14458760004133225,-0.4402111493937392
31.2,0.2094199052307385,0.28452903643794764,-0.48456709973040774
31.21,0.1811729389078471,0.4024029930098723,-0.3948664282049438
31.22,0.1303035475085537,-0.2812954280555776,0.12589257793382364
31.23,0.0408566185977723,-0.5681344700147046,0.3638011291682377
31.24,-0.13829842324751385,0.019714919302393552,0.3635235361803264
31.25,-0.36969277102434955,0.7646190119942231,0.3929168528976862
31.26,-0.43330478197159433,0.6685412051611647,0.14425377736053013
31.27,-0.31241787854754005,-0.19995192576498688,-0.00830341315825775
31.28,-0.11213684072427499,-0.7072160329975579,-0.25504287980139223
31.29,0.08711415419599441,-0.8317965768422029,-0.2475829234257595
31.3,0.14490882833214327,-0.42146490914836904,-0.06529563682207576
31.31,-0.006702747010221943,0.38700387839717376,-0.022235749385317038
31.32,-0.27050510187898236,0.6568637772074226,-0.027167468889322234
31.33,-0.45883781869748985,-0.00796274236057648,0.06558539737546856
31.34,-0.49818934623258854,-0.6760006262352971,0.24845801071496382
31.35,-0.35118858586613283,-0.7162202193791323,0.2642935931999979
31.36,-0.06936902854640947,-0.46833679263989875,0.3008465707587327
31.37,0.15515557358920537,0.2052625050887774,0.01659771866337989
31.38,0.1893963241434718,0.5824825103873414,-0.11994454061388574
31.39,-0.04106672285664534,0.45701721635397974,0.12489397190191612
31.4,-0.33188738663850625,0.05500145768300302,0.04240506605989605
31.41,-0.4001015120065462,-0.8156322941218661,0.04853817985444411
31.42,-0.24083020603894983,-1.2040735984205746,0.06532430412645204
31.43,-0.0730365895602941,-0.2751159960082247,-0.06650808236232186
31.44,-0.02464106648804534,0.748764310975591,0.1944053637463171
31.45,-0.08521964972481914,0.7590584056014147,0.36252059007646686
31.46,-0.19040744237017704,-0.05583033765375611,0.08039168970022881
31.47,-0.26901309204045104,-0.8755531723966916,0.04580459671704305
31.48,-0.2027505866194398,-1.034635010803297,-0.12569930860255898
31.49,-0.10834232278657685,-0.6278608127074736,-0.09733889403801493
31.5,-0.14989454050249482,0.09145013172730776,0.1483460679260777
31.51,-0.273377980870787,0.7144591041524032,0.1106647596192953
31.52,-0.33178120200518485,0.30931567167079754,0.14773916584639488
31.53,-0.27217813159965226,-0.6612464815007986,-0.020648072300703202
31.54,-0.19508649291603108,-1.136618806734254,-0.1564917361341654
31.55,-0.13236420988919206,-0.8818589956101258,0.04360284219452068
31.56,-0.03287867867331028,-0.02383082690880589,-0.029805868268275942
31.57,0.004542864747487715,0.6447088703928502,-0.0366496142574756
31.58,-0.11710686435635372,0.6984609950239999,-0.017019833403430745
31.59,-0.28028086510903094,-0.2535687725209904,0.23174333576774048
31.6,-0.3029122769286581,-1.331265910177815,0.2257304466406491
31.61,-0.13508609764801036,-1.385231122405515,-0.11497781937338125
31.62,0.031442338351511404,-0.2919199325156028,-0.376277926073707
31.63,0.08058141445388967,0.7193247984044278,-0.31714696401779274
31.64,0.06246970327815911,0.6131967712006592,0.021516306490091175
31.65,0.1048906287595066,-0.363559282405854,0.10953039315433313
31.66,0.11504708269953941,-0.6756093834137612,-0.0085454256612328
31.67,0.09914688600282931,-0.47153991954999647,0.06703598534960553
31.68,0.11902176649999613,-0.4035569289832629,0.3086196082099341
31.69,0.18685203218548896,0.18309711322021843,-0.019713553366896952
31.7,0.33351332337452666,0.5293900509724656,-0.3210661901427737
31.71,0.32001260440619483,0.4995507019532145,-0.24823268590229947
31.72,0.22373943889904202,0.18223060017257525,-0.31412692996164937
31.73,0.2743377573166527,-0.8455649047226115,-0.0216829467063282
31.74,0.42476982517787143,-1.1858124488174435,0.07807110399661499
31.75,0.5113394387140303,-0.05705352956206644,-0.13514741149370643
31.76,0.5113681637672447,0.8225599321508973,0.06597447155387359
31.77,0.39087201956757667,0.8947698240468377,0.1243978613313603
31.78,0.22528328950396756,0.3293673731018725,0.05609312694187546
31.79,0.16666718244643447,-0.4692652036078121,0.19135220645125067
31.8,0.25921798168879095,-0.7566980178106473,0.09685283033564646
31.81,0.3491700642515967,-0.24689561755172473,0.10078204294151595
31.82,0.3613373159947255,0.6813863400893292,0.06646862491762773
31.83,0.37014060698701284,0.9369610852536241,-0.11981625599046292
31.84,0.41053396037490775,-0.04587137437690114,-0.06280829490060898
31.85,0.33221328651939225,-0.6337214362666048,-0.07610069416358806
31.86,0.21169615096858319,-0.4913766573126257,-0.07993924184437799
31.87,0.1875642791028243,-0.23656050959427996,0.13573306891681575
31.88,0.25804908098688145,0.1652471136318287,0.0781499344859926
31.89,0.2900297958472869,0.5935258561426939,0.048150361124643326
31.9,0.25289718004482836,0.4669866320370959,0.3118175148566046
31.91,0.22865942003340933,-0.09715031728044576,0.23124405760113478
31.92,0.3060223684963653,-0.6266855789571476,-0.08434801061535446
31.93,0.38730390778864754,-0.5440538580330766,-0.04865835422534229
31.94,0.4163446675634955,0.2928250798257095,-0.20109253972383662
31.95,0.39996506998566483,0.7452970954041966,-0.10048526941895956
31.96,0.3425530425743062,0.4784094536224757,0.14114198279333967
31.97,0.26395189635881605,0.07722385092339812,0.0891699680867282
31.98,0.2918547683762596,-0.4748981796751967,-0.07857883122260281
31.99,0.3993178977879187,-0.5447838414584609,-0.23243290006057832
32.0,0.4505752126162238,0.1772087632805236,-0.09986718862126412
32.01,0.46881101862593216,0.810864503288642,0.05606752627742441
32.02,0.43093617594080375,0.7467312912401032,0.22485215170189882
32.03,0.29579783055856146,0.2843216811272538,0.4272041911853228
32.04,0.1890074697113946,-0.28783368194141074,0.1745461835068517
32.05,0.19254407888535555,-0.46669254414344347,-0.43508821076268717
32.06,0.28820877234991144,-0.12743167867571759,-0.5301928880631994
32.07,0.407525951759402,0.4743894371341075,-0.42739502657124095
32.08,0.5735517668302472,0.31511475706501296,-0.22193596651471953
32.09,0.685200296431177,-0.1747967935100459,0.1482948133419637
32.1,0.6110791042316744,0.12200623486312923,0.2705702399930791
32.11,0.38769569428867623,0.5713805767875381,0.28719814756100703
32.12,0.14846478590280407,0.6675312395003513,0.19796267780487464
32.13,0.09905589766700021,0.476135737230297,-0.0716819407225901
32.14,0.269478670171587,-0.05916690939251412,-0.00584796517613867
32.15,0.42814408719674013,-0.04788924599250623,-0.21046419656345075
32.16,0.5347659785114895,0.03624252477104313,-0.12205984606712346
32.17,0.6097809657503829,0.33448609226598347,-0.045825831302164444
32.18,0.722516859324648,0.25897523147936485,-0.16519562889658573
32.19,0.5963285871700738,0.4602446599236634,-0.285302495344457
32.2,0.31887770572500207,0.49867620278431857,0.04459414726614791
32.21,0.11038066984346756,0.3509395184811823,0.37204605910650684
32.22,0.15388992725060469,0.1286793962953926,0.34550170031439137
32.23,0.3081290582243643,0.2994946193092148,0.15401359458377534
32.24,0.4354896789194014,0.6054893818524721,-0.08313960967962805
32.25,0.5428102760392863,0.486607303329329,-0.14058587830698294
32.26,0.5860967728596297,0.275133618362427,-0.11259752875261858
32.27,0.5054929898985775,0.39703344517503913,-0.19874424489261394
32.28,0.34412627394380896,0.25671053646881026,-0.01415503325471515
32.29,0.1976414834886228,-0.014129506080715282,0.19192839240057008
32.3,0.14499025985125424,0.0886211975365408,0.04641277278024272
32.31,0.19463917232010425,0.2826682254808807,-0.14397248546624294
32.32,0.20319358986988445,0.5153906209954275,0.023385962034465885
32.33,0.23378369315166214,0.5667735893050239,0.020639398629075274
32.34,0.2989584594668083,0.28820870727591524,0.040724952962019195
32.35,0.18854864898731832,0.4584910518836509,0.05931815930337829
32.36,0.009012411067979925,0.5349793486610659,0.07110726073886853
32.37,-0.16002353103499914,0.41186566530745206,0.10012852100015611
32.38,-0.26487969297962743,0.4478826742952125,0.042702074067364405
32.39,-0.23822083744081846,0.19743684101045356,0.017045846038441937
32.4,-0.1342870909750004,-0.11576365741851141,-0.0923987817384723
32.41,-0.06341918073228164,-0.16016263919419466,-0.13152534616171577
32.42,-0.1231983114123753,0.1484436504116846,-0.007359251187002064
32.43,-0.23911927689139076,0.701574530562245,-0.08943193584784048
32.44,-0.333430030683274,0.6808654023030625,-0.04022799096415249
32.45,-0.4776931262331844,0.15399292521906394,0.3636098569134359
32.46,-0.6540573669915607,-0.13104475179292424,0.6410802805478951
32.47,-0.6747060702428599,-0.10895190657651349,0.32262070177478774
32.48,-0.5171696082044672,0.07021532863257761,-0.27073559209508213
32.49,-0.4446377013383167,0.5207561948738048,-0.47794333641021325
32.5,-0.3964426392878512,0.3666246545174353,-0.40077453707556565
32.51,-0.30938437320361667,-0.6186365047747018,-0.0375432844007923
32.52,-0.3270340769969784,-0.6939636074216765,0.09123539115474631
32.53,-0.44993365994411477,0.15764508633448837,0.13346065530094348
32.54,-0.5950242804274609,0.6663643083713361,0.29639672324429667
32.55,-0.6458804307213022,0.6162387499801247,-0.06363576281787603
32.56,-0.5938065846688143,0.06552648604435829,-0.025369250539757318
32.57,-0.500205364556509,-0.3681872439048714,0.07603846317601626
32.58,-0.48445985506137906,-0.44090861622121824,0.03529054398183496
32.59,-0.5368748596449328,-0.2394833637969937,0.20555905824020687
32.6,-0.5227028202758345,0.25241670165074487,0.13201042663946097
32.61,-0.3856288200851975,0.3833165534267482,-0.1509183446762873
32.62,-0.2985346328350837,0.34894275233413363,-0.33071841413640735
32.63,-0.36119675888405417,0.14763835670115147,-0.06241344281458405
32.64,-0.4706796253366231,-0.3062706181850186,0.1777944519290851
32.65,-0.5512879919376746,-0.5358309658205279,0.06709877244061105
32.66,-0.6348136759215012,-0.2572382017418662,0.06393346956877648
32.67,-0.6810072405421914,0.14452459325285247,0.09335144274596532
32.68,-0.6554179840491657,0.49198204143514734,0.014290480184132093
32.69,-0.5320143200680856,0.21564003642760732,0.1489930573381707
32.7,-0.4437211960273653,-0.3599374431412219,0.2242394850992288
32.71,-0.43954802179447205,-0.5992626545600201,-0.12592863620849637
32.72,-0.4956257376009231,-0.3647179093132544,-0.2900831575446565
32.73,-0.5453764504480026,-0.19914015899357168,0.0024866211022677165
32.74,-0.6272929175440739,0.05902538752598299,0.025992118627244733
32.75,-0.6621838449639705,0.19693355455349787,-0.10644624510970428
32.76,-0.667776261222541,-0.177164482254169,0.4761567238530151
32.77,-0.6396232055897294,-0.34991866045132186,0.34348738625011277
32.78,-0.5044934291939241,-0.6587927340412981,-0.14166327296142167
32.79,-0.36092928060030904,-1.0315193829495959,-0.06398895715796618
32.8,-0.3388033427788844,-0.564363781007105,-0.1260300771923773
32.81,-0.44133535234122984,0.30561583676660076,-0.12726140484376305
32.82,-0.5420010448768422,0.4502254974212569,-0.00443731464251515
32.83,-0.5099506234637108,-0.40761051330593356,0.10052605370562558
32.84,-0.36001323861967643,-1.2265405780708152,0.23609923988401713
32.85,-0.07386459850044591,-1.1974201361541617,0.09165922406546795
32.86,0.1961767133121825,-0.3972827719996215,0.02796476365987364
32.87,0.19817939748058394,0.8201495043009297,0.020392090987762814
32.88,0.01592327678008612,1.05788983441945,0.14680995021935997
32.89,-0.15452036059833296,-0.08135521007622604,0.521798282516852
32.9,-0.19287155929816258,-1.0104910640691194,0.28081108619406747
32.91,-0.07134808678472734,-0.7748365706601797,-0.27837887831795016
32.92,0.10181248980467295,0.06496550317689909,-0.33501513701573093
32.93,0.27577795454277276,0.5986362221382879,-0.16213616627650485
32.94,0.39294533849261815,0.21518137247179103,0.15731216221589708
32.95,0.34732780251090845,-0.17941027159677583,0.1728185731655984
32.96,0.22161799374036478,-0.2799386548890227,-0.019548017816832464
32.97,0.028836062858750677,-0.2988820349361095,0.21975755151001963
32.98,-0.11785728472261384,-0.09364188172986557,-0.00811730202096056
32.99,-0.08575168654709862,-0.09525316613667414,-0.4347308950223078
33.0,0.10380085202174678,-0.5011114313908163,-0.1922407736356025
33.01,0.24757792102853904,-0.3601075876726423,-0.1187876596575892
33.02,0.25460477205471366,-0.03811443416494764,-0.060383096655028834
33.03,0.08923653467050616,0.301429034736644,0.2107002966668595
33.04,-0.040750631000169096,0.2835296985793604,0.18088678908907138
33.05,-0.06580071112379747,-0.28738389972732276,0.3013123380762527
33.06,-0.12168635299381729,-0.10726239827523226,0.13685821420037655
33.07,-0.01889087176813284,0.13148509265109154,-0.21569219607258555
33.08,0.2919777567401724,-0.5024096071437734,-0.04775252902020172
33.09,0.4637864202730994,-0.3054724277596535,-0.11328235398306881
33.1,0.3801106032006386,0.5140980543877971,-0.06355449410318048
33.11,0.16186623230214875,0.640238279477715,0.21159837481807242
33.12,-0.033169745104102505,0.2500751078753417,0.04151123342533741
33.13,-0.13469735501604385,-0.04596985030456385,-0.10459458172848585
33.14,-0.07334633211606208,-0.4144164147142377,-0.054298675437120955
33.15,0.12224701948232186,-0.7884837429389687,-0.03526951391998204
33.16,0.33370497219574213,-0.5395990311190199,0.18856913369327488
33.17,0.48876349809075925,0.475827658877092,0.10169224168761631
33.18,0.5197978661895504,0.8772140325515381,-0.04810719614749791
33.19,0.27630458349675874,0.7118516529948313,-0.09504147038413294
33.2,0.0037660657864595493,-0.05592352064915607,0.13054129101572656
33.21,-0.06412416033274165,-0.8875025390283721,0.36630368630980903
33.22,0.11951726574486635,-0.8280858825648669,0.1303302443141123
33.23,0.31588608935144374,0.2959473128665211,-0.25940742015534823
33.24,0.41798600843724454,0.9774446926861207,-0.28224329024636363
33.25,0.44032695438524766,0.5887902003484033,-0.16324640973316698
33.26,0.417991776014254,-0.2934541979582972,-0.1416311917256242
33.27,0.3278325193164135,-0.7037205029637663,-0.1548918128278613
33.28,0.14667090412989872,-0.3551004863432999,0.2275449727219422
33.29,0.019818486652804182,0.27385402975770745,0.5124579992181872
33.3,-0.04310869080414859,0.9575714789364178,0.4305928227024338
33.31,0.028511456500825524,0.9338914879631852,0.23666436698124246
33.32,0.233840149024267,-0.10048527090042458,0.029692804183752475
33.33,0.2879812172564656,-0.8012020877876803,-0.21127145747919296
33.34,0.34938400007727344,-1.1009615143722735,-0.4346419526938303
33.35,0.3131396954601352,-0.3024602247306263,-0.41292078450586606
33.36,0.15073678064431648,1.0924440251425993,-0.18618285066577453
33.37,-0.06092734019670809,1.392632185124036,0.15810722064768168
33.38,-0.22647584932690695,0.5042380793543534,0.21586591307310357
33.39,-0.18845526719939043,-0.8640370047902068,0.23201492077199223
33.4,-0.015285065151219718,-1.2871837932129513,0.14290567071638458
33.41,0.11599930300199059,-0.37010610092627927,-0.04930854372285087
33.42,0.2010921233010851,0.2878827701384934,-0.07377114973063377
33.43,0.18596743090556658,0.3482209970244077,-0.2884320083635479
33.44,-0.05384309005251481,0.6578443136406429,-0.38706642455689466
33.45,-0.31657223157272113,0.453962570634842,0.015770891895300454
33.46,-0.47778247236742133,0.012402940516847205,0.041791142069232984
33.47,-0.3606451944189018,-0.5892121500792046,-0.1108658793574315
33.48,-0.14704433454121404,-0.8873368616036323,0.3214427448075329
33.49,-0.11362615905596857,-0.0019406484429038695,0.2784560220787371
33.5,-0.10946343931627535,0.33633680014527634,0.13789501111798297
33.51,-0.1571868292782298,0.1743118727468106,0.1777390241011114
33.52,-0.1887657961733415,0.08293328166460143,-0.07667722737210608
33.53,-0.34589951307699296,0.24528796778549905,-0.2356744956946598
33.54,-0.4597176136181877,-0.37718266598381556,-0.008903855233102886
33.55,-0.4566990566968302,-0.7656426292063947,0.16912516023992188
33.56,-0.19815462187727023,-0.5943743119356311,0.16078959701370152
33.57,0.16625902621997807,-0.008328792881236557,-0.2187507197621014
33.58,0.3046079853477832,0.4075162783569879,-0.42056655695063316
33.59,0.27350033444843524,-0.12428405939979537,0.21703739620565654
33.6,0.17171780619484933,-0.3480413590083862,0.5920175399130297
33.61,0.0665417002652575,0.2297538323661189,0.35677768085628375
33.62,0.08686125853186155,0.5855411598702259,-0.3521441932614534
33.63,0.137239962975307,0.0894280846103066,-0.5850254702060976
33.64,0.1287111423095318,-0.2318179396804699,-0.3885026473080103
33.65,0.13520695345041933,0.2678184794716479,-0.3894647701473544
33.66,0.30794403686760774,-0.10487474006948194,0.24516703233605813
33.67,0.43657948421427983,-0.30592874414028604,0.238804733366164
33.68,0.3476857451033341,0.03451002883350873,0.22009673281090786
33.69,0.1574497460533904,0.18361063687651757,0.3738683927206703
33.7,0.054451092442004675,0.1956734861665405,-0.13028470926558067
33.71,-0.03367797635760975,0.17348347916640233,-0.14499481985009044
33.72,-0.10925314782050824,0.3475626859404701,0.015343380705803211
33.73,0.009693223243939869,0.04430258697101852,-0.0777767935967751
33.74,0.31028199575349147,-0.6443441356205545,-0.0629815184352572
33.75,0.49452861479539245,-0.43360235740364406,-0.18401429864878663
33.76,0.4091242163957089,0.3987799925185737,-0.15278768730680617
33.77,0.1923481772564431,0.6472060932612684,0.07817964901008953
33.78,0.004802180159523967,0.3266651610060831,0.021078744099483786
33.79,-0.0017473938190876144,-0.4716456255391021,0.07298356600370022
33.8,0.005029817663582365,-0.5696301468892643,0.21278233765358162
33.81,-0.016662967670328883,-0.26139924810375165,0.20581483521187316
33.82,-0.036346765032533965,0.0462307761856543,0.2746494721918383
33.83,-0.02059175047755618,0.7857169543847597,0.023152420491277526
33.84,0.012562266852364282,0.8721714441067484,-0.12969273604294335
33.85,-0.1159296789710407,0.5297933772291806,-0.434027765981038
33.86,-0.4100473032277823,-0.24870837903825,-0.037204433491748595
33.87,-0.6650920403823226,-0.6124565011521574,0.15790016833180479
33.88,-0.697445177793884,-0.38171892021549003,-0.07339753529756114
33.89,-0.49795255480670936,-0.3758972987208687,0.07311947290576105
33.9,-0.3023670029331586,-0.11923625267293773,0.03687898655867676
33.91,-0.2602635957027416,0.31531214899246135,-0.09137220511303827
33.92,-0.3260758990178464,0.15069391444375047,-0.1108073353624979
33.93,-0.4658594371905016,-0.45856078625220603,0.14910951962131389
33.94,-0.6014655280334522,-0.5248614061777385,-0.023084061062394464
33.95,-0.619980339744874,-0.3295279405007853,-0.021717251003198535
33.96,-0.5475539041967481,-0.13550531459080098,0.3043706266134988
33.97,-0.3759411227838554,0.22828412073661405,-0.13356269766075218
33.98,-0.1781325334308837,-0.1324323056244579,-0.15156487958525833
33.99,-0.13929834100765073,-0.5105834826250003,0.16547400129974207
34.0,-0.19221811610099818,-0.667935547033141,0.16883161918820871
34.01,-0.3017999887517407,-0.3510372107205994,0.12393867572263914
34.02,-0.2999613413359934,-0.09061076636719614,0.04482640780432008
34.03,-0.296920641136536,0.15697891883664009,-0.08491439795441755
34.04,-0.30093129070971675,0.21383701177104023,-0.11723422252433707
34.05,-0.24999056522845825,-0.3293970913515271,0.09233634727882793
34.06,-0.12904007167921677,-0.8410586151094713,0.15749185158473278
34.07,-0.03182994213601891,-0.4995008431407606,0.1127856770777737
34.08,-0.017000780461229423,0.32059999929179833,-0.07063929150806197
34.09,-0.015420348689516595,0.3054983134125701,-0.04508584357505135
34.1,0.015558805793489124,-0.3507671746331556,0.16240469419024373
34.11,0.07376389792875043,-0.5924891268324924,0.1196888475332588
34.12,0.05929720208500479,-0.10017730456133125,-0.06237022658645124
34.13,0.096369923331428,-0.06928074393383041,-0.008669407076576723
34.14,0.08067234285565063,-0.12997858501282064,0.14955375885004624
34.15,0.04010044420883791,0.35715647026585373,0.07957318833991371
34.16,0.12487849953972559,0.29839254188909126,0.1919590234866062
34.17,0.23519812456643055,-0.2653079285101586,0.1254704725196356
34.18,0.29615183501345105,-0.8140113530507989,-0.037176228835688975
34.19,0.3833252689568298,-0.5911178885116175,-0.3215733872746586
34.2,0.4878655096317363,0.06668366989343665,-0.12826966262422515
34.21,0.44597713710902465,0.8496720970164732,-0.0920708012949182
34.22,0.2895694422331974,0.8753709248667572,-0.20770199012418505
34.23,0.12724214688067162,0.12688905130345512,0.14686461199255707
34.24,0.18161648780557668,-0.7449326948140974,0.38749885158340247
34.25,0.23182663269319667,-0.20890008199254376,-0.1852990474781432
34.26,0.31047333309212893,0.14491915585926493,-0.45147826168267463
34.27,0.45513316660752473,-0.34734289984854005,-0.030703767522943848
34.28,0.5197118310536858,-0.07661312549542468,0.13162934861913733
34.29,0.43184692941918296,0.8816811043554935,-0.10093896036198552
34.3,0.4017742611620948,0.5199335874954856,-0.28266330451680505
34.31,0.2820342722561842,-0.4702259690323282,0.23771041958515957
34.32,0.06495613992698261,0.008468626702069658,0.20892190174086778
34.33,0.032981360993391634,0.6675184490433514,-0.024460378948098653
34.34,0.28074682387470634,-0.029953458124400277,-0.03971341862570315
34.35,0.4030913127011843,-0.24571627839755827,-0.11668672401156659
34.36,0.3558100813553561,-0.021978714764218074,0.1901920480396901
34.37,0.3078872189777515,0.3652587843078395,-0.04351916789945854
34.38,0.3290971233538507,0.1517768366822957,-0.309184195610962
34.39,0.1991092740172377,0.11538211364760288,-0.22622951138681552
34.4,0.05657276822693176,0.1381015172402295,0.002734869149566073
34.41,0.06303800417669732,-0.07176033773217862,0.1063256243857974
34.42,0.1605947240886854,0.05788330198940709,0.09902032953985959
34.43,0.28665737209119063,0.22780375243160436,0.16595217439589122
34.44,0.3596532367124851,-0.0056734808559920635,0.44329309739428974
34.45,0.29995412222521617,0.264676464980267,0.12713053231863028
34.46,0.1117002220112747,0.8510111451805218,-0.29419895725484735
34.47,0.008040137205576444,0.4279612067440681,-0.41326850134453313
34.48,0.07242862533888991,-0.5057881436897981,-0.3291900026970097
34.49,0.17552471117097054,-0.47522660848552867,-0.0435465527697038
34.5,0.1698167800032229,0.5646194743446769,0.022881294247480526
34.51,0.08849881320857962,0.903420662464362,0.28932389270423015
34.52,-0.07530205251170134,0.533406624328591,0.33671455672622397
34.53,-0.15601736768091057,-0.32792571487689415,0.0899991823638055
34.54,-0.2160013358486256,-0.7203684659788706,0.08734606645971074
34.55,-0.22222646275101562,-0.06339862486492574,-0.25213534571655866
34.56,-0.20856098613167162,0.6402967623566694,-0.21093109784663291
34.57,-0.19325194341498828,0.7052355221293365,0.10986067214166528
34.58,-0.14200360314068824,0.15267447123363137,0.18679589892074927
34.59,-0.10356651680339896,-0.4253052667479238,0.06002354300047351
34.6,-0.06600613382049622,-0.7406773748423436,-0.16459460738474543
34.61,-0.030904353979398492,-0.6744295538349094,0.012118383431247295
34.62,0.05480806992206606,0.26950125420539894,-0.2853235300190066
34.63,0.1966511020776779,0.6756550532368194,-0.4351110196786041
34.64,0.058118647777131674,0.5196265475186049,0.364190714441368
34.65,-0.27139836950033674,0.22705365264261698,0.8005038148800526
34.66,-0.5163255703176527,0.07744458903338433,0.5038491010289542
34.67,-0.5474661808301416,0.050001574796108936,0.24027575459547598
34.68,-0.22977856198224372,-0.28865433993556894,-0.25452525644704904
34.69,0.20701320254851657,-0.3951342529262663,-0.9857033909885059
34.7,0.5141843351778788,-0.5136034930254901,-0.6794299293591671
34.71,0.5591109830952392,-0.019286036462098893,-0.17426184524760538
34.72,0.3713940024153737,0.7666175144415438,0.045153349946821394
34.73,0.06976562822534572,0.6849826447738588,0.403079049124083
34.74,-0.3620173399889113,0.4303993106672716,0.4290028780255618
34.75,-0.6047789246488499,-0.1986053684639402,0.18148501058801939
34.76,-0.4841951798276268,-0.7282322555497148,0.06137005348395537
34.77,-0.033054916328066467,-0.7010021830055156,0.10889951452018116
34.78,0.42886432074770364,0.036209269098603086,0.019028737077197332
34.79,0.6526695454511893,0.6496858764238226,-0.24668429782644047
34.8,0.5138882589630882,0.6297477933942176,-0.21658334595236733
34.81,0.08798160702300617,0.29142350262086075,0.05228138814051622
34.82,-0.2832420395397519,-0.029591934771662637,-0.038873702104960245
34.83,-0.22558755847927134,-1.0277076876411904,0.1781723153022016
34.84,-0.05402596399228525,-0.6740422464599829,-0.048038112211872146
34.85,0.09263585817360084,0.07580396338225004,-0.18720196179214477
34.86,0.1722916855550827,0.41569678706497254,0.3732469295046972
34.87,0.17671679802207457,0.9937945853599411,0.6265160569650053
34.88,0.18474237578096142,0.9205844345179818,0.2064883446334956
34.89,0.13742371866556585,0.1505413098014281,-0.7288962812946089
34.9,0.017677105907815613,-0.9709813387878701,-0.7142202327026416
34.91,-0.08829802377541707,-1.0381127685897291,-0.270743714843113
34.92,-0.006563355318532995,-0.07246905166507758,-0.31630143109939496
34.93,0.2635848070346435,0.4123968259184018,0.05192395851363725
34.94,0.3252469774730461,0.8787933439977379,0.5505395357398374
34.95,0.24089711309699727,0.8046492771606241,0.304343583587705
34.96,0.07203817005236059,-0.20756062261319153,0.4668507206007942
34.97,-0.1529751025951081,-0.6891963099172502,0.42559575610464606
34.98,-0.2522508275349551,-0.42402729141990286,0.029768087928237104
34.99,-0.19038226272565556,0.3531153794317659,-0.3693802660042591
35.0,0.0781300836470352,0.3755165923852135,-0.5310117371507871
35.01,0.1716426165208499,0.4583344092405195,-0.6956355777266393
35.02,0.10496259762605825,0.22842226946546457,-0.3499232421755489
35.03,0.03545306479491221,-0.6261266909768173,0.45877554367675893
35.04,-0.0032487574419663313,-0.8599047515089818,0.25744342325326924
35.05,-0.14225915228688754,-0.04831225730517875,-0.044242507909871845
35.06,-0.3884352670057271,0.6300181066711771,0.41090158715023106
35.07,-0.46522871185109926,0.5687240434434752,0.35583480133292966
35.08,-0.3147120130759609,0.003299682898189455,-0.09785891891117694
35.09,-0.17481622554326895,-0.17573480197276933,-0.19721285093086557
35.1,-0.20484686179032544,0.43770404074292607,-0.33135095702374184
35.11,-0.19232699435345668,0.14319528374537172,-0.29382004629175495
35.12,-0.10848224730821213,-1.0024575871928907,0.016552439744031342
35.13,-0.12712461716917128,-0.9986698967122567,-0.1426548552078195
35.14,-0.2345347299979743,-0.2621821283067711,0.1206750751047204
35.15,-0.3480242456914151,0.2778971654485094,0.4163867409915001
35.16,-0.43293120755976194,0.61495410186287,0.08886195201873301
35.17,-0.47951857103514367,0.5250604355904253,-0.005744167673636438
35.18,-0.3411493255899986,-0.3213265459507282,0.09370796645012806
35.19,-0.042802370803975816,-0.9211128686049512,-0.1804548306892471
35.2,0.15326976128904032,-0.5951144902586408,-0.20573095951042836
35.21,0.057424252281717894,0.24246334940355532,0.024047804539111966
35.22,-0.07883810494752153,0.021179457905814277,0.17184026870805902
35.23,-0.2650975899663278,-0.15788028464597598,0.2889492080804305
35.24,-0.3822613887926992,0.30238491903081594,0.1594242887839661
35.25,-0.1920935964951483,0.2867250897786667,-0.3408837858794943
35.26,0.04364913362560474,-0.07666391018652081,-0.37442519666389146
35.27,0.06659670114790214,-0.005906937537864566,-0.044989029533604334
35.28,0.03501853866122903,-0.16157118537847673,0.19110517222154608
35.29,0.0035270299968658356,-0.4472524690914694,0.39075105115280395
35.3,-0.09152468193650164,-0.18013522314848035,0.3522412164070369
35.31,-0.1988482064734321,0.36297386805775833,0.024163345739397872
35.32,-0.14083216921408637,0.4494445721791383,-0.37826230175129927
35.33,0.13051501583615066,-0.2641619237472689,-0.31179147477598557
35.34,0.2141207373784199,-0.14940605222474587,-0.19747129794702697
35.35,0.07594951492652358,0.13792645188090977,0.12932971218716005
35.36,-0.03832577514526371,-0.1874783398671911,0.34086260001883517
35.37,-0.12947008965583115,-0.1747375230788009,0.3106918812912276
35.38,-0.058628697250510974,0.14154661748601832,-0.06669603662451937
35.39,0.022033213829080977,0.2636274739730406,-0.29191571765497587
35.4,-0.0537888324273435,-0.19532018350099134,0.07344317618971938
35.41,-0.23319735730146524,-0.5365342343402387,0.467096609293764
35.42,-0.3873924772090358,0.37688389218905993,-0.006797312276648457
35.43,-0.35337092941528836,0.5477225485388149,0.0040901528777700195
35.44,-0.21198976117506044,-0.31688428931083884,0.06941247032211659
35.45,-0.13457720077987728,-0.5949201609648842,-0.6158812474382984
35.46,-0.12617833848998253,-0.9788677937086879,-0.07705802231616232
35.47,-0.12027822262115603,-0.492695558696321,0.1860992958344278
35.48,-0.03018946502770275,0.4429348938127544,-0.32898425283800603
35.49,0.018066729416902842,0.321334424903441,-0.03923757260809617
35.5,-0.08950901220636232,0.12249894396277394,0.13755764127762746
35.51,-0.15543115876586946,-0.032473494495430986,-0.01408726295130229
35.52,-0.14069737156990444,-0.48583887971154616,0.3472032214866092
35.53,-0.1450209275578242,-0.33668376561386204,0.39196070310923276
35.54,-0.05312188850381955,-0.0026575711465706073,-0.0532283467597454
35.55,0.09584711508291548,0.1807981998438529,-0.41984296638572244
35.56,0.19026199279139597,0.26666667227697743,-0.4939068472573181
35.57,0.13762230754434615,0.3247844684337101,-0.41818288827490013
35.58,-0.016091731015719538,-0.15228834467121763,0.12738910782509422
35.59,-0.21498023586945714,-0.5706399310504834,0.6704606446209984
35.6,-0.3180084213576619,-0.27251797137739053,0.5587079918009071
35.61,-0.15860219427650057,0.18836324613646802,-0.02202629343138869
35.62,0.21757772829670327,-0.20597788710373818,-0.15910973605824696
35.63,0.3767217048384548,-0.2665294051123949,-0.058023254340629174
35.64,0.2837112012732159,0.04806345652817483,0.10617468500913183
35.65,0.047458870935241926,0.7247172597390907,0.03826164932944684
35.66,-0.08750553748395631,0.48680066251923226,-0.03507575600457334
35.67,-0.09618686941424265,-0.35461496130667364,-0.33071871818768733
35.68,-0.15942940092266555,-0.4448167016192694,-0.5891649100056552
35.69,-0.1779744042299361,-0.36921882884206325,-0.011046883636081951
35.7,-0.0038020618805670384,-0.28474820154524666,0.35145277188084106
35.71,0.25731492753910773,-0.24159744203929734,0.40015697898601477
35.72,0.20259917838530733,0.5489841114676979,0.3500015257664691
35.73,0.0067640985833282985,0.6436896274924904,0.36898600777783175
35.74,-0.10196410614857322,-0.13869549108680473,0.024651091692903346
35.75,-0.030281566447501178,-0.8635341708384656,-0.37196045860893046
35.76,0.08515758728419114,-0.5813411091550879,-0.5255448741290146
35.77,0.13655892106709344,0.09582100412584055,-0.30402290049667313
35.78,0.19191605566464737,0.29096113863836987,0.01474674552719423
35.79,0.25189948524363964,0.2651197260656842,0.21022136781449516
35.8,0.21758886474030587,0.20427112093379743,0.30950657072139415
35.81,0.0957554388482871,0.09332610111130799,0.04480230759831471
35.82,-0.04930615231359387,-0.46311539188190953,0.31927765222537774
35.83,-0.14943754706276766,-0.3028040415417821,0.2021076924596044
35.84,-0.0921031387276097,0.36884696462180344,-0.312939796700519
35.85,0.1453126056677538,0.11959939910635517,-0.2772423982119533
35.86,0.3012911931120021,-0.3211742543123211,0.017991228656432195
35.87,0.3014339785167729,-0.48186335063729335,0.2273100539393043
35.88,0.2787230736437485,-0.2545158391497177,-0.03561948454468063
35.89,0.3364489653418534,-0.09725871423897653,-0.3665806343809815
35.9,0.33136297877211957,0.051595604285616305,-0.3123631434836493
35.91,0.13708251657524248,0.5704950457477059,-0.12499267796757377
35.92,0.006992265951029173,0.47727566944602395,0.29952051874713714
35.93,0.02298478830718955,-0.11741102944752559,0.6268590337983547
35.94,0.019451557698368115,0.16450367032582755,0.23125553710043437
35.95,-0.04601297343472052,0.5452004014957806,0.11865721716172804
35.96,0.018360524681444352,-0.14995021468102349,0.07467301070438717
35.97,0.3022481078584183,-1.1935206181664733,-0.45163506297847456
35.98,0.6321664243013129,-1.3375451298356182,-0.6146502639157451
35.99,0.7019979145787278,0.0964425514899852,-0.43899317761912654
36.0,0.4719189059284447,1.4880411971797234,-0.2263915274724681
36.01,0.0671965099096094,1.289915441348721,0.37618289979044695
36.02,-0.30925313415038597,0.37216339155659645,0.6884311962471164
36.03,-0.44001489698834134,-0.4827197164603583,0.638720125246416
36.04,-0.19679700813186193,-0.8741383218863349,0.08334659562507812
36.05,0.2762785637600205,-0.684760098501539,-0.33482981050308525
36.06,0.6668757188883854,-0.17655610864564128,-0.32286475607003434
36.07,0.830947046625175,0.49507441840081995,-0.4202622993047719
36.08,0.704963930716201,0.9890103197975708,-0.44928272377491235
36.09,0.3656853926196876,0.6379154294084651,0.03373615482252463
36.1,-0.06299778958209663,0.12829192706318404,0.24121109349768838
36.11,-0.24127796320921333,-0.6441120387698492,0.3000995121776361
36.12,-0.1127506594956792,-0.9929629731391746,0.45170869037257066
36.13,0.12651900924471593,0.029709561494070863,0.14777224986157161
36.14,0.391409471239649,1.0367516033725406,-0.19335612038947872
36.15,0.5494328104197999,0.9384699535464648,-0.15809502389597588
36.16,0.5379736621093023,0.15068519246871126,-0.20403620664958788
36.17,0.45375127679591587,-0.7298752929648957,-0.40565200837481014
36.18,0.3411598700108815,-1.098131990302484,-0.13622500094343953
36.19,0.156542859542244,-0.1825350811594429,0.19947580936176273
36.2,0.012589858539319477,1.1743707909460597,0.08233875442059038
36.21,0.05195097207418785,1.1840617572955927,0.07553758765880608
36.22,0.1670063748286923,0.17699481126355518,0.10519332770010532
36.23,0.2558768236820145,-0.36125229335854986,-0.22642832388025108
36.24,0.3491232519987403,-0.6154852387697118,0.002217706351379931
36.25,0.4130260054548425,-0.25641691431449615,-0.06089341817793757
36.26,0.3959958546180451,0.3186274180483749,-0.19916221393538772
36.27,0.21068811748067628,0.6236303564435316,0.17862905773236812
36.28,-0.05709543338836337,0.7937598453683725,0.2930488902364127
36.29,-0.18462453824624203,0.359020935557595,0.12067271644309276
36.3,-0.09563512884691455,-0.42915932253721745,0.01614874687405945
36.31,0.051051978289491234,-0.3027000195738867,-0.25109881274828716
36.32,0.22843880270063818,0.1380929480966107,-0.43318150324372695
36.33,0.34032611902475896,0.2560316636089497,-0.18572044857465958
36.34,0.2545996646405356,0.36511054324620795,0.09603389044098083
36.35,0.00154852305856934,0.41619820078762076,0.1855259768135038
36.36,-0.3001369252142417,0.18006878936730583,0.3537702462408995
36.37,-0.4894257045151038,-0.004129629560492468,0.3683905610368712
36.38,-0.5198390954942239,0.10206014442946035,0.2507261589376547
36.39,-0.3446699064746312,0.15337602766608116,-0.2411034113846604
36.4,-0.04107094974256266,-0.1714405011589929,-0.4913910851358855
36.41,0.19226562296806898,-0.5160539639461083,-0.2953042593947069
36.42,0.18713578838675998,-0.22438153688619933,-0.22364025077210975
36.43,-0.13459209398557515,0.40216744608427657,0.04116821792997068
36.44,-0.5425054524709345,0.5995088003347717,0.34485535310507776
36.45,-0.7630662853688385,0.03127237636106879,0.41588871433897034
36.46,-0.7191479772385276,-0.45376145608396556,0.28583675346441745
36.47,-0.3757004019985239,-0.5451897351110059,0.05123044038828256
36.48,0.11247629763174061,-0.5442073765668444,-0.1762090620633803
36.49,0.353255641812976,-0.09548877403242884,-0.21301583487435
36.5,0.22100542689501151,0.6326350357836087,-0.20627837299055526
36.51,-0.08393685127061276,0.5290506911289733,-0.0526153734987005
36.52,-0.3713382844095896,-0.24781732158820943,0.1797683284224901
36.53,-0.5458047427073514,-0.3278687746774202,0.041463485147879516
36.54,-0.4185397444441258,-0.3965721477049083,0.12043013973767557
36.55,-0.08573070692456307,-0.4629567133791668,0.3661896786595271
36.56,0.2032262805683993,0.2545501306546954,0.09274533844049293
36.57,0.23040228541338964,1.0316937737879641,0.012551400522487495
36.58,0.08942460721361689,0.6946447779639607,-0.013593163171201995
36.59,-0.05536449237233834,-0.4008370471192471,-0.2796171790861501
36.6,-0.1876241849505532,-0.8080446758156344,-0.32062800072142555
36.61,-0.2424183550216347,-0.3382738279534191,-0.2708811393853508
36.62,-0.2277356528298624,0.04121351393670913,0.1960404613163203
36.63,-0.0922407969786617,0.23785975561687392,0.29415884468750647
36.64,0.06177995292226219,0.2925962110981658,0.2156966238994771
36.65,-0.042766114982425905,0.4533679236557592,0.1897051274436608
36.66,-0.29805100098232606,0.13864457377168635,-0.06345298186969175
36.67,-0.4624262888156462,-1.0495038255620888,0.22831969591630352
36.68,-0.4667115445369285,-1.0308498314623051,0.20511027991218672
36.69,-0.2015677748962706,0.136211602307717,-0.3001047072566407
36.7,0.0489860021811236,0.5722011054590076,-0.27592851525612117
36.71,0.019332186192811948,0.39426062330505385,0.2482845543713999
36.72,-0.10016063658662089,-0.09471999795291247,0.5780810851631267
36.73,-0.2016879065158727,-0.3017373225726244,0.33043109538472004
36.74,-0.14669008819798035,-0.33948434996022153,-0.35459072348325393
36.75,-0.06268129172086982,-0.08055162465301816,-0.8292105177113775
36.76,-0.007833898429802328,-0.061359988099878145,-0.5144660143249783
36.77,0.1430252402804627,-0.34847289105956125,-0.12556392286604356
36.78,0.36121856570460825,-0.5081002833209544,0.17257837834264142
36.79,0.3435663729324956,0.35886991764461434,0.4367908360311485
36.8,0.08896848961770391,1.3125471730811837,0.3318689756743255
36.81,-0.14086397030023945,0.744031861473937,0.1953658309989762
36.82,-0.23015384741130582,-0.2775932518532011,-0.004557459524590864
36.83,-0.06614607813811182,-0.7668538663754073,-0.20404174361915087
36.84,0.2653746054694776,-0.5900649423271378,-0.3139330822874711
36.85,0.5817647770820543,-0.17571876900224137,-0.2861824594721786
36.86,0.6830157154512573,0.2522674818182846,-0.014047309774941234
36.87,0.5213679497610046,0.9439964816975075,6.152276711784282e-05
36.88,0.28011543255439436,0.8426603518359399,-0.046776424683138876
36.89,-0.01923690852761519,0.04876078553975159,0.26748863923971067
36.9,-0.2887025575881453,-0.3043275510563305,0.2595129804986922
36.91,-0.3149952665891059,-0.33526093400823337,0.07723122848790406
36.92,-0.10302225867873707,-0.12581484696499484,0.03806148741202307
36.93,0.2693072374786741,0.31890507475791685,-0.35480083824943054
36.94,0.6405895824813347,0.31566582201464166,-0.5677080476689873
36.95,0.6821795693681798,0.2277889971921465,-0.2756499433723536
36.96,0.3122693420158512,0.5935282828743728,0.01727850662269426
36.97,-0.1091897512876997,0.3140208215910214,0.21599456624357866
36.98,-0.397192993500304,-0.28919777884206144,0.37339940149675743
36.99,-0.45002034208682845,-0.33529806583519495,0.3379178601234408
37.0,-0.2927241230423578,0.09739811927359893,0.23540401316213944
37.01,0.02789801861244512,0.27287975226908573,-0.06903773026421878
37.02,0.33083019147585196,0.0017559075685855824,-0.19465960211127006
37.03,0.43296376747264664,-0.1412883928181786,-0.16522061078285682
37.04,0.33387130895306083,0.11005014053639108,-0.3890200950978115
37.05,0.11665360857656465,0.10001502710892263,-0.24336778080010668
37.06,-0.12203874696142729,0.09546653549683298,-0.12901992449849703
37.07,-0.2610368322947212,0.17287434032269203,0.062083016967516266
37.08,-0.24992177014919287,0.17075755515826824,0.5049087488791846
37.09,-0.12250322807406985,0.23585573848975652,0.456970926499292
37.1,0.018950092594630985,0.20012520466807432,0.06341248072933911
37.11,0.12616685619344703,-0.08220381645135154,-0.18096162263645307
37.12,0.15970390088992456,-0.13774576341718026,-0.4176201298732539
37.13,0.12943653904307956,-0.10050358832941969,-0.38841486772191336
37.14,0.013622182017639255,-0.13701526548070173,0.01824032864906651
37.15,-0.13809930255538794,-0.07753021270123503,0.5893695941741915
37.16,-0.20776704719988442,0.17459249500433027,0.5262400345964807
37.17,-0.2019773440055858,0.4616530021721398,-0.010188465543027228
37.18,-0.15171182756446877,0.4899704277025563,-0.3685977391886437
37.19,-0.06225684677468764,0.10313751724625728,-0.38441782191207224
37.2,0.020299402854928025,-0.48011475890571464,-0.15834898420373605
37.21,0.1087971948661791,-0.7671921927940188,0.0980721837483344
37.22,0.14655606964904497,-0.2876418113418192,0.27550054149807046
37.23,0.009932008078942046,0.7329733460639077,0.25368160909405546
37.24,-0.20612119003177584,0.9883764403047869,0.13539758346084962
37.25,-0.3393528964459128,0.20768949618600388,0.03277515265894924
37.26,-0.32866485649280364,-0.5558236159626344,-0.07219566070065202
37.27,-0.14976016432333886,-0.7130405759725961,-0.26771417339528925
37.28,0.09507061623545787,-0.41806816671956126,-0.27349680564750295
37.29,0.263839177421297,0.07283231196733737,-0.13483040738847155
37.3,0.2215930341233975,0.5147514434687588,0.07006425503327245
37.31,-0.04565174383437787,0.6703905156662024,0.22567610526043363
37.32,-0.37421840609846524,0.30933255198049525,0.4010733966601853
37.33,-0.56655026913762,-0.26135222790553736,0.35972532444038474
37.34,-0.47744998647595177,-0.7315341317001767,0.13641595751814878
37.35,-0.13970711933859054,-0.7528840559466295,-0.13680204085789527
37.36,0.25162783890708756,-0.16283548237156698,-0.47665382216042573
37.37,0.4002825845551036,0.627956511546763,-0.441532354516184
37.38,0.27806605289709885,0.8778416601463056,-0.2455317563027671
37.39,0.06824085253348695,0.2323414633689527,0.016453349144016867
37.4,-0.13689146091644164,-0.5702409289575411,0.26650232400339485
37.41,-0.2778828832156428,-0.7799829518583561,0.284455897473957
37.42,-0.2617436707797053,-0.505776831737716,0.3613274808982595
37.43,-0.10506153627863206,0.35508655136412787,0.3095606119460881
37.44,0.10599744969977198,1.0354377744148215,-0.07668468719412791
37.45,0.2870122239472527,0.6442004747177376,-0.4903203724700706
37.46,0.3273344868109287,-0.3528762636810212,-0.337452350118426
37.47,0.20729400376547652,-0.6970477089846624,-0.031214891804968774
37.48,0.06566977379160353,-0.3617810727102531,-0.0017322371146593352
37.49,-0.019243619892729887,0.13556384563642235,-0.034017489122144993
37.5,-0.06838986119054286,0.6345068863156547,0.06477226953755644
37.51,-0.021944184479842515,0.6714749977369949,0.08027928017189057
37.52,0.0965561994356964,0.14516846296083194,0.0058341220334490705
37.53,0.22228997578589965,-0.4900690194471456,0.026412882940602827
37.54,0.3189216378204818,-0.4970638367924531,0.009439326652584953
37.55,0.3920925641947368,-0.09098535544565801,-0.13336799090120685
37.56,0.37399185691389697,0.2639965105125417,-0.3098371978102976
37.57,0.1410173963394416,0.44268184654351145,-0.06497450098492949
37.58,-0.15343189343901067,0.2724943099866367,0.44509354351030506
37.59,-0.2697365405108839,0.11903152787364668,0.29536174003883725
37.6,-0.21657647994710413,-0.1289064324722519,0.03943684388287476
37.61,-0.2158276220934656,0.18088286406782322,-0.3794120203796892
37.62,-0.14965312494025798,0.10864895730608531,-0.39200372643526127
37.63,0.00786870823182487,-0.3557708237945056,-0.010092328609034966
37.64,0.09281829094360451,-0.34322837558110286,0.04237628115621505
37.65,-0.03793923659648234,0.1244281038098253,0.05482383080914299
37.66,-0.2991014191237525,0.287186701538147,0.4506776326683388
37.67,-0.4817160848472023,0.2830907718900122,0.1807943538417318
37.68,-0.49978427697827066,0.045820554707350664,-0.30361290785952516
37.69,-0.4414661510655619,-0.43279761784636916,-0.24239432143134293
37.7,-0.4873984446801685,-0.6103088065441061,0.39538073939870044
37.71,-0.47791708542228906,-0.42513388360366994,0.5318998917027565
37.72,-0.361470842815217,-0.06649953998370027,0.13748816555196175
37.73,-0.2112309098781423,0.3309245473060897,-0.28878960473338944
37.74,-0.030925025507445143,0.5399045557779876,-0.8222905550066993
37.75,-0.07922402253714929,0.1265659043681738,-0.4611334484706342
37.76,-0.37744447780745216,-0.5636892886672886,0.43184013458017534
37.77,-0.5348154386115567,-1.302255558611051,0.60761914026935
37.78,-0.4033722399306836,-0.49876162548960823,0.11491102340039519
37.79,-0.039614860533401054,0.8925239334310179,0.16996943691968497
37.8,-0.06986323815486675,0.3792755073562741,0.05729729814512076
37.81,-0.389112929234273,-0.12398307625465399,0.3701233696487862
37.82,-0.6712378460660655,0.253202873394093,0.6998341546430407
37.83,-0.5718577059177149,0.4296223049281137,0.21062034894263115
37.84,-0.027359732031456502,-0.4145718760478011,-0.7028047761127085
37.85,0.12903190371931578,-1.037352688268665,-1.0327368492798548
37.86,-0.09357295005229806,-0.5841410722607748,-0.23193738780823733
37.87,-0.31941284655474905,0.08657278619917533,0.5369970740481359
37.88,-0.34790675535559695,0.09778693498340509,0.49800739063786004
37.89,-0.3960335263158411,0.27884868385035283,-0.19693708179678573
37.9,-0.5573520075419629,0.44947518493970595,-0.24011518610320387
37.91,-0.5419548078637294,-0.2336539630190862,0.050826328945317995
37.92,-0.18372321765550137,-1.051093964345192,-0.3492606296249647
37.93,0.1751948085673654,-0.9282455249226939,-0.19088294164961186
37.94,0.1508355394020262,0.5840106291625253,0.10845851219524769
37.95,-0.0063853625999124065,0.7257205332150596,0.2660385217486736
37.96,-0.1718640233723529,-0.7855259795627638,0.3416768288142874
37.97,-0.408933672956471,-1.1246250280411998,0.16006616801589393
37.98,-0.5813355563073697,-0.03426682902403308,0.15565954469219412
37.99,-0.4992284817240876,0.4341867835719164,0.3551704368013768
38.0,-0.24639758038171822,0.002395239999900989,0.2013453619769758
38.01,0.015897536185393513,-0.21120655375322134,-0.20407477728891416
38.02,0.20596615208417296,-0.4657645270443104,-0.03467939620574387
38.03,0.43598533734979356,-1.2247314902911988,-0.2522410166398215
38.04,0.3701206251528509,-0.8483952209921161,-0.5384165066422562
38.05,-0.011941873813938755,0.5535261451154352,-0.18957448412869476
38.06,-0.34961635808978603,1.1114353418258998,0.2812416006399326
38.07,-0.3530583646736901,0.04325507311660137,0.3776651331816733
38.08,-0.15997991689726881,-0.74091717353375,0.14465234725951806
38.09,0.012893514999854168,-0.3024489847268813,0.18504600583254996
38.1,0.12266127452988085,0.4681537347230209,-0.03261969267707458
38.11,0.2554630577345271,0.13793408789496198,-0.3741257262846086
38.12,0.36074872351296267,-0.928766448342901,-0.25209217594189715
38.13,0.31365694170672276,-0.9882029510730397,-0.05628263634687099
38.14,0.18674742970436042,0.038335889833389925,-0.12235364933961324
38.15,0.1105710654801379,0.751027452871441,-0.11299514812466446
38.16,0.0429694053597002,0.6856902349606334,0.2563972852737631
38.17,-0.06930144783970503,0.34272590564417715,0.5366997602164582
38.18,-0.09927089091747793,-0.28332525730176344,0.3432335758677906
38.19,0.053121689222155016,-0.9360669805657971,0.11987333558529004
38.2,0.24200396147583209,-0.5270731830040662,-0.11020643039786662
38.21,0.41774179930936234,0.45192066917801466,-0.5795934491881047
38.22,0.4964388958121351,0.5498681975886941,-0.4947911653806216
38.23,0.3875467168224587,0.13045876172377452,-0.03241624623087811
38.24,0.22711787692888497,-0.1343590149424455,-0.012799843593700809
38.25,0.11289724957502656,-0.3436357158980976,0.12686616892248784
38.26,0.057768455297356636,-0.19452435792489325,0.19701706105331618
38.27,0.0602044536320325,0.0705914293897455,0.22189278272590968
38.28,0.10771914443611345,0.06303510993014845,0.4442507162914402
38.29,0.20665798161830948,0.07346903879602162,0.36772701735089924
38.3,0.30080599118400275,0.269530306840765,0.012810221675290306
38.31,0.4080821297561711,0.2335127537516598,-0.4943973037476924
38.32,0.4738554948427507,-0.04166776990190857,-0.8603687474644247
38.33,0.5309800218906449,-0.5472644635755947,-0.5981913432780817
38.34,0.5222501092835702,-0.4451741643261207,0.06178066240229557
38.35,0.32972593392495125,0.6189871981799592,0.5427758607393016
38.36,0.07407760580588066,1.2185172938742252,0.8108430579233736
38.37,-0.04329565615066519,0.5429222157454621,0.6496595352632284
38.38,0.03440231251549347,-0.429892652770406,0.039511632579918105
38.39,0.17492813258959422,-0.48054187416199573,-0.5752061702341114
38.4,0.3447878750225101,-0.21085590355168402,-0.6768612094764065
38.41,0.5928765638397109,-0.23335343108661874,-0.45613846758168264
38.42,0.7835352358457482,-0.12585044353373478,-0.040374917512621095
38.43,0.6247136165138006,0.6139690660656668,0.3519745559688098
38.44,0.16613982842508385,1.0367243485848547,0.5913944487199506
38.45,-0.20434651115701996,0.08742759357965851,0.701296486532657
38.46,-0.3160387806868041,-0.6498563205744934,0.23614857821213828
38.47,-0.13830013291577664,-0.3088192780793787,-0.3978561982734539
38.48,0.22734866041343474,0.32190133922027464,-0.8513866373799017
38.49,0.5941968207448068,0.4009615606023752,-0.9765925857735953
38.5,0.7268690600636907,0.025222977663468843,-0.23250960168884277
38.51,0.5725685461207439,0.10811137101054322,0.322761306933097
38.52,0.25676614852093893,0.2250870232342797,0.49663135523533053
38.53,-0.10730578815233985,-0.09952898856131806,0.8444752424237402
38.54,-0.3203400427682007,-0.5489472869978723,0.8400550970076017
38.55,-0.2493043550827676,-0.40035321600732976,0.1912320418906452
38.56,0.013742342384063355,0.5508337692910825,-0.501241353971275
38.57,0.3437878026883359,1.2354842558659425,-0.9080009919926831
38.58,0.5286003025210882,0.9736375482434299,-0.8570075676851527
38.59,0.5224888010552032,-0.04574497127093191,-0.26602784310198835
38.6,0.44373141722223686,-0.898258008276021,0.2704878622682118
38.61,0.306579478692827,-0.9154029822863181,0.4403642941917
38.62,0.04373077561212253,-0.01219737595217682,0.369790511178108
38.63,-0.18549530929273417,0.42908978229758066,0.6693541234661493
38.64,-0.3085504074376865,0.7740564745118763,0.6081837299150089
38.65,-0.2118707676957529,1.2331138969913447,-0.2617884911579198
38.66,0.12715682922461977,0.5413252344490775,-0.7256126795203702
38.67,0.37495788782599937,-0.4811911123795943,-0.6652639652366613
38.68,0.383810544341025,-0.7175274047624438,-0.5303384255206305
38.69,0.3308357112480838,-0.5239431559038689,-0.04111222269519785
38.7,0.34384527562214584,0.04005270799977628,0.31008300032315994
38.71,0.233054386756833,0.8368115832269039,0.3018126686666606
38.72,-0.1633351011694555,0.9994278639280032,0.3076208797480153
38.73,-0.48140769450608145,0.3467132711559986,0.529024141052258
38.74,-0.5420525330596352,-0.09931178679717145,0.43840312644311774
38.75,-0.2356068000394211,-0.07491776353436465,-0.47823418587046473
38.76,0.15003301759229398,0.09232803221097759,-1.1584252061131841
38.77,0.3049649693096804,0.06507096577883267,-0.4744952391012099
38.78,0.22403968590832404,0.41149113354858485,0.074846879638753
38.79,-0.005386971782758973,0.41097950014186313,0.28981260608024534
38.8,-0.2886541611176345,-0.10677732761341654,0.41567516976156343
38.81,-0.4754714881484093,-0.40549417524836034,0.17514369673714122
38.82,-0.47297236893108763,-0.2749501826489203,-0.3010572614670657
38.83,-0.36745027183074663,0.07995234087121919,-0.27106056506219683
38.84,-0.21107167199650548,0.6279879887933502,-0.15560662769621866
38.85,-0.1065498245357295,0.647730968055543,0.22025437221461353
38.86,-0.2399816350791818,0.20629411927079505,0.7402016646610872
38.87,-0.4669209539896531,-0.41162438618340935,0.7377654232555999
38.88,-0.5463928701718291,-0.9289258268631161,0.09667677848450373
38.89,-0.536501014714594,-0.5097493518255034,-0.6015547978669401
38.9,-0.5499755258185284,0.46650079114544785,-0.7725824837763183
38.91,-0.4707368790860422,0.5615972072637225,-0.553717159260728
38.92,-0.2389758176699773,-0.3769472865411491,-0.19193226987240086
38.93,-0.037662680736949346,-1.0341309036624662,0.12877658270432027
38.94,-0.20700773114427207,-0.34293064278105484,0.3162266684317985
38.95,-0.565070135993601,0.2517561188238634,0.6099347241635358
38.96,-0.83437379045351,0.32297313669839794,0.6724731426516997
38.97,-0.9428162980685035,0.5234357844752363,0.4656841361258729
38.98,-0.7531894293777276,0.38062337665476154,-0.14282825260876333
38.99,-0.29983057227441656,-0.48824244893195845,-0.8204032718487506
39.0,0.040418455831731315,-1.073005366168427,-0.7054814900718953
39.01,0.07108688408975877,-0.6062871661311924,-0.25770174023392384
39.02,-0.03846036735392585,-0.08075232249214434,-0.008595855396262751
39.03,-0.1978798731247535,-0.17261432065574972,0.18656037477170628
39.04,-0.5141642365886192,-0.08942562269478768,0.420693543837626
39.05,-0.805761838736789,0.08862615151920634,0.471988671347544
39.06,-0.8239537880793496,-0.18493327379912536,0.4432846059992724
39.07,-0.5567704405574314,-0.3368969457126454,0.27733864452070467
39.08,-0.15221661988629576,-0.10564517314493188,-0.11409088065547304
39.09,0.11481717173299931,0.04299662288375453,-0.22713872148908648
39.1,0.1744154896630919,-0.19913500063639672,-0.3236067586487166
39.11,0.019576991824630546,-0.5794358366223246,-0.2802439882734578
39.12,-0.32466354358686655,-0.4634891377022284,-0.010317286383792909
39.13,-0.6128457886752944,-0.20114225334548108,0.2632164284857851
39.14,-0.586665725996383,-0.3961090449143361,0.32256431041974576
39.15,-0.29914688717207166,-0.47824615335624693,0.16740127925237386
39.16,0.010213403623220901,0.004641979503611948,0.09816556169894042
39.17,0.2086487535746011,0.5278947997503851,-0.09894867455036666
39.18,0.23024201024176602,0.251504466325602,-0.16534531302012567
39.19,0.06570251565029867,-0.5327756835975739,0.2264819176502607
39.2,-0.11365803771415858,-0.8701493217554708,0.36423647384817426
39.21,-0.07166212632632422,-0.46843121514942304,-0.18585924369271273
39.22,0.10779050294971693,0.02306582293853357,-0.291168218609955
39.23,0.05785288256373223,0.7033419886894543,-0.03361093517341861
39.24,-0.0495416068705639,0.7998491694027346,0.09169271660763254
39.25,-0.04052398246226365,-0.16600251571081753,0.3121043019142834
39.26,0.07480475183185126,-1.0169363777384146,0.3871119443908969
39.27,0.09863454218269643,-0.3322251689417424,-0.2227007363745919
39.28,0.03373310870985368,0.27436334174436827,-0.2574997341466376
39.29,0.0372216336041185,-0.4051075490356793,0.3547318479829357
39.3,0.10278779866058504,-0.707958352503923,0.303601684539052
39.31,0.1507655828961853,0.02547436616694826,-0.2425923932425023
39.32,0.1164720675775209,0.5098086607416986,-0.4226570264049607
39.33,0.04045214100174242,0.14429586474702766,-0.35399132616392887
39.34,0.020798424580692348,-0.5733807718058641,-0.17960342475346835
39.35,0.04336809616159938,-0.775486210006616,0.09668381537940808
39.36,0.0067576419739787605,-0.27463872572626646,0.40572312060230464
39.37,0.004913649877090778,-0.05837978489316781,0.4727163967594823
39.38,0.06983683427836297,-0.08262000976372272,0.27480557053317767
39.39,0.14535982463302405,0.4642031108910087,-0.27878664709855183
39.4,0.2416029205685697,0.5023688052185056,-0.6505004244758641
39.41,0.18864061903642462,-0.2199670866336964,-0.28549790937356645
39.42,0.0648196954848061,-0.883664546614836,0.20579047753055693
39.43,0.04177381992558144,-0.8121626711043767,0.15155275990668976
39.44,0.08219887486532765,0.037126679671815266,0.010879828793016064
39.45,0.13423565687651798,0.8092130932836097,-0.10015603473184931
39.46,0.21579238203210582,0.3842454830550539,-0.10466355067244529
39.47,0.2892741820543045,-0.6228727387777587,0.0875144349794431
39.48,0.2924118461767075,-0.7264968808789976,0.12083283695023622
39.49,0.2634447860666009,-0.2787327485312411,-0.0013881531402582387
39.5,0.21552530818366744,-0.09946059513688665,0.031195139114534365
39.51,0.13165114961278482,0.10439110654708875,0.37882015590790935
39.52,0.08521577351688754,0.7617108708002219,0.2305294695884933
39.53,0.2356511262103341,0.6880890029885798,-0.284335090212297
39.54,0.5035376118177523,-0.5431350198312626,-0.25292470205576945
39.55,0.5870243740035592,-1.01533620379822,-0.023150488430744978
39.56,0.5440265228099839,-0.4395516656512159,-0.05012750287861552
39.57,0.57899530539467,0.02939619309566671,-0.18148059473799788
39.58,0.6183432506072966,0.13645281972798923,-0.024290745639676398
39.59,0.4321378686175811,0.8189913463745824,0.041159046542024805
39.6,0.17638969615633407,1.0918432725309182,0.29356445533738745
39.61,0.1348243096704228,0.25263335649943536,0.47171722947030315
39.62,0.4088262451877782,-0.8315379921005577,0.0758686562081905
39.63,0.703773671804492,-0.7009420238087078,-0.27074125131897936
39.64,0.8402237145683734,0.3737681588022115,-0.3824970905306372
39.65,0.8852102247084811,0.7638740174957058,-0.2122787031271275
39.66,0.734608296950731,0.7805397142491719,0.037448204819117835
39.67,0.464952654542878,0.7564174166575961,0.05389968452902371
39.68,0.3532740660969757,-0.15515639762670702,0.09427235442373096
39.69,0.43042363097403874,-1.0105633796811528,0.050984473793149916
39.7,0.5171236990979764,-0.3855427258582057,-0.01276802740187006
39.71,0.5962856501110865,0.949473006694791,0.04011677515657487
39.72,0.6820996852767203,1.6090774517467208,0.037511132690012494
39.73,0.6631601948056445,1.085586140915563,0.2525094351378202
39.74,0.41063847004057286,0.19740347997217178,0.6765712037563522
39.75,0.1665765475180554,-0.5790537126519495,0.5255879734521789
39.76,0.10398707420553738,-0.7186916964212119,-0.10214475541226126
39.77,0.25014297110117345,-0.20078722489188933,-0.5835830197793572
39.78,0.5124704744313175,0.6228731773262018,-1.0219104441509115
39.79,0.7327402718051323,0.9408666313073013,-0.9362319956124047
39.8,0.7363926684781665,0.6368362637518528,-0.04515640563895429
39.81,0.44039743344376814,0.5937669753740292,0.4797576600283363
39.82,0.06735841606120205,0.22876905478361526,0.6686772927559651
39.83,-0.2326816562291077,-0.13527157966500594,0.73949849066209
39.84,-0.2960805881442009,0.02504483776221987,0.23804376694149637
39.85,-0.12075464955382008,0.3603585937446841,-0.34462707679789073
39.86,0.1698007761822642,0.5175268295303042,-0.6431191135649046
39.87,0.4210943747937635,0.37310174520587935,-0.5438549260090427
39.88,0.4509676788187833,0.15240346362188975,-0.12804019877042272
39.89,0.28966677591125073,-0.006643775178114264,0.07019913155968205
39.9,0.040871214067212155,-0.238326137778004,0.27765455908676206
39.91,-0.258327897582944,-0.09809139470674655,0.4977939047189779
39.92,-0.45823523164588276,0.30835594301829194,0.37274181320517863
39.93,-0.4629314717573405,0.5159632571277977,0.08427457070143907
39.94,-0.3171078258468816,0.6800426092166655,-0.30788605152915777
39.95,-0.0625324694400245,0.5005076767211528,-0.6398733661912254
39.96,0.15073917950492122,-0.19598570819056854,-0.5532643307207427
39.97,0.1373133944493346,-0.5839080454098974,-0.06282115516636247
39.98,-0.05307429743575969,-0.21291260416777383,0.234799351934174
39.99,-0.22368914457527056,0.23287218448743804,0.17963231260031226
40.0,-0.34822878896770776,0.4265402920977215,0.21450432571531955
40.01,-0.3905959261679417,0.4564551971166676,0.15552218728113856
40.02,-0.2974235269075745,0.09194578555172805,0.1429171377967701
40.03,-0.15070758401869622,-0.08633692605325585,0.0752344414686509
40.04,-0.00436100629894727,0.04341714917089856,-0.1750606324814304
40.05,0.0469747214109616,0.06717714010258873,-0.20293467053413133
40.06,-0.09035247790347849,0.2131251456968008,-0.0400934825527715
40.07,-0.31720381157764,0.39597342976637023,0.0539536135576034
40.08,-0.4777348889410612,0.2546462517490716,0.1639360164717943
40.09,-0.49224643712544486,-0.023446755065014174,0.10097762227898197
40.1,-0.3986438271791766,-0.2230144571323172,0.04169346038345078
40.11,-0.25958766635228764,-0.27917957280276395,0.050323590312729004
40.12,-0.11192941172690749,-0.2906615692613409,-0.09786354317547798
40.13,-0.09475422611058817,-0.10149574579820247,-0.2713473320494848
40.14,-0.21741104665884026,0.18561364236406502,-0.19114847184662145
40.15,-0.3806575408748192,0.23112061736139433,0.20465767119119405
40.16,-0.530950660821695,0.19102946718819713,0.3847575000832652
40.17,-0.6233325172430468,0.14882229052475013,0.13657326861643315
40.18,-0.5618606309652274,-0.2417845065064903,0.04215300922503758
40.19,-0.3673453947702465,-0.4214129277226981,-0.06836726423702624
40.2,-0.07375278192083554,-0.19848703536210466,-0.49337459293298974
40.21,0.11081787678190402,-0.16632757552208458,-0.3749802053277939
40.22,-0.032232352872429246,-0.08656361543905192,0.15819070784204423
40.23,-0.33994319586321164,0.04952140094738682,0.401433106759296
40.24,-0.5611693958489947,0.16103670350714916,0.31845848365344764
40.25,-0.49534623777775116,0.047355789629429525,-0.06997545521928927
40.26,-0.34931100494511913,0.008480012427900654,-0.20027735918980633
40.27,-0.247956166523292,0.02121718311915005,-0.04288238039627858
40.28,-0.12093841523184308,-0.1044467846889188,0.028234758770411324
40.29,0.0003609929611694332,-0.10973646537489196,-0.055167280883929797
40.3,0.01400328256925782,0.09134564602023382,-0.10455127813263108
40.31,-0.09708961401237322,0.22779401060020815,0.03852556430282129
40.32,-0.11463058465611595,-0.11173055305852474,0.17216067331620893
40.33,0.03997726834362473,-0.5422365876328571,0.1834229726554718
40.34,0.14260735001450137,-0.14797721564678956,0.09200012469828146
40.35,0.013361795926339362,0.768298371273095,0.08126206807651294
40.36,-0.16464703027519942,0.5735855734636641,0.4276041361718371
40.37,-0.22611930856773488,-0.1857067890051003,0.3571846971945786
40.38,-0.13259100136234792,-0.36162960920307874,-0.25578282889020065
40.39,0.03318660239309465,-0.002086363747751979,-0.5541234711621532
40.4,0.19497177591025922,0.2699082335520823,-0.5575226053863427
40.41,0.27170191667621185,0.09319175174386515,-0.24361168343382855
40.42,0.16185414371591073,-0.01342492445983301,0.16376185251517572
40.43,-0.11567430799666237,0.2070442236104043,0.19108073957522256
40.44,-0.3801092750519944,0.08466422813752533,0.3288872027226463
40.45,-0.4447891419851333,-0.20341889083113338,0.4403412696909595
40.46,-0.27932377560027655,-0.0920735445189585,0.2168953581481828
40.47,-0.06601157395832243,0.35458934936142616,-0.05448563181605342
40.48,0.05040975311231066,0.4911806380492742,-0.17390787694000182
40.49,0.07226582021089173,-0.04799834110589618,-0.14016912047264585
40.5,0.02814545454359672,-0.6446796764947026,-0.12270299263809457
40.51,-0.043091556394472125,-0.7342725638336183,-0.27726957809614833
40.52,-0.24098134878199035,-0.189912433747232,-0.16456735505749334
40.53,-0.4938684131427565,0.4442538582479789,0.22888148489042257
40.54,-0.5603752220069662,0.47759197723766467,0.3695795038321529
40.55,-0.40025863537615847,-0.0639923050105454,0.32686077503553324
40.56,-0.14757691601395623,-0.2951806943208013,-0.11173787309933492
40.57,-0.007838851020931058,-0.021309327286662898,-0.6044809252565418
40.58,-0.08078427736774346,-0.048232249284336524,-0.2710426989977792
40.59,-0.3071114575483238,-0.024421162799533477,0.04753117680428164
40.6,-0.4842255937977461,-0.1498565706767691,0.21338035737947533
40.61,-0.5202758901195333,-0.5294255410035988,0.4766937803637026
40.62,-0.46983624991773665,-0.35458498800412774,0.16065364422375034
40.63,-0.4110565946155493,0.11736679087750147,-0.1915896324550405
40.64,-0.3390073707921211,0.06733247968903142,-0.12788979065080286
40.65,-0.21805626045038687,-0.5447138475147186,-0.08684622942561059
40.66,-0.19395276412211837,-0.725558068209712,-0.10501028836129321
40.67,-0.35068965209353126,-0.007650964795279991,-0.09169534168463027
40.68,-0.4738615368827086,0.3105924520220559,-0.06603283054255303
40.69,-0.43539657693415745,-0.238919159234879,0.04661039035341377
40.7,-0.38544741981146535,-0.2631226636299412,0.12020409583044087
40.71,-0.3207682498747915,0.0804598416455798,0.184543488248963
40.72,-0.15093846006509887,-0.2611313952358479,0.29123821572414954
40.73,0.005460277768089338,-0.48754431958606703,-0.013119642324354919
40.74,-0.010941980867035371,-0.04911301412543831,-0.2223532706330856
40.75,-0.17372136183952974,0.30304651422866236,-0.007108566856664465
40.76,-0.3063760847442652,0.14765549093392438,-0.03738381460148101
40.77,-0.3002983111863021,-0.4164206888791035,0.042447659375166286
40.78,-0.22063193199135683,-0.5244548244326042,0.1938705973832234
40.79,-0.12505669827854426,-0.0929056821172938,-0.08109440304199139
40.8,-0.014095893858915,-0.20498457131141823,-0.0891334030653402
40.81,0.04166065485006356,-0.4152779271463187,0.12867643874766654
40.82,0.0472793327458824,-0.033419677449390256,0.05010777182083172
40.83,0.03890415236748352,0.2692817971341784,-0.007160567923673254
40.84,0.009680232152540595,0.1271775141723088,-0.019789122798533572
40.85,0.0029663905331724187,-0.23361816021794735,0.06831977038538195
40.86,0.07482568076153563,-0.45544994375017867,0.22780144174945946
40.87,0.1908379543987517,-0.19970386643432061,0.1483868131446241
40.88,0.2777954934374967,0.18519974338525014,0.0697359971307741
40.89,0.2965380305646607,0.31880574976480286,0.07640090779601813
40.9,0.2922193656849308,0.16730103135296764,-0.09059141693317677
40.91,0.2572045552233724,0.012891501709948773,-0.20371755128743205
40.92,0.2312926448580398,-0.045994686008525694,-0.13635504378443417
40.93,0.29948492230795815,-0.27697573959844307,0.040330401720352155
40.94,0.4066087231898667,-0.30297654442972044,0.21339277844694318
40.95,0.44895764215970885,0.22649633940586067,0.22042738634458292
40.96,0.411873930774986,0.6209503854705981,0.13997692677225604
40.97,0.2998004522153108,0.4827457268161563,0.05991057547029178
40.98,0.1523830222504823,0.20306800933286984,-0.04491651611644026
40.99,0.06306574815759282,-0.04793795684567182,-0.013490882985145058
41.0,0.07160894128476478,-0.09009852161155864,-0.11853019433272066
41.01,0.1856362510418127,-0.08131775391668751,-0.3084757638440752
41.02,0.3044342900902021,-0.2401644456668064,0.10715971320580861
41.03,0.30499363149038655,-0.035755895795265724,0.479405413449639
41.04,0.1992823831350809,0.3192124019120868,0.32363906733809933
41.05,0.05186101942770352,0.1858231418767659,0.10637130139196985
41.06,-0.07717734150951426,-0.028895083766536166,-0.23035430338128715
41.07,-0.13011438337998402,-0.026257196210101016,-0.4708137204085806
41.08,-0.07006201130905897,-0.07012540269513091,-0.3816238906140308
41.09,0.027092852190787574,-0.13707139124616552,-0.14549845349904494
41.1,0.07224139441486249,-0.15656275805732375,0.1169429397899031
41.11,0.02200680257398816,-0.05302017285050993,0.19888282205888785
41.12,-0.09747157740687279,0.0515715840374087,0.12354389612083377
41.13,-0.19777340976874036,-0.003344582222843762,0.11131707583592593
41.14,-0.20763848823396927,-0.011976061787953154,-0.04963832830384292
41.15,-0.11350598694763792,-0.1693675314817429,-0.14812133767229324
41.16,-0.03365384824007564,-0.3092260777696005,-0.07051225973053743
41.17,-0.03244821949236512,-0.11774597898562073,-0.02952029813790838
41.18,-0.041590878599813176,0.14945116414903165,-0.059271815917061016
41.19,-0.055672926121203385,0.2943308349892416,-0.19405386212454354
41.2,-0.13183566629119747,0.2230748338577096,-0.16717746026870142
41.21,-0.15652256858802857,-0.2671841377179439,-0.006765248798348111
41.22,-0.08563917435796618,-0.685242423058068,0.19530832327913414
41.23,-0.04115846691489692,-0.2996470252578204,0.3346684073259718
41.24,-0.024653851975513633,0.31816222602176236,0.16582419871136334
41.25,-0.015099141140328513,0.4265150914343877,-0.043290922423740316
41.26,-0.0705901249270052,0.31882767587323857,-0.16487567637326186
41.27,-0.15917463931157852,0.08309429808205318,-0.3040358347686122
41.28,-0.1810055600256742,-0.48908712316190406,-0.2201881944316716
41.29,-0.04989968981085019,-0.927078952671268,-0.05228660844043435
41.3,0.1064894839929908,-0.4950009585689243,0.0669987388933198
41.31,0.15179772808702488,0.3257097091982371,0.13879286408720676
41.32,0.12596760345888824,0.4296351974814606,0.22807814050120545
41.33,0.02639063300256471,0.08578966822823421,0.31559271066561695
41.34,-0.11533004671225053,-0.053856920674242595,0.10528314044090564
41.35,-0.1287581696797067,-0.321071353130874,-0.1783058688794409
41.36,0.02796654037357639,-0.6100369885798677,-0.23048069446647804
41.37,0.17201247272866013,-0.13062936743867426,-0.2637159751743421
41.38,0.21619677001116888,0.5082514585927377,-0.1642882384627508
41.39,0.2778143980726909,0.13639658700471713,0.09191547140804937
41.4,0.21848415667474722,-0.2687376218637805,0.31842584224213305
41.41,-0.05393747859205825,0.12686861719459225,0.30408176572932577
41.42,-0.24234136023390723,0.15745206140957424,0.03992255894288402
41.43,-0.192210780775586,-0.4618145666675225,-0.03360381704108037
41.44,0.06872493773402831,-0.6568837372671521,-0.23143756249795577
41.45,0.30715450138029926,0.020846144289467905,-0.4674956698950482
41.46,0.31270440319147025,0.5587229888455856,-0.04483200517092445
41.47,0.16743375735775468,0.3378815158676137,0.38531276154259697
41.48,-0.005836998496557694,-0.18228895505208675,0.5066311579971754
41.49,-0.144146432821647,-0.30648175719011994,0.38648749142334926
41.5,-0.16758458029407208,-0.03973576705878376,-0.16398793094319553
41.51,-0.0699871381165387,0.011699101801153702,-0.4773868472651528
41.52,0.05245839097481345,0.03715563936716268,-0.2960769902344149
41.53,0.14437734769581806,0.1246597701198244,-0.07327271010723917
41.54,0.1339540316590316,-0.015305669868673752,0.09215937874928513
41.55,0.042454642078832705,-0.2963323144349433,0.15419645192134745
