time,seconds_elapsed,z,y,x
1789317360187412200,0.054412109375,1.4799872128546236,1.8505109625518321,-0.3550910566352308
1789317360197367300,0.0643671875,1.7627485079467295,-2.5891601686328647,-0.3481048510096967
1789317360207322400,0.074322265625,1.8815227714091538,-2.8042607169061897,0.02050298206359148
1789317360217277200,0.084277099609375,1.2906880453139542,0.484103367125988,-0.056747796203568575
1789317360227232300,0.094232177734375,0.04832885436117649,2.4697365013509986,-0.30028124275691803
1789317360237187300,0.104187255859375,-2.9640982276409864,-1.6433149037927388,-0.04709229830354452
1789317360247142400,0.114142333984375,-1.7903320959210394,-0.48611470694839953,0.6372790818840265
1789317360257097200,0.12409716796875,-0.31214521048665045,-0.4260305328637361,0.8652192379862069
1789317360267052300,0.13405224609375,1.2618705316305159,0.23674013315141199,0.6274919934935868
1789317360277007400,0.14400732421875,1.5010177259236572,5.011653272771835,0.01771528757382184
1789317360286962200,0.153962158203125,0.7308218734562396,0.12663082218170166,-2.231134665980935
1789317360296917200,0.163917236328125,0.752315327861905,-4.408170662027597,-2.277471177481115
1789317360306872300,0.173872314453125,1.113173423591256,-5.600047619977593,-0.8866321745015681
1789317360316827400,0.183827392578125,0.7348375388383865,2.8103526040405034,0.5750498585946857
1789317360326782200,0.1937822265625,0.7716478048413992,4.85677309218347,-0.1495889057798311
1789317360336737300,0.2037373046875,-1.376689335465431,-0.7929413527607917,-1.4950368979483841
1789317360346692400,0.2136923828125,-2.055911954587698,1.1557435682952404,-1.7898267767474054
1789317360356647200,0.223647216796875,-2.5127286708593366,-2.6748446479201315,-2.3103385510772467
1789317360366602200,0.233602294921875,-1.3414637083053589,0.8103010683625936,-1.7374968700513242
1789317360376557300,0.243557373046875,0.357296019333601,1.3919541246145963,-1.6181344314374029
1789317360386512400,0.253512451171875,0.772886406725645,-1.8148200559675693,-1.3275219844534993
1789317360396467200,0.26346728515625,4.483011091217398,0.43395606516599655,-0.6915154797885567
1789317360406422300,0.27342236328125,3.691811029165983,-2.5995015299052,-1.5522795649968086
1789317360416377300,0.28337744140625,3.2955589639723297,0.5913719017118215,-1.7848305758953094
1789317360426332200,0.293332275390625,1.3695476470172405,-0.6790659672558307,-1.8112354754790663
1789317360436287200,0.303287353515625,-1.6477023250967264,-1.485462429395318,-1.5649454236939548
1789317360446242300,0.3132421875,-3.607794775351882,1.786821165190637,-1.2531639319531618
1789317360456197400,0.323197265625,-5.312946249854565,-0.2027151139527559,-0.6672695848695933
1789317360466152200,0.333152099609375,-1.5458090538084506,2.0511717743232847,1.1614669143781065
1789317360476107300,0.343107177734375,-1.6951035432189703,-1.0402081406235695,-0.10148297345433384
1789317360486062300,0.353062255859375,0.1918453448921442,-0.6414923156648874,-0.2847815488733351
1789317360496017200,0.36301708984375,4.2388966299057005,0.21190145997107027,0.7311469406921416
1789317360505972500,0.372972412109375,3.223927559956908,-0.8186609004288912,-0.3311107903825119
1789317360515927300,0.38292724609375,1.48920687662065,-0.0054524201869964595,-1.7632333688542245
1789317360525882400,0.39288232421875,1.2144167065382003,0.08617986158877611,-1.5421914478331804
1789317360535837200,0.402837158203125,-1.9236925186187028,-0.8052557676717639,-0.21574049014467744
1789317360545792300,0.412792236328125,-2.1931173622757196,0.07521101606786251,0.635768531190604
1789317360555747300,0.422747314453125,-3.425706269842386,2.5678417785331606,1.120369253379479
1789317360565702100,0.4327021484375,-4.55479213283658,3.6192198402076956,0.3158362470243126
1789317360575657500,0.442657470703125,-5.008334357482195,1.1289882478386164,-0.5700183307008817
1789317360585612300,0.4526123046875,-0.06557517271637917,-1.8811516000092028,-0.2974516453541815
1789317360595567000,0.462567138671875,2.8374492852807043,-1.895645989307761,-1.0025142967190592
1789317360605522400,0.4725224609375,3.7382431099951265,-0.97358901181221,-1.4100968072876334
1789317360615477200,0.482477294921875,4.6648891688466065,-1.0113146390944718,-1.468080501961708
1789317360625432300,0.492432373046875,2.1755437116622924,1.9447037424653768,-1.4963473960250615
1789317360635387100,0.50238720703125,-1.8665952513903379,-0.34728549745082854,-1.813142916535586
1789317360645342500,0.512342529296875,-5.023134451729059,-0.4955956519991159,0.24696822504131122
1789317360655297300,0.52229736328125,-1.920202922937274,-0.8401061317786573,2.0605080502063036
1789317360665252000,0.532252197265625,-3.573830546429753,-0.5948720187872648,1.7402015989653765
1789317360675207400,0.54220751953125,-0.007636193966865539,1.2302870603650808,0.8985536445721983
1789317360685162200,0.552162353515625,2.2867326345622536,1.4171698144137859,-0.6757922062821686
1789317360695117300,0.562117431640625,2.6426994511187076,2.28284264138639,-2.647166951921582
1789317360705072000,0.572072021484375,2.3688088602244854,-2.096382496663928,-3.0048236212611195
1789317360715027500,0.58202734375,1.3273925128549338,-1.471896260857582,-0.7407718242581933
1789317360724982300,0.591982177734375,0.36552258040904995,-3.9586458563297984,-0.1123699128454551
1789317360734937000,0.60193701171875,-2.9637551132917404,0.49439562855958935,1.5494501867897807
1789317360744891400,0.611891357421875,0.24244097514152527,6.0256800934344525,1.7525505006678401
1789317360754846200,0.62184619140625,-2.7943092317342755,-2.1073720927119255,-1.3450415667921305
1789317360764801500,0.631801513671875,-1.2305541868686676,-0.4299918377101421,-1.5125434746749697
1789317360774756400,0.64175634765625,-0.539589107504487,0.3519885605752468,-1.239872927094996
1789317360784711400,0.65171142578125,-1.8237153100848198,1.560347866770625,-1.028030796095729
1789317360794666200,0.661666259765625,0.41215164511501784,-0.9877993234723805,-0.05631422252531629
1789317360804621600,0.67162158203125,0.6243804373443126,-4.108841093972325,1.0639099187284708
1789317360814576400,0.681576416015625,3.4317350286126134,-0.15418927571475505,2.0402700026892124
1789317360824531200,0.69153125,2.4059984809339046,0.9463555524498224,0.8238880604926496
1789317360834486500,0.701486572265625,-0.4852402622014284,3.1905484374463557,-0.6085533016046509
1789317360844441300,0.71144140625,-0.8687433204591274,-1.6783762803018092,-0.7196211919408291
1789317360854396400,0.721396484375,-2.5448376273036,-4.727271098479628,0.2987434387303889
1789317360864351500,0.7313515625,0.08000760269463061,1.354355923104286,1.6407095435999333
1789317360874306600,0.741306640625,-0.5455354486882686,2.223493795838952,1.7035500306554137
1789317360884261400,0.751261474609375,-0.5537281074941158,2.1728765382796524,1.9196959963284432
1789317360894216200,0.76121630859375,-1.8788351397603749,-1.7253905449330806,0.8412010874085127
1789317360904171500,0.771171630859375,-2.1843892814189196,-3.660014207410812,-0.11479509416576474
1789317360914126300,0.781126220703125,0.3517150043308735,-0.8022802589923143,1.170103955950588
1789317360924081400,0.791081298828125,0.7998696907192469,0.8070388516962528,1.7144686072938142
1789317360934036500,0.801036376953125,1.2949509634554386,0.6784528037935496,1.4053874605529009
1789317360943991300,0.8109912109375,1.2785294054865837,-2.2871154963999984,0.5206086953656748
1789317360953946400,0.8209462890625,0.669811232176423,-1.7323428482890129,0.13772439006082712
1789317360963901400,0.8309013671875,1.4920377161324023,-0.0027601123631000517,0.17022826410681008
1789317360973856500,0.8408564453125,2.0268670618891713,1.5160609812766312,-0.3018619726097211
1789317360983811300,0.850811279296875,0.6058703826636076,1.4265923072755335,-0.5176643490094691
1789317360993766400,0.860766357421875,-0.8883400013327598,-2.5235130997240542,-0.9877417480662465
1789317361003721500,0.870721435546875,-0.9995534741520881,-1.5035574735343455,-0.13863123924005777
1789317361013676300,0.88067626953125,-0.1906990974664688,1.4505465988367796,0.9753200003232806
1789317361023631400,0.89063134765625,-0.2363905890613794,2.19444071983397,1.1082942001823335
1789317361033586400,0.90058642578125,-0.48714580356180665,1.5966899307399987,0.9192544872954487
1789317361043541500,0.91054150390625,-1.5845897431015967,-2.4073341134518382,-0.15396580568980425
1789317361053496300,0.920496337890625,-0.8201338955909013,1.2502829696893691,0.35444296799004077
1789317361063451400,0.930451416015625,0.1527881767451763,2.0664169819891454,0.21949465504642574
1789317361073406500,0.940406494140625,-0.819517224997282,2.425657121127844,-0.46205355747919524
1789317361083361300,0.950361328125,-2.16568224286139,1.079256540942192,-0.8496693482853471
1789317361093316400,0.96031640625,-2.5107132393836973,-3.1829683575809,-1.2390863067619502
1789317361103271400,0.970271484375,0.8292553596794605,-1.3704051406294107,0.5632329448770731
1789317361113226500,0.9802265625,2.439319735777378,-0.7153361350327729,1.3576964657038448
1789317361123181300,0.990181396484375,2.133831060570478,4.653157229998707,1.122825122098997
1789317361133136400,1.000136474609375,1.134024488440156,1.1447013652771711,-1.3834057842388747
1789317361143091500,1.010091552734375,-2.040133955219388,-4.953908939811587,-2.911078585115075
1789317361153046300,1.02004638671875,0.11846622042655944,-3.126485422858596,-0.5451274524092674
1789317361163001300,1.03000146484375,2.0227830074459314,2.857797076782584,1.659069083894044
1789317361172956400,1.039956298828125,0.9008908553481102,3.103358814293146,1.486020063278079
1789317361182911500,1.049911376953125,-1.25134446144104,3.065543755161762,-0.44050512148328125
1789317361192866300,1.0598662109375,-3.7494028019130226,0.5665525177538394,-2.4638112029552457
1789317361202821400,1.0698212890625,-4.308605541425943,-1.0096353077054023,-1.7495057261444626
1789317361212776400,1.0797763671875,0.7198164953172207,-0.35161972726285456,-0.4102304677940905
1789317361222731300,1.089731201171875,0.23163141183555125,-3.199080118948221,-0.937524084283784
1789317361232686600,1.0996865234375,1.9842723672658205,1.652057597696781,-0.6569202594865113
1789317361242641400,1.109641357421875,3.8193168806165456,-0.3099333796560764,-1.2743307847529648
1789317361252596500,1.119596435546875,3.600110066068172,-1.084006950339675,-2.021585468224436
1789317361262551300,1.12955126953125,3.616356851992011,-0.5119014746338129,-2.919198470945656
1789317361272506400,1.13950634765625,-0.2735094826221466,-4.066521709159017,-2.2212995006650686
1789317361282461400,1.14946142578125,-1.1979448796868324,1.985295280572772,-0.16727175238877534
1789317361292416300,1.159416259765625,-2.3330022183060644,2.4514684387326238,0.2727490927089006
1789317361302371600,1.16937158203125,-3.331474911484122,1.3270271866738796,-0.111632027024962
1789317361312326400,1.179326416015625,-1.6749983283013103,-1.270543082907796,-1.1553241738393902
1789317361322281500,1.189281494140625,-2.797889428308606,-3.499304590016603,0.08499057873897253
1789317361332236300,1.199236328125,1.4870733717232942,2.72525849186182,0.8043120570808648
1789317361342191400,1.20919140625,1.6753876198798416,0.34070202740728855,0.08897511833049357
1789317361352146400,1.219146484375,3.17196473300755,-4.638016944012046,0.07446889246366918
1789317361362101200,1.229101318359375,4.172527676463127,-2.3338567893087863,0.7800488457009196
1789317361372056600,1.239056640625,3.1362603824198243,0.47166006513833997,-0.2826347461029887
1789317361382011400,1.249011474609375,-0.8473065646767616,2.8604665882527827,-1.6520144892074167
1789317361391966500,1.258966552734375,-2.0185604213148354,-2.825712085735798,-1.0110706012055277
1789317361401921500,1.268921630859375,-3.6096430335670706,-1.6608955686688422,1.7060402400359511
1789317361411876400,1.27887646484375,-1.7003087106466293,-0.45388709256052967,2.5576746047839523
1789317361421831400,1.28883154296875,-0.4391460350245237,3.1896061881601807,1.06269455158934
1789317361431786200,1.2987861328125,0.816738407933712,1.0912217040240764,-2.410467735302448
1789317361441741600,1.308741455078125,1.6973387549251318,-1.403961373272538,-1.3825639265872538
1789317361451696400,1.3186962890625,3.776027189466357,2.2697709783673283,-0.58484264607355
1789317361461651200,1.328651123046875,-1.4279238481402396,-3.9089953979760406,-2.1697952311381696
1789317361471606500,1.3386064453125,-0.8458668872624635,1.135365381655097,0.7198067045755684
1789317361481561300,1.348561279296875,-3.4626790329307315,5.059926597553491,3.995312622208893
1789317361491516400,1.358516357421875,-5.335434560516476,2.251660736659169,2.0355567104317247
1789317361501471500,1.368471435546875,-4.4432641872406,0.9368898049682378,-0.9005232641447335
1789317361511426600,1.378426513671875,-2.5980226895242926,1.4501935476154089,-1.9509232015021145
1789317361521381400,1.38838134765625,-0.8129764250516891,-1.19108609983325,-1.6977837222136556
1789317361531336200,1.398336181640625,1.424644680339098,-0.791941235807538,-0.1535908348975703
1789317361541291500,1.40829150390625,5.013288765019178,0.19206921677589414,0.7439185247860849
1789317361551246300,1.418246337890625,4.170840746289492,-3.4368642081946135,1.005664139052108
1789317361561201400,1.428201416015625,3.47422626286149,-3.1154975803762675,1.9734249561674893
1789317361571156500,1.438156494140625,0.35523148801922794,-1.001896237885952,0.22856186819709837
1789317361581111600,1.448111572265625,-1.2384002241939305,4.084037492105365,-1.0169285334534943
1789317361591066400,1.45806640625,-1.2479355297803878,-0.24745558843314647,-0.7901919809874147
1789317361601021200,1.468021240234375,-2.170881565070152,-1.7653566446185112,1.118736172284931
1789317361610976500,1.4779765625,-2.7393349480092524,3.1586586767107248,2.5920176038905978
1789317361620931300,1.487931396484375,-3.5873248187750577,2.0444009650140997,1.275220427069068
1789317361630886400,1.497886474609375,0.2016787566423416,0.7924696435958146,0.8088603680349886
1789317361640841500,1.507841552734375,1.6817805357873439,-3.8605817879408595,0.19218882456757128
1789317361650796300,1.51779638671875,3.4775855101615187,-1.4536521636366844,-1.1344430791784077
1789317361660751400,1.52775146484375,5.039200035867094,2.0506220314860344,-1.7820649105742572
1789317361670706400,1.53770654296875,4.334790368518233,1.1834849771797655,-2.5557208403676746
1789317361680661500,1.54766162109375,0.48134676189422604,1.0671545997381209,-2.068455502079427
1789317361690616300,1.5576162109375,-1.669732370597124,-2.3313509439677,-1.0025247450478374
1789317361700571400,1.5675712890625,-4.611019046971202,-3.35085590378046,1.1319171408973634
1789317361710526500,1.5775263671875,-2.0375234804600475,3.7758752137750387,3.5579181070268153
1789317361720481300,1.587481201171875,-3.646931438475847,2.2721342003673315,2.0142636009037496
1789317361730436400,1.597436279296875,-2.4341817883670327,2.276894546636939,0.5440971595134586
1789317361740391400,1.607391357421875,-0.9284756123661995,-2.0556401519089937,-0.502274472175911
1789317361750346800,1.6173466796875,1.017784127369523,-4.894550741913914,-0.5032076613727957
1789317361760301600,1.627301513671875,4.754102406781912,0.8972317483186721,1.2935782137975096
1789317361770256600,1.637256591796875,4.229433220511675,-0.8537544256418943,0.4522805341467261
1789317361780211700,1.647211669921875,3.274374137124419,2.755268430200219,-0.3584776303336024
1789317361790166500,1.65716650390625,-0.6885211933434009,-4.22819169601798,-2.6722762587368485
1789317361800121600,1.66712158203125,-3.709840022331476,-1.8571102146863936,-1.9852941115289926
1789317361810076700,1.67707666015625,-0.6260673675179481,-0.045754035437107085,-0.8944915827650576
1789317361820031700,1.68703173828125,-0.4921159931898117,-2.4528590163081883,0.5313573587972671
1789317361829986600,1.696986572265625,3.781788237211108,7.612167779111862,2.1145053055927154
1789317361839941600,1.706941650390625,-1.905387046599388,-0.5734685807526111,-0.5027338698485866
1789317361849896700,1.716896728515625,-0.007210077509284019,0.47537470174729823,-2.5742554449677466
1789317361859851500,1.7268515625,-0.03299684519469738,-2.9284692803770302,-2.0120501626379785
1789317361869806800,1.736806884765625,0.5427981326788663,-6.659587068536878,-0.15315635247044265
1789317361879761700,1.74676171875,3.763186997115612,3.094292879784107,1.02305373833552
1789317361889716700,1.756716796875,-1.2788321878254414,-1.2298100905030964,-0.3498490643285215
1789317361899671600,1.766671630859375,0.9399404247105121,3.938896030721068,0.3625247868325561
1789317361909626600,1.776626708984375,-0.9052724314332008,2.0325719955325123,-0.48468547786287963
1789317361919581700,1.786581787109375,-4.266050594291091,-3.6920810782790183,-1.1887941164385527
1789317361929536500,1.79653662109375,1.3012532784700392,3.076004943421483,1.0573634927596895
1789317361939491800,1.806491943359375,-1.9410949043184518,-3.3122610924482343,-0.8208566569074988
1789317361949446700,1.81644677734375,-0.4040975179970264,1.6172610096037388,-0.3398146866461262
1789317361959401700,1.826401611328125,3.5027544382095335,1.5925538538485764,0.38770321336127817
1789317361969356500,1.8363564453125,2.1711633046209813,0.4481026639401912,-0.136344297346659
1789317361979311600,1.8463115234375,1.0225906508684157,3.0315608215391636,-1.3326122933298348
1789317361989266700,1.8562666015625,-3.4219121382564306,-3.3390520687401293,-1.8292571621209381
1789317361999221500,1.866221435546875,-2.37790109821856,2.4988813472926616,0.6459170733045786
1789317362009176800,1.8761767578125,-3.896336991932988,-0.20099428150951862,0.8198569783456623
1789317362019131600,1.886131591796875,-1.8835802884608506,-0.12656944738328457,0.21683133585499598
1789317362029086500,1.89608642578125,-0.6912509105682373,2.252587788376212,-0.5375598666992039
1789317362039041800,1.906041748046875,-1.2132733817219734,1.2050947514414787,-1.9356031750343738
1789317362048996600,1.91599658203125,1.7428291709899901,1.924012836614251,-1.5368775593340396
1789317362058951700,1.92595166015625,0.6772592100948095,-4.668189963957667,-0.9017740679234266
1789317362068906500,1.935906494140625,1.5068231973320245,0.9796271229326724,0.2768377867946401
1789317362078861800,1.94586181640625,0.6593482903510332,1.241193069782853,-0.18343591979676857
1789317362088816600,1.955816650390625,1.4911533345133066,-0.1748883648723364,-0.033276246657967565
1789317362098771500,1.965771484375,2.1122177791774273,-0.5351654458433389,0.29129697691565376
1789317362108726800,1.975726806640625,-0.2624719557791948,-1.8447241958439349,0.4715716562025249
1789317362118681600,1.985681640625,-1.7602759803533552,2.146226431763172,0.7049193704366683
1789317362128636700,1.99563671875,-3.489098253300786,1.3917548026502131,-0.7137570491477847
1789317362138591700,2.005591796875,-2.4400258382201194,0.5459592270582914,0.25863928228113797
1789317362148546800,2.015546875,1.3332283794015645,0.4317138391971588,2.0062239407025277
1789317362158501600,2.025501708984375,0.20240882448256015,-0.39967327181398865,1.7911930966645477
1789317362168456400,2.03545654296875,-1.5636907474577426,-0.9197147982835769,-0.0757706592446193
1789317362178411800,2.045411865234375,1.2400976757615805,-0.9963345121055841,-0.964718161483854
1789317362188366600,2.05536669921875,2.302065812772512,-1.0340256525963545,-0.42845143986772743
1789317362198321700,2.06532177734375,2.6976754884094,-1.9200696519464253,-1.0443005245037376
1789317362208276700,2.07527685546875,1.5337141268670558,0.6066583181709051,-1.5022677259847521
1789317362218231600,2.0852314453125,-1.2122329327583312,-2.1315859119921923,-1.6322509273342787
1789317362228186600,2.0951865234375,-0.899634133285284,2.3963491935789585,0.07511164734661578
1789317362238141400,2.105141357421875,-1.368838037443161,-2.394411503514647,1.1475021749768406
1789317362248096800,2.1150966796875,0.2246627418667078,0.7672942858070134,1.4537021402582526
1789317362258051600,2.125051513671875,-0.4780599953085184,0.24193127205371856,0.1066889811322093
1789317362268006700,2.135006591796875,-0.7818260845065116,-4.428630097210407,-0.9678115243893116
1789317362277961700,2.144961669921875,3.297023191305995,3.534328557124734,0.2345156985675916
1789317362287916500,2.15491650390625,-1.0552338603198528,-3.745440328022837,-0.8306032671570778
1789317362297871600,2.16487158203125,-0.4063841676294803,0.3665022390961647,-0.408054877320677
1789317362307826700,2.17482666015625,1.210987901133299,-4.94163164204061,0.6177046128422021
1789317362317781800,2.18478173828125,2.3702608125984668,-5.637991858446598,2.414731530226767
1789317362327736600,2.194736572265625,8.758484178370237,9.609223640105128,3.391351288037002
1789317362337691600,2.204691650390625,-3.016938421946764,2.6553046656697985,-1.331578858628869
1789317362347646700,2.214646728515625,-5.011014390346408,-2.410236264634132,-5.7712523279011245
1789317362357601500,2.2246015625,-5.006805248218774,-4.287670305424928,-1.9934661659382282
1789317362367556600,2.234556640625,-1.7972621874451635,-5.123808410355449,1.7605542127728462
1789317362377511700,2.24451171875,4.169072567573189,7.012346028962731,1.761618481003493
1789317362387466800,2.254466796875,-0.423287371635437,4.20346174390912,0.06036671735309064
1789317362397421600,2.264421630859375,3.10648483735919,0.15942776089012622,-0.5644274884238839
1789317362407376600,2.274376708984375,-0.6044394730776548,-1.3573539358764886,-1.5329954572036861
1789317362417331700,2.284331787109375,-1.2141904965668917,-2.7960996222823855,-3.4300755709677935
1789317362427286500,2.29428662109375,-0.27160394126176834,2.5192472589731216,-0.938785263326019
1789317362437241600,2.30424169921875,-1.616851844280958,-2.4856121158748863,1.2502996285632253
1789317362447196700,2.31419677734375,-2.3276386454463003,-1.0766145020008087,3.4402260858431455
1789317362457151700,2.32415185546875,1.265311611995101,5.123462373396754,3.6098598911881443
1789317362467106600,2.3341064453125,-1.8489549652814865,0.612827946716547,-0.1164926553312689
1789317362477061600,2.3440615234375,-1.9582026909857988,0.7512193493187427,-2.1120411074362693
1789317362487016700,2.3540166015625,-0.6795704096466303,-3.5755940489709377,-1.3528557476744054
1789317362496971500,2.363971435546875,1.3168401391804216,0.2279611988902092,0.5769385949507355
1789317362506926600,2.373926513671875,0.8871230267584324,0.3736047645777464,1.196059723527357
1789317362516881700,2.383881591796875,0.254808289283514,-4.031707585409284,2.006322140379995
1789317362526836700,2.393836669921875,4.046757855024934,1.6551239995300768,2.8328385766148565
1789317362536791600,2.40379150390625,3.969294091594219,2.26150642336905,1.8171768482267856
1789317362546746600,2.41374658203125,2.528032038453221,4.5549493692249055,0.6243511381845921
1789317362556701700,2.42370166015625,-4.502155936670303,-1.0591530795902013,-2.197459775394201
1789317362566656500,2.433656494140625,-6.549951220297813,-1.9859248106479643,-2.280354039441049
1789317362576611800,2.44361181640625,-4.26362892010212,2.14678991086483,1.2742217714205384
1789317362586566700,2.453566650390625,-0.8565174606144428,-0.47432373138964173,2.8677462238669396
1789317362596521700,2.463521728515625,1.0212783992260694,-1.4697224239498377,0.99634693319574
1789317362606476500,2.4734765625,3.0030390759319063,0.9854998143583535,-0.6442717172503472
1789317362616431600,2.483431640625,4.389932994547486,0.22311200529336928,-1.62966105697155
1789317362626386700,2.49338671875,4.367252376183867,2.270549561524391,-2.17778593763113
1789317362636341500,2.503341552734375,0.6352829396307468,-2.44110603467226,-2.5501675901547074
1789317362646296800,2.513296875,-1.7845540970414875,-0.4546954863339662,-0.40223296623416244
1789317362656251600,2.523251708984375,-4.205447364768386,-1.9353011233478783,2.358615090729296
1789317362666206700,2.533206787109375,-1.8860761969298123,-1.0639642792642117,4.077629670889675
1789317362676161800,2.543161865234375,0.9989163452923298,4.902110948035121,3.979882121104002
1789317362686116600,2.55311669921875,-1.1658593041181564,-1.6454337956428526,0.8897031063795089
1789317362696071700,2.56307177734375,0.3157686616808176,1.160009409046173,-1.2931678794309496
1789317362706026500,2.573026611328125,1.1509329531431198,-2.3666841231554745,-1.402471426975727
1789317362715981800,2.58298193359375,2.8182056556284425,-3.213457603868842,0.5854887619573622
1789317362725936600,2.5929365234375,3.0001299104869363,-1.6419892081469296,1.3659931694060563
1789317362735891500,2.602891357421875,-0.7559381945341825,-4.212254706695676,1.9593862016819417
1789317362745847000,2.612846923828125,2.049816560322046,3.8372459205389022,2.622193254184723
1789317362755801900,2.6228017578125,-0.7888345019638537,1.2845868058294057,0.5494266109079122
1789317362765757000,2.6327568359375,-2.251619235605001,0.20634382584393024,-0.6500624294809997
1789317362775712000,2.6427119140625,-2.392189735811949,-2.873661585390568,-0.6941162368714809
1789317362785666800,2.652666748046875,-3.287275119751692,-4.492141907656192,0.0683136577695608
1789317362795622000,2.662621826171875,1.7212310871660708,2.4634815326094626,2.1967641943454743
1789317362805577000,2.672576904296875,2.789066070383787,-0.2555588153898716,2.1738114810422062
1789317362815532000,2.682531982421875,4.75727519159913,0.9099842623859643,1.390686588896811
1789317362825486800,2.69248681640625,4.08941801609993,-0.9961895506769418,-0.11614055395796895
1789317362835442000,2.70244189453125,-0.43565877743065357,-3.1013626720398664,-1.6630039391249418
1789317362845397000,2.71239697265625,-2.867301402708888,1.5713511990830302,-1.2629184332482517
1789317362855351800,2.722351806640625,-2.1389275069266556,1.0531678677007554,-0.45455600479803976
1789317362865307000,2.732306884765625,-3.2613661869913337,1.0363713389396667,1.2737176212906838
1789317362875262000,2.742261962890625,1.18994862023592,1.1023656138509512,2.4657480162367222
1789317362885217000,2.752217041015625,-2.59401813005805,2.2185388037800786,2.058233675533533
1789317362895171800,2.762171875,-1.4265081361234186,4.490350932586193,-0.07718691925071179
1789317362905127200,2.772127197265625,-1.3143652734994888,-2.7255098362743855,-1.6104918077297508
1789317362915082000,2.78208203125,1.287573712685704,-3.5541631384074686,-0.2839134608019143
1789317362925036800,2.792036865234375,3.985263814142346,1.601353830897808,1.3870871031001208
1789317362934992000,2.801991943359375,1.408213770020008,0.1315390524893999,0.5299428158242255
1789317362944947000,2.811947021484375,1.9540496629595756,3.7841964673966166,0.42087928758040066
1789317362954902000,2.821902099609375,-1.2781827840059994,-1.8167536543786524,-0.3955790613029152
1789317362964856800,2.83185693359375,-2.8101602963387964,-0.9337126362368464,-0.8372301379509269
1789317362974812000,2.84181201171875,-2.4727538033455607,-1.8779151023060083,-0.1051835450053215
1789317362984767000,2.85176708984375,-2.059628929284215,2.639761059579253,0.8318456684336065
1789317362994721800,2.8617216796875,-0.8844728045105934,4.837967269426584,0.3139990947250277
1789317363004677000,2.871677001953125,-1.6522446447014807,-5.406880671092868,-0.7296084060132503
1789317363014632000,2.8816318359375,2.008775524881482,1.3374006966501473,0.197933505699411
1789317363024587000,2.8915869140625,1.813891835206747,-3.893242533048987,-1.0734631983630358
1789317363034541800,2.901541748046875,3.1999761910051108,1.4740063848793505,-0.8108921661235392
1789317363044497000,2.911496826171875,3.9039305158019064,0.5059674084097147,0.24546594898588953
1789317363054452000,2.921451904296875,0.11971066752970218,0.26312662029564376,0.22618271797560155
1789317363064406800,2.93140673828125,-1.7043664616048335,-2.3157123530700803,-0.48059345930889247
1789317363074362000,2.941362060546875,-1.150490470072627,-1.6908642982140183,0.4263705784730613
1789317363084317000,2.95131689453125,-0.4907826987594366,1.5275205329239367,1.4585666775546968
1789317363094271000,2.96127099609375,-1.2081506318807602,4.150298308998346,1.570165204168856
1789317363104226800,2.971226806640625,-1.6925667182177304,4.120782291656733,-0.7632171725612134
1789317363114181000,2.98118115234375,-4.38903049274981,-6.004858839201927,-2.797561511528492
1789317363124136000,2.991135986328125,1.6932120303839444,-1.8954788160473106,0.08411153088212013
1789317363134091000,3.001091064453125,4.654330365431308,-1.5741811618119477,2.0908307077556847
1789317363144045800,3.0110458984375,5.26306607439816,0.7233774026691914,1.3559423155128956
1789317363154001000,3.0210009765625,3.781358613622188,6.048152037483454,-0.7278339436866342
1789317363163956000,3.0309560546875,-2.9588322699367997,-4.142499033424258,-2.8131773060724137
1789317363173910800,3.040910888671875,-3.4446184755831957,-0.11396773996353149,-0.5674290083274245
1789317363183866000,3.0508662109375,-3.1080121930569407,-1.5546125379890203,1.5574436697617173
1789317363193821000,3.060821044921875,-1.4161089071840047,-1.602969157139957,1.5098429835446179
1789317363203776000,3.07077587890625,-1.236642566871643,5.695279095289111,0.6354832845084368
1789317363213731000,3.08073095703125,-0.26276655481159683,-2.661528070229292,-0.7146112548243254
1789317363223686000,3.090685791015625,3.8390228670835493,1.7209844189286232,-0.5979052490033209
1789317363233641000,3.100640869140625,2.253634082558751,-3.401004374784231,-1.7932284018844364
1789317363243595800,3.110595703125,2.384326162829995,-1.7748247301876543,-1.0192024697348474
1789317363253551000,3.120551025390625,2.3612533302783967,1.1896920151263475,0.3594568506292999
1789317363263506000,3.130505859375,-2.7621511754512786,-6.756444683745503,0.03344451589696109
1789317363273461000,3.1404609375,1.268213178655505,5.309086651816964,1.234575989730656
1789317363283416000,3.150416015625,-1.0064414801001549,-3.9740228736817835,-1.2295523163497448
1789317363293371000,3.160370849609375,-0.6526040767878294,1.0796423253893852,-1.0842167206328361
1789317363303326000,3.170325927734375,-0.08923895689845085,3.4390146642267703,-0.8250818733870983
1789317363313281000,3.180281005859375,-4.388054925715923,-3.1877760501235723,-1.1412369771022348
1789317363323236000,3.190236083984375,0.7889256873786449,2.084575154492259,0.4919926590710878
1789317363333191000,3.20019091796875,-0.8800111489266157,-5.836188618192076,0.14769443380273878
1789317363343145700,3.210145751953125,3.045802112859487,2.9552690244972704,0.5442254620682447
1789317363353101000,3.22010107421875,3.153568660095334,4.8915983218491075,-0.5308250785514712
1789317363363055900,3.230055908203125,-0.027748423147201537,1.5134236185103653,-2.021035579256713
1789317363373011000,3.240010986328125,-0.8879963024616241,1.4558186940208075,-0.7021105966262519
1789317363382966000,3.249966064453125,-3.9281197851628065,-6.534462559264898,0.7765445639070123
1789317363392921000,3.259921142578125,-1.3619102840065955,0.4355219993084669,3.0450150541350243
1789317363402876000,3.2698759765625,-1.420409234726429,5.5568724951177835,3.1407234993085265
1789317363412830700,3.279830810546875,-1.888008626297116,2.8983932910650965,0.480158355827257
1789317363422786000,3.2897861328125,-1.0516220995634793,0.1160544831097126,-0.6489268495798111
1789317363432740900,3.299740966796875,-1.327451549565792,-5.069904386210442,-1.79205614323467
1789317363442696000,3.309696044921875,0.681335081231594,-1.187630406421423,-1.2552917377620936
1789317363452651000,3.319651123046875,3.8475902044206856,1.7958207564651965,0.9939816653691231
1789317363462606000,3.329606201171875,3.822203249707818,-0.9587281272888183,2.9716081648796795
1789317363472561000,3.339560791015625,3.1723125235319136,0.8947568826377391,1.4558033503212033
1789317363482516000,3.349515869140625,-0.7610878323823214,-2.906030069553852,-0.8263013321794569
1789317363492471000,3.359470947265625,-0.6823603326261043,1.025805229000747,-0.807865511778742
1789317363502425900,3.36942578125,-2.72671336684525,-1.2100988433390856,-0.7806890433005989
1789317363512381000,3.379380859375,-1.5387737483441828,0.6467687947630882,0.01744308303631842
1789317363522336000,3.3893359375,-1.1766109997570513,3.2788580045402047,0.1848933337971568
1789317363532290800,3.399290771484375,-2.667314252415299,-0.7221890696674584,-0.7721363190107047
1789317363542246000,3.409245849609375,0.7818237464189529,2.0513433314979075,-0.9563308568887412
1789317363552201000,3.419200927734375,1.4013415461629628,-1.7767916463464497,-0.7849804568842053
1789317363562156000,3.429156005859375,2.9013743527024984,-1.9571733479380606,-0.3711677466891706
1789317363572110800,3.43911083984375,2.1107325090557336,-0.15330430957376956,-0.10439560949802398
1789317363582066200,3.449066162109375,-0.011329787787795066,-1.4747703549891709,-0.004419935334101319
1789317363592021000,3.45902099609375,1.2600631899476051,1.5101888743728398,0.15766192026138304
1789317363601975800,3.468975830078125,-1.5921563789635895,-0.10182137509584427,-0.9257468449894338
1789317363611931000,3.478930908203125,-1.4446546181887387,1.0009995813071728,-0.978769921581447
1789317363621886000,3.488885986328125,-1.9834440997481344,1.4142156407833097,-0.4291323713365942
1789317363631841000,3.498841064453125,-3.282940305417776,-3.544950488904118,-0.10338833215162158
1789317363641795800,3.5087958984375,0.17053016966283321,1.90581257853508,1.4309673074893652
1789317363651751200,3.518751220703125,0.9097463619768619,-2.4755419727593657,1.4430981825269757
1789317363661706000,3.5287060546875,5.040374924865365,1.5056196667611599,1.6700854218184946
1789317363671660800,3.538660888671875,5.527354139688611,-0.07058335626721382,1.074122831315547
1789317363681616000,3.548615966796875,2.7291426398187872,-4.1589229294806715,-0.8369494943786412
1789317363691571000,3.558571044921875,-2.444702013337612,1.030704983741045,-1.5431183534197508
1789317363701526000,3.568526123046875,-0.018617022186517715,-3.1734523412168025,-1.4138465152099728
1789317363711480800,3.578480712890625,-3.0770448078632353,-0.09625789574980735,1.9693433859422802
1789317363721436000,3.588435791015625,-0.005799041667580604,-0.9288315861970186,2.5457620486721395
1789317363731391000,3.598390869140625,-3.3278912077784537,1.274293375352025,2.029280406641215
1789317363741345800,3.608345703125,-0.20872224541306494,1.916004302203655,0.9999711150422692
1789317363751300400,3.61830029296875,-1.0373708713710308,-4.907866150560975,-0.3760662227878347
1789317363761255200,3.628255126953125,1.7525252200961112,-0.5392670359432697,-0.3199292884916067
1789317363771210500,3.63821044921875,3.778546478810906,-3.1943495832949873,-0.954866191163659
1789317363781165300,3.648165283203125,3.453537695097923,0.6383131011068821,0.007630567943677306
1789317363791120400,3.658120361328125,3.057214902755618,1.7456138332724571,0.5121235929518938
1789317363801075200,3.6680751953125,-0.9884580796420573,-2.830532637760043,-0.9728993490476161
1789317363811030300,3.6780302734375,-2.2645634728521107,2.6295398175552487,-1.395746210373938
1789317363820985300,3.6879853515625,-5.345920298695564,1.3945607999816536,-1.2878233035326003
1789317363830940200,3.697940185546875,-3.6412463785767555,2.6462279175058008,1.098490525983274
1789317363840895500,3.7078955078125,-0.9375076446056365,1.8139391814798116,2.1187800603024662
1789317363850850300,3.717850341796875,-3.436911554467678,-3.076539780950546,1.2446075544014572
1789317363860805400,3.727805419921875,0.16038111609220504,2.868272878089547,2.359009789135307
1789317363870760200,3.73776025390625,1.5139286454230545,-0.21119126587510106,1.18431134500131
1789317363880715300,3.74771533203125,2.676865340092778,-0.6418868679404258,-0.08811945134922862
1789317363890670300,3.75767041015625,3.7863019152432678,1.5112468589931725,-0.015211305396258831
1789317363900625200,3.767625244140625,-0.06847147867977618,-1.4419301616609095,-0.6720270085297525
1789317363910580500,3.77758056640625,-1.2563900543928146,1.9133418049961328,-0.4112423482503742
1789317363920535300,3.787535400390625,-2.7337784829258918,-0.3747919285356998,-0.26112678824793545
1789317363930490400,3.797490478515625,-3.178936325585842,0.38149288747906684,0.7754482200376689
1789317363940445400,3.807445556640625,-0.946589361205697,-0.700449531546235,1.3331551680348812
1789317363950400300,3.817400146484375,0.4103039714217186,-1.7021388486832378,-0.5060295869257301
1789317363960355300,3.827355224609375,2.2365333101540803,0.7966267632752656,-0.8650076410621405
1789317363970310100,3.83731005859375,3.596811609044671,1.1161299353092908,-1.1597100607734172
1789317363980265500,3.847265380859375,2.3608786517471074,-0.23419044866859912,-2.099669701641053
1789317363990220300,3.85722021484375,1.1087111834853887,-1.1576619691371917,-1.5153355896115301
1789317364000175400,3.86717529296875,-1.475193548837304,-1.9314549693137406,-0.5661991742715239
1789317364010130400,3.87713037109375,-1.1869529455512762,-0.9311661666244267,1.547287309667468
1789317364020085200,3.887085205078125,0.09091887280941009,2.0258283664911985,2.7256898690164086
1789317364030040300,3.897040283203125,-1.898132545426488,0.9063970515489578,0.7842053808584809
1789317364039995400,3.906995361328125,-1.0927198336273432,0.298887669506669,-1.5510508999846875
1789317364049950500,3.916950439453125,-1.1132920815348624,-2.4920050317823885,-2.7493670972019433
1789317364059905300,3.9269052734375,1.8486732257306575,0.2271013671904802,-1.483571208821237
1789317364069860000,3.936860107421875,2.6424405079215765,0.04646306048929691,-0.8738857248488813
1789317364079815400,3.9468154296875,2.3017355579048395,-2.475902038243413,-0.3641205315914005
1789317364089770200,3.956770263671875,3.1878795104980466,1.3487281463503837,-0.22782471302896737
1789317364099725300,3.966725341796875,-0.4668962117373943,-1.8629869977653026,-1.4436813892424105
1789317364109680400,3.976680419921875,0.20337620820999144,3.9969308710604903,-1.6104641890704632
1789317364119635500,3.986635498046875,-4.3605023174017665,-1.0177437953591346,-2.0452496907979247
1789317364129590300,3.99659033203125,-2.882252303603291,-4.163252483117581,-0.6319290991581976
1789317364139545000,4.006545166015625,0.082474285069108,2.319333173915744,0.7957724845334887
1789317364149500400,4.01650048828125,-2.6765193031340835,-0.06731120272874831,-0.7449170343041419
1789317364159455200,4.026455322265625,2.8416823928058146,4.459244431182742,-0.7673742191754281
1789317364169410300,4.036410400390625,1.5080816729605198,-5.014469499236345,-1.9910905228480695
1789317364179365400,4.046365478515625,1.5896891120672225,-1.1448825670629739,-1.691663778028637
1789317364189320400,4.056320556640625,3.0093875681757924,0.7653063268601894,-0.9437206008363515
1789317364199275300,4.066275146484375,0.20444412970244882,-3.9002982967793938,-0.4050927761120722
1789317364209230300,4.076230224609375,2.4935697968810797,3.5246459520220754,0.947177463291958
1789317364219185400,4.086185302734375,-1.4979466479152441,-1.706372540730238,-0.038071883436664934
1789317364229140200,4.09614013671875,-1.0342793350964783,0.05330664277374744,-0.7695746518291533
1789317364239095300,4.10609521484375,-1.1147533862590788,2.869992541489005,-0.7956167094498873
1789317364249050400,4.11605029296875,-4.4763533868938685,-0.8190437622666359,-1.0524517553206532
1789317364259005200,4.126005126953125,-1.2010627194464205,2.7331004375338552,0.03911313611790537
1789317364268960300,4.135960205078125,-1.9341887781918048,-4.574931250023842,0.29177659539245066
1789317364278915300,4.145915283203125,0.5956161151528359,0.36465164279341694,1.2974224681355058
1789317364288870400,4.155870361328125,2.0415666183710095,2.3967910921275615,0.5057025469284504
1789317364298824200,4.16582421875,1.5904168418198823,-0.8642460090398788,-0.5990240604327991
1789317364308780500,4.175780517578125,3.5630700829625126,2.229755778843164,-0.016420571588166056
1789317364318735400,4.1857353515625,1.144848664793372,-4.827853287169337,-0.08234521532934158
1789317364328689400,4.195689453125,0.48062779996991156,2.1894822206437587,1.3392151987262069
1789317364338644200,4.205644287109375,-1.933727590420842,2.0170985320687294,0.857761030934751
1789317364348599600,4.215599609375,-4.239014118805527,-0.9687205289930104,0.5004710394831374
1789317364358554400,4.225554443359375,-2.1982307597666977,0.8985895926684141,1.9143033435046672
1789317364368509200,4.23550927734375,-1.4722142407655716,-2.432139468884468,0.5367555280463769
1789317364378464300,4.24546435546875,-0.6510416497766971,2.2023861258804796,-1.0763764554612338
1789317364388419300,4.25541943359375,2.441675358992815,2.0317846445471046,-0.4313823787530884
1789317364398374400,4.26537451171875,2.7940000196546313,-0.22519699487388134,-0.5650530729763209
1789317364408329200,4.2753291015625,0.28400398862957954,-3.6826059784471985,-2.342384086896479
1789317364418284500,4.285284423828125,0.33376141448915003,-1.607271530508995,-1.0568396880812942
1789317364428239400,4.2952392578125,0.8120219008058309,2.0749661991477013,0.5611384202832356
1789317364438194200,4.305194091796875,-2.4623235947459934,0.5706219591498375,0.46195765935666855
1789317364448149200,4.315149169921875,-1.8889380161017177,-1.5426777700453995,-0.6881121741510927
1789317364458104300,4.325104248046875,-0.647574850448966,-0.1791045212626457,-0.6512962821248919
1789317364468059400,4.335059326171875,-0.9842956992655992,1.027683590093255,-1.1643473651852458
1789317364478014200,4.34501416015625,-0.5041279180228709,0.8501186994880437,-2.0886187307946384
1789317364487969300,4.35496923828125,1.1771826621651649,2.059942233017087,-1.240904023708403
1789317364497924400,4.36492431640625,1.4453589670658111,-1.7497873195648193,0.014706095820479093
1789317364507879200,4.374879150390625,1.6579501628667115,-2.897095067948103,1.8332186130978165
1789317364517834500,4.38483447265625,2.0147008232772348,-2.5543875459372996,1.5703274089932442
1789317364527789300,4.394789306640625,0.588000963973999,4.760803950247168,1.469686914245039
1789317364537744400,4.404744384765625,-0.3033428953498602,2.585142749685049,0.2723887714965269
1789317364547699200,4.41469921875,-2.7944845883011817,-2.4289438877135514,-0.3003443711210042
1789317364557654300,4.424654296875,-1.8880746772706507,-0.6765536921739578,1.2440718400895594
1789317364567609300,4.434609375,-6.749639095383882,-0.24544658669829367,1.0276925040520728
1789317364577564200,4.444564208984375,-5.9711190666854375,3.891506503036618,1.220086495802924
1789317364587519500,4.45451953125,-1.4657804083257913,-5.42841621107459,1.795285480544716
1789317364597474300,4.464474365234375,4.654576449146867,-4.114958115547895,2.061528625425696
1789317364607429400,4.474429443359375,12.83241704056859,-0.9275859700500965,1.0277278676263988
1789317364617384400,4.484384521484375,17.915666061520575,3.7390976809978484,1.1256898638803512
1789317364627339300,4.49433935546875,4.422082283002138,7.7466288565278045,0.29760321918670085
1789317364637294300,4.50429443359375,-12.273423559892176,-13.66547646870613,-7.849411770132184
1789317364647249200,4.514249267578125,-4.4644291403442615,-9.98884430397153,0.5609892941361293
1789317364657204500,4.52420458984375,4.75662228064835,-2.4250121012225745,6.026549277484417
1789317364667159300,4.5341591796875,1.5662030225396155,8.350649227410555,2.3231378268957137
1789317364677114400,4.5441142578125,-9.075663875892758,13.748966068297623,1.0789230712041258
1789317364687069400,4.5540693359375,-4.417182820522785,-5.062174668741226,-0.7035612338259816
1789317364697024300,4.564024169921875,-10.260091686880587,-5.930278522253036,3.286058145177364
1789317364706979300,4.573979248046875,2.734365342903137,-2.1677777538359164,1.4431683251537382
1789317364716934100,4.58393408203125,3.3226001156330107,-0.3259422651708126,-2.1310813234709203
1789317364726889500,4.593889404296875,7.87107122875452,3.7774680359244344,-0.09567943827472626
1789317364736844300,4.60384423828125,9.975553445243834,-1.2826222277581691,1.5908680927187204
1789317364746799000,4.613799072265625,4.602715913528204,0.06299450857341289,1.3271071200422941
1789317364756755000,4.6237548828125,-5.639048674023151,-0.9416472286283969,-1.4393166181616484
1789317364766709800,4.633709716796875,-4.9138335345327855,1.5329332056224345,-0.5249743066966533
1789317364776664800,4.643664794921875,-7.626239559084176,1.8373402230724691,2.8271333507105707
1789317364786619600,4.65361962890625,-7.272866850674152,-3.0090985221013424,1.4669433146253228
1789317364796574700,4.66357470703125,-2.1271832931190726,5.416842093136906,2.292413018286228
1789317364806529800,4.67352978515625,1.8374650184959171,3.6524569238990545,1.645267499165237
1789317364816484600,4.683484619140625,3.6001211719840764,3.9751884103298183,0.4376466633122414
1789317364826440000,4.69343994140625,4.158932281830906,1.2806500509023666,-0.7488567118406295
1789317364836394800,4.703394775390625,4.8033588973820205,-4.057427133077383,-1.631753353075683
1789317364846349800,4.713349853515625,1.0109884758800267,-3.1604233482956885,-1.9326827575430272
1789317364856305000,4.723304931640625,-2.7642192138969897,-1.9108149168670177,-2.195747710779309
1789317364866259700,4.733259765625,-1.1114473304510115,5.928473518657684,-0.457193148368597
1789317364876214800,4.74321484375,-4.492980112046003,0.5490978173449635,1.3187258067965506
1789317364886169600,4.753169677734375,0.002210077264904976,-6.296438816043734,1.2398229504734277
1789317364896125000,4.763125,0.2416232290178537,-1.8173025204330682,0.2002913939371705
1789317364906079700,4.773079833984375,-0.028525252738595006,6.111966045746207,-0.0012803221341222523
1789317364916034800,4.783034912109375,4.2982483980625865,4.495277867594361,-1.0702880754582584
1789317364925990000,4.792989990234375,1.1179624114334583,-3.960777023139596,-0.5578016405433416
1789317364935944700,4.80294482421875,1.6741723988711832,-5.252162987589836,0.019894348645955323
1789317364945899800,4.812899658203125,5.335854831755161,-0.4336263948202133,0.9059485040638595
1789317364955854800,4.822854736328125,-2.7868682680785652,0.7655284451782703,2.9187650479644534
1789317364965810000,4.832809814453125,0.05933598606586456,3.148712159974873,1.9758483839221297
1789317364975764700,4.8427646484375,-3.2592221606999634,0.38527211375683545,-0.1668907171819359
1789317364985719800,4.8527197265625,-7.936988931298256,-1.239999476084113,-1.314961778087914
1789317364995675000,4.8626748046875,0.08707622590661049,-1.1810755779504776,-0.5601530990403145
1789317365005629700,4.872629638671875,-0.7027858655393123,-1.419357095324993,-1.478904970575869
1789317365015584800,4.882584716796875,4.008874406832456,2.6153192767620084,-1.1784766474984585
1789317365025539800,4.892539794921875,2.232466206845641,0.582885228395462,-0.7754743773922324
1789317365035495000,4.902494873046875,3.1229099024593827,-0.3465384784758091,-0.826772018431127
1789317365045449700,4.91244970703125,1.2131330964684486,0.035980829441547395,-1.1361208031322807
1789317365055404500,4.922404541015625,-4.46215651923716,-1.9084069789424538,-2.2277301182344553
1789317365065360000,4.93235986328125,-3.522762037971616,0.05321633414179086,-0.8929764289617538
1789317365075314700,4.942314697265625,-2.485193013679981,-2.655083716395497,0.3695929716531187
1789317365085269800,4.952269775390625,3.223825268626213,2.4638334147870538,1.2264400295481086
1789317365095224800,4.962224853515625,5.616246475106477,-0.13620470621287822,-0.03383300375789404
1789317365105180000,4.972179931640625,4.073329635608196,-0.7726993597209453,-1.4862683389507234
1789317365115134700,4.982134765625,-0.11418985828161239,3.3571757544517515,-2.337280334016681
1789317365125089800,4.99208984375,-2.7203601984262464,-6.368689228740334,-3.413714803275466
1789317365135044900,5.002044921875,-3.9853082378059623,-3.4484839188396927,0.8307226557530463
1789317365144999700,5.011999755859375,3.803075939911604,-1.4708356458887457,2.6165552482977508
1789317365154954800,5.021954833984375,2.4232863003432747,2.2444664412409066,2.7675115334406493
1789317365164909800,5.031909912109375,-0.07804653175473213,9.603434535309672,0.9232822815068066
1789317365174865000,5.041864990234375,-3.392442298144102,-0.9177443749934434,-3.9717385621368884
1789317365184819700,5.05181982421875,-7.873558369395137,-5.537646985644102,-2.4532559066712856
1789317365194774800,5.06177490234375,1.341763568034768,-2.87216520935297,2.20415722720623
1789317365204729900,5.071729736328125,2.0703817939668894,-3.6203035437911746,1.1712849093634634
1789317365214684700,5.0816845703125,2.01461665212512,5.4015872408598655,1.740923337368667
1789317365224640000,5.091639892578125,4.954591076856851,2.81030291967988,1.2528352845206856
1789317365234593800,5.10159375,-0.4136223021894693,-1.8277911812216043,-0.9980666696604341
1789317365244548900,5.111548828125,0.5136930342257022,-4.859934186562896,-2.958004002419114
1789317365254503700,5.121503662109375,-2.283147177290916,-0.9050783701658248,-0.8436269263159483
1789317365264459000,5.131458984375,-1.2741536746203899,5.2309851750046015,1.6293617817640305
1789317365274413800,5.141413818359375,-5.541271605882049,-0.29259236875474454,1.7557124718300998
1789317365284368600,5.15136865234375,-2.3943314240157605,-1.8824422243416308,2.736759836824238
1789317365294323700,5.16132373046875,1.8993664711356162,-0.42332244294881816,2.6630153861775994
1789317365304278800,5.17127880859375,1.812099106571078,4.971756731191277,2.2269912825658915
1789317365314233900,5.18123388671875,1.4005255536049603,5.229508672711253,0.17056304901912808
1789317365324188700,5.191188720703125,-0.8192050903081893,-0.09655366382598876,-2.2162787498936054
1789317365334144000,5.20114404296875,-2.8326836783140896,-6.241852654853463,-1.6155210340686141
1789317365344098800,5.211098876953125,-2.019139097985625,-3.5206320402055975,0.7171651040256023
1789317365354053600,5.2210537109375,1.2833376825511456,0.8649725697487592,2.7265257353186607
1789317365364008700,5.2310087890625,3.727873107150197,3.418908280265331,3.152925393755734
1789317365373963800,5.2409638671875,1.839862142765522,0.9612795653373002,0.8144214362282306
1789317365383918800,5.2509189453125,-0.14710370136797427,-0.12067395960390567,-1.6770318799555302
1789317365393873700,5.260873779296875,-4.602730526575446,-0.2809218047052622,-4.697622394669056
1789317365403828700,5.270828857421875,-6.439449110618233,-0.7140542785286903,-4.1375063397035
1789317365413783800,5.28078369140625,-1.3547007910192013,-0.44725335363447666,1.4295764376528561
1789317365423738600,5.290738525390625,2.5102275016933677,-0.24305004695057866,2.605012402281165
1789317365433694000,5.30069384765625,2.8909488202780484,-0.5099380656063557,1.412281165589392
1789317365443648800,5.310648681640625,5.874866431632638,1.1440443626731633,0.46350306216776366
1789317365453603800,5.320603759765625,6.7475032523989675,1.1507406454414129,-1.146624807620421
1789317365463558700,5.33055859375,4.020445602160692,-0.2282347551345825,-3.5623844387859105
1789317365473513700,5.340513671875,-0.4088958581894636,-0.4651449841558933,-3.9889503937005992
1789317365483468800,5.35046875,-3.6748388515770434,-4.399299957829713,-0.932823870703578
1789317365493423600,5.360423583984375,-5.701830416628718,-0.17339900309741496,3.620999124839902
1789317365503379000,5.37037890625,-2.073673236727714,1.2028455112099647,5.397042583167552
1789317365513333800,5.380333740234375,-0.11494681412875651,1.5434592758119106,4.870598788440227
1789317365523288800,5.390288818359375,1.897574327021837,3.9117227771133183,2.8703064297437666
1789317365533244000,5.400243896484375,-0.3245125246286392,-2.009036221644282,-1.0447638311665504
1789317365543198700,5.41019873046875,1.5553934592336416,-3.782149471738934,-2.9764404073417183
1789317365553153800,5.42015380859375,3.5311095950782296,-2.677189749741554,-1.623530591392517
1789317365563108600,5.430108642578125,2.9870880580842494,-5.638108178302645,0.5299302486035973
1789317365573064000,5.44006396484375,5.268366518893838,3.049674570378661,3.466495376348495
1789317365583018800,5.450018798828125,2.62913562066853,-0.17265782934129237,3.006823855167627
1789317365592973800,5.459973876953125,-2.536219436562061,0.6293246157482266,1.2920131564378738
1789317365602929000,5.469928955078125,-3.549039219522476,-3.0082281690075994,-0.7337511318411678
1789317365612883700,5.4798837890625,-4.328177087858319,-4.15486050234735,-1.223377865498513
1789317365622838800,5.4898388671875,-1.1218676021784544,5.1088651082456105,0.5255713958069682
1789317365632793600,5.499793701171875,-0.5038496856033802,0.7495213132292032,0.4332607033129781
1789317365642749000,5.5097490234375,0.8483131113708019,2.1496312717705965,1.561671808850765
1789317365652703700,5.519703857421875,-0.2198737540245056,-0.8171773838728665,1.2344602543964982
1789317365662658800,5.529658935546875,-2.515337392053008,-0.28121552695482965,-0.29102058939337727
1789317365672614000,5.53961376953125,-0.04981763161420822,3.8449250768646595,-0.8517281074460595
1789317365682568700,5.549568603515625,-1.3299176474183798,-1.3617346351787447,-0.8781769192367792
1789317365692523800,5.559523681640625,-0.020483400580286977,3.6751316970437764,0.06140884681716561
1789317365702478800,5.569478759765625,-2.3154975412756205,-1.6605325805753468,-1.1462004447285086
1789317365712434000,5.579433837890625,-0.32730770830512046,0.3097913408368826,-0.34243235833123326
1789317365722388700,5.589388671875,2.1184832693129776,2.0428706867069004,0.7314154554352164
1789317365732343600,5.599343505859375,1.3616431575030088,1.3039496779471635,-0.06392345998659729
1789317365742299000,5.609298828125,2.6484716047793624,1.0396119282960892,-1.2059711689498276
1789317365752253400,5.61925341796875,0.510496868532896,-5.005909760683775,-2.1808890182130036
1789317365762208500,5.62920849609375,-0.1053051255583763,2.661891642844677,-1.2693243547677993
1789317365772163600,5.63916357421875,-1.9520523516625166,3.0522137334674593,-2.0120633143804967
1789317365782118700,5.64911865234375,-3.1719150486469267,0.9673024788886309,-1.1156708664301782
1789317365792073500,5.659073486328125,-0.9121487469434738,-0.9713982237696647,2.0082099999532104
1789317365802028500,5.669028564453125,1.014829953739047,-2.6293185760200024,1.4187328259468077
1789317365811983600,5.678983642578125,-1.4330647181600331,1.906338063713908,-0.35312969343438744
1789317365821938400,5.6889384765625,1.3041753033965826,1.8660013771504163,-1.3300219845756887
1789317365831893500,5.6988935546875,0.13819500324726103,1.0611462992340326,-1.5455382740430532
1789317365841848600,5.7088486328125,-0.1907563806116581,-1.3771394173204898,-1.6130588817387819
1789317365851803600,5.7188037109375,0.5779734909564256,-4.973479901722073,-0.13658311107121407
1789317365861758500,5.728758544921875,1.6280314099431037,-0.7318781045109033,2.1435206799358126
1789317365871713500,5.738713623046875,1.5602309623926878,0.6578519143134355,1.8558662059746682
1789317365881668600,5.748668701171875,-0.16257307317852973,-0.4867208561480045,0.5616531648723408
1789317365891623400,5.75862353515625,1.0109019666403531,0.32954292001128194,-0.6127186776557937
1789317365901578500,5.76857861328125,-2.306567215844989,-2.2214070526927707,-0.4637719422370195
1789317365911533600,5.778533447265625,0.7498240955680608,0.06378419764637946,1.2180468797340989
1789317365921488600,5.788488525390625,-0.35944822893142697,-1.8398335011929272,0.8722925373733044
1789317365931443500,5.798443359375,-3.0017408528149128,-1.0298223556876183,0.7123729743782431
1789317365941398500,5.8083984375,-1.75640702996552,4.074743009537459,0.7458185131885111
1789317365951353600,5.818353515625,-7.408700970008969,-1.4238941542327403,-0.5233118899097666
1789317365961308400,5.828308349609375,-0.6637766281872988,-0.9691501525819302,0.9439670498780905
1789317365971263700,5.838263671875,4.35585244576931,-4.27257970379889,0.4345760967604816
1789317365981218600,5.848218505859375,5.90753711361289,-5.505075087863206,-0.3041067923944443
1789317365991172600,5.858172607421875,12.412221789729594,5.673154941764474,1.9322035957239567
1789317366001127400,5.86812744140625,8.037899036768078,4.781213701069355,-0.2232033003060147
1789317366011082500,5.87808251953125,-5.097636442744732,-4.032444667512178,-4.9016596971362825
1789317366021037600,5.88803759765625,-6.028487552070617,-6.655779492947459,-1.5831109027206898
1789317366030992400,5.897992431640625,-3.0696202108204362,-3.0614588239356872,2.863392120310664
1789317366040947500,5.907947509765625,-4.248597939708828,2.382664367097616,1.2075373222880064
1789317366050902500,5.917902587890625,-3.2685639895409344,3.7648102144032713,1.326304717618227
1789317366060857600,5.927857666015625,1.8117028007298708,5.330846063682436,1.1227472345571965
1789317366070812400,5.9378125,-0.5881500170558691,-1.358774324068427,-2.4286615636408326
1789317366080767700,5.947767822265625,-2.3230799592286346,-1.6584522671699522,-4.345876118417084
1789317366090722600,5.95772265625,5.359778728178143,0.16484569428563117,-1.9595314553715288
1789317366100677400,5.967677490234375,4.414374192842841,-6.981003965237736,-0.7461421191196889
1789317366110632400,5.977632568359375,3.194931767097115,1.166799799838662,1.2483186838790774
1789317366120587500,5.98758740234375,0.49643034925758833,3.479820137345791,0.6226251911748201
1789317366130542600,5.99754248046875,-2.4431121137976644,1.53217683429718,-2.2292761786326767
1789317366140497400,6.007497314453125,-4.699554824036359,-1.4201231112614274,-1.684229828635603
1789317366150452700,6.01745263671875,1.2276456059455871,-3.1460651525974273,-0.506205601079762
1789317366160407600,6.027407470703125,-1.2080436643749475,2.7986633352905512,-0.5246474858950824
1789317366170362400,6.0373623046875,-1.1595166570931672,0.8783300639718771,-2.1415704226508736
1789317366180317700,6.047317626953125,0.5143821855336428,2.513703653371334,-0.003708133802935481
1789317366190272500,6.0572724609375,0.8332949904590845,0.7072311545103788,3.0973616197049614
1789317366200227600,6.0672275390625,3.597491992524266,-1.7037544671863316,2.7896336411386726
1789317366210182400,6.077182373046875,5.380681230953336,3.026702860113978,2.1987211736321446
1789317366220137500,6.087137451171875,-8.908421057337522,-0.530866579605639,-0.25751243367567656
1789317366230092500,6.097092529296875,-3.5555566385924813,0.737552058494091,-2.4249732305169105
1789317366240047400,6.10704736328125,-5.2770729724407195,-1.2009236032366752,0.042077392750978465
1789317366250002700,6.117002685546875,-0.9940256506413221,-0.32702830684185025,2.33088025771603
1789317366259957500,6.12695751953125,1.0246382310479878,0.41896366321742534,2.3795607019938525
1789317366269912600,6.13691259765625,-0.24187457343041896,-0.13581541463434696,0.8667655175801366
1789317366279867400,6.146867431640625,5.799353217747807,-2.219350120162964,2.1989589279107746
1789317366289822500,6.156822509765625,7.084124732494354,0.4265764763087034,3.2922976240888238
1789317366299777500,6.166777587890625,4.649840652796626,4.13078287666738,0.08808876395002006
1789317366309732400,6.176732421875,-6.704180828022957,0.947241979895532,-2.8734231004595756
1789317366319687700,6.186687744140625,1.340997259837389,0.018022271163761615,-2.226841352701187
1789317366329642500,6.196642578125,-3.1242016958355903,-3.6863673768073317,1.5237456905603408
1789317366339597600,6.20659765625,-4.187271072086691,-1.0094751487076281,0.31353768775835633
1789317366349552600,6.216552734375,-6.705752607384324,5.092056596785784,-1.3250856972172855
1789317366359507500,6.226507568359375,-1.7329273701786994,2.5088316634207963,-0.13973916394934058
1789317366369462500,6.236462646484375,2.8064953440904614,-2.82016848013401,2.0510615919470787
1789317366379417300,6.246417236328125,7.549270301172137,-1.3013906411141156,1.2716137808792292
1789317366389372700,6.25637255859375,4.998433725714683,0.0920382322281599,-0.28500067151673136
1789317366399327500,6.266327392578125,-4.42675962716341,1.1683435221493244,-1.844958881382644
1789317366409282600,6.276282470703125,3.485945926749706,-2.5386130537003275,-1.295173958556354
1789317366419237600,6.286237548828125,-1.5404215155512093,-1.8723399325221777,3.691371176443994
1789317366429192400,6.2961923828125,2.77712428817749,-2.7240897403433917,2.4481679358825086
1789317366439147500,6.3061474609375,-2.6508009245097637,-0.21540508417785167,1.099737165043503
1789317366449102600,6.3161025390625,-4.235507571989298,2.110501038387418,1.0276950613353402
1789317366459057700,6.3260576171875,3.3183407046228646,-0.008727496334910392,1.2388938529297708
1789317366469012500,6.336012451171875,-2.426568975275755,-2.012420018863678,1.5041691756919024
1789317366478967600,6.345967529296875,1.2478449288874864,-7.504787600845098,-1.2424041991382837
1789317366488922600,6.355922607421875,3.1763392948299645,-0.22495558733344076,-0.05695325564779341
1789317366498877400,6.36587744140625,3.387017350485921,5.186597751745581,1.4084481632977723
1789317366508832500,6.37583251953125,3.458347725728154,-2.85122120552361,0.35102198056541384
1789317366518787600,6.38578759765625,-1.6837153032422065,1.4223229593932627,-0.2860767763156444
1789317366528742700,6.39574267578125,-6.98920246926248,-5.679295344215631,-3.2119924997523426
1789317366538697500,6.405697509765625,-4.706219542622566,2.5082097321301697,1.02049397085011
1789317366548652300,6.41565234375,1.6831167528271673,1.5025199471801518,3.0516485008001326
1789317366558607600,6.425607666015625,-1.2367471962898968,-3.0728584620893,0.7538013286359607
1789317366568562400,6.4355625,2.9911446399986743,1.0144956072181464,0.7561427771955728
1789317366578517500,6.445517578125,5.167641122341156,-1.4160539621263741,0.8866274983264505
1789317366588472600,6.45547265625,6.039771747151017,5.140552624407411,-0.06240954829230904
1789317366598427600,6.465427734375,1.557488970208168,0.150793203535676,-2.284539216171205
1789317366608382500,6.475382568359375,-3.3979543395638463,-5.453733023160695,-2.6615286547511814
1789317366618336500,6.48533642578125,-2.523592010179162,-0.3847480898827314,-0.12148644503057002
1789317366628291600,6.49529150390625,-3.1874107239425182,1.7741531145364045,2.49469704734534
1789317366638246700,6.50524658203125,-0.898625248503685,9.959629899924993,3.2132986139148474
1789317366648201500,6.515201416015625,-5.053770413011312,0.14541530988961457,0.13429792274348437
1789317366658156500,6.525156494140625,-4.918920044016838,-1.6478490400910377,-1.1225464512880892
1789317366668111600,6.535111572265625,-2.1560884850859643,-0.30641163527071474,-0.21127901722379028
1789317366678066400,6.54506640625,1.130788575258851,0.9294622853159904,0.43556773814633487
1789317366688021500,6.555021484375,2.8685809211254116,0.1384931094110012,1.049572765818238
1789317366697976600,6.5649765625,4.169208761173486,-2.0554238788098096,0.624388182259351
1789317366707931400,6.574931396484375,4.653676285436749,-2.921759553605318,-0.02928973430506885
1789317366717886500,6.584886474609375,6.372101083010435,2.137441067761183,0.37611952387765046
1789317366727841500,6.594841552734375,-2.362220129483938,7.540795318293571,-0.9674604459293186
1789317366737796600,6.604796630859375,-9.248020676460861,-2.0902023467242716,-4.575591759759187
1789317366747751400,6.61475146484375,-6.936599006322026,-8.713148660606146,-0.4881130411587655
1789317366757706200,6.624706298828125,-0.1582651468515396,-1.36882108630836,2.216193701958656
1789317366767661300,6.634661376953125,-0.3294792071253061,5.196294385373592,0.9739645671263336
1789317366777616400,6.644616455078125,2.75582547956109,4.7253030132770535,0.6806423497270793
1789317366787571200,6.6545712890625,5.037602537542582,-0.6986930432677269,0.5465802815660834
1789317366797526300,6.6645263671875,3.3523248072892424,-6.116514210569858,-0.8020477654106914
1789317366807481300,6.6744814453125,6.402523109281063,-1.501995631045103,-0.6493681636065244
1789317366817436200,6.684436279296875,3.3535932197898624,2.9887440085977315,-0.33515323417373
1789317366827391500,6.6943916015625,-6.05354892809093,-0.13945757052898405,-2.431573943956196
1789317366837346300,6.70434619140625,-4.289585783657431,-2.0981948067829013,-1.987195853497088
1789317366847301000,6.714301025390625,-5.584214091029763,-3.5999086982771753,1.6252777273207901
1789317366857256200,6.724256103515625,3.5017981603980064,1.278245327848196,2.4173117559783157
1789317366867211300,6.734211181640625,-3.4505741691172123,3.529322711661458,1.1309854860704391
1789317366877166300,6.744166259765625,1.490973301771283,0.1852402475386858,-0.9688433516550808
1789317366887121200,6.75412109375,3.9408910039305685,-2.335382975962758,-0.5688070186823606
1789317366897076500,6.764076416015625,0.6189660110801458,-2.4512790536403655,-2.037048264163732
1789317366907031300,6.77403125,2.603181679722667,1.7630518748074768,-4.623602634212374
1789317366916986000,6.783986083984375,-1.1811463050991295,-2.502107323601842,-3.943208048701286
1789317366926941400,6.79394140625,1.1358148789882658,0.715417968097329,-0.13861096363700925
1789317366936896300,6.803896240234375,1.527018428620696,-2.4840175401598215,2.2850790221363306
1789317366946851300,6.813851318359375,2.208028515681624,0.038951369684934616,3.1221909405350683
1789317366956806100,6.82380615234375,-0.45455110942721366,5.102993585863709,0.920122721497342
1789317366966761500,6.833761474609375,-6.352156027090549,3.59951736087203,-2.4804937499478457
1789317366976716300,6.84371630859375,-3.0926620637118813,0.12839198663532733,-1.159115967337787
1789317366986671000,6.853671142578125,-3.1531688471227883,-11.040991888713837,-1.139387695973739
1789317366996626400,6.86362646484375,-1.5061632721185683,-0.1587356869727373,-1.9063852638565002
1789317367006581200,6.873581298828125,1.8493612079948185,5.840348075959086,1.1906170940820127
1789317367016536300,6.883536376953125,5.42300821455121,1.9356980137109756,2.1586989598453044
1789317367026491100,6.8934912109375,3.7625218112051484,0.36604046680331226,0.8857749731503427
1789317367036446200,6.9034462890625,-0.5334919596731662,-7.172202244397997,-1.1936682252809405
1789317367046401300,6.9134013671875,-4.564561831700802,0.903362213897705,-0.9455923129923641
1789317367056356000,6.923356201171875,-2.244582761096954,-0.9102268389701843,-0.36144371359758076
1789317367066311400,6.9333115234375,-2.8204367756813764,-1.9009674765914677,0.7521127179618925
1789317367076266200,6.943266357421875,3.069844667226076,-1.514097572249174,1.2193324625652282
1789317367086221300,6.95322119140625,6.906928090679645,0.7768675853163004,0.5047893776062876
1789317367096176400,6.96317626953125,3.8826287845760583,6.434280768069624,0.33666853410750625
1789317367106131200,6.973131103515625,-0.06227203951776027,0.20655834537744522,-2.1518096387229857
1789317367116086300,6.983086181640625,0.28884266083240506,-4.639337378960848,-2.5124992460176347
1789317367126041000,6.993041015625,-5.63953674980104,-2.579334940189123,1.8887842868447302
1789317367135996400,7.002996337890625,1.7203087116241453,2.8146625761941073,3.26892639311254
1789317367145951200,7.012951171875,-4.075156266513466,3.3090918147623536,2.2642148055449125
1789317367155906300,7.02290625,-0.07992343154251574,2.022972100277245,0.21679434657916424
1789317367165861400,7.032861328125,-1.2234767958283423,2.7076690591573715,-0.4326583535056561
1789317367175816200,7.042816162109375,-1.3239350658774376,0.8174760745584965,-0.9258580502789467
1789317367185771300,7.052771240234375,-1.7783301079601048,-2.66076643820703,-0.9624017012350261
1789317367195725300,7.062725341796875,-0.8771282869666814,-1.4472995797395705,1.6903423201665282
1789317367205680400,7.072680419921875,1.0270412005364895,-1.891888098078966,3.6465094136714935
1789317367215635200,7.08263525390625,1.1743711118757725,-2.861475473034382,3.8786277322411533
1789317367225590300,7.09259033203125,5.623232680732012,0.742277917972207,2.706034151431918
1789317367235545300,7.10254541015625,7.089665415486693,4.076204314261675,0.3924368177544325
1789317367245500400,7.11250048828125,-2.8277117351204155,3.5404105073869228,-3.159340521495044
1789317367255455200,7.122455322265625,-3.96207524625659,-3.1153128714591265,-6.3075757116079325
1789317367265410300,7.132410400390625,-0.6782260093003512,-5.578093562322855,-0.9015488808654248
1789317367275365400,7.142365478515625,-0.7962164289087057,-1.9498650707513092,3.883319104927778
1789317367285320200,7.1523203125,0.9201824157953262,4.127878971919417,3.069980860826373
1789317367295275300,7.162275146484375,-0.41919688745141026,6.094972240847349,2.3581053876414892
1789317367305230300,7.172230224609375,-0.7894564332544803,-1.4045859349116683,-0.21387312537021932
1789317367315185400,7.182185302734375,-5.094537892207503,-3.364669909599423,-2.0795272234529256
1789317367325140200,7.19214013671875,-0.6629191345751285,-4.618001160943508,-2.056842805697024
1789317367335095000,7.202094970703125,1.3783330110192298,1.5368272904515266,1.1539134302586316
1789317367345050400,7.21205029296875,2.8235937784075738,-0.2504167763262987,2.593288939000666
1789317367355005200,7.222005126953125,1.829731209373474,-0.7425958978801965,2.7987618272289634
1789317367364960300,7.231960205078125,2.4078935009002684,-0.035119828698039056,1.8846644304357467
1789317367374915300,7.241915283203125,1.2621616235315798,0.3953279360860586,0.5129545638833195
1789317367384870400,7.251870361328125,-1.2275520824432373,-2.2950340144395827,-0.3160158413749188
1789317367394825200,7.2618251953125,-1.9252666360676287,-7.731078236174583,-0.7317534552179277
1789317367404780300,7.2717802734375,0.7437795547068119,2.5598072328984736,0.8109495223339647
1789317367414735400,7.2817353515625,1.424446527418494,1.2923901730567215,0.921533976534754
1789317367424690200,7.291690185546875,2.7537773148596285,1.6864263157665729,0.7601008671715855
1789317367434645200,7.301645263671875,1.4071639687061308,1.3665432045042514,-0.5865973807863891
1789317367444600300,7.311600341796875,-1.1832166816323995,-3.942573842450976,-2.0797098865434527
1789317367454555400,7.321555419921875,-1.1213503003060816,1.5498387477159499,-0.3288121215187013
1789317367464510200,7.33151025390625,-2.855861724805832,-5.173627211013436,-0.755132942565903
1789317367474465300,7.34146533203125,-3.1164924366325137,7.838574149775504,0.3494616724461317
1789317367484420400,7.35142041015625,-0.3253361159712076,7.020234736385941,0.4395524969335645
1789317367494375200,7.361375244140625,-1.7113713719308374,-3.7547768961668013,0.7329726217493414
1789317367504330500,7.37133056640625,3.588922317099571,-3.9638586225420234,1.4551725050717592
1789317367514285300,7.381285400390625,4.9253708275914185,-4.56223426553607,0.1865081485826522
1789317367524240100,7.391240234375,1.133257595720887,6.8619625752717255,0.04933372055478394
1789317367534195200,7.4011953125,4.132472729450464,2.1181576906204223,-2.4485671643331646
1789317367544150300,7.411150390625,-5.2876270996809005,0.1887137688681483,-0.4760489477470517
1789317367554105300,7.421105224609375,-2.230090125364065,-4.7770492748662825,1.3707044158369301
1789317367564060200,7.43106005859375,-2.8593256015241146,-2.2457649566188453,1.327503572013974
1789317367574015500,7.441015380859375,-6.772287565043568,6.104525666612386,1.171756034006551
1789317367583970300,7.45097021484375,-0.45817163801193234,3.725957044395804,1.297494948849827
1789317367593925000,7.460925048828125,-1.6483195802122355,0.8080407222151755,1.5727151809126139
1789317367603880200,7.470880126953125,0.44138416934013364,-4.834901452115178,-0.6948167863562703
1789317367613835300,7.480835205078125,3.684638361057639,-1.948955554690957,-1.0856973876446485
1789317367623790300,7.490790283203125,4.023222665658593,1.7336369797527789,-0.8547986739978194
1789317367633745200,7.5007451171875,2.665958746153116,1.177894609826803,-0.0919423706382513
1789317367643700500,7.510700439453125,-0.23072364934086798,-0.7173088964104652,0.547769564415887
1789317367653655300,7.5206552734375,-2.623131996339559,-5.371476764756441,0.0944260041475296
1789317367663610000,7.530610107421875,-0.8924854305744171,-0.04001812213361263,1.505207286567986
1789317367673565400,7.5405654296875,1.391941849654913,3.4531840593546628,2.716183205002546
1789317367683520300,7.550520263671875,0.11028349849283695,2.3039409589946267,0.7924635791812091
1789317367693475300,7.560475341796875,-1.0812649581551552,-1.0471832403331995,-1.9981533008411525
1789317367703430100,7.57043017578125,-0.37643501956760883,-1.4028718244701623,-2.1188418734923005
1789317367713385200,7.58038525390625,-1.7774106550276279,1.6504811421602963,-0.3556896070502698
1789317367723340300,7.59034033203125,1.2411603365570305,0.1804950988382101,1.5659215752497315
1789317367733295000,7.600295166015625,1.5328870283931493,-3.096230569848418,2.2167967824183403
1789317367743250400,7.61025048828125,0.785945210263133,-0.42848669384419913,2.34660638076663
1789317367753205500,7.62020556640625,0.2960387098163366,2.4143331785589455,1.018736898049712
1789317367763160600,7.63016064453125,-0.5230091441035271,2.1504572012007235,-1.904588589698076
1789317367773115400,7.640115478515625,-3.3643425773411986,-0.65204352029562,-2.4151897953882813
1789317367783070500,7.650070556640625,0.37861703978180883,-5.067012171900272,-0.5670606134064495
1789317367793025500,7.660025634765625,2.232706445342302,-2.7036142308086157,-0.15225713860839604
1789317367802980400,7.66998046875,2.2576631919443604,1.3316139299422503,0.8413537937521934
1789317367812934400,7.679934326171875,3.1071254733502864,5.899201831465959,0.6099012456148862
1789317367822889200,7.68988916015625,0.033661446583271026,-0.7399731481611729,-2.130904943990707
1789317367832844500,7.699844482421875,-3.5894290975779293,-5.263686252123117,-2.1586941375397144
1789317367842799400,7.70979931640625,2.0564865396052596,-3.4465281085968016,0.26557956640571356
1789317367852754400,7.71975439453125,-0.3703250122547149,-1.360281221500039,-0.10926051212064922
1789317367862709500,7.72970947265625,-2.156564285904169,4.955929631984233,-0.24003354867361484
1789317367872664600,7.73966455078125,-0.2353893030643463,-0.2979565261363983,-0.5444608051940798
1789317367882619400,7.749619384765625,-2.0670354061484337,-2.5248107383191583,-0.8263001631356776
1789317367892574500,7.759574462890625,2.6659727746784685,-2.1013848349958657,0.9159208858933299
1789317367902529500,7.769529541015625,4.267100980126857,-0.7520534620553254,0.8826175320327282
1789317367912484400,7.779484375,0.5384709171295166,0.4518763372600078,-0.564429607315734
1789317367922439400,7.789439453125,2.8407728767454623,-2.9287931055039165,-1.237637276997417
1789317367932394500,7.79939453125,2.3264257625252007,1.4961638561517,-0.35661139807030556
1789317367942349300,7.809349365234375,1.3773743951201438,2.826563734129071,0.023492300072684883
1789317367952304400,7.819304443359375,-2.608124981343746,1.0449415988862514,0.22504589596539734
1789317367962259500,7.829259521484375,-4.215793402215838,-1.281934245494008,0.4095557103376835
1789317367972214500,7.839214599609375,-5.419046909704804,-3.453297164340317,-0.3201128283649683
1789317367982169300,7.84916943359375,-4.588298096597194,6.290485460597276,1.5409583989068865
1789317367992124700,7.859124755859375,-1.1337386572360992,4.857382163992524,0.869556244277209
1789317368002079500,7.86907958984375,0.2610965757727623,-0.4037836297422647,0.07489077113755047
1789317368012034300,7.879034423828125,5.024109434241056,-3.306967077693343,-0.12491598108783364
1789317368021989400,7.8889892578125,6.606367519524693,-2.2695716564029453,-0.6200638893194497
1789317368031944400,7.8989443359375,2.0034177972406146,3.6074312027364965,0.8643401170641183
1789317368041899500,7.9088994140625,0.00419803621172905,2.693868497341871,-0.42662199595086275
1789317368051854300,7.918854248046875,-11.372160948622225,-1.0887985685303807,1.15774182944037
1789317368061809700,7.9288095703125,-2.5862550948411225,-6.456716471761465,4.0909412801444525
1789317368071764500,7.938764404296875,-0.8965911123275756,-0.6130228847667575,1.2381801517024635
1789317368081719300,7.94871923828125,-3.9341333463639017,4.85145861916244,-0.4422684778939932
1789317368091674400,7.95867431640625,5.186387323865294,4.298050245141983,0.33409992572851477
1789317368101629400,7.96862939453125,3.0848680488348004,-0.25463527080416676,-0.26254363277591763
1789317368111584500,7.97858447265625,1.2174614810615778,-4.005129959607124,-2.339709606990218
1789317368121539300,7.988539306640625,2.9553064338982105,-0.7577776849210262,-1.9994217133417724
1789317368131494400,7.998494384765625,2.2776778059691187,-1.1082459040611983,0.20496764211989937
1789317368141449500,8.008449462890624,0.013560323318839072,-0.5763479355812072,1.6621730412587523
1789317368151404300,8.018404296875,0.17867606671750544,0.9951774510249495,1.4514466164164244
1789317368161359600,8.028359619140625,-1.092130635562539,1.0977283094391226,-0.11045498260222375
1789317368171314400,8.038314453125,-3.5018612887620924,0.8145397288456558,-1.643703464718908
1789317368181269500,8.04826953125,-1.4856570751845837,0.9302823695272207,0.02418817338235676
1789317368191224300,8.058224365234375,0.12547989858090877,0.9660422496944665,0.03813070095181465
1789317368201179400,8.068179443359375,-0.09520224921703338,-2.88052036524415,-1.0490827172789723
1789317368211134500,8.078134521484374,1.79603819860816,-2.1564269232600926,0.9072400051791221
1789317368221089300,8.08808935546875,4.386798788174986,4.464173704278469,2.6400024671196936
1789317368231044600,8.098044677734375,2.5948417214006185,0.5597662186145782,1.258317807585001
1789317368240999400,8.10799951171875,0.8641594998002052,-1.5923650532782077,0.9385136798430234
1789317368250954500,8.11795458984375,-0.17211948468089103,-4.181542173045873,1.0102096004620194
1789317368260909600,8.12790966796875,-3.8694220970004793,-4.317133131274581,0.509068297034502
1789317368270864400,8.137864501953125,-2.7123797210663554,5.165335183486342,-0.06719459061175584
1789317368280819500,8.1478193359375,-3.833689689362049,-3.218248929798603,-0.8225178681179881
1789317368290774300,8.157774169921876,-0.27887422452569005,1.422986391738057,2.193178152552247
1789317368300729600,8.1677294921875,1.9330232415437698,-3.97930753608644,1.6287940648786723
1789317368310684400,8.177684326171875,0.9532979189336299,-0.6387544151335954,1.4451291038326919
1789317368320639500,8.187639404296876,3.113243079447746,3.7302871825546022,1.6618737660512328
1789317368330594600,8.197594482421875,0.286942380169034,-4.398969702962041,-0.2556242087762803
1789317368340549400,8.20754931640625,2.220226318475604,-0.7338169636189937,0.08086721519865095
1789317368350504400,8.21750439453125,2.9937212124884125,-2.617207866987586,0.22847462830506263
1789317368360458500,8.22745849609375,0.9378186102509498,3.2275486730635166,0.8705628640364855
1789317368370413600,8.23741357421875,-4.8676451993316405,-0.31656974893063305,-0.06303652108423412
1789317368380368400,8.247368408203124,-4.321015525665879,-3.28429464263618,-0.3527409133125096
1789317368390323500,8.257323486328126,-2.62624515992403,2.4823382087707517,1.5618854516014455
1789317368400278300,8.2672783203125,2.1823843713372946,-0.7584060459524392,1.5210126123346388
1789317368410233600,8.277233642578125,1.8021137191295622,3.333079424071312,2.3039710618719456
1789317368420188400,8.2871884765625,1.570599796193838,0.39881519367992874,-0.39961050877608356
1789317368430143200,8.297143310546875,-1.2670154933035374,0.9073416389226913,-2.51568810518682
1789317368440098600,8.3070986328125,0.40067923398613925,0.8931108689963817,-1.420660871399939
1789317368450053400,8.317053466796875,-2.1414263380050658,0.2384697334229946,0.3000321633666754
1789317368460008400,8.327008544921876,-0.22461539559364319,-1.1502657214060426,1.2122861242502927
1789317368469963500,8.336963623046875,-0.22130992430746554,-0.9970330157637596,1.5034377926774323
1789317368479918600,8.346918701171875,-0.24358196187019346,3.6311961092054843,2.052291426002979
1789317368489873400,8.356873291015624,0.7982090640306473,3.9601054074883457,1.2607345133379102
1789317368499828200,8.366828125,-2.246896298736334,-2.187712872883677,-1.8114999716341496
1789317368509783600,8.376783447265625,-2.4399340682834385,-4.22172162322104,-1.9566389488004148
1789317368519738400,8.38673828125,0.20368717385530472,-1.1556582280993462,0.46798276486508544
1789317368529693400,8.396693359375,-0.3702320732742548,1.550405441688001,0.46936808174364264
1789317368539648500,8.4066484375,0.2544821260690689,0.31781857994794843,0.1331403502061963
1789317368549603600,8.416603515625,0.6537947478771209,2.2360826437771317,0.5009976571731269
1789317368559558400,8.426558349609374,0.8378565992861986,-0.9366758699566126,-0.2437177901443094
1789317368569513500,8.436513427734376,-0.10323942520022392,-1.989726541018486,-0.16261756990738213
1789317368579468500,8.446468505859375,0.03973579806089401,0.9809411281406879,0.323598186262697
1789317368589423400,8.45642333984375,-2.1879940279126164,0.31896015119850635,0.4762346795774996
1789317368599378400,8.46637841796875,-0.10647183125019073,0.13986673585176468,0.19867979402206837
1789317368609333500,8.47633349609375,1.295798520195484,-2.751438058257103,0.36955534305647014
1789317368619288300,8.486288330078125,3.1618425674438475,0.5760761329025029,0.15896474648825823
1789317368629243400,8.496243408203124,0.15661445703506469,1.2024112114459276,-1.2430008498571812
1789317368639198500,8.506198486328126,0.13027239355444908,-1.8664461983084677,-1.8681454034417866
1789317368649153500,8.516153564453125,0.4323188193529844,-1.8252151932537555,-0.5314674681082368
1789317368659108400,8.5261083984375,0.9869278013348579,-2.4552660774499175,0.05962539746649563
1789317368669063400,8.5360634765625,0.11127426309585571,2.7086890498548746,0.03666559683531523
1789317368679018500,8.5460185546875,-1.950197663706541,0.434414038066566,-1.1079646029017864
1789317368688973300,8.555973388671875,-1.488659179610014,0.40406741511970756,-1.2649844258673488
1789317368698928400,8.565928466796874,-0.38419747026264667,-0.7810510084807872,-0.4669721995830536
1789317368708883500,8.575883544921876,0.6609662469416856,-1.7547545865833758,-0.4344730017121881
1789317368718838500,8.585838623046875,2.190242683622241,2.225687506490946,-0.9373325802996754
1789317368728793300,8.59579345703125,2.533843355080485,-2.380920738300681,-1.2623656216710806
1789317368738748700,8.605748779296874,2.4876573579668997,-0.09246610225141048,-1.339114368700236
1789317368748703500,8.615703369140626,1.449234931716323,-0.9434007942974567,-1.9538632004767655
1789317368758659300,8.625659423828125,-1.1629361101478337,-1.7956816402554512,-1.385068310623616
1789317368768614400,8.635614501953125,-0.8867951099783181,1.250443713209033,0.03142762311659753
1789317368778569200,8.6455693359375,-2.5715029313892126,-4.267814681354165,0.05639503724314272
1789317368788524300,8.655524169921875,0.5953302839487791,2.3150345999389885,1.3208679333917797
1789317368798479400,8.665479248046875,1.963588475677371,0.9266372910231351,0.5742090969216078
1789317368808434200,8.67543408203125,-0.13227788815796374,0.06875906344950199,-1.5040813512779772
1789317368818389200,8.68538916015625,1.8749808024197816,1.7325784106105564,-1.9736156564339995
1789317368828344300,8.69534423828125,-1.359462890854478,-4.4041146646350615,-1.9162106384307145
1789317368838299400,8.70529931640625,0.11613982330560683,-0.854256529945135,0.15749102067388593
1789317368848254200,8.715254150390624,0.6998422133028507,-0.41956864337325095,1.8675166040189564
1789317368858209300,8.725209228515626,-0.9783733234792947,3.668122110542655,1.8612557900585234
1789317368868164400,8.735164306640625,-1.5962620607167481,3.187877172410488,-0.11862082646638154
1789317368878119200,8.745119140625,-3.728670979529619,-0.7049398287028074,-2.271342027076334
1789317368888073200,8.7550732421875,-0.47964755676090715,0.773854374974966,-0.4327308342199772
1789317368898029300,8.765029296875,0.5314192450523376,-2.1477309911072253,0.5599328073531389
1789317368907983400,8.7749833984375,0.5550491269648075,1.2490081274479627,0.8355335631661116
1789317368917938200,8.784938232421876,2.549175948768854,0.422955363202095,0.9219432149227708
1789317368927893200,8.794893310546875,1.0189812281996011,2.6443647539824244,0.16529102690033615
1789317368937848300,8.804848388671875,0.4831096799135208,0.9757035197481513,-1.138408987134695
1789317368947803100,8.81480322265625,-3.0726264068990945,-3.0493273643761873,-1.7948475275188684
1789317368957758200,8.82475830078125,-1.7387439475029707,0.25420301686674357,0.5632195374062284
1789317368967713300,8.83471337890625,-2.4608307258397337,1.251376025623083,1.7975046178989111
1789317368977668400,8.84466845703125,-1.975654761046171,2.9119501072525975,1.467257349010557
1789317368987623200,8.854623046875,1.315703828626871,2.375241523620486,1.382325587786734
1789317368997578500,8.86457861328125,1.9623679939717054,0.14591069219112396,-0.6673524408474564
1789317369007533300,8.874533203125,2.7149107008486983,-1.3419102830290794,-2.0415441142782567
1789317369017488100,8.884488037109374,3.70697878768146,-1.7418682170033455,-2.0526194889135656
1789317369027443200,8.894443115234376,1.787752016299963,0.687075670710206,-1.4484570792116225
1789317369037398300,8.904398193359375,0.09867956993877887,-1.6585691715478896,-1.7676358415968716
1789317369047353300,8.914353271484375,-1.7502677965581417,-1.0441934108674527,-0.5126992008827627
1789317369057308200,8.92430810546875,-1.2029483870625495,-0.7007388698816299,1.889630820671469
1789317369067263500,8.934263427734376,-0.38731706358790396,0.8763716233804821,1.6966447813116012
1789317369077218300,8.94421826171875,-2.978745177152753,0.050879123365879055,-0.8536257577609271
1789317369087173000,8.954173095703124,-0.7805857290565967,0.3813818283200264,-1.6689225155189633
1789317369097128400,8.96412841796875,0.6889806275486946,3.1649066311895844,-0.8062266585305332
1789317369107083300,8.974083251953125,1.132616375207901,-0.5917243684113025,-0.8405643969401717
1789317369117038300,8.984038330078125,0.740310417291522,-1.694814789405465,0.06344700158126652
1789317369126993200,8.9939931640625,1.7406471507757901,-2.1611592124789953,1.7047867328435182
1789317369136948200,9.0039482421875,0.7054547924876212,-3.152106770849228,2.631756616821885
1789317369146903300,9.0139033203125,1.4083096316099166,4.0215000796496865,2.1678259768918156
1789317369156858000,9.023858154296875,-0.7663865233123301,1.3901467829316854,-0.4119210512295365
1789317369166813400,9.0338134765625,-3.960114759838581,-0.9079752606511116,-1.060120609448105
1789317369176768300,9.043768310546875,-2.5015701479852197,-3.917546953222155,0.3673045319223776
1789317369186723300,9.053723388671875,-2.1471634203523395,-3.065165569499135,0.9797617090977728
1789317369196678100,9.06367822265625,-0.12433715828657149,3.7819945734381673,1.7669348537206648
1789317369206633200,9.07363330078125,2.981028904175758,-0.17949498188495636,1.6888249013409018
1789317369216588300,9.08358837890625,4.0391000337481495,-0.7540630483120679,1.5674354869440197
1789317369226543000,9.093543212890625,3.5432419314205643,-2.7816297829031944,0.04495977978687733
1789317369236498400,9.10349853515625,2.250050963374972,-1.7991683133274317,-0.5064632291026413
1789317369246453200,9.113453369140625,-1.2758160548746584,0.8061632379055023,-0.5006009129405021
1789317369256408300,9.123408203125,-0.937909795665741,-1.855447834432125,-0.6330261006146669
1789317369266363400,9.13336328125,-1.8261404914051294,-2.097989347338676,1.113827357455343
1789317369276318200,9.143318115234376,1.8133850547283887,-0.7468669993281364,1.018909478137642
1789317369286273300,9.153273193359375,-1.0104688359200953,3.07507789170444,0.773397571118176
1789317369296228000,9.16322802734375,0.5530903941124677,3.8690187768965956,-0.6388064375817776
1789317369306183400,9.173183349609374,-1.9956874952495096,-2.898351790010929,-2.1368976085342464
1789317369316138200,9.18313818359375,-0.28813714291155335,-0.603700637409091,-1.5061365302421152
1789317369326093300,9.19309326171875,0.5623293471008539,0.5532715958982706,-1.3138066167034208
1789317369336048400,9.20304833984375,0.921732567846775,2.1636071901530025,-0.8263347229924053
1789317369346003200,9.213003173828126,0.6540472613334656,0.4149322157442569,-0.09394717112202197
1789317369355958300,9.222958251953125,-1.7450480160832404,0.2897948469907045,0.4292046693878248
1789317369365913300,9.232913330078125,-2.5850784522771835,0.6659422817885875,-0.40986733357012267
1789317369375868400,9.242868408203124,-4.778619592922926,0.4802715338781476,-0.7255252283528447
1789317369385823200,9.2528232421875,0.661700406435132,0.34241643010973927,1.0772885288048535
1789317369395778300,9.2627783203125,1.3962076904058456,0.031708558949828144,0.5444650795103981
1789317369405732400,9.272732421875,0.8711071269810199,0.4974766434401273,-1.053071348523721
1789317369415688200,9.282688232421876,3.1147955695867537,0.7802285861819982,-1.7144314901538191
1789317369425642200,9.292642333984375,1.3852823917657135,2.9524954681307074,-1.5790215875804423
1789317369435597000,9.30259716796875,-1.748586711603403,-0.8749167483970522,-1.8151722304061053
1789317369445552400,9.312552490234374,-3.3405706566095352,-4.104438475099205,0.2656749165389687
1789317369455507200,9.322507080078125,0.8895347640752792,-1.4369152561083436,2.7161247528135775
1789317369465462300,9.332462158203125,1.0589408981442452,1.7514473617315292,2.543060388498008
1789317369475417300,9.342417236328124,-0.31023557747304437,5.489602208921313,0.40519758819341656
1789317369485372400,9.352372314453126,-0.2738485053181648,1.6366156984150408,-2.648934838376939
1789317369495327200,9.3623271484375,-2.9594132846951484,-1.663743943837285,-2.944347817510366
1789317369505282000,9.372281982421875,-1.276397069633007,-4.459420956793427,-0.5930862678816542
1789317369515237400,9.3822373046875,1.0052730208426712,-1.1807160969883204,1.1886661792099475
1789317369525192200,9.392192138671875,2.0939123071581123,0.6507564030945301,1.9148840660020707
1789317369535147300,9.402147216796875,4.899755324819684,-1.2160434309571981,1.7812293365329503
1789317369545102300,9.412102294921874,5.165801631954312,0.41001755569577214,-0.10942030579224228
1789317369555057400,9.422057373046876,2.8474241513282057,3.0920781263440844,-2.977478225956857
1789317369565012200,9.43201220703125,-2.1936562914580104,-0.8799591264784336,-4.549965735593438
1789317369574967300,9.44196728515625,-3.835159177392721,-3.549690084646642,-3.2869054096564647
1789317369584922400,9.45192236328125,-6.099041682243347,-6.499412288671731,-0.6098349389130249
1789317369594877200,9.461877197265625,-0.8425748599797487,4.473654064807295,2.1735592598468063
1789317369604832300,9.471832275390625,-1.065481698089838,7.178737783646583,1.6855001408323644
1789317369614787300,9.481787353515625,-0.43774552057683463,1.4015437907367945,-1.0075126164630055
1789317369624742100,9.4917421875,0.5909995612680912,-4.968196992883086,-2.4705837658300993
1789317369634697200,9.501697265625,2.6840134582817554,-6.6051534675598145,-2.0056410262480378
1789317369644652300,9.51165234375,5.0503217338621615,2.8787065938204526,-0.6659669778384268
1789317369654607400,9.521607421875,2.1305214976310727,-0.02123275764286518,-1.492206350697577
1789317369664562200,9.531562255859376,1.1968424714028834,-0.21185352917611597,-1.2220686825960874
1789317369674517500,9.541517578125,-1.877908088043332,-3.516755783294141,0.5013023757407441
1789317369684472300,9.551472412109375,-1.78993929721117,-3.7088770225182173,1.3700199407041072
1789317369694427100,9.56142724609375,-0.07746259438693523,3.6436987401649352,1.4590252349771557
1789317369704382200,9.57138232421875,-3.269338481044769,0.02499766313433647,-1.3317927936404943
1789317369714337300,9.581337158203125,-1.287958328089118,0.5675830298453569,-2.41988262937963
1789317369724292400,9.591292236328124,0.004497311419248581,-1.0374813460081815,-2.148016530050337
1789317369734247200,9.6012470703125,0.5744271966516972,0.9425655125170945,-1.4663492942549288
1789317369744202500,9.611202392578125,2.8493741163522004,0.8613497030764817,-0.006299246274679899
1789317369754156500,9.621156494140624,0.9243114784240722,-2.8377497295320033,0.5037716153984889
1789317369764112000,9.63111181640625,0.5489338589549064,-0.6176537594377994,1.167744533342868
1789317369774066700,9.641066650390625,-0.8703390652179718,1.5040128160864115,0.18189824363440274
1789317369784021500,9.651021484375,-3.6020845810115336,5.421392011526227,-1.6132476823091506
1789317369793976600,9.6609765625,-7.0820333131730555,2.0230717612594367,-1.1882412317961453
1789317369803931600,9.670931640625,-2.511765963307023,-1.3842416505411266,0.9806300163649022
1789317369813886700,9.68088671875,1.3445002995222806,-6.243600375303625,-0.037967546279355883
1789317369823841500,9.690841552734375,4.576452175980806,-0.6719418144643307,1.935422265509516
1789317369833796900,9.700796875,7.785592501172423,8.286507302367687,3.1906554049521683
1789317369843751700,9.710751708984375,4.515457316792011,2.9887200432002543,-1.017800420917198
1789317369853706500,9.72070654296875,-7.37977356621027,-3.151296623510122,-2.826189347858727
1789317369863661800,9.730661865234374,-2.7980320516496895,-5.654869928011298,0.36982078905962407
1789317369873615600,9.74061572265625,-2.786152813285589,-2.7387060024559498,1.5245025002770125
1789317369883570700,9.75057080078125,-3.97378672683835,2.7947324255824086,1.695210218463838
1789317369893525500,9.760525390625,2.8528800786465407,3.9590766489624976,2.461328738489747
1789317369903480800,9.770480712890626,1.6122703617095946,3.4386721343994138,1.7099767027020454
1789317369913435600,9.780435546875,-1.0987561911821364,-0.6771522425889969,-2.015534059230983
1789317369923390700,9.790390625,0.7821043169260025,-3.4760078855812546,-3.0050398943603036
1789317369933345500,9.800345458984374,3.8532197347402573,-5.335360326236486,-0.4714125931832939
1789317369943300600,9.810300537109375,5.8464399630934,-1.8113912505626677,1.0691090217415242
1789317369953255700,9.820255615234375,0.5563280608594418,6.392336646309494,2.2449586086720226
1789317369963210500,9.83021044921875,1.9431933379024267,3.8826188477039336,-0.1809689999602735
1789317369973165800,9.840165771484376,-8.064979935917258,-1.1356973900884388,-0.27896197587437926
1789317369983120600,9.85012060546875,-3.7725966304957863,-7.328219904583692,0.9948234499555081
1789317369993075700,9.86007568359375,-3.7523008614420887,1.0004974770039319,0.3593809358488768
1789317370003030500,9.870030517578124,-3.414032783183455,3.4582261451750993,-0.8271038807339965
1789317370012985600,9.879985595703126,3.9037814627200365,-0.24819851575493812,1.2459598457932473
1789317370022940700,9.889940673828125,3.435872859069705,1.5255723214656114,3.931272111713886
1789317370032895500,9.8998955078125,5.08214193649292,-2.159468190652132,1.7686966026961803
1789317370042850800,9.909850830078126,6.241257611569762,0.09110182816088198,1.1067821881841868
1789317370052805600,9.9198056640625,2.9955624564409256,-3.0021096861273047,1.261812663963437
1789317370062760700,9.9297607421875,-3.4037118801772595,-1.5781033036917447,0.4990708538290113
1789317370072715800,9.9397158203125,-0.8591092306733131,0.0853717600762844,-0.6845490748420358
1789317370082670600,9.949670654296876,-6.520370905548334,-2.043479758515954,-0.4469022751744836
1789317370092625700,9.959625732421875,-1.2799457020252942,4.447502555462718,1.4373799510106444
1789317370102580500,9.96958056640625,-3.9216502968877553,-0.2897764345511794,0.20932386456802485
1789317370112535800,9.979535888671874,-2.0735645156562326,-0.7696925791203976,-0.18632731212303041
1789317370122490600,9.98949072265625,1.4107938496410846,-2.5147633915573357,0.5882184061169624
1789317370132445700,9.99944580078125,1.9786445905119179,-0.5335340452492237,0.31431561332829294
1789317370142400800,10.00940087890625,5.2172869045197965,1.7135650825828312,-0.3151362089961767
1789317370152355600,10.01935546875,5.82327594512701,-3.3684102651715278,-0.863009526047483
1789317370162310700,10.029310546875,5.8207478879541155,-0.5961188039779662,-0.3863357974655926
1789317370172265700,10.039265625,-3.981431104111671,-4.325076199233532,-1.5194824801579117
1789317370182220800,10.049220703125,-1.7463497463315725,1.798445552010834,-1.3313881583623588
1789317370192175600,10.059175537109375,-4.035347403216361,5.613175981619953,1.1772342462219296
1789317370202130400,10.06913037109375,-5.24544098585844,-0.7691632945492863,1.7285114534325896
1789317370212085800,10.079085693359374,-1.9795944385826587,2.1300354676797983,0.5788611605111509
1789317370222040600,10.08904052734375,-5.528950468969345,0.2726169176965952,-1.0843085636347531
1789317370231995600,10.09899560546875,0.1031879872739315,6.122407944783568,-0.6429132153134792
1789317370241950700,10.10895068359375,-0.24507132364511489,-0.6171832193166017,-0.2654416192397475
1789317370251905800,10.11890576171875,2.4945710828781125,-1.2236205882132052,0.2696008578110486
1789317370261860600,10.128860595703125,3.744138013252616,-1.7203478745907543,0.9491800352860241
1789317370271815400,10.1388154296875,5.912657525366544,-2.3660762203902004,1.6481144130289553
1789317370281769700,10.148769775390624,4.252928077867627,2.8996517666935917,1.4664663447633384
1789317370291724800,10.158724853515626,-5.1448570436030625,0.7790086889982223,-1.7517337774574755
1789317370301679600,10.1686796875,-4.118052574431896,-1.1553995771631598,-3.0683553054511545
1789317370311634400,10.178634521484375,-4.971017895522714,-4.699735441300272,1.034958476467058
1789317370321589800,10.18858984375,3.5383833854734896,-2.6711393636614083,1.2967603509649634
1789317370331544600,10.198544677734375,-1.4994938773572444,3.2580338276982306,0.4222176235120743
1789317370341499600,10.208499755859375,3.125401719275117,4.396457427880168,0.4327408441573381
1789317370351454700,10.218454833984374,3.470415764662623,4.116803451153635,0.4290641284059733
1789317370361409800,10.228409912109376,-0.968532897466421,0.029370471391081808,0.2817508028753102
1789317370371364600,10.238364501953125,0.5583551827728748,-1.898296503816545,0.7607341235738247
1789317370381319700,10.248319580078125,-5.092272869884967,-3.7055253740027543,-0.405646208743751
1789317370391274800,10.258274658203124,-5.232754522764682,-1.2648095076918602,-1.1124607452772557
1789317370401229600,10.2682294921875,-2.2552111226171254,3.4928105518221852,1.4400190673425792
1789317370411184600,10.2781845703125,1.1376362491965293,-2.053716490370035,1.0739301582876593
1789317370421139700,10.2881396484375,3.0450761366724968,-2.2176193508476016,0.23806071423068642
1789317370431094500,10.298094482421876,5.030407657602429,-3.2305005086064336,0.0827159118052572
1789317370441049600,10.308049560546875,3.0967636538118124,2.322148815858364,0.729799252410233
1789317370451004700,10.318004638671875,0.7963070298016071,-0.7051870814621448,-2.251841646184027
1789317370460959700,10.327959716796874,1.6398066034108398,0.7385469147503375,-2.4607363255545494
1789317370470914600,10.33791455078125,-3.2134213635116815,-2.211566918940842,-1.160806477707997
1789317370480870000,10.347869873046875,-2.1552409283459184,0.05756196213066578,0.1104094629600644
1789317370490824700,10.35782470703125,-3.0925948436945676,4.044419767466187,1.419225724030286
1789317370500779500,10.367779541015626,-4.322040192538499,1.097151094073057,0.4880533468607813
1789317370510734600,10.377734619140625,-3.6000913613677024,-0.4511415932446718,-0.18298443143591284
1789317370520689700,10.387689697265625,1.377010237982869,-4.629313997596502,-0.5746367477491497
1789317370530644700,10.397644775390624,4.863927055591344,-1.2866980988949537,-0.5057558114856481
1789317370540599600,10.407599609375,9.262588130995631,3.377493735337257,-0.9335008201170713
1789317370550555000,10.417554931640625,7.170291442340612,-4.705817976084352,-2.321450166069716
1789317370560509700,10.427509765625,1.4221756598770618,-0.8692109379708767,-1.5688853934913873
1789317370570464500,10.437464599609376,0.5685568433135748,-1.7007348271042106,-2.0458260293811557
1789317370580419600,10.447419677734375,-7.749954786080122,-0.34031799652576444,-0.10867628249190747
1789317370590374700,10.457374755859375,-4.257992960041761,2.012507697147131,2.630629950879514
1789317370600329700,10.467329833984374,-5.441840340793132,-1.0207654812678695,1.2220368261530994
1789317370610284500,10.477284423828126,-4.813340193170308,0.3570984509348869,-0.7987267312292009
1789317370620239600,10.487239501953125,3.9846155793666838,-0.881127585735917,-0.22770700493343174
1789317370630194700,10.497194580078125,5.666612388253212,5.577662185168266,0.8827905505120753
1789317370640149500,10.5071494140625,3.8712966587007043,0.3934188875943422,-2.209974389052391
1789317370650103600,10.517103515625,0.7156143674522638,-5.946441721546649,-3.1990029620587825
1789317370660058600,10.52705859375,2.513011579453945,-3.52256680766046,0.5741754869129508
1789317370670013700,10.537013671875,2.513261754822731,1.0428308903425931,2.5468343540787695
1789317370679968500,10.546968505859375,-5.332009262242913,5.05140660648942,2.4735820708632468
1789317370689923800,10.556923828125,-4.410252144476771,2.4741622088387607,-0.11615977011509239
1789317370699878700,10.566878662109374,-6.7968637878954405,-1.2128303141295909,-0.013040098837018012
1789317370709833700,10.576833740234376,-1.1317594661176205,0.9829097978651523,1.4104630102515219
1789317370719788500,10.58678857421875,-1.2121896781384944,1.2518605942696333,-0.4231793081510812
1789317370729743600,10.59674365234375,1.0423860691845417,2.212305462348461,-0.39781208105199034
1789317370739698700,10.60669873046875,3.8277094459086656,1.109003444430232,1.4060710589028893
1789317370749653500,10.616653564453125,1.787044744813442,-2.004883778139949,1.5707035488292573
1789317370759608800,10.62660888671875,3.675632047781348,1.126387125429511,1.1110399186939
1789317370769563600,10.636563720703125,0.9493862984478473,0.415901937559247,0.7209405309110879
1789317370779518700,10.646518798828126,-3.039350160241127,-2.197977077266574,-0.1849669104900211
1789317370789473800,10.656473876953125,-3.8046892203271385,-1.258866089117527,-0.4149938828036189
1789317370799428600,10.6664287109375,-3.7411359088271854,1.769590336665511,0.2889430524669587
1789317370809383700,10.6763837890625,-0.44612464186549183,-1.497545665898919,0.7132453732986003
1789317370819338500,10.68633837890625,3.359783891123533,-1.3752771305799483,1.3584452382445336
1789317370829293800,10.6962939453125,6.115220663627982,-0.08332067276537418,0.539616799229011
1789317370839248600,10.70624853515625,7.306893623438477,2.8905887547940012,-0.006431275156512856
1789317370849203700,10.71620361328125,5.275729741138219,1.7309125232249498,-1.7308001488916576
1789317370859158800,10.72615869140625,-1.408333012485504,-0.34280104551315305,-3.4018308887362476
1789317370869113600,10.736113525390625,-6.7150283852517605,-1.8071636959955095,-1.232033465640992
1789317370879068700,10.746068603515624,-3.557673776876926,-3.103590577222407,2.605512460757792
1789317370889023500,10.7560234375,-2.8357155933558937,0.7402239080518483,2.2201628978505727
1789317370898978800,10.765978759765625,-2.616182031071186,2.1629320673704147,0.5889795266825706
1789317370908933600,10.77593359375,2.0009733266979457,2.683085822042823,0.8179414270479232
1789317370918888400,10.785888427734376,4.237102147704363,0.06761983028650283,0.07353599552772938
1789317370928843800,10.79584375,1.900077249753475,-2.076320536366105,-1.0896572311863302
1789317370938798600,10.805798583984375,1.1094564488947392,-1.076011859932542,-0.16718268586583435
1789317370948753700,10.815753662109374,-0.026330373042821882,-3.7960786283701657,0.882262215789035
1789317370958708700,10.825708740234376,-2.4345307479351757,-2.311854216337204,2.771294559110701
1789317370968663800,10.835663818359375,-0.45321313882172104,0.048695934107899665,2.966400659364462
1789317370978618600,10.84561865234375,-0.8183937739253043,2.6800974538818,1.3974667505562304
1789317370988572700,10.85557275390625,-2.585291802766919,3.2304511165067553,0.17135938702858983
1789317370998528800,10.86552880859375,-3.505701597577333,-3.063562810477614,-0.4295676940139383
1789317371008482800,10.87548291015625,0.5615314747214317,-2.1114538090676067,0.3909130422532558
1789317371018437600,10.885437744140624,2.962951980215311,-4.627617130550742,1.4655929229296742
1789317371028392400,10.895392333984375,5.851156470221281,4.781010871973633,2.8917455236136913
1789317371038347800,10.90534765625,5.801239469885826,3.8854350741684436,0.7765355038177222
1789317371048302600,10.915302490234374,-3.4170296269118783,-2.6198586737573146,-1.2692594728380442
1789317371058257700,10.925257568359376,-4.836201428797841,-2.1583295420110225,-1.5517328908994792
1789317371068212700,10.935212646484375,-4.821285599216819,-4.452625305303931,0.5119297508802264
1789317371078167600,10.94516748046875,-2.581733233502507,2.8914634918019173,1.5441580717310308
1789317371088122600,10.95512255859375,0.161817286375165,1.5338041432380676,0.6558636631056666
1789317371098077400,10.965077392578126,3.589916588833928,0.8258739005476236,1.5688351246088743
1789317371108032800,10.97503271484375,6.47923576208353,4.074157903125882,1.042458257637918
1789317371117987600,10.984987548828125,0.6356114409327507,0.6962818904727697,-1.5319728361576794
1789317371127942700,10.994942626953126,-1.3214502633243799,-3.5305168898820876,-3.239715203936398
1789317371137897700,11.004897705078125,1.2042489482671022,-5.042345348155498,-0.6045176528804004
1789317371147852500,11.0148525390625,-0.9501058448940515,1.660356931747496,2.7660230484485626
1789317371157807600,11.0248076171875,0.43278702138662334,7.560847926241159,2.1434636890515684
1789317371167762700,11.0347626953125,-4.315882838952541,4.611012617230415,0.4909447574533522
1789317371177717800,11.0447177734375,-7.208642508044838,-3.4431618470340966,-0.7992531662560999
1789317371187672600,11.054672607421875,-4.4359529874444,-3.710266723310947,1.6762017127417026
1789317371197627600,11.064627685546874,0.37704350685477256,0.8680044847905636,1.3470038067758083
1789317371207582700,11.074582763671875,0.41805590072274207,0.9811024561822413,-1.1235203378215433
1789317371217537500,11.08453759765625,3.0996833406507966,-0.16856676063537596,-0.3048896864004433
1789317371227492600,11.09449267578125,3.3206308613866566,-1.2686872259080408,0.11708236485272645
1789317371237447700,11.10444775390625,3.3383576567351816,-1.5023159490406512,-0.6690381289120764
1789317371247402800,11.11440283203125,4.444573516273498,-2.5001965215444564,-1.0821914984155445
1789317371257357600,11.124357666015625,6.211165255644917,-0.045727731952071186,-0.0920828020222485
1789317371267312600,11.134312744140624,1.3412760767787695,0.8481108667969703,0.3631579701695591
1789317371277267700,11.144267822265626,-4.4191982519984245,0.17306524109840393,-1.956643186584115
1789317371287222500,11.154222412109375,-6.386392643213272,1.999547385548055,-1.0848265961594878
1789317371297177600,11.164177490234374,-6.4629603345870965,-0.7548547832116485,2.5326170281559226
1789317371307132700,11.174132568359376,-0.7064759522289037,0.6116358143225312,1.1747725322835147
1789317371317087700,11.184087646484375,-2.71367735966146,-0.5816600705146789,0.06981887470073997
1789317371327042600,11.19404248046875,4.284252021414042,0.10967793381512164,1.0128606264274567
1789317371336997600,11.20399755859375,4.317040192294121,4.944927176454663,0.3780808870784938
1789317371346951700,11.21395166015625,0.29933833588361736,-0.9688765963375567,-3.26850699865669
1789317371356906800,11.22390673828125,2.95672448400259,-3.811007317432761,-2.579772454823553
1789317371366861600,11.233861572265624,1.6312316672891378,-6.826876648843288,-0.3232224117528647
1789317371376816600,11.243816650390626,1.9293109430223703,-4.313722738309204,1.0028501045446843
1789317371386771700,11.253771728515625,-1.108589018410444,8.158204163059592,1.9921125593721865
1789317371396726500,11.2637265625,-0.9229594792932272,4.02710739813745,-1.7669132264107466
1789317371406681600,11.273681640625,-6.730827427408099,1.1070298062697053,-3.3344594802528618
1789317371416636700,11.28363671875,-1.6128578062087295,-5.479493487361073,-1.3111214692726731
1789317371426591700,11.293591796875,3.022096827623248,-2.5757547436147927,-0.5345400804866105
1789317371436546600,11.303546630859374,-0.24607787033915518,4.300930769014358,-1.9164944238081574
1789317371446501600,11.313501708984376,1.5188111567676066,1.8028461250573395,-2.608981305912137
1789317371456456700,11.323456787109375,2.0462205816566943,1.2885229762345551,-0.5222275652717798
1789317371466411500,11.33341162109375,0.6224608674585819,-6.283562383335829,-0.3587531593393534
1789317371476366800,11.343366943359374,4.371894064509869,-3.491679209704697,-0.4864068948280066
1789317371486321700,11.35332177734375,1.204249532788992,2.466014850479364,0.36822869756259025
1789317371496276700,11.36327685546875,-8.585806475284695,1.2772002027094362,-1.9856340110078452
1789317371506231600,11.3732314453125,-0.05990998656153679,-0.7551227864980697,-2.177071944142878
1789317371516186600,11.3831865234375,-5.3334220516502855,-3.004360679924488,1.8924563994862138
1789317371526141700,11.3931416015625,5.177949750387668,-1.0327315211325883,2.3461469465613365
1789317371536096500,11.403096435546875,6.251680805906653,1.8816899446696043,1.0246630001630634
1789317371546051800,11.4130517578125,-5.690949541652202,1.1596668792188167,-0.6711258949715644
1789317371556006700,11.423006591796875,4.779866962635517,2.7400679384589193,-1.5722105923913419
1789317371565961500,11.43296142578125,-1.1742922014206647,0.7875947310358286,0.6874719765514135
1789317371575916800,11.442916748046875,-2.228355848917365,-1.7938824818789958,0.8188471437159925
1789317371585871600,11.45287158203125,-1.629468749269843,-0.37936376649588344,0.9450158282786607
1789317371595826700,11.46282666015625,-7.2622180308878415,0.5484183106482029,0.7551350614577531
1789317371605781500,11.472781494140625,-0.6684948888808488,2.2091630726695057,0.8367158317532389
1789317371615736800,11.48273681640625,-0.5575982269257307,0.3815542622774839,1.0996118581634013
1789317371625691600,11.492691650390626,3.6215684491604563,-0.4499515066772699,-0.13316416947320103
1789317371635646500,11.502646484375,3.436320602837205,1.73581724640131,-0.6933087198808788
1789317371645601800,11.512601806640625,1.2482231145501137,-0.7631652231782674,-0.6206318254005163
1789317371655555800,11.522555908203126,1.1169324838638306,-2.0401403849601745,0.19151297113262117
1789317371665510700,11.5325107421875,-1.2221312264382838,1.9277321493983268,1.4902641305886208
1789317371675465500,11.542465576171875,-2.621366740232706,-0.8881757506817579,0.9729556092794984
1789317371685420800,11.5524208984375,-2.5948931593269107,2.656604057830572,1.3948890090227126
1789317371695375600,11.562375732421875,-1.5476631572425366,-1.080811953690648,-0.6114840578269213
1789317371705330700,11.57233056640625,-1.1835603805035353,-4.094122832790017,-2.2697695170626044
1789317371715285500,11.582285400390624,4.522908217319846,1.4212217201530932,-0.48782969417273997
1789317371725240800,11.59224072265625,4.259225132185221,3.9382892969995735,-0.6724645962294191
1789317371735195600,11.602195556640625,2.2718705809950825,3.709263683748245,-2.5142209552437067
1789317371745150500,11.612150390625,-2.7348697852939368,-5.32864007807076,-2.5940754132032393
1789317371755106000,11.62210595703125,-3.374538392663002,-5.83049362142086,-0.0755619849300012
1789317371765061000,11.63206103515625,0.00931143370270729,-1.38575526997447,1.4780546373568475
1789317371775016200,11.64201611328125,0.3014472908616066,3.2035873672395945,1.9695811402209102
1789317371784971000,11.651970947265625,1.8288894978523254,10.340101043140887,1.131780801166594
1789317371794925800,11.66192578125,-3.5647564286142583,-0.04558277052342891,-2.8813433720648285
1789317371804881200,11.671881103515625,-4.781308978137374,-4.995728558409214,-1.6190820875510572
1789317371814836000,11.6818359375,0.9474334108144045,-4.1296570875078435,1.671061865635216
1789317371824791000,11.691791015625,0.37571781120896336,-0.5858300496757031,2.444396308389306
1789317371834746000,11.70174609375,2.4776468360841273,3.360557798105478,2.3533082164928314
1789317371844701000,11.711700927734375,3.3653964703083035,-1.729727697354555,2.1760119136959313
1789317371854656000,11.721656005859375,2.90483998298645,-0.9654232410132885,1.3880109399467706
1789317371864610800,11.73161083984375,2.3610884951055047,-4.159595129653812,-1.2523799419686197
1789317371874566100,11.741566162109375,-1.1033552094101906,0.5341998156815767,-1.0574399920620023
1789317371884521000,11.75152099609375,-3.2907629618674514,1.331940677678585,-1.4195786291211843
1789317371894476000,11.76147607421875,-4.0387791312307115,-1.886300653335452,-0.5374914776381104
1789317371904431000,11.77143115234375,-3.0245483124285935,0.40161680709719655,1.254854515388608
1789317371914386000,11.781385986328125,-0.15267244141101835,-0.0938029038131237,0.6660542177304625
1789317371924341000,11.791341064453125,2.211087318730354,1.958319595363736,0.7327619016081094
1789317371934296000,11.801296142578124,4.969079620936513,-2.5834037970632315,-0.2608318969545886
1789317371944251100,11.811251220703125,3.7331454945951696,-0.42405484887659545,-0.8212076623022556
1789317371954205000,11.821204833984375,1.8094968151181936,2.7140584679335356,-2.77699393979609
1789317371964160000,11.831159912109374,0.0863128403186798,-1.6864122872412204,-2.669735049821436
1789317371974115000,11.841114990234376,-3.5978380294829604,-0.9882000132277607,0.7227442193321884
1789317371984070100,11.851070068359375,-2.5345512110888957,-4.174232726815343,1.3868043406359851
1789317371994025000,11.86102490234375,-3.784630182638764,4.729300850741565,0.9381631128396838
1789317372003980000,11.87097998046875,-1.96756264000535,5.005864752498269,-0.30171902047507465
1789317372013935000,11.88093505859375,-1.431048702162504,0.4366770145624876,-0.9540510023232549
1789317372023890000,11.890889892578125,-0.6033037470459938,-0.32992169019579887,-1.5477452825680373
1789317372033845000,11.900844970703124,0.18616086951494215,-1.8488667024761438,-2.2022800351575014
1789317372043800000,11.910800048828126,2.295067332187295,-0.5019558346807956,-0.9469091677445918
1789317372053755100,11.920755126953125,3.2693712142705915,0.9293518106788397,0.4215124343847856
1789317372063710000,11.9307099609375,1.1376105302333832,0.20173720883131027,0.42349085831828415
1789317372073665000,11.9406650390625,0.049130818393826485,-1.489145501822233,-1.1920936694405972
1789317372083620000,11.9506201171875,-1.9793296501666306,0.25132395429909227,-1.6134600098855794
1789317372093575000,11.960574951171875,-2.1786288181960582,-0.25288521226644517,-0.5349555294197053
1789317372103530000,11.970530029296874,-2.3852859477728603,-0.34481472342312336,0.21660295219291
1789317372113485000,11.980485107421876,-2.7128087601333855,-1.0148246930420397,0.07244363371375948
1789317372123440000,11.990440185546875,-0.17603870395123958,1.95915137001276,-0.039646585407480596
1789317372133395000,12.00039501953125,1.9663678772628306,1.0894126087754965,0.02688360474510118
1789317372143350000,12.01035009765625,2.525444944569468,-0.4240145168662071,0.10218290188461542
1789317372153305000,12.02030517578125,1.980920134228468,0.5955816283613443,-0.6619340690605342
1789317372163260000,12.030260009765625,-3.2300217851787805,-2.259490407371521,-0.836934516005218
1789317372173215000,12.040215087890624,-1.0497112975060938,0.0554085834890604,0.39723534060996024
1789317372183170000,12.050170166015626,-1.6384546042799948,0.012648469170928,1.929612410186976
1789317372193125000,12.060125,1.8583616760522126,0.8278554297536611,2.0994600044131277
1789317372203080000,12.070079833984375,2.405918985956907,-1.336739602392912,1.5180910257995128
1789317372213035000,12.080034912109374,2.39134860881269,-0.28578385778367515,0.5674488090064376
1789317372222990000,12.089989990234375,0.8128197731852531,2.6589567584365605,-0.7871022713437676
1789317372232945000,12.09994482421875,0.07887655283808707,1.237858372402191,-2.143908217948675
1789317372242899000,12.10989892578125,-2.728417832675576,-5.244320457395911,-0.985144717310369
1789317372252854000,12.11985400390625,0.22237141605913638,-1.6939859373658894,2.014466429999471
1789317372262809000,12.12980908203125,-0.011268997511267661,0.9050976593881845,2.8521523488938807
1789317372272764000,12.139763916015625,-1.500009425663948,2.71283798622787,1.7481391139663756
1789317372282719200,12.14971923828125,-1.849268853536248,2.080156753528118,-0.03891081847883761
1789317372292674000,12.159674072265625,-2.870680523753166,-2.2764760289639234,-0.6172308578506112
1789317372302629000,12.169629150390625,-0.6646884823352098,-1.4861311224371194,-0.23153207964692263
1789317372312584000,12.179583984375,3.0125375566393133,-2.8761873044759034,0.41193135342784226
1789317372322539000,12.1895390625,4.764709725514054,0.09175707719922065,1.282812489633262
1789317372332494000,12.199494140625,2.5979665754228827,-0.4573626597166061,0.10794497254267334
1789317372342449000,12.209448974609375,1.5325713865727186,-0.7394120071470737,-1.9345223940603433
1789317372352404200,12.219404296875,1.380889709764719,2.7947195661008357,-1.7472167384244501
1789317372362359000,12.229359130859375,-2.260306399929523,-3.7131963470220564,-0.9359081004545092
1789317372372313900,12.23931396484375,-2.4012983404189345,-3.4708559096455573,1.0623608626555652
1789317372382269200,12.249269287109374,-5.165611077818274,-0.657306555390358,0.9642319854021072
1789317372392224000,12.25922412109375,-3.3949200864344835,4.048375811615586,0.9747178697116673
1789317372402179000,12.269178955078125,0.3383598481953144,5.144984469375014,1.6820073302805423
1789317372412134000,12.2791337890625,-0.16344810244739055,-0.5848761099517346,0.21673224112838504
1789317372422089200,12.289089111328124,1.153273378789425,-1.4794015219211578,-0.7556981752332299
1789317372432044000,12.2990439453125,0.39794133345484733,-3.0038053841292855,-1.7566050367556512
1789317372441998800,12.308998779296875,1.5677625269412994,-0.051745384806394575,0.052973903688043354
1789317372451954200,12.3189541015625,4.713772734481096,2.9831822828173635,2.1569383799135684
1789317372461909000,12.328908935546876,2.762386737772822,0.913466843804717,1.5182888864591717
1789317372471864000,12.338864013671875,-0.18490297840833664,-0.3914940570116043,0.29756241225227714
1789317372481819000,12.34881884765625,-2.332281502816081,-2.2885107501506803,-0.6284279591694474
1789317372491774200,12.358774169921874,-2.706800459629297,1.7913415652245281,1.2777724496394396
1789317372501729000,12.36872900390625,-1.315017599928379,3.1229122405469414,1.4034127994790673
1789317372511683800,12.378683837890625,-4.453814807349443,1.0701584577292202,-0.8117064781811087
1789317372521638000,12.388637939453124,-1.2254419584214686,2.9340765988647934,-0.07515307533554733
1789317372531593000,12.398593017578126,1.0003139371305703,-1.0382944159567356,1.0253777243036777
1789317372541548000,12.408548095703125,2.0762357806921004,-0.6267348915159702,1.5577236557468772
1789317372551502800,12.4185029296875,1.2537410011887549,-1.1485568716615437,-0.1392243462949991
1789317372561458200,12.428458251953124,0.6493973897010088,-0.4421598298877477,-0.5472751319624484
1789317372571413000,12.4384130859375,2.286165648329258,0.358265741148591,0.001937470868602395
1789317372581368000,12.4483681640625,-0.006003039807081222,-1.2913719359248876,-1.7875747600369154
1789317372591323100,12.4583232421875,-0.643113779386878,0.8105021438926457,-1.3092587441407144
1789317372601278000,12.46827783203125,-1.852875938117504,0.7516580329969524,-0.3454273023635149
1789317372611233000,12.47823291015625,-2.4379086999356745,0.10799743338227272,0.39730573896504934
1789317372621187800,12.488187744140625,0.7253647770941257,0.19370763163268565,0.08466236969791352
1789317372631143200,12.49814306640625,0.7579144630432129,2.3865192889600992,-0.0782623664624989
1789317372641098000,12.508097900390625,1.173398467451334,-0.5965759000957012,-1.5747976862750948
1789317372651053000,12.518052978515625,-0.452536262473464,-1.4822995814502238,-2.1989345241218805
1789317372661008100,12.528008056640624,0.27685294783115383,-1.3370762870013713,-0.7421550222449004
1789317372670963000,12.537962890625,0.9374334103256463,0.9577993220061063,1.4750345588833094
1789317372680918000,12.54791796875,0.1978366942614317,1.8765163414239883,1.6533195804566143
1789317372690873000,12.557873046875,-3.5254368101388214,0.8015051829665899,0.6554996520988643
1789317372700828200,12.567828125,-4.703300440305471,1.1877595857590437,-0.10850889003574847
1789317372710783000,12.577782958984375,-2.4573744479060173,-0.8321797226935624,1.415556533998251
1789317372720738000,12.587738037109375,3.5623189723342654,-1.2055308047711848,2.4262621012836694
1789317372730693000,12.597693115234375,4.720388353228569,-3.803205703771114,1.4871106349937617
1789317372740648000,12.60764794921875,7.74947138647735,-3.173486828008294,1.1786519310001282
1789317372750603000,12.61760302734375,9.284154066115617,6.5574763551056385,1.6835092592760919
1789317372760557300,12.627557373046875,2.5799469346076247,2.846031235665083,-1.2122091865565627
1789317372770512400,12.637512451171874,-8.942437308707833,-3.778974348834157,-1.7625661371171473
1789317372780467500,12.647467529296875,-4.750011338075995,-5.971204406881332,1.9802108169153332
1789317372790421500,12.65742138671875,-5.367267038106918,-1.3499018663048743,1.3528057710528374
1789317372800376300,12.667376220703124,-5.468436086773872,8.13484140765071,1.1793318760883063
1789317372810331400,12.677331298828125,0.4335235189676285,4.279360742241144,2.0383808279417455
1789317372820286500,12.687286376953125,0.3521931432366371,-0.22225392715930936,1.7540271490916608
1789317372830241500,12.697241455078125,0.39711657306849957,-5.932946280157566,-0.5873630313966423
1789317372840196400,12.7071962890625,4.038340155291557,-4.224754707306623,-0.431823437051475
1789317372850151400,12.7171513671875,6.938911959439515,1.4470546650677918,0.93463851891011
1789317372860106500,12.7271064453125,2.583395029234886,-1.7752981929183005,0.018804288386926053
1789317372870061300,12.737061279296874,0.11495149030387401,-1.6377432411402464,-0.9780154499523341
1789317372880016400,12.747016357421876,0.704673871243,-1.4544859841123223,-1.135074582014978
1789317372889971500,12.756971435546875,-3.646657297709584,0.563492837922275,-0.03139605893455446
1789317372899926500,12.766926513671875,-3.5727386595398185,4.967780228775739,1.7330927898734807
1789317372909881300,12.77688134765625,-6.157659290906786,0.12134499073326586,0.35551914585419
1789317372919836400,12.78683642578125,-3.796663734781742,-0.07464169174730777,-0.26690350848585365
1789317372929791500,12.79679150390625,1.513405498331785,1.0629495492637158,1.1586986917737871
1789317372939746300,12.806746337890624,4.29751482309103,5.844298859411477,1.3501777606368064
1789317372949701400,12.816701416015626,2.288587907040119,3.6378351088285443,-1.7714128759175538
1789317372959656400,12.826656494140625,-1.578089859688282,-2.973910596603155,-3.17517200461626
1789317372969611500,12.836611572265625,-0.4091927953094244,-4.878280575114489,-0.6641651160482317
1789317372979566300,12.84656640625,-0.803036045795679,-2.670880420464277,1.8734508163735268
1789317372989521400,12.856521484375,-1.14770580779016,5.64350799151957,2.062124983883649
1789317372999476500,12.8664765625,-2.4834441241860388,3.1151129649728535,0.3603537994690239
1789317373009431300,12.876431396484374,-3.000254998171329,-2.268411964973807,-0.05361753535382449
1789317373019386400,12.886386474609376,-1.5167483790189027,-3.7400907836884256,-0.9832958745732903
1789317373029341400,12.896341552734375,0.6155979959517717,2.4250720147162674,-0.7744367779728025
1789317373039295500,12.90629541015625,3.4415041429549453,4.121111962002516,-0.39617037825956936
1789317373049250300,12.916250244140626,3.7180940559357403,-1.5514870994448662,-0.43556708055920895
1789317373059205400,12.926205322265625,2.481380761915445,-1.3047352753669024,0.6543145339675247
1789317373069160400,12.936160400390625,1.9550088633805511,-1.558732832789421,-0.08900719396919012
1789317373079115300,12.946115234375,-0.4454688083052635,-0.8830681984096765,-0.0865160347405821
1789317373089070300,12.9560703125,-1.5865712723076342,-0.4676292021870613,0.21471929387077687
1789317373099025400,12.966025390625,-4.499299962717294,1.9472300460726022,0.29833113160245117
1789317373108980500,12.97598046875,-3.489131571048498,-0.5185422278225421,-0.26743425436168905
1789317373118935300,12.985935302734376,-2.162588368499279,-0.82670099902153,0.7633334193520247
1789317373128890600,12.995890625,0.6903776348650456,1.852767801567912,1.6930919111356137
1789317373138845400,13.005845458984375,1.5600129357278345,0.22075287494659424,0.8527990246132016
1789317373148800300,13.01580029296875,3.1587779191762206,-1.8496558070272207,-0.6337105757474899
1789317373158755300,13.02575537109375,4.45436191983819,0.4081500082582235,-1.2555128331668675
1789317373168710400,13.03571044921875,1.6149007102131843,-2.2489579074412585,-1.9773815848387777
1789317373178665500,13.04566552734375,0.15806699393093585,0.8143728478461504,-1.4057375891648232
1789317373188620300,13.055620361328126,-1.5681412971258162,-2.72160289196372,-1.1193773197326808
1789317373198575600,13.06557568359375,-1.4253928683578967,-4.975001412200927,0.4885295860704034
1789317373208530400,13.075530517578125,3.6383477345257997,2.501741412898898,2.2157921354204415
1789317373218485200,13.0854853515625,-0.9224427619427442,4.605778223708271,0.18798545459359883
1789317373228440600,13.095440673828126,-1.498366334632039,4.646750870087742,-3.44714653275609
1789317373238395400,13.1053955078125,-4.114582267972827,-5.9515235548555845,-4.025724711607396
1789317373248350500,13.1153505859375,-0.8851566951215266,-5.340633882725238,-0.391239570793882
1789317373258305300,13.12530517578125,4.063950397366285,0.1823421880096197,1.6043687948048113
1789317373268260400,13.13526025390625,1.222073358771205,2.7341052306622267,1.5527670562528073
1789317373278214400,13.14521435546875,1.832304859253764,5.098820099571347,-0.0038107173945754764
1789317373288169500,13.15516943359375,-2.7881881185054778,-4.46901997526586,-1.8850328253567217
1789317373298124300,13.165124267578125,-2.841459689965844,-4.1723716091185805,-1.4021703982025384
1789317373308079400,13.175079345703125,0.3358411433726549,1.8495570228278635,1.2024793813113122
1789317373318034400,13.185034423828125,-2.8075322859227656,-0.07741700167953967,-0.4305784054264426
1789317373327989200,13.1949892578125,0.3452858480662107,-0.9084382019877433,-1.0112829287819565
1789317373337944600,13.204944580078125,5.346477348056435,-1.6064420939475297,1.38742919453606
1789317373347899400,13.2148994140625,7.478531462082266,3.5896857026875018,0.8902139054458588
1789317373357854500,13.2248544921875,3.053227878946066,6.2371653738200665,-2.336253913578391
1789317373367809300,13.234809326171876,-8.536662797409296,-1.4152011446893213,-4.2159342719912525
1789317373377764400,13.244764404296875,-4.8645226833969355,-3.6572549718305467,0.6420122478857636
1789317373387719400,13.254719482421875,-4.743507947531342,-4.812860885220766,3.809086578503251
1789317373397674200,13.26467431640625,-0.30571488517820833,3.1277830614537,2.3780039740711447
1789317373407629600,13.274629638671875,-0.35893911036550996,12.111249130642413,1.700163456957042
1789317373417584400,13.28458447265625,2.004283474159241,4.8551440296769135,-1.3680515632405876
1789317373427539500,13.29453955078125,-0.0514957939594984,-4.505447963953018,-3.153972564721107
1789317373437494500,13.30449462890625,1.421809749174118,-6.505164568588137,-2.3726703579582273
1789317373447449300,13.314449462890625,2.8163655807197094,-0.7227975569546222,0.6013069472055882
1789317373457404400,13.324404296875,1.46084061383605,0.8695885391116142,2.2441434928968547
1789317373467359200,13.334359130859376,1.8148340844929218,1.0683008471637963,2.110297040247917
1789317373477314600,13.344314453125,-0.6712047323614359,0.7433847101703286,1.2175417797561734
1789317373487269400,13.354269287109375,-2.4755507405877113,-2.0614789410650727,-0.9066744802508503
1789317373497224400,13.364224365234374,-4.056950163215398,-0.9433055172294378,-1.4074582754775882
1789317373507179500,13.374179443359376,-4.163884935802221,2.495672322118282,-1.068834150322899
1789317373517134300,13.38413427734375,-2.028565682500601,2.6037410671710965,0.004838343409262597
1789317373527088400,13.39408837890625,0.6714817957371473,0.050910687547922134,1.8501416908480226
1789317373537043500,13.40404345703125,2.4505799654603004,-1.8078350193858146,1.8184630886450408
1789317373546998500,13.41399853515625,2.1028362028479575,1.0721931784272194,0.3627493893686682
1789317373556953300,13.423953369140625,2.8332214384526013,1.0064572621911763,-1.8142472245156764
1789317373566908400,13.433908447265624,4.399906107029318,-2.078742795076966,-1.767648116556555
1789317373576863200,13.44386328125,3.6934044358372686,-3.551545649385452,-0.8460117756258696
1789317373586818600,13.453818603515625,0.49428223131299015,3.6471845364540814,-1.0910472242400049
1789317373596773400,13.4637734375,-4.211890549558401,1.8601859688699245,-1.352467040617764
1789317373606728200,13.473728271484376,-10.025660999715328,-1.4809271240532398,2.0321425180740653
1789317373616683500,13.48368359375,-3.083327249133587,-0.8420406069725751,4.59378003513962
1789317373626638300,13.493638427734375,-0.2852384988605976,-4.766166354063153,0.8079477832347154
1789317373636593400,13.503593505859374,4.870300097754598,2.9498545982331037,0.8969578267481177
1789317373646548500,13.513548583984376,8.778960564687848,7.937636581552028,1.6758730653092264
1789317373656503600,13.523503662109375,-0.026707974183559417,1.9262381114482878,-2.3318907499328256
1789317373666458400,13.533458251953125,-8.578646666657924,-4.850156304392218,-5.326941457459331
1789317373676413200,13.5434130859375,-1.092990467262268,-9.874313084906339,-0.2927663370821625
1789317373686368500,13.553368408203125,6.236015034741163,-4.251017275810241,3.3463922023698687
1789317373696323300,13.5633232421875,9.236379923027753,4.431192056652903,2.8125124124228953
1789317373706278400,13.5732783203125,-3.2419536305129526,4.87581564630568,0.2920166877586394
1789317373716233500,13.5832333984375,2.532754390799999,1.7764046928554773,-3.5747909158945084
1789317373726188500,13.5931884765625,-9.699107909169793,-5.25017912029624,-0.5249099362235516
1789317373736143400,13.603143310546875,-0.6968412779211998,-6.495994589182734,1.746805673405528
1789317373746098400,13.613098388671874,3.0470570813566447,2.7663457045316693,-0.381009122550115
1789317373756053500,13.623053466796875,-5.245212437799573,1.6735229950517414,-0.7854839494269341
1789317373766008000,13.633008056640625,5.9454632319033145,2.032560305094719,1.9518290643006562
1789317373775963100,13.642963134765624,1.8285136502772568,-0.9324199660778045,2.709851956154406
1789317373785918000,13.65291796875,-0.23003800516426562,-1.2081681675374507,-0.4224408378086984
1789317373795873000,13.662873046875,0.20227613801360128,0.9712877491325139,-1.652846702247858
1789317373805828000,13.672828125,-2.796377270179987,-3.4668080955594776,-1.264834057611227
1789317373815783000,13.682782958984374,-1.0201946956425905,-0.9198755418032407,1.115344337889552
1789317373825738000,13.692738037109375,1.4318243627101181,1.6938719555974007,2.4235503581069406
1789317373835693000,13.702693115234375,1.8071750941723583,2.954100565239787,1.0631685988418758
1789317373845648100,13.712648193359374,-0.17929858253002165,4.787759177190065,-0.5088541793597862
1789317373855603000,13.72260302734375,-1.2515630726277827,1.6196785921394825,-1.2436698351599276
1789317373865558300,13.732558349609375,-2.3294939179241654,-1.952687142434716,-0.5792999903198331
1789317373875513000,13.74251318359375,-4.105857109725475,-5.519607471084594,-1.5123229637920856
1789317373885468000,13.752468017578124,-2.778828754007816,2.8927742821395395,0.04443279677070677
1789317373895423000,13.762423095703125,3.122586661854386,7.048202939763665,1.6552176691628993
1789317373905378000,13.7723779296875,2.119642960742116,2.641769476792216,1.0363234081447124
1789317373915333000,13.7823330078125,-0.9115256466090679,-4.041201389941573,-0.4334636054739356
1789317373925288000,13.792287841796876,-2.8878397483468055,-4.649114676609635,-0.32592367006819695
1789317373935243000,13.802242919921875,-1.1359183393627406,1.623235992360115,-0.07180635872352868
1789317373945198000,13.812197998046875,-1.1453139442175626,4.582339480453729,-0.5764329835161567
1789317373955153000,13.82215283203125,-1.4592881236970423,-0.8018857067167758,0.08512786831781267
1789317373965108000,13.83210791015625,-0.25086276652812955,-5.246545732229948,0.5927700050067156
1789317373975063000,13.84206298828125,0.8611521346777677,-2.3572265589803454,-0.032858240441605444
1789317373985018000,13.85201806640625,3.9812294440597293,1.318546358576417,0.5357523058205843
1789317373994973000,13.861972900390626,7.320141812068224,3.8708980147719383,1.651782726278156
1789317374004927000,13.871927001953125,6.679924923166633,3.9930642587602136,0.4440111568428576
1789317374014882000,13.881882080078125,-3.398719478717446,-4.12556134262681,-3.2850726412713525
1789317374024837000,13.891837158203124,-7.980702985340356,-4.862886022105813,-3.3100042534321545
1789317374034792000,13.9017919921875,-0.7981897748082876,0.8763041111022234,1.9394561972007154
1789317374044747000,13.9117470703125,-3.037809360539913,0.46227761202603573,2.818081444726884
1789317374054702000,13.9217021484375,0.20248364328444002,2.524593296176195,0.7882125706732273
1789317374064657000,13.931656982421876,0.7230681905895471,-0.4731266305595636,0.534632434945181
1789317374074612200,13.9416123046875,4.850363225141168,0.9080255295336246,0.1601013493027538
1789317374084567000,13.951567138671875,2.019624251154065,0.21803835529088972,-1.6412606016114353
1789317374094522000,13.961522216796874,0.3712830436319113,-1.5731068105787038,-3.293518398055434
1789317374104477000,13.971476806640625,0.020386369946599005,-1.6885691730141639,-2.2252570061191914
1789317374114432000,13.981431884765625,-3.081916797813773,-4.950858904591202,0.11784253557026386
1789317374124387000,13.991386962890624,1.649577471318841,1.9593670585900544,1.9746417846113442
1789317374134342000,14.001341796875,-0.7704080339133739,4.2982483980625865,1.6163504706300793
1789317374144297200,14.011297119140625,-3.0935476143747564,1.1261737749397753,-1.2322142290353775
1789317374154252000,14.021251953125,-2.4242501769393683,-1.5539765781730412,-2.3627532134473324
1789317374164207000,14.03120703125,-1.277325874915719,-2.895968109744787,-1.9060007945835589
1789317374174162000,14.041161865234375,0.9054787676602601,2.0474182670086623,-1.3054179969340562
1789317374184117000,14.051116943359375,0.300030994322896,-2.305473575389385,-1.984698191462457
1789317374194072000,14.061072021484375,1.3377642692655325,-1.8088871587872504,-0.904151683774963
1789317374204027000,14.07102685546875,3.49330505734086,-1.2968015597581863,0.8819352488569915
1789317374213982200,14.080982177734375,3.1982682180434465,0.8770154742419719,0.8415463937148451
1789317374223936000,14.09093603515625,0.5044418062776327,3.5667332816451784,-0.05104322788640856
1789317374233891000,14.10089111328125,-2.61263106059134,1.068072299104929,-1.477806653945148
1789317374243846000,14.110845947265625,-5.189315194010734,-4.084914274939894,-1.0675992747657
1789317374253801200,14.12080126953125,-0.4588233799189329,-0.9751835875272751,1.4537600079253314
1789317374263756000,14.130756103515624,1.481499370983243,0.880116947388649,1.3213748600006103
1789317374273710800,14.1407109375,2.5558067650854586,4.090691104775667,0.3775711839906871
1789317374283666200,14.150666259765625,3.3874662632972,0.6559153932929038,-1.2626140434741973
1789317374293621000,14.16062109375,0.5328308654159307,0.07202420272529125,-2.5544620724782345
1789317374303576000,14.170576171875,0.61504153111279,-0.7086527117460966,-2.969366815693676
1789317374313531000,14.18053076171875,-1.974675686880946,-2.21650349856019,-0.692860610787198
1789317374323486200,14.190486328125,-1.2910738297611475,1.0755027413666247,1.9545316012576222
1789317374333441000,14.20044091796875,-3.911525793236494,2.1320739877700805,2.1923346874654293
1789317374343395800,14.210395751953126,-2.9103637148439883,2.636844295349717,1.2732125943779944
1789317374353351200,14.22035107421875,-2.7628736445069313,0.6861795986533165,-0.14380159108266233
1789317374363306000,14.230305908203125,-2.197799382612109,-1.0639426519542932,-0.9102484662801027
1789317374373261000,14.240260986328124,0.9988742597162723,-0.5327051932096482,0.26405937110111116
1789317374383216000,14.250216064453125,2.4778864900588986,-1.3604875577270983,0.9412463196773081
1789317374393171200,14.260171142578125,2.9761838022321463,0.2652712311089039,1.3884499158859251
1789317374403126000,14.2701259765625,2.6397061145216223,0.9183037624418735,1.5407751512944698
1789317374413080800,14.280080810546876,1.5999299355745316,0.06832534820735454,0.6255457547966391
1789317374423036200,14.2900361328125,-0.8020353443205356,-1.8524363776564596,-0.13708762652724982
1789317374432991000,14.299990966796875,-2.398283376511931,-0.15329086557030677,0.12173786250837146
1789317374442946000,14.309946044921874,-3.062784227320552,0.7888800946712493,0.21765907364971934
1789317374452899800,14.31989990234375,-1.024039096111059,1.240674598866701,-0.013794789661839604
1789317374462855200,14.329855224609375,1.7282868508964775,0.7522235579252242,0.243735325801
1789317374472810000,14.33981005859375,3.9331151092320678,0.9425988302648067,-0.17073117212764918
1789317374482765000,14.34976513671875,3.1650194439142942,0.2023544639468193,-1.7017473651476203
1789317374492720000,14.35972021484375,2.6810943559646603,-0.22008242833912373,-2.381901566031575
1789317374502675000,14.369675048828125,1.0908990479409695,-1.5921078636467456,-1.7629358472123742
1789317374512630000,14.379630126953124,-0.7036883673369884,-1.353569156640768,-0.01149305205810815
1789317374522584800,14.389584716796875,-2.6078070014357566,3.2686721260905265,0.6638173985891044
1789317374532540200,14.3995400390625,-7.634953611415624,1.3266241588309406,0.251851339174062
1789317374542495000,14.409494873046874,-4.013715417122841,2.845335362355411,1.2044865564152598
1789317374552450000,14.419449951171876,-1.1191408075630664,-3.0764065099596976,0.17857004905976354
1789317374562405000,14.429405029296875,2.880450222617388,-1.5801812790095806,-0.21742431504577397
1789317374572360000,14.43935986328125,6.263477626684308,2.0518577107608316,0.16501688613407312
1789317374582315000,14.44931494140625,4.8012195472657675,-0.4958873284220695,-1.2755898449033498
1789317374592270000,14.45927001953125,3.820350315317511,1.9029408224910496,-1.9177200200803577
1789317374602225200,14.46922509765625,-2.7183219705969095,-4.960311792591214,-2.0496689685449003
1789317374612180000,14.479179931640624,-3.9753251884520053,-3.5423186790958043,0.3725254814410582
1789317374622135000,14.489135009765626,0.3922638723403215,-3.251635943354666,2.037012316067517
1789317374632090000,14.499090087890625,-1.7811130166769027,2.7493758650302884,2.317148815613985
1789317374642045000,14.509044921875,-0.592823854085803,8.246917050257325,0.973606328273192
1789317374652000000,14.519,-3.2017870398193597,1.2337228800326585,-1.491178468954563
1789317374661955000,14.528955078125,-4.962689043116569,-1.8794950649738311,-0.36682551623377946
1789317374671909000,14.5389091796875,1.8914795172780752,-5.782998295274377,0.7072402145996689
1789317374681864000,14.548864013671874,2.745571796572208,-3.9029619630306955,-0.34002562598306685
1789317374691819000,14.558819091796876,6.535929124686121,4.260055153268575,1.5196341635882853
1789317374701774000,14.568774169921875,7.779422872626781,2.041049316498637,1.2882915055662394
1789317374711729200,14.578729248046875,3.045519788786769,-0.8033908505827188,-1.0196446605443954
1789317374721684000,14.58868408203125,-5.398205197206139,-3.255625012990832,-3.3044252842560407
1789317374731639000,14.59863916015625,-1.309208036866784,-0.8937298776775598,-1.4279403608836232
1789317374741594000,14.608593994140625,-3.171282595962286,0.7703437365055084,1.3888842156499623
1789317374751549000,14.618548828125,-5.003421450999379,-1.0746914249837398,-0.6884408946488052
1789317374761504000,14.62850390625,-3.088973146066069,4.71971439948976,0.33694811823386694
1789317374771458800,14.638458740234375,1.3778431816756724,2.4487334608107805,0.8367426466949284
1789317374781414000,14.648413818359375,1.445346107584238,3.3571699092328546,1.564366747023165
1789317374791369000,14.658368896484374,2.378701308685541,-0.2831038249194622,0.9854082636173814
1789317374801323800,14.66832373046875,-0.4005518082141876,-2.7309008816629645,-0.8043884833179413
1789317374811278800,14.67827880859375,-1.4315075518459082,0.2384831774264574,-0.6975537370394915
1789317374821234000,14.68823388671875,0.41132571568489074,0.15101882898509503,-0.04257893079863861
1789317374831189000,14.69818896484375,-0.0454179353505373,1.821232261097431,0.34716925066001714
1789317374841143800,14.708143798828125,-0.1578255863904953,-2.7855782282680273,-0.5897830981504172
1789317374851099100,14.71809912109375,-2.0578069745540617,-0.8688824366688728,-0.1328035559998825
1789317374861054000,14.728053955078124,-0.77550681835711,2.0151158338189123,0.7268607147403061
1789317374871008800,14.7380087890625,-1.1356529664248227,0.23381460109353064,0.23816211051223798
1789317374880963800,14.7479638671875,0.4849912558764219,1.772130668798089,-0.8007257960919291
1789317374890918100,14.757918212890624,0.8230611812144517,-4.244169017350673,-1.6300184921070933
1789317374900873000,14.767873046875,3.195850050985813,-0.4411930306822061,-0.6012578108342365
1789317374910827800,14.777827880859375,3.90996628883481,2.7005501670628784,0.22593166582398116
1789317374920782800,14.787782958984375,-0.40763796708285804,1.9261989484816788,-0.8026464619562029
1789317374930738000,14.797738037109376,0.27059622552394863,1.2183809339940548,-1.3927783004790544
1789317374940693000,14.80769287109375,-2.7536089725553987,-2.826619848230481,-0.6384224797654897
1789317374950647800,14.817647705078125,-1.522587168174982,-1.0690338376134634,0.8089698197588324
1789317374960603000,14.827602783203124,-0.6050327627956867,0.645051469451189,1.5471325574971735
1789317374970558000,14.837557861328126,-0.8108224618881941,1.1854086387187242,-0.25888006876707076
1789317374980512800,14.8475126953125,-0.13379822959303855,-0.9505541731834412,-1.0999928203050047
1789317374990467800,14.8574677734375,2.069180601483583,-0.15124036278128622,-1.1949796732056885
1789317375000423000,14.8674228515625,1.2155267136067152,-1.22808808901608,-2.2495931366048754
1789317375010378000,14.8773779296875,1.4329320316910743,2.027805804044008,-2.379672345674783
1789317375020332800,14.887332763671875,-1.0082792169213295,-1.1617951234191655,-2.0311777646951374
1789317375030288000,14.897287841796874,-0.53428690944314,-2.8171763125807043,-0.22040718504777176
1789317375040243000,14.907242919921876,1.8217729438453911,-0.024250059637427327,0.6508002422362565
1789317375050197800,14.91719775390625,-1.1691881562799216,-0.7406956172168254,-0.7567836323823779
1789317375060153000,14.927153076171875,0.8011831114053726,5.166691858792305,-1.4420125792473555
1789317375070108000,14.93710791015625,-2.161944809898734,-1.5225813229560852,-1.588459278011322
1789317375080063000,14.94706298828125,-0.3896107274830341,-1.034330188500881,-0.9475685084361583
1789317375090017800,14.957017822265625,-0.7234796939998864,-2.451806292384863,-0.6044775400657206
1789317375099972000,14.96697216796875,-1.1614379805445672,0.2142488998800516,0.06304914310378953
1789317375109927000,14.976927001953126,3.1761113312929865,5.801204398572445,-0.6520913049601018
1789317375119882000,14.986882080078125,1.9370505973637102,-4.719501633521914,-2.7344527289256453
1789317375129836800,14.9968369140625,4.596456853133439,-0.765431999066472,-2.395477671441436
1789317375139792000,15.0067919921875,4.87969453356564,-1.7046943783849478,-2.9763626659303903
1789317375149747000,15.016746826171875,-3.1679286093592642,-0.7932797909349203,-3.345619464431703
1789317375159701800,15.02670166015625,-1.1540391024649141,4.141141189074516,-3.107801180654764
1789317375169657000,15.036656982421874,-8.928183742427825,-3.2896550006255505,-2.344744970808923
1789317375179612000,15.04661181640625,-3.257607126718759,-0.8734840852454304,0.07990800564452075
1789317375189567000,15.05656689453125,1.4279150803118943,0.17486849112808703,-0.1070147607541643
1789317375199522000,15.06652197265625,-1.160805527859926,3.9802258199751375,-0.9098213269092142
1789317375209476900,15.076476806640626,3.28209333319962,4.509893252924084,-1.5655337449759243
1789317375219432000,15.086431884765625,0.17479074971675873,-4.202719401109218,-2.05052763120085
1789317375229386800,15.09638671875,1.4040969823509455,-4.722255316144228,-0.8301075925946235
1789317375239342000,15.106342041015624,4.41956007104814,-1.413159994250536,0.8853655155666172
1789317375249297000,15.116296875,5.28462557977736,2.834476991471648,3.1267434892728923
1789317375259251700,15.126251708984375,-3.5982781744658947,3.2686963837489484,3.0063404555648563
1789317375269207000,15.13620703125,-4.446240572702885,-1.4447484339520333,-1.083388306984678
1789317375279161900,15.146161865234374,-6.641926324161886,-1.0001809584006667,-0.4596910661315545
1789317375289117000,15.156116943359375,0.633574382147193,-0.34906770469248294,2.0785161467142403
1789317375299070700,15.16607080078125,1.2035177113831041,3.0809967603594064,1.704028754083067
1789317375309026000,15.176026123046874,-0.14561960029006005,1.4367314239740372,0.3081517569363117
1789317375318980900,15.18598095703125,3.42189460259974,-3.5873406008660793,0.9166809835456311
1789317375328936000,15.19593603515625,2.7871272112756964,-1.4308464575886726,2.4178581378147004
1789317375338890800,15.205890869140624,3.4038357988178727,1.3950772250711918,0.8668255041390657
1789317375348846000,15.21584619140625,-0.09939794734120368,2.611431913934648,-0.2884529491287656
1789317375358801000,15.22580078125,-2.8220202454805374,-0.4750055761739611,-1.9858416624091564
1789317375368755700,15.235755615234375,-4.893637718722224,-3.32483035890311,-1.8856928967006503
1789317375378711000,15.2457109375,-2.092346373015642,0.17216098573505878,-0.8637214737091213
1789317375388665900,15.255665771484376,-1.440314543157816,2.092944923430681,-1.602347518110275
1789317375398621000,15.265620849609375,-0.7046902378559112,1.4129261854946613,-2.143705534983426
1789317375408576000,15.275575927734375,2.134167745178938,0.9691489835381507,-1.0810934740457683
1789317375418530800,15.28553076171875,2.7073978410005566,-4.184662350893021,-2.0969811932094395
1789317375428486000,15.29548583984375,4.3172605570465326,0.38088147758245466,-2.631616623829305
1789317375438440700,15.305440673828125,2.982041880610585,0.5412438889741897,-2.810677598211169
1789317375448396000,15.31539599609375,-0.15584873335957528,4.257737523975968,-3.065478580971062
1789317375458350800,15.325350830078126,-4.277369276162982,2.200897056366503,-3.460716792947054
1789317375468306000,15.335305908203125,-7.742269492274523,-3.29497064269036,-1.2083517804760484
1789317375478261000,15.345260986328125,-0.8905728749513625,-0.364388607943058,1.1668220116704702
1789317375488215800,15.3552158203125,-3.686249887907505,-0.15324702642858026,-0.3608761428426951
1789317375498169900,15.365169921875,1.311800391447544,6.06938187251687,-0.6635125704236329
1789317375508125000,15.375125,3.7120670507311817,-0.6645078650712967,-1.2822446266174317
1789317375518080000,15.385080078125,2.9678333225160833,-3.5749639343738555,-2.1614028119765223
1789317375528034800,15.395034912109375,5.509269032421708,-0.2044721867531538,-2.348166031298786
1789317375537990000,15.404989990234375,4.389557731494307,-3.7854309776276347,-1.638474770285189
1789317375547945000,15.414945068359375,0.6340268020898103,1.6215864715874193,-0.38842480563409626
1789317375557900000,15.424900146484376,-1.5647224285930394,-3.146421710950136,-1.0358728878982364
1789317375567854800,15.434854736328125,-1.911525110962987,-1.1486761141270398,0.10534483651425688
1789317375577810000,15.444809814453125,-2.075575855478644,-1.1327686431601642,0.7951651662901044
1789317375587765000,15.454764892578124,-3.3475276361405846,0.2659446003258228,0.3033425665562972
1789317375597719800,15.4647197265625,-4.424151490491629,3.5482752494126557,-0.5823440707234665
1789317375607675000,15.4746748046875,-0.8464186759263277,-4.317719406729936,-0.8883952386513352
1789317375617630000,15.4846298828125,2.704601488280296,0.7639812157362699,1.0469178673952817
1789317375627585000,15.4945849609375,3.827220201086998,-1.491338627952337,0.014312785653956234
1789317375637539800,15.504539794921875,3.064809595668316,0.6900736834824085,-1.3069696102902293
1789317375647495000,15.514494873046875,2.3329227233290672,1.6408675106406212,-2.5685680469810963
1789317375657450000,15.524449951171874,0.05941080486774444,-1.9802508566647767,-3.006260960587859
1789317375667404800,15.53440478515625,0.6101221948891877,1.3608198584213853,-1.004922526904568
1789317375677359900,15.54435986328125,-0.2525070266038179,-2.626517839385569,0.08104805165827274
1789317375687315000,15.55431494140625,-4.014434963569045,1.1314724658697843,0.13529467869587242
1789317375697269000,15.56426904296875,-5.133073666828871,4.642721176180244,-0.09432663542628288
1789317375707223800,15.574223876953125,-6.230811620879173,0.14070230989307164,0.5081629456926137
1789317375717179000,15.584178955078125,-3.9197921018004416,4.078034452298283,1.539886678022146
1789317375727134000,15.594134033203124,-3.7355923032253977,-3.389215152791142,-1.552163537401706
1789317375737089000,15.604089111328125,-1.5392577324688435,0.4468775060594082,-2.26374821094647
1789317375747043800,15.6140439453125,4.336744425195455,-0.43193303490579127,-0.5604061239533126
1789317375756999000,15.6239990234375,6.170235863885283,-1.096371926394105,0.2001908561721444
1789317375766953700,15.63395361328125,8.420261692818999,0.9950509020358324,-1.2073747521374374
1789317375776908500,15.643908447265625,6.662256580007075,-2.8924790985852478,-3.255549025145173
1789317375786863600,15.653863525390625,0.7270499537020921,0.9739455701649189,-2.9982682082682848
1789317375796818700,15.663818603515624,-1.269563424220681,-4.148320286923647,-2.498504038412869
1789317375806773800,15.673773681640625,-5.848474683791399,-0.8431511985629796,-0.22848398065529762
1789317375816728600,15.683728515625,-4.108564615118503,0.5388166618272662,0.4587633202947676
1789317375826683600,15.69368359375,-4.25499377822578,3.0221067644953727,0.7313770231209695
1789317375836638700,15.703638671875,-1.0216975014209746,4.529751799604297,1.380223647071421
1789317375846593500,15.713593505859375,2.0244348663061857,1.8095149352967739,1.03793625016883
1789317375856548600,15.723548583984375,-0.7518757674008607,-1.3088596618205308,-0.49781362030953163
1789317375866503700,15.733503662109374,1.601792222315073,-2.5550275974065064,-0.7690338229507208
1789317375876458800,15.743458740234376,2.872261655464768,-2.515803255999088,0.7513605113551021
1789317375886413600,15.75341357421875,1.5966852545648813,-1.1535878515660762,1.7775002330072223
1789317375896367600,15.76336767578125,-0.4239496349364519,-0.5050009014651179,0.8698797771431506
1789317375906322700,15.77332275390625,-1.4250462468773126,1.9455656199917195,0.11141560779530554
1789317375916277800,15.78327783203125,-3.3790281052976843,1.9828341511562466,-0.05808408630862832
1789317375926232600,15.793232666015625,-2.965029371011257,-4.413399794852733,-0.3133726333897561
1789317375936187600,15.803187744140626,1.496758314913511,-1.9506103361606597,-0.17940913023240862
1789317375946142700,15.813142822265625,4.044800875738263,-0.7797159604847431,-0.04961250096354633
1789317375956097500,15.82309765625,3.9090632025152443,0.7347083595007657,-0.4689593548122793
1789317375966052900,15.833052978515624,5.329091328969597,2.551872348245978,-2.0171942475281655
1789317375976007700,15.843007568359376,-1.0369909321427344,-0.27792496097683905,-2.758942150276899
1789317375985962800,15.852962646484375,-4.548818319123983,-0.9742574125930666,-0.5194954368941486
1789317375995917600,15.86291748046875,-0.9360106840461492,-1.3204548225462436,2.2626873037166892
1789317376005872600,15.87287255859375,-4.518998934921622,1.7270652001470326,1.9758669424921274
1789317376015827700,15.88282763671875,-4.6521115203380585,5.115322321560979,0.8179143929105251
1789317376025782500,15.892782470703125,-1.6554121688216923,-1.2568360445946454,-0.6230578835036605
1789317376035737900,15.90273779296875,0.8454495386332272,-3.5416695675373076,-1.031750985662639
1789317376045692700,15.912692626953126,4.40406264218688,-1.995925395658612,-1.0037152700066565
1789317376055647500,15.9226474609375,7.54626118248403,-2.8350018921285867,-1.5436640046037733
1789317376065602600,15.9326025390625,6.566467470812797,-1.540243236374855,-0.23990511825466526
1789317376075557600,15.9425576171875,2.674357156664133,-1.4694289939612148,-0.18548671484673396
1789317376085511700,15.95251171875,2.7088158911049365,0.9939479092299938,-0.9029554597277194
1789317376095466500,15.962466552734375,-1.0941641872167587,-0.07613222256600856,-1.0963402160815894
1789317376105421600,15.972421630859374,-6.795462104403972,-2.064652894926071,-2.2764428573466837
1789317376115376600,15.982376708984376,-5.0137236493051045,2.952586361284554,-0.5745558645326644
1789317376125331700,15.992331787109375,-3.0006577337533233,1.7516928609251976,-0.4494344240006059
1789317376135286500,16.00228662109375,-2.3003695302486418,3.136272072857618,-0.27853350306292995
1789317376145241900,16.012241943359374,1.633765569680929,0.993024364644289,-0.7741415944185107
1789317376155196700,16.02219677734375,2.361287232547998,-1.1501847651243209,-0.90112437184304
1789317376165151500,16.0321513671875,4.554649509495497,1.650683386734128,-1.2377050815366208
1789317376175106800,16.04210693359375,3.9257483798563477,0.509167081233859,-1.7635653772875666
1789317376185061600,16.0520615234375,0.5907160681515932,0.5678361278235912,-1.6016532522358
1789317376195016700,16.0620166015625,-0.8459598262429237,-1.428648655283451,-2.217800552633405
1789317376204971500,16.071971435546875,-2.6684371189653873,-1.5925433324545621,-1.0921079122740776
1789317376214926600,16.081926513671874,-1.4445809684306383,3.5549209710374474,0.6756156076062471
1789317376224881700,16.091881591796874,-4.0278392195433375,2.4951333929359913,0.4745530831661075
1789317376234836500,16.10183642578125,-3.756206052187085,-0.0561275454133749,-0.528801354171522
1789317376244791800,16.111791748046876,-1.5744073717832565,0.15247545753419398,-0.6062677844833583
1789317376254746600,16.12174658203125,1.992477301031351,1.4267945518493652,-0.6142690854355692
1789317376264701700,16.13170166015625,3.305157397922873,2.9120880544185637,-0.8022582663562149
1789317376274655500,16.141655517578126,1.2068120767533779,-0.41772623037695883,-2.7526652619645
1789317376284610800,16.15161083984375,1.656350910976529,-2.3452216484099626,-2.9639652489110824
1789317376294565600,16.161565673828125,2.2880536540329457,-3.7303117324739694,-1.2737158677250147
1789317376304520700,16.171520751953125,2.607099145427346,0.7587690340459347,-0.008630173440277576
1789317376314475500,16.1814755859375,-1.1833119587004184,4.650719189196825,-1.0107627043001353
1789317376324430600,16.1914306640625,-6.281975990927219,3.5878210778594015,-2.9578762843862174
1789317376334385700,16.2013857421875,-8.972511544454097,-0.6786521257579327,-1.6687410214722156
1789317376344340500,16.211340576171875,-4.006038891145587,-2.1023907971680162,0.4885783936481923
1789317376354295800,16.2212958984375,-3.7736686436414715,-0.4706517648786306,-0.6963688381038605
1789317376364250600,16.231250732421874,1.0959130767107008,0.6913900267779827,0.650990650241822
1789317376374205700,16.241205810546877,5.442782005557418,-0.462954196113348,2.4646584674343464
1789317376384160800,16.251160888671876,8.289424066597222,-1.1334773759514092,1.7319534105800092
1789317376394115600,16.261115478515624,9.530582649588585,-2.6185826624721287,-0.12450009376332163
1789317376404070700,16.271070556640623,6.360196710205078,-1.6751619944304226,0.42328324344959106
1789317376414025500,16.281025390625,2.403375146692991,-2.935933040386438,0.4846310077292844
1789317376423980800,16.290980712890626,-1.5967197413563727,-1.4342615267291665,0.6888404884256422
1789317376433935600,16.300935546875,-3.8721898081481454,2.2179680181548,1.9569605819702147
1789317376443890700,16.310890625,-8.706234351173043,-0.053577860930562014,1.7149162049308417
1789317376453844500,16.320844482421876,-7.5438728260427705,3.5349072337955234,2.8524899102851746
1789317376463799800,16.3307998046875,-4.483862739610672,3.1300679575204846,1.5107031075052917
1789317376473754600,16.340754638671875,-5.416894115585088,-1.1142407605618239,-0.6956121014524251
1789317376483709700,16.350709716796874,1.5147779557287693,-1.2457459107816218,0.41700547835435714
1789317376493664800,16.360664794921874,3.738158354321122,-2.275174883237481,1.0539730466037989
1789317376503619600,16.37061962890625,5.377832271263003,-2.3499048377901315,0.7138198121856898
1789317376513574700,16.38057470703125,9.397135133129357,-1.3040320955336093,0.41277942162454123
1789317376523529700,16.39052978515625,10.0736783039093,-4.473212166258692,0.1358707432844676
1789317376533484800,16.40048486328125,8.65129689232707,-1.325501000019908,0.4378012328194454
1789317376543439600,16.410439697265623,1.2903823403656483,-1.8613567662149666,-1.3376388893201947
1789317376553394400,16.42039453125,-3.44787367798686,-0.01597381420135498,-2.55041396613121
1789317376563349800,16.430349853515626,-4.386185624712706,-1.4277701188832521,-0.6670708474270999
1789317376573304600,16.4403046875,-8.034320009237527,-1.016528866611421,1.9743145984835921
1789317376583259600,16.450259765625,-3.7918987123370167,2.9580437499076124,1.1376454554162918
1789317376593214700,16.460214599609376,-4.994482357740402,8.688926073497534,0.7830828065693378
1789317376603169800,16.470169677734376,-0.6937965033978223,5.021415957373381,-0.19158353388449176
1789317376613124600,16.48012451171875,-1.3843039021223782,0.021019407153129575,-1.617001189623773
1789317376623079400,16.490079345703126,0.2587748548269272,-1.6450380743235349,-3.4352918443113563
1789317376633034800,16.50003466796875,4.607061249256134,-0.7169523380577564,-2.5352225344792005
1789317376642988800,16.50998876953125,5.994212942025065,0.08908347407579421,-0.9102157330542803
1789317376652943600,16.519943603515625,5.559250914686918,0.0755424399793148,-1.2688842097848654
1789317376662898400,16.5298984375,4.326027800869942,-2.2459347602277995,-3.14457725212723
1789317376672853800,16.539853759765624,2.502892336499691,0.9750745741948484,-3.57840559926033
1789317376682808600,16.54980859375,-1.9677742369294164,-0.6433686309307813,-3.76857132050246
1789317376692763600,16.559763671875,-6.099941845953464,0.8524895202726125,-3.6538396104291078
1789317376702718700,16.56971875,-7.8660905177325,0.3699731300771236,-1.2240800954837352
1789317376712673800,16.579673828125,-3.7410429698467254,1.694007272414863,0.6040475876832381
1789317376722628600,16.589628662109376,-3.30536899484694,3.533783198201656,0.5906802661858499
1789317376732583700,16.599583740234376,-0.04321662591397762,6.64326371024549,-0.31404242241010066
1789317376742538800,16.609538818359376,0.6063309859126806,7.500784794944524,-1.2332989555321634
1789317376752493600,16.61949365234375,0.0833329477250576,-0.6749293058425188,-2.3919280161358416
1789317376762449200,16.62944921875,-1.6955243989795445,-4.532669148355722,-2.947385285510123
1789317376772404000,16.639404052734374,-8.573346222162247,2.936893994373083,-2.090806157836318
1789317376782358800,16.64935888671875,-9.808083247673512,3.1543036963716147,-1.4981642361886798
1789317376792314000,16.659314208984377,-2.132119580477476,-10.585691422224045,1.066928316701576
1789317376802269000,16.66926904296875,6.083210491383076,-7.250262804678082,1.1105261239528654
1789317376812224000,16.67922412109375,14.814416202205418,2.4088544548869133,-0.7306850222688168
1789317376822177800,16.689177734375,16.633675117403268,8.851119791969657,-1.2337731489151715
1789317376832133000,16.699133056640626,8.534109605795145,1.317294897210598,-5.147748088869452
1789317376842088000,16.709087890625,-3.66050286771059,-8.08205674292445,-9.614119595453143
1789317376852043000,16.71904296875,-10.43314056136608,-3.896762231607735,-3.3718601133644577
1789317376861997800,16.728997802734376,-2.2037240964859723,-2.047623434191942,2.1301443348817526
1789317376871953000,16.738952880859376,-4.741442831695079,4.334484663569927,1.4151203345380723
1789317376881908000,16.748907958984375,-1.337593588873744,3.925172041273117,2.4281360784620043
1789317376891862800,16.75886279296875,5.606784234756231,4.968232064196467,1.986586343296617
1789317376901818000,16.768818115234374,6.16140140004456,5.124891529417038,-2.3985265376180407
1789317376911773000,16.77877294921875,3.3073768275380133,-7.271701898548007,-7.746113892742991
1789317376921728000,16.78872802734375,1.920823685184121,1.3201619770795106,-7.085389053341746
1789317376931683000,16.79868310546875,-3.038736996778846,-6.375230028685927,-6.287735285106301
1789317376941638000,16.808637939453124,-15.200498755562304,-9.84661376159787,-1.2697808663636445
1789317376951593000,16.818593017578124,2.1812463072180748,-2.9121240025147794,2.476137016043067
1789317376961547800,16.8285478515625,4.392884830090403,1.096353221693635,3.0991780214771625
1789317376971503000,16.838503173828126,2.3218436954319475,10.424721108067034,1.4162670203551648
1789317376981458000,16.8484580078125,0.763231274151802,1.062712233376503,-4.812009821349382
1789317376991413000,16.8584130859375,-3.2379291973024604,-10.513594154262542,-7.825158787885308
1789317377001366800,16.86836669921875,-5.285124176949262,-3.482572066402435,-6.431386800193787
1789317377011322000,16.878322021484376,2.7981238215863704,-4.568642963534593,-1.7401482613429426
1789317377021277000,16.88827685546875,5.451185676765442,7.528243295234441,3.0352389255300163
1789317377031232000,16.89823193359375,4.198126228100061,1.0521288800418376,1.6009683387115596
1789317377041187000,16.90818701171875,0.387553794953227,-3.7200834761872885,0.7789716449234634
1789317377051142000,16.918141845703126,1.2656430359065531,5.65372835676074,-0.5964469399537891
1789317377061097000,16.928096923828125,-11.39934589266777,3.317365722110867,-5.229665324577689
1789317377071051800,16.9380517578125,-12.522494182306527,6.786169375401735,-3.3432740703493353
1789317377081007000,16.948007080078124,-4.483458250463008,-3.748076521745324,-0.884443213089928
1789317377090962000,16.9579619140625,-3.8640585241407153,-0.20000614725500343,-1.8107478380925952
1789317377100916700,16.967916748046875,3.3138866478234528,1.5859835355475544,1.1882051375694571
1789317377110872000,16.9778720703125,5.755802245312929,1.8530238221555948,3.376324983818829
1789317377120827000,16.987826904296874,8.180554526555538,4.522015067872405,0.42979032378867266
1789317377130782000,16.997781982421873,2.21430277364552,-4.152310817864537,-3.17237506737411
1789317377140737000,17.007737060546877,-1.750054446068406,-1.5600386546909808,-3.1258056239008902
1789317377150692000,17.017692138671876,2.8065298308819533,-5.940784134176373,-2.2866350194066762
1789317377160647000,17.02764697265625,-3.432328902852535,-5.760138813212514,0.9069272859681398
1789317377170601000,17.03760107421875,-1.548396732214093,3.242715262535214,1.2337021295055746
1789317377180556000,17.04755615234375,-0.3150935388982296,3.4285146052613853,-1.8503632246442139
1789317377190511000,17.057510986328126,-3.1551433620661493,1.8199097803220152,-2.208672366543114
1789317377200466000,17.0674658203125,0.5283873300105333,0.8030746242403983,-0.500057453713566
1789317377210420700,17.077420654296876,-2.39310042091608,3.188286922255158,-1.966210640874505
1789317377220376000,17.0873759765625,-3.2835137213915586,-1.631872887802124,-2.6051626244068142
1789317377230331000,17.097330810546875,0.4413479289829731,2.0479653794974086,1.434459241258353
1789317377240286000,17.107285888671875,1.6036287900924682,-4.15504754935205,2.308775977935642
1789317377250241000,17.117240966796874,1.7714561305373906,-1.8782804284870624,-0.2654900614913553
1789317377260196000,17.127196044921874,0.7676976059108972,0.8005793002933264,-3.758278182286024
1789317377270151000,17.13715087890625,0.37326106570661066,-2.571033560311794,-3.276427562522888
1789317377280105700,17.147105712890625,1.3827239394545554,-0.7504600553840398,-1.5556436346024274
1789317377290061000,17.15706103515625,-0.9786462952017784,-7.791245996889471,-0.6923976694505661
1789317377300015900,17.167015869140624,1.1357868219375609,-2.5052380228430033,2.5483900590881703
1789317377309971000,17.176970947265627,2.7780788124233484,3.606784721526503,3.370987422183156
1789317377319926000,17.186926025390626,0.2863309702724218,0.4430594090759754,2.2071754059836266
1789317377329880800,17.196880859375,-0.8775164095014333,3.781764564074576,-0.02428922260403633
1789317377339836000,17.2068359375,-7.612343135678768,-1.0204197365701198,-1.9186144847020505
1789317377349790000,17.2167900390625,-6.068143855154514,-0.5748664648517966,-0.863511338089779
1789317377359745000,17.2267451171875,-4.8735932940810915,3.323123554985225,0.868642344302684
1789317377369699800,17.236699951171875,-3.2639322380870577,-1.92302616366446,1.885815500167012
1789317377379655000,17.246655029296875,3.692978903901577,0.7767723082482815,4.09687709993422
1789317377389610000,17.25660986328125,4.381422940355539,-1.7157108624398707,4.2708723153591155
1789317377399565000,17.26656494140625,6.846110341623425,-1.985862266805768,1.2654765932984648
1789317377409519900,17.276519775390625,5.992215630728006,-1.5248445917129516,-0.13723320901039987
1789317377419475000,17.286474853515625,3.93505046120882,-3.1582302221655842,-1.1776178387120366
1789317377429430000,17.296429931640624,2.506347445389628,-1.9602882650882005,-0.8919264815174043
1789317377439384800,17.306384765625,-2.940646040382981,-0.10676906063109635,0.7619934029199182
1789317377449340000,17.31633984375,-3.129434920313954,-1.2816779326453804,0.8494998369373381
1789317377459295000,17.326294921875,-2.7315292426943776,5.305039422252774,3.60273427709192
1789317377469250000,17.33625,-1.591286610391736,-0.15402794767320155,3.483332821641862
1789317377479204900,17.346204833984373,-0.3722574416220188,0.09027999038398266,2.0896806609377263
1789317377489160000,17.356159912109376,-0.665700874248147,-1.5975521005272864,0.015395311060501262
1789317377499115000,17.366114990234376,2.4038299047231675,-1.3417834417790173,-1.2166600284855813
1789317377509069800,17.37606982421875,5.253037432336807,2.601562554088235,0.08140574252214282
1789317377519025000,17.38602490234375,5.157864409214258,-1.8169342716425656,0.5249663791185245
1789317377528979000,17.39597900390625,1.8038415658354758,-0.5488175390988588,0.9914652986340224
1789317377538934000,17.40593408203125,-0.9737181911498307,-3.6602486006885764,0.05032170867882669
1789317377548888800,17.415888916015625,1.3515654156029224,0.506690461987257,2.003504160349816
1789317377558844000,17.425843994140624,-4.127102142328024,6.126447575563192,2.376103839538246
1789317377568799000,17.435799072265624,-8.880361668545007,1.854235536032915,-1.466647400418669
1789317377578754000,17.445754150390623,-5.085169759881496,-0.3127902303919196,1.0611514138005673
1789317377588708900,17.455708984375,0.9939783043682575,-2.587646841460466,0.7464371565435082
1789317377598664000,17.465663818359374,1.9353730195403098,1.7214327472180126,1.2071409433815627
1789317377608619000,17.475618896484374,4.503372911244631,6.079766488409042,3.073308543944359
1789317377618573800,17.48557373046875,1.3656056313931941,0.9431927045047283,-0.09836319746598601
1789317377628529000,17.49552880859375,-4.59614004226923,-2.6474428462535142,-3.321404183846712
1789317377638484000,17.50548388671875,-2.6930431524336336,-2.389049976481497,-1.4319061957746744
1789317377648439000,17.51543896484375,-2.048365192469954,-1.0032710333704948,1.8654247463062406
1789317377658393900,17.525393798828127,-1.611482426202297,1.227119828505814,1.3618388262055814
1789317377668349000,17.535348876953126,-2.411702830055356,2.3642653715759514,0.8548504041850566
1789317377678304000,17.545303955078126,1.821210049265623,1.0124415972977876,0.7850391282688826
1789317377688258800,17.5552587890625,4.217850919267535,0.8759142350018024,0.7265330902211368
1789317377698212900,17.565212890625,4.104885634344816,0.2996124766498804,0.016550591176003215
1789317377708168000,17.57516796875,2.814435489439964,-0.0007113631397485733,-0.8824510894246399
1789317377718123000,17.585123046875,-0.0331657720208168,-4.684386480998993,-1.9270545423977077
1789317377728077800,17.595077880859375,0.979516063773632,1.1541899091124534,0.8415506314985454
1789317377738033200,17.605033203125,0.04391103791892528,3.957445248368382,2.3388572279445827
1789317377747988000,17.614988037109374,-5.147785498270392,-2.118017989888787,1.0175377513930202
1789317377757943000,17.624943115234377,-3.0349492949336767,-2.2070547022134064,1.3366962016426025
1789317377767897000,17.63489697265625,0.29046120194494723,0.7356991241037845,1.6679190375648438
1789317377777852200,17.64485205078125,3.0860955448031424,0.6708300538301467,1.0681931490056216
1789317377787807200,17.65480712890625,5.32179415769875,-1.0254401950806378,-0.9128890439167618
1789317377797762000,17.664761962890626,5.871753852570056,0.618111440077424,-2.3518748226888477
1789317377807717000,17.674717041015626,4.93512240627706,-4.257925155502558,-2.0755156497240064
1789317377817672200,17.684672119140625,2.365444936749339,-0.5696820479512215,-0.24664266461506484
1789317377827627300,17.694627197265625,-0.1886515172868967,-2.321587674844265,0.7523653044834733
1789317377837582000,17.70458203125,-2.4217449161201716,-3.1673104774609206,2.300586972391605
1789317377847537200,17.714537109375,-2.8296365657031535,-0.4275318773373961,3.755471308171749
1789317377857491200,17.7244912109375,-3.7500609735608097,2.0494412972688676,2.809543625745177
1789317377867446300,17.7344462890625,-3.6262481314092874,3.8667388492658734,0.6889668912842869
1789317377877401000,17.744401123046874,-3.017889439061284,-2.8294924810573456,-0.7070309557631611
1789317377887356200,17.754356201171873,-0.5084656549662351,-2.3180007562682032,-0.22832564828842877
1789317377897311200,17.764311279296876,0.9903396556049585,-2.491271749071777,1.1159510716110468
1789317377907266000,17.77426611328125,3.3130162947297093,-1.033524717336893,1.5068766810849308
1789317377917221000,17.78422119140625,4.669579372489452,3.915281638638675,1.273019409893453
1789317377927176200,17.79417626953125,0.24587796385288238,-2.9086937358051537,-0.3112288262940943
1789317377937131300,17.80413134765625,-0.82739131937325,1.0185139029487966,-1.2445238216407597
1789317377947086000,17.814086181640626,-3.0164322259902954,-3.2113691071569916,-1.8040533088900148
1789317377957041200,17.824041259765625,-5.116240020927787,-1.2357640304714441,-0.3387143607214093
1789317377966996200,17.833996337890625,-2.7442864329367875,6.022059564849734,2.4871710357546806
1789317377976951000,17.843950927734376,-3.839986159157753,3.135054806022346,2.1827378609500823
1789317377986906000,17.853906005859375,-0.5050339269518852,5.531168729540705,1.2098372697934507
1789317377996861200,17.863861083984375,1.0052391185730696,-2.721812443061173,-0.1567420289374888
1789317378006816300,17.873816162109375,2.5347078629553317,1.9544231724470853,-0.5858864560380578
1789317378016771000,17.88377099609375,2.9257880784690378,6.258122821652889,-1.0933506788767873
1789317378026725000,17.89372509765625,0.5129758258670568,-1.14508568841964,-2.00328657207638
1789317378036680200,17.90368017578125,0.6426514225721359,-2.24223152179569,0.0664219988040626
1789317378046635300,17.91363525390625,-1.4041998582035302,-4.387454037213325,1.0618959485575556
1789317378056590000,17.923590087890624,-1.874655223727226,1.0555229063943028,1.8975702353686092
1789317378066545200,17.933545166015627,0.4248001142859459,2.1583426937535406,2.3699920786596835
1789317378076500200,17.943500244140626,-4.987830498635769,4.915450322079658,0.3886588335856795
1789317378086455000,17.953455078125,-7.781853314644098,-0.06162000534981489,-2.678305017507076
1789317378096410000,17.96341015625,-3.885066825377941,-4.408834678894281,-0.30669805099666114
1789317378106365200,17.973365234375,3.8835476529866453,-0.09736556473076342,2.395161006707698
1789317378116320300,17.9833203125,5.1572921622842545,-3.5926737785875793,2.1707136611573397
1789317378126275000,17.993275146484375,7.271466336226463,0.5603899034708738,1.9937300775714217
1789317378136230100,18.003230224609375,8.704332316944003,1.6890262691318987,-0.08757409242615104
1789317378146185200,18.013185302734374,3.6542484834909437,-0.18954788160473107,-2.224646473005414
1789317378156140000,18.02314013671875,-1.085280623537302,-3.8145609182611104,-2.1661939917758106
1789317378166095400,18.033095458984373,-1.2660434334009885,-8.04218299769759,-1.0495715967744588
1789317378176050200,18.04305029296875,-5.566475020721555,2.8828952776819468,1.932257371737808
1789317378186005000,18.0530048828125,-6.394446770331263,6.2665726700901985,2.3228150246821344
1789317378195959000,18.062958984375,-6.955477894315123,3.225406984859705,0.7040393727317452
1789317378205914400,18.072914306640627,-4.13143578761816,1.6543810722082852,1.1626618232510983
1789317378215869200,18.082869140625,2.6233044302970168,-3.1354595874309537,-0.3326027459733188
1789317378225824000,18.092823974609374,3.452763788115978,-0.9603145196974276,-2.012358790195733
1789317378235779000,18.102779052734373,8.020264595878123,-0.6990232981353998,-0.7626097812525927
1789317378245734100,18.112734130859376,9.074909842655062,2.113988295981288,0.45413712179884314
1789317378255689200,18.122689208984376,1.597422336667776,-0.8190589598357677,-0.47100160122960805
1789317378265644000,18.13264404296875,-6.351358739233016,-6.31606647657752,-0.9407966031484305
1789317378275599400,18.142599365234375,0.4005383642107248,-0.528786850722134,2.633557821024954
1789317378285554200,18.15255419921875,0.12280103476047514,1.3992904588520525,3.714660574355721
1789317378295509000,18.162509033203126,-6.594397095745801,1.4998744011074303,0.4457390035487711
1789317378305464300,18.17246435546875,-3.6107296597599983,3.5603944340124722,-1.1965319441489874
1789317378315419100,18.182419189453125,-4.084380021932721,-0.5443313335955142,-0.39622181618586183
1789317378325374200,18.192374267578124,0.9886112243771552,1.0258329937905073,2.6873253593087196
1789317378335329000,18.2023291015625,5.9965925306379795,0.12378127796947955,2.235706065549701
1789317378345284000,18.2122841796875,4.977885443204641,-2.3186095358163117,0.5766200305208563
1789317378355238100,18.222238037109374,1.8719962336510418,-2.2141209873378274,1.7550719819694756
1789317378365193200,18.232193115234374,3.2539696469992396,-4.292496118146181,1.8250329685546456
1789317378375148000,18.24214794921875,0.5977005202114581,1.7023437236055732,2.169721142988652
1789317378385103000,18.25210302734375,-2.785604531753063,-0.47460284059196706,1.4603209738761185
1789317378395058200,18.26205810546875,-2.5520073728024957,-0.5447735244050622,2.727733942064643
1789317378405013000,18.272012939453123,-4.642926927885413,0.9099927379533648,1.9639602315992115
1789317378414968300,18.28196826171875,-4.001679526892304,-2.883148375660181,0.42990971238464115
1789317378424923100,18.291923095703126,1.6573071887880564,2.2264847943484782,2.2377407862477003
1789317378434878200,18.301878173828126,4.178308597952127,0.5178694431275129,2.9093823025912044
1789317378444833000,18.3118330078125,4.223097587749362,-2.0642530819535256,1.8988019691206515
1789317378454788000,18.3217880859375,6.678121088615059,0.2067073984593153,1.3304403561182319
1789317378464743200,18.3317431640625,2.7195827843129634,-1.929352444076538,1.521074425524473
1789317378474698000,18.341697998046875,-1.7679273718893527,-2.8688264203190803,0.7622301342852413
1789317378484653300,18.3516533203125,-0.4637760338902473,0.3767459852129221,1.2238574657090007
1789317378494608100,18.361608154296874,-8.09032188244462,5.508522597968578,3.1714336948707698
1789317378504563200,18.371563232421874,-4.5546004096567625,1.367827106834948,3.7914948077112434
1789317378514517000,18.38151708984375,-5.528782126665115,-0.4879506902039051,3.4828064596801993
1789317378524472300,18.391472412109376,-1.7540040604770182,-0.7753323385730385,3.359366834755242
1789317378534427100,18.40142724609375,2.4982272672981023,0.8977332681000232,4.8149330153197045
1789317378544382200,18.41138232421875,3.3124785345911976,1.7347908259630203,3.7108483225911852
1789317378554337300,18.421337158203126,5.036652689471841,0.5598492207229137,1.9296239544942975
1789317378564292000,18.4312919921875,4.7005309755921365,-0.8336617779448628,1.4526388949409126
1789317378574247200,18.4412470703125,0.2317816339612007,-5.141143576037884,1.640205539600551
1789317378584202000,18.451201904296877,-2.322383793658018,-3.9220580009058117,3.015153292095661
1789317378594157300,18.4611572265625,-2.3437445615947246,6.231224293333292,4.132375114294886
1789317378604112100,18.471112060546876,-8.270006249421835,0.9768217101231217,3.6554280486643314
1789317378614067200,18.481067138671875,-1.0097621489554642,0.5113333193570375,4.412056271289289
1789317378624022300,18.491022216796875,-0.2138701296955347,-3.155787212927639,2.535162328724563
1789317378633977000,18.50097705078125,1.8617676851034164,-1.7912141394525765,0.7903121733009815
1789317378643932200,18.51093212890625,5.0888428954362865,4.504116130827367,1.528046018102765
1789317378653887200,18.52088720703125,5.169210563614964,-0.061196519240736956,1.373564189182222
1789317378663842300,18.53084228515625,2.6837159366399046,-0.7664660182893276,1.5987649834483861
1789317378673796000,18.540796142578124,-1.2162053435206412,-5.973123976767063,1.4739903105273842
1789317378683751200,18.550751220703123,-0.8810276324927806,-2.9593340819790956,3.5810625435099004
1789317378693706000,18.5607060546875,-0.6598556553512811,1.3679323207750915,5.167733476799726
1789317378703661300,18.570661376953126,-5.340380784747004,5.266394926559925,3.147653006310761
1789317378713616100,18.5806162109375,-5.270419944292307,-0.7308186585858464,-0.9414023139566182
1789317378723571000,18.590571044921877,-1.737443386298418,-5.7819210214316845,0.8170894133284687
1789317378733526300,18.6005263671875,3.697650402843952,-1.0768927344202994,2.9222838697403666
1789317378743481000,18.610481201171876,3.1419764219790696,3.5860981995895505,2.1274285000517965
1789317378753436200,18.620436279296875,2.1733336343973875,-0.07990940301716327,1.8295386094108224
1789317378763391700,18.630391845703127,1.5877999373197555,-2.598563372272253,2.3951406945720315
1789317378773346600,18.6403466796875,-0.3882482069581747,-6.4368906583070755,2.1043504068031904
1789317378783301600,18.650301513671874,2.973819411188364,-1.414063957352936,2.75546278372854
1789317378793256700,18.660256591796873,3.747900580656528,4.646386420689523,3.697256727351248
1789317378803211800,18.670211669921876,-2.074552942171693,-0.6539613366156816,1.6603294592186808
1789317378813166600,18.68016650390625,-2.432635143446922,-2.6688115052357313,-0.2582525845184922
1789317378823121700,18.69012158203125,-6.151179865759611,-5.03437831479907,0.223543382447958
1789317378833075700,18.70007568359375,-8.783121776020526,3.8556393631026147,3.59169441216141
1789317378843030800,18.71003076171875,-4.6364229528188705,3.5644454629689455,6.153204065063595
1789317378852985600,18.719985595703125,-4.258641194817423,-4.821191491192579,2.103332754193246
1789317378862940700,18.729940673828125,-0.0005400982260704041,-6.417724185544252,1.1850903665497898
1789317378872895700,18.739895751953124,6.00621376094222,0.7726195724830031,3.974752649261057
1789317378882850600,18.7498505859375,1.9253502226978538,9.447734270510077,2.380980944055319
1789317378892805600,18.7598056640625,-4.913742933639884,-1.4382456279292701,-3.7297760181620716
1789317378902760700,18.7697607421875,-10.368990453016757,-4.270853610658645,1.0404235369399188
1789317378912715800,18.7797158203125,0.2887538135051727,-5.4799067443370815,7.416710088941454
1789317378922670600,18.789670654296874,-2.5857079823523756,-3.209464734840393,5.350305381911992
1789317378932625700,18.799625732421877,-0.2866144633889198,6.869322874906659,4.799149170732498
1789317378942580700,18.809580810546876,5.541372728168964,3.589686579470336,3.089192341774702
1789317378952535600,18.81953564453125,0.8376642915844916,1.083807336114347,-0.24654110393673181
1789317378962490600,18.82949072265625,-1.3558961382836103,-5.180588282197713,-2.3269684910997745
1789317378972445700,18.83944580078125,0.8148778747588395,-4.377315797297657,-0.16693565230220556
1789317378982400800,18.84940087890625,-2.398455225947499,0.3540978078141808,3.198030317634344
1789317378992354600,18.8593544921875,-4.498451821455359,1.6407164117321371,5.080501768070459
1789317379002309600,18.8693095703125,-6.571419540262222,5.1743432503283024,5.311088054767251
1789317379012264700,18.8792646484375,-7.7112366406291715,1.3782473785623908,2.94970291480273
1789317379022219800,18.8892197265625,-4.466961289170384,-0.3396270916521549,0.9398501160785555
1789317379032174600,18.899174560546875,-3.5817262681156397,-4.885367610765993,-2.063419845999777
1789317379042129700,18.909129638671875,1.955760558530688,-4.193446545851231,-0.8415624680668116
1789317379052084700,18.919084716796874,5.909609243711829,-1.4541592363759874,1.9331947987183928
1789317379062039600,18.92903955078125,8.440546355956792,-1.0271870387479662,1.6344105895861982
1789317379071994600,18.93899462890625,7.254867668125033,-0.2111144012466073,1.2506889201417564
1789317379081949700,18.94894970703125,1.3250918346971272,-6.14720862404108,1.148994678556919
1789317379091904800,18.95890478515625,-1.099126193538308,-6.037793140554427,1.2152046420454978
1789317379101859600,18.968859619140623,-3.73122417114377,3.4855201025530693,1.765147970303893
1789317379111814700,18.978814697265626,-7.498961086648702,3.1600185668870804,-0.9541936987295746
1789317379121769700,18.988769775390626,-11.585609638035297,3.7719960342541334,-2.603666248369217
1789317379131724500,18.998724609375,-5.3502516058981415,-0.2611836695343256,1.3791872897610067
1789317379141679900,19.008679931640625,2.7838457053869963,-0.49767041244655846,4.859177815237641
1789317379151633700,19.018633544921876,1.8483792112201451,-3.1785432346150277,1.9263915484443306
1789317379161588700,19.028588623046875,4.658589191919565,0.21018734952956436,3.009578999094665
1789317379171543600,19.03854345703125,6.375842023104429,-1.7990654374748467,4.4360643388643854
1789317379181499000,19.048498779296875,1.9669068064451216,0.7172185877785087,3.0299969332233068
1789317379191453700,19.05845361328125,-5.467697251105308,-5.33731029126048,0.9797545487046241
1789317379201408500,19.068408447265625,0.2528472183436155,-1.6618381102159618,2.5329727097257972
1789317379211363600,19.078363525390625,-3.6995606203794478,-1.9104066283270715,3.312810250763595
1789317379221318700,19.088318603515624,-3.537024956601858,-0.6027747547358274,2.226750167286396
1789317379231273700,19.098273681640624,0.14532149412631987,3.868102831095457,1.5346668975472448
1789317379241228500,19.108228515625,-1.1090572204440832,-4.35131100294739,0.9644421210214495
1789317379251183900,19.118183837890626,0.4717418982028961,0.8177060839220881,2.195649218840897
1789317379261138700,19.128138671875,1.2987661378294229,-3.4760172379314898,3.0107471660912033
1789317379271093500,19.138093505859374,0.8653612768054008,-0.1816089052990079,3.75313848131001
1789317379281048600,19.148048583984377,-0.37537761946916576,1.156094865950942,2.529445996904373
1789317379291003600,19.158003662109376,-3.674891458547115,2.658649884444475,0.5790066333964466
1789317379300958700,19.167958740234376,-1.7348744125932454,5.296313679483532,-0.6118950497806072
1789317379310912500,19.17791259765625,-4.765069206476212,-6.096974228319525,-0.6479068588823079
1789317379320867600,19.18786767578125,0.5097463424265385,-1.683639899918437,0.24948884782642125
1789317379330822700,19.19782275390625,0.35416824270188807,-1.142182075932622,1.3374810684099792
1789317379340777700,19.20777783203125,4.36631480307281,-0.036111762344837185,3.2377251991629596
1789317379350732500,19.217732666015625,5.882839310207963,6.881262903547286,4.143761600705981
1789317379360687600,19.2276875,0.504441221755743,-3.507568560492992,0.9090919897213577
1789317379370642700,19.237642578125,-3.1972160786420103,-5.818432012227177,0.1539762174859643
1789317379380597500,19.247597412109375,-1.359080029016733,-3.0758129279807207,1.5912898252621293
1789317379390552800,19.257552734375,-3.883175312542915,4.855240475788713,2.9017130831375715
1789317379400507600,19.267507568359374,-3.0351620609015226,5.514534990125894,2.429931145185232
1789317379410462700,19.277462646484373,-5.107329569241404,-1.4422738605320453,1.8723381789565086
1789317379420417500,19.28741748046875,-0.8553630298823117,-3.4582124089106916,4.081782406654954
1789317379430372600,19.29737255859375,3.1269033560097217,-4.209567659568786,4.29746776907891
1789317379440327700,19.30732763671875,4.206607056197524,1.2150307467833161,3.0113965699106453
1789317379450282500,19.317282470703127,3.2231822945475574,2.159874141104519,2.2736039806589483
1789317379460236500,19.327236572265626,1.7803706738770007,-4.408691178770363,0.935306042908132
1789317379470191600,19.337191650390626,-1.5559043313652277,-2.7493668049409985,0.9139730397611856
1789317379480146700,19.347146728515625,-0.6603940000116825,-2.5043068794727326,2.2626602695792912
1789317379490101500,19.3571015625,-2.4536785159975287,2.431503509068489,4.414795633125305
1789317379500056800,19.367056884765624,-4.401856072053313,1.8019865856185555,4.021305433860421
1789317379510011600,19.37701171875,-4.764983281758427,0.44509588333964345,3.2512150875940917
1789317379519966700,19.386966796875,-1.6502017406970262,0.5984364332705736,2.716974355380237
1789317379529921800,19.396921875,1.1825193470180033,-0.052178807787597176,1.742277674587071
1789317379539876600,19.406876708984374,-0.6719839000403881,0.9206132084280252,1.4070821356415748
1789317379549831700,19.416831787109373,0.903039557814598,-2.377378827910125,0.8476575700715183
1789317379559786500,19.426786376953125,0.41458910139501093,-7.737866873401403,2.26120773268342
1789317379569741800,19.436741943359376,2.9025615166604517,-4.431958072589338,4.27975880164802
1789317379579696600,19.446696533203124,2.684381122550368,7.066674415999651,4.488543590903282
1789317379589651700,19.456651611328127,-1.1555915926039217,3.0914079719975587,1.25966220793128
1789317379599606800,19.466606689453126,-3.8167747949182984,-3.2114567854404448,-0.1521981018975377
1789317379609561600,19.4765615234375,-2.793862657010555,-6.8942860512495034,0.6888029328942299
1789317379619515600,19.486515625,0.9387129287421703,1.958996763972938,1.9897198190167544
1789317379629470500,19.496470458984376,-1.0730524256050586,6.363962784740329,1.5667703010335563
1789317379639425800,19.50642578125,-0.10483633900284767,0.9973840211585163,-0.27307226024866105
1789317379649380600,19.516380615234375,-2.998562222778797,-4.427837777788937,0.8677999021291732
1789317379659335700,19.526335693359375,0.07702712557911873,-5.7980783755064005,2.6839044449493286
1789317379669290500,19.53629052734375,2.470612115141749,-3.2926673341840504,2.6340496961951256
1789317379679245800,19.546245849609374,2.785324545767903,1.7377257103711365,2.2567905007630586
1789317379689200600,19.55620068359375,1.3738935672670602,3.248875830991566,0.7346478614851832
1789317379699155500,19.566155517578125,0.18460019606947897,-3.1525454545274374,-1.352349551717937
1789317379709110800,19.57611083984375,-0.000989011037349701,-3.946102601099014,-1.2960530794784426
1789317379719065600,19.586065673828124,-1.2711895641177893,0.06109568921476602,1.2488158197462558
1789317379729020700,19.596020751953127,-2.3899030861794945,-1.6889517425909637,3.1116832827851173
1789317379738975700,19.605975830078126,-0.28519758232831954,-0.8807049764096736,2.99118058809489
1789317379748930800,19.615930908203126,-0.5027063607871533,0.47734629408121104,2.913560172797739
1789317379758885600,19.6258857421875,-2.00120713545382,3.2951366469070313,0.9071925858408212
1789317379768840200,19.635840087890625,-2.832505399137735,-0.9208163297846913,-1.6926558578059077
1789317379778795000,19.645794921875,-6.502541818869114,-0.26775749496668577,0.012945990812778472
1789317379788750000,19.65575,-1.7507774996459482,-0.5590925571367145,1.6637828145429492
1789317379798705200,19.665705078125,-0.9782131644815206,-4.25987862765789,3.19432561789751
1789317379808660000,19.675659912109374,4.553955097490549,5.761538158616423,5.959833118039369
1789317379818615000,19.685614990234374,5.721790670117736,3.276009337110817,3.824526431958377
1789317379828570000,19.695570068359373,2.447662032186985,-2.4584908847153186,-0.10883300742357968
1789317379838525200,19.705525146484376,0.5109492884755135,-2.1454349891245363,-0.9414569667533039
1789317379848480000,19.71547998046875,-2.5773481502860784,-3.296590060585737,-0.35141982077658174
1789317379858435000,19.72543505859375,-6.198606802845001,0.7383022923395037,1.0658747890606521
1789317379868390100,19.73539013671875,-4.704454871037602,-0.4869426822051406,3.5103356871187685
1789317379878345000,19.745344970703126,-1.441022983688116,1.6855156306624413,3.633338966453075
1789317379888300300,19.75530029296875,0.4244587535023689,3.2473212950259445,2.521271750538051
1789317379898255000,19.765255126953125,1.755761717799306,0.16449673471748827,0.4116752597749233
1789317379908210000,19.7752099609375,0.268141233587265,2.8282266989052296,-1.6131243481904267
1789317379918165000,19.7851650390625,0.5898959839403629,-1.3794596769616008,-3.1074662496119734
1789317379928119300,19.795119384765623,2.2707179038286207,-2.1539467968821526,0.9747036950558423
1789317379938074000,19.80507421875,1.1553361565381288,-7.3625383537709705,3.298210939785838
1789317379948029000,19.81502880859375,0.29085575422048565,-1.5010823155924677,3.134791478911042
1789317379957984000,19.82498388671875,-2.046200707912445,3.2566718916952606,3.049887336346507
1789317379967939000,19.83493896484375,0.07235562663674354,0.7087412668123841,0.8285542256727814
1789317379977894100,19.84489404296875,-2.9418595078259706,-1.4953420183748005,-0.5513967419371009
1789317379987849000,19.854848876953124,-1.1828519399732351,-0.8491051385313272,0.35076574078202244
1789317379997804300,19.86480419921875,-3.8722716412127016,0.5598927676036953,2.2917425716787574
1789317380007759000,19.874759033203127,-0.5706693054229021,-0.6622638855367898,3.387902608887851
1789317380017714000,19.8847138671875,0.875952228924632,0.20596973183453082,4.6270022135227915
1789317380027669000,19.8946689453125,4.7470530727922915,3.6384263527199625,4.411598006127774
1789317380037624000,19.9046240234375,0.6246516555011272,-1.5275862916365266,0.2475260233208537
1789317380047579100,19.9145791015625,-3.070760028505325,-0.8242907230094074,-2.153692237599194
1789317380057534000,19.924533935546876,0.9002209932625294,-5.593164874726534,-1.178881575037539
1789317380067488000,19.934488037109375,-1.3580652990162372,-3.9714375333636998,3.284159910340607
1789317380077443000,19.944443115234375,3.9123791951954363,-0.008333528581261634,5.427131431961059
1789317380087398100,19.954398193359374,1.0148369680017233,2.8054131018117068,6.184239254796505
1789317380097353000,19.96435302734375,0.1404623636573553,3.878194016999006,4.8027451493978495
1789317380107308000,19.97430810546875,-1.2542471971452236,-6.645234133535623,2.1950191042438147
1789317380117263000,19.98426318359375,-1.9687275921314953,-2.0921754003629087,2.3314947363525627
1789317380127218000,19.994218017578124,0.960118120342493,-2.5763725832521915,0.930136239054799
1789317380137173200,20.00417333984375,-1.9677268906563519,2.5788141311854123,2.191103976626694
1789317380147128000,20.014128173828126,2.1002327423512934,2.8116286153256893,2.5025641274586317
1789317380157083100,20.024083251953126,-2.3463772481858727,-4.499440540231764,2.3504490276694296
1789317380167038000,20.034037841796874,0.2449608490079641,-3.263139918665588,4.17849944434911
1789317380176993000,20.043992919921877,0.039057168146967886,-6.137200440245866,4.418589180189371
1789317380186948000,20.053947998046876,-1.1785270625114441,1.9357932907789945,3.894153218153119
1789317380196903000,20.06390283203125,-0.16422843917012214,4.035627973723411,2.076397400994599
1789317380206858200,20.073858154296875,-1.9514719214260576,2.186566625458002,1.156007187667489
1789317380216812000,20.08381201171875,0.0030582185268402096,-1.780185672698915,0.8523498195409774
1789317380226767000,20.09376708984375,-0.6785346368581057,-2.1408727957755325,2.0564125975862146
1789317380236722000,20.103721923828125,-1.2489490907371044,4.427004834096134,2.6113173476442695
1789317380246677200,20.11367724609375,-3.9144618466883894,1.9592478161245583,0.8531304485246538
1789317380256632000,20.123632080078124,-4.537219651266932,-1.617265685778856,0.17046382642835378
1789317380266587100,20.133587158203124,-2.7705314657837152,-2.839008789682388,1.7158914797037839
1789317380276542200,20.143542236328123,0.9217202928870916,0.29636691885739563,3.3451994854539633
1789317380286497000,20.1534970703125,2.5507804613560436,3.8726691160976885,2.40756412281543
1789317380296452000,20.1634521484375,0.3407125488013029,-1.364640001231432,0.7853595193296671
1789317380306407000,20.173406982421874,2.126784064668417,0.510002655275166,0.7700117280721664
1789317380316362200,20.1833623046875,-0.9333996247649192,-2.4554043168768285,-0.6664632369227707
1789317380326317000,20.193317138671876,-0.3612415420889854,2.3811843576729297,-0.37356472482830283
1789317380336272100,20.203272216796876,-1.1161486400097609,-1.1585875595495103,0.5383832388460635
1789317380346227200,20.213227294921875,-2.512571434471011,-4.296193803620338,1.1150932857379316
1789317380356181200,20.22318115234375,-3.303181129413843,1.566487392438948,0.9202288852855562
1789317380366136000,20.233135986328126,-4.515722105208039,2.4849463454425336,-1.089199696677178
1789317380376091000,20.2430908203125,2.886100211203098,-2.3808579021975396,-1.2959889282010495
1789317380386046200,20.253046142578125,9.804291454175114,-8.936377570277452,-0.4045125285387039
1789317380396001000,20.2630009765625,19.620206710648535,11.737720938432217,2.546070676229894
1789317380405956000,20.2729560546875,-5.754034066596627,10.809661505651473,0.6532638558708131
1789317380415911000,20.282910888671875,-17.52505112543106,-9.797450209978223,-11.882229947131872
1789317380425866200,20.2928662109375,-13.593548712092637,2.8922414904370903,1.5401085040792821
1789317380435821000,20.302821044921874,-3.167683110165596,-10.772511632430552,3.968623060464859
1789317380445776000,20.31277587890625,4.932151281511783,-3.6766950008377433,-1.1501719056427477
1789317380455731200,20.322731201171877,9.890541750651597,7.265041271615028,3.217502495345473
1789317380465686000,20.33268603515625,18.454001369571685,15.146387226146459,2.649846984785795
1789317380475641000,20.34264111328125,-1.6544313410907983,9.326381680992245,-6.997133846783638
1789317380485596200,20.35259619140625,-31.95832982946634,-17.702471054607628,-17.00417314813733
1789317380495551200,20.36255126953125,-5.684562470963597,-4.428498287524283,2.8028642941117283
1789317380505505000,20.372505126953126,6.000230010357499,-6.503394636306166,-0.0638984716758132
1789317380515460000,20.382460205078125,6.309104236349463,-14.84531753642559,-0.5951081656306981
1789317380525415200,20.392415283203125,25.601974597120282,27.342250576496124,10.212357291281222
1789317380535370000,20.402369873046876,24.498411297917364,25.674766277086732,3.342658276538551
1789317380545325000,20.412324951171875,-25.328881294083594,-15.013140785217285,-16.89068588516712
1789317380555280000,20.42227978515625,-24.62532736678123,-16.008153693330286,-12.227641467404364
1789317380565235200,20.432235107421874,10.310964965027571,2.72275907626152,8.127991395625472
1789317380575190000,20.44218994140625,-1.7593728940337896,-4.6244241797283285,-2.77870951154232
1789317380585145000,20.45214501953125,-6.088679862704873,-7.3205369488656515,-5.258732429108023
1789317380595100200,20.46210009765625,12.443814028823375,16.1030566673398,5.593032772779464
1789317380605055000,20.472054931640624,16.622177571833134,17.78172871571779,0.7475251709759235
1789317380615010000,20.482010009765624,-1.0101286441802977,2.8241122493237256,-9.974440515565872
1789317380624964900,20.49196484375,-13.662707003992795,-15.067418318849802,-7.2941732580751175
1789317380634920200,20.501920166015626,5.337291586560011,-19.475918651223182,-5.769716204375028
1789317380644874000,20.5118740234375,0.2951163342744112,6.200781808796525,-1.2842689720518887
1789317380654829000,20.5218291015625,1.5295242739617823,11.38905012410283,0.8542273769158869
1789317380664784000,20.531783935546876,12.13367255937457,10.154302577197551,0.1889937548533082
1789317380674739200,20.5417392578125,0.6534896274507045,-2.320499295085668,-1.2327224708184599
1789317380684694000,20.551694091796875,-6.080023093518615,-16.573180608952043,-4.449011206459999
1789317380694649000,20.561649169921875,-5.209919590622186,7.373849436858296,-1.573213631954044
1789317380704604200,20.571604248046874,-0.8806284040421247,2.63193431147635,-2.6357448096752165
1789317380714559000,20.58155908203125,-6.71031129360199,9.630876084464788,-1.7419225775390863
1789317380724514000,20.59151416015625,-4.649863449150324,7.863272537702321,-1.6122170240871607
1789317380734469000,20.60146923828125,0.34147359630167484,-0.7419488321483135,-1.1950310380667448
1789317380744424200,20.611424072265624,6.923987362030148,-1.557255745974183,-3.756162797567248
1789317380754379000,20.62137890625,2.1052456020772454,-3.4789942079156635,-3.344934112516045
1789317380764333600,20.63133349609375,-4.7602036462664605,4.081156968232989,-1.7023608208708465
1789317380774288400,20.641288330078126,1.0386363612622023,-1.084791963237524,-3.7269632988288994
1789317380784242400,20.651242431640625,-6.89796678558886,-4.031992832091451,1.1054260243348777
1789317380794197500,20.661197509765625,5.459913173100352,-3.451484269699454,2.1341703755274413
1789317380804152600,20.671152587890624,4.458721868613362,0.27227964856624604,-2.6357337037593123
1789317380814107400,20.681107421875,-4.997441207545996,1.7002105109691619,-2.4824650500208136
1789317380824062500,20.6910625,7.822443683707713,9.586804303026199,-0.8796680345773696
1789317380834017500,20.701017578125,-0.6077046123534441,3.090337127895653,0.2570252346806228
1789317380843972400,20.710972412109374,-13.136846562111376,-5.678619052389264,0.6510653229132294
1789317380853927400,20.720927490234374,-0.1156102464735508,-3.4707451427474614,0.8077054989114403
1789317380863882500,20.730882568359377,-6.647755176445841,-1.5782421276405452,-0.23376140960156916
1789317380873837600,20.740837646484376,1.718449932014942,0.5679471869826317,-1.5350814696975053
1789317380883792400,20.75079248046875,0.6443827764093876,-1.1410118631094694,-0.2813425143353641
1789317380893747500,20.76074755859375,2.799716643735766,-1.978711518268287,-2.1683394793719053
1789317380903702500,20.77070263671875,0.23893910450041292,-4.218921471108496,-1.7631687791854143
1789317380913657300,20.7806572265625,-2.75094004560709,1.863317837154865,1.941827602507174
1789317380923611400,20.790611328125,1.0129968930929898,-1.0381307498276233,2.6516817989975214
1789317380933566200,20.800566162109376,-3.520053363534808,-4.627576506279409,3.325863501343131
1789317380943521500,20.810521484375,0.8627250830829143,-1.8214201848849654,2.682949628442526
1789317380953476400,20.820476318359376,4.212299130359292,4.489470058098435,2.0438985684499142
1789317380963431400,20.830431396484375,-0.5161164619803429,2.408940964126587,-0.20419892276972532
1789317380973386500,20.840386474609375,-1.3984721282064914,-1.4623206232607364,-2.7247242388546464
1789317380983341600,20.850341552734374,-3.4697307050079105,-6.1209144913554185,-1.063245609600842
1789317380993296400,20.86029638671875,-2.1191291660010814,-3.267271903903782,1.7363477000162004
1789317381003251500,20.87025146484375,-0.15539982054829596,2.6691388374939558,3.9121436328738928
1789317381013206500,20.88020654296875,0.9549152910023927,0.8571917066141963,2.5103514203339814
1789317381023161300,20.890161376953124,3.396220063117146,-2.3796347901433705,-0.9009243192262947
1789317381033116400,20.900116455078123,3.071927903240919,-0.9370637002304196,-2.356617779432237
1789317381043071500,20.910071533203126,0.889111570227146,1.7842849247112869,-4.452084038034081
1789317381053025500,20.920025634765626,-1.5428741694003343,2.689865983702242,-5.18260955889225
1789317381062980400,20.92998046875,-5.091982947027683,-4.690040268976986,-2.1313187854886055
1789317381072935400,20.939935302734376,-1.6562398518174886,-4.07221115297228,2.6767303155362603
1789317381082890500,20.949890380859376,1.6799270168751477,-5.088067234888673,3.566217733338475
1789317381092845300,20.95984521484375,4.553462930059433,4.721999880078434,2.699602072557807
1789317381102800400,20.96980029296875,2.976370849236846,4.657659217593074,-0.9761612003877759
1789317381112755500,20.97975537109375,0.652856590244174,-0.47966509241759775,-5.242155388316512
1789317381122710500,20.98971044921875,-0.5081605345398187,-3.8788852141335606,-6.339274918207526
1789317381132665300,20.999665283203125,-1.140799681663513,-1.7529232795029877,-3.985040819041431
1789317381142620700,21.00962060546875,-0.7813754181295632,4.578685634121299,-0.8165240345306694
1789317381152575500,21.019575439453124,-2.46958452565968,1.7067860899671912,0.5825875606231391
1789317381162530300,21.0295302734375,-2.3860581011891364,1.4561694071546196,0.22168518736064433
1789317381172485400,21.0394853515625,-1.675879202789068,-2.4420938766658304,-1.4904004703193903
1789317381182439400,21.049439453125,0.1307511169821024,2.775997914496064,-3.5504075852662322
1789317381192394500,21.05939453125,-1.1465396866202353,2.805662400397658,-5.96499853797853
1789317381202349300,21.069349365234373,-0.0218418294519186,-0.6691580289646982,-5.48033929053545
1789317381212304400,21.079304443359376,-0.8736398603290318,-3.7498078755825754,-3.6136636673852798
1789317381222259500,21.089259521484376,3.4703947218745945,0.1257183835119009,-1.2178582252942025
1789317381232214500,21.099214599609375,4.360836663922667,4.047123765727878,0.1148785711981356
1789317381242169300,21.10916943359375,0.5329483543157577,2.305008880487084,-2.306305057777464
1789317381252124700,21.119124755859374,-3.309028101876378,-0.43405718745291233,-4.974779293882847
1789317381262079500,21.12907958984375,-2.254443060854077,-6.30752485820353,-4.941440503382682
1789317381272034300,21.139034423828125,0.8937707942098378,-3.438794591735303,-1.6494785409890114
1789317381281989400,21.1489892578125,2.2013906851023433,3.2942040422320362,-0.07725757333412767
1789317381291944400,21.1589443359375,0.22268238170444965,7.746241318514943,-0.820007638862729
1789317381301899500,21.1688994140625,-0.5641401959151029,-0.957785001219809,-1.9742825959101318
1789317381311854300,21.178854248046875,-2.4294582669764755,-1.6107301465302706,-1.1157562796913087
1789317381321808400,21.188808349609374,1.4580010064959525,-4.630390686917305,-0.18006737494543193
1789317381331763500,21.198763427734374,2.2461919498592615,4.686501281195879,0.6091222240664065
1789317381341718500,21.208718505859373,1.1559317843437193,-1.2557616933614015,-1.4973198943190276
1789317381351673300,21.21867333984375,3.8566111307442186,-1.4409616088896988,-1.5458904484815894
1789317381361628400,21.22862841796875,3.618460546272993,2.6205858189880846,-1.026163540919125
1789317381371583500,21.23858349609375,-2.679256619143486,-1.6558973219901323,-3.344261327821016
1789317381381538300,21.248538330078127,-6.522638265958428,-3.144506232717633,-4.072228980889916
1789317381391493600,21.25849365234375,-2.4688211400717495,-6.5259197718471285,-1.6821533146224914
1789317381401448400,21.268448486328126,0.08063654824793338,1.6017515980437398,-0.8410857904657721
1789317381411403500,21.278403564453125,-0.1008265188395977,4.32475383541137,-1.883484426870942
1789317381421358300,21.2883583984375,4.065681751203536,3.232783358846605,-3.032986762689054
1789317381431313400,21.2983134765625,0.6693804395437241,-2.055234785978496,-5.405448007941246
1789317381441268500,21.3082685546875,-2.774813673147559,-4.42952821509391,-6.774461986473202
1789317381451222500,21.318222412109375,0.29383623133599757,-4.118822389760613,-3.964982073614001
1789317381461177300,21.32817724609375,0.27227731047868725,0.7751473373949527,-1.3087031560845672
1789317381471132400,21.33813232421875,-0.7112614329397678,1.457323253364861,-1.5544737140402196
1789317381481087500,21.34808740234375,-2.5896213564038275,-1.799145224712789,-2.429629678020626
1789317381491042300,21.358042236328124,-1.179872047379613,2.3681091875225304,-2.8778353639438747
1789317381500997600,21.36799755859375,-3.0971997071415185,-1.8622107526957987,-3.748870886993408
1789317381510952400,21.377952392578123,-2.2447049261718988,-1.1917507012218236,-2.7289006477564572
1789317381520907500,21.387907470703126,-0.3774830673158169,-0.9840241888478398,-2.3025839914277193
1789317381530862300,21.3978623046875,2.460512161409855,-0.1409153681218624,-1.68926168532297
1789317381540817400,21.4078173828125,5.8566176582366225,2.801559933514893,-0.4943731244668364
1789317381550772500,21.4177724609375,4.667340653651952,-1.2959788451984524,-3.5281159662202
1789317381560727300,21.427727294921876,1.7482663936078546,0.14707272170782087,-4.1611692471027375
1789317381570682600,21.4376826171875,0.9954366864830255,-3.020155045905709,-4.0505736139208075
1789317381580636400,21.447636474609375,-4.29932216477394,-2.6585151521489023,-2.8371184458911416
1789317381590591500,21.457591552734375,-3.498534774687886,3.5533886469036338,-0.6976356431692838
1789317381600546300,21.46754638671875,-4.194295271635055,3.795503458830714,0.5735546516008675
1789317381610501600,21.477501708984374,-0.46131870386600493,7.3140195297956465,0.7176479191064834
1789317381620456400,21.48745654296875,0.963532897222042,-2.2801664079144595,-3.3553011927515266
1789317381630411300,21.497411376953124,0.6876479176402092,0.5731187444016337,-2.7568904784440993
1789317381640366600,21.50736669921875,0.5311123710602521,-0.07568447879850863,-3.1936727069467303
1789317381650321400,21.5173212890625,-1.278030808314681,-3.297046572181582,-5.232284567165374
1789317381660276500,21.5272763671875,1.684318529832363,-3.547953177851438,-2.864494528594613
1789317381670231300,21.537231201171874,2.048011556726694,-1.642486636275053,0.3711246381998062
1789317381680186600,21.5471865234375,-1.380938225081563,-2.6959046793445944,-0.594484626904875
1789317381690141400,21.557141357421877,-4.595129988443851,1.4219672778233885,-1.5321604676842688
1789317381700096300,21.56709619140625,-1.9685171642512083,2.2006553565651177,-1.9471837227128446
1789317381710050300,21.57705029296875,-4.551745020225644,2.1753090261235832,-2.5318136028185485
1789317381720005600,21.587005615234375,-5.536737469583749,1.5310013607770203,-2.523365800207853
1789317381729960400,21.59696044921875,-2.783662750035524,0.177865627117455,-2.0257310435965654
1789317381739915300,21.606915283203126,-3.024150253021717,0.3469099421367049,-3.4445775590509173
1789317381749870600,21.61687060546875,-1.9243834234923123,-0.044347091248631475,-2.6185066746264694
1789317381759825400,21.626825439453125,0.6941916401952505,-2.644329098147154,-1.9323650698959827
1789317381769781000,21.636781005859376,1.729959168022871,-2.851399776960909,-2.6774387560665605
1789317381779736000,21.646736083984376,1.9083406357079744,-4.14880982400626,-3.192783649152517
1789317381789691000,21.65669091796875,4.9406467226564885,2.6079987246155736,-1.2931599883854388
1789317381799646200,21.666646240234375,4.3328690450668335,0.8432368310198187,-0.7236816463127732
1789317381809601000,21.67660107421875,2.6204332587748764,0.10937369017153978,-0.9893962372750044
1789317381819556000,21.68655615234375,0.7710235354632139,-2.5610589865252376,-1.2620213382780552
1789317381829511000,21.696510986328125,1.381538529062271,-1.534868265338242,-0.9032892947919666
1789317381839465200,21.70646533203125,1.7095277898907661,0.15127835670411585,0.03269669320434332
1789317381849420000,21.716419921875,0.8164572529047727,0.44799335834681986,-0.08923793398514389
1789317381859375000,21.726375,-2.314422020998597,3.0184102480649946,-1.3128481469348072
1789317381869330000,21.736329833984374,-4.161346941757202,-1.8703885061934589,-2.2735354454673824
1789317381879285000,21.746284912109374,-3.6993355794519185,-1.2031050389289855,0.1777704961799085
1789317381889240000,21.756239990234373,1.4387491935372352,-1.385734811708331,1.7877973167464136
1789317381899195000,21.76619482421875,-4.174212853071094,-2.4889374609053134,-0.1856480976872146
1789317381909150200,21.776150146484376,-2.924434325772524,1.3142621053859591,-1.6578165996149181
1789317381919105000,21.78610498046875,-2.5528829865932465,-1.028752096107602,-0.9371766590856015
1789317381929060000,21.79606005859375,-1.7520114253550767,-2.012268043172359,0.14759572266861795
1789317381939015000,21.806014892578126,1.6487983036398888,-8.7063331353724,-0.15401771854013205
1789317381948970000,21.815969970703126,3.8746781178325413,-3.4010873768925665,0.3103295393668115
1789317381958925000,21.825925048828125,3.159344320887327,1.8100959500551224,0.22293168029040097
1789317381968879000,21.835879150390625,-0.22994214357435702,2.8308094088748095,-1.5879399303123354
1789317381978834000,21.845833984375,-6.3028621270895,1.4588494400188325,-2.7809973302185536
1789317381988789000,21.8557890625,-6.361936831870675,-2.8687551086485383,-0.6307467575058341
1789317381998744000,21.865744140625,-0.6723217536926269,-4.70217435888499,-1.2783477653093636
1789317382008699000,21.875698974609374,0.24315000019371508,2.404005553551018,-0.9482479420676827
1789317382018654200,21.885654296875,4.766034252116084,5.454368982976675,1.7056041867062448
1789317382028609000,21.895609130859373,4.708103456673026,7.775415975072979,0.5141423854283989
1789317382038563800,21.905563720703125,-3.148719466498494,-2.03242703410387,-4.483659910514951
1789317382048519200,21.915519287109376,-0.07867255469858646,-4.661748824994266,-3.000699819329381
1789317382058474000,21.925473876953124,4.586343455398082,-2.684579567731917,-0.2619935246124864
1789317382068429000,21.935428955078127,-0.8290653900653123,1.7677184053137898,-1.6479764658629894
1789317382078383900,21.9453837890625,-7.43531249808073,7.452474060761928,-2.571699915266037
1789317382088339200,21.955339111328126,-7.353907888069749,1.0457552533566952,-1.6498837607890366
1789317382098293000,21.96529296875,-8.317802019819617,-3.2443951784461733,2.6529996035978196
1789317382108248000,21.975248046875,4.739295882794261,-8.052551246976853,1.4983626813702284
1789317382118203000,21.985202880859376,7.2637524008482695,-2.4995757592976093,-1.260844987975061
1789317382128158200,21.995158203125,7.242932315659522,5.419583500799536,-0.7020506100673228
1789317382138113000,22.005113037109375,10.002647203874588,6.355137673249841,-3.5760488070011136
1789317382148067800,22.01506787109375,-3.231258633497357,6.263430864933133,-5.067741070696711
1789317382158023200,22.025023193359374,-15.89488737963438,-9.04611570984721,-2.697912219774723
1789317382167978000,22.03497802734375,-2.395253215035796,-6.488492250728607,-2.0136103976920245
1789317382177933000,22.04493310546875,-11.875302193695306,-3.7194063075780868,-2.164969710677862
1789317382187888000,22.05488818359375,-2.745266676145792,4.243983723911643,2.0609388428390023
1789317382197843200,22.06484326171875,7.756599630922079,12.89148180847764,4.199340572325885
1789317382207798000,22.074798095703127,4.472551656523347,-0.5742243675559758,0.9352802508797496
1789317382217752000,22.084751953125,8.218712700036168,-10.820828211832046,-3.0206650412544604
1789317382227707100,22.09470703125,18.121691322934627,-5.75484830558896,-1.4077055282369255
1789317382237662000,22.104661865234377,15.148518392956255,10.489591347384453,0.6888795052617788
1789317382247617000,22.114616943359376,-15.266728592795133,0.5111138313874602,-7.508928353911638
1789317382257571800,22.12457177734375,-18.93753424333334,-9.622729018366336,-10.03240988945365
1789317382267527200,22.134527099609375,-5.5848892138123505,-3.426015774182975,5.13484652172029
1789317382277482000,22.14448193359375,4.526473216325044,-8.144258055293559,0.7979881147563457
1789317382287437000,22.15443701171875,-2.4698528212070463,9.183184339413046,-0.8805631567861885
1789317382297392000,22.16439208984375,-3.275470700189471,12.14745324744582,-0.9952925287719815
1789317382307347000,22.174346923828125,5.80986642845571,1.7432108637839554,-3.821044435061514
1789317382317302000,22.184302001953125,-8.897469455212354,-5.61532877573967,-2.7042650959327816
1789317382327256800,22.1942568359375,4.18757326990366,-7.103986786305904,-3.2454873575970526
1789317382337212200,22.204212158203124,9.090482090318202,-1.424077694106102,-6.545291996315122
1789317382347166000,22.214166015625,-1.1912404136121273,-7.657107575556635,-4.643378178784251
1789317382357121000,22.22412109375,3.980074428805709,0.8874988743335008,-0.8243694142688065
1789317382367075800,22.234075927734374,6.138851130062341,7.299775315865874,-1.4189587436571716
1789317382377031200,22.24403125,-11.909855620682238,-2.347714049747586,-2.4857541546940802
1789317382386986000,22.253986083984376,-1.7662269977122544,-4.184693038292229,1.2895862215518952
1789317382396941000,22.263941162109376,-1.8422616051226852,-0.17586422416716813,0.5080882730212062
1789317382406896000,22.273896240234375,-2.356726208242774,3.3772301159650087,-2.7809663505584
1789317382416851000,22.283850830078126,0.4348340170443058,9.697753571951388,-2.157657049576938
1789317382426806000,22.293805908203126,0.05802607251107692,10.606425582695007,-1.8464736698597668
1789317382436761000,22.303760986328125,-4.164411005502939,-6.237991887772083,-3.0232354762643574
1789317382446716200,22.313716064453125,-1.0962035840898752,-17.686920434254407,-2.2779528235182163
1789317382456671000,22.3236708984375,5.775220647010207,-7.352131526046991,-1.4807374467000365
1789317382466625000,22.333625,4.7849680851668115,15.03508022982478,1.6891981185674667
1789317382476580000,22.343580078125,6.773782772037387,2.104019275152683,-1.9070745612949132
1789317382486535200,22.35353515625,-2.1445283956736323,-3.828194599077105,-1.405705294330418
1789317382496490000,22.363489990234374,-0.7633166143476963,-7.863041651555895,-0.6940357189811766
1789317382506445000,22.373445068359374,2.4606957012832162,0.428526149071753,0.016929178697429596
1789317382516400000,22.383400146484377,-10.301143828237056,10.027314027619362,0.21040537619441746
1789317382526355000,22.39335498046875,-3.128377520215511,6.364014222666621,-1.14751240410991
1789317382536310000,22.40331005859375,-10.89838491424322,-2.7760008371055123,1.5246176510892808
1789317382546265000,22.41326513671875,0.7283598672568797,-5.608713741514086,2.7080095431581137
1789317382556220200,22.42322021484375,6.620635698851943,-1.2551380085051058,-1.9162522856153548
1789317382566175000,22.433175048828126,2.3658090938866136,3.5640725380033254,-2.9910517010182143
1789317382576129800,22.4431298828125,7.415902279689908,-1.2271540230363607,-1.3957310128048062
1789317382586084000,22.453083984375,8.046666865113377,1.7936621171265839,0.10242398063149302
1789317382596039200,22.4630390625,-1.2973591936409472,-4.239790363875032,-0.39241738240160046
1789317382605994000,22.472993896484375,-5.800199020922184,0.6273007087051868,0.0206543367004022
1789317382615948800,22.48294873046875,-0.48920390513539314,0.4933657009899616,1.3468500775188206
1789317382625904000,22.492904052734374,-5.946743919363618,-1.7778028692156076,1.0078249703478068
1789317382635859000,22.50285888671875,-1.276437986165285,2.835370140919089,-1.7435010789021848
1789317382645814000,22.51281396484375,0.5729834275841713,1.3054431313753128,-2.9437331927433608
1789317382655769000,22.52276904296875,4.401715786799788,3.1145033086419103,-2.0221461708471176
1789317382665724200,22.53272412109375,3.5166210509985683,-3.063639967367053,-1.8747472859248517
1789317382675679000,22.542678955078124,3.353362333643436,-3.089432580271363,-0.6826703484233468
1789317382685634000,22.552634033203127,2.569582776981592,-0.18136720549762247,0.8865626163966953
1789317382695589000,22.562589111328126,0.3926555020064115,1.9558622653394937,0.8184273839339613
1789317382705544000,22.5725439453125,-2.683177007457614,1.3587515277147293,0.016628953641839323
1789317382715498000,22.582498046875,-4.821989948093891,-1.5440750696226953,-0.8801102253869175
1789317382725453000,22.592453125,-4.067457528704405,-3.0912077732503414,-0.8045200007431209
1789317382735408000,22.602408203125,-3.2971167148083445,1.0872843645751475,-0.42565961719211187
1789317382745363000,22.612363037109375,-0.02106850699186325,5.1307373328357935,0.928863296509534
1789317382755318000,22.622318115234375,0.70821724293828,3.6980969775676726,2.328541585635394
1789317382765273000,22.632273193359374,-0.3493178800612688,-2.511886959338188,1.4969490151800215
1789317382775227600,22.6422275390625,0.6487205133527517,-4.560866484314203,1.2756209706939756
1789317382785182500,22.652182373046877,3.419699138382077,-3.0713281837821005,1.2921728770442307
1789317382795137500,22.662137451171876,4.5402527353525155,3.240084329509735,1.6153241963222622
1789317382805092600,22.672092529296876,1.5238719472885132,-0.9029816901475191,-0.4964580044494942
1789317382815047400,22.68204736328125,1.1526654760241508,-2.3363521132558582,-2.423822160785645
1789317382825001500,22.69200146484375,0.4503308613836765,-1.2665303401350974,-1.5915186655819415
1789317382834956500,22.70195654296875,-0.9647884502410888,-1.9575497800350188,0.24058367510335518
1789317382844911600,22.71191162109375,-0.026812603601813315,3.0329186658889054,2.0290457211025057
1789317382854866400,22.721866455078125,-4.038576302134991,0.8022393424600363,1.0895091279525309
1789317382864821500,22.731821533203124,-3.765698687675595,3.0825977658152577,-0.3944465501416474
1789317382874776600,22.741776611328124,-1.1359142477095125,-1.5255606310278176,-1.6553814814224839
1789317382884731600,22.751731689453123,2.5024124440282582,-0.07657762824594974,-0.7906210931196809
1789317382894686500,22.7616865234375,5.269664742010831,0.9940607219547033,-0.9683343061544001
1789317382904641500,22.7716416015625,2.4398405447810885,-3.527781911960244,-2.5795295859783884
1789317382914596600,22.7815966796875,3.654921852707863,2.560025259563327,-1.5470722056120634
1789317382924551400,22.791551513671877,2.7360014196723697,2.6448370476692915,-0.6895385536924005
1789317382934506500,22.801506591796876,-6.84701459698677,-1.4191785238876937,-1.216971213326603
1789317382944460500,22.81146044921875,-5.644729642269015,-3.813502349118888,-0.27511202244795857
1789317382954415600,22.82141552734375,-3.5372166797816753,0.2141159211501479,1.324106476921588
1789317382964370400,22.831370361328126,-2.188345910090208,2.6511516376435753,0.5713556071866304
1789317382974325500,22.841325439453126,0.2155915466606617,3.745429806628823,0.9444317447803914
1789317382984280600,22.851280517578125,3.3296798447608946,1.504759250539541,0.26380263812737537
1789317382994235400,22.8612353515625,2.057000334346294,-2.1835177592813966,-1.1831838753413408
1789317383004190500,22.8711904296875,2.020898508873582,-2.197314813965559,-1.3699312395073473
1789317383014145500,22.8811455078125,2.8709757073074575,-0.5502081166744232,-0.8370501052089035
1789317383024100600,22.8911005859375,0.02844751132726669,1.9006506657272577,0.05386891629900783
1789317383034055400,22.901055419921875,-2.3139696010559794,1.7391615883931517,-0.7865007983192801
1789317383044010800,22.9110107421875,-4.599952294033765,-1.3785843554317951,-1.6973263338349758
1789317383053965600,22.920965576171874,-3.3224767815142866,0.643113779386878,0.5620616726079956
1789317383063919600,22.930919677734376,-1.1893483162552119,-0.15722294432222841,1.6768163375087082
1789317383073874400,22.94087451171875,-0.03486673071980476,-0.1287163962841034,0.01093096119593829
1789317383083829800,22.950829833984375,3.7512814552664753,-0.2727957813948393,-0.20033143368661402
1789317383093784600,22.96078466796875,6.760605895078182,3.160571816855669,0.3203761554762721
1789317383103739400,22.970739501953126,5.264059177088737,0.40003976703882216,-1.6678968257330358
1789317383113694500,22.980694580078126,0.5380027150958776,-2.5194354750216004,-3.2969793521642683
1789317383123649500,22.9906494140625,-1.5066332277178764,-3.5362615710139274,-2.5149688510015604
1789317383133604600,23.0006044921875,-2.384088262420893,-3.3517969840228554,-0.14559654820803553
1789317383143559400,23.010559326171876,-2.163253554409742,1.9227040921032428,1.8831363440856337
1789317383153514500,23.020514404296875,-1.4172224213838576,3.6488720511496067,0.48144532689787445
1789317383163469600,23.030469482421875,-2.5495950509637595,2.0597966870665547,-0.8283435055315495
1789317383173424400,23.04042431640625,0.0009814122527837753,-1.6530816800475119,-0.9469716385215521
1789317383183378400,23.05037841796875,1.2817395997047423,-0.11383037731945514,-1.1413332040183246
1789317383193333500,23.06033349609375,1.4892881251633165,0.25910686326026916,-1.1861382681675254
1789317383203288600,23.07028857421875,0.7370809338510036,0.004091068705916404,-1.067058299756795
1789317383213243400,23.080243408203124,0.2768506097435951,-1.4548901809990404,-0.9943395388960837
1789317383223198500,23.090198486328124,0.46787411685883995,-4.081911585992574,-0.9742171536479145
1789317383233153500,23.100153564453127,1.9168378304183482,-2.676349207264185,-0.063541438399069
1789317383243108600,23.110108642578126,1.873129621595144,-1.3994693225502968,0.8101127061836421
1789317383253063400,23.1200634765625,0.6561807662308216,1.6248545334726572,-0.22523140860013663
1789317383263018500,23.1300185546875,0.3876169233173132,-0.6801409030109643,-0.8768732892923057
1789317383272973600,23.1399736328125,0.5219996748000383,-1.0816431438177823,-0.5655100229635834
1789317383282928400,23.149928466796876,0.40771220136284825,1.0805945115476847,0.3647388461528346
1789317383292882400,23.15988232421875,-0.37227380823493,-1.7650468480169772,0.2316735704768449
1789317383302837500,23.16983740234375,0.021176059019565582,1.2359276966005563,0.24588190937563775
1789317383312792600,23.17979248046875,-0.19091829317510126,2.71231600818038,0.5129620896026492
1789317383322747400,23.189747314453125,-2.275872217851877,1.6203624827504157,-0.510171435970813
1789317383332702700,23.19970263671875,-2.0321791968226433,-1.8703426212251186,-0.8651314135722815
1789317383342657500,23.209657470703124,-1.683480909964442,-4.090604011014103,-0.44613932797797023
1789317383352612600,23.219612548828124,1.4874310991197823,2.2235937490820885,1.6642235440477728
1789317383362567400,23.2295673828125,2.5966823808312416,0.42190380832254887,1.2684968179024756
1789317383372522500,23.2395224609375,1.554756914895773,2.6230472406655547,-0.43623387390486895
1789317383382477600,23.2494775390625,2.0896640020638704,-0.2651677707344293,-1.6463129165649413
1789317383392432400,23.259432373046874,-0.2047410668224096,-2.5452514688014984,-1.7579910842865705
1789317383402387700,23.2693876953125,-0.14725216992795467,-0.42737201060056684,-0.8989403058022261
1789317383412342500,23.279342529296876,-1.0426590409070253,0.44353579441606994,0.38237266598828135
1789317383422296600,23.289296630859376,-2.388499649122357,0.9166051418304443,1.105774764707312
1789317383432251400,23.29925146484375,-2.3798265133231875,1.1236039244517684,1.0935295425750315
1789317383442206700,23.309206787109375,-0.7058399924129247,1.0791574644818902,-0.027703926418349144
1789317383452161500,23.31916162109375,-0.04758241990804672,1.142813944095373,0.46271622263900936
1789317383462116400,23.329116455078125,0.8210761448770761,0.16649463053643704,0.38505686357095836
1789317383472071700,23.33907177734375,0.7484773571342229,0.03682020287513733,0.022944749192520975
1789317383482026500,23.349026611328124,3.9195401728659864,-1.0189116700947285,0.49922633665166793
1789317383491981600,23.358981689453124,5.157108037889003,-0.15928396850526333,1.0415062906753272
1789317383501936400,23.368936279296875,2.615321614849567,0.9974825130969286,0.46613494504131375
1789317383511891700,23.3788916015625,-1.5494038634300231,-0.11314853253513574,-1.117512841035053
1789317383521846500,23.388846435546874,-5.822690254193544,-4.970609899243712,-1.358008015871048
1789317383531800600,23.398800537109373,-5.056911633646488,-1.3240531392991541,2.1230475084885954
1789317383541755400,23.40875537109375,-1.939266519847512,3.428350646871328,3.1989190831676124
1789317383551710700,23.418710693359376,-2.7857027314305305,3.870480666142702,1.5126694391421973
1789317383561665500,23.42866552734375,1.4000608587026595,1.363509535896778,0.7107711652047932
1789317383571620400,23.438620361328127,2.6527479669243097,-2.3247458466142414,0.3367882149644196
1789317383581575700,23.44857568359375,4.307264648211002,0.6696516577005386,0.12966989761665462
1789317383591530500,23.458530517578126,2.552221307814121,-1.2932254548370838,-0.4252054071512073
1789317383601485600,23.468485595703125,1.1570973209917546,-1.913313163423538,0.2144946913346648
1789317383611440400,23.4784404296875,-0.4341735073089599,-3.9059535460621118,1.8268312501482664
1789317383621395700,23.488395751953124,-1.3760212269455194,-2.482412443050742,3.294706438796222
1789317383631350500,23.4983505859375,0.378984119528532,0.9707476509064435,3.056384881672263
1789317383641304600,23.5083046875,-3.1027164247363803,1.6717700139045715,1.5037429131038487
1789317383651259400,23.51825927734375,-4.018466995564103,3.8408115040659903,0.07111527118682862
1789317383661214500,23.52821435546875,-3.3989462732106444,-1.8584215895459055,-1.09351376048401
1789317383671169500,23.53816943359375,-0.21180267577171324,-1.080250228154659,0.616105141756311
1789317383681124400,23.548124267578125,3.676517598444223,-1.6982050163656472,2.451777650812268
1789317383691079700,23.55807958984375,4.758482813823223,-0.6445651472389697,2.4635768096774817
1789317383701034500,23.568034423828124,6.135463825711607,2.8991864872694015,1.3030875081598758
1789317383710989600,23.577989501953127,2.7002012074947355,-1.07256493434906,-1.355687756229937
1789317383720944600,23.587944580078126,0.9761299284666776,-3.7494016328692434,-3.178195736351609
1789317383730899500,23.5978994140625,-3.6041233933627606,-4.453672768530249,-3.279561184373498
1789317383740854500,23.6078544921875,-5.5082607321619985,1.2742276166394353,-1.4011021844491363
1789317383750809300,23.617809326171876,-3.4815514911830423,2.843941569909453,2.1765521580524743
1789317383760763600,23.627763671875,-2.7875878145247697,3.186552645808458,3.386466730865836
1789317383770719000,23.637718994140624,-0.4203805442780256,1.2532339284494518,2.1492156767070294
1789317383780674000,23.647674072265627,2.7190876942723987,-1.9168319851994513,-0.1239415830977261
1789317383790629000,23.657629150390626,5.691031374716759,-1.8253847046017646,-1.2179923730678857
1789317383800584200,23.667584228515626,5.2675540334671735,2.3126626101106402,-2.5355998433589932
1789317383810539000,23.6775390625,1.0854361063599587,3.75737158883512,-5.293603251481056
1789317383820493800,23.687493896484376,-4.8562072749942535,-3.7189965577334165,-4.7515769799575205
1789317383830449200,23.69744921875,-7.31468413118422,-4.319653881923854,1.0728140868045388
1789317383840404000,23.707404052734375,-1.6390075619876383,-0.4217871962055564,4.3888118815630675
1789317383850359000,23.717359130859375,-2.930112371408939,2.730674379430711,3.6405876224070783
1789317383860314000,23.727314208984374,1.3644640601426363,3.6889229065090414,1.9652157846182583
1789317383870268200,23.73726806640625,2.041749573722482,4.086744412976503,0.4399453687086701
1789317383880223000,23.747222900390625,1.9576865581572054,0.17248422634005545,-3.345518634405732
1789317383890178000,23.757177978515625,1.6546774248063563,-1.9151643442481756,-4.504172537189722
1789317383900133000,23.767133056640624,2.9949428632378576,-2.7561253392904996,-1.9661602258615194
1789317383910088000,23.777087890625,0.16692600769102572,-3.8663296839430927,1.4571760999791323
1789317383920043000,23.78704296875,-1.4990946489065884,0.9933294850707054,4.39599653237015
1789317383929997800,23.796997802734374,0.05172375749647617,4.562724679401517,4.21929702642262
1789317383939953200,23.806953125,-3.515991520923376,1.0326938194707036,1.9428838335618375
1789317383949908000,23.816907958984373,-1.8232219736099242,-1.1208356287822128,0.5588892165843397
1789317383959863000,23.826863037109376,-1.3105699728697537,-2.157355144020915,-0.8702248642537742
1789317383969818000,23.836818115234376,2.0084113677442073,3.2485546362131834,-1.4811862133808433
1789317383979772200,23.846772216796875,3.000688128891587,0.27895313498079777,-0.6114294780954718
1789317383989727000,23.85672705078125,3.557512448835373,1.2700555916517973,1.0479273366987705
1789317383999682000,23.86668212890625,2.430498131418228,-0.5471849694609642,0.8826326565366238
1789317384009637000,23.87663720703125,-0.4948474639803171,-5.516233026215434,-0.03635711540803313
1789317384019592000,23.886592041015625,-0.7274000823140144,-3.9894612658321855,0.2805539212409407
1789317384029547000,23.896547119140624,-2.166329308593273,1.3425164322286844,-0.4679426520504057
1789317384039502000,23.906502197265624,-3.166383133482933,4.48006159376204,-1.736517357494682
1789317384049457200,23.91645703125,-4.115613364586234,-1.199019815441966,-3.2463197167679665
1789317384059412000,23.926411865234375,-2.6712504228204486,-2.3728055286452174,-1.4138696038246155
1789317384069367000,23.936366943359374,2.8691502454459665,-0.028580197796225545,1.6386523188091813
1789317384079322000,23.946322021484374,2.708002236634493,0.3413040849536657,0.8302690667666495
1789317384089277000,23.95627685546875,3.525494093284011,0.6741945618271827,0.07281703360341489
1789317384099231000,23.96623095703125,4.951171623802185,0.8247954576611518,-0.8483188104592263
1789317384109186000,23.97618603515625,1.1918880638659,-5.527368168213963,-2.8661294363200662
1789317384119141000,23.98614111328125,1.016827265036106,-5.898843519547581,-2.1926573435485364
1789317384129096000,23.996095947265626,2.5904256585240364,-3.312173998686671,-0.3058652534343302
1789317384139051000,24.006051025390626,1.4008365192502736,2.20619077886045,2.4663769617900253
1789317384149006000,24.016006103515625,-2.0607769302755594,4.105982197409868,2.5714117459744212
1789317384158961200,24.025961181640625,-5.295875872588157,3.147233027333021,0.057632104757428165
1789317384168916000,24.035916015625,-8.662105286589265,-1.2882374372914434,-0.43764147568047046
1789317384178871000,24.04587109375,0.3206815681636333,-1.874254533971846,0.9336053764700889
1789317384188826000,24.055826171875,1.529638840252161,0.40924131062626834,-0.39812501945868134
1789317384198781000,24.065781005859375,2.917880666345358,2.688286897817254,-1.4897551581531763
1789317384208735000,24.07573486328125,5.494443219211697,3.2849253417551516,-0.33722361070699985
1789317384218689800,24.085689697265625,3.226783533909917,-3.088968469890952,-0.30587898969873784
1789317384228645000,24.09564501953125,0.8118956440776586,-3.47140945187509,-0.2679195536606014
1789317384238600000,24.105599853515624,0.07334522219598293,-1.6730124151811003,0.22229900841005146
1789317384248555000,24.115554931640624,-3.037695963293314,1.6518679203435778,1.0898128601394592
1789317384258510000,24.125510009765627,-3.9226597661912437,2.4923688966587183,0.4031659362353384
1789317384268465200,24.135465087890626,-3.356852513846755,3.7716044045880435,-1.5778350081443786
1789317384278420000,24.145419921875,-3.1461709510594607,2.767989380085468,-3.3202763488605616
1789317384288375000,24.155375,-1.5802818167746067,-1.0512158568501473,-2.202330450170487
1789317384298330000,24.165330078125,0.33938100793659687,-2.4071418057501313,0.32344021922200916
1789317384308285000,24.175284912109376,1.932308371272683,-0.7429536252766847,1.5433303887352345
1789317384318239000,24.185239013671875,3.927221375018358,1.779832913738489,2.6302614098280666
1789317384328194000,24.195194091796875,4.120483016449213,3.2966713091284037,2.7090277802899476
1789317384338149000,24.205149169921874,0.3433621865272522,1.1856734271347522,0.3547355211958289
1789317384348104000,24.21510400390625,-2.532891168922186,-3.982460739420354,-3.569336157619953
1789317384358059000,24.22505908203125,-3.1434757206261157,-1.8762810713633893,-2.57777426674366
1789317384368014000,24.23501416015625,-1.4936580108106134,-0.4064689233034849,0.31918102740757165
1789317384377969200,24.24496923828125,-1.434715407976508,1.9773674101829528,1.0922877988856285
1789317384387924000,24.254924072265624,0.886819659897685,3.473888993731141,0.8719921661872416
1789317384397879000,24.264879150390627,2.046002554991841,-1.460928292119503,0.4480030760232359
1789317384407834000,24.274834228515626,2.9535177969157695,-4.01841672668159,0.832873769372329
1789317384417789000,24.284788818359374,5.092658069810271,-0.13946692287921905,-0.15588438919484615
1789317384427743000,24.294742919921877,-2.167992857891321,4.369958128011226,-1.6411590409331023
1789317384437698000,24.304697998046876,-1.6367209123551845,1.6521309551939367,-2.39838406040743
1789317384447653000,24.314653076171876,-6.977498002943396,-1.8007699033051727,0.27438173541203137
1789317384457608000,24.32460791015625,-0.6483885049194097,-4.32970444355607,2.9208868624240156
1789317384467563000,24.33456298828125,2.726019539362192,-2.4100679223299024,2.0345865502253173
1789317384477518000,24.34451806640625,-0.9932844768851995,5.177057769984007,1.6417957314014433
1789317384487473000,24.354472900390626,5.731337081620097,3.895878726771474,0.23352979280278086
1789317384497428000,24.364427978515625,1.723754468163848,-3.6390824785411358,-0.12013791649844496
1789317384507383000,24.374383056640625,0.5181067590147257,-9.005480917119979,-0.3173290428653359
1789317384517338000,24.384338134765624,3.70509604267478,-1.2613754415899514,0.5035551596362143
1789317384527293000,24.39429296875,-1.3545698581159114,4.195319353985786,2.507045364525914
1789317384537247000,24.4042470703125,-1.427313022765517,0.7557672218814492,1.675944669240713
1789317384547202000,24.4142021484375,-4.160314676100016,-0.3165340930953622,0.9070493049126118
1789317384557157000,24.4241572265625,-3.7094384557932614,-4.025128791540861,0.04182674245815724
1789317384567112000,24.43411181640625,-0.5628560013234615,0.5631529384434223,0.3025917847216129
1789317384577067300,24.4440673828125,-0.5191033688366413,0.25975802064538,0.34496100002601743
1789317384587022000,24.45402197265625,2.9149960508197545,0.5478992552101611,0.33614575234241784
1789317384596977000,24.463976806640623,0.9744599494278431,1.3141717967540025,-0.1260446197915822
1789317384606932000,24.473931884765626,1.3723995293170212,-1.178782498577237,-0.9088811234496533
1789317384616887000,24.483886962890626,0.7178139233231544,-2.1879253465905784,-0.586508606524393
1789317384626842000,24.493842041015625,0.8144178560316562,-2.2290116824775934,0.2847681048698723
1789317384636797000,24.503796875,-0.30666765585839745,1.5134499219954014,0.49540480560213324
1789317384646751000,24.5137509765625,-0.11465689127147197,0.7825497226059437,-0.8922939996555447
1789317384656706000,24.5237060546875,0.9692167880773543,4.298202220833302,-1.2216419816166162
1789317384666661000,24.5336611328125,-0.0952449193149805,1.0262503424197436,-2.055003607571125
1789317384676616000,24.543615966796875,-2.7296061656773087,-2.121468422603607,-1.5901713426262138
1789317384686571000,24.553571044921874,-2.2616864561110734,-2.6023461056813595,-0.9465765747893601
1789317384696526000,24.563526123046874,-2.315638411051035,-0.3202379160493612,1.1834029979847371
1789317384706481000,24.57348095703125,1.1010562848180532,6.7243257904291145,2.746700508341193
1789317384716436200,24.583436279296876,-0.3876923266410827,2.5184219140648842,0.5745279536124318
1789317384726391000,24.59339111328125,-1.1569009216368198,-2.8941151753544805,-1.2714656045801938
1789317384736346000,24.60334619140625,-0.8488678226441144,-1.7339637274891138,-1.4437614687412976
1789317384746301000,24.613301025390626,-1.8734873489916324,1.7782973747342823,-1.0774040449433029
1789317384756255000,24.6232548828125,2.018352331522107,-0.42367783225774763,-0.7622863945171237
1789317384766210000,24.6332099609375,2.8045740206390617,-4.592034360516071,0.41348764295913276
1789317384776165000,24.6431650390625,5.259997918999195,-1.1405606122106313,1.069125242223963
1789317384786120000,24.653119873046876,5.503560007125139,1.9125901098459959,0.1604801194872707
1789317384796074800,24.66307470703125,0.011826046872138977,1.4629045606285334,-1.3769161299586294
1789317384806029800,24.67302978515625,-2.6043308497577904,-1.1495385761752723,-1.7254026737622916
1789317384815985000,24.68298486328125,-9.470191601511836,-0.736862030403316,0.804804589838162
1789317384825940000,24.69293994140625,-3.4725264732062815,1.0237436202958226,2.8283006409242746
1789317384835894800,24.702894775390625,-3.162611798250675,0.24415888497531413,1.7531207017712294
1789317384845850000,24.71285009765625,0.12996844217181205,1.4821493593245745,1.848623541370034
1789317384855805000,24.722804931640624,5.304360792338848,1.2944026819229124,1.4949856061525642
1789317384865759000,24.732759033203124,3.59446300009191,1.232360359507799,-0.6179535461019724
1789317384875713800,24.7427138671875,3.1947131559103727,-0.8172416812807322,-3.0841251215130088
1789317384885669000,24.752669189453126,2.3049270474225283,-3.417366311520338,-2.4405907786265013
1789317384895624000,24.7626240234375,-0.5295452678740025,-5.899921377912164,-0.9285238354220986
1789317384905578800,24.772578857421873,-1.0443588305622338,-1.0010442972317337,-0.22856570412199942
1789317384915534000,24.7825341796875,0.5372247164607048,2.6408754505619405,0.591165492419526
1789317384925489000,24.792489013671876,0.7374111887186765,3.809291161164641,-0.5371505187133326
1789317384935444000,24.80244384765625,-2.9106758495330807,2.396883446586132,-2.816614587044716
1789317384945398800,24.812398681640627,-2.8541443994939324,-3.8435751235604285,-4.162961098955571
1789317384955353900,24.822353759765626,-0.3080857059627771,-1.7571382668495177,-2.062892899516225
1789317384965308000,24.832307861328125,1.1719722340404988,0.9848737914144993,-0.3086289825266227
1789317384975263000,24.842262939453125,1.9255951373696325,2.600390587699413,0.3987957948597148
1789317384985217800,24.8522177734375,0.6591255875110625,0.4595937797695398,-0.05798431572858244
1789317384995172900,24.8621728515625,-1.0868372053295374,-4.891123105552793,-2.130151349144429
1789317385005128000,24.8721279296875,1.5927479151159525,-3.949073141342401,-1.5835696062736213
1789317385015082800,24.882082763671875,2.8608050264269114,-1.6647878999322652,-0.17967253040894865
1789317385025038000,24.8920380859375,0.8796884928435087,4.778676876068115,-0.7633605265546589
1789317385034993000,24.901992919921874,-0.8824971205234527,-0.5459218176573515,-2.7906375574842093
1789317385044948000,24.911947998046877,-1.1808628119826317,-0.4900935474514961,-0.6211670282557606
1789317385054902800,24.92190283203125,-0.5298229157716036,-1.94775611577332,1.6696822478450835
1789317385064857900,24.93185791015625,-0.8082102335631847,-1.7197066540777681,1.228847529081255
1789317385074812000,24.94181201171875,-0.7378034029066562,2.5915070240199563,0.1890557872388512
1789317385084767000,24.95176708984375,-1.7129717928647994,0.8145844447702169,-1.6530984850518404
1789317385094721800,24.9617216796875,0.35368835023045536,5.033728910979629,-1.4139502678453921
1789317385104676900,24.9716767578125,-0.14517185652256012,-1.8294903863549232,-1.165793983796984
1789317385114632000,24.9816318359375,0.42747547097504135,-0.629467531350255,0.4698355165923014
1789317385124586800,24.991586669921876,-0.580753477063775,0.17888415651023387,1.2203791220739484
1789317385134542000,25.0015419921875,-1.7576012081861494,1.6453987243294714,1.8031038992106914
1789317385144497000,25.011496826171875,1.10488548771739,-0.15109481683075426,1.0781785364471375
1789317385154452000,25.021451904296875,0.9456342524379491,-0.880685687187314,-1.1351846182607113
1789317385164407000,25.031406982421874,1.3715595713615416,0.0886877527564764,-2.188010686786473
1789317385174361000,25.041361083984373,0.0429039067029953,0.8922118743300438,-2.008292709800601
1789317385184316000,25.05131591796875,-1.0904039579004048,-1.403138950973749,-0.9940838105693459
1789317385194271000,25.06127099609375,-2.295024077567458,0.27741818049848077,1.560275386056304
1789317385204226000,25.07122607421875,-2.066438024777174,0.9028948886469006,2.9770106084451076
1789317385214180900,25.081180908203127,0.09951368267536163,1.1397899200990795,2.791415848380327
1789317385224136000,25.091135986328126,0.8048843040108681,2.696135273230076,0.8743918477401137
1789317385234090800,25.1010908203125,-1.6727075870156287,-0.8956950402706861,-2.771772113494575
1789317385244046000,25.111046142578125,-1.787442219698429,0.5222720620006323,-5.017122059571743
1789317385254001000,25.1210009765625,0.9338216495692729,1.0519166985958814,-4.412085497383773
1789317385263955700,25.130955810546876,3.1413866393923757,-1.5694178929328917,-1.260831543971598
1789317385273911000,25.1409111328125,3.3141163649260994,-2.793881946232915,1.2697256290450691
1789317385283865000,25.150864990234375,1.8338994349688291,-0.10159516512453555,1.8493612079948185
1789317385293820000,25.16081982421875,-3.00066416349411,0.7967477593064308,0.6972130338430405
1789317385303774700,25.170774658203126,-0.09420973104834555,2.3498563224732876,-0.5597591312866658
1789317385313730000,25.18072998046875,-3.201782948166132,-0.9000868454888462,-0.6903489202272146
1789317385323684900,25.190684814453125,0.6189063898473978,-1.6629910796433687,-0.8888570109441876
1789317385333640000,25.200639892578124,-2.22914846059978,-1.0502110637217759,-1.3848723496600985
1789317385343594800,25.2105947265625,0.8950620030641555,-0.14052958367466925,-0.48809378846902396
1789317385353550000,25.220550048828127,4.353972038850188,0.9847738381713628,1.9034782903686165
1789317385363505000,25.2305048828125,4.181576075315475,-1.1203975296258926,2.4008885905742643
1789317385373459700,25.240459716796874,4.3890959592014545,-1.5776076291292904,0.7143727698933333
1789317385383413800,25.250413818359377,-0.8770575598180294,-3.7684593845605847,0.2497171218906529
1789317385393368800,25.260368896484376,-5.3537166516602035,-2.0118150387078524,0.06563291251929476
1789317385403324000,25.270323974609376,-0.3734913673311472,0.005177987159788608,0.43715873366482555
1789317385413278700,25.28027880859375,-2.5699872661292553,2.4263231838211414,1.7360007862746714
1789317385423234000,25.290234130859375,0.848482622718811,0.31898587016165253,-0.3991995898876339
1789317385433188900,25.30018896484375,-2.3520547093003987,1.4772212552726267,0.03737582746390253
1789317385443144000,25.31014404296875,0.5736778395891189,-2.915140427726507,-0.47133507096767424
1789317385453099000,25.32009912109375,-0.2569482239216566,-3.7584523698091505,-0.18024824793767183
1789317385463053800,25.3300537109375,3.0737305687487124,-0.7057400391697883,0.5759953958164901
1789317385473009000,25.3400087890625,2.555213475367427,1.8716840989619492,0.7968148331932723
1789317385482963000,25.349962890625,-0.14267010283470152,1.8775962456151842,0.33859007675461467
1789317385492918000,25.35991796875,-2.9231928012788293,-1.0659142442882061,-0.7186211480528116
1789317385502872800,25.369872802734374,-3.904923033970594,-0.8776432507514953,-0.5903826714787632
1789317385512828000,25.379827880859374,-1.6821885320663452,2.059287568500638,0.5201985071295872
1789317385522782700,25.38978271484375,0.02938917609155178,3.6814410263210533,1.376387137648463
1789317385532738000,25.399738037109376,1.6664654777556658,0.5544990918666124,0.9321598538368939
1789317385542692900,25.40969287109375,1.2253583717912435,-1.5579665245920418,-0.022108042640052734
1789317385552648000,25.41964794921875,1.428273976752162,0.9640303253501653,-1.0151539249964059
1789317385562603000,25.42960302734375,1.1241858159929514,1.250911915242672,-0.39780123086441305
1789317385572557800,25.439557861328126,0.6543588115006684,-1.4027972979292274,0.6184383339442312
1789317385582511900,25.449511962890625,-1.7417466364502905,-0.8595371006965636,0.4919244892057031
1789317385592467000,25.459467041015625,-2.0467197633504868,-1.7336235357493162,0.7384478382900357
1789317385602422000,25.469422119140624,1.5303472807824612,3.3902854123711585,1.6510561655692755
1789317385612376800,25.479376953125,-2.385679915526509,4.623233800899982,0.7122768205273896
1789317385622332000,25.489331787109375,-3.30811098703146,1.4023030846714972,-2.0511556999713183
1789317385632286700,25.49928662109375,-3.299462401151657,-5.05668367010951,-1.897650168737024
1789317385642242000,25.509241943359374,3.2927620267301796,-3.351848421949148,0.9812271054752171
1789317385652196900,25.51919677734375,5.770580127727985,0.9314870691418647,2.2146929420068857
1789317385662152000,25.52915185546875,6.342178238433599,2.9366356356978414,2.0155106783553958
1789317385672107000,25.53910693359375,3.333369931450486,1.2034072367459534,-0.6941986544579267
1789317385682061000,25.54906103515625,-3.2238971648186445,-0.4751695345640182,-3.9539126903280613
1789317385692015900,25.559015869140627,-6.277876154392957,-4.392948835237324,-1.5583435412108897
1789317385701970700,25.568970703125,-1.3832131842762232,-1.1797384841278196,1.9860256406739354
1789317385711926000,25.578926025390626,-2.525577631038427,-0.10476444281041622,0.9378725323952734
1789317385721880800,25.588880859375,-0.9590817630320787,1.9580442855536937,0.8354442043822258
1789317385731836000,25.5988359375,3.9958226175576446,2.965837180262804,1.548501361632347
1789317385741791000,25.608791015625,2.3773908106088637,1.88833712759912,-0.7031931311659515
1789317385751746000,25.61874609375,-0.8518792794197797,-2.01351599740684,-4.593475499235093
1789317385761700900,25.628700927734375,-1.5301017815887927,-4.592214393258095,-4.030639956177771
1789317385771656200,25.63865625,0.23453823919296263,-3.8251930791735647,-0.4460696968078613
1789317385781611300,25.648611328125,0.7232084758430719,-1.933537620806694,2.233541580992192
1789317385791565000,25.65856494140625,2.9789187801539896,5.450370268729329,1.8626875764273105
1789317385801520400,25.668520263671876,0.3015396453201771,3.1554321158796546,-1.8736407859876751
1789317385811475200,25.67847509765625,-1.6537468659579753,-1.1571698017060756,-4.294867231191694
1789317385821430300,25.68843017578125,-1.127832648062706,-4.425482446834445,-3.378650504156947
1789317385831385300,25.69838525390625,-0.8447031041800975,-5.010425776803493,-1.4814035093933342
1789317385841340400,25.70834033203125,1.523734000122547,1.1822130575478076,0.3269225814450532
1789317385851295200,25.718295166015626,2.5586919651329514,0.5713543650776147,1.8014967562749982
1789317385861250000,25.72825,3.71857979362607,1.1991910803556443,2.168998235541582
1789317385871205400,25.738205322265625,1.455575825175643,2.6278452885970474,-0.16611834456995128
1789317385881159400,25.748159423828124,-5.079793327540159,-2.1676506203249097,-3.4802509299784896
1789317385891114200,25.7581142578125,-3.9461937865138053,-2.516829091915488,-1.8744206843189894
1789317385901069000,25.768069091796875,-1.0331868636846542,-2.6606144625157118,0.39447628769278525
1789317385911024400,25.7780244140625,2.8707436521172522,3.8739404512077567,2.771195482650399
1789317385920979200,25.787979248046874,5.557182876241207,3.376405355578661,1.7510829123333096
1789317385930934300,25.797934326171877,2.4689427206248045,0.8152899626910686,-1.0219473114635795
1789317385940889300,25.807889404296876,1.5241121857851743,-1.4868991842001675,-3.148049604412913
1789317385950844200,25.81784423828125,-5.016559164991975,-2.6090356664478778,-3.416717492222786
1789317385960799200,25.82779931640625,-6.367944547852874,-0.18114537944048642,-0.9082773854028433
1789317385970754300,25.83775439453125,-4.965732648596167,1.159824700129032,1.9244167412400244
1789317385980709400,25.84770947265625,-3.3769746798992153,2.864360088559985,1.7696080184526741
1789317385990663200,25.8576630859375,0.562920298731327,1.3475930048406124,0.5592646988332272
1789317386000618200,25.8676181640625,4.104382360997795,0.5887690257370471,0.2923198354236781
1789317386010573300,25.8775732421875,4.731398407542705,1.4914800822496412,-1.6739156476311385
1789317386020528400,25.8875283203125,0.4195131137937307,-0.38062545699477196,-4.464644244399667
1789317386030483200,25.897483154296875,3.775825529414415,-0.8211667457699775,-1.969047325605154
1789317386040438300,25.907438232421875,1.5388018053948878,-2.9636282720416784,2.1283228185430167
1789317386050393300,25.917393310546874,-1.4574398654818534,-2.6755440283611414,3.4891955761954185
1789317386060348200,25.92734814453125,-1.0393033007383345,2.4537249854877587,3.2627555955231187
1789317386070303200,25.93730322265625,-2.287920383042097,4.342051591692865,0.7676777321666479
1789317386080258300,25.94725830078125,-4.023969100111723,2.5481676485091445,-2.9948277124255895
1789317386090212400,25.95721240234375,-3.4597435640007257,-0.09429740933179855,-4.076667840120196
1789317386100167200,25.967167236328127,0.42271395566165443,-0.6103536655575037,-1.9263630530022084
1789317386110122200,25.977122314453126,2.256349186736345,0.1861065089792013,0.4705953585162759
1789317386120077300,25.987077392578126,3.8080969829440114,-0.1278483812779188,2.189056688708067
1789317386130032400,25.997032470703125,5.0701452092289925,0.5221522350132465,2.8222996469438075
1789317386139987200,26.0069873046875,2.5608728163033723,1.174097555631399,0.273392833972536
1789317386149942300,26.0169423828125,-2.4719915868014097,-2.0774486636132,-3.739057056726515
1789317386159897300,26.0268974609375,-3.0638737761229273,-6.034219958242773,-3.9011905694440006
1789317386169852200,26.03685205078125,-2.3327087883174418,-1.623864353391528,-0.5323478676719591
1789317386179806200,26.04680615234375,-1.5519810204416513,5.089450798201561,1.6298077719658612
1789317386189761300,26.05676123046875,-0.5982090542554855,2.7982337117016316,2.1357073758363723
1789317386199716400,26.06671630859375,1.4793278721630572,1.3375731306076049,2.3786766126357017
1789317386209671200,26.076671142578125,1.5380921958208083,-3.122383832758665,1.4951628624156117
1789317386219626200,26.086626220703124,1.5458002859801052,-0.17211071685254573,0.7634497392080724
1789317386229581300,26.096581298828124,0.9169640382707118,-3.60718278093338,-1.2140349406789988
1789317386239536400,26.106536376953127,1.3501684082865715,-1.5788351250976322,-0.6970023867670446
1789317386249491200,26.1164912109375,1.560551280388236,1.424540050920844,1.6579459250830113
1789317386259446300,26.1264462890625,-0.9653893387436866,0.04444266057759523,1.4223897410191595
1789317386269401300,26.1364013671875,-2.445177229633927,-1.4132657927125691,0.3241352888140827
1789317386279355400,26.14635546875,-2.149674526390433,-2.1066221511274574,1.4780065604314208
1789317386289310200,26.156310302734376,0.3648118017911911,1.674799590858817,2.3681943815879523
1789317386299265300,26.166265380859375,1.223100948253274,0.175043847694993,0.2310707822781056
1789317386309220400,26.176220458984375,0.1593015041619539,2.2508856606334446,-1.6023229681909084
1789317386319175200,26.186175048828126,2.100540785387158,-1.0107330398142338,-2.6526418762013315
1789317386329130200,26.196130126953125,0.7937848178476095,-2.710437354826927,-1.498876476111263
1789317386339085300,26.206085205078125,2.529792618384957,-2.8240853613167998,-0.3863988892970606
1789317386349040400,26.216040283203125,1.1036275966107845,-0.9828799872487782,0.3108418728031218
1789317386358995200,26.2259951171875,-3.8660400533467527,6.275434021937847,0.09076315252473577
1789317386368950300,26.2359501953125,-5.304475358629227,1.5160413997933269,-1.80754027422294
1789317386378904300,26.245904296875,-5.767428970220685,-2.042358645531535,0.16303568572159854
1789317386388859400,26.255859375,3.0650422353804108,-2.0610341199070215,1.318547381489724
1789317386398814200,26.265814208984374,0.8428028235167264,2.2263801649302244,0.2577279030572623
1789317386408769300,26.275769287109377,2.227930316981673,6.822679781675339,-0.8575240803737193
1789317386418724400,26.285724365234376,3.623822365567088,0.7790542817056179,-1.127054649427533
1789317386428679200,26.29567919921875,-0.9500053071290254,-4.77271884444654,-1.0638204138141125
1789317386438634500,26.305634521484375,-0.9890554610133171,-4.070918482813239,-0.46934400674831117
1789317386448589300,26.31558935546875,-1.7468454208940267,2.0177172484889625,1.7113615811891854
1789317386458544000,26.325544189453126,-1.8162533036410808,2.6038848595559596,1.6800388066865504
1789317386468499200,26.335499267578125,-2.8925094937235114,0.14885142181813715,0.868468375975266
1789317386478453500,26.34545361328125,-0.20260054766237734,1.893738109859824,0.07551230056937784
1789317386488408300,26.355408203125,-0.24017419925332067,-0.0010053776502609252,-1.0573960067898034
1789317386498363100,26.365363037109375,0.3459855207681656,0.19346914670169352,-1.0852223174788058
1789317386508318200,26.375318115234375,2.385471825733781,-0.19657412697970866,-0.49580450897682454
1789317386518273300,26.385273193359374,1.5159914231717586,-2.3074147725850342,0.6968786873221396
1789317386528228400,26.395228271484374,2.0522610308647153,1.287458561873436,0.6921629839118569
1789317386538183200,26.40518310546875,0.2557359255224466,1.1197937185138462,0.32622751185297966
1789317386548138500,26.415138427734377,0.4208522534430027,-0.9670826986581087,0.029026626389473675
1789317386558093300,26.42509326171875,-2.170758815473318,-3.8741023637712,-0.6848065567344427
1789317386568047400,26.43504736328125,-2.0651813027143477,-0.7255822192370891,-0.34327286427598447
1789317386578002200,26.445002197265627,-0.568800588941574,2.889310405421257,-0.39565720457304265
1789317386587957500,26.45495751953125,1.2382885805130004,2.2553677744835614,-1.1878354274742304
1789317386597912300,26.464912353515626,1.825531419596076,-1.1961731938391924,-1.6322858525171875
1789317386607867100,26.4748671875,1.0981588098108768,-2.264926460945606,-1.6105759788818657
1789317386617822200,26.484822265625,-0.3053986588358879,-2.7285294763565062,-2.0029120396755635
1789317386627777300,26.49477734375,-1.0371142662614583,2.1719980018794534,-1.329173989444226
1789317386637732400,26.504732421875,0.08293079666495323,1.7531793000906706,-0.6124392761925235
1789317386647687200,26.514687255859375,-1.0819202071934937,-2.5524054322093725,-0.6055385934259742
1789317386657642200,26.524642333984374,-0.4039858743160963,-0.4762801261544227,-0.8648325036909431
1789317386667596300,26.53459619140625,0.02733867330253124,-0.9437480002999306,-1.8762065448224543
1789317386677551400,26.54455126953125,2.1901824778676033,2.7952321917980907,-1.4550672911316156
1789317386687506200,26.554506103515624,2.6800872247487306,-1.7856500755846498,-1.8376495812825857
1789317386697461200,26.564461181640624,0.5781336499541998,-2.4212188464194533,-2.1487324232347307
1789317386707416300,26.574416259765623,-0.37327860136330127,-1.3904320296138524,-2.0873896273911
1789317386717371100,26.58437109375,-0.9592746552556752,-2.594417358508706,-0.5269262079494074
1789317386727326500,26.594326416015626,0.3068570409506559,-2.0140520039796828,1.7848343752875924
1789317386737281300,26.60428125,0.6493494589060544,0.9240016818225383,1.6783062838055192
1789317386747236400,26.614236328125,-4.256787675905227,3.858495629316568,-0.22236776279732584
1789317386757191200,26.624191162109376,-2.7359827149719,1.3191010698497294,-1.4463435941889882
1789317386767145500,26.6341455078125,-3.3287925405323504,-3.5138153459280725,-0.49164139794800427
1789317386777100000,26.64410009765625,1.2228308991402388,-1.633099799248576,1.527222572890669
1789317386787055000,26.65405517578125,0.9435720592111349,1.5748381644159555,0.898212137658149
1789317386797010000,26.664010009765626,3.1991578603595494,3.074078359273076,0.34511714043579994
1789317386806965000,26.673965087890625,5.456489043870568,-0.7281529465079307,-0.2931803977757692
1789317386816920000,26.683920166015625,3.0070354520916935,-3.735934833052754,-1.9361672386579214
1789317386826875000,26.693875,-0.045889644515514375,-1.525660584270954,-2.586431620451808
1789317386836830200,26.703830322265624,-0.5703647695183753,3.833174725577235,-1.469967192491144
1789317386846785000,26.713784912109375,-4.003871483978629,1.932830641581118,0.25716413169465957
1789317386856739000,26.723739013671874,-4.949236856347322,0.04038841675072908,1.876068159265071
1789317386866694000,26.73369384765625,-1.4717647434324026,0.6565563215449453,1.780135403816402
1789317386876649200,26.743649169921873,-2.4213901113331318,1.1480167734354734,0.1765849761897698
1789317386886604000,26.75360400390625,1.1578262197881937,4.2076416599422695,-0.8869741198070347
1789317386896559000,26.76355908203125,0.5406324790775776,-0.41032501420974726,-2.20532729389891
1789317386906514000,26.773513916015624,-0.6905716961324214,-1.1224790120750665,-2.397241027852148
1789317386916469000,26.783468994140627,-0.814752202552557,-3.3918642059952018,-1.5453062188528477
1789317386926424000,26.793424072265626,1.2713900551259516,-3.2563480665683744,1.46425363714993
1789317386936379000,26.80337890625,4.781282674652338,-1.7392606648534534,2.87654736995995
1789317386946334200,26.813334228515625,8.08480048867464,1.1574509567350149,2.8509593397170305
1789317386956288000,26.8232880859375,4.847746320641041,4.437517168021202,0.6164706871330737
1789317386966243000,26.8332431640625,-5.048306302386522,2.923093432557583,-5.188620197483897
1789317386976198000,26.843197998046875,-3.004900193628669,-1.4094921193927525,-4.695440082193911
1789317386986153200,26.8531533203125,-4.383087074175477,-5.497725309622288,0.9444089484266937
1789317386996108000,26.86310791015625,-0.4142518322646618,-1.425287946678698,0.35472101774644105
1789317387006063000,26.87306298828125,-4.640345679220557,3.634474692484736,-0.07722798191346228
1789317387016018000,26.883017822265625,2.0733283688127995,6.586344137671589,1.7961176935851573
1789317387025973000,26.892972900390625,1.879763945043087,1.0138660771429537,0.960684083662182
1789317387035928000,26.902927978515624,-2.1014111384809016,-3.9581332306325434,-1.5520967557758092
1789317387045882000,26.912882080078123,0.25454174730181695,-2.5583114413827657,-2.043348825612664
1789317387055837000,26.9228369140625,-0.11353460924327373,0.6378291169822216,-0.40242355690281834
1789317387065792000,26.9327919921875,2.0150152960538863,0.7940016754686832,1.3768918723002075
1789317387075747000,26.9427470703125,1.8357430170089006,-1.6873235568672418,2.328799798180163
1789317387085702000,26.952701904296877,2.7405677046746013,-1.2184218505263327,1.5096223265312612
1789317387095657200,26.9626572265625,2.0514584823101756,-1.2908300841331481,0.3596191650515422
1789317387105612000,26.972612060546876,-3.4303006118953228,-1.2741326318323611,1.1200644982792436
1789317387115566800,26.98256689453125,0.3272404882878065,-1.2614660424828528,0.4762598505513742
1789317387125522200,26.992522216796875,-4.005828463265299,0.8814233538120985,0.23173483567740766
1789317387135476200,27.002476318359374,-1.283069971525669,4.006230029803514,0.7328733260933309
1789317387145431000,27.01243115234375,0.20342706161439417,1.123167871122062,2.0122379402950403
1789317387155385900,27.0223857421875,0.5688987886190414,-0.18299919061362743,2.0907349922962486
1789317387165341200,27.032341064453124,-1.3650532582074404,-3.244564105272293,-0.30213512699529527
1789317387175296000,27.0422958984375,-0.7465987037807703,0.45756899594366546,-0.9542245322592556
1789317387185251000,27.0522509765625,4.871552728164196,1.9226877254903316,-0.3048580126205459
1789317387195206000,27.062205810546875,2.8588422019213438,-0.9531120409727096,-0.33043406016472726
1789317387205161200,27.0721611328125,2.4139678523778914,-5.114827816042304,-1.4185706211224198
1789317387215116000,27.082115966796874,1.1232640249729156,-3.5236312220215797,-0.5073008124379441
1789317387225070800,27.09207080078125,-1.7856793016791344,4.591297278413176,0.8853191922068595
1789317387235025000,27.10202490234375,-1.7856664421975612,3.0420930292084813,-0.634343466823548
1789317387244980200,27.111980224609376,-5.9876136898905035,0.7965978294417262,-1.0437442057952284
1789317387254935000,27.12193505859375,-0.41658699721395964,-2.83564837333858,0.0709512031989172
1789317387264889900,27.131889892578126,-0.30786124955713745,-1.7422534169286488,0.04967252405509352
1789317387274845200,27.14184521484375,2.1463819145858287,3.0107489196568724,-1.1633522897332906
1789317387284800000,27.151800048828125,3.888429579809308,5.672833454725146,-0.886307399526611
1789317387294755000,27.161755126953125,1.9019085568338632,-1.6476631621301172,-1.3305483465373515
1789317387304710000,27.1717099609375,-2.0368074411451818,-4.244845309177041,-1.387780638322234
1789317387314665000,27.1816650390625,0.2922223663985729,-3.574776302847266,0.33384532991293814
1789317387324619000,27.191618896484375,-0.17847148405611513,1.3301798054859042,3.0865751450136303
1789317387334574000,27.201573974609374,-1.6496534591645002,5.691522957625985,2.3376962213411927
1789317387344529000,27.21152880859375,-2.1517945872843263,2.3982401218920946,-0.8301127802263945
1789317387354484000,27.22148388671875,-1.5150029966562986,0.8845113829553127,-1.8116633455023168
1789317387364439000,27.23143896484375,-1.37581489071846,-2.5290251411437987,-1.5004786506108938
1789317387374393900,27.241393798828124,-0.2614344294250011,-1.4902432339310645,-0.10001154919490217
1789317387384349200,27.25134912109375,2.5231793377250433,0.00861176100075245,0.9622485564999281
1789317387394304000,27.261303955078127,1.4708914677292109,-0.34056641832888124,1.6651977959074078
1789317387404259000,27.271259033203126,3.6073809338539835,2.7433634728729723,2.0605062966406344
1789317387414212900,27.281212890625,3.023722967520356,-0.7348954065054655,0.9572785860676318
1789317387424168200,27.291168212890625,-0.719140788012743,0.4570724445983767,-0.7484100640516728
1789317387434123000,27.301123046875,-3.7602094426095483,-2.7340494088217615,-1.879745240342617
1789317387444078000,27.311078125,-1.0443874721348285,0.8340504850015044,0.43615244269911196
1789317387454033200,27.321033203125,1.4571704008907078,2.097135945379734,1.9047554706975816
1789317387463988000,27.330988037109375,1.280477616944909,0.3993739966064691,0.0574628856703639
1789317387473943000,27.340943115234374,0.07647825952470302,1.4577204359889029,-1.2537585368454456
1789317387483897900,27.35089794921875,0.6569634410411119,-2.2019927426487205,-2.5545050348371268
1789317387493853200,27.360853271484373,-0.577348052534461,-2.6874668136060236,-2.549022804033756
1789317387503807000,27.370806884765624,1.220786241570115,-1.3626570107206701,-1.9567492773070931
1789317387513762000,27.380761962890624,-1.038179849666357,2.8340771784991023,-1.1836085304941981
1789317387523716900,27.390716796875,-0.5494312870830297,1.6453218597009778,-1.264015434704721
1789317387533672200,27.400672119140626,-1.9940040722072123,-2.124865371565521,-1.2317653162240982
1789317387543627000,27.410626953125,-0.31506431280374525,-1.299096100436151,-0.6707720400325954
1789317387553582000,27.42058203125,-0.18832769216001033,-1.3108359303295611,-0.8885046173099428
1789317387563537200,27.430537109375,3.2155414244055747,-1.2353308997511863,-0.39551870941780504
1789317387573492000,27.440491943359376,5.2627597849279635,-1.3972931475549935,-0.03356953051611781
1789317387583447000,27.450447021484376,2.6226409979522227,-0.04554477660059929,-0.6240172300551087
1789317387593402000,27.460402099609375,0.048259296256303784,-1.4900748916268347,-1.1144240081742405
1789317387603356200,27.470356201171874,-4.008012821567059,-1.0976339091539382,0.2827178943417966
1789317387613311000,27.48031103515625,-3.710824357193708,-0.45369040094465013,2.721648192410171
1789317387623266000,27.49026611328125,-2.4194869080603123,-0.2614867441341281,2.837211677132547
1789317387633220900,27.500220947265625,-2.8607652789384126,4.097083728422224,1.5554723696887491
1789317387643176200,27.51017626953125,-0.7938754187405109,1.222677169883251,-0.45178310601860283
1789317387653131000,27.520131103515624,-0.49236616855859755,1.8844909735649824,-0.950464741334319
1789317387663085800,27.5300859375,0.5721487303256988,0.014420739540457724,-1.911776455375552
1789317387673041200,27.540041259765626,1.2675129214316605,-3.941908656540513,-0.8338647531710565
1789317387682996000,27.549995849609374,2.9300971738398074,-2.321581829625368,1.6944148303024469
1789317387692950000,27.559949951171873,1.178804710409045,-0.0980289970755577,2.209267994348705
1789317387702904800,27.56990478515625,1.4083710064083337,2.843203318762779,1.48127169970721
1789317387712860200,27.579860107421876,-0.26725919005572796,-0.8509878835380077,-0.8606990571480244
1789317387722815000,27.58981494140625,-0.9641928224354982,-0.4453612562775612,-2.253788688598573
1789317387732770000,27.59977001953125,-1.4514087686240673,1.07234106246531,-1.9151853870362043
1789317387742725000,27.60972509765625,-1.8445827415466307,3.5362180241331456,-0.18067812725491822
1789317387752680000,27.619679931640626,-1.8905460358202457,0.09286796105057,0.3654856093995273
1789317387762635000,27.629635009765625,-1.6043571043670177,0.46385786695480347,1.525988793312013
1789317387772589600,27.639589599609376,1.1589023245871066,-0.7454080326914787,1.96810332275331
1789317387782543600,27.649543701171876,1.1769055987894534,-1.0552157401412725,0.7599806017927825
1789317387792498700,27.659498779296875,1.1461427962571382,0.5546019677191972,-0.54434163579382
1789317387802453500,27.66945361328125,-0.48727147576808927,0.49929859817028044,-1.4263766186982392
1789317387812408600,27.67940869140625,-1.5973761594384908,-0.30438626692295073,-0.6596745996959507
1789317387822363600,27.68936376953125,-2.3255986640512942,-0.3506169799610972,0.40459392321184273
1789317387832318500,27.699318359375,-2.298858541163802,-0.8869663748919964,1.0811580637145788
1789317387842273500,27.7092734375,0.18448738334476947,-1.2931161492437124,1.5741288471028207
1789317387852228600,27.719228515625,0.7182353636056185,1.4397037177830934,1.3705853195019067
1789317387862183700,27.72918359375,1.770690991383791,-0.5367348871171475,-1.1229849157705902
1789317387872137500,27.739137451171874,1.4820739560008047,-1.0035697240561245,-2.5911902131557465
1789317387882092500,27.749092529296874,1.1664216141760348,-1.0883388420641422,-1.3176773206569254
1789317387892047600,27.759047607421873,-0.9793547357320785,-0.8449731532931327,-0.0037149288699030872
1789317387902002700,27.769002685546877,-2.4028800566524264,-1.5322241805702448,1.1942189910314978
1789317387911957500,27.77895751953125,-0.9360995313733815,-0.4601847314000129,2.972193271291256
1789317387921912600,27.78891259765625,0.06850421190559863,0.5267804793357849,3.5761727256417273
1789317387931867600,27.79886767578125,0.2015221047759056,2.290782786735892,1.5288491511791944
1789317387941822500,27.808822509765626,-0.0670680416226387,0.9615256490528583,-1.1067423676304518
1789317387951777500,27.818777587890626,1.9186533554077148,-1.8843138634324073,-1.4389585985042155
1789317387961731600,27.828731689453125,2.7274767524331804,-1.565032809716463,0.752845562281087
1789317387971686700,27.838686767578125,2.365885081732273,-2.417545126342773,2.2048668367803095
1789317387981641500,27.848641357421876,0.025325579914450645,-2.0846511423379184,1.699559645844996
1789317387991596500,27.858596435546875,-0.7052794359207153,1.5003373424440622,1.6601920965746044
1789317388001551600,27.868551513671875,-0.9647001874357461,0.42972529572844503,1.040176795637235
1789317388011506400,27.87850634765625,-2.2155384529203177,-0.3866705823779106,-0.3293761120770126
1789317388021461500,27.88846142578125,-1.339907711035013,-0.9543722701668739,-0.7763442190293223
1789317388031416600,27.89841650390625,-0.9357365432798862,-0.3372515946924686,0.2907632536314428
1789317388041370600,27.90837060546875,1.0792238077163696,0.04349427381157875,0.9516086506724357
1789317388051325400,27.918325439453124,1.27605570884943,1.6973644738882778,1.1300249704752117
1789317388061280500,27.928280517578123,2.3443694154947994,1.3134797228366135,-0.5781478246100247
1789317388071235600,27.938235595703127,-0.714515466299653,-3.209764594569802,-1.8422487456411123
1789317388081190700,27.948190673828126,0.9073983375459909,-2.2211352500140666,-0.5048968565687537
1789317388091145500,27.9581455078125,0.8382493979960679,-0.5980605856955051,-0.16275456722527742
1789317388101100800,27.968100830078125,-1.6516899334281683,3.376054057922959,-0.25281148944310844
1789317388111055600,27.9780556640625,-0.3873158945441246,3.629872167125344,-0.9719937054447829
1789317388121010400,27.988010498046876,-3.5535213333725926,1.200185352090001,-1.042630545464903
1789317388130965500,27.997965576171875,-1.6324790370017288,-1.4434090020418167,0.14301489768438042
1789317388140919800,28.007919921875,-0.40835225283205506,-1.8578987347155809,0.7405364811323583
1789317388150874600,28.01787451171875,-0.5151689519971608,0.729900082436204,0.22015607809722423
1789317388160829400,28.027829345703125,0.9637170216172933,1.4718167658805845,0.3927505598787218
1789317388170784500,28.037784423828125,1.8007915306150912,1.8138333830177782,0.5648596692960709
1789317388180739600,28.047739501953124,0.6358230378568172,0.08969956014752388,-0.240612371474877
1789317388190694700,28.057694580078124,-1.5131512313097715,-2.7854350204050538,-0.45755452902689575
1789317388200649500,28.0676494140625,-0.46225744602084157,-1.8086954356074332,1.0896279320266098
1789317388210604500,28.0776044921875,0.48217736749947065,2.8381933816462754,1.9118316926941274
1789317388220558600,28.08755859375,1.2719774996250868,3.255203572708368,1.0330805537659675
1789317388230513700,28.097513671875,2.1367659449785945,-0.659011021220684,-0.1989730048149824
1789317388240468500,28.107468505859377,-0.7344312961250543,-0.16837737554311752,-1.3309046126291155
1789317388250423600,28.117423583984376,-2.3093162222921846,-0.8248170849710702,-1.539303325176239
1789317388260378600,28.127378662109376,-1.8839117123723028,-1.2269874342978,0.30694954153969883
1789317388270333400,28.13733349609375,0.1462877088099718,-1.5718600253880024,2.4705653533905743
1789317388280288500,28.14728857421875,1.7847762153595685,2.266363215750456,2.8515915001407266
1789317388290243600,28.15724365234375,-0.05463116937577724,3.582828091877699,0.8340780305955559
1789317388300198700,28.16719873046875,0.43529228220582006,0.7942056736081838,-1.1498109633758664
1789317388310152400,28.17715234375,-2.1813246331512928,-0.3622697160929441,-2.298392384956777
1789317388320107500,28.187107421875,-1.9312158998608588,-3.622337679967284,-1.6954584941364823
1789317388330062600,28.1970625,0.8844687128573655,-1.5568483342170714,0.5507214730240404
1789317388340017700,28.207017578125,2.539675714495778,0.8814128324180841,1.6376435801580547
1789317388349972500,28.216972412109374,2.9959967562049625,1.4079875600486993,1.0520810953773558
1789317388359927600,28.226927490234374,1.5904495750457048,0.33236206908524035,-1.7283336126476525
1789317388369882600,28.236882568359373,0.15999416260123253,-2.2689953178197144,-3.9636885266721245
1789317388379837400,28.24683740234375,-2.1660002227693793,0.9063660718888044,-3.22875395720005
1789317388389792800,28.256792724609376,-2.5238123749315737,-0.7573746570780873,-2.098901786008477
1789317388399746600,28.26674658203125,-2.5114737023621796,-0.5728723684251308,0.2705080357838422
1789317388409701600,28.27670166015625,-0.1593278076469898,1.798787205055356,1.167353926590085
1789317388419656400,28.286656494140626,-0.17776830422282217,-1.4731863006681203,0.2858938209641725
1789317388429611800,28.29661181640625,3.2065655062675473,1.417381995859742,-0.39067017340809107
1789317388439566600,28.306566650390625,3.4969150645315645,-2.5104326688766476,-1.5942083430573344
1789317388449521700,28.316521728515625,2.080332110095024,-2.908278725263476,-1.8122798699654639
1789317388459476500,28.3264765625,0.9574059387743472,-2.925976294517517,-1.3732162525273859
1789317388469431600,28.336431640625,0.08441606678664684,0.008374445113539694,1.0388207779183982
1789317388479386600,28.34638671875,-1.0075871430039405,0.4341588942617178,1.7175243416026234
1789317388489340400,28.35634033203125,-3.083222035193443,1.2292919118478893,1.496043298511952
1789317388499295500,28.36629541015625,-2.644115747657418,1.6707257655486463,0.023228096178546546
1789317388509250600,28.37625048828125,-2.960238629603386,0.35305414398014545,-1.0674404309421777
1789317388519205600,28.38620556640625,1.2676806792140005,-0.9886953955292701,-0.3207581405311823
1789317388529160400,28.396160400390624,2.5404554666966197,0.8459428751081228,0.8029528975568712
1789317388539115800,28.40611572265625,3.186284934782982,1.1664590235769747,1.1178661845173685
1789317388549070600,28.416070556640626,2.326865322986245,-1.5195166746884583,0.38811508209779855
1789317388559025400,28.426025390625,-0.5914128182440996,0.24526012421548365,0.9952182944919914
1789317388568980500,28.43598046875,-2.256319376119971,0.6950678385078907,0.980034169363603
1789317388578934800,28.445934814453125,-5.672593216228485,0.5478089465782046,0.929516572786495
1789317388588889600,28.4558896484375,-4.694554239270091,1.7743562358930707,0.045408071543648836
1789317388598844400,28.465844482421875,-4.727358192241192,2.6714880309686064,-0.9617974517315625
1789317388608799500,28.475799560546875,-0.04881985274851322,1.7777374027639627,-0.191642881122604
1789317388618754600,28.485754638671875,2.824554732394218,-1.569988386297226,0.24024551092386245
1789317388628709600,28.495709716796874,4.117457531148195,-0.15485972232222556,0.3441975413728505
1789317388638664400,28.50566455078125,4.229457770431042,-0.5356628739714622,0.0546214516993612
1789317388648619800,28.515619873046877,2.2958102595090866,-1.9064304181724785,0.005536518273875117
1789317388658573600,28.525573486328124,1.1705156054913997,-2.666775907754898,0.5626119634345174
1789317388668528600,28.535528564453124,-1.5590215866029262,0.3251519915759563,0.7103505286399274
1789317388678483500,28.5454833984375,-3.9385558389812707,1.8986197444215416,-0.6000212913092225
1789317388688438500,28.5554384765625,-3.79012118127048,0.79478171993047,-0.7708987400397658
1789317388698393600,28.5653935546875,-2.3764871397674083,0.8846025683701038,-0.05519939771778881
1789317388708348400,28.575348388671873,0.10982289524376392,-0.46028994534015655,-0.8040245453763752
1789317388718303700,28.5853037109375,2.8825001408845186,3.334633083254099,0.19150566460900006
1789317388728258600,28.595258544921876,5.758225673067569,1.973040194633603,0.5028374398209154
1789317388738213600,28.605213623046875,2.9861499004513026,-1.7811118476331234,-0.5012119575109333
1789317388748167400,28.61516748046875,0.31946050193607806,-4.4420816994577645,-1.1371684124890715
1789317388758122800,28.625122802734374,-0.7081365789175034,-1.725751779460907,0.07092581302933394
1789317388768077600,28.63507763671875,-1.4252864853739737,1.5337182185202836,0.5461113488800823
1789317388778032600,28.64503271484375,-1.338027888637781,0.348478214366734,0.5134419820740819
1789317388787987700,28.65498779296875,-1.3407915081322193,1.4042308378636836,0.8766004637002944
1789317388797942500,28.664942626953124,-1.407969439870119,-0.7215098552316427,0.640619478353113
1789317388807897600,28.674897705078124,0.0621311697423458,-0.7878776396304369,0.7205605186175554
1789317388817852700,28.684852783203127,2.814794385880232,-0.35093934378325936,0.9957305548630654
1789317388827807700,28.694807861328126,2.62570447717607,-1.454497966811061,1.1359824906401335
1789317388837761500,28.704761474609374,1.3930951113432646,0.5807493854105472,0.2614874747864902
1789317388847716600,28.714716552734377,-1.792764876025915,-3.394269513571262,-0.6192065418377518
1789317388857671700,28.724671630859376,-1.3294652274757623,-1.0878419984579086,-0.07963847712129354
1789317388867626800,28.734626708984376,-2.888676199170947,-2.1977543744266033,0.042195320042222734
1789317388877581600,28.74458154296875,-2.2896879772365093,2.2597762385755775,0.5670931274365634
1789317388887536600,28.75453662109375,-1.2608651539802551,1.0012199460595845,0.45514987903796134
1789317388897491700,28.76449169921875,-0.17668343159556388,1.0002011244058608,0.2604660227842629
1789317388907446500,28.774446533203125,1.1395014585465193,0.2262175700932741,-0.41245501197576523
1789317388917400600,28.784400634765625,0.9733826755851507,-1.926702221828699,-0.5682742269799113
1789317388927355600,28.794355712890624,2.1788053438067436,0.24020167178213594,-0.6948574106276035
1789317388937310700,28.804310791015624,0.3910188407152891,-1.753437658765912,-1.3332291100539266
1789317388947265500,28.814265625,1.5821429344713687,2.876344540864229,-0.3557210616344586
1789317388957220600,28.824220703125,-1.0075678537815809,0.6075672497093677,-0.14652243088129907
1789317388967175700,28.83417578125,-3.6366333318233486,1.3053764958798884,0.11785407987758517
1789317388977130800,28.844130859375,-4.479768163773417,2.304119238170981,-0.011569770556129514
1789317388987085600,28.85408544921875,-4.895626262190937,2.439012277263403,0.8042812235511839
1789317388997040600,28.86404052734375,-1.1996879239618778,1.0217711511790752,0.2901922488104552
1789317389006994700,28.87399462890625,1.1352338642299176,-3.2165006248265504,-0.23597236364930868
1789317389016949800,28.88394970703125,7.208279519951343,-0.2915355531781912,0.3986678941637277
1789317389026904600,28.893904541015626,12.04124211295843,1.4035545460373162,0.05605404178574681
1789317389036859600,28.903859619140626,10.377596953320502,5.046546891498565,-0.42440841155461967
1789317389046814700,28.913814697265625,-3.6793525296092033,-3.1285990540117026,-4.017497273749113
1789317389056769500,28.92376953125,-9.216882026353478,-3.960935428571701,-3.5983877723202107
1789317389066724600,28.933724609375,-6.302324951472878,-0.20264497132599352,3.0253613823771475
1789317389076679700,28.9436796875,-3.7041806813955307,-1.740984712167084,1.3017613741226493
1789317389086633700,28.9536337890625,-4.658223865738511,5.2154748866617675,-0.27882464976292104
1789317389096588500,28.963588623046874,0.26247020221352574,5.467553458720445,0.4593134284581989
1789317389106543600,28.973543701171874,4.139337354522943,2.517959557250142,0.23685868149716405
1789317389116498700,28.983498779296873,1.6538193466722964,-1.836754824399948,-0.9171180597886442
1789317389126453800,28.993453857421876,4.150245702028275,-3.7848645759165285,-1.3363111478477716
1789317389136408600,29.00340869140625,5.2083232613414525,-2.599913033315539,-0.059867170333117246
1789317389146363600,29.01336376953125,-1.6908914784818887,-1.4434820672780275,0.6717969991661608
1789317389156318700,29.023318603515627,-1.8325836761951446,-1.3579670993387698,-0.17172350763324648
1789317389166273500,29.0332734375,-1.1587228763669728,1.5403566336214543,-0.6378251714594662
1789317389176227600,29.0432275390625,-5.227208579075336,-1.185929447722435,-1.5904802624449133
1789317389186182700,29.0531826171875,-4.834354924148321,1.7685896351903676,-1.0001816890530288
1789317389196137700,29.0631376953125,-3.7628076424092054,-1.1986924831837416,-1.3743144230276345
1789317389206092500,29.073092529296876,2.040182470536232,-0.07717033344209194,-0.08408548312541098
1789317389216047900,29.0830478515625,4.888714875367284,3.7699481618136166,0.5633902908632531
1789317389226002700,29.093002685546875,5.530448598572612,1.6118495059490203,-0.8825459281012416
1789317389235957500,29.10295751953125,4.716494268399477,-1.1925035654157399,-2.0762208753839135
1789317389245912600,29.11291259765625,1.740589283108711,-3.526010226112604,-2.4707886407524344
1789317389255867000,29.122866943359377,-2.490519761660695,-4.961165779072046,-2.83654386087358
1789317389265821700,29.13282177734375,-1.304163028436899,1.696329285621643,-0.772363771091029
1789317389275776500,29.142776611328124,-2.344502686485648,0.782619865232706,0.15872644422035664
1789317389285731600,29.152731689453127,-2.063265239959955,3.156870039728284,0.044170894431509074
1789317389295686700,29.162686767578126,0.0007388356685638427,-2.749686246153712,-0.5104482070855796
1789317389305641700,29.172641845703126,1.3069652263760565,0.40314591636061664,-0.9566377308808267
1789317389315596500,29.182596435546873,2.2819945001244544,0.6316928061842918,-2.094724500323832
1789317389325551900,29.1925517578125,2.064320886492729,-0.7960469175606966,-2.2615571306429803
1789317389335505700,29.202505615234376,2.088036693122983,2.98193958927989,-0.7726153346993029
1789317389345460700,29.212460693359375,-1.3527403046011923,-4.332075264340639,-0.512562057434395
1789317389355415600,29.22241552734375,-2.152259866708517,-3.2585838627964256,1.8079808575972913
1789317389365370600,29.23237060546875,0.28371172768473624,-0.9178396520614623,2.444669864633679
1789317389375325700,29.24232568359375,-2.055855840486288,3.3962767617404457,1.3996907102160154
1789317389385280500,29.252280517578125,1.2448065841048954,2.609531341010332,-0.8384818915776908
1789317389395235600,29.262235595703125,-0.5276373884260654,-2.797279187455773,-1.8661324561841786
1789317389405190700,29.272190673828124,-0.8867296435266733,2.153194517210126,-1.1194845794994384
1789317389415145700,29.282145751953124,-3.206902190876007,2.0672785672545433,-0.5012776431582868
1789317389425099500,29.292099609375,-2.7752339443862435,-1.5331909797757863,1.4117285001426934
1789317389435054600,29.3020546875,-0.04534077846109867,-1.7182389196127652,2.670805893923342
1789317389445009700,29.312009765625,-0.7808072628527879,0.653552171292901,1.6551698844984173
1789317389454964700,29.32196484375,0.6389028836935758,4.660236959126592,-0.20208686251919716
1789317389464919600,29.33191943359375,0.3334130394428968,-0.14294775073230265,-2.7225238062009214
1789317389474874600,29.34187451171875,-0.7987655288696288,-0.5795552071899175,-2.917417432747781
1789317389484829700,29.35182958984375,0.12306348508894442,-2.877047720697522,-1.1083756679207086
1789317389494784500,29.361784423828126,0.8757944080144167,1.195896130463481,1.8870989641062914
1789317389504738600,29.371738525390626,3.4588854858666656,1.7043278831601143,2.497457451969385
1789317389514693600,29.381693603515625,1.7348194675356148,-0.906303528046608,2.0171537693873045
1789317389524648700,29.391648681640625,0.9546773905932903,0.5063736511230469,0.015333653134293853
1789317389534603500,29.401603515625,-1.9006348836362361,2.3434926326602694,-3.0711195094674824
1789317389544558800,29.411558837890624,-3.630762393963337,0.07643325133919715,-3.6668934455305338
1789317389554513700,29.421513671875,-1.5802052444070576,-1.5006903936654328,-0.7933885850716382
1789317389564468700,29.43146875,-0.8599111947059631,-0.3162672588527202,1.2233673441044985
1789317389574423600,29.441423583984374,0.13512217167317866,0.390897844684124,1.3808670595414936
1789317389584377900,29.4513779296875,2.4925357776582238,1.2521125232040882,0.8694519071199
1789317389594332700,29.461332763671876,3.563371696257591,0.062442719909548756,-0.6202679605241864
1789317389604287700,29.471287841796876,2.2316227417588235,0.8674965352684259,-2.2814050097987053
1789317389614242600,29.48124267578125,0.3558756311416626,-4.629218720528483,-3.243140502209961
1789317389624197600,29.49119775390625,-0.10534779565632342,-2.807583723849058,-0.5463390932213514
1789317389634152700,29.501152587890626,1.2034925769418476,0.14656477218568323,2.580633747828007
1789317389644107500,29.511107421875,0.1884989570736885,-0.3017553338974714,3.946531347905099
1789317389654062800,29.521062744140625,-0.3618120354533195,4.195649024331569,3.4785686759799717
1789317389664017700,29.531017578125,-3.6242560808092352,-0.8785305549800395,0.4063371136173606
1789317389673971700,29.5409716796875,-3.491576041591167,0.5669809722989797,-0.3776696393964812
1789317389683926500,29.550926513671875,-0.16188567543625831,-2.6557377963900564,0.05035966606903821
1789317389693881900,29.5608818359375,-0.7767793225109577,-1.233063539341092,0.705115404465422
1789317389703836700,29.570836669921874,1.1439444094300268,2.488714758065343,0.9485017706982791
1789317389713791500,29.58079150390625,-0.35351825436055656,-1.996791072577238,0.7877852851718664
1789317389723746600,29.59074658203125,2.463930445420742,1.5388877301126718,1.7181044795781373
1789317389733701600,29.60070166015625,1.794420826539397,-4.0944443198293445,0.515052559075877
1789317389743656700,29.61065673828125,0.48490182402729987,-1.656636157658696,0.06837134277354925
1789317389753610500,29.620610595703123,-0.5095499430716037,1.984135004621744,-0.9999536524508148
1789317389763565600,29.630565673828126,-2.7828859204441305,1.649233772447705,-1.9405992297559975
1789317389773521200,29.640521240234374,-0.3154372377693653,1.0320242496460676,-1.119140296106413
1789317389783476200,29.650476318359374,-0.4170645515978336,-5.577883718964457,0.336365203779377
1789317389793431000,29.66043115234375,2.389105798321962,1.126178451114893,2.008564074087888
1789317389803386000,29.67038623046875,-0.3440215272188186,2.1474153492867947,0.49141566290073097
1789317389813341200,29.680341064453124,-0.5728530792027712,1.674937538024783,-1.0113258180756122
1789317389823296000,29.6902958984375,0.13906594086289406,-0.3641670741468668,-1.1705259807549417
1789317389833250000,29.70025,-0.8676853358387947,-1.5308599064797161,-0.732872668506205
1789317389843205000,29.710205078125,-0.014105682241916656,3.5041081909060474,0.0315968787362799
1789317389853160200,29.72016015625,-2.0450363403081893,0.4825549686402082,0.058710474578663706
1789317389863115000,29.730114990234377,-0.5907768584281206,-0.938049496397376,1.105291292039305
1789317389873070300,29.7400703125,1.1392740795314311,-0.8751748148113488,1.2969076504811643
1789317389883025200,29.750025146484376,1.835057372832298,1.7830699959635734,-0.02226268521249294
1789317389892980200,29.759980224609375,3.1713603373736143,2.25294610029459,-0.5762667235711589
1789317389902935300,29.769935302734375,0.5038093535929918,-1.9937416218787432,-0.530506514121592
1789317389912889300,29.779889404296874,-1.7140777082800864,-5.378315086343884,-0.7648908048618585
1789317389922844200,29.78984423828125,-0.8944248742043972,-0.3998351843774319,0.6429854037668555
1789317389932799000,29.799799072265625,-1.2886369580030441,7.02236298058629,1.4727832728251813
1789317389942754300,29.80975439453125,-3.3597458972007033,4.026176547028124,0.13634908311963082
1789317389952709000,29.819709228515624,-4.928575176590681,-0.2875754173755646,0.24956571245491505
1789317389962664200,29.829664306640623,-1.462809868082404,-3.3337095386683937,-0.04150280773341655
1789317389972619000,29.839618896484374,-0.9468564877092838,-1.5932102719306944,-0.03367240636870265
1789317389982574300,29.84957421875,4.064977986848354,1.7961925123870373,1.9629680056914687
1789317389992528100,29.859528076171873,5.257413747724891,3.109478173956275,1.6562646939978003
1789317390002483200,29.869483154296876,2.3486288265049455,-1.710003590708971,-1.4408417819023132
1789317390012438000,29.87943798828125,0.9706073656529187,-6.421624115592241,-1.5971758145608006
1789317390022393300,29.889393310546875,2.4295009370744225,-3.6861750691056248,0.6078961163375526
1789317390032348200,29.89934814453125,1.7803057919472456,2.5709897211700676,1.8359841322883963
1789317390042303000,29.909302978515626,-4.6722775255322455,4.422335088719428,0.47882199265696107
1789317390052258300,29.91925830078125,-4.199347878849506,0.0077829089611768714,-1.3543304964020848
1789317390062213000,29.929213134765625,-3.86339742988348,-0.8555138365298509,0.9375573289662599
1789317390072167200,29.939167236328124,3.396789387437701,-1.7900035946190356,1.6262185153022408
1789317390082122000,29.9491220703125,2.6242753211557863,1.227625147679448,-0.4171934386745095
1789317390092077300,29.959077392578124,2.4371330393880606,1.794310936424136,-2.218829311159253
1789317390102032100,29.9690322265625,2.0864467935830353,-2.1584148822069165,-3.165336254778504
1789317390111987200,29.9789873046875,0.3661065177768469,-1.54415018068552,-2.4695240276440975
1789317390121942000,29.98894189453125,0.6312532457232475,-2.226278458121419,-1.1542075908996163
1789317390131897000,29.99889697265625,-0.11326105299890041,-1.0385524823710321,0.5820061805386096
1789317390141852200,30.00885205078125,-0.6094961719453335,-0.46050797200500965,0.522054327596724
1789317390151807000,30.018806884765624,-1.6791636312872171,2.1057845312595367,-1.2645536332346499
1789317390161761000,30.028760986328123,0.5577975488901138,3.1978421015858647,-3.6457723315685984
1789317390171716000,30.038716064453126,0.8834925613015889,-2.855955248308182,-4.666041846013069
1789317390181671200,30.048671142578126,0.7634960625678301,-0.7669412345856428,-2.878998562504351
1789317390191626000,30.0586259765625,0.5364169072091579,-2.519023971611261,-1.6369056212723254
1789317390201581300,30.068581298828125,-1.3585329165279865,-1.585286493194103,0.6625966246224939
1789317390211536100,30.0785361328125,1.1641969238638876,0.3385015947535634,2.0788430405810474
1789317390221491200,30.0884912109375,0.24116145672500133,2.6622780118137594,1.637271824236214
1789317390231446300,30.0984462890625,-1.3359960905492305,5.971999356651306,-1.066654175935313
1789317390241400300,30.108400390625,-5.89696135906279,-1.605943496775627,-4.574387060144543
1789317390251355100,30.118355224609374,-2.0432909579455854,-3.0038936469346282,-2.2866733055904507
1789317390261310200,30.128310302734373,0.016516835036873817,-0.6265425838142633,0.6096757662959397
1789317390271265300,30.138265380859377,1.2941653660356998,4.748773320713639,1.9629111609376966
1789317390281220000,30.14822021484375,4.816107904317975,4.561158745259046,1.9152927929334342
1789317390291175200,30.158175048828124,2.5085475857824084,-2.8934119955211877,0.9012151188664138
1789317390301130000,30.1681298828125,1.3552782986462115,-5.077033799698949,-0.6104682318478822
1789317390311085300,30.178085205078126,0.22277415164113043,-2.3021458922713993,-1.5268753668881951
1789317390321039000,30.1880390625,0.25761633244156834,4.500085560137033,-0.3850375743485987
1789317390330994200,30.197994140625,-1.8489719164162872,4.5122187732622026,0.2308708757918328
1789317390340949000,30.207948974609376,-5.541528795513511,0.04903700263053178,0.9549997544154524
1789317390350904300,30.217904296875,-3.4607764141798016,-1.0962009537413715,2.0036187266401946
1789317390360859100,30.227859130859375,-1.5723422559469937,-1.061648988059163,1.8280144685834645
1789317390370814200,30.237814208984375,0.9789280347526073,1.0712561898380517,1.622873150397092
1789317390380769300,30.247769287109374,4.214330343925953,1.5466992806464432,1.2212528361685573
1789317390390723300,30.257723388671874,4.12800347508192,-1.4836381365776061,-0.3512190375074744
1789317390400678100,30.26767822265625,2.9245722729384895,-1.6095102493464946,-1.7864511628344655
1789317390410633000,30.277633056640624,1.1225579225301743,-1.2935744144052266,-1.2153327984698117
1789317390420588300,30.28758837890625,-0.8764858974099159,-1.7937711304590105,0.23778978833481668
1789317390430543000,30.297543212890623,-2.4533932693153617,-0.8464262747108936,1.2721829590693114
1789317390440498200,30.307498291015627,-1.928347066426277,0.43955870747864245,2.013531633367389
1789317390450453000,30.317452880859374,-0.9032020548999309,4.5888796958774325,1.5170716196238994
1789317390460408300,30.327408203125,-1.563427128085494,3.3226971462666985,-0.2605290050178766
1789317390470363100,30.337363037109377,-0.48436932458579535,-1.2644184625476598,-2.132956908084452
1789317390480317200,30.347317138671876,-0.8365648059099912,-2.2899527656525374,-2.107480813783407
1789317390490272000,30.35727197265625,0.26293489711582657,-3.4436130979329347,-0.8713101022072136
1789317390500227300,30.367227294921875,1.0910995389491318,1.9601117394775152,1.2411729037776589
1789317390510182100,30.37718212890625,1.0454261675328016,2.1037349052533507,1.8540505348548293
1789317390520137000,30.387136962890626,-1.4520371296554804,1.5777052442848682,1.3818762365840374
1789317390530092300,30.39709228515625,-2.689374693053961,-3.5617540319278835,-0.0491620172496885
1789317390540047000,30.407047119140625,-3.296519333437085,-0.7820429421275854,0.22791301236692815
1789317390550002200,30.417002197265624,-2.392550970339775,3.1401474529862403,0.20380575873367487
1789317390559956000,30.4269560546875,1.5859323898822069,-2.9639310543805357,-0.04415339530743658
1789317390569911300,30.436911376953127,4.246735068446397,-3.0690771899849176,1.8999894253395497
1789317390579866000,30.4468662109375,7.755721679043769,0.9041822981089354,1.252098202417791
1789317390589821200,30.4568212890625,6.218789759173989,0.20381459962725637,0.15821239375099538
1789317390599776300,30.4667763671875,-0.35764088724851606,-2.570879246532917,-1.0500133491925894
1789317390609731000,30.47673095703125,2.097345204216242,-4.429572346496582,-1.6704343813866376
1789317390619686100,30.48668603515625,-1.5958604941785335,0.4875269118338823,0.7220232115812599
1789317390629641000,30.496640869140624,-3.5683436394512653,3.305066504769027,0.6287536839924752
1789317390639595300,30.50659521484375,-6.180321789091825,2.9551141261965035,0.23467224083617327
1789317390649550000,30.516550048828126,-7.448491713127494,1.7511407800003884,0.9639385554134845
1789317390659505200,30.526505126953126,-2.961789366176724,-0.7480301978886127,0.6766770262926817
1789317390669460000,30.5364599609375,1.6123849279999731,0.8763654859006405,-0.1192625584360212
1789317390679415300,30.546415283203125,5.677361161282659,-1.1248667839944362,-0.3518617193251848
1789317390689370000,30.5563701171875,6.637450055530667,-2.185238591724634,0.3832528828889131
1789317390699325200,30.5663251953125,7.025263962724805,-1.0564730467259884,-0.944933776018396
1789317390709280300,30.5762802734375,-0.3299491627246141,-0.20043957023620604,-1.9922050599612295
1789317390719234300,30.586234375,-2.6197815168678757,-1.019445923101902,-1.0932771752491592
1789317390729189000,30.596189208984374,-5.576683695524931,-0.8083274302020669,2.2677850652471183
1789317390739144200,30.606144287109377,-2.9001842661350965,-0.4683937568187713,2.3311488455243405
1789317390749099300,30.616099365234376,-5.094572963520884,2.748782283051312,0.7185594809934497
1789317390759054000,30.62605419921875,-3.2195874849259853,4.745476032733917,0.56846437925715
1789317390769009200,30.636009033203123,-0.06742752258479595,6.042434244358539,-0.03691263039894402
1789317390778964000,30.6459638671875,-1.4716753115832806,-1.2936451415538788,-1.3879495651483535
1789317390788919000,30.6559189453125,3.2299744389057157,-5.918788575467467,-1.7520273535765707
1789317390798872800,30.665872802734373,5.165596464771032,-0.6623726066082716,-0.4861133917741477
1789317390808828200,30.675828125,3.6599113315582272,1.163674361294508,0.8980893149960786
1789317390818783000,30.685782958984376,4.359740685379505,1.0068015455842017,0.3905539631498977
1789317390828738000,30.695738037109376,0.8277689205139875,0.1644558181852102,-0.6073883494785055
1789317390838693000,30.705693115234375,-4.494180720007419,-0.2636997440084815,-0.5906092833088711
1789317390848648200,30.715648193359375,-6.712295160895586,1.9951780844226479,0.26104970442373304
1789317390858603000,30.72560302734375,-6.971109763211011,-0.5051195594087243,-0.3628257060078904
1789317390868557800,30.735557861328125,-3.765284261655807,-1.573882471126318,-0.688097707234323
1789317390878512000,30.74551220703125,2.552620536264777,-0.3564706744253635,1.4603469851002095
1789317390888467200,30.75546728515625,6.712044985526799,2.512743283906579,2.1514345218002795
1789317390898422000,30.765422119140624,8.672752352809905,5.760383727884292,0.4470723710443824
1789317390908376800,30.775376953125,1.8576789544850587,-0.8310738072782754,-2.718437705931067
1789317390918332200,30.785332275390626,-2.75556536732018,-6.726007459905743,-3.9209333807900544
1789317390928287000,30.795286865234374,-0.5176841496884823,-4.458536575174332,-1.1193616837721316
1789317390938242000,30.805241943359373,-1.54771225708127,1.8421175204768776,1.3268740419387817
1789317390948197000,30.815197021484376,1.1922171496897935,3.258772955627739,0.14428900927342472
1789317390958151200,30.825151123046876,-2.2583254552453753,2.1175228998482227,-1.1186586500693112
1789317390968106000,30.83510595703125,-1.7572271141767501,0.774870858541131,-2.663571851016581
1789317390978061000,30.84506103515625,-2.198840416097641,-1.1337830808997154,-3.222528799074888
1789317390988016000,30.85501611328125,1.056160327515006,-2.8568735321968792,-1.3713172870382666
1789317390997971000,30.864970947265626,3.038288668489456,-2.6560546072542666,0.5325660039346665
1789317391007926000,30.874926025390625,3.9929157902002332,-0.4216010259836912,1.8261062968745827
1789317391017880800,30.884880859375,1.793106236809492,1.5406804587483405,1.160063477320969
1789317391027836200,30.894836181640624,-0.5317687891423702,0.6526508385390043,-1.4886061342485248
1789317391037790000,30.9047900390625,-1.8308797948867082,-2.803167076450586,-2.8355259160026907
1789317391047745000,30.9147451171875,-1.7292822916746138,-5.044043384245038,-1.7721365140169858
1789317391057699800,30.924699951171874,1.3502993411898612,-1.5095815561294554,0.38561252469234164
1789317391067655200,30.9346552734375,-0.6108592769920825,1.2511539073050022,0.953997664700821
1789317391077610000,30.94460986328125,0.12613748570680616,4.363287564206123,0.7694594279516488
1789317391087565000,30.95456494140625,-1.3736544978141785,-0.7993383603215217,-0.409556221794337
1789317391097520000,30.96452001953125,-2.4796757115632295,-1.9277642981022596,-0.7003012091167271
1789317391107475000,30.974474853515623,-0.49443537604808807,-1.4391829087793826,-0.1645137589175254
1789317391117429000,30.984428955078126,-2.537241765347123,0.38469957456588744,-0.6276202229831367
1789317391127384000,30.994384033203126,0.2578974874705076,4.479932414424419,-0.07887640670761466
1789317391137339100,31.004339111328125,1.3428010943889617,-0.549223781812191,-0.21259609117172656
1789317391147294000,31.0142939453125,3.83794033254385,0.7459317643046378,0.4604083840880543
1789317391157249000,31.0242490234375,3.103588531395793,0.23907705166637896,0.2488938045427203
1789317391167204000,31.0342041015625,-1.2489613656967877,0.6088806703954934,-0.8459241704076528
1789317391177159200,31.0441591796875,-2.3446675216585398,-1.4113719417899846,-0.9760884274125099
1789317391187114000,31.054114013671875,-4.1166058827549215,-0.7218634909749031,0.20985786184687166
1789317391197068000,31.064068115234374,-0.3918073607444763,2.5558044269979,1.3059174708887933
1789317391207023000,31.074023193359373,0.09665770872235298,0.49186114164590833,0.36109066237621007
1789317391216978200,31.083978271484376,-0.22958090904653072,2.6966239335298536,-0.5747049176145345
1789317391226933000,31.09393310546875,0.05208206941485405,1.7545763074070215,-1.2601131665691732
1789317391236887800,31.1038876953125,1.253420098671317,-0.7513795083165168,-1.1740858651936052
1789317391246843100,31.113843017578127,2.810124055981636,-2.8302666803002356,0.3675701605886221
1789317391256798000,31.1237978515625,2.363767943447828,-0.46854982416331764,2.5262168057247996
1789317391266753000,31.1337529296875,-0.416224593642354,0.21358196040391922,2.1182751795202495
1789317391276706800,31.143706787109377,-2.000155580574274,-2.7376503559231757,0.1755480708900839
1789317391286662100,31.153662109375,-1.40572955198884,0.636237463876605,0.24464922577552495
1789317391296617000,31.163616943359376,-0.526549008667469,1.9356968446671963,-0.3601310235638171
1789317391306572000,31.173572021484375,-0.7391203307241201,-0.1464139655381441,-1.3593833958774804
1789317391316527000,31.183527099609375,0.9405044883340596,-0.14680851781368254,-0.6839678408879787
1789317391326482200,31.193482177734374,-0.07237433133721351,1.1050322027117014,0.6210664904907346
1789317391336437000,31.20343701171875,1.5106506466656922,1.650504523035884,0.7551346961315721
1789317391346391800,31.213391845703125,0.6792530142605304,-0.840599175992608,-0.04924114690050482
1789317391356346000,31.22334619140625,-0.013727496579289436,-0.09162672881782054,-0.22478877939917147
1789317391366301200,31.23330126953125,-1.9434610489279032,-3.1086773789674043,-1.1465209088545292
1789317391376256000,31.243256103515623,-2.7207003901660443,-0.9181921187609433,-0.6543245439048856
1789317391386210800,31.2532109375,-0.32588848915696145,0.6819926683574915,0.04897423959262669
1789317391396166100,31.263166259765626,0.8257178332030772,0.7183435001552104,0.7617604709468782
1789317391406121000,31.273120849609374,1.8329431571573018,2.2514771967858076,1.7951478256396949
1789317391416076000,31.283075927734377,0.3323743440449238,-1.1774725850224494,1.764863746535033
1789317391426031000,31.293031005859376,-0.20155483800172805,-2.3872446806252,1.203670417726785
1789317391435985200,31.302985107421875,0.44201662202477454,-2.5166934828370806,1.3563394981369374
1789317391445940000,31.31293994140625,2.297899925264716,2.4408400772124526,2.562813428977132
1789317391455895000,31.32289501953125,2.5605238567352293,3.7226474814563986,1.5030680825822054
1789317391465850000,31.33285009765625,-0.8097890271872281,-2.3141391124039887,-0.2541473411567509
1789317391475805000,31.342804931640625,-2.769796137246489,-4.764134555974603,-0.496055926454626
1789317391485760000,31.352760009765625,-2.652178642603755,-0.39194296982288357,0.29563411107081916
1789317391495715000,31.362715087890624,-0.9650818802297115,3.290565977990627,1.0431813112154602
1789317391505670100,31.372670166015624,-0.9953490081995725,2.2902187231123445,1.3079913545534014
1789317391515624000,31.3826240234375,-0.1899146690905094,0.34548575455248354,0.6460497597735375
1789317391525579000,31.3925791015625,-0.10963058754205703,-0.5794786348223686,-0.12271584069505333
1789317391535534000,31.4025341796875,0.6771148331880569,-3.2131583286613226,-0.7207444238170981
1789317391545489200,31.4124892578125,1.4082704686433076,0.4196639204412699,-0.718506216436252
1789317391555444000,31.42244384765625,1.330090665897727,-0.08415069384872913,-0.6264425575058907
1789317391565399000,31.43239892578125,1.8236597805052994,-0.7157365325272083,-1.0265920685295016
1789317391575354000,31.44235400390625,-0.3267892373889684,-3.1261054836302993,-0.9344560750152915
1789317391585309000,31.452308837890627,0.19373919581472873,-0.6152648184746503,0.2953771041024476
1789317391595263000,31.462262939453126,0.11005611947774886,1.1618027222037315,0.6916017698325216
1789317391605218000,31.472218017578125,-1.5703957980543375,2.6559891408026215,-0.1882539693366736
1789317391615173000,31.482173095703125,-1.831180239138007,3.499410973000526,-1.4518049283348022
1789317391625128000,31.4921279296875,-2.7019728933423757,-0.3294312763303518,-1.0721186518862842
1789317391635083000,31.5020830078125,-0.503805261939764,-0.17649696911275387,0.5067208571255207
1789317391645038000,31.5120380859375,0.11712357364594936,-1.4628075299948453,1.3135112870186567
1789317391654993200,31.5219931640625,0.7506424262136221,0.703058837261796,1.2568854366943238
1789317391664947000,31.531947021484374,1.1077461378455162,0.6029869361817837,0.44097631919160485
1789317391674902000,31.541902099609374,1.0784890637010336,-0.13831249214708805,-0.3486147002279758
1789317391684857000,31.551857177734377,1.5330775825291871,1.219070669823885,-0.6684714349400251
1789317391694812200,31.561812255859376,0.38272915127575396,-3.841750246220827,-0.46851212250143287
1789317391704767000,31.57176708984375,0.6638175447195768,2.343133151698112,1.1602997702948747
1789317391714721800,31.5817216796875,-1.917086252221465,4.478638282960653,1.131970770780742
1789317391724677000,31.591677001953126,-2.845786905515194,1.2917033598363399,0.22644600855428723
1789317391734632000,31.6016318359375,-2.8004449580103157,-0.9221347189068794,0.14841339572705328
1789317391744587000,31.6115869140625,0.3114022831648588,-1.397600021547079,0.7386557819522916
1789317391754540800,31.621540771484376,1.1999474516808986,0.14498831664919853,0.38586006971262393
1789317391764496100,31.63149609375,2.169648808404803,0.2950900307893753,-0.8528484897781163
1789317391774451000,31.641450927734375,2.7777596634715795,-0.48141573547720906,-1.128969762333855
1789317391784405800,31.65140576171875,3.350727893486619,0.14686521643698214,-1.07713626085259
1789317391794360600,31.661360595703126,0.07990531136393547,-0.8848580044358968,-1.5112185096815227
1789317391804316000,31.67131591796875,-2.7587048343896865,0.3956844944387674,-1.1757708956710993
1789317391814270700,31.681270751953125,-3.2361586804986,-2.2539842111706734,-0.012331292980536817
1789317391824224800,31.691224853515624,-2.7590520403921603,-0.7771370499074458,0.7288654786914587
1789317391834179600,31.7011796875,-0.6849900966078043,2.639886147263646,-0.09938085007593035
1789317391844135000,31.711135009765623,0.19048048627972602,2.6751222958177325,-2.0781600267529488
1789317391854089700,31.72108984375,2.04031691057086,-0.3679916008710861,-2.7355682889521122
1789317391864044500,31.73104443359375,2.435350247624516,-4.884271924483776,-2.288183125631511
1789317391873999600,31.74099951171875,2.4756588771373034,-4.072767910072208,-1.4779320338904858
1789317391883954700,31.75095458984375,3.655381286913156,0.5201338809281587,0.05080846928246319
1789317391893909800,31.76090966796875,1.7694143955767154,2.071793998852372,0.34883499191515144
1789317391903863600,31.770863525390624,-0.814020965668559,1.0863351010262965,-1.120411558151245
1789317391913818600,31.780818603515623,-3.975433325001597,-0.51832244759202,-2.1166095843955874
1789317391923773700,31.790773681640626,-5.1840124114274975,-1.094870581920445,-1.3914818309277295
1789317391933728800,31.800728759765626,-1.9681173512786625,-1.915411597007513,-0.13403254980556667
1789317391943683600,31.81068359375,0.4154612080544233,-0.7064321130871772,1.0841402943957597
1789317391953639000,31.820638916015625,3.8823330164998766,2.132852570927143,1.3650140952408314
1789317391963593700,31.83059375,3.9052287389189004,0.6004121172577143,-0.23033121595717965
1789317391973548500,31.840548583984376,3.093292762830853,-0.1798404343217611,-1.3021420440033078
1789317391983503600,31.850503662109375,1.1081856983065606,-1.5454448966711758,-1.0307195967882872
1789317391993458000,31.8604580078125,-1.4869892005711793,-4.005691100621223,-1.0231164283081888
1789317392003412700,31.870412841796874,-1.774094077825546,1.0082812627479434,0.6734332951311022
1789317392013367600,31.880367431640625,-3.2046897755235433,5.572417854773998,1.025980877828598
1789317392023322600,31.890322509765625,-4.933098206973075,5.2507665647953745,-1.0332605134427546
1789317392033277700,31.900277587890624,-2.8345488876640794,-1.518187471911311,-1.7034619139805436
1789317392043232800,31.910232666015624,1.7011702959120272,-3.9541251640349624,-0.387768314486742
1789317392053187600,31.9201875,2.701840206873417,-1.2558581394731998,0.036600422644615174
1789317392063142700,31.930142578125,2.383784895560145,2.950595771989226,-0.18277699923031032
1789317392073096700,31.9400966796875,3.4923049403876063,3.4323166278928516,0.14645897372364997
1789317392083051800,31.9500517578125,-1.0326736534655094,-1.7350725655138493,0.7432972510825843
1789317392093006600,31.960006591796876,-2.450774611249566,-4.367364604386687,1.8145318866759537
1789317392102961700,31.969961669921876,-1.2845540726035833,1.4817778956636785,2.2861180097952483
1789317392112916700,31.979916748046875,-4.124202329233288,5.105551453652978,0.7580626393422484
1789317392122871600,31.98987158203125,-1.9926111565440892,-0.024629414343833922,0.1138834226809442
1789317392132827000,31.999826904296874,1.7140122418284416,-0.43857437261641025,0.9043553896535187
1789317392142781700,32.00978173828125,1.8724094906270503,-0.21122224553525445,-0.15580292145647107
1789317392152735700,32.01973583984375,2.5272797587811944,1.2538520603477954,-0.9131436031997203
1789317392162690600,32.02969067382813,2.6157670205295083,-2.4470640662938354,-0.6012834932647645
1789317392172646000,32.03964599609375,-0.858939719325304,-1.5005010085731745,0.3992653486002236
1789317392182600700,32.0496005859375,-0.6436182217776775,-0.7203758827656507,0.19106807690933345
1789317392192555800,32.0595556640625,-1.1797680024832486,1.2503911062389612,-0.08906049505900591
1789317392202510600,32.069510498046874,-0.07682254291772841,1.9987366536870597,-0.11912599950954317
1789317392212465700,32.07946557617188,-2.366817394146323,0.4535474853426218,-0.23544161777347325
1789317392222420700,32.08942065429687,-1.6526988182097673,-1.1780845794409514,-0.7781786679148673
1789317392232374800,32.09937475585937,0.5369879850953817,0.7150707620948553,0.19545604620259255
1789317392242329600,32.10932958984375,1.3024375198185443,2.0246552310585972,0.9427588431321084
1789317392252284700,32.11928466796875,2.0096669207632543,-1.8096575586378574,1.9096552254378794
1789317392262239700,32.12923974609375,2.3663351635873315,-3.6353988215923305,2.1555933950453996
1789317392272194600,32.139194580078126,1.8366694842040538,-2.184241397380829,1.8766016816198825
1789317392282150000,32.14914990234375,-1.9241203886419533,2.948102786129713,1.0763486176062376
1789317392292104700,32.159104736328125,-1.5169301653265952,1.9875006816625593,-0.7898544195961207
1789317392302059800,32.16905981445313,-4.006856052747368,-0.7788999679267407,-0.3744729622470215
1789317392312013600,32.179013671875,-1.2681523883789776,-3.2177690373271703,0.9623906683843583
1789317392321969000,32.18896899414062,-0.2846200747013092,-1.8081109137177467,2.062290549708903
1789317392331923700,32.198923828125,2.946379615598917,1.729891948005557,2.423259996858239
1789317392341878500,32.20887841796875,4.537704219913483,0.8312497483670711,2.501657534007728
1789317392351833600,32.21883349609375,2.8974329216003416,-0.6002396833002567,0.7162009351685643
1789317392361788700,32.22878857421875,0.09850713598132133,-3.764697401678562,-2.06587600698024
1789317392371743700,32.23874365234375,-0.5790928503751754,-0.8779787663161754,-1.7045500014781951
1789317392381698600,32.248698486328124,-1.083387357136607,-4.0080362024426455,-0.17001418296471238
1789317392391654000,32.25865380859375,-0.8585492587029934,-0.8480763800054788,1.528141295170784
1789317392401607700,32.268607666015626,0.14916472555100918,5.17046728567779,1.7060165668994187
1789317392411562800,32.27856274414062,-0.1551584130078554,3.860603415250778,-0.030135939338244495
1789317392421517600,32.288517578125,-0.7537509136229753,-0.0302379018753767,-2.03154659800753
1789317392431473000,32.29847290039063,-1.652792341712117,-3.9070483555614945,-2.550844758763909
1789317392441427700,32.308427734375,-1.002261564067006,-1.0428455033898354,-2.125193288345635
1789317392451382500,32.318382568359375,-0.5817530094951391,0.1189472819417715,-1.5887182212084532
1789317392461337900,32.328337890625,0.4851660279214382,3.1468589333236214,-0.3314137919170782
1789317392471292000,32.3382919921875,1.5999264284431933,3.7447359791457653,0.2654525059599429
1789317392481246700,32.348246826171874,-0.6876075856298208,-0.647720396399498,-0.42356001456435766
1789317392491201500,32.358201416015625,-1.5257821648240089,-1.666613946315646,-0.3263455122094601
1789317392501156900,32.36815698242187,-2.9631004487752914,2.16564541798234,-0.285376920950599
1789317392511111700,32.378111572265624,-1.9439958864569662,3.1658295912533996,0.47614985083825884
1789317392521066800,32.38806665039063,0.07048515658974647,1.1323743831455706,0.46790769033487883
1789317392531021600,32.398021484375,-0.004838087680935859,-1.7148457700431345,-0.292761660907045
1789317392540976600,32.4079765625,0.990743560230732,1.7866788341104982,-0.6839128227651119
1789317392550931700,32.417931640625,0.1120674593001604,0.5712801307976245,-1.8651025286145506
1789317392560885800,32.4278857421875,0.8938549653619527,-1.1898860763937233,-1.5484890866726635
1789317392570840600,32.43784057617187,0.9440449374198913,-0.9168997408628463,-1.0616221000522374
1789317392580795600,32.447795654296876,0.39897359911203384,-1.3252274437755345,-0.3804205820724368
1789317392590750700,32.45775073242187,1.2029285133183,3.1968244489759203,0.7776410539068281
1789317392600705500,32.46770556640625,-0.8421768005728721,-0.5591396111488341,0.22211663758046923
1789317392610660900,32.47766088867188,-1.4678671514719723,-0.5865338140308857,-0.17825243447795508
1789317392620615700,32.48761572265625,-1.016433881804347,0.5231313091784715,-0.829993026304245
1789317392630570800,32.49757080078125,-0.7830705316096543,1.9292565824866295,-1.0764498129583895
1789317392640524500,32.507524658203124,-0.2559276487022638,0.5705740283548831,-0.9259170139245688
1789317392650479900,32.51747998046875,0.3596837912529707,-3.7118922786861654,-0.40319044962208717
1789317392660434700,32.5274345703125,1.6836106738239527,-3.380315807020664,0.48912484854981303
1789317392670389800,32.5373896484375,2.668782571402192,1.1801631392806768,0.7169860941968857
1789317392680344600,32.54734448242188,0.9804092132210731,2.8001111960113048,-0.8254998065382242
1789317392690299600,32.55729956054687,-1.930044517993927,0.29502982503473757,-2.295608014935255
1789317392700254700,32.567254638671876,-3.6061481771886346,-2.046573632878065,-1.8103176299817858
1789317392710209500,32.57720947265625,-3.045366059529781,-2.319401562976837,-0.35987120358385144
1789317392720163600,32.58716357421875,-0.09048106591403483,0.23606091871559617,1.3220789166167377
1789317392730118700,32.59711865234375,2.296979887810349,1.8085609955728053,2.4492918253459033
1789317392740073700,32.60707373046875,2.817050640374422,2.055141554737091,0.8593918470069766
1789317392750028500,32.61702856445312,0.6918851168185473,-2.8610487720549105,-2.388070610055327
1789317392759983900,32.62698388671875,1.0086685084998608,-3.0677637692987916,-2.1326580712683496
1789317392769938700,32.63693872070313,1.9685043047696351,-1.4046476019710301,-0.023935185001976788
1789317392779893800,32.646893798828124,1.8895704687863588,-2.6363714171409605,1.0933677761420606
1789317392789848800,32.65684887695313,1.7492630034297703,0.32302024024426934,2.0526609899677335
1789317392799803000,32.666802978515626,-0.26258067685067654,3.7542268610686063,0.4616967068655416
1789317392809757700,32.6767578125,-2.745264338058233,4.668939321020245,-2.8420187851533294
1789317392819712800,32.686712646484374,-4.392440593454242,-2.9869460192650554,-3.69825129134655
1789317392829667800,32.69666772460938,-1.232125381708145,-6.215221837559342,-1.409199712317437
1789317392839622700,32.70662255859375,0.4064291758149862,-2.136274946591258,-0.21813275557607412
1789317392849578000,32.716577880859376,-0.09248305338621139,0.5986597206324339,-0.06849127935878932
1789317392859532800,32.72653271484375,2.981186140564084,3.669125734627247,0.6469916437335312
1789317392869487900,32.73648779296875,1.2312725642710924,1.396650757998228,0.17726042776592074
1789317392879441700,32.74644165039062,-0.5869423948317766,-3.8832267504692077,-1.5608108081072567
1789317392889397000,32.75639697265625,-0.07853343848884105,-3.087757925057411,-1.3487871830612421
1789317392899351800,32.76635180664063,-1.0317489398360251,2.860671170914173,0.2836316481858492
1789317392909307000,32.776306884765624,-0.9560556932091713,3.962904682818055,0.9445651619017124
1789317392919262000,32.78626196289063,-0.1106119997948408,0.17264204725027082,0.43380960590001194
1789317392929216800,32.796216796875,0.9322527928173542,0.6423971555501222,-0.19844149175416678
1789317392939171800,32.806171875,-0.18146014447808265,0.543777791365981,-0.8126759808003902
1789317392949126700,32.81612670898438,-1.347841426643729,0.2246189027249813,-1.3619775040239095
1789317392959081000,32.8260810546875,-0.956255599695444,-1.3187801673322914,-1.1633072815477847
1789317392969035800,32.83603588867187,0.21346564054787157,0.40132513067424297,0.0394528894662857
1789317392978990800,32.845990966796876,1.7679712110310792,3.3486265372931956,1.3019348309934138
1789317392988945700,32.85594555664063,-0.5738181248426437,4.818284079313278,0.8816476640872657
1789317392998901000,32.86590087890625,-3.2851796087771654,0.7252326751470566,-0.8967030482694506
1789317393008855800,32.875855712890626,-3.795385969930887,-4.271244655802846,-0.4050938355579972
1789317393018810600,32.885810546875,0.15222586668729782,-3.476313590529561,0.3495204168960452
1789317393028766000,32.895765869140625,1.5904314548671246,3.3453473694920537,1.1090315745461732
1789317393038720000,32.905719970703124,5.048283506032824,4.8385295794844625,-0.09663849256522954
1789317393048674800,32.9156748046875,3.9494665245741603,-2.637321849733591,-1.5241878813698886
1789317393058629600,32.92562963867187,2.5064310320198535,-5.383216302388906,-2.247866458942741
1789317393068585000,32.9355849609375,0.9006307431071996,0.2403998247027397,-2.0082960708014665
1789317393078539800,32.94553979492188,-2.803301516485214,3.420315808975696,-1.209705313976854
1789317393088494800,32.955494873046874,-6.324724999329447,2.388446165369451,0.4827201691392809
1789317393098449700,32.96544970703125,-7.215341713422537,0.07774228811115026,2.352749559696764
1789317393108405000,32.97540502929687,-2.5245827747821807,-0.7551268781512975,1.352107267394662
1789317393118358800,32.98535888671875,-1.777531651058793,0.3571387829452753,-0.27122542680557815
1789317393128313900,32.99531396484375,4.790139934846758,2.6202842056930065,-0.36397655654344707
1789317393138268700,33.0052685546875,6.388622594222426,0.06651625295877456,-0.787952531497553
1789317393148224000,33.01522412109375,6.353016443312168,-4.565185516557097,-1.9512667542427777
1789317393158178800,33.0251787109375,4.80772352233231,-2.1882839507699012,-1.3638278080657125
1789317393168133600,33.03513354492188,0.42920156411528587,-1.1928104394078254,0.8820170819215476
1789317393178089000,33.0450888671875,-1.0677823762476444,-3.4254759682178495,2.3591579654343424
1789317393188043800,33.055043701171876,-2.6204128005087375,-0.18043021690845487,3.7960847658500074
1789317393197997800,33.064997802734375,-2.8754554830700156,2.3422470165133475,3.0262887263551352
1789317393207952600,33.07495263671875,-5.161667308628559,5.110748437774181,0.6126791128303856
1789317393217908000,33.084907958984374,-3.1314018364727496,0.8801964423656463,-1.7703256652027368
1789317393227862800,33.09486279296875,-1.0992015968620776,-1.9489310047715902,-1.4120036638222635
1789317393237817900,33.10481787109375,0.5237427190750837,-1.367586576077342,-0.3935001361370086
1789317393247773000,33.11477294921875,1.985867527502775,-5.001114343100786,0.30770591286495325
1789317393257727700,33.12472778320313,4.705104859378934,0.21447686341702937,2.063000743804872
1789317393267682800,33.13468286132812,5.654221108713746,1.5091846657663583,2.711561974942684
1789317393277636900,33.14463696289062,2.5130764613837004,-1.2353139486163853,0.8950678482830524
1789317393287592000,33.154592041015626,-5.145158072376251,-2.2435569251805543,-1.4670765856161714
1789317393297546800,33.16454663085938,-3.978457056736946,-1.3358522981643677,-2.7772031986325976
1789317393307501800,33.17450170898437,-5.128008784654736,2.3867986904233693,0.22755177783910183
1789317393317456600,33.18445654296875,-1.1891291205465793,0.9479618186026811,0.5757405808052047
1789317393327412000,33.19441186523437,0.1733148319453001,0.6151017368674278,0.2571272337503731
1789317393337366800,33.20436669921875,4.579113504144549,1.4276093753635883,0.995184903679043
1789317393347321900,33.21432177734375,5.3413668731749055,0.7100117251396179,-0.1087332733761519
1789317393357275600,33.224275634765625,2.0392063189804555,2.4700498050838706,-2.5694372310310603
1789317393367231000,33.23423095703125,-0.33525954409241676,-0.8955348812729119,-3.3505756255343555
1789317393377185800,33.244185791015624,-4.23975587708354,-2.3635353037357327,-1.163668516075611
1789317393387140900,33.25414086914063,-4.415408796587586,-0.6955144132316112,1.9517150825321674
1789317393397096000,33.26409594726562,-2.5087398934841154,3.4312913764983413,2.804412984858453
1789317393407050800,33.27405078125,-4.254566492724418,1.975632549214363,0.6932081821158528
1789317393417005800,33.284005859375,-1.483470378795266,1.0711147355407475,-0.304848002683185
1789317393426960000,33.2939599609375,1.2810492793530226,1.880049191725254,-0.9245506209421902
1789317393436915000,33.3039150390625,2.3924235445678232,-0.591581745070219,-1.351575644735992
1789317393446869800,33.313869873046876,3.77210563210845,-4.5303199548810715,-1.1981300269953905
1789317393456824800,33.32382495117187,4.972247145056724,-1.8697014007121324,-0.06333860930334777
1789317393466779600,33.33377954101562,3.6424879030704496,1.6600433357536792,0.7500894685059786
1789317393476735000,33.34373486328125,1.55653386144042,0.15708967333137988,-0.24774627847541122
1789317393486689800,33.35368969726562,-0.5661819308757782,1.9668422167763113,-0.22704258620794862
1789317393496644600,33.36364453125,-4.95515280239284,-2.3370830578789112,-0.4262755571333691
1789317393506598700,33.3735986328125,-5.4261809993684285,2.0518740773737427,0.10675115964822471
1789317393516554000,33.38355395507813,-5.37056491060853,1.110987896245718,-0.5810892848893999
1789317393526508800,33.3935087890625,-1.6109423279762267,1.8537924684405325,0.664481634651497
1789317393536463600,33.403463623046875,1.5730103644669056,1.3455875102370976,1.4039451527900992
1789317393546419000,33.4134189453125,1.522988150191307,-0.9411924705982208,-0.4111980707172304
1789317393556373800,33.423373779296874,3.9940000783056018,0.0009638765960931778,-0.7439541806213558
1789317393566328800,33.43332885742188,4.7130438356846565,-3.147449884954095,0.002483523911423981
1789317393576284000,33.44328393554687,4.61219685857892,-2.753720616236329,-0.41290545915700494
1789317393586238000,33.45323803710937,-2.1972388261198996,1.0858300741136073,-1.7607699013501406
1789317393596192800,33.46319287109375,-3.333233737850189,0.887377293780446,-3.8008120866328476
1789317393606147800,33.47314794921875,-6.129610423508286,1.253121700246632,-1.2766791014447807
1789317393616103000,33.48310302734375,-1.7410475482702255,-4.341614661580324,0.05158398369960487
1789317393626058000,33.49305810546875,0.24915713165402412,-1.246713294509053,-0.9435834573879838
1789317393636012800,33.5030126953125,1.255152621552348,2.9908477028787135,-0.738975442360714
1789317393645967600,33.51296752929687,5.550199008703231,1.7460849579155444,-0.8439625149458646
1789317393655923000,33.5229228515625,4.262883070170879,1.5911901642799378,-1.3166010697275399
1789317393665877000,33.532876953125,2.1275071182459593,-3.3610698392808436,-2.4581290656656027
1789317393675831800,33.54283178710938,-1.6594184818536042,-1.7205805143028496,-1.2587281419515608
1789317393685786600,33.55278662109375,-3.181892252781987,-2.389232639572024,-0.10043273374903947
1789317393695742000,33.56274194335938,-2.548957922104001,1.1134592547953128,1.81931327573359
1789317393705696800,33.57269677734375,-0.33420974277853965,2.150901437836885,1.592744700245559
1789317393715651800,33.58265185546875,-0.30978724918365474,-1.369369367840886,-0.6084993794603273
1789317393725607000,33.59260693359375,2.60157132191658,1.3502654389202593,-0.5791349724838509
1789317393735561700,33.60256176757812,3.521908636012673,-1.945976831141114,-0.9515803013607859
1789317393745515800,33.61251586914062,1.4520195939987897,-1.2016273675918578,-1.3276470721378921
1789317393755470800,33.622470947265626,0.6953449018836021,-0.9219102625012398,-1.7101524976603686
1789317393765426000,33.63242602539062,-1.4522089790910482,-1.5644418580859898,0.3688953813103959
1789317393775380700,33.64238061523437,0.41350481328964234,2.297627830325067,1.860319239860773
1789317393785336000,33.65233618164063,-3.1115678397119044,2.4654896575614806,0.2484915073521435
1789317393795291000,33.66229077148437,-4.638167750659584,0.255835878765583,-0.6128280928470194
1789317393805246000,33.672245849609375,-2.3653566739439964,-0.15260229878425596,-0.41445499015394593
1789317393815200800,33.68220068359375,-2.883517793494463,0.889676802894473,0.22532310547158121
1789317393825155000,33.69215502929688,1.5362608887404203,3.3405203877270218,0.7042524309605359
1789317393835110000,33.70210986328125,1.8239339212715624,-2.6525480604380367,0.959872767279297
1789317393845065000,33.71206494140625,3.104025753769278,-2.7062480864435434,2.276471645049751
1789317393855019800,33.72201977539063,4.671639227628708,0.01669745230078697,1.4002128343939781
1789317393864974800,33.731974853515624,-1.1814648695290089,2.807321273520589,0.6995009986497461
1789317393874930000,33.74192993164063,0.08634440450072288,3.5512089647769924,-0.7741840453207492
1789317393884884700,33.751884765625,-6.35310645968318,-1.3912448073014616,-0.36611988871507345
1789317393894838800,33.7618388671875,-2.2310551710039377,-2.6951263884484766,2.688764452201128
1789317393904793900,33.7717939453125,-2.14626734829545,1.5214882670223713,2.6784455950215458
1789317393914749000,33.7817490234375,-2.679172447991371,1.1005074187636374,0.9151626879371703
1789317393924703700,33.79170385742187,4.196782412275672,1.9150036007285116,1.2969687330186366
1789317393934659000,33.8016591796875,3.37211671847403,-1.3721142826348542,0.815608600186184
1789317393944614000,33.81161376953125,3.901650295910239,-1.8415806371212005,-1.7855526065595446
1789317393954569000,33.82156884765625,2.4327684144377706,0.8054629806816578,-3.234668734201789
1789317393964523800,33.831523681640626,0.4044119907736778,0.4417576788276434,-2.24976118664816
1789317393974478000,33.84147802734375,-2.083068257060647,-2.5693232492625713,-0.7743568446043878
1789317393984433000,33.85143286132813,-2.256995083424449,-1.5021148735105991,0.7390862092588096
1789317393994388000,33.861387939453124,0.14218670323193072,1.1050409705400466,1.7309616230636835
1789317394004342800,33.8713427734375,-0.5050158067733049,4.580518110245466,1.971496180061996
1789317394014297900,33.8812978515625,-0.846593447971344,2.0253806227236986,0.4575508757650852
1789317394024253000,33.8912529296875,-0.5514771136969328,-1.0244202043831347,-1.692120874146372
1789317394034207700,33.90120776367188,-1.0796154373824596,-3.395422775259614,-1.4669664032399654
1789317394044163000,33.9111630859375,0.47516836552023883,-0.9750748664557933,0.3226402279507369
1789317394054116900,33.92111694335937,1.1431167264342308,1.465626094546914,2.411683394702524
1789317394064072000,33.931072021484376,0.9900433030068874,-1.0444114375323057,3.5361040423646566
1789317394074026800,33.94102685546875,-0.697974665865302,-0.800686267799139,3.1506650476083156
1789317394083982000,33.950982177734375,-0.8742068465620279,-2.03481480602324,1.6391265121921896
1789317394093937000,33.96093701171875,0.14486848966181276,1.8650608814299106,0.704722386559844
1789317394103892000,33.97089208984375,-0.6193512110054492,1.5807681389868258,-0.444844100535661
1789317394113847000,33.980846923828125,-0.8178495840460062,-3.7199791390299795,-1.2254886471074073
1789317394123801900,33.9908017578125,1.242162791597843,-1.4110627297103404,0.5443988458737731
1789317394133756000,34.000755859375,1.6605629757136104,-1.3881471335470676,1.6773942835271358
1789317394143711000,34.0107109375,1.3609762180268763,0.41134617395102974,1.218857903856039
1789317394153666000,34.020666015625,1.446129366916418,-0.4674976847618818,-0.13091142211034892
1789317394163620900,34.03062084960938,0.3752344116061926,-0.45389702943265436,-0.5565246063448488
1789317394173576000,34.04057592773437,-0.1375561208218336,0.37902386701703067,-0.4464717748027295
1789317394183530800,34.05053076171875,-3.847704770711064,0.8728297129899263,-0.7144757188111543
1789317394193486000,34.06048608398437,-4.2087826466709375,1.4869213960319756,-0.2735364436943084
1789317394203439900,34.07043994140625,-2.5697850215554237,-1.5498025073587893,1.721800557617098
1789317394213395000,34.08039501953125,-0.3034025165826082,2.025722568029165,2.4172239315643904
1789317394223349800,34.090349853515626,0.18354630310237408,2.1774907540768385,0.7523046603374183
1789317394233305000,34.10030517578125,1.5830951206296682,0.38443770875930783,-0.5858125140190125
1789317394243260000,34.110260009765625,3.0303578754901883,-2.250500460708141,-0.8773675025500357
1789317394253214700,34.120214599609376,3.6848271616280077,-3.916794673550129,-0.7094107635717839
1789317394263170000,34.130170166015624,4.094305203619599,2.036968769186735,-0.4865461571682244
1789317394273124900,34.140124755859375,0.5918582239240407,3.9087341166913507,0.03604826865456998
1789317394283079000,34.150078857421875,-3.460135778188705,1.1077493527159095,0.3397296752437949
1789317394293033700,34.16003369140625,-7.3634502079188815,-3.811270060022175,1.3376255914472042
1789317394302989000,34.169989013671874,-2.6112463282346723,1.7812237835749982,2.6341534488305447
1789317394312943900,34.17994384765625,-4.389820766344666,3.3271061948806047,0.7167715746633708
1789317394322899000,34.18989892578125,-1.6730343347519636,1.7181641008108852,-0.2618799812354147
1789317394332853800,34.199853759765624,1.8489251546651124,-1.0647755956470966,0.11642360868304967
1789317394342809000,34.20980908203125,2.4277631534963846,-2.520084294319153,0.1354316029485315
1789317394352763000,34.219762939453126,3.8099347197651863,0.08571370538175105,0.3676551354583353
1789317394362718000,34.22971801757812,4.386019620496034,0.3775800979495048,1.0608086647775024
1789317394372672800,34.2396728515625,1.8454069174110888,-1.7018705531358718,1.5644465342611074
1789317394382627800,34.2496279296875,-0.3284744139969349,-2.279665764915943,0.9886498028218745
1789317394392583000,34.2595830078125,-0.8172434348464012,-0.16701953119337556,0.43691725305914875
1789317394402537700,34.269537841796875,-1.7043723068237304,4.871187109722197,0.17113712258003652
1789317394412493000,34.2794931640625,-3.9052491971850394,1.5115771138608454,-1.2145917708441614
1789317394422447900,34.28944775390625,-2.9013609086990355,-0.8637900819659232,-0.6032349195934832
1789317394432402000,34.29940185546875,-1.3437269770622253,-2.8585826742023226,0.22379604203477502
1789317394442356700,34.309356689453125,-0.620370032659173,-1.9795272185653447,0.4264698741290718
1789317394452312000,34.31931201171875,3.0945640979409217,2.9666064110696313,0.7933069712027907
1789317394462267000,34.329266845703124,4.22628907726705,1.025648869395256,0.33695801857337354
1789317394472222000,34.33922192382813,3.1979736190110444,-0.10724106205701828,-0.6054868632387369
1789317394482177000,34.34917700195312,1.0220575669050216,-3.0139082604706284,-2.3780350998617705
1789317394492131800,34.3591318359375,-2.254778576418757,-0.3066968819528818,-2.511532446812093
1789317394502086000,34.3690859375,-2.1730308520585297,2.5104607259273526,-1.5546014320731163
1789317394512041000,34.379041015625,-3.9593244862437245,-2.3397277271687984,-0.9355738269988447
1789317394521996000,34.38899609375,1.0999918704569338,-2.777318349444866,0.5264568734046071
1789317394531950800,34.398950927734376,3.6439299185723066,-1.5704279467582702,1.4945307019919156
1789317394541906000,34.40890600585937,3.7890029908955096,1.910070235979557,0.3732030519090593
1789317394551860700,34.41886083984375,3.666040628093481,2.2002765863806006,-2.4198183319717645
1789317394561816000,34.42881616210938,1.0293062228590248,-1.5020003072202204,-4.120392415556311
1789317394571771000,34.43877099609375,0.15573475159108638,-2.407344050323963,-2.4300845821812747
1789317394581725000,34.44872485351563,-2.399455342900753,-1.721784629395604,-0.10583272962905466
1789317394591679700,34.4586796875,-4.508611980941891,3.5114600149735806,1.9424489492759107
1789317394601635000,34.46863500976563,-4.396262197569013,1.6418129747971892,1.8442153695389627
1789317394611590000,34.47858984375,-4.613249582502245,-2.0633985109508037,0.43945057092905043
1789317394621545000,34.488544921875,0.35074411347210405,1.1714818201750516,0.29539851221665736
1789317394631500000,34.4985,2.3630115721225735,0.5855214221179484,-0.596590074751526
1789317394641454800,34.50845483398437,3.5156326244831084,-1.5235031139761208,-0.6235126415338367
1789317394651410000,34.51840991210938,4.7340895463228225,-3.512269870051741,0.261383429890126
1789317394661364000,34.528364013671876,3.8051901555866,-2.5771821460694073,0.5426561669249087
1789317394671319000,34.53831909179687,1.4110720820605753,3.081445088648796,2.034387520521879
1789317394681273900,34.54827392578125,-0.8751812445521354,4.154367750394344,1.0070134347692132
1789317394691229000,34.55822900390625,-7.7291726948142045,0.8464175068825482,0.21724472069516776
1789317394701183700,34.56818383789062,-3.662980071479082,-2.700470964346826,-0.1359953743111342
1789317394711139000,34.57813916015625,-4.618763377487659,0.3668190499603748,0.01104256834425032
1789317394721094000,34.58809399414063,0.2408493220359087,3.939299350824952,0.9060677465293556
1789317394731048000,34.5980478515625,3.4888977622926234,4.486289674496651,0.8720269452396779
1789317394741002800,34.60800268554687,2.617594235956669,-0.9572931260496378,-0.5544353789806366
1789317394750958000,34.6179580078125,3.1938872264802454,-3.9537949091672897,-1.2450099977225064
1789317394760913000,34.62791284179688,2.7291461469501255,-1.2070236736774445,0.40266996941193933
1789317394770867700,34.63786767578125,0.15678981360197067,1.0867746614873408,1.3653783985085786
1789317394780823300,34.6478232421875,-2.4821429784595965,0.11597177326232194,0.42340749088376756
1789317394790778000,34.65777807617187,-2.7843279359459876,0.2816828522056341,0.7242570350479334
1789317394800733200,34.667733154296876,-0.4164449583947658,0.7293062081962823,0.7060564116425811
1789317394810687200,34.677687255859375,-2.1833277896672487,1.2321359031021595,0.388830902216956
1789317394820642300,34.68764233398438,-0.36078795310258865,1.581666549131274,-1.0012651003755628
1789317394830597000,34.69759716796875,0.39882103889882564,-1.1385223843812942,-1.0413168325178324
1789317394840552200,34.70755224609375,1.8042022158414124,-1.8589701633393763,0.2889198907870799
1789317394850507300,34.71750732421875,1.8886364028066396,-0.9649293200165032,0.26674210737906395
1789317394860462000,34.727462158203124,1.5775164437144993,1.982171595594287,0.9696929542217403
1789317394870417200,34.73741723632813,0.15678046125173567,1.7092758609563112,1.0667093401886523
1789317394880372200,34.74737231445312,-2.7271114262521263,-0.9004869507223368,0.31633053334727884
1789317394890326300,34.757326171875,-2.5828327191770075,-3.296755480280518,-0.6883784969370812
1789317394900281000,34.767281005859374,-0.8822223952353,2.967617633938789,-0.09328720937594771
1789317394910236200,34.77723608398438,-0.3072369801789522,0.4458376416176557,-0.03537336506769061
1789317394920191200,34.78719116210937,2.1930103947699067,1.073659743848443,0.026585297651961444
1789317394930146300,34.797146240234376,3.5775744091331956,-2.2521406291306016,0.3635507688794285
1789317394940101000,34.80710107421875,1.0797878713399172,-0.8340127833396196,1.0326419431529938
1789317394950056200,34.81705615234375,-0.45787762350142,1.213697744613886,-0.07469831730537116
1789317394960011300,34.82701123046875,-2.159855728664994,-3.472420674744248,-0.816833392740786
1789317394969965300,34.83696533203125,-0.5808785647481679,0.8864268611878157,1.1286972290027886
1789317394979920100,34.84692016601562,-0.017164485290646552,-2.1677824300110338,1.7704454921901225
1789317394989875200,34.856875244140625,-0.8871855706006287,3.1307834123134612,1.6566626072742043
1789317394999830300,34.86683032226563,-0.1907259854733944,1.452401286792755,0.16657456390485167
1789317395009785000,34.87678515625,-0.10170037906467914,-3.6702784117937086,-0.4083687655754387
1789317395019740200,34.886740234375,2.5540444315880535,0.2882569698989391,0.5984855331093073
1789317395029695200,34.8966953125,3.25506913267374,-0.7265396660923957,0.06981427159085869
1789317395039649300,34.90664916992188,2.230685168647766,-0.8062596840173005,0.1925669371649623
1789317395049604000,34.91660400390625,1.5570049860835073,-2.7808459390491245,0.5568558841258288
1789317395059559200,34.92655908203125,0.13607260426580906,-2.4922891094207764,0.2280512152612209
1789317395069514200,34.93651416015625,0.49383331850171086,2.7940210624426602,-0.4719845478523522
1789317395079469300,34.94646923828125,-1.8445453321456908,2.0282155538886784,-1.1969110065944493
1789317395089424100,34.95642407226563,-5.820014312982559,2.014926448726654,-0.9588716274127363
1789317395099379200,34.96637915039062,-4.756151156005263,-1.0387716780796648,0.2550614603269845
1789317395109334300,34.976334228515626,-2.0199574286311863,-0.8703706294000149,0.7391521871671081
1789317395119288300,34.986288330078125,1.310306353497505,0.5850006131142378,0.3764159495409578
1789317395129243100,34.9962431640625,5.070341024062037,2.6366438043415545,0.7964491416860371
1789317395139198200,35.0061982421875,4.701764901301265,1.5294289968937635,-1.6342692814193664
1789317395149153300,35.0161533203125,-0.10183774170875548,-2.6354391047269106,-5.546822810268401
1789317395159108000,35.02610815429688,-1.0580313820838927,-2.241454399943352,-4.747667989820242
1789317395169063200,35.036063232421874,-1.4857985294818876,-1.141079667648673,-0.5695465484706684
1789317395179018200,35.04601831054688,-2.5260411568969485,-0.17622984260916708,2.196267789130658
1789317395188973300,35.05597338867187,-1.9392618436723947,2.574355690471828,2.7031141723319885
1789317395198927000,35.06592700195313,-2.564573424386978,3.0598657095253468,1.929206898126006
1789317395208882200,35.075882080078124,-1.1570575735032558,4.570369056674838,0.9044412413060665
1789317395218837200,35.08583715820313,-0.8084668386727571,0.8141653425753116,-1.4185472402468322
1789317395228792000,35.0957919921875,0.5320733250468969,-2.3249989445924757,-2.087206087517738
1789317395238747100,35.1057470703125,2.523974287495017,-3.5937311786860224,-0.5474287150889635
1789317395248702200,35.1157021484375,1.6546441070586442,-0.15349135657846927,1.858411360412836
1789317395258657300,35.1256572265625,0.6742869162857532,2.08602827591002,1.7481312229208648
1789317395268612000,35.135612060546876,-1.8605051178216934,1.395701494449377,1.3500206703789532
1789317395278566100,35.145566162109375,-1.8449901533037423,-2.0687123994499443,2.010907860735059
1789317395288521200,35.15552124023438,1.9059142853438853,-4.579849417203665,1.7913298747867346
1789317395298476300,35.165476318359374,-0.10619126074314117,2.180594565311074,0.4124149356937036
1789317395308431000,35.17543115234375,-1.419881411460042,4.5006186441004274,-2.0036818550042805
1789317395318386200,35.18538623046875,0.03505202415883541,0.6790338185518979,-2.1545228432044388
1789317395328341200,35.19534130859375,-1.0681021097213028,-2.048613614273071,-0.17552147514410316
1789317395338296000,35.20529614257813,2.0657208164185286,-3.246300719806552,0.7401105108052491
1789317395348250000,35.21525,2.603438284832239,0.7359072138965129,1.5245426861569285
1789317395358205200,35.225205078125,-2.218022086429596,0.0780827721118927,0.03059778469633311
1789317395368160300,35.23516015625,-0.6527046145528554,-0.5684440305888653,-1.5749654440574348
1789317395378115000,35.24511499023438,0.403548067420721,-0.052990416431427,-0.884122968159616
1789317395388070100,35.25507006835937,1.3958610689252615,-1.344728847581148,-1.076569274619594
1789317395398025200,35.265025146484376,-1.1869342408508061,2.8995336932718754,-0.770326639240235
1789317395407980300,35.27498022460937,-2.3150948056936262,-3.0998756483525036,-1.3194981063432991
1789317395417935000,35.28493505859375,-1.296990360328555,-1.518590207493305,-0.0561424141889438
1789317395427889200,35.29488916015625,1.5898329044520854,1.8635294340789317,0.6257912539903074
1789317395437844200,35.30484423828125,2.261364969071746,0.36532676557600496,-0.12355769834667443
1789317395447799300,35.31479931640625,1.9054706332296132,0.7829957128077745,-1.5206553233295679
1789317395457754000,35.324754150390625,0.45518706924319263,-6.2259694415450095,-3.324613793542981
1789317395467709200,35.33470922851563,0.6028074879616498,-2.7008243078291416,-1.9908150669075548
1789317395477664300,35.344664306640624,2.645162626361847,-0.6054197162866592,-0.6402073904208838
1789317395487619000,35.354619140625,0.029747488009929657,2.5424364113807676,-0.3738139868816361
1789317395497573000,35.364572998046874,-1.0004968924820423,3.589133329501748,-0.4072218605626374
1789317395507528200,35.37452807617188,-4.5049265704274175,-3.180997349768877,-0.6284039937719702
1789317395517483300,35.38448315429687,-0.9200748637676238,-2.294567565971613,0.20110534066855906
1789317395527438000,35.39443798828125,0.32379005557298657,-1.5111404760092495,-0.008258782844617962
1789317395537393200,35.40439306640625,1.097733277875185,4.238697307941317,-0.41762832296043634
1789317395547348200,35.41434814453125,2.738888373285532,2.507036012175679,-1.7693503904297947
1789317395557303300,35.42430322265625,1.1464648678183555,-2.4101877493172883,-2.521089087447524
1789317395567258000,35.43425805664062,-0.5778565865784883,-3.0818910788506266,-0.6791455352980643
1789317395577212200,35.44421215820312,-3.104949882876873,1.6447624722525476,1.2996300611823797
1789317395587167200,35.454167236328125,-5.252748094001412,0.8700409590542316,1.4153319314621389
1789317395597122300,35.46412231445313,-2.5507418829113244,0.9845555192455648,1.6382506061404942
1789317395607077000,35.4740771484375,1.1829729360044001,2.6102812825947996,1.2341437357932328
1789317395617032200,35.4840322265625,3.4707232231765985,1.4430062664598227,-0.09892258491441606
1789317395626987300,35.4939873046875,2.292380869582295,2.121968188819289,-2.151593804015219
1789317395636942000,35.503942138671874,1.876128803411126,-0.15812953777313232,-2.66265999686867
1789317395646896000,35.513896240234374,0.43503567709624763,-2.4292975234568117,0.24519407324194906
1789317395656851200,35.52385131835938,-2.886398901888728,-4.322537620666623,2.4335502124652266
1789317395666806300,35.53380615234375,-2.215055053317547,0.8523010119631886,3.78990636947602
1789317395676761000,35.543760986328124,-1.4495400521427393,4.186222439816594,3.366872680340707
1789317395686716200,35.55371606445313,-1.4831810404598713,0.2139741745918989,0.8792657373867928
1789317395696671200,35.56367114257812,0.6979968776971102,0.5075117152422666,-0.995921035933867
1789317395706626300,35.573626220703126,0.4128197536349296,3.6944898929864167,-1.8117741124004125
1789317395716580000,35.583580078125,0.30239363180100914,-2.3548732738524674,-1.839094519393891
1789317395726535200,35.59353515625,2.4733435859322546,-2.369167172142863,0.4023211559742689
1789317395736490200,35.603490234375,3.4412726722866296,-1.6312153006762264,2.445020870028436
1789317395746445000,35.613445068359376,4.23203434292078,-1.2108283266574145,2.198514545144141
1789317395756400000,35.62340014648437,1.4156921430766582,0.21316928794980047,-0.15318806278295813
1789317395766355200,35.633355224609375,-1.1858020219504832,0.33568215341866015,-3.6961350298449394
1789317395776310300,35.64331030273438,-1.7241466823518274,2.212085097596049,-5.038225053355098
1789317395786264600,35.6532646484375,-4.838990182733536,-2.2104712326586244,-3.4991920695528385
1789317395796218600,35.663218505859376,-4.043878500196337,0.2101005480289459,0.06891885712109505
1789317395806173400,35.67317333984375,-3.5854596094250675,2.250812595397234,1.8187807762920856
1789317395816128500,35.68312841796875,-1.3786147505700588,-0.6099187812715768,1.9027363859601318
1789317395826083600,35.69308349609375,3.7785797965586183,4.00155619277358,2.6154870345443486
1789317395836038700,35.70303857421875,5.472900664967298,-1.3893243606328964,0.48719380742199714
1789317395845993500,35.712993408203126,6.925344621858001,-0.4410644358664751,-1.837400136566162
1789317395855948800,35.72294873046875,3.4837872874110936,-1.4175906701743601,-2.917019957862794
1789317395865902600,35.73290258789063,-2.3017127615511415,-5.613510328140855,-2.9163556487351654
1789317395875857700,35.742857666015624,2.1870541167140005,1.9001269341140985,0.5329615791235118
1789317395885812500,35.7528125,-5.623190595155954,-3.625457857814431,3.4040289833024144
1789317395895767800,35.76276782226562,0.4459785113930702,2.4173510650753975,3.571218025843799
1789317395905722600,35.77272265625,-1.6848440150111912,1.4996154579102992,1.948506057357788
1789317395915677400,35.78267749023438,-2.107154650568962,3.4076538958013054,0.2022073105610907
1789317395925632500,35.79263256835937,-2.2895511991143227,3.9429911910802122,-2.060767431794852
1789317395935587600,35.802587646484376,-4.444380039528012,-4.4996851626425975,-3.5561870454505082
1789317395945541600,35.812541748046876,1.0928981128036974,-2.1938146968901155,-0.3194443910514936
1789317395955496400,35.82249633789063,3.9540795713275667,-2.865890951389074,1.4835038426734506
1789317395965451500,35.83245141601562,5.349737811157107,-0.5720581294327974,1.5352243852995335
1789317395975406600,35.842406494140626,3.5524195096105333,2.077238235732913,1.5454749995484947
1789317395985361700,35.85236157226562,1.65038118891716,-2.929394578528404,-1.3608132825501262
1789317395995316500,35.86231640625,-1.8597545917153357,-1.394015148797631,-2.8320351512774824
1789317396005271600,35.872271484375,-2.935832502621412,-0.5168330858170986,-1.8822753433421253
1789317396015225600,35.8822255859375,-2.5272762516498566,3.03658420265913,-0.16025637546768412
1789317396025180700,35.8921806640625,-3.1931068897575137,2.314097611349821,0.3717550450578332
1789317396035135500,35.902135498046874,-0.38248131399452684,-0.3795540283709764,1.2499594368234277
1789317396045090600,35.91209057617188,1.862139441025257,3.826868903431296,1.9160905191823838
1789317396055045600,35.92204565429687,0.2765238620072603,0.8425970718115567,-0.5943284134298563
1789317396065000400,35.93200048828125,-0.47570378757119175,-0.05713116949796676,-2.291634581259638
1789317396074955500,35.94195556640625,0.570520252341032,-1.6109598636329172,-0.9712191408757119
1789317396084909600,35.95190966796875,-0.23744798915982246,-1.5555775836288928,1.5127194157637656
1789317396094864600,35.96186474609375,-0.46484687799215313,-0.11854337731599807,1.5522775191701947
1789317396104819500,35.9718193359375,-2.010079008695483,2.267610585463047,1.2399174968890845
1789317396114774500,35.9817744140625,-0.8433271396517753,3.427273373028636,0.4466989346221089
1789317396124729600,35.9917294921875,-3.0522043811172246,-3.49127267473042,-0.31221338035203516
1789317396134684700,36.0016845703125,1.0721581071138382,-2.7846149361938237,-0.3089583971440792
1789317396144639500,36.01163940429687,2.0802923626065253,0.1605482893526554,-0.3464731946872547
1789317396154593500,36.02159350585937,1.2342092022448778,2.489278237167001,-0.046982152459956704
1789317396164548600,36.031548583984375,2.7150591694086788,0.9718138188332319,-0.8781188323739916
1789317396174503700,36.04150366210938,-0.041402269968390464,-2.670508080020547,-1.6119867224626243
1789317396184458500,36.05145849609375,0.48441550181508064,-1.687739151930809,-0.03432394734630361
1789317396194413600,36.06141357421875,-0.8623188403695822,-0.45312721410393714,1.9448760302923618
1789317396204368600,36.07136865234375,-1.9170839141339062,4.47267499064207,2.079837166184932
1789317396214323500,36.081323486328124,-3.02729614983201,-0.0860603268623352,0.35209300733041016
1789317396224278800,36.09127880859375,-2.83620776078701,-0.46780046710073947,-0.6775566586714238
1789317396234232600,36.101232666015626,-1.309489776417613,2.1317922482192517,-1.700120056206733
1789317396244187600,36.11118774414062,0.608161708471179,-0.3851104934543371,-2.1151006411373614
1789317396254142500,36.121142578125,4.220210634136199,-2.35775847389996,-0.5911373988362029
1789317396264097500,36.13109765625,4.617523606559634,-4.393938138535619,-0.14552052382975816
1789317396274052600,36.14105249023437,5.5342538360744715,0.9157499863058328,-0.4308340241553262
1789317396284007400,36.15100732421875,3.3652889182806014,3.5121932976841923,-2.1188072405703364
1789317396293962500,36.16096240234375,-0.9553367312848567,-0.2888081740409136,-4.058367336536944
1789317396303916500,36.17091650390625,-7.217914778780937,-0.6018018180504441,-2.7002535222038624
1789317396313871600,36.18087158203125,-3.084652360257506,-4.829129006193578,-0.4957521577350795
1789317396323826400,36.190826416015625,-2.104460004657507,0.7849339873939752,-0.46071613486297425
1789317396333781500,36.20078149414063,-0.0884480987817049,3.713075935512781,-0.2145155879922211
1789317396343736600,36.210736572265624,3.9988849277377128,3.0929671841382977,-0.27721421889159825
1789317396353691600,36.22069165039063,3.728439508861303,0.03632277474701404,-2.3262675032235682
1789317396363646500,36.230646484375,1.9504425783783197,-6.2116919098675245,-4.613952470074594
1789317396373600500,36.2406005859375,3.4979274564445015,-0.418268666690588,-3.2513612180665135
1789317396383555600,36.2505556640625,1.0156231499433517,-2.577264563655853,-1.3276863812349735
1789317396393510700,36.2605107421875,-1.0259726945221423,0.8286492104798555,-0.4185741524431854
1789317396403465500,36.27046557617187,-0.7023977430045605,0.2905500492721796,-1.144558595805615
1789317396413420800,36.2804208984375,-2.651498843646049,1.1730173591792583,-1.7153442210845649
1789317396423375600,36.29037573242187,-2.59069804572463,3.8465158531874417,-1.2161000565152615
1789317396433330400,36.30033032226562,-3.788819451022148,0.17435177377760408,-1.8095837627492843
1789317396443284500,36.31028442382812,-2.7309534886330367,-2.5001684644937514,-2.069496535564959
1789317396453239600,36.320239501953125,1.2914093453258275,-5.061158185175061,0.12080679220333694
1789317396463194600,36.33019458007813,4.65236929449141,2.318691368880868,2.006699449259788
1789317396473149400,36.3401494140625,5.538789725938439,6.214791629448532,1.1881140982851386
1789317396483104500,36.3501044921875,1.4917033696115016,0.19751520722210406,-1.7595711930848656
1789317396493059600,36.3600595703125,-3.3915222606897353,-2.8078236700847743,-2.2678400103047487
1789317396503014700,36.3700146484375,-4.437099819391966,-2.887535796964168,-0.29121709834616627
1789317396512968400,36.379968505859374,-3.5807793426543473,0.28257921652346846,2.151890448874235
1789317396522923500,36.38992358398438,1.43719202722311,1.990768743547797,3.5520091752439735
1789317396532878600,36.39987866210937,3.126152829903364,2.5727824498057363,2.303368858195096
1789317396542833700,36.409833740234376,3.1846441818386313,3.455200659874081,0.13366674870047718
1789317396552788500,36.41978857421875,3.136555565974116,-0.5990612871706485,-2.2189678428471087
1789317396562743600,36.42974365234375,-0.5204050990849733,-0.549402645510435,-2.9435651427000757
1789317396572698600,36.43969873046875,-4.281925039771199,-1.7893606205403805,-2.288385516335815
1789317396582652700,36.449652587890625,-4.156174507555365,-1.344732646973431,1.440445914452523
1789317396592607500,36.459607421875,0.39350481231212614,-1.8459516918122767,3.733380180133879
1789317396602562600,36.4695625,2.0636451791882515,4.459449598366022,2.135377997751534
1789317396612517600,36.479517578125,-2.016521024441719,5.2412604853034015,-1.6018344540216027
1789317396622472400,36.48947241210937,-0.02678746916055679,0.5589648391038179,-5.551629333767295
1789317396632427500,36.499427490234375,-1.109111580979824,-4.915449737557768,-5.57179767704904
1789317396642382600,36.50938256835938,2.1045792471230027,-2.45097217964828,-1.722968140091747
1789317396652336600,36.51933666992188,4.587519513440132,-0.5649871681332588,0.5551093327194452
1789317396662291500,36.52929150390625,2.2841607382476328,1.3909323803514242,1.8239564253643155
1789317396672246500,36.53924658203125,2.06737793597579,0.6983230409115553,0.36711781371124086
1789317396682201600,36.54920166015625,0.14485270757079124,0.47674072940349577,-1.7298999851815402
1789317396692156700,36.55915673828125,-2.2467139279067516,-1.164716563823819,-3.309611454722285
1789317396702111500,36.569111572265626,-4.207067659446597,0.8346084111452102,-3.0578765815347433
1789317396712066600,36.57906665039062,-4.8962271506935355,0.5601660315871239,-1.5508752511568367
1789317396722020600,36.5890205078125,-2.330644257003069,-1.3033844452798367,0.37490682361964134
1789317396731975700,36.5989755859375,1.2861784589350223,2.863254173144698,3.5268279722362754
1789317396741930500,36.608930419921876,4.451570243293046,1.8746850343436001,2.8016633938893674
1789317396751885600,36.61888549804687,3.4510306807130573,0.2594844644010067,0.730852853116393
1789317396761840600,36.628840576171875,2.4768127233475443,-4.244616176596284,-1.1847718021199107
1789317396771795500,36.63879541015625,1.9274013100087641,-2.9363299307495354,-1.6761717559948563
1789317396781750500,36.64875048828125,0.5656938550978898,-0.01982055275738239,-0.44690574577320363
1789317396791705300,36.658705322265625,-0.2374240237623453,-2.709427301001549,0.1913485378185287
1789317396801659400,36.668659423828124,-1.4446137016564606,0.7534946007743477,1.3700845303729177
1789317396811614500,36.67861450195313,-0.44625031407177446,1.0617299443408845,2.020823105549812
1789317396821569500,36.68856958007812,-1.7618892607688903,2.0943559592723844,1.8911469243228434
1789317396831524400,36.6985244140625,-2.710221081727743,1.2544196311026812,0.09532136381836608
1789317396841479400,36.7084794921875,-3.8403894792616367,-1.004441830715537,-1.6361493960775435
1789317396851434500,36.7184345703125,-0.13360066119432448,-2.1745044317424296,-0.8727782750636338
1789317396861388500,36.72838842773437,2.6307021393328904,-2.332387885800004,0.6060272537257522
1789317396871343400,36.73834326171875,1.8927812475264072,-0.03695347386598587,1.3064645833775401
1789317396881298200,36.74829809570313,1.6670120057225226,2.9722809495747087,0.8353300764832645
1789317396891253500,36.75825341796875,-1.4557400758266448,-4.016710507285595,-0.7474424611285329
1789317396901208300,36.768208251953126,-0.7907984955132007,-2.754093248941004,-0.38599593451935793
1789317396911163400,36.77816333007812,-0.9448936632037163,0.02370762332379818,0.0641078035775572
1789317396921118500,36.788118408203125,-2.924972670432925,2.869520832324028,0.12489013426052406
1789317396931073500,36.79807348632813,-1.8621271660655736,2.249616663610935,-0.8077775412343442
1789317396941027300,36.80802734375,-2.063980110231042,-1.5210902076154946,-1.1144831179503352
1789317396950982400,36.817982421875,2.8346833276987073,1.5435539683580397,-0.36270865549948067
1789317396960937500,36.8279375,2.28519183486104,-0.6400684203416108,-0.9458588549740612
1789317396970892500,36.837892578125,2.350463056194782,2.073742794832587,-2.8384131618767974
1789317396980847400,36.847847412109374,0.7282429628789424,-0.842954799208045,-3.722895318737626
1789317396990802200,36.85780224609375,-0.5165472546130419,0.880219238719344,-2.3064548415116963
1789317397000757500,36.86775756835937,-0.7822872722774744,0.06749123547077178,-0.6366675258569419
1789317397010711600,36.87771166992187,-3.6127614578485487,0.6141773154988884,0.21447068940456956
1789317397020666400,36.88766625976562,-3.215367236882448,0.8213941247850656,0.5702973303053528
1789317397030621200,36.89762109375,-3.555173776754737,-1.70552907564342,-0.50244880582951
1789317397040576500,36.90757641601562,0.4825608138591051,2.554441321951151,-0.8504910399317741
1789317397050531300,36.91753125,2.9764556049108504,0.2416945406883955,-1.1231380605056882
1789317397060486400,36.927486328125,4.040129961317778,-0.8124649683982134,-1.4443056586205958
1789317397070440200,36.937440185546876,3.5180642355442044,-2.1907488795787096,-1.3459503522001206
1789317397080395500,36.9473955078125,1.1007716226577757,-0.6376648663312197,-0.9697457073222845
1789317397090350300,36.957350341796875,0.4774760579407215,-1.4377438158869742,-0.36273839305061845
1789317397100305400,36.96730541992188,-0.7995791833400726,-0.4757154780089855,0.9682654056366532
1789317397110260500,36.977260498046874,-0.782060477784276,4.0209523826390505,1.1116560047656296
1789317397120215300,36.98721533203125,-4.283253073504567,-1.4630144507437943,-0.6670044311273843
1789317397130170400,36.99717041015625,-3.4678783551394936,2.3176275390416383,-0.7344774733543395
1789317397140124400,37.00712451171875,-2.5342045896083114,-1.1679969006687403,-0.6538377102360129
1789317397150079500,37.01707958984375,1.1170797833800314,-1.6863509124428033,-0.2801023415485397
1789317397160034300,37.02703442382813,3.117958417531848,-0.3441705803006887,-0.3569727787286043
1789317397169989400,37.0369892578125,2.4609166505575177,0.1957178024113178,-1.2059163700226694
1789317397179944400,37.0469443359375,1.3122902207911014,1.761645515140891,-2.2734354922242463
1789317397189899500,37.0568994140625,-1.1181588107883929,-3.3439754966169595,-2.7674066117614506
1789317397199854300,37.06685424804687,-0.7639309468537568,-3.7801194272160528,-2.0236706039354204
1789317397209808400,37.07680834960937,-0.05509177262485027,0.1269295128673315,-0.48009994017090646
1789317397219763500,37.086763427734375,-0.3540308800578117,4.249983256587386,-0.4193436755109578
1789317397229718500,37.09671850585938,-1.0155389787912368,3.4409126068025824,-2.1230232508301734
1789317397239673300,37.10667333984375,-1.4749047950237988,-5.3533536635667085,-3.9650048699676987
1789317397249628400,37.11662841796875,1.3945260209292172,-1.6941180393129587,-2.7361548566684126
1789317397259583500,37.12658349609375,2.5822639793783426,-3.6933822240054606,-1.5172190652705728
1789317397269538300,37.136538330078125,3.367273370096087,2.811994526028633,-0.7952570823572576
1789317397279492400,37.146492431640624,2.025979757660627,1.8364269076198338,-1.3212798751935362
1789317397289447400,37.15644750976563,-1.5102391432553528,-2.22243405765295,-1.832199499183148
1789317397299402500,37.16640258789062,-0.10198387218117713,-2.4545389322191475,-0.7373592393357307
1789317397309357300,37.176357421875,-0.6989005485385656,-2.6087504197657108,0.1625290513737127
1789317397319312400,37.1863125,-0.824517225241661,7.218299394184351,1.1427282385732977
1789317397329267500,37.19626733398437,-1.3093103281974792,-1.1931371871441603,-0.4927162241052836
1789317397339222500,37.206222412109376,-0.7384498841166496,-2.025323924100399,-1.0353437494575977
1789317397349176300,37.21617626953125,2.530020581921935,0.24304361720979212,-0.6939176455594599
1789317397359131400,37.22613134765625,2.4496429768711327,-1.1454226652890442,-1.309967330801487
1789317397369086500,37.23608642578125,1.2447194903433323,2.5439362945497033,-1.2675392249166966
1789317397379041500,37.24604150390625,-1.9719465541779995,0.03510170851945877,-2.293997218737751
1789317397388996400,37.25599633789062,-4.320395347940922,-3.911726868766546,-1.212671543371305
1789317397398951200,37.265951171875,-0.5969184299230575,-0.46843701143860816,1.8385083900690078
1789317397408906500,37.27590649414063,-1.171231060284376,4.2494744302824135,2.260651560105383
1789317397418860500,37.28586059570313,-3.651166884088516,5.213112833705544,0.37336653537508097
1789317397428815400,37.2958154296875,-5.486873076218366,-0.13928338300585746,-2.241473835296184
1789317397438770200,37.305770263671874,-5.009346164873242,-0.22922610425949094,-1.7535868579782545
1789317397448725500,37.3157255859375,1.9255285018742083,-1.8740408912211655,0.9789205090332775
1789317397458680300,37.32568041992187,4.325963503462076,-0.49031040507256984,1.6167982143975794
1789317397468635400,37.33563549804688,2.0039538038134572,0.3528179971367121,0.630306247196719
1789317397478590500,37.34559057617187,2.4623814624130724,0.6147884331345558,-0.8042536779571324
1789317397488544500,37.35554443359375,0.33424013791680335,-2.0063363150358198,-0.5017036865506321
1789317397498499300,37.36549926757812,-2.0439093821048737,-1.7755629813343285,-0.47103952208720146
1789317397508454400,37.375454345703126,-1.1592898625999688,-0.9460384493246674,0.1896375143832527
1789317397518409500,37.38540942382812,0.20685762058496474,1.3195090661287308,1.8809534470885991
1789317397528364500,37.395364501953125,1.4249737661629915,2.4324019192129374,1.1382463439188897
1789317397538319400,37.4053193359375,1.6057511890739202,0.05401157617270946,-0.1888057762668468
1789317397548274400,37.4152744140625,3.9978655215620993,2.2938743230104444,-1.3217616673611103
1789317397558228500,37.425228515625,0.16506313642859458,-2.55367852088511,-2.246188734988868
1789317397568183300,37.435183349609375,0.44456864459514617,-1.002345735219121,-1.3134158638201654
1789317397578138400,37.44513842773438,-1.1942214752495288,-2.2276690356969833,0.7349571466300636
1789317397588093400,37.455093505859374,-2.383977203261852,-1.6189286505550144,2.0243543484158812
1789317397598048500,37.46504858398438,-0.7839005526930093,-0.10280570995807647,2.553583536078036
1789317397608003300,37.47500341796875,2.087528743600845,2.0985522419184446,2.245470649847388
1789317397617958400,37.48495849609375,3.1761364657342432,2.203754491624236,1.2314663332775235
1789317397627912400,37.49491235351562,1.571642583245039,1.3389654617488382,0.38510216401740904
1789317397637867500,37.504867431640626,-0.6423749437183142,-3.669956924754381,-0.7254746672093868
1789317397647822300,37.514822265625,-0.988604210114479,-4.114544858571887,1.0225111558914184
1789317397657777400,37.52477734375,0.05691255831122398,-3.5192630899399515,3.13482391987592
1789317397667732500,37.534732421875,0.5121890594035386,0.5947831714600325,4.684598077923059
1789317397677687300,37.54468725585937,1.1630500919163227,4.582963165310025,4.127013879522681
1789317397687641300,37.55464135742187,-3.461921492561698,-2.221973454403877,0.9018653264034538
1789317397697596400,37.564596435546875,-1.852665510237217,-2.8564924239248035,0.0019398089561611413
1789317397707551500,37.57455151367188,0.04328092332184314,-1.9139315875828264,1.2681781073421239
1789317397717506300,37.58450634765625,0.6509142240047454,3.371646762874722,2.6499597975105047
1789317397727461400,37.59446142578125,1.1366057371050118,0.900711991649866,1.0643374964907766
1789317397737416400,37.60441650390625,0.7298433838129044,-2.826477809411287,1.147833014366403
1789317397747371500,37.61437158203125,3.6306583490669726,-0.8494488374024629,1.9989219471260904
1789317397757325300,37.6243251953125,1.9914222390204668,-0.672922057673335,0.42498482320308684
1789317397767280400,37.6342802734375,-1.250404550242424,2.017984667253494,-1.285216335904598
1789317397777235500,37.6442353515625,-1.894934041646123,0.1108732810795307,-2.8047385635510085
1789317397787190500,37.6541904296875,-4.231937312287092,-2.2175644057899713,-1.4497721073329448
1789317397797145300,37.66414526367188,0.83151278321743,0.22990736452192068,1.5761656136274338
1789317397807100400,37.67410034179687,1.6994482944250107,2.1013675916001198,2.104196677546203
1789317397817055200,37.68405517578125,0.0876899738907814,5.684696910998225,0.31857085961997506
1789317397827009500,37.694009521484375,-0.6381605408936739,2.407834756450355,-2.1284981751099226
1789317397836964400,37.70396435546875,-1.1554501383066176,0.2146560193762183,-3.869919232867658
1789317397846919400,37.71391943359375,0.005835866546630859,0.16415362036824224,-3.571111350598931
1789317397856874200,37.723874267578125,1.4855074375808237,-1.410738904583454,-1.218648206628114
1789317397866829300,37.73382934570313,2.4935750575780866,-0.9762813196361064,1.2426444376349448
1789317397876784400,37.743784423828124,2.004250740933418,0.4025169708073139,1.42422119423002
1789317397886739200,37.7537392578125,0.2672521757930517,2.2724212006151676,-0.6130426854457706
1789317397896693200,37.763693359375,-3.371923241728544,1.8611106824994086,-2.06681796400547
1789317397906648300,37.7736484375,-7.753040477135777,-0.7398173730775713,-2.24205894170776
1789317397916603400,37.783603271484374,-3.17090148769021,-1.3092580134883522,-0.7378826056227088
1789317397926558200,37.79355810546875,-2.28080908973217,1.368722302109003,-0.8249515980709343
1789317397936513500,37.80351342773437,-1.285537238422036,2.0528116504848004,0.11714892728291451
1789317397946468400,37.81346826171875,3.4909026723742484,2.505088969761133,1.4724631009601055
1789317397956423200,37.82342309570313,3.2734593603670596,-2.135519159787893,0.036619638801738616
1789317397966377200,37.83337719726563,2.5155437282800674,-5.039598095273972,-1.6747652501977979
1789317397976332500,37.84333251953125,5.385546206641197,-3.553603166437149,-1.559988824199885
1789317397986287400,37.853287353515626,6.924759515446424,-1.07482177336514,0.33602563309408723
1789317397996242200,37.8632421875,-0.5399766455173493,1.8394950630187987,0.3823972159076482
1789317398006197200,37.873197265625,-3.067115534523129,0.5156009136736392,-2.092180953320861
1789317398016152300,37.88315234375,-8.491963239461183,0.9162459531292318,0.24474698706157505
1789317398026106400,37.8931064453125,-3.912340032228827,2.569060798934102,3.8185236844122405
1789317398036061200,37.90306127929688,-0.2548655724287033,-2.4209558115690943,1.725104421468079
1789317398046016300,37.913016357421874,-0.8414759588271379,0.445219801980257,0.06910911899618805
1789317398055971300,37.92297143554688,5.534999686005711,2.417595979747176,0.2336225856527686
1789317398065926400,37.93292651367187,4.399682819667459,0.45085225490927694,-0.5309789539389312
1789317398075881200,37.942881103515624,3.4792309392809866,0.8770715883433818,-3.0113457165062427
1789317398085836300,37.95283618164063,0.6526835717648267,-3.9604719027131794,-3.1530916902333495
1789317398095790300,37.96279028320313,-1.6876245856404304,-4.324984429296851,-0.1874870035521686
1789317398105745400,37.97274536132812,-0.9838818577677011,-2.8367776696294547,1.8746096310198306
1789317398115700200,37.9827001953125,-2.4721271958798168,4.6237598706007,2.525257313042879
1789317398125655300,37.9926552734375,-1.733752715086937,4.975432789355517,-0.6434858275696634
1789317398135610400,38.0026103515625,-3.672037822681665,-1.173793604248762,-3.5779534715786574
1789317398145565200,38.012565185546876,0.3706266255497932,-0.07389701085984707,-1.334878630826622
1789317398155520500,38.0225205078125,1.746785215139389,-3.7598598985195157,-0.8780005397565662
1789317398165474300,38.03247436523438,-2.099302768024802,0.09568447977602482,-1.0721052809480578
1789317398175429400,38.042429443359374,-0.29903555354475975,1.2912474327623844,-0.04318009329587221
1789317398185384200,38.05238427734375,-0.6617763942807913,-1.3519348334372043,1.2488704725429416
1789317398195339300,38.06233935546875,1.7216799999773502,-4.35133876773715,1.4086581527866422
1789317398205294300,38.07229443359375,6.222493289867043,-2.054721868020296,0.5799652492955326
1789317398215249400,38.08224951171875,10.014119030481575,0.9884007964968681,1.3798615357607602
1789317398225203200,38.092203125,2.902520600128174,1.2703531132936476,1.6110022414699197
1789317398235158300,38.102158203125,-3.12696239272058,-1.6314929485738277,-3.3621813076540827
1789317398245113300,38.11211328125,-5.584861741283536,4.006164855612814,-1.417275905136764
1789317398255068400,38.122068359375,-3.6096874572306867,-4.324598352588713,4.571380864065885
1789317398265023200,38.13202319335937,4.110798657780886,-4.561765478980541,2.641880243690312
1789317398274978300,38.141978271484376,-0.3747591953098774,0.31097675122916696,1.684520189884305
1789317398284933400,38.15193334960937,1.3776713322401046,10.122088406813145,2.2472101869910954
1789317398294887400,38.16188745117187,5.883372978693247,5.588108175858855,-1.1562914114363492
1789317398304842200,38.17184228515625,0.7233557753592729,-8.80618408717811,-2.6799232663586734
1789317398314797300,38.18179736328125,5.605711637088656,-4.02197880307734,-0.5024656838990748
1789317398324752400,38.19175244140625,11.383383768904208,0.12520225068330765,1.0251995181925595
1789317398334707200,38.201707275390625,-6.180401868590712,6.425384344908594,3.4079674917951226
1789317398344662500,38.21166259765625,-14.380718495714664,2.089148161496222,-0.6864777048170566
1789317398354617300,38.221617431640624,-13.511714478492737,-2.3300109275355934,1.9317530754774808
1789317398364571400,38.2315712890625,-2.302756133124232,-5.857878471952676,4.129433215624093
1789317398374526200,38.241526123046874,7.161578559052944,0.8981015168905258,-2.6618700155347583
1789317398384481500,38.2514814453125,-7.196770868465304,8.916750494265555,-1.9004811543792486
1789317398394436400,38.26143627929687,7.747175384494662,4.781786532521248,-2.7500100712805984
1789317398404391200,38.27139111328125,4.717086389073729,-2.9499516288667915,-0.9510499208111315
1789317398414346200,38.28134619140625,-3.030757688462734,-5.011647427552938,2.6185616196841
1789317398424300500,38.29130053710937,6.547495643839239,0.7154746667206286,2.137965237765759
1789317398434255400,38.30125537109375,10.165431873977184,-1.806385112838447,2.1607035776659846
1789317398444210200,38.311210205078126,-1.602366807332635,6.6436746291339395,4.2458387041285635
1789317398454165200,38.32116528320312,-23.82863805966377,3.702105920948088,-5.685498290508985
1789317398464120300,38.331120361328125,-18.233299932551382,-5.099321619352698,-5.559920192250609
1789317398474075400,38.34107543945313,-2.424983167389035,0.6402706649154424,3.8071833752304314
1789317398484030200,38.3510302734375,9.02450301297605,-5.287082325279712,-4.525597310273349
1789317398493984300,38.360984375,7.965276283627748,3.2509418236106633,0.325751784100011
1789317398503939300,38.370939208984375,8.494659638938307,13.465626096534729,5.999802140334248
1789317398513894400,38.38089428710938,10.410047270548343,-0.616134587046504,-2.4402117161810395
1789317398523849200,38.39084912109375,-8.21749630998373,-2.3488413002118467,-0.7808795243714004
1789317398533804500,38.40080444335938,-1.6528566391199826,-7.498064430069923,2.3706863445341586
1789317398543759400,38.41075927734375,9.647910221374035,-5.211600675576925,-0.36479799246154726
1789317398553714200,38.420714111328124,0.7552449515730142,-9.50007820573151,0.44216962062939996
1789317398563668200,38.43066821289062,-0.7862433164268732,1.9090783023327589,2.6419234983101485
1789317398573623300,38.440623291015626,14.526893391799925,14.568131411117314,-1.9813854136526583
1789317398583578400,38.45057836914062,0.08945990617275237,-1.5681395435601473,-2.913989504125714
1789317398593533200,38.460533203125,-11.175783805519341,-10.62105733463764,0.26124058735333383
1789317398603488300,38.47048828125,-6.326636970430612,-0.7359224114656447,-0.783474509300664
1789317398613443300,38.480443359375,-14.194300436568259,1.3198130175113678,-1.8769456727519631
1789317398623397400,38.4903974609375,-5.325441574290394,6.458658253479004,2.7115648975521323
1789317398633352200,38.500352294921875,-3.8549358910083766,8.711184667056799,6.068866908732057
1789317398643307300,38.51030737304688,0.44773499967157837,2.4739111566871403,2.2412983325988054
1789317398653262300,38.520262451171874,5.981285071390867,-21.55803706021309,-3.4852176124751564
1789317398663217400,38.53021752929688,19.206105685031414,-2.9229654222637413,0.16326711985729633
1789317398673172200,38.54017211914063,3.6159348271876572,16.75167021318674,1.2254359670720993
1789317398683127300,38.550127197265624,-13.469673326098919,-14.005357242858409,-15.011140551310778
1789317398693081300,38.56008129882812,-6.028534898343682,-11.13473634033799,3.3404578438848254
1789317398703036400,38.57003637695313,6.671224314838647,-2.528401456287503,8.838230499780177
1789317398712991200,38.5799912109375,7.659644400557875,0.7318149761468171,2.815456356920302
1789317398722946300,38.5899462890625,-18.07584610208273,15.364033951771258,6.364419880858064
1789317398732901400,38.5999013671875,-7.581607221153378,10.858721596896649,-0.5630541907766834
1789317398742856200,38.60985620117187,-7.583321623855829,-4.30829340673685,0.2818604737948626
1789317398752810200,38.61981030273437,0.3717582599282265,-2.314201656246185,1.3037781207725405
1789317398762765300,38.629765380859375,11.75931200799346,5.180498265826702,-6.888930661696195
1789317398772720400,38.63972045898438,0.8126935164570808,0.9932347925245761,-5.968247895163297
1789317398782675700,38.64967578125,5.986825169861317,-4.911463882791995,-1.1778086851090193
1789317398792630800,38.659630859375,6.649365534251928,-3.754366561800241,4.09012528758645
1789317398802585900,38.6695859375,2.3709996482670306,-5.520707541280984,4.8249490901604295
1789317398812540700,38.679540771484376,2.086820303070545,-4.522901787579059,1.9492171282365918
1789317398822494700,38.68949462890625,-0.18155249893665312,3.7608506631225347,1.6536512966290116
1789317398832449800,38.69944970703125,-3.476468488830328,7.017765715923905,-0.07407718973234295
1789317398842404900,38.70940478515625,-3.5387364366948604,0.5914145718097686,-5.706607129511236
1789317398852359700,38.719359619140626,-9.100060650524496,2.0625857332631945,-5.87786385988295
1789317398862314800,38.72931469726562,2.039932879689336,12.522092031246423,2.1990908837273717
1789317398872269800,38.739269775390625,-6.587194032499194,-4.543593862473965,3.2565678467988968
1789317398882223900,38.749223876953124,-6.8078101293236015,-15.525584111642837,0.3047994143011048
1789317398892178700,38.7591787109375,-1.6845511695444584,2.1220582051903008,3.1185461542919275
1789317398902133800,38.7691337890625,5.430080344894528,9.41533188407719,3.471279980276525
1789317398912088800,38.7790888671875,6.051071139800548,-3.41851840416491,-0.2225247069247067
1789317398922044000,38.7890439453125,5.011259305018187,-9.568298924520612,-2.9179700981944796
1789317398931998700,38.79899877929687,6.153893800893425,0.7834878802388906,-2.6868162407428025
1789317398941953800,38.808953857421876,-6.675505937680602,2.5043834518402814,-2.555869893449545
1789317398951907800,38.818907958984376,3.120475953310728,1.7290519900500774,-2.3306794744469226
1789317398961863000,38.82886279296875,-4.685238713914155,1.9767039778381585,0.9910325332399457
1789317398971817700,38.83881762695312,-4.466906928634644,-9.423089074075222,0.22413374955654142
1789317398981772500,38.8487724609375,-1.1266057366162539,-1.8353215767264366,1.1637778947342186
1789317398991727900,38.85872778320312,-3.5852427518039938,1.2164023273974656,-0.5401606968473642
1789317399001682700,38.8686826171875,3.7492841439694162,2.30867207916975,-1.2504352376416326
1789317399011636700,38.87863671875,0.36827158685624595,2.9627795462578534,0.4213944705609232
1789317399021591600,38.888591552734376,1.685819582045078,-7.269073888131976,-1.6021140016153455
1789317399031547000,38.898546875,5.495306558042764,-0.619058950060606,-1.0120432456299662
1789317399041501700,38.908501708984375,8.838384813559054,4.362857356095314,1.3403157073140144
1789317399051456800,38.91845678710938,-0.5656459243029356,3.9589878016352653,0.11087737273275852
1789317399061411800,38.928411865234374,-3.0279385393887757,-5.706555107063055,-5.690813932573795
1789317399071367000,38.93836694335938,0.861265531924367,-3.719084820538759,-3.078311466798186
1789317399081320700,38.94832080078125,-0.5510504127174616,-5.243325016617774,1.2919243091106414
1789317399091275800,38.95827587890625,8.38249397996068,-3.025453736835718,0.7037920469071716
1789317399101230800,38.96823095703125,3.1758424512237307,11.933159339380264,2.1504418575011193
1789317399111185700,38.978185546875,-12.142130591118335,3.339499812507629,-3.339722223086655
1789317399121140700,38.988140625,-12.090023971784115,3.65380775398612,-4.2987832355916495
1789317399131095800,38.998095703125,-8.954691810125112,-2.5877915106281635,2.9677403835356233
1789317399141049900,39.0080498046875,5.602960877075791,-9.020450522714853,-0.37268998782038687
1789317399151004700,39.018004638671876,1.3370365395128727,7.898285983416438,-0.26416283147558567
1789317399160959700,39.02795971679687,-0.2805599856555462,6.423710274216532,-0.6479056167732924
1789317399170914800,39.037914794921875,8.902226878872513,4.101170997735858,-0.30694442697316404
1789317399180870000,39.04786987304688,-4.320310007745027,-6.920894072189927,1.5565430676601826
1789317399190824700,39.05782470703125,-1.8721388569921253,-14.45114870724678,1.3037719832926988
1789317399200779800,39.06777978515625,8.059647927239537,1.446207692849636,3.0649726772755383
1789317399210733800,39.07773388671875,-1.7131933266609907,9.224788269433379,4.376973559731245
1789317399220689000,39.08768896484375,-5.033208686497807,5.807785530528426,0.45258813879117366
1789317399230643700,39.09764379882812,-6.112686761236191,-0.5707447087466716,-0.6445701887402683
1789317399240598800,39.107598876953126,-4.677259405598044,-3.6317449752599,3.5538866595536467
1789317399250553900,39.11755395507812,5.917036178842187,-0.700811350595951,2.1392947328038514
1789317399260508700,39.1275087890625,-3.277731046336889,3.8103549910038708,0.5936820052850991
1789317399270462700,39.13746264648437,2.7809640124708412,0.6660679539948702,-0.11807605206519364
1789317399280417800,39.147417724609376,9.441282317891716,2.2782190732389687,1.2186777980487793
1789317399290372900,39.15737280273437,3.079430826216936,-1.0226713148891926,0.627382907095924
1789317399300327700,39.16732763671875,-0.9926900181233882,-0.7725900541275739,-2.9754028809875246
1789317399310282800,39.17728271484375,2.781878204706311,-3.7316520411670204,-3.179620800718665
1789317399320237800,39.18723779296875,-2.3758657929986713,-4.513676278594136,0.20328568038232622
1789317399330193000,39.19719287109375,-5.673686856684088,5.794879871726036,-0.43292058463841676
1789317399340146700,39.207146728515625,-5.205299529606104,2.7292379168868064,-3.463236374552548
1789317399350101800,39.21710180664063,-2.4398411293029785,1.1106436128526926,0.6246047476194798
1789317399360056800,39.227056884765624,1.2388812857091427,-0.17929799800813198,1.063036643025279
1789317399370012000,39.23701196289063,-7.466077638700604,-0.5369973374456167,-2.791868560583889
1789317399379966700,39.246966796875,2.9606103855252264,-3.02645736092031,-2.1996235292993487
1789317399389921800,39.256921875,5.794285412964224,1.7458049719303845,2.3627897460654377
1789317399399875800,39.26687573242187,7.102306870394945,5.508284113037586,2.5399025089889764
1789317399409831000,39.276830810546876,2.316585921034217,-2.5010762269884346,0.20338482990786433
1789317399419785700,39.28678564453125,-5.466216657158732,-4.448595026874542,-0.34246837949268516
1789317399429740500,39.29674047851562,-3.403881976047158,-1.947211925894022,0.411530298346281
1789317399439696000,39.30669580078125,-5.462634707018733,-1.3070827152758835,2.2678704054430128
1789317399449650700,39.31665063476562,-0.5853308679819107,6.027674482122063,3.1779408848077058
1789317399459605800,39.326605712890625,-5.514632605281472,-0.4105827883630991,0.5245777816597372
1789317399469559600,39.3365595703125,-1.6792986558437346,-1.7599638456642626,-0.3162058109890669
1789317399479515000,39.34651489257813,4.038099916794896,-3.211771842738986,2.294959341768175
1789317399489469700,39.3564697265625,9.893523981332779,0.9066197543889284,3.6844542366623876
1789317399499424800,39.3664248046875,15.85165614067316,5.823517352667451,2.1921112539730965
1789317399509379800,39.3763798828125,2.152255775055289,-3.479819552823901,-0.02014174753576517
1789317399519335000,39.3863349609375,-4.09281116566956,-4.932871997001767,-2.91657075279057
1789317399529288700,39.39628881835937,2.6321809797137976,-4.644997888940573,-1.0727660829443484
1789317399539243800,39.406243896484376,1.4315326862871647,-3.54787543644011,3.456205160741508
1789317399549198800,39.41619873046875,-5.374612724694609,2.5818261724829674,2.2613713988125324
1789317399559154000,39.42615380859375,-6.4393421431124205,8.352775133523345,-0.9214259861156344
1789317399569108700,39.43610864257813,-2.3536031077861783,3.23061975107193,0.3456057276703417
1789317399579063800,39.44606372070312,-2.8628479304313657,-6.472924679240584,1.8144427470877766
1789317399589019000,39.456018798828126,4.030022408801317,-1.3479343656241893,1.071499935466051
1789317399598972700,39.46597265625,2.4474872601419686,5.972100478938222,-0.09728007840439677
1789317399608927700,39.475927734375,1.7474094845175743,5.929219368588924,-1.8102280520021914
1789317399618882800,39.4858828125,0.7412047357827425,-2.0264304240375757,-1.4257273610092698
1789317399628838000,39.495837890625,-2.7704858730763195,-2.8595997422903774,-0.028604236258938907
1789317399638792700,39.50579272460938,0.8832523228049278,-5.625067494943738,-0.6931419119466096
1789317399648747800,39.515747802734374,-0.17673603856563566,-0.13070026357769965,1.666029278295487
1789317399658701800,39.525701904296874,1.8808377117544413,6.1699757516443725,3.2735902932703493
1789317399668657000,39.53565698242188,-1.360460085198283,4.061369148701429,0.603213365348801
1789317399678611700,39.54561181640625,-4.370860045287013,-3.231568430098891,-2.7640327514141796
1789317399688566800,39.55556689453125,-2.488425419729948,-2.4031407534152267,-0.32065292659103867
1789317399698521900,39.56552197265625,-0.036384149545431135,8.080276289248467,2.788493238931894
1789317399708476700,39.5754765625,-7.4842650372982025,9.26063056718707,0.19735987052991985
1789317399718431700,39.585431640625,-5.867746955016255,-3.288148979976773,-2.5502234119951726
1789317399728385800,39.5953857421875,-0.2421820319443941,-5.057995921751856,0.8408495705571025
1789317399738340900,39.6053408203125,4.427036106017232,-0.4705921436458826,2.8696953121080995
1789317399748295700,39.61529565429687,9.11456205408573,6.540197888046503,1.1727523515675216
1789317399758250800,39.625250732421875,7.260290862217545,0.5242728804290294,-1.7287407321438193
1789317399768205800,39.63520581054688,-0.5872282260358334,-6.221403741064667,-3.983829397425055
1789317399778161000,39.645160888671874,0.1525625512957573,-5.104198870000243,-2.4688959588736292
1789317399788114700,39.65511474609375,0.2340595157653093,-2.5628069992363454,1.3749084433980285
1789317399798069800,39.66506982421875,2.008557498216629,2.079403304812312,2.4540806670576334
1789317399808024800,39.67502490234375,-1.2341852368474007,6.627313861441612,2.345765253767371
1789317399817980000,39.68497998046875,-8.784386681389808,0.005981412497162819,0.4677026327494532
1789317399827934700,39.69493481445313,-2.9753327383607626,0.9838047008782624,-1.6111613775543867
1789317399837889800,39.70488989257812,-2.2837252694398162,0.8630454010784625,-0.45463827625401315
1789317399847844900,39.714844970703126,3.652621759071946,0.2647515911489725,0.8768084804277867
1789317399857799000,39.724798828125,5.045651988485456,-3.124824796169996,-1.4370157938733696
1789317399867753700,39.73475366210938,3.317853213366866,-3.5324732846468687,-1.018194461736083
1789317399877708800,39.74470874023437,5.79175735579133,4.640267353287339,0.20150537283681333
1789317399887663900,39.754663818359376,3.2009067498534916,-2.3060002296119926,-1.8727040896594522
1789317399897618700,39.76461865234375,-1.554305079475045,0.22452362565696238,-2.5064473986327647
1789317399907573800,39.77457373046875,-1.8790777163445949,-2.266151618826389,-2.2727771744459866
1789317399917528800,39.78452880859375,-5.345822099018097,-5.722503786823153,-0.8438434916760772
1789317399927483000,39.79448291015625,-3.556592411381006,4.435455559316277,-0.41546917216517026
1789317399937437700,39.80443774414063,-2.28554663964808,-0.9753145204305648,-2.027143394612521
1789317399947392800,39.814392822265624,4.657422486227751,2.5442566125452517,-0.565771523443982
1789317399957347800,39.82434790039063,5.212764458659291,-5.307655742231011,-0.7919510996144264
1789317399967303000,39.83430297851562,9.69708078725636,0.22573066335916517,-1.0002117188651114
1789317399977257700,39.8442578125,1.495699161249399,2.8572008644551037,-0.44164208962395785
1789317399987211800,39.854211669921874,-5.179740140935778,-6.574420475643873,-3.0675229462802407
1789317399997166800,39.86416674804688,-1.502260419461131,-2.1477698618128893,0.22084223373048006
1789317400007122000,39.87412182617187,-0.38263621229529376,-4.033164213958383,3.9961028958037494
1789317400017076700,39.88407666015625,7.5028762142658225,5.915120700609684,2.918912932002544
1789317400027031800,39.89403173828125,-0.007072130343317985,8.313813826966285,0.9875463716246187
1789317400036987000,39.90398681640625,-2.078907045727968,-0.6922282311677932,-3.2821710746109485
1789317400046941700,39.913941650390626,1.2874579773515462,0.9237328017532825,-2.0371882571563122
1789317400056895700,39.923895751953125,-2.8184891487449404,-3.3331109882533547,-0.5209173594560473
1789317400066850600,39.9338505859375,4.338483962339162,0.17279343841969966,0.6701499626114964
1789317400076806000,39.943805908203124,0.6811252378731966,4.06179701872468,1.9242080669254062
1789317400086760700,39.9537607421875,-3.6422201920449733,-1.8735858409300445,-0.19922252259664236
1789317400096715800,39.9637158203125,-0.3815291278362274,0.5289256746709347,-0.16079788019955157
1789317400106670800,39.9736708984375,-3.376007880693674,5.4855771911889315,-0.5587349028054625
1789317400116625700,39.98362573242188,-3.6497301292836664,2.0194570778936147,-1.6331676037877798
1789317400126579700,39.99357983398438,-2.152013782992959,-1.3784350100889802,0.7862238080088049
1789317400136534800,40.00353466796875,1.5892232481211424,-2.2088711039856075,0.8264026736620813
1789317400146489900,40.01348974609375,2.4787059897482395,0.28822891284823415,2.1247285934433338
1789317400156444700,40.02344458007813,6.859724440956115,1.7156220151126385,3.2636417307078838
1789317400166399700,40.03339965820312,6.643637804254889,5.171680753120779,2.212459337735921
1789317400176354800,40.043354736328126,-2.653531810778379,1.4654928235560656,-0.8981148878287524
1789317400186310000,40.05330981445312,-6.896450535807013,-10.940023915576933,-1.2928531143933535
1789317400196263700,40.063263671875,-0.8104933760643005,-3.701977033871412,2.7837229557901617
1789317400206218800,40.07321875,1.4116057505458592,0.3581047053679824,3.1595351672843095
1789317400216173800,40.083173828125,5.999112404504418,5.857223222914338,2.951372309319675
1789317400226129000,40.09312890625,0.6191507199972868,12.797407686507702,0.23890615207888186
1789317400236083700,40.103083740234375,-5.160235814520717,-2.065928613950312,-6.393908425670862
1789317400246038800,40.11303881835938,-8.301452358043193,-6.180635092824697,-3.3640590842247007
1789317400255993900,40.122993896484374,3.4340871446967123,-3.469682774212956,0.8675435162153095
1789317400265948000,40.13294799804687,0.3621832068532705,-1.774570170904696,1.510481427578628
1789317400275902700,40.14290283203125,-0.8168927217125892,7.019205393338203,1.966915574273467
1789317400285857800,40.15285791015625,4.229153819048404,1.1157190164208413,0.14526603761203585
1789317400295812900,40.16281274414062,-1.6186708764016626,-4.249400488263368,-0.9292055340759455
1789317400305767700,40.172767578125,2.5256641402781006,-4.274813746461272,-2.0331132628023623
1789317400315722800,40.18272265625,4.34902581461966,-1.784795796842873,-0.8470392920427023
1789317400325677800,40.192677734375,-0.6512018087744712,1.670547194111347,0.6709482003170997
1789317400335632000,40.2026318359375,2.774459452882409,-1.6085598167538642,0.5827781878244132
1789317400345586700,40.212586669921876,3.483842816990614,2.1443898639857766,2.2060237517304717
1789317400355541800,40.22254174804687,2.6324399229109288,1.264486851608753,1.2217076672639697
1789317400365496800,40.232496826171875,-1.4643722950935363,-2.094905117587745,-1.2855182414606212
1789317400375452000,40.24245190429688,-8.293710365614295,0.4100748388409614,-1.8687913001298904
1789317400385406700,40.25240673828125,-6.466719979381561,0.09979396092146635,-2.553107150737941
1789317400395361500,40.262361572265625,-5.524764707717299,-4.138310057301819,-0.5895824244791642
1789317400405315800,40.27231591796875,3.3143829069077966,0.38798137271553274,1.870663377612084
1789317400415271000,40.28227099609375,4.289900256434083,1.9431670344173908,1.7335693213440477
1789317400425225700,40.292225830078124,3.8230975681990382,6.280924436047673,0.44686044532675295
1789317400435180500,40.3021806640625,-0.10585983683168887,-0.6916317265793681,-2.0708796604864297
1789317400445136000,40.31213598632812,-2.4242162746697664,-9.993306544077395,-3.1697181231245395
1789317400455090700,40.322090576171874,0.3965115929126739,-10.582598132383822,-0.7159423572976141
1789317400465045800,40.33204565429688,6.710697078049183,4.083527496756613,2.384974251475185
1789317400474999600,40.34199951171875,5.0639691509425635,6.597638854146004,1.9608023520901798
1789317400484955000,40.35195483398437,-5.572416101208329,1.6736533434331415,-2.0281074173390863
1789317400494909700,40.36190966796875,-5.206186249312758,-3.5608693580478428,-4.041325016321242
1789317400504864800,40.37186474609375,-5.746641033735871,-4.402025291140378,-0.14288447623774408
1789317400514819800,40.38181982421875,4.82182394387722,3.153703976912796,2.3752083520032463
1789317400524775000,40.39177490234375,-0.9091273532956838,4.8805666402250525,1.052966646040231
1789317400534729700,40.40172973632812,1.9217390464633701,1.621559291319549,-0.7043382095478474
1789317400544683800,40.41168383789063,2.1199545109093187,1.5853186418980358,0.2802033542376011
1789317400554638800,40.421638916015624,-0.6045277358829975,2.082050312189758,-0.8592170749619603
1789317400564593700,40.43159375,-0.17418401599526404,-4.227758857558667,-0.9376336821381002
1789317400574548700,40.441548828125,0.09696750532388687,-4.633259812612831,0.47524267286546523
1789317400584503800,40.45150390625,-0.14030103561580182,-2.981592383277416,0.4773104921154678
1789317400594459000,40.461458984375,-3.3710809456855055,0.8512862819626927,0.6331940045274794
1789317400604413700,40.47141357421875,0.2946726821601391,7.973265528815984,0.2037100067416206
1789317400614367700,40.48136767578125,-5.185991018024087,-1.3278577922791241,-0.9556170095309614
1789317400624322800,40.49132275390625,0.13435118730068207,-3.8916207770660516,-0.21121899413224307
1789317400634278000,40.50127783203125,2.899938766941428,-4.899399935510754,-0.274593697662279
1789317400644232700,40.51123266601562,5.155392466142773,1.7365736177265643,1.795526741954684
1789317400654187800,40.521187744140626,8.513479490220547,5.630052882140874,2.3170531001545487
1789317400664142800,40.53114282226562,4.1847365851730105,1.8999626834630965,0.4727807762639597
1789317400674097700,40.54109765625,-4.538465267413854,-2.302483745923638,-0.5859380035622045
1789317400684052700,40.551052734375,-1.9856021545648574,-7.306567460224032,1.7686472105965017
1789317400694006800,40.5610068359375,-2.3615251329571008,-2.383252103857696,1.855796794000268
1789317400703961900,40.5709619140625,-3.747666771900654,0.46872108907699583,0.3491652467828244
1789317400713916700,40.580916748046874,-0.5639841285705566,6.0343508911460635,2.4178702666439116
1789317400723871700,40.59087182617188,1.246739597994089,6.005843174064159,1.4589970317959784
1789317400733826800,40.60082690429687,-4.249694502773881,-5.3298552990794175,-1.1267828467488288
1789317400743782000,40.61078198242188,2.384369417449832,-2.379614039616287,0.3157517105460167
1789317400753736700,40.62073681640625,3.8507138893991706,-3.319274478341639,0.49120172788910565
1789317400763691800,40.63069189453125,-3.5628690074324605,0.3167468590632081,0.46736134503111243
1789317400773645800,40.64064575195312,2.3369985944658516,0.8107023426398634,-0.6015586569443345
1789317400783600600,40.6506005859375,1.2040607322186232,-5.344058596476912,-0.15568192542530596
1789317400793555700,40.6605556640625,3.2805414275825022,-4.083816542831063,0.11910502978675067
1789317400803510800,40.6705107421875,7.632358918747306,-3.1389816240772603,0.33337321888916194
1789317400813465600,40.680465576171876,2.4841309374064204,6.351629372867942,1.2333151760146022
1789317400823420700,40.69042065429687,-3.394166637718677,3.8063463398844,-4.130766510054469
1789317400833375700,40.700375732421875,-7.871032065787911,-0.028546003265678882,-4.341851977467536
1789317400843329800,40.710329833984375,-4.56930113518238,-3.8522742705836888,2.308226381228864
1789317400853284600,40.72028466796875,5.312049593275785,-3.9188597893863912,2.1912153280466793
1789317400863239700,40.73023974609375,-1.9746803630560634,4.031020479927957,0.5032794114347547
1789317400873194800,40.74019482421875,-1.0130272882312537,3.8406434540227052,0.05671564749963581
1789317400883149600,40.75014965820313,4.885727968510985,2.843314962443709,0.10635879932977259
1789317400893104600,40.760104736328124,-1.497931450346112,-8.424713411530853,-1.198925561287254
1789317400903059700,40.77005981445313,3.143687317550182,-4.827622693283856,-1.07208248459436
1789317400913013800,40.780013671875,7.313468325653671,2.4722607591316104,-0.2917339983597398
1789317400922968600,40.78996850585938,3.4262755941629406,0.47952743751257654,1.02685568790175
1789317400932923600,40.79992358398437,-3.638947453984618,3.5600779154092073,1.1048521699696778
1789317400942878700,40.80987866210938,-4.64069522331059,6.975135949987172,-2.228632473901659
1789317400952833500,40.81983349609375,-12.802310656118392,-3.501929093301296,-2.1594991703122854
1789317400962788600,40.82978857421875,1.3805752369880675,-3.9069644766703244,1.2568326835937798
1789317400972743700,40.83974365234375,1.2713994074761867,-5.069066181820631,-1.3072826217621565
1789317400982697700,40.84969775390625,0.8363590542048215,5.841599537324905,-1.0225359250064938
1789317400992652500,40.85965258789062,6.189903271907568,13.475150296205282,-0.5200859501332045
1789317401002607600,40.869607666015625,-7.5999939417153595,0.4771127775862813,-2.5965230986163017
1789317401012562700,40.87956274414063,-8.021442992007731,-11.224465126579998,-0.6774091399595141
1789317401022517800,40.889517822265624,3.080237466424703,-5.980257481908798,-1.4395425358720122
1789317401032472600,40.89947265625,-9.551230885341763,6.331558644741773,-2.5539368795603514
1789317401042427600,40.909427734375,-0.037003742748498915,9.767441440683603,-2.9364325143411754
1789317401052382700,40.9193828125,0.019340660285949707,-2.866637385842204,-1.4795830159679055
1789317401062336800,40.929336669921874,-1.3001549618393182,-7.12581575627625,-1.1385880700286477
1789317401072291600,40.93929150390625,7.2198752651989455,-6.320583661741018,-1.7686273368522525
1789317401082246700,40.94924658203125,7.406774385860562,7.83472098147869,0.7645123269382864
1789317401092201700,40.95920166015625,-1.639131480628252,7.004993912634253,-2.009825033934414
1789317401102156500,40.96915649414063,-5.986288578766584,-2.356172081491351,-5.428337300619483
1789317401112111600,40.97911157226562,-5.491527624025941,-1.96363669873327,-1.804450491514057
1789317401122066700,40.989066650390626,5.1486657882362605,-4.120134641402959,-1.261318450705707
1789317401132020700,40.999020751953125,-0.29249416907727716,7.045122509405016,-2.7808912394955754
1789317401141975600,41.0089755859375,-4.708807221028208,1.1951602174043654,-5.250150478723645
1789317401151930600,41.0189306640625,5.412649902144074,-3.0075930859744546,-3.992170524790883
1789317401161885700,41.0288857421875,1.9888117642611265,-2.137121334287524,-1.1434934507921337
1789317401171840800,41.0388408203125,6.059623864090442,-0.09055530019402504,-0.685243706042692
1789317401181795600,41.048795654296875,7.411438286018371,0.44746261247098446,-0.3455744922818616
1789317401191750700,41.05875073242188,-5.156642173942923,-4.2622804281026125,-0.4897067766236141
1789317401201705700,41.068705810546874,-5.644824919337034,-2.3782155709952115,-3.406901031607389
1789317401211659800,41.07865966796875,0.5034428583681583,0.8829495404660701,-3.0992458260163662
1789317401221614600,41.088614501953124,-2.232448086667061,5.25444846817851,-0.9972420554045587
1789317401231569700,41.09856958007813,-1.2685749977052212,-6.012687925392389,-2.0641082666553556
1789317401241524700,41.10852465820312,-10.997322258335352,-4.26541931065023,-0.5233652275322005
1789317401251479600,41.1184794921875,-2.102928557306528,1.0177204144835472,-0.38498675747681405
1789317401261434600,41.1284345703125,-0.037813890087604524,-2.2373849585473535,2.8163185267075894
1789317401271389700,41.1383896484375,3.438502623051405,-0.28477438848018644,4.054441979786754
1789317401281343700,41.14834375,6.220030699145793,-5.122850378978252,1.1560946467552333
1789317401291298600,41.158298583984376,0.7128489943921565,-1.3668939176380634,0.28074874969329683
1789317401301253600,41.16825366210937,-7.375422385263443,0.4473416164398193,-0.9914387028880417
1789317401311208700,41.178208740234375,-0.6212047299176454,-3.213127349001169,1.3540738912925123
1789317401321163800,41.18816381835938,1.1306769315779208,0.09714753806591034,6.39318361852765
1789317401331118600,41.19811865234375,4.351799370986223,-4.1103099974811075,3.3558725628986954
1789317401341073700,41.20807373046875,-3.898600260689854,3.988084132260084,2.261107925570756
1789317401351028700,41.21802880859375,-11.47927809203863,9.221908330082893,0.7961933402940631
1789317401360982800,41.22798266601563,-5.64011484194994,-1.9611755693167447,1.9556625049836933
1789317401370937600,41.2379375,-0.1471978093922138,-7.150307223454117,7.469677709019184
1789317401380892700,41.247892578125,8.726417892023921,-2.6150287693828345,4.616781556020677
1789317401390847700,41.25784765625,8.31477244286537,6.351869026842713,4.008366165049374
1789317401400802600,41.267802490234374,-9.61448082998097,2.7092618813067673,2.491925536805391
1789317401410757600,41.27775756835938,-7.456282220873236,0.19443477686345575,-0.7936007665175944
1789317401420712700,41.28771264648437,-3.0736002203673123,-6.657853376612067,6.675774817749858
1789317401430667500,41.29766748046875,6.021391456329822,-8.897559471583365,2.82176276358813
1789317401440621600,41.30762158203125,-1.044116253978014,6.4242047797352075,0.013968246532604098
1789317401450576600,41.31757666015625,-32.68931186192035,11.165298651862145,-0.29253771595805883
1789317401460531700,41.32753173828125,-6.173610308754443,-1.5398714804530143,3.4299557439804076
1789317401470486500,41.337486572265625,6.660031305173039,-13.323231888031959,9.300207375293969
1789317401480441600,41.34744165039063,23.89053892778158,-6.354631477293371,5.018108147999644
1789317401490396700,41.357396728515624,40.63559702935218,13.891059832549095,9.13699834229946
1789317401500351700,41.36735180664063,28.87213608498573,14.559528417944907,10.76231523258686
1789317401510306600,41.377306640625,6.631368689790368,-8.38184282257557,-7.4791446255445475
1789317401520260600,41.38726049804688,-16.1100335206151,-5.9739230181902645,-17.5290387337625
1789317401530215700,41.397215576171874,-13.028510106033085,0.8405161738842726,-0.6198406019575894
1789317401540170800,41.40717065429688,-16.99937889959812,-0.19870266344100235,-5.232776734596491
1789317401550125600,41.41712548828125,-24.392103132796287,-20.772009432363507,-1.2805594500094652
1789317401560080600,41.42708056640625,9.905544089472293,18.08263590835333,12.527649665373563
1789317401570035700,41.43703564453125,3.0499890431553123,32.81853328511715,17.68238337534666
1789317401579990500,41.44699047851562,-12.254720028465986,8.946801349136233,6.711974842900037
1789317401589945600,41.456945556640626,-0.27382980061769485,-9.662065003454684,3.4321897866427897
1789317401599899600,41.466899658203126,6.022924072724581,-18.698357238423824,-1.7941102992855011
1789317401609854700,41.47685473632812,13.246022391623258,-9.21902371455729,-11.323249325937033
1789317401619809500,41.4868095703125,10.311851100212335,5.717550548329949,-7.172209258660674
1789317401629764600,41.4967646484375,15.283739348828792,6.877062529247999,-6.841809429559111
1789317401639719700,41.5067197265625,4.815462007629871,3.374109061335027,-3.093739337554574
1789317401649674800,41.5166748046875,-17.21829871389866,-23.39881573330164,1.2031029931023716
1789317401659629600,41.52662963867188,-4.28686483426094,2.0860124938189983,4.1492601981222625
1789317401669584600,41.536584716796874,-16.531588369369505,18.154419872581958,3.468699608394503
1789317401679539700,41.54653979492188,-14.014181185305118,17.83823795392513,-0.9289411840513349
1789317401689494500,41.55649462890625,-0.2138911724835634,21.187618524456024,3.8688752767726777
1789317401699448600,41.56644848632813,3.5733576682209964,-14.395152679258585,-6.351054787850379
1789317401709403600,41.57640356445312,7.0458490701138965,-14.45019710561037,-12.057685882759094
1789317401719358700,41.586358642578126,3.5045687941551207,1.7434569474995136,-2.0529870070517062
1789317401729313500,41.5963134765625,18.887412660336494,12.38636137228608,-2.381610328000039
1789317401739268600,41.6062685546875,16.716529926222563,0.5792378118038177,-5.927224395379424
1789317401749223700,41.6162236328125,-13.086320489966868,-18.85153938292265,2.447263826649636
1789317401759178800,41.6261787109375,0.7974480165302753,-6.045152271145581,6.898505714771151
1789317401769133600,41.636133544921876,7.342050861537456,5.221396093404293,5.126725759106874
1789317401779088600,41.64608862304687,-15.050240389555691,6.267873815816641,4.529956382265687
1789317401789042400,41.65604248046875,-7.533454307880997,12.244483881133794,-1.4238457850463688
1789317401798997800,41.665997802734374,-9.801772749352455,5.673951645100116,-3.7728628802165387
1789317401808952600,41.67595263671875,-4.277631726491451,6.789750156497955,0.4829490825243294
1789317401818907400,41.68590747070313,6.857396874791383,-3.5330548839271065,-3.387026410575211
1789317401828862500,41.695862548828124,0.06562836420834064,-9.679030166780947,-5.359285976225137
1789317401838817500,41.70581762695313,6.272106923341751,-2.580332134532928,0.020997049190849066
1789317401848772600,41.71577270507812,17.97743950386643,4.629582293143868,3.2482442550897597
1789317401858727400,41.7257275390625,11.450998923015593,2.9467390965610742,1.8611067369766532
1789317401868682500,41.7356826171875,-0.019784312400221823,-4.780996843448281,-2.6462553900346157
1789317401878636500,41.74563647460938,-9.224894652417301,0.22224019089490174,-2.911003766313195
1789317401888591600,41.75559155273437,-5.315860675996542,1.231744857957959,0.004653013437613845
1789317401898546400,41.76554638671875,-9.180090465050935,9.198741974028945,2.1814815772786735
1789317401908501500,41.77550146484375,-10.965472829610109,5.147839858806133,1.3948285110071301
1789317401918456600,41.78545654296875,-3.4282255591869353,-0.4582259985476732,2.3850991930291054
1789317401928411400,41.795411376953126,0.8742121072590351,-2.5679899548321963,-0.32796544156149027
1789317401938366500,41.80536645507812,1.6826801149755715,-1.7567378693550824,-2.2015353542700407
1789317401948321500,41.815321533203125,8.66836259341836,-0.7124521040290593,-1.6868007020369171
1789317401958276600,41.82527661132813,10.535712462568283,-4.541292599794268,-2.058228122575581
1789317401968230400,41.83523046875,5.41980211198628,-5.091684256342053,-2.499774204479158
1789317401978185500,41.845185546875,2.0467916595429183,-1.008815223494172,-2.0495181618973612
1789317401988140500,41.855140625,1.7962328443974256,2.8904020000502464,-1.0612915529236198
1789317401998095600,41.865095703125,-5.025943079409003,4.1072631771311165,-1.0918410049661993
1789317402008050400,41.875050537109374,-9.88305636333227,0.3102081049442291,-2.421795331133157
1789317402018005500,41.88500561523438,-6.819372556823492,2.045754717710614,-0.1918221284133382
1789317402027960600,41.89496069335937,-2.5684762770444154,4.105835482415556,1.1043581028424203
1789317402037915400,41.904915283203124,-1.8296558060497043,2.0418033497363326,-0.5288480793900787
1789317402047870700,41.91487060546875,2.174486896085739,-1.433788356259465,0.6820932061225176
1789317402057824500,41.924824462890626,4.332317256402969,-4.7286686903178685,2.2058226762004196
1789317402067779600,41.93477954101562,7.635193265390396,1.3879162474006415,2.265264899119735
1789317402077734400,41.944734375,3.4221289958775043,1.6175293051511048,2.160202496276051
1789317402087689700,41.95468969726563,-2.989080108684301,-5.3426697724670165,0.23423045188542455
1789317402097644500,41.96464453125,1.251319911521673,-2.5474124462276695,0.2616891531047411
1789317402107599600,41.974599609375,-1.8702794928610325,-2.7239766353577375,2.3182729973383247
1789317402117554400,41.98455444335937,1.6527181074321269,2.1464321834683417,2.007795720063895
1789317402127509500,41.994509521484375,0.05025719207525253,1.7152356461435556,0.7333014153122901
1789317402137463600,42.004463623046874,-0.7970932117432356,0.23576573516130447,0.15078720305315219
1789317402147418600,42.01441870117188,0.34763737962841984,-1.561032341903448,-0.29080705624055114
1789317402157373400,42.02437353515625,-1.792526391094923,-4.072499030002952,0.22849550669630989
1789317402167328500,42.03432861328125,0.5790612861931324,-0.2632669055491686,0.6688290892712772
1789317402177283600,42.04428369140625,-2.1358464920461175,-2.003495538651943,0.6448422836799175
1789317402187238400,42.05423828125,-0.05816401967704296,2.343322536790371,0.5791000473009422
1789317402197193700,42.06419384765625,0.16432488528192044,3.101529260778427,-0.44286162148155267
1789317402207148500,42.0741484375,-0.12331249141395091,-2.6622815189450977,-2.454776540367305
1789317402217102600,42.0841025390625,0.9570318447649478,-3.4654970129609106,-2.1361729475215077
1789317402227057400,42.09405737304687,2.2013620435297487,-1.9636486814320087,0.05005079191611148
1789317402237012700,42.1040126953125,3.684198216074705,3.840556652522087,0.33841570656839753
1789317402246967600,42.11396752929687,1.318790688726306,1.3131401156187057,-1.723831771183759
1789317402256922400,42.12392236328125,-2.0671979032337666,0.401532051423192,-2.233309525801986
1789317402266877400,42.13387744140625,-3.094292879784107,-0.9143097243696451,-2.260603337049484
1789317402276832500,42.14383251953125,-5.082371069073677,-2.9004087225407362,-0.8765144659172743
1789317402286787600,42.15378759765625,-1.7408751143127679,3.4018682981371877,0.725017936417833
1789317402296741400,42.163741455078124,-1.670862251409888,1.837767216312885,1.086767135768011
1789317402306696400,42.17369653320313,1.475464182472229,1.6588327909201384,1.4105872211530803
1789317402316651500,42.18365161132812,2.140940600314736,1.4423194532394408,-0.004131332217645831
1789317402326606600,42.19360668945313,0.21664310154020786,1.6476239991635082,-2.765112363344431
1789317402336561400,42.2035615234375,-0.15330723218321798,1.642712261724472,-3.0841520095199346
1789317402346516700,42.213516845703126,-3.7982138868331905,-3.1055788284301755,-2.2868397481985387
1789317402356471600,42.22347143554688,-2.987413052254915,-1.6676625785857437,-0.449654533024691
1789317402366426400,42.23342626953125,-1.6032961971372366,1.8247393924355506,1.2828817554771899
1789317402376380400,42.24338037109375,-0.06377952147126198,2.3703864848047496,1.3468378025591372
1789317402386335500,42.25333544921875,1.8139257374763487,2.6667034270405767,0.3598753317696973
1789317402396290600,42.26329052734375,2.0772633701741694,-4.063692038691044,-2.62109786016345
1789317402406245400,42.27324536132812,3.8396272627174852,-3.395644893577695,-2.57336317230314
1789317402416200700,42.28320068359375,6.8006064815551035,3.4002298832803963,-1.5274476138181983
1789317402426155500,42.29315551757813,2.8940415255963803,5.622047270339727,-1.4165638113446533
1789317402436110600,42.303110595703124,-1.4534054953992366,-2.4655998399376866,-2.18420164989233
1789317402446064400,42.313064453125,-4.334083681553602,-5.196586646318435,-0.1625907732320018
1789317402456019700,42.32301977539063,-1.6599685169517993,-0.8184481344610453,2.396340425750613
1789317402465974500,42.332974609375,-1.6181307781755923,1.4059212751686572,1.750948180037737
1789317402475929600,42.3429296875,-1.2899170609414576,1.5954758787751198,-0.8495582891263067
1789317402485884400,42.35288452148438,1.3791525107085705,1.3935481158077716,-2.6881407673448323
1789317402495839500,42.36283959960937,2.22595930916965,-1.7323773350805043,-3.352638987804949
1789317402505794600,42.372794677734376,4.342457542145252,-2.271703992256522,-2.618919639341533
1789317402515748600,42.38274853515625,4.248149611419439,-1.8003478785008191,-1.3312166011877358
1789317402525703400,42.39270336914063,-1.298985918059945,1.0584592521071434,-0.5202450862176716
1789317402535658500,42.40265844726562,-3.4601685114145275,-2.180423300397396,-1.4530306707374752
1789317402545613600,42.412613525390626,-3.415679965868592,-2.127307796281576,-0.09649185063615441
1789317402555568400,42.422568359375,0.40293665752410884,-2.9524574742078777,0.6129414900936186
1789317402565523700,42.432523681640625,-0.0827490103572607,0.33095687846243377,-0.3350810457203537
1789317402575478500,42.442478515625,-0.6720914520680904,4.43821099550426,-2.2039424154117704
1789317402585432600,42.4524326171875,0.3890285436809063,0.08978314677774905,-2.9986136607050895
1789317402595387400,42.46238745117188,-0.27566286126375195,-0.3867231893479824,-1.008949298202619
1789317402605342700,42.4723427734375,0.13396832546293735,-4.516497765755653,0.36384204344358295
1789317402615297500,42.48229760742188,0.6166226628243923,-3.514651796752214,1.1985112813979386
1789317402625252600,42.49225268554687,3.2720646911382674,3.3738574246615167,1.9625925965078175
1789317402635207400,42.50220751953125,-0.36969548217952247,0.6105085638582706,0.08175394403846002
1789317402645162500,42.51216259765625,-0.6892413243114948,4.7462674753725524,-2.93672185267657
1789317402655116500,42.52211645507813,-4.883683310940861,-0.6707213327586651,-5.080243409395218
1789317402665071400,42.5320712890625,-5.030654325839877,-1.774191692981124,-1.7252813854701816
1789317402675026400,42.5420263671875,1.01243692112267,-0.3482049503833055,1.837813247411698
1789317402684981500,42.5519814453125,-0.19407061972618103,-0.5244815547436475,1.5395058620110154
1789317402694936600,42.5619365234375,3.7709365883290764,3.320947087728977,1.4607101193241774
1789317402704891400,42.571891357421876,4.06388493091464,-0.008439327043294906,0.04116735610081814
1789317402714846700,42.5818466796875,3.291550897374749,0.8248328670620918,-1.7883160799235105
1789317402724800500,42.59180053710938,2.1787591665774584,-2.822815195250511,-3.321130335341394
1789317402734755600,42.601755615234374,-1.510330328670144,-5.753666402328014,-2.3894940669871865
1789317402744710400,42.61171044921875,-0.7641191629022359,1.367332893577218,0.6810274035219103
1789317402754665700,42.62166577148437,-2.7607541681349277,4.858111647310853,1.9272132400907576
1789317402764620500,42.63162060546875,-5.015381937906146,6.309440336436033,1.0436835616491735
1789317402774575400,42.64157543945313,-6.995843222451209,-0.09432488186061382,-0.014492553534498437
1789317402784530700,42.65153076171875,-1.849647623720765,-3.634551264852285,0.2833457804491743
1789317402794485000,42.661485107421875,2.582674898266792,-4.907679688078165,-0.9044299161944538
1789317402804440000,42.67144018554688,4.940172090882062,1.4533318456411362,0.22067933478634802
1789317402814395000,42.68139477539062,8.501907710370421,6.89778090762794,0.4124835074178874
1789317402824350200,42.69135009765625,7.37602502733171,0.3520604567676782,-1.5703754859186707
1789317402834305000,42.70130493164063,-4.638859240055084,-6.121306121021509,-1.7263880315378308
1789317402844260000,42.711260009765624,-3.480535592138767,-6.517908899348974,-1.4118676163524388
1789317402854214000,42.7212138671875,0.3588227905094623,0.2896908020943403,1.663177980517596
1789317402864169200,42.73116918945313,-2.857078699380159,4.092696891640126,2.750609790739417
1789317402874124000,42.7411240234375,-1.2609686143547296,5.775808091509342,0.1353132463990245
1789317402884079000,42.7510791015625,-1.390721952471137,2.463633508300781,-2.5775568246006966
1789317402894034200,42.7610341796875,1.4929799654185771,-2.7127625829041,-2.4513439355701205
1789317402903989000,42.77098901367187,0.09176642954945564,-1.0899515379577875,-1.3651931050695478
1789317402913944000,42.780944091796876,0.903977715447545,-0.628117285785079,-1.7524058315001427
1789317402923897900,42.79089794921875,2.170076093906164,-2.7913679175853727,0.15988913132417945
1789317402933853000,42.80085302734375,2.5654993070602417,1.5001783524900674,2.389525485038757
1789317402943808000,42.81080810546875,1.1388187369793652,1.6486194399416445,1.3848074677303432
1789317402953763000,42.82076318359375,-4.4835915214538575,-0.07856324910521507,-1.4937771071456372
1789317402963718000,42.8307177734375,-3.7069016307920215,-2.0012386996358633,-1.7396156157709657
1789317402973673200,42.840673095703124,-1.464893104097247,-2.713392112979293,0.7961353995617478
1789317402983627000,42.850626953125,1.848013885039091,0.5165455010473727,1.7172398255728185
1789317402993582000,42.86058203125,3.0818618527561426,-0.14186521619260312,1.7875825049519538
1789317403003537000,42.87053686523438,2.8710914426416156,2.873200397619605,1.3961815330512821
1789317403013492200,42.8804921875,0.8285212001860142,1.452259832495451,-0.11967660999647341
1789317403023447000,42.89044702148438,-3.148450586429238,-3.8429315649598834,-0.6412781614575535
1789317403033401900,42.90040185546875,-1.2340484587252138,-3.6556907912537455,0.28126221564076836
1789317403043357200,42.910357177734376,-1.8179823193907736,-2.513684364148974,1.4128503437794744
1789317403053311200,42.920311279296875,-0.42270109618008134,2.2943016085118053,1.0617653079152107
1789317403063266000,42.93026611328125,0.5806581999957561,4.750708088168501,1.0804668665800243
1789317403073220900,42.94022094726562,-0.3217500741779804,0.9182330352932214,-0.4013437988420948
1789317403083176200,42.95017626953125,-1.7359651304394006,-5.443072512936592,-1.2500674272425472
1789317403093131000,42.96013110351562,1.0554688381195068,-3.8748902992784973,1.0267504008963704
1789317403103086000,42.970086181640625,2.5979654063791036,1.4760428591430186,1.9849998047575352
1789317403113041000,42.980041015625,1.0010463430583476,-0.3297323051035404,1.5293253903888164
1789317403122995200,42.9899951171875,2.4879005190730092,2.4678777217417953,0.5350966914560645
1789317403132950000,42.99994995117188,1.1360387508720158,1.119430730420351,-1.8098804076083004
1789317403142905000,43.009905029296874,-0.7580383816838264,-0.9287363091289996,-2.7886981138542293
1789317403152860000,43.01985986328125,-0.923082813411951,0.30522797844409943,-1.8080381407424806
1789317403162815000,43.02981494140625,-4.252962564659119,1.3832517627209424,-0.435284975682199
1789317403172770000,43.03977001953125,-3.455000168865919,2.520527361911535,0.8638532103300094
1789317403182724000,43.04972412109375,-1.5438795470505953,-0.3666547993093729,2.2937552266754206
1789317403192679000,43.05967895507813,0.9016437195420265,1.540582259070873,3.123158908784389
1789317403202634000,43.06963403320312,1.6902835757166146,2.534846979165077,0.9774592773742973
1789317403212589000,43.079589111328126,-0.05800035354793071,-5.396756167441606,-1.8716238932073115
1789317403222544000,43.0895439453125,1.5154787974745034,-1.6694745964437723,-1.8191835118740796
1789317403232499200,43.099499267578125,1.5936539240449665,2.453405544275045,-1.6777169396102427
1789317403242454000,43.1094541015625,-0.09616729485690594,3.9347459253042936,-1.6253040308058262
1789317403252408000,43.119407958984375,-3.160914346683025,-1.6301003251716493,-0.7164845013502985
1789317403262363000,43.12936279296875,-2.933451160442829,-2.441338089862466,1.0393350110508501
1789317403272318200,43.139318115234374,-0.10632219364643096,-0.22997429227828978,0.9890719006914644
1789317403282273000,43.14927294921875,2.296980472332239,0.07716624178886414,0.46112098933681844
1789317403292228000,43.15922802734375,3.7758746292531487,4.924416887867451,-0.7118991463214158
1789317403302183000,43.169182861328125,1.4007757289737461,0.5778419735312461,-3.7781501729696987
1789317403312137200,43.17913720703125,-0.032950667965412135,-4.624146239569783,-3.809457749903202
1789317403322092000,43.18909204101563,-0.6610375586122273,-1.9989801070541142,-0.48957767035122957
1789317403332047000,43.19904711914062,-1.5609130994379519,-0.6650795274794101,1.6808061377972363
1789317403342002000,43.209001953125,-4.070531529322266,0.946322819224,1.5525705107674002
1789317403351957000,43.21895703125,-0.8905483250319958,2.4290648837447164,0.7714356964606791
1789317403361912000,43.228912109375,0.423199693351984,0.27070085494220253,-1.199656140584126
1789317403371867000,43.238866943359376,2.1179577841341493,0.677881141385436,-2.3669731692299245
1789317403381821000,43.248821044921876,1.4348334813982246,-3.3682588740020987,-3.213904470853507
1789317403391776000,43.25877587890625,3.0117952138394117,-0.8875742776572704,-2.3196501309104263
1789317403401731000,43.26873095703125,4.182264642101526,-1.279146076080203,0.2113008271967992
1789317403411686000,43.278685791015626,3.005623247206211,-2.2389830413937566,1.4317840306997298
1789317403421641200,43.28864111328125,3.247314865285158,1.91858788895607,1.07261140383929
1789317403431596000,43.298595947265625,-1.3794903643608092,0.7802034517407417,-1.451886323007941
1789317403441550000,43.308550048828124,-4.848110477778315,-1.0181436083316802,-3.644278001357615
1789317403451505000,43.3185048828125,-4.0389918971985574,-0.367596464073658,-3.456625724241137
1789317403461460200,43.32846020507812,-3.4268303054362534,-1.0109662640482187,-1.6174612083509563
1789317403471415000,43.3384150390625,0.08820143054425716,-0.04922551093995571,1.6303228818811475
1789317403481369900,43.34836987304688,1.3106354393213986,-0.29990941376984115,2.898884581713378
1789317403491325200,43.3583251953125,2.809476405727863,1.3245973291784525,2.1289196153923866
1789317403501280000,43.368280029296876,2.811710448390245,-2.3500819479227064,0.26010486132167276
1789317403511234000,43.378234130859376,0.56858431584239,-2.435244449162483,-1.0164409691322593
1789317403521188900,43.38818896484375,-0.0667412938863039,-0.28393852217793464,-1.9402704361930487
1789317403531144200,43.398144287109375,-0.9759066411048173,-1.9965911660909652,-1.9147016951724887
1789317403541099000,43.40809912109375,-0.21131927616894244,0.49153731651902194,1.7437924630641937
1789317403551054000,43.41805419921875,-0.20013328076601028,2.2490637059032914,2.9671698901712893
1789317403561009000,43.4280087890625,-3.1864404176056382,2.7961031294137237,1.8225477276101707
1789317403570964200,43.43796411132813,-1.5569745909452437,-0.05157470441460609,0.7215555940695106
1789317403580918000,43.44791796875,-1.2863181596666573,0.10814882455170154,0.6721311995565891
1789317403590873000,43.457873046875,0.21091069536805152,1.0528121861308812,0.08375183072425424
1789317403600828000,43.467827880859375,-1.0809504853785037,1.6978507961004972,-1.0150991991344838
1789317403610783000,43.47778295898438,-0.5223170701861382,1.1593816325366497,-1.2400180346541105
1789317403620738000,43.487738037109374,0.2664373522788286,0.10981763454675673,0.33640045775584876
1789317403630692900,43.49769287109375,1.5351041199207305,-1.2880688027262688,0.7627618300091474
1789317403640647000,43.50764697265625,1.2531488805145024,-0.5644727888703346,0.6697502957694232
1789317403650602000,43.51760205078125,0.8851473427712917,2.527650345659256,0.8316821484349668
1789317403660557000,43.52755712890625,0.6281681391894817,0.09580489128530024,-0.42166145093403756
1789317403670511900,43.537511962890626,-0.5800596495807171,-0.7172294014334678,-1.3388251764953136
1789317403680467200,43.54746728515625,-0.6663169603198766,0.366854121273756,-2.0781924677178263
1789317403690422000,43.557422119140625,-1.7061761413753032,-1.0320897160977125,-1.473753871423006
1789317403700377000,43.56737719726563,-0.34745091714560983,1.3688707706689833,0.05586597186774015
1789317403710331000,43.577330810546876,0.889922886610031,-0.08338263208568096,0.11428133595734834
1789317403720286200,43.5872861328125,1.8861340645968914,-1.5175544347047805,0.5811041171323508
1789317403730241000,43.597240966796875,1.74167298669219,3.159102328824997,-0.21149960117191074
1789317403740196000,43.60719604492188,-0.14638064779043197,1.599934611749649,-1.9357098502792416
1789317403750151000,43.61715087890625,0.2970183685034513,1.765427956289053,-1.5690281629629432
1789317403760106000,43.62710595703125,-2.4321891532450914,-5.21455660277307,-0.9170995742838829
1789317403770061000,43.63706103515625,-0.6836258225172758,-4.99849568503499,1.1122044324286282
1789317403780015000,43.64701513671875,1.263629357996583,2.611426360976696,2.8310744895517823
1789317403789970200,43.65697021484375,1.4505986212849615,3.2949849634766575,2.2377733733430505
1789317403799925000,43.666925048828126,2.167297276842594,1.0292390028417109,0.5809219654984772
1789317403809880300,43.67688037109375,0.12110182962715625,-4.325021838697791,-0.6753572489310056
1789317403819835100,43.686835205078125,0.19743162059187888,-3.4647634379893537,-0.23838826568461954
1789317403829790200,43.69679028320313,-0.14958324322402478,0.5969160918354988,1.2022810091949998
1789317403839745000,43.7067451171875,-2.088687265986204,2.516393038585782,2.4743977711603042
1789317403849699300,43.71669921875,-3.248904180303216,0.363909299993515,1.7405609337970613
1789317403859654100,43.726654052734375,-3.7740649494826792,-3.7768548724621533,0.9521398349396883
1789317403869609200,43.73660913085938,1.8382722432255745,-3.79912866359055,2.302457734699547
1789317403879564000,43.74656396484375,4.899789811611175,2.116402955907583,2.000047151763737
1789317403889519000,43.75651904296875,1.3787053514629601,-0.1336000766724348,-0.5430417321763933
1789317403899474200,43.76647412109375,0.15407295585870742,-0.3223562233775854,-1.9908840404905377
1789317403909428200,43.77642822265625,-0.08486264151036739,-1.640326827892661,-1.827446897828579
1789317403919383000,43.786383056640624,-1.7185557304769754,-2.1036551180154084,0.5561283735688776
1789317403929338000,43.79633813476563,2.8835481886327265,1.7681924525663255,1.9986048440009354
1789317403939293200,43.80629321289062,-2.540709149196744,-0.12652794632911682,0.595535085805878
1789317403949248000,43.816248046875,-1.8526888911128043,2.3504414288848636,-0.9622642655257135
1789317403959203300,43.82620336914062,0.10089783051013947,-0.6092927583277226,-2.184927041557431
1789317403969158100,43.836158203125,2.295760575148463,3.317028452980518,-1.0090906794346868
1789317403979112200,43.8461123046875,3.034081279927492,0.37316520411670207,-0.6802839647434652
1789317403989067000,43.85606689453125,0.07256546999514102,-2.4555291123002765,-0.19023155301995576
1789317403999022300,43.86602221679688,-1.1481997287869452,-0.4088613713979721,1.3806392421349882
1789317404008977200,43.87597705078125,-1.2614818245738744,2.205166696509719,2.2927903271660206
1789317404018932200,43.88593212890625,-1.666239267784357,4.094092145390809,1.7337743423968552
1789317404028887300,43.89588720703125,-3.41447175912261,0.2583411395847797,-0.1334935475580394
1789317404038842000,43.905842041015624,-3.109177729704976,-1.018110290583968,-0.6147076229833066
1789317404048796200,43.915796142578124,-1.0040092845171689,-3.0985651502758262,-1.069441322435811
1789317404058751200,43.92575122070313,0.7533341495156287,0.4306231213510036,-0.28984431215561923
1789317404068706000,43.9357060546875,4.305711573550105,1.4427882397949694,0.7926085406098514
1789317404078661000,43.9456611328125,3.510076159399748,1.5844722542017697,0.17221563853174446
1789317404088616200,43.9556162109375,1.7155916199743746,-2.6912252893567086,-0.6939299205191433
1789317404098571000,43.96557104492187,-0.9258779970884322,-4.138530129793286,0.6953584920175373
1789317404108526300,43.9755263671875,-2.1064631611734628,1.0778469664052128,1.2452981670141219
1789317404118480100,43.985480224609375,-5.229455481219292,2.25381265399605,0.39700602536611257
1789317404128435200,43.99543530273438,-2.8912708918392656,3.756936996810138,0.560139070514962
1789317404138390000,44.00539013671875,-1.9161440029352903,0.47963995797634124,0.1267674541734159
1789317404148345300,44.01534545898438,-0.4245037616878748,-2.3099165262728927,-0.1702729069661349
1789317404158300200,44.02530004882812,1.3722779487639665,-3.4224633423984048,-0.3815901373084634
1789317404168255000,44.0352548828125,3.7291952956646677,2.4021400519400835,0.13175072247870265
1789317404178210300,44.04521020507813,5.554394122305512,1.7181716995954512,0.5319661383453756
1789317404188164400,44.05516430664063,4.267181644147635,-0.7163520340770483,-0.006989420495927334
1789317404198119200,44.065119140625,0.9888181451261043,-2.7417946161210534,-1.450603297460079
1789317404208074000,44.075073974609374,-4.676963637521863,-0.3081812752917409,-1.9690669070884583
1789317404218029300,44.085029296875,-3.320715617060661,-1.256368427082896,-1.0037632738668472
1789317404227984100,44.09498413085937,-2.146727951544523,0.9739502463400364,0.45576998369768257
1789317404237939200,44.104939208984376,-0.6145131233245134,1.359482764598727,0.19972652659602463
1789317404247894000,44.11489404296875,-1.1085568697065113,-0.05012918178141117,-1.1176255806945263
1789317404257848300,44.12484838867187,1.3625479973882435,0.9156687377631664,-1.6084288838505745
1789317404267803100,44.13480322265625,3.2779367980420586,-2.4555337884753943,-1.4182489879526197
1789317404277758200,44.14475830078125,3.896424670216441,-2.675465994688868,-0.6969803941309451
1789317404287713000,44.15471313476562,4.1167268787860865,-0.3313181129902601,-0.6094450262799859
1789317404297668000,44.164668212890625,1.0141676904380321,-1.0193383710741997,-1.4241076508529484
1789317404307623200,44.174623046875,0.6241407833695412,0.49864451817572114,-1.3720977698914707
1789317404317578000,44.18457788085937,-2.7712206170916556,-1.5796686533123254,-1.8541206774815915
1789317404327532000,44.19453198242188,-3.12334361770153,0.5006529353886843,-1.3040841179817915
1789317404337487000,44.204487060546874,-3.3675849202632904,-0.6205909819334745,0.13798779023736715
1789317404347442200,44.21444213867188,-2.376286064237356,-0.8053601048290729,1.035886258836463
1789317404357397000,44.22439697265625,0.8251315577477216,2.940362547266483,2.189058588404208
1789317404367352300,44.23435229492188,1.0892781687408686,-1.1403583676367997,0.22321970345154404
1789317404377307100,44.24430712890625,2.057314222601056,1.2933061188578605,-0.8499788526259362
1789317404387262200,44.25426220703125,2.366131165447831,-3.0964947737425565,-1.304098877159506
1789317404397216000,44.26421606445312,1.876800419062376,1.2314210328310726,-0.7060275508742779
1789317404407171300,44.27417138671875,0.49570671115815634,-1.0307371324449777,-0.4432348387081176
1789317404417126100,44.28412622070312,-0.6641916387289762,-0.8341437162429094,0.6325881475888192
1789317404427081200,44.294081298828125,0.52488721293509,2.841968224009871,1.9279704881988464
1789317404437036000,44.3040361328125,-1.0139829815208912,1.9951222625821827,0.36307306836508213
1789317404446991000,44.3139912109375,-1.0580424879997967,1.2162334005713462,-0.8741044821660965
1789317404456946200,44.3239462890625,-2.051138748836517,-1.4218313764840365,-1.9496996510565279
1789317404466901000,44.33390087890625,-2.9463252550631758,2.2742431553453204,-0.7639870609551668
1789317404476855000,44.34385498046875,-0.6816957312375307,1.3198527649998664,0.5671293677937239
1789317404486810000,44.35381005859375,-0.7361690797030925,-0.07737900775671004,2.470217562866211
1789317404496765200,44.36376513671875,0.43459553211331364,-0.42790538682490586,2.428514264124632
1789317404506720000,44.37371997070313,-2.97380772075057,2.143932183346152,1.1117419294834137
1789317404516675300,44.38367529296875,-0.019847440764307975,2.0123685809373852,-0.3990943759474903
1789317404526630100,44.39363012695313,-0.4108861552238464,-0.12048282094597816,-1.1217529628228395
1789317404536585200,44.40358520507812,0.9151730632007121,-4.012887734127045,-1.2032769614297896
1789317404546539000,44.4135390625,2.2486475263178347,-2.408942717692256,-0.03871259249299765
1789317404556494300,44.423494384765625,3.375094272980094,2.752047130066156,1.1080948051527142
1789317404566449200,44.43344921875,4.36375868884921,1.482722775298357,0.16984167594201863
1789317404576404000,44.44340405273437,2.2682792785048482,0.3312877178519964,-1.3570062914825975
1789317404586359300,44.453359375,-0.8676637085288762,-1.3557558530300855,-2.022792213665694
1789317404596314000,44.46331420898437,-3.781073366940021,1.283185706859827,-2.0261726498842236
1789317404606269200,44.473269287109375,-5.437874944293498,0.6371171693205833,-1.2647735595956444
1789317404616223000,44.48322290039062,-5.327077651059628,1.749817714703083,1.1310908461410552
1789317404626178300,44.49317822265625,-2.237526412844658,0.3454091821849346,2.0011042596012354
1789317404636133000,44.50313305664063,0.6921890682011842,-3.190224612319469,1.1519595197118817
1789317404646088200,44.513088134765624,5.481089816641807,1.0770265899330378,0.7713544479180127
1789317404656043000,44.52304296875,6.607056670832634,0.2471452073097229,-0.7610555375479161
1789317404665998300,44.53299829101562,4.5228322294741865,-1.5839730725079775,-2.1075790134608745
1789317404675953200,44.542953125,-0.3262789497792721,-2.2932377786725757,-3.244770733760297
1789317404685907200,44.5529072265625,-2.04813079919219,-4.293436613866686,-0.8042361423004418
1789317404695862000,44.56286206054688,-1.6311457425713538,0.21108839002251623,3.497776065275073
1789317404705817300,44.5728173828125,-1.6502438262730836,-0.15242928030490874,4.467601925161481
1789317404715772200,44.582772216796876,-3.203134947296977,2.233472753539681,4.0759173140138385
1789317404725727000,44.59272705078125,-2.0950573855400085,0.3196019562333822,0.6887684461027384
1789317404735682300,44.602682373046875,-1.608860261005163,0.00573123712837696,-0.7177253682568668
1789317404745637000,44.61263720703125,1.0440478649169207,2.599961548632383,-0.921838950830698
1789317404755591200,44.622591064453125,-0.18899696972370147,-3.97041111292541,-1.3300792677208781
1789317404765546000,44.6325458984375,-0.0452782346189022,-4.5124856075048445,0.18022815499771386
1789317404775501300,44.642501220703124,2.4862100817680357,-1.4010399328678846,2.937749442158639
1789317404785456000,44.6524560546875,4.150709227886796,2.10057527217865,3.5597792247235773
1789317404795411000,44.66241088867187,2.874417956715822,1.5091642075002192,0.49054808628596364
1789317404805366000,44.672365966796875,-1.9387942261606455,-2.302646827530861,-3.1624788195207714
1789317404815321000,44.68232104492188,-1.018811716851592,-1.0335668029129506,-3.7844527802452443
1789317404825276000,44.69227587890625,-0.20497896723151207,-2.9264766452550885,-1.8940012908406554
1789317404835230000,44.70222998046875,1.6742016249656677,2.459120999312401,1.4463827571555972
1789317404845185000,44.71218505859375,0.23212065665721893,4.7003667249411345,1.4314225039109587
1789317404855140000,44.72214013671875,-1.8056904085725545,3.2719746747672556,-0.052603572538308795
1789317404865095000,44.73209497070312,-1.491823781120777,-1.0390554634571074,-0.900907806482911
1789317404875049700,44.7420498046875,-0.20966858635246752,-3.990271997693181,-0.8986565204247832
1789317404885005000,44.75200512695312,-0.510791467565298,1.081453758725524,-0.9247302883580326
1789317404894959900,44.7619599609375,-2.724001185277104,6.257955063870549,-1.2517087647087872
1789317404904914000,44.77191381835937,-2.951934911638498,1.5721370887637138,-1.243283904582262
1789317404914868700,44.78186865234375,-4.451611159825325,-3.028001083230972,-0.3735381656149402
1789317404924824000,44.79182397460937,0.9680863227427006,-6.782084151914716,0.5109064722470938
1789317404934779000,44.80177880859375,5.2716608842641115,-1.1358984656184912,1.91021826614812
1789317404944734000,44.81173388671875,9.977667076396942,5.816068205705284,1.002570995342359
1789317404954689000,44.82168896484375,4.622513669931888,4.890212420448661,-2.2905356801070273
1789317404964643800,44.831643798828125,-0.9612865795999764,-1.899297497552633,-6.289697525089979
1789317404974598000,44.841597900390624,-7.516306189203262,-2.3152947121798992,-4.085302689735591
1789317404984553000,44.85155297851563,-4.951375621941685,-2.3616703866466877,0.8784842316202819
1789317404994508000,44.86150805664062,-2.481920275619626,1.1445160718381404,1.4216877302296458
1789317405004462800,44.871462890625,-4.215866467452049,4.359100633910298,1.0316868343852459
1789317405014418000,44.88141796875,2.5284248371630906,1.7763216907471417,1.7521370975613593
1789317405024373000,44.891373046875,4.62327413291037,1.0982985105425118,0.8255103279322386
1789317405034328000,44.901328125,4.96606407250762,0.35991175478994847,-1.7667662191554903
1789317405044281900,44.91128173828125,2.3642022432118655,-1.2909616015583276,-2.6684920640230176
1789317405054237000,44.92123681640625,-0.7287573421418666,-3.3874095646739004,-2.5255811381697653
1789317405064192000,44.93119189453125,-5.379179594218731,-2.835233947318792,-1.3918885120324789
1789317405074147000,44.94114697265625,-4.143011074599624,0.5943909572720527,0.24001645140834152
1789317405084102000,44.95110180664062,-0.7022106959998607,0.5647574510306119,0.5231268156664446
1789317405094057000,44.961056884765625,0.5773141502648592,1.3618378032922744,0.15785287625622002
1789317405104012000,44.97101196289063,0.7784925561696291,0.8497451900005341,-0.7752697216656058
1789317405113966800,44.980966796875,0.28110242196917534,-1.920336778450012,-2.48909294372797
1789317405123921000,44.9909208984375,3.563330779725313,2.6758219685196876,-2.1505352348729967
1789317405133876000,45.0008759765625,3.8667864877998825,0.263055308625102,-1.1142182564690708
1789317405143831000,45.0108310546875,-0.21364859589934349,-2.407577274557948,0.4564128116458654
1789317405153785900,45.020785888671874,-0.36196927184164523,-6.485154630738497,0.9311195510037242
1789317405163741000,45.03074096679688,-0.8618710966020822,-2.217850236994028,2.1457180438496173
1789317405173696000,45.04069604492187,-1.960917795163393,4.863586863851547,2.4905185926169158
1789317405183651000,45.050651123046876,-3.1900884187191725,0.9882049816638231,-1.095675030171126
1789317405193604900,45.06060498046875,-4.092079928785562,-0.7241659226983785,-1.5690923142403363
1789317405203560000,45.07055981445313,1.2877625132560728,-3.970241601577401,0.9729781864374876
1789317405213515000,45.08051489257812,6.556320755329728,-2.971198999556899,2.206877445950359
1789317405223470000,45.090469970703126,10.17538043653965,3.678752225628495,2.4909476316839454
1789317405233425000,45.1004248046875,3.544943474641442,1.5119459471732377,1.5476345156699418
1789317405243379700,45.11037963867187,-1.1294804152697324,-0.8147995488256216,-1.718450954928249
1789317405253335000,45.1203349609375,-5.108806656056642,-3.6440664044335485,-1.8373048594981432
1789317405263289900,45.13028979492187,-5.254380079117417,-6.099630295786262,1.9388840964011846
1789317405273244000,45.14024389648438,-3.4910195767521857,3.007995821556449,0.9731824037726968
1789317405283198700,45.15019873046875,-10.830641165316104,8.28465670606494,-1.1362492518175393
1789317405293154000,45.16015405273438,-2.4688152948528526,5.172473949325084,1.1274001749295741
1789317405303108900,45.17010888671875,0.07966799547672271,-3.6667625126272436,2.7731565535902973
1789317405313064000,45.18006396484375,4.009098863238096,-6.699024760434031,1.676819406248629
1789317405323019000,45.19001904296875,9.973149891233444,2.873756277936697,1.6168104893572628
1789317405332974000,45.19997412109375,6.51105304210484,5.552134360679983,1.8357978159360586
1789317405342928000,45.20992797851562,1.9313444946765899,-3.9223341874986883,-1.7582302998699246
1789317405352883000,45.219883056640626,-1.7355957126051187,-3.146675685711205,-0.5432370355527848
1789317405362838000,45.22983813476562,-2.287124264228344,-6.104490595299005,2.42592906993702
1789317405372792800,45.23979272460937,0.8130757937729358,0.6109139297887682,2.3533352506302294
1789317405382748000,45.249747802734376,-7.341513101398944,6.487159540820121,1.8405711678177117
1789317405392703000,45.25970288085937,-4.3426095178365705,6.276074657928944,0.15240100405849516
1789317405402658000,45.269657958984375,-4.380485951766372,3.600459025636315,-0.7141521859452128
1789317405412612900,45.27961279296875,-1.0997107154279946,-2.667937937271595,-0.47238304565064604
1789317405422567000,45.28956689453125,6.152101656779647,-1.6830682375103234,-0.743827777762711
1789317405432522000,45.29952197265625,7.570067590007185,0.29128303972184655,-1.5552826923355458
1789317405442477000,45.30947705078125,3.2707623763680456,-1.7398182987362145,-1.576972838357091
1789317405452432000,45.31943188476563,5.54507275173068,-0.4810264438986778,-2.0984267158426344
1789317405462387000,45.329386962890624,1.9159499416679142,0.37768648093342777,-0.848389391477406
1789317405472342000,45.33934204101563,-3.7061592879921195,-3.8494717803835865,-0.3053360419284552
1789317405482296800,45.349296875,-3.3964415969133377,-1.4618939222812652,1.390820444409549
1789317405492251000,45.3592509765625,-4.323725953668355,0.45848289591819047,1.8605507105290888
1789317405502206000,45.3692060546875,-0.07827917146682739,4.334812580350041,2.344936986249685
1789317405512161000,45.3791611328125,1.7634522723019121,9.180197432556747,2.999603256264329
1789317405522115800,45.38911572265625,-2.6013001037597654,3.832447580346465,0.029009163798019287
1789317405532071000,45.39907080078125,-5.3801797111719845,-7.287073655202985,-1.7220488332897423
1789317405542026000,45.40902587890625,-1.9538374815136192,-9.679955464932322,-0.3632300855576992
1789317405551981000,45.41898095703125,3.457786584714055,0.8142191185891627,2.3521051243133844
1789317405561936000,45.428935791015626,6.217185831108689,4.106618741747737,2.873188707181811
1789317405571890000,45.438889892578125,5.840470241034031,2.712393749591708,1.2638956077173351
1789317405581845000,45.44884497070313,1.678290940105915,-3.3079034817606208,-1.8705881204187869
1789317405591800000,45.458800048828124,-5.4739457901060575,-5.106005042639374,-3.786609373757243
1789317405601755000,45.4687548828125,-0.5230395392417907,-1.275949325865507,-2.3360548838749526
1789317405611710000,45.4787099609375,-2.5294226160287856,1.9791735828220842,0.3364282956108451
1789317405621665000,45.4886650390625,-1.5764941149294376,3.2504894036680456,0.9864387757088988
1789317405631619800,45.49861987304688,-1.7670546807080507,1.509979615536332,0.5655319425344467
1789317405641574000,45.50857397460938,0.8151613678753376,-2.0470149469047785,-0.8166372856467962
1789317405651529000,45.51852905273437,2.4241584070026874,-1.88442083093822,-0.8868978397004306
1789317405661484000,45.528484130859376,0.46854164085686206,0.6718699182718992,-2.479694708524644
1789317405671438800,45.53843896484375,2.8817952074855566,0.7456886031985283,-4.100133471381664
1789317405681394000,45.54839379882812,0.7698194203704595,0.7452952199667692,-1.8772554693534969
1789317405691349000,45.558348876953126,0.8228636128157377,-0.9787687525376677,-0.08582220725752412
1789317405701304000,45.56830395507812,-1.0576339071989058,0.7481970788881183,1.1797859765313565
1789317405711259000,45.5782587890625,-1.2933669091343878,2.7419381162449716,0.6111032052831724
1789317405721213000,45.588212890625,-0.9880980141580105,1.131189557275176,-0.2716245456583798
1789317405731168000,45.59816796875,0.38736031820774075,-1.4653209741204976,-0.8274929531168193
1789317405741123000,45.608123046875,1.4953706599473953,2.6332301965057847,-1.9426852422498166
1789317405751078000,45.618077880859374,2.077923879909515,-0.40179683983922004,-3.1393834828764198
1789317405761033000,45.62803295898438,-0.5525964731156826,2.7677655082017183,-1.3652151707708835
1789317405770988000,45.63798803710937,-5.06453672169745,0.7744131779015064,0.5277594804357737
1789317405780942800,45.64794287109375,-7.943174341934919,-2.7621321784898636,1.17952791011706
1789317405790898000,45.65789794921875,-3.5868040097713467,-1.979180012562871,1.9518978917531669
1789317405800852000,45.66785205078125,-0.8647773394376039,-1.280212828528881,1.2515110501796007
1789317405810807000,45.67780712890625,3.180915516704321,5.646222511175274,0.8440702861692756
1789317405820761900,45.687761962890626,3.5780519635170696,3.3173335734069345,-1.1610773305386304
1789317405830717000,45.69771704101562,0.6359416958004236,0.01129822360575199,-4.317987994538247
1789317405840672000,45.707672119140625,-2.579650582009554,-3.887193316012621,-4.015898021858931
1789317405850627000,45.717626953125,-1.5049340225845576,-2.4162445651382205,0.2604181285219267
1789317405860582000,45.72758178710937,-1.3250667002558707,-0.021773732651770114,3.260843916682899
1789317405870537000,45.737536865234375,-1.687856640830636,2.755831909301877,3.0745658505290745
1789317405880491000,45.747490966796875,-1.1856266653835772,-2.133278102862835,0.1201117956764996
1789317405890445800,45.75744580078125,1.220568214905262,2.0721458810299636,-1.0032097316373139
1789317405900401000,45.76740087890625,0.737257459461689,1.7918483457028864,-2.6332176292851566
1789317405910356000,45.77735595703125,-0.6376023224890232,0.1378746852517128,-4.713742047081888
1789317405920311000,45.78731103515625,-0.34742052200734613,-4.2432437191993,-3.406739411304891
1789317405930265900,45.797265869140624,1.4531763628184795,-5.436166386809945,0.42605026047751304
1789317405940221000,45.80722094726563,3.8798452913373707,3.8409564654946324,2.545237440276146
1789317405950175000,45.817175048828126,0.9176111040025949,4.479124605172872,-0.0724884364032885
1789317405960130000,45.82713012695312,0.7400280932188034,-0.3183955030530691,-3.676272976033389
1789317405970084900,45.8370849609375,1.7805723339289425,-8.218153897109627,-3.902928353022039
1789317405980040000,45.8470400390625,5.183255455580354,-5.985179740741849,-3.189255475026369
1789317405989995000,45.8569951171875,9.519559151270984,3.303663944494724,-1.4642586055859923
1789317405999949800,45.86694970703125,4.421962456014752,3.275917859435081,-2.2229018212951717
1789317406009905000,45.87690478515625,1.5108236651450395,-3.7508190984517333,-3.4443197848975657
1789317406019860000,45.88685986328125,-0.34560791962742804,-2.132772491428256,-0.30225853417925536
1789317406029814000,45.89681396484375,-1.3705337354451417,-4.940350954580307,-0.03586058232905343
1789317406039768800,45.906768798828125,-1.972495420232415,-0.6263555368095636,0.22886030315440148
1789317406049724000,45.91672387695313,-7.009424588558077,9.297710297781228,-0.566692729942128
1789317406059679000,45.926678955078124,-8.5812097951442,3.669413903918862,-3.725384797465801
1789317406069634000,45.93663403320313,-6.938526174992322,-2.8837463415533304,-1.2700319185152649
1789317406079588900,45.9465888671875,1.5631296064436435,-3.84461615704596,2.540186878888309
1789317406089544000,45.9565439453125,3.8502421802341935,-3.533147238385677,0.9230917273707687
1789317406099499000,45.9664990234375,5.208135045292973,5.926495496582985,2.176220441880077
1789317406109453000,45.976453125,5.192888960844278,-1.2835498639971017,1.2029688453286886
1789317406119407900,45.98640795898437,1.280567048794031,0.01014145478606224,-1.132558507540822
1789317406129363000,45.996363037109376,-7.178999064931273,-0.84640493966192,-2.282091823019087
1789317406139318000,46.00631811523437,-5.117150121510028,0.2936336945012212,-0.5695903510797768
1789317406149272800,46.01627294921875,-6.543641891020536,1.6867065940126775,0.7562053941030055
1789317406159228000,46.026227783203126,-6.639173810583353,0.522867397545278,-0.2213912093827501
1789317406169183000,46.03618286132812,-1.7011100901573895,7.3008280397892,2.1893854822710157
1789317406179138000,46.046137939453125,3.4261604433506725,1.3841899203538894,1.5468926112614572
1789317406189091800,46.056091796875,5.10207880910635,1.8390560870796442,-0.49108117024935777
1789317406199047000,46.066046875,4.71426899356544,-1.3035744148939847,-1.641787255834043
1789317406209002000,46.076001953125,2.685098915430903,-1.6036422340959309,-1.9724723316177724
1789317406218957000,46.08595703125,3.911339330753684,-0.22615561077296734,-1.9095101178787648
1789317406228911900,46.09591186523438,1.2191717921108007,-0.6098895551770925,0.4817290757426992
1789317406238867000,46.10586694335937,1.5558879647523163,0.8828478336572646,1.5642071725472806
1789317406248822000,46.11582202148438,1.210586334595084,-1.1287748973488807,1.1429017685092986
1789317406258776800,46.12577685546875,-0.5793237365216016,-2.560201200652122,1.8609081456646321
1789317406268731000,46.13573095703125,-0.7670008558183908,1.1647452053964138,0.3449743344316259
1789317406278686000,46.14568603515625,-1.9594184965163468,4.103433097448945,-2.5365847627431153
1789317406288641000,46.15564111328125,-1.5703192256867884,3.3324481404304502,-2.0528049284830687
1789317406298595800,46.16559594726562,-4.23345239302516,-3.243933113892376,-0.37383689283318816
1789317406308551000,46.175551025390625,-2.585243287450075,-7.008104153609275,-0.560273875875771
1789317406318506000,46.18550610351563,0.15195289496481418,1.8464017736673355,0.4748765064341947
1789317406328461000,46.1954609375,1.704906559830904,5.403607348510623,1.1347324905790388
1789317406338414800,46.20541479492187,1.996229347041249,0.8378156827539205,-1.287826956794411
1789317406348370000,46.215369873046875,1.7607412597775458,-5.713060835695266,-2.4327440106488765
1789317406358325000,46.22532495117188,3.616354513904452,-4.065218809866905,-0.8822701798997818
1789317406368279800,46.23527978515625,5.6670899426370855,0.7938479462116956,-0.03145131451943889
1789317406378235000,46.24523486328125,-2.1029764881014823,-0.5269879846066237,1.4780214657396078
1789317406388190000,46.25518994140625,-0.8581979610472917,1.1970780337244271,1.1004692056450993
1789317406398145000,46.26514501953125,-6.559566605383157,-1.7567694335371256,0.4102446424499154
1789317406408099800,46.27509985351563,-4.134253183126449,-3.2327140930026768,0.9191604523364454
1789317406418054000,46.285053955078126,2.044658154645562,0.20787936484813688,1.1580150203585624
1789317406428009000,46.29500903320312,-3.036074499571323,2.9541280377686023,-0.5613706581365316
1789317406437964000,46.304964111328125,-0.312670111143589,6.229871125158668,-2.101681187593937
1789317406447918800,46.3149189453125,-0.8342845860183239,-0.9687813192695379,-1.7273638908326625
1789317406457874200,46.324874267578124,-0.4703080660074949,-1.3748703033447265,-0.022420816649962216
1789317406467829000,46.3348291015625,0.8826526033461093,-5.386624065005779,0.4761484260661527
1789317406477783800,46.34478369140625,1.2841904999881981,-5.740306570017338,1.1057159471921623
1789317406487739000,46.35473876953125,5.711273367756605,4.7342666564553975,2.410275281470269
1789317406497693200,46.364693115234374,4.0321752029210325,2.353755083477497,0.42911775828935206
1789317406507648000,46.37464794921875,1.1490186439543961,-0.02414367665350437,-2.5755589287817475
1789317406517602800,46.38460278320313,-2.9384838939130304,-2.1009394293159245,-2.647913094113767
1789317406527558000,46.394557861328124,-3.9088533591568466,-3.159784758131206,0.41863508885018524
1789317406537513000,46.40451293945313,-1.1629629981547593,0.20185820486247538,1.411476425077766
1789317406547468000,46.41446801757812,-2.494050273874402,4.200193682023882,1.808523147780448
1789317406557422800,46.4244228515625,2.9118513230532406,6.027460547110438,1.8584930473469197
1789317406567378000,46.4343779296875,2.287866022506356,-1.001163247436285,-0.23470585084483025
1789317406577332000,46.44433203125,-0.36072190212905403,-3.440399396583438,-2.234206766902655
1789317406587287000,46.454287109375,2.2944991769105196,-0.8653098388791084,-3.3219644480779764
1789317406597241900,46.464241943359376,1.6075795735448597,-1.9200491936802864,-1.3576634402170777
1789317406607197000,46.47419702148437,0.9381997185230254,0.758096833872795,0.9119446026735007
1789317406617152000,46.484152099609375,-0.8654062849909067,2.732260479578376,0.9611240094494075
1789317406627106800,46.49410693359375,-1.7660890505462883,0.21944734530597923,0.044245220043044535
1789317406637062000,46.50406176757812,-4.501954276618362,-2.1151064863562583,0.5537054572708905
1789317406647017000,46.514016845703125,-4.451183874323964,1.3560522056281565,-0.06517528667859733
1789317406656971000,46.523970947265624,-4.53390424310863,2.7662930975615976,-1.7771597490064799
1789317406666925800,46.53392578125,1.070807861548662,1.0833441025167703,-1.1695883345786482
1789317406676881000,46.543880859375,2.4927456210166214,-0.2745154447942972,0.16619287111088632
1789317406686836000,46.5538359375,2.146705739712715,0.3217506586998701,-0.7381574770413338
1789317406696791000,46.563791015625,2.154302186191082,0.11413315965831279,-1.2836876650325952
1789317406706745900,46.573745849609374,1.204419044137001,0.6838736597985029,-0.8766481022343039
1789317406716701000,46.58370092773438,-1.2405015803873538,-0.8378852408587932,-0.46202590228728946
1789317406726656000,46.59365600585937,-1.931926093956828,0.6181359899967909,0.03827504132594913
1789317406736610000,46.60361010742187,0.3640706280350685,-0.6746177556753158,-0.18482264318112282
1789317406746564900,46.61356494140625,1.1118693552553653,1.0917027655392884,0.2732144086657092
1789317406756520000,46.62352001953125,0.6836731687903403,1.308598380535841,0.15270389599520712
1789317406766475000,46.63347509765625,0.8958189589112997,2.0770921052604914,-1.095488859949261
1789317406776429800,46.643429931640625,-0.6110761346131562,0.5902922897815704,-2.491636782991886
1789317406786385200,46.65338525390625,-1.890972736799717,-4.327308488330245,-1.2801863789133727
1789317406796340000,46.663340087890624,1.0879472123980523,-4.27112482881546,0.7291258831933141
1789317406806295000,46.673294921875,3.719728379139304,0.9061433690488337,2.2465115372024473
1789317406816249000,46.6832490234375,0.15629063190817832,3.80060224327445,0.46954018690753724
1789317406826204200,46.6932041015625,-2.224315633615851,2.372289103555679,-3.6581902068540453
1789317406836159000,46.703158935546874,-1.0812626200675963,-1.9938982737451791,-4.122397033376991
1789317406846114000,46.71311401367188,-0.3279851691752672,-6.4438067213058465,-0.5391052695102989
1789317406856069000,46.72306909179687,2.238012735056877,-3.8403801269114015,0.7826129971005023
1789317406866024000,46.73302392578125,-3.9900750138163565,5.492059538945555,0.7067460013419389
1789317406875979000,46.74297900390625,1.983167036372423,1.7877344806432722,-0.600430748892948
1789317406885934000,46.75293408203125,-0.7378367206543683,-2.0629887611061335,0.09844535932410507
1789317406895888100,46.76288818359375,1.4607330618083476,-5.642132026991248,0.005395502367988228
1789317406905843000,46.772843017578126,5.93196779051423,-0.5903057337850331,-0.6997578960202634
1789317406915798000,46.78279809570312,-1.3628005108445882,4.731036588492989,-0.30710915254820137
1789317406925753000,46.792753173828125,-1.9400193840414284,-3.2904064035147425,-2.2994483237504957
1789317406935708200,46.80270825195313,-1.088508937934041,-0.5556693046897649,0.6207464647561312
1789317406945663000,46.8126630859375,-0.548373302462697,-2.0553098970413206,2.701859788356721
1789317406955618000,46.8226181640625,3.6535698535770176,-0.1799894874036312,1.4147820424944162
1789317406965573000,46.83257299804688,-1.173952009680867,1.7294412816286087,1.3209202481009066
1789317406975527200,46.84252709960938,-2.0355407822102305,-2.347429387587309,-1.3123100945353507
1789317406985482000,46.85248193359375,0.1950689831137657,4.172869037246704,-1.6463861279316245
1789317406995437000,46.86243701171875,-0.7850234192430973,-0.07265314827859401,-1.1640597073502839
1789317407005392100,46.87239208984375,1.1775637704372406,0.5318143818497657,0.18023564418442548
1789317407015347000,46.88234692382812,-0.1786789893269539,-1.5539496901661156,1.2578006518431006
1789317407025302000,46.89230200195313,2.4881834276676176,-2.533991239118576,0.9990366106711327
1789317407035257000,46.90225708007812,2.5137176818966864,2.0134873558342457,0.5659167040683328
1789317407045212000,46.9122119140625,0.7634867102175951,6.491808243408799,-1.7554418381951749
1789317407055167000,46.9221669921875,-0.7873837186336516,3.2289901040434836,-4.305461690442264
1789317407065121000,46.93212109375,-7.934063399240374,-5.143729500877857,-3.102582861484587
1789317407075076000,46.942076171875,-1.824915918046236,-5.000819159546494,-0.19615272322986274
1789317407085031000,46.952031005859375,-1.1507716251015663,0.7536211497634648,0.9477207033231854
1789317407094986000,46.96198608398438,2.4800556507915257,9.289223624464869,2.3326200871206817
1789317407104941000,46.971941162109374,1.2113970664560794,4.975158648589253,0.5043903683513402
1789317407114896100,46.98189624023438,-3.038525399854779,-1.8167589150756596,-3.122603612989187
1789317407124851000,46.99185083007813,-0.7624556136041879,-5.515470225149393,-2.769936422500014
1789317407134806000,47.001805908203124,2.4278660293489693,-0.9701911860674619,-0.6526927779845892
1789317407144760000,47.011760009765624,3.5971260818213224,1.7547662770211696,-0.673676163976267
1789317407154715100,47.02171508789063,2.89648424257338,1.5267133081942796,0.2850232852073386
1789317407164670000,47.031669921875,3.3135476251274345,2.71203543767333,-0.14059424640871584
1789317407174625000,47.041625,-0.2638783154457807,-3.706328214818239,-3.1238752403602
1789317407184580000,47.051580078125,-0.27489363045692444,-2.9149007737517354,-2.116280644702166
1789317407194535000,47.06153491210937,-0.37617023115158077,1.0842185472637413,0.0325568098096177
1789317407204490000,47.071489990234376,-5.757879636108875,5.193342549830675,-1.0909220634903758
1789317407214445000,47.08144506835937,-4.051951332014799,2.753044032149017,-1.8679329297348857
1789317407224399000,47.09139916992188,-2.098645765420794,-0.3387216672450304,0.37973395151514555
1789317407234354000,47.10135400390625,1.0395458773225545,-0.7194359715670346,1.5755413442492485
1789317407244309000,47.11130908203125,1.7847393904805182,-3.485388292866945,0.6064810984404757
1789317407254264000,47.12126416015625,4.1829537934094665,-1.9130285012632606,0.16961495451405642
1789317407264219100,47.13121923828125,6.354395330449939,0.47514790725409983,0.11321472963914274
1789317407274174000,47.14117407226563,0.9257657688856125,3.9455584112197157,-0.35505572959352283
1789317407284129000,47.15112890625,-12.846194221508503,-0.513299943254888,-2.58714561394006
1789317407294084000,47.161083984375,-8.749307184702158,-4.659919271479547,1.249553778631985
1789317407304038100,47.1710380859375,2.0410990008592607,-7.907370038104057,2.1339523488625884
1789317407313993000,47.18099291992188,4.177055383020639,-2.5158248833090067,1.862406713659316
1789317407323948000,47.19094799804687,6.163004743587971,10.050671522331237,4.00241427090764
1789317407333903000,47.200903076171876,6.909866482219099,6.430330569139122,-0.8232952822312712
1789317407343858000,47.21085791015625,-1.9147043255209921,-5.606468008413911,-4.752353809548914
1789317407353813000,47.22081298828125,-3.6022096686959264,-11.411238575035332,-0.7867450554039329
1789317407363768000,47.23076806640625,6.542527792298793,-3.856114287137985,0.37642420591264963
1789317407373723100,47.24072314453125,2.595114108601212,4.052550759212672,0.33563579352628437
1789317407383677000,47.25067700195312,-6.263513282519579,4.927231945288181,0.6236908476449549
1789317407393632000,47.260632080078125,2.9902824702113864,6.763045689445733,-0.42304760806281116
1789317407403587000,47.27058715820313,-12.366516854131222,-5.862075339120626,-0.3834369342189282
1789317407413542100,47.280542236328124,0.865415052819252,-0.6995254024386406,0.04709479165473021
1789317407423497000,47.2904970703125,-4.365749570405483,1.824483371847868,-2.64084827029407
1789317407433452000,47.3004521484375,-0.7849228814780712,1.0179711743742228,-3.0781612446725366
1789317407443407000,47.310406982421874,4.371340522280335,4.646098543658852,2.1550090192861853
1789317407453362000,47.32036181640625,1.4323323122322558,-0.6749947722941637,2.0073745720423757
1789317407463316000,47.33031591796875,-0.28087445843219755,-2.7866519949793815,-1.1696701676432042
1789317407473271000,47.34027099609375,-3.696779465228319,-3.59412690000534,-1.4352369476325808
1789317407483226000,47.35022607421875,-0.42386838639378543,-5.332605474570394,0.20417402579048646
1789317407493181000,47.36018090820313,-1.9195751464277504,1.9047171845138071,1.909492143830657
1789317407503136000,47.37013598632812,0.6159580614358187,7.065421201068163,-0.5367833293687552
1789317407513091000,47.380091064453126,-0.6039782853066921,4.568879694899916,-1.4003640794329344
1789317407523046100,47.39004614257812,-0.0018821604847908018,-5.8465983685255045,-0.1679721922757104
1789317407533001000,47.4000009765625,3.7130414487212895,-5.4030199040114875,0.726794152310118
1789317407542956000,47.4099560546875,3.8457957222193477,8.477115214419364,0.792861711653322
1789317407552910000,47.41991015625,-1.4322750290870665,5.3345285515874625,-2.242028838830441
1789317407562865000,47.42986499023438,-1.7180740844398736,-0.23408815733790397,-1.5930720325037837
1789317407572820000,47.439820068359374,-6.3639031635075805,-6.33915509122014,2.8388091754570604
1789317407582775000,47.44977514648438,2.7983599684298035,-8.211309145781398,2.139936391708255
1789317407592730000,47.45973022460937,3.7167525781989097,5.517850398284197,0.8832715389620512
1789317407602685000,47.469684814453124,-2.112176862645149,4.775907995876669,-0.1776956043127924
1789317407612640300,47.47964013671875,6.489107167756557,1.8773253197193145,-0.5989934095662087
1789317407622595000,47.48959497070312,-0.4740636191487312,-5.698193521431088,-0.9807570768106728
1789317407632549000,47.49954907226562,-0.5353717820703983,-6.628627866649627,-2.1984164915971456
1789317407642504000,47.50950390625,3.958780880886316,2.894008207848668,-0.16409546044021844
1789317407652459300,47.51945922851562,-0.7519955943882465,2.518341250044107,1.91603235925436
1789317407662414000,47.5294140625,-1.3781021248728036,0.3120604548126459,0.43888986830636856
1789317407672369000,47.539368896484376,-3.1528286553829905,-1.2055080084174872,-2.399554565491527
1789317407682324000,47.54932397460937,-2.4783231279104947,0.23879823472499845,-2.859721615104377
1789317407692279000,47.559279052734375,-2.504164256131649,0.17970774785280227,-1.7828497773416339
1789317407702234000,47.56923413085938,-2.1253654300421476,0.5452776745349168,-1.5472712353155016
1789317407712188000,47.57918798828125,-0.18389467814862728,-1.6428373494088648,-0.7007758408911525
1789317407722143000,47.58914306640625,3.248444746097922,0.3344195861369371,0.8449657006390392
1789317407732098000,47.59909814453125,4.473444221448898,-0.9448252741426229,1.2506382128678262
1789317407742053000,47.60905322265625,4.462312002059817,-0.2205196507126093,-0.4485981558395549
1789317407752008000,47.619008056640624,0.4208686200559139,-1.9756927549690007,-2.624092950326204
1789317407761963000,47.628962890625,-3.201500624093413,-3.750613346746564,-2.463260583335161
1789317407771918000,47.63891796875,-1.4245207616984843,1.3879957423776388,-0.11806008731108159
1789317407781873000,47.648872802734374,-3.500882214596867,-0.40729631403833627,1.8920770447798072
1789317407791827700,47.65882763671875,-0.058523500639200206,0.2020364840388298,2.815461617617309
1789317407801782000,47.668781982421876,0.6351292103737592,1.285011753243208,3.1297257199540733
1789317407811736800,47.67873681640625,1.887617581152916,0.7715460980325937,1.3165667290665208
1789317407821691600,47.68869165039062,1.971691702634096,3.524671086463332,-0.6408643199596553
1789317407831646700,47.69864672851563,1.0891145026117564,0.39305180784761906,-2.112455825717002
1789317407841601800,47.70860180664062,-1.406516902974248,-2.2081313915342093,-2.0947569412887095
1789317407851556900,47.718556884765626,-1.6769102994024752,-5.344056258389354,0.06786204154454172
1789317407861511700,47.72851171875,-0.4503887290507555,-0.7257172437936067,3.305698957453668
1789317407871466800,47.738466796875,1.4680647198706864,5.992988953188061,3.9316941365182396
1789317407881420800,47.7484208984375,-1.4506003748506306,1.4241864151775836,0.4276322689719498
1789317407891375900,47.7583759765625,-1.7406664399981497,0.6907435455679893,-2.534580144922435
1789317407901330700,47.76833056640625,-1.4817536380052565,-2.92863703815937,-3.3382588725358247
1789317407911285800,47.77828564453125,-0.9430465740323066,-1.3048136013001204,-1.010593777474016
1789317407921240800,47.78824072265625,1.0608026003628968,2.665379484960437,1.1802385426044464
1789317407931195600,47.79819555664063,-1.1412649610877037,-0.28399112914800645,2.287239707301557
1789317407941150700,47.808150634765624,0.3610679390877485,-0.5300976410597562,3.362411901539564
1789317407951105800,47.81810571289063,0.5941092177212238,-1.553695423144102,2.6993697251066564
1789317407961059800,47.82805981445313,1.5324761095046997,-1.9909633893370626,1.138836272636056
1789317407971014700,47.8380146484375,0.7238608022719621,2.228799501031637,-0.3908663535673171
1789317407980969700,47.8479697265625,-1.522971199056506,3.1096266425162553,-0.7325116531740874
1789317407990924800,47.8579248046875,-0.5010217687010765,-0.5289344424992799,-0.5079524447470903
1789317408000879900,47.8678798828125,-1.2726286570101977,-1.8135791159957646,0.6965586615875363
1789317408010834700,47.877834716796876,1.53247552498281,-1.9908219350397585,1.7789336268112061
1789317408020789800,47.88778979492187,1.738935086160898,1.5490239242017267,1.8947186453297733
1789317408030744800,47.897744873046875,1.8756535871148108,3.1505402521848676,-0.5833342142719775
1789317408040699600,47.90769970703125,0.9721779759705066,2.2292542590618134,-2.8730031214818355
1789317408050653700,47.91765380859375,-0.028215456137061116,-2.126716844651103,-3.0088249658569692
1789317408060608800,47.92760888671875,-1.577481372401118,-3.1207436643362043,-1.469982828451693
1789317408070563800,47.937563720703125,-1.7619360225200653,1.4925696310520171,1.2605968584328888
1789317408080518700,47.9475185546875,-0.2836994527250528,-0.21967852371335028,2.7656109605163333
1789317408090474000,47.957473876953124,0.4139367749661207,1.4708961439043282,2.9640742622435092
1789317408100428800,47.9674287109375,1.0149415974199771,1.7682301542282104,0.8298995758671313
1789317408110383900,47.9773837890625,-0.49197336984872814,-2.4850538974702356,-1.5372776645675301
1789317408120338700,47.987338623046874,-0.28691256955266,-0.5047065946936607,-1.387139125548303
1789317408130293000,47.99729296875,-1.4437988781422375,-3.306267404991388,-0.8649741041187197
1789317408140247800,48.007247802734376,-1.3499264162242413,0.09817863467931746,1.5948367040887474
1789317408150202600,48.01720263671875,0.5637140794575214,0.23683336439281702,3.9502795945227143
1789317408160157700,48.02715771484375,1.6042875462621449,2.7204122208744286,3.3351685053050515
1789317408170112800,48.03711279296875,1.8710773652404546,-1.4719816010534763,1.1717783919688314
1789317408180067800,48.04706787109375,1.2186164963155983,-1.3014262969493866,0.18242087926901876
1789317408190022700,48.057022705078126,0.5634387696474791,0.956634369879961,-1.7624737826585768
1789317408199978000,48.06697802734375,-0.2995768208146095,-0.30200550926625724,-2.5610776912257074
1789317408209931800,48.07693188476563,1.3143173427045345,1.5248650499790906,-0.03550524781905114
1789317408219886800,48.086886962890624,-1.614886097165942,-2.5862089176118372,1.9611234007380902
1789317408229841700,48.096841552734375,-1.901781715583801,0.5143208107352256,2.374674829648435
1789317408239797000,48.106796875,-1.5859312208384275,-1.4318033199220894,1.204445712948218
1789317408249751800,48.116751708984374,-0.9231412656009197,2.710701558721065,0.8908444584343582
1789317408259706600,48.12670654296875,0.7257599138915538,0.9843658418923615,-0.9492051697272806
1789317408269661700,48.13666162109375,-0.6216290928095579,-2.594116329735517,-2.0016838130548593
1789317408279616800,48.14661669921875,1.73676826351583,1.4683219095021485,-1.5699999306045471
1789317408289570800,48.15657080078125,0.1265975044339895,-0.23372633828818798,-0.43208369542285796
1789317408299525600,48.16652563476563,1.1817267353355885,1.4699199923485518,0.8305236991148441
1789317408309480700,48.17648071289062,0.37589725942909713,-1.7026596576869486,-0.301065525002405
1789317408319435800,48.186435791015626,-2.002268627205491,-1.192647357800603,-1.796758767967671
1789317408329390800,48.19639086914062,-1.0536585738271473,0.9121469933778047,-2.377596562314033
1789317408339345700,48.206345703125,-1.010732455292344,-0.00338847339451313,-1.228943098410219
1789317408349300700,48.21630078125,1.576586469388008,-0.7416752759039401,0.5704607772387564
1789317408359255800,48.226255859375,-0.5333598577260971,-1.3920435564637184,1.2275532514870167
1789317408369210600,48.236210693359375,-1.5897656844347714,6.7399798711568115,1.0262292996317148
1789317408379164700,48.24616455078125,-1.9083628475397825,2.370686929056048,-0.899572100899741
1789317408389119700,48.25611962890625,-4.041372654855251,-2.7568822951376437,-1.655041581943631
1789317408399074800,48.26607470703125,-0.9761667533457279,-3.054720747852325,-1.26488914879933
1789317408409029600,48.276029541015625,-0.7531997094810009,0.469136684140563,0.2008444247100502
1789317408418985000,48.28598486328125,1.6977829915612934,6.230298410660028,0.6468425175864249
1789317408428939800,48.295939697265624,0.13481237507164479,0.62207274492383,-0.6080482381593436
1789317408438894800,48.30589477539063,-0.19543138668537138,-2.971981674367189,-0.6242750772736966
1789317408448849700,48.315849609375,0.4637012150883674,-3.34488851980865,0.41253611438795923
1789317408458804000,48.32580395507812,-2.5480659417003393,2.315471822312474,0.6302751944713294
1789317408468758800,48.3357587890625,-6.70337243424952,5.7286278226614,-0.3949920917278155
1789317408478713900,48.3457138671875,-3.2596172974973916,-3.0867145534843203,-0.9221364724725485
1789317408488668700,48.35566870117187,1.3162889350384472,-9.385669151741265,1.299229517557472
1789317408498623700,48.365623779296875,6.844228765660524,4.520153365653753,2.523604285138845
1789317408508578800,48.37557885742188,-2.277795294868946,7.590414212465286,-0.5169553970225155
1789317408518533600,48.38553369140625,0.9702864631354808,-7.049300671872496,-4.446307792720198
1789317408528489000,48.39548901367188,-0.38421559044122694,-4.038103423926234,-0.5637389947030693
1789317408538443800,48.40544384765625,0.8399532793045044,-7.113743625688552,-0.43218942081965506
1789317408548397800,48.41539770507813,6.845356892907619,4.377061238014698,0.2663602684546262
1789317408558352600,48.4253525390625,5.253773929917812,4.447248288440704,0.29084808237068355
1789317408568308000,48.43530786132813,3.2326246611535545,-6.303313962510228,-2.1793238147228955
1789317408578262800,48.4452626953125,6.415267440041899,-3.808349496400356,-1.27564537448287
1789317408588217900,48.4552177734375,10.952222887414694,-1.0320406162589788,-0.5978604600135237
1789317408598172700,48.46517260742188,12.564966711854934,6.630657326650619,0.5568299824995919
1789317408608127700,48.47512768554687,-8.225110876640677,-0.3774818982720375,-0.6904431743819266
1789317408618082800,48.485082763671876,-15.565361995279789,-7.952222156265377,-2.6691172101840377
1789317408628036900,48.495036865234376,-4.921158762854337,-2.763915262514353,3.5688039504393934
1789317408637991700,48.50499169921875,-2.9609108297765254,-1.0372563050806523,3.360244786633551
1789317408647946800,48.51494677734375,0.2510270171791315,10.969214938747882,1.313346451845765
1789317408657901800,48.52490185546875,-1.0440466958731411,6.482248387902975,-1.4537876265846192
1789317408667856600,48.53485668945312,-2.438380993622541,-3.406597664746642,-4.368279088883102
1789317408677812000,48.54481201171875,-9.756174781259894,-1.3065548920094967,-4.1871731646701695
1789317408687766800,48.55476684570313,-1.6187176381528376,3.549626664021611,0.40138789371214806
1789317408697721600,48.5647216796875,-2.7773972598999737,-5.38468228328824,2.9787235498428344
1789317408707675600,48.57467553710938,1.7572195153921841,-5.001152921545505,2.161153659521043
1789317408717631000,48.584630859375,5.89871492473185,-4.478296337655187,2.4083877141579983
1789317408727585800,48.59458569335938,13.854127401471137,9.392286524054407,2.594915663419664
1789317408737540600,48.60454052734375,13.575427364468574,9.32471170195341,-1.8007605509549378
1789317408747496000,48.614495849609376,-4.95198177114129,-1.9880425334542988,-6.673990272420644
1789317408757450800,48.62445068359375,-9.88652842335701,1.150100593972206,-5.087153042653203
1789317408767405800,48.63440576171875,-13.226257368445395,3.0546903527140614,6.067607848581671
1789317408777360600,48.64436059570313,-13.23436001088023,4.576711703699827,5.530225311210751
1789317408787316000,48.65431591796875,-6.934879342922568,1.2951742508172988,4.260508742254972
1789317408797269200,48.66426928710938,4.806501287060976,5.376113776907324,4.135028259152174
1789317408807224600,48.674224609375,11.479776104688643,2.4752017810195683,0.6974103099808097
1789317408817179400,48.684179443359376,16.362675571775437,-3.4091923574149607,-2.6373081134691834
1789317408827134500,48.69413452148437,20.15773304040432,2.7072534640938044,-3.5831264903023836
1789317408837089500,48.704089599609375,12.81878365201354,-2.8361136527627706,-5.146200859427452
1789317408847044400,48.71404443359375,0.36641222272515295,-5.035291337990761,-3.43111748123616
1789317408856999400,48.72399951171875,-11.572817961001396,-6.7693310533255335,3.5521284177094694
1789317408866954500,48.73395458984375,-10.172567717206478,-4.106965363228321,4.026880603644251
1789317408876908500,48.743908447265625,-5.168749375844001,-5.0417199097335335,2.0456533031627533
1789317408886863400,48.75386328125,-3.4437340939640997,3.787278066799044,3.4132278965413567
1789317408896818400,48.763818359375,1.5322674351900816,17.366347587162256,0.7610427511315793
1789317408906773200,48.773773193359375,-4.779784545049071,12.346708576333523,-7.69128457044661
1789317408916728600,48.783728515625,-4.321895231109857,-3.3027263713836668,-6.509092555686831
1789317408926683400,48.793683349609374,3.2747388787835834,-6.7972840591341255,0.9057042469792067
1789317408936638500,48.80363842773438,2.600873987302184,-1.162652032509446,-0.5259444669030606
1789317408946593500,48.81359350585937,2.647137725827098,-3.7439626566857096,1.3312522570230065
1789317408956547600,48.82354760742187,5.873141507536173,-1.380919520381093,4.924897364860773
1789317408966502400,48.83350244140625,7.301377490365505,-0.5955874735802412,2.241638524338603
1789317408976457500,48.84345751953125,-7.022883789590001,-5.384417494872212,-3.075751260921359
1789317408986412500,48.85341259765625,-14.459397480154037,1.4119775064676998,-4.3892409206300975
1789317408996367400,48.863367431640626,-0.3104781540572643,2.2683482520878315,1.486159764009714
1789317409006322400,48.87332250976562,-8.641742297518253,2.0992419777482745,3.0719992149114606
1789317409016277500,48.883277587890625,0.5278349568247794,-2.0302260169282556,2.12903023616001
1789317409026232600,48.89323266601563,3.31570100376904,3.322351693829894,7.083130460759997
1789317409036187400,48.9031875,7.079169155913591,7.08303167656064,5.861345271280408
1789317409046141400,48.91314135742188,0.9738754275381565,-1.676893932789564,-0.7245871437851339
1789317409056096500,48.923096435546874,-7.162258942532539,-9.04852394003272,-5.446878919482231
1789317409066051600,48.93305151367188,4.580943642181158,-6.901363442289829,-4.353326726683974
1789317409076006400,48.94300634765625,4.342782536315918,-1.0383505300581455,-0.18101539638526737
1789317409085961200,48.952961181640624,3.3307126949399706,2.062791484968364,1.7631116421706974
1789317409095916500,48.96291650390625,5.756617068827152,3.176951581509411,1.6150082622408866
1789317409105871400,48.97287133789062,1.9043308155447243,4.647805932098627,2.099583338531852
1789317409115826400,48.98282641601563,-6.272789060387015,0.48130964475423094,-0.48741238207612186
1789317409125780200,48.9927802734375,-6.488800878286361,1.5659329734265803,-2.6487285021498796
1789317409135735600,49.00273559570312,-2.679657601159811,-2.8961610019683834,0.4382567580346018
1789317409145690400,49.0126904296875,-1.2730559425115584,-1.8819652544796466,0.2769431468652561
1789317409155645400,49.0226455078125,-0.8617454243957996,4.423687964633107,-0.21671346336267888
1789317409165600500,49.0326005859375,4.34203142568767,0.39008419021368024,1.7638383490100502
1789317409175555600,49.0425556640625,2.8749709144234656,-3.568635315874219,1.3481056305378674
1789317409185510400,49.05251049804688,2.3034867854863403,-9.510229012867807,-1.1491836983229964
1789317409195465500,49.062465576171874,2.3594611861646175,2.317857840666175,-0.45264874640461056
1789317409205419500,49.07241943359375,1.2798603618294,2.3342706308066843,-2.8529946449369192
1789317409215374600,49.08237451171875,-0.803483789563179,1.9858049836605787,-3.413074459545314
1789317409225329400,49.09232934570313,-4.092022061118484,-1.115515895064175,-1.5315534417018293
1789317409235284200,49.1022841796875,-5.046390239632129,-1.4110326268330216,-0.08529445705637335
1789317409245239600,49.11223950195313,-5.786869583749771,0.15126023652553558,1.5554966273471713
1789317409255194400,49.1221943359375,-2.414319150033593,0.3092407212167978,1.1879102462761104
1789317409265149400,49.1321494140625,-1.4838345359325409,2.8579157347261903,0.8194960360787809
1789317409275104500,49.1421044921875,2.0884400132268666,-1.4861761306226253,-1.0837979837641118
1789317409285059300,49.15205932617187,2.543927526721358,-1.6287649849146604,-2.342636015830934
1789317409295013400,49.16201342773437,4.8672681827127935,-0.8475766137897968,-2.7057085727393626
1789317409304968400,49.171968505859375,5.823039213761687,0.19398703309595583,-1.4630474762305616
1789317409314923500,49.18192358398438,2.3934248305648564,1.2858593099832534,0.13067739415876567
1789317409324878300,49.19187841796875,0.4901239425897598,2.2055580339148637,0.13493687823414802
1789317409334833400,49.20183349609375,-1.3550187709271908,-0.024404373416304588,0.5611342555647716
1789317409344788500,49.21178857421875,-3.8124049092710015,0.8792077235892415,0.9980507414389401
1789317409354743600,49.22174365234375,-5.513426152101159,1.0627113565936683,0.9568572919156402
1789317409364698400,49.23169848632813,-5.664512201103568,-0.575430820736289,-1.2966925464257597
1789317409374652400,49.24165234375,-1.2200678641676903,0.633565029796958,-1.1765813352711498
1789317409384607500,49.251607421875,3.8699686249673366,-0.8035854963719844,0.38801154865808785
1789317409394562600,49.2615625,5.685337546989321,-0.26687515917420385,0.026544600315392016
1789317409404517400,49.27151733398438,5.367497339731455,0.8036433640390634,-1.5057802641503513
1789317409414472400,49.28147241210937,1.608390305405855,1.6791332361489533,-2.6994123952046034
1789317409424427500,49.291427490234376,1.224400340414047,-2.0877911939293146,-2.4012612232789396
1789317409434382300,49.30138232421875,-2.555463066214323,-3.6155572260469198,-0.6211892400875687
1789317409444337400,49.31133740234375,-1.5647960783511399,-1.148187161566317,-0.23915643704552203
1789317409454291500,49.32129150390625,-2.627594236445427,-0.43451253000497814,-0.061815856715478
1789317409464246500,49.33124658203125,-0.16685001984536646,1.9965251151174306,0.3956115022677928
1789317409474201300,49.34120141601562,0.6914467254012823,0.5097720613896847,-1.678355091383308
1789317409484156400,49.351156494140625,-0.46975686186552046,-0.3592185118287802,-3.516899575679004
1789317409494111500,49.36111157226563,1.660785678553581,-4.293854547017813,-2.1247537278845905
1789317409504066600,49.371066650390624,1.5771131236106157,-3.87208810133934,0.7351074418209492
1789317409514021400,49.381021484375,2.127089769616723,0.10911270114779471,2.7849285321876405
1789317409523976400,49.3909765625,0.22104981206655502,-0.24656010089814662,2.871969394519925
1789317409533931500,49.400931640625,-1.6241484310299157,4.904918406671285,1.9563067942366004
1789317409543885600,49.41088549804687,-3.8690754755198955,-0.9130629391789435,-0.40314869283959265
1789317409553840400,49.42084033203125,-1.7952105156123637,-5.359575314560532,-0.5071495308663696
1789317409563795500,49.43079541015625,1.8326047189831733,-2.7159488117247816,1.2986305287510156
1789317409573750500,49.44075048828125,-1.1754419559776783,3.514437277218699,1.4772864294633268
1789317409583705300,49.45070532226563,2.1760037303894757,4.820398879510164,0.9993559057533741
1789317409593660400,49.46066040039062,1.595918946367502,-0.5139239203721284,0.510562334984541
1789317409603615500,49.470615478515626,0.5868003560125827,-1.3614648783266543,-0.16342048378810287
1789317409613570600,49.48057055664062,0.47991760587394233,-2.977592207725346,-0.3704531686790287
1789317409623524400,49.4905244140625,-2.29151460814178,3.8067116660654543,0.4137206479974091
1789317409633479400,49.5004794921875,-3.5205706654071807,5.611515939453244,-1.0111929854761808
1789317409643434500,49.5104345703125,-6.949901555487513,-0.4964455468267202,-1.8006645432345567
1789317409653389600,49.5203896484375,-3.3677070853382345,0.27155016524791714,0.9644560764815657
1789317409663344400,49.530344482421874,1.7514964615702628,-2.0148837786287066,1.189551802938059
1789317409673299500,49.54029956054688,2.1402403430908916,0.0716080231398344,-0.7654824871446937
1789317409683254500,49.55025463867187,5.0105298216998575,-1.1988941432356834,-0.6841278537552803
1789317409693209300,49.560209228515625,6.378415672984719,0.8455313716977835,-0.33363004319444295
1789317409703164400,49.57016430664063,4.3797985540241005,1.5295745428442955,-1.7338798485979436
1789317409713118500,49.58011840820313,1.153769053351879,-0.6436725823134184,-1.893878102852404
1789317409723073500,49.59007348632812,-1.3058838608801364,-3.215352623835206,-0.9451308329604565
1789317409733028400,49.6000283203125,-3.6250539531886576,-0.7770946720704436,0.8712131446387619
1789317409742983400,49.6099833984375,-3.657990592628717,2.718576529879868,1.3110104101136326
1789317409752938500,49.6199384765625,-2.4800199949562547,2.7373686163723465,-0.3129808575931936
1789317409762893300,49.629893310546876,0.21351415586471556,4.927500240835547,-1.471691093674302
1789317409772848400,49.63984838867187,1.2819365835815668,1.791612198859453,-2.3279398203499615
1789317409782803500,49.649803466796875,0.5360241084992885,-5.8488996312052,-2.2820775022327897
1789317409792757500,49.659757568359375,1.0862959380596875,-2.666710441303253,-0.7520970820013433
1789317409802712300,49.66971240234375,1.7127350614994763,2.9674902081668377,1.361171156077087
1789317409812667400,49.67966748046875,-0.2924327942788601,1.7785206620961427,2.0516263862229884
1789317409822622200,49.689622314453125,-5.662066561517119,-2.9295334024772046,0.8859201537746936
1789317409832577500,49.69957763671875,-4.406520556733012,-0.8816127389043569,1.3125100010216235
1789317409842532400,49.709532470703124,-2.720506328898668,-0.5792033250123262,0.7723897092498838
1789317409852487400,49.7194873046875,-1.4404361237108707,-0.6621662703812122,-0.021422654191777107
1789317409862442500,49.7294423828125,3.2387259006381033,0.5728823052972555,1.2642860683396457
1789317409872396500,49.739396484375,4.496673705866932,0.7429331670105457,1.743576336095482
1789317409882351400,49.74935131835937,4.822615971037745,-2.3174498443871734,-0.2694252089831978
1789317409892306400,49.75930639648438,4.923418524479866,-0.9063134649187325,-0.8760448756441473
1789317409902261500,49.76926147460937,1.0951064365029335,-2.2273925568431614,0.2725676717273891
1789317409912216300,49.77921630859375,-0.35174715303480625,-4.086274457377195,-0.3298793854240328
1789317409922171400,49.78917138671875,-0.6572545329421758,5.182469273638725,0.553808917645365
1789317409932126500,49.79912646484375,-4.456567905449867,2.3898422959029673,-0.1840683176824823
1789317409942081500,49.80908154296875,-6.447797252246737,0.939330768379569,-0.8216485379375517
1789317409952036400,49.81903637695312,-4.53175963229537,-2.0700006856948137,0.5195400797534734
1789317409961990400,49.82899047851563,0.5954688156366348,-1.5086282009273766,1.243559798914194
1789317409971945200,49.8389453125,3.8590713833779096,0.5985387246012688,1.0279997433703392
1789317409981900500,49.84890063476563,6.353996686521172,1.2448399018526077,1.0548436188932508
1789317409991855400,49.85885546875,7.181693710842728,1.4749077176332472,-0.03196783094052225
1789317410001810400,49.868810546875,1.5593746378242967,-3.90508027035892,-1.8837237885847686
1789317410011765500,49.878765625,-1.8530057019770145,-5.362690231710672,-2.344383151759207
1789317410021720300,49.88872021484375,2.2874679630994796,-1.2468991724699734,-0.20722440807074308
1789317410031675400,49.89867529296875,-3.670329849720001,0.9618269700869917,2.4110868901140985
1789317410041630500,49.90863037109375,-5.004174899715185,4.717648699131607,1.7577075911700724
1789317410051584500,49.91858447265625,-6.90125004504323,2.1335066509217024,0.3577249853353947
1789317410061539300,49.92853930664062,-2.838208579215407,0.2992605944722891,1.3993956727921961
1789317410071494400,49.938494384765626,0.5666624078691005,-0.14901274985969065,1.2897624549016355
1789317410081449500,49.94844946289062,-0.18017127371132372,2.1178934867262837,-0.2621558755673468
1789317410091404500,49.958404541015625,2.517922147849202,1.226565994015336,-0.876096751961857
1789317410101359400,49.968359375,1.6221476126015186,-0.18344108916223048,0.7563244173727929
1789317410111314200,49.97831420898437,1.917645639669895,-2.2640309734106063,1.288914167509228
1789317410121269500,49.98826953125,1.634388670015335,-1.5374036290347575,1.861657356596738
1789317410131223600,49.9982236328125,1.6919056239604948,0.24682839644551274,1.8265027488462626
1789317410141178400,50.00817846679688,-1.557330564776063,-0.4817039047688246,0.9479443560112267
1789317410151133200,50.01813330078125,-0.8840443499654531,3.291013721758127,0.1335548492912203
1789317410161088500,50.02808862304688,-1.7975842590063809,3.327690716770291,-1.3868017102874814
1789317410171043300,50.03804321289063,-3.8293519524186848,-1.255618777759373,-1.494472249802947
1789317410180998400,50.047998291015624,-0.8759463837057352,-1.373216690918803,1.2413203494243323
1789317410190953500,50.05795336914063,1.6735346854895352,0.4355804514974355,2.5705849397614595
1789317410200908500,50.06790844726562,1.6464058555454015,-0.21795769127011297,2.1759863408632576
1789317410210862300,50.0778623046875,2.183770857259631,2.369081831946969,1.0424148568876086
1789317410220817400,50.0878173828125,1.097037696826458,3.014988456922769,-1.1447129095844923
1789317410230772500,50.0977724609375,-2.714542452058196,-0.9782362530961632,-2.855453436265886
1789317410240727600,50.1077275390625,-2.9512983673006294,-5.733168388700485,-2.43014040402174
1789317410250682400,50.117682373046875,0.8187690369784831,-5.24087177824676,-0.26398506375588476
1789317410260637400,50.12763745117188,3.879236804050207,1.8989444463312626,1.8862068375721572
1789317410270592500,50.137592529296874,4.565549089172483,4.9685640726298095,0.621818039510399
1789317410280547300,50.14754736328125,2.398962006425857,2.7458412611633536,-3.5014474472641943
1789317410290502400,50.15750244140625,-1.283107380926609,-2.279975561517477,-5.009589325979352
1789317410300456200,50.16745629882813,-3.2308173194706438,-7.574151644450426,-2.4708415399834514
1789317410310411500,50.17741162109375,-0.40366029562354083,0.027619536070525644,0.6574355155322701
1789317410320366300,50.18736645507813,-2.802811102619767,4.527828722587228,1.118924753659591
1789317410330321400,50.1973212890625,-2.6199884376168248,2.858559877848625,0.8543750417582691
1789317410340276500,50.2072763671875,-2.1380758585333823,-1.1988584874004125,-0.311793985896185
1789317410350231300,50.21723120117188,-1.1939648701399563,-4.79584428396821,-2.05868244221434
1789317410360186400,50.22718627929687,2.850197123172879,-2.772733944264054,-1.5524188273370265
1789317410370141400,50.237141357421876,5.5415293800354,-0.7440753227829933,-0.4820085137385875
1789317410380096500,50.24709643554687,6.176986507189273,1.9742811346054077,0.03394705859161913
1789317410390050300,50.25705029296875,1.369165954223275,-1.0602993270158767,-0.5780808237884193
1789317410400005400,50.26700537109375,0.6991933940052986,-0.4856716393560171,-0.7623380516391247
1789317410409960400,50.27696044921875,-3.698352998155355,-0.6174404089480638,-0.253220289439708
1789317410419915500,50.28691552734375,-3.965784037646651,-1.9704101383909582,-0.026709727749228477
1789317410429870300,50.296870361328125,-4.305808019661903,2.6401822076007724,0.03843604057393968
1789317410439825400,50.30682543945313,-3.556368539497256,0.6738420951277018,-1.52114544493407
1789317410449780500,50.316780517578124,1.6364987940371036,2.8591917460113763,-0.6346005103245377
1789317410459735300,50.3267353515625,3.66481196308136,2.0714064608395097,-0.5090134250421077
1789317410469689300,50.336689453125,2.7925533279776573,-0.17756196799576282,-1.4801535093322395
1789317410479644400,50.34664453125,2.7467092761695384,-0.3621475510179996,-1.2174920953955501
1789317410489599500,50.356599609375,0.4656161087989807,0.09638532152175902,0.1219406185388565
1789317410499554300,50.36655419921875,-1.5860539704352616,-1.4578057761847971,-0.028250527450442313
1789317410509509400,50.37650927734375,-3.064678078243136,1.5961314200744032,-0.20871369678042828
1789317410519464400,50.38646435546875,-3.3290327790290117,1.7736200305730103,-0.18547617518641055
1789317410529419500,50.39641943359375,-3.075193627038598,0.46541737135648725,-0.6887339593112468
1789317410539374300,50.40637426757812,-0.7348235103130341,0.6612859804153443,0.04629406059794128
1789317410549329400,50.416329345703126,1.9454145210832356,1.3246113577038048,0.8073981134627014
1789317410559283500,50.426283447265625,0.8779337581306695,0.8203829019159078,0.8885586855847388
1789317410569238500,50.43623852539063,2.268231347709894,-0.5649386528164148,0.80740527385585
1789317410579193300,50.446193359375,2.551926708781719,1.570997271078825,1.7138699107483029
1789317410589148400,50.4561484375,0.5580746122658252,-3.786231188094616,0.6415582205079495
1789317410599103500,50.466103515625,-0.0891670607060194,-1.9237550624608992,0.48295397789515554
1789317410609058300,50.476058349609374,-0.24099954416155814,4.086726292797922,0.7490231544487178
1789317410619013400,50.48601342773438,-2.814785618051886,1.6513550023853778,-1.7043918883070348
1789317410628968400,50.49596850585937,-4.927897131198645,0.6425631597667932,-2.7747105050340295
1789317410638923500,50.50592358398438,-2.678786663544178,-1.5786965934097765,-1.824031828688085
1789317410648877300,50.515877197265624,1.5827473301053046,-1.8081816408663987,1.3091219660185276
1789317410658832400,50.52583227539063,3.958571622049808,0.45813189052343367,1.3736428073763847
1789317410668787500,50.53578735351562,2.6689666957974434,3.003431874641776,-0.10471706000473349
1789317410678742500,50.545742431640626,2.5929560537844893,0.9613315877854823,-1.4675965178370476
1789317410688697300,50.555697265625,0.4272077599495649,-3.044948710900545,-2.986131780272722
1789317410698652400,50.56565234375,-2.0363526831150054,-1.5009171881586312,-2.5927391961634156
1789317410708607500,50.575607421875,-2.247106142094731,0.932277342736721,-0.47319958619792013
1789317410718562300,50.58556225585937,-3.6000498603135345,-0.985241455683112,0.9140475663021206
1789317410728517400,50.595517333984375,-3.431675991901755,-0.2576157479196787,1.816388912719488
1789317410738471400,50.605471435546875,0.1807353373348713,-0.8075029620766639,1.9816896572962401
1789317410748426500,50.61542651367188,3.4020407320946453,1.1194441744238137,1.3919047325149179
1789317410758381300,50.62538134765625,3.9241970587611195,0.12930208721756933,-0.2267158019389957
1789317410768336400,50.63533642578125,4.376192053964734,-0.6640338178187608,-1.2215693547718227
1789317410778291500,50.64529150390625,1.1904840422868728,-1.8970032491356132,-0.7052019137050957
1789317410788246300,50.655246337890624,-1.2445441337764263,-0.14305997893512248,-0.5065442584495992
1789317410798201300,50.66520141601563,-1.1166472371816634,0.8237444873034954,-0.3771212482661009
1789317410808156400,50.67515649414062,-3.022043051609397,-0.7731488570541143,0.8238767353810369
1789317410818111500,50.685111572265626,-1.8448977988451718,0.4597878410369158,0.635191169694066
1789317410828066300,50.69506640625,-2.3377380146563054,-1.7111925082325934,-0.7637508410464972
1789317410838020400,50.70502026367188,2.908857401934266,-0.40082419541478154,-1.106264447920397
1789317410847975400,50.71497534179687,2.6028701295554635,0.48237493589818475,-1.1594792476922273
1789317410857930500,50.724930419921876,2.8326784176170823,1.9576497332781553,-2.5770892070889473
1789317410867885300,50.73488525390625,1.2343033102691172,1.6121546263754367,-3.4206977940306067
1789317410877840600,50.744840576171875,-2.857924502554536,-2.9322914690136908,-2.081457753124088
1789317410887795500,50.75479541015625,-2.4054689041018484,-2.569024850837886,-0.19660127071496097
1789317410897750300,50.76475024414062,-1.4809516739726065,0.028462708896398542,0.6608388211697339
1789317410907705300,50.774705322265625,1.307363870304823,3.1860072868853804,0.5246943572441116
1789317410917660400,50.78466040039063,1.6317150668919085,3.2717069637417793,-1.2791871387429534
1789317410927615500,50.794615478515624,-0.47420390440225596,2.459993105971813,-3.5850793779358265
1789317410937570300,50.8045703125,-3.362590765237808,1.1934177576512097,-4.562806220205128
1789317410947524400,50.8145244140625,-6.051623512986302,-2.9042028541266918,-1.5253414353191852
1789317410957479400,50.8244794921875,-0.4094850562542677,-3.4977450856149193,1.656946684912592
1789317410975523600,50.84252368164063,6.60790247400701,4.964514504978061,3.40730113684088
1789317410985478400,50.852478515625,3.1790637513577935,4.910084995654225,0.24009486867310478
1789317410995433200,50.86243310546875,-5.831542838212847,-0.021969255223870277,-4.315056909522414
1789317411005387300,50.87238720703125,-3.408313236492872,-2.5869360628426072,-2.1206398628249765
1789317411015342600,50.88234252929688,-1.995959297928214,-4.6312885125398635,0.9194660842195153
1789317411025297400,50.89229736328125,-0.6930068143248558,-0.48053924490362404,-0.0647209579066839
1789317411035252200,50.902252197265625,-0.46936523219943044,3.926477863174677,2.024688110414892
1789317411045207600,50.91220751953125,2.486914430645108,5.8072711512655015,2.2210240447245537
1789317411055162400,50.922162353515624,-3.705135790163278,0.2230892089396715,-1.093200822077319
1789317411065117400,50.93211743164063,-3.393188148075342,-5.365035918053985,-1.097421362381801
1789317411075072300,50.942072265625,2.752521761840582,-4.206880612441897,-0.10186992694530636
1789317411085027600,50.952027587890626,-1.3225830667465925,0.8206944520831108,-0.40934265210889276
1789317411094982400,50.961982421875,3.221889332127571,3.401170963522792,0.4869427187377587
1789317411104937200,50.97193725585937,3.736773037442565,-0.9667185415208339,0.5598208348786458
1789317411114891300,50.98189135742187,2.3462305331915614,-1.325908996298909,-0.7610647437676787
1789317411124846300,50.991846435546876,0.6439589980393647,0.5533259564340114,-1.6624983276903629
1789317411134801400,51.00180151367187,-2.1288228770196436,-4.783011690402031,-1.859701984745264
1789317411144756200,51.01175610351562,3.040601621606946,-1.634161291000247,0.016290752929728477
1789317411154711600,51.02171166992188,-0.4284638974905014,0.4554197089552879,0.9008563685566187
1789317411164666400,51.03166625976562,1.3655676374703645,3.385491748353839,-0.27070834412891415
1789317411174621400,51.041621337890625,-1.7669395298957824,1.4255144489109515,-0.8425511868432164
1789317411184576500,51.05157641601563,-4.31077411763668,-0.7096662727028131,-0.3232365133434534
1789317411194531300,51.06153125,-2.6394039167046546,-2.7614070790857075,0.32022008813172576
1789317411204486400,51.071486328125,-1.9732962152212856,-4.939241532033682,0.7822273587837815
1789317411214440400,51.0814404296875,3.0147645850390195,1.705093022313714,2.251128967870027
1789317411224395500,51.0913955078125,4.136949582603574,1.2326689870655536,1.381396490243077
1789317411234350300,51.10135034179687,3.7839842859506603,-2.8206062870293853,-1.538448023521155
1789317411244305400,51.11130541992188,3.1970331232905385,-3.3826240839630364,-1.984952896875888
1789317411254260200,51.12126025390625,1.7006892343968152,-3.953698463055491,-1.1760967666245996
1789317411264215600,51.131215576171876,0.6617910073280334,0.060491585841774935,0.626358459419012
1789317411274792400,51.14179248046875,-0.7166057165771722,0.44982671125382184,1.837877398689091
1789317411284747300,51.151747314453125,-3.357154127141833,2.596897777147591,2.024113087005913
1789317411294702300,51.16170239257813,-4.619702119642496,3.176837892001867,1.112645600324869
1789317411304657400,51.171657470703124,-4.748768060016632,2.092253434035182,0.02780610815118998
1789317411314612500,51.18161254882813,-0.5115560221970081,4.650143727396428,0.10109934443160891
1789317411324566300,51.191566162109375,-1.3698685495346783,-1.0935469321012496,-1.8640780078724026
1789317411334521300,51.20152124023438,0.6523346121966839,-2.128932182613015,-0.9515112547125667
1789317411344476400,51.211476318359374,3.9140708015441894,-0.3532289160251617,1.0873289343692363
1789317411354431500,51.22143139648438,3.2273563653618096,2.364368247428536,1.6422288621217012
1789317411364386300,51.23138623046875,2.2956167827636,1.5574854630768298,1.050542414567992
1789317411374341400,51.24134130859375,-1.5464327386647463,-2.8169486413046716,-0.6045902066599578
1789317411384296400,51.25129638671875,-3.173281076303124,-0.13966186092942953,-0.348619960924983
1789317411394251300,51.26125122070312,-3.306000863009691,-1.0302993255496025,0.20324951309040187
1789317411404206600,51.27120654296875,-2.0597043326079842,3.4037264932245015,1.1655202083569018
1789317411414161400,51.28116137695312,-0.009909984117746353,4.313248398795723,0.4541325186889618
1789317411424115500,51.29111547851563,-1.5809931799143553,-0.5338204609751701,0.11666961933337151
1789317411434070300,51.3010703125,1.693041349992156,-0.7601239557862282,1.118974657215923
1789317411444025600,51.31102563476563,1.8966694871366023,-0.9762509244978427,0.736915733351931
1789317411453980400,51.32098046875,2.0526976687163114,-1.3440788592398165,0.49653198300115764
1789317411463935500,51.330935546875,2.3892232872217893,0.11653729819059372,0.1904945878703147
1789317411473890300,51.34089038085938,-0.44139527525603767,4.843078328830003,-0.38222164014503357
1789317411483845400,51.350845458984374,-1.8768454272478818,0.4732680848568678,-2.1790154794260856
1789317411493800400,51.36080053710938,-4.098655800044536,-5.082985401579737,-2.3128457115925847
1789317411503755300,51.37075537109375,-0.9769359841525554,-4.138270017552376,-0.10355236360691487
1789317411513710600,51.380710693359376,1.485326235795021,3.1919962981671093,2.1645602530941366
1789317411523664400,51.39066430664062,2.901462030985951,4.125937774723768,1.0057871078446508
1789317411533619500,51.400619384765626,1.9337860426098108,1.4275737195283174,-0.973738357155025
1789317411543574300,51.41057421875,-0.4885539167940616,-1.0645400333255528,-2.122410671889782
1789317411553529600,51.420529541015625,-1.771498216113448,-5.41295736065805,-1.3333145963802933
1789317411563484400,51.430484375,-0.9253998581826687,-1.574598510441184,1.3176020634636283
1789317411573439200,51.44043920898437,-2.3727245723634955,2.6660493470460174,2.5241508131057024
1789317411583394300,51.450394287109376,-2.996926146009564,0.8915005111902952,1.9427390182636677
1789317411593349400,51.46034936523437,-1.7822528343617916,0.04374269561469555,0.8939549186050891
1789317411603304400,51.470304443359375,0.35043139426112174,-3.0328228042989966,0.48519832275584335
1789317411613258200,51.48025830078125,3.3290088136315346,-1.3893354665488005,1.42524703014642
1789317411623213300,51.49021337890625,2.6742946128219365,-2.037644476491213,1.0587263055454939
1789317411633168400,51.50016845703125,1.739713084796071,2.0196324344605205,0.5211363359689712
1789317411643123500,51.51012353515625,1.6105618042260408,-1.715462440636754,-0.528979523750022
1789317411653078300,51.52007836914063,-0.024589082333445547,0.7753723783224821,0.7087200048286467
1789317411663033600,51.53003369140625,-0.021173720932006836,-1.9529004929244518,0.7614264897521584
1789317411672988400,51.539988525390626,-2.4823148278951646,-2.9646196211665865,1.0101043134566396
1789317411682943200,51.54994311523438,-1.5423264723896979,2.6593355286210776,1.101602082132548
1789317411692898600,51.559898681640625,-2.7119021666824814,0.9535381574302911,0.8031695359822362
1789317411702852600,51.5698525390625,0.911169088256359,5.652466958522797,1.0197084464956074
1789317411712807400,51.579807373046876,-0.15768471661508082,-3.1605759085088967,-1.1475121118489653
1789317411722762200,51.58976220703125,-0.5349497572660445,-1.8609522770673035,-0.7556937913190573
1789317411732717600,51.599717529296875,0.6074450846344233,-1.0528244610905646,0.8779486634388566
1789317411742672400,51.60967236328125,0.19703180761933325,-0.8963438595682383,1.524242095775157
1789317411752627500,51.61962744140625,1.9610300233662128,1.971919081649184,0.748602152557671
1789317411762582300,51.629582275390625,-0.3161135295957327,-2.653133166849613,-0.18355222138650715
1789317411772537300,51.63953735351563,0.9391185869336127,2.9157360555320975,-0.09143580935560167
1789317411782492400,51.649492431640624,-1.540940570989251,-1.6563725382864474,-1.2902470235481858
1789317411792446500,51.65944653320312,-1.1638111394166946,0.1033574986219406,-0.5703394889466464
1789317411802402300,51.66940234375,0.9365636417537927,1.0640759229451418,0.7119354597438127
1789317411812357000,51.679357177734374,0.6394529187917709,0.800195853933692,1.2142885501138865
1789317411822312400,51.6893125,2.1541607318937777,3.65860141800344,-0.2318261306900531
1789317411832267300,51.69926733398437,-0.4889928927332163,-0.06191431212127208,-1.9258377139538525
1789317411842222300,51.709222412109376,-0.7127484566271305,-2.259022205337882,-1.2740934688657521
1789317411852177400,51.71917749023437,0.4784153846174478,-1.215933540841937,0.4752171730980277
1789317411862132200,51.72913232421875,-1.1060153685301541,3.3045372201979157,1.3149088788568972
1789317411872087300,51.73908740234375,-1.7415747870147227,6.502155449900031,1.5325862918809054
1789317411882041000,51.749041015625,-3.3434757304012774,-4.181710515350103,0.04358874716199934
1789317411891996400,51.75899633789062,-0.138331196847558,-2.258341821858287,0.1619713809583336
1789317411901951200,51.768951171875,3.1593267852306366,-2.82904619859457,1.4296943649441003
1789317411911906300,51.77890625,4.078316776371002,2.830644281440973,1.7186112600564956
1789317411921861000,51.78886108398437,4.2291777844458815,4.647216149511933,-0.18632906568869947
1789317411931816400,51.79881640625,1.6184610330432652,-3.413497945654392,-1.6373101104199885
1789317411941771300,51.80877124023438,-0.38309389293491836,-2.7084862207591534,-0.8411257571499794
1789317411951726000,51.81872607421875,-1.691577122658491,-1.7124837170869112,0.03701835579574108
1789317411961681400,51.82868139648438,-4.197050123301148,4.619840359069407,0.9331205155625939
1789317411971635500,51.83863549804688,-3.120178431668877,1.2001149172022938,0.6294405702780932
1789317411981590300,51.84859033203125,-2.7434008822739124,-1.344059570017457,0.3692744802884757
1789317411991545000,51.858545166015624,1.153142445886135,-0.28449557153880595,-0.1570688497390598
1789317412001500400,51.86850048828125,4.397234841993451,0.46848026605844495,-1.2064325028512626
1789317412011455200,51.87845532226562,5.240951857745647,1.9124772971212862,-1.8717717772454023
1789317412021410300,51.888410400390626,5.84464957254529,-0.8753823200821876,-2.5494325538784266
1789317412031365400,51.89836547851562,3.0707459999799727,-2.147954862990975,-2.2594008293919265
1789317412041320400,51.908320556640625,1.000381741669774,0.13271920218467712,-1.2395420877054333
1789317412051274200,51.91827416992187,-0.8384621639639138,1.3661623884931207,-0.10958419111706316
1789317412061229300,51.928229248046875,-3.68926134468317,0.11500994249284267,-0.08434351300708949
1789317412071184400,51.93818432617188,-4.080168541717529,0.6564627980425953,-0.2183223598640412
1789317412081139200,51.94813916015625,-3.234844675290584,-0.043216041392087935,-0.3727482208136469
1789317412091094300,51.95809423828125,-1.0047463666200638,1.2538964840114115,-0.31174671268835663
1789317412101049000,51.96804907226562,2.0964275048494336,3.1810984720557927,-0.8561111448358744
1789317412111004400,51.97800439453125,2.651038824918866,0.347760129225254,-0.9074481680370867
1789317412120959200,51.98795922851563,1.9688731380820272,-3.714101771429181,-0.572014655617252
1789317412130913300,51.99791333007813,0.19316402627527712,-4.030596993818879,-0.9486962703570723
1789317412140868000,52.0078681640625,0.25000059674084185,-0.5824871689885854,0.396005616151914
1789317412150823400,52.017823486328126,0.33610826987624165,0.9884148250222206,0.6795109345443546
1789317412160778200,52.0277783203125,-2.794088282459974,-1.2875409794598818,-0.4750946426969021
1789317412170733300,52.0377333984375,-1.759731790474057,1.4851774749740958,0.09200586432851851
1789317412180688400,52.0476884765625,-1.7874837207525966,-0.81953943682909,0.1826499387845397
1789317412190643200,52.05764331054687,0.21626666944324968,0.04871463880836963,1.4767168128818273
1789317412200598300,52.067598388671875,3.17147957983911,1.5368822355091571,2.332620817773044
1789317412210552300,52.07755224609375,0.5761725790143013,1.6180711569428443,1.9959103442199526
1789317412220507400,52.08750732421875,-0.2543547002971172,2.397088613769412,-0.00497486580312252
1789317412230462200,52.09746215820312,-2.6464345459938046,-2.363949145233631,-1.2315408598184585
1789317412240417300,52.107417236328125,-1.0305343033492564,-4.284950817333161,-0.06410407725051046
1789317412250372000,52.1173720703125,0.9794739781975745,0.5214250897824764,0.6520869210459291
1789317412260327400,52.127327392578124,-2.0254478427410123,7.065866022226214,-0.2326688651245087
1789317412270282200,52.1372822265625,-3.114966249978542,3.9856154040589926,-2.4755630155473947
1789317412280237300,52.1472373046875,-5.2704690441310404,-5.267362310287356,-2.0899188536077737
1789317412290191000,52.15719116210938,-0.8215092755973339,-4.248298664501309,0.9680305009022354
1789317412300146400,52.167146484375,3.570755376768112,0.24444179356992243,1.7045362652137874
1789317412310101200,52.17710131835938,3.1169623922318217,2.239785005426407,0.44749432278349993
1789317412320056300,52.18705639648437,5.060515211096406,0.9044143532991409,-0.5147220850124955
1789317412330011400,52.197011474609376,2.3725848716318607,-0.9412859941005707,-0.8762198668848723
1789317412339966200,52.20696630859375,0.18032792557775973,-1.2418687770873307,-2.1683285195864737
1789317412349921300,52.21692138671875,-3.170623255270719,-1.6840347444549202,-0.49771154817454516
1789317412359876400,52.22687646484375,-1.6384510971486568,0.9146087073162198,2.352817364235967
1789317412369830400,52.236830322265625,-5.201007969892025,0.04162760315686464,2.1128063927203415
1789317412379785200,52.24678515625,-3.907219035953283,1.3312401281937956,0.7177158697761595
1789317412389740300,52.256740234375,0.17023147897720337,3.031503538393974,-0.5465868574373424
1789317412399695400,52.2666953125,1.58370711504817,-1.9667706128448246,-1.2797995715528725
1789317412409650400,52.276650390625,3.476889929112792,-2.7933962085425854,-1.2110067519642411
1789317412419605200,52.286605224609374,2.5347867734104392,-1.4048533536761998,-1.1333727465331553
1789317412429560000,52.29656005859375,1.4726719214051962,-1.623015627607703,-1.0740040272414684
1789317412439515400,52.30651538085937,2.089481631234288,1.8937632443010806,0.5498911596797407
1789317412449469400,52.31646948242187,0.39194413886666296,-1.7690362099140882,0.9456017384078353
1789317412459424300,52.32642431640625,-1.3281693424463272,-3.212984141138196,0.11435838324893265
1789317412469379000,52.33637915039063,-3.46943318336606,-1.5401324694767593,0.08525459997002034
1789317412479334400,52.34633447265625,-3.032553924229741,0.7031862630337476,0.6472817857865244
1789317412489289200,52.356289306640626,0.10104337646067142,4.11422278701067,1.2896493499159811
1789317412499244300,52.36624438476562,1.2090110481023788,-0.9548585923790931,0.3304857538193464
1789317412509199400,52.376199462890625,2.2506804934501647,-2.5036603982627392,0.029800971762835977
1789317412519154400,52.38615454101563,1.3193302024304867,-2.0590011527746914,0.1787662292189896
1789317412529108200,52.396108154296876,1.3696709811359644,-0.9505027352571487,0.4880240842336788
1789317412539063300,52.40606323242187,2.0882856994479893,-0.11513327661156654,0.5905964238272979
1789317412549018400,52.416018310546875,0.22181904287338255,-2.219752271223068,0.4638462130496278
1789317412558973400,52.42597338867188,0.24128946701884268,3.2440017952144142,-0.1036767571715638
1789317412568928300,52.43592822265625,-4.464007115539908,0.5991016191810369,-1.4096955330103635
1789317412578883000,52.445883056640625,-2.857446363648772,-0.9036194035291671,-1.3738225478574633
1789317412588838400,52.45583837890625,-1.206235738170147,-1.7011667887806892,-0.043062385200336575
1789317412598793200,52.465793212890624,1.1165513755917549,1.4907587822377681,1.7020656373165546
1789317412608747300,52.47574731445312,1.7358780366778372,5.216771356213092,0.4622773197650909
1789317412618702000,52.4857021484375,-0.5836521211147307,-2.2096131545245647,-2.347010869914293
1789317412628657400,52.49565747070312,1.1146937650263309,-1.3885656512200832,-1.8599032064057885
1789317412638612200,52.5056123046875,0.46212008337676524,-4.221846126383543,-0.5430272287270054
1789317412648567300,52.5155673828125,1.9346558111816643,3.9017309599310157,0.7747562922507524
1789317412658522400,52.5255224609375,-0.6784907977163791,6.016447570186853,0.7754888443090021
1789317412668477200,52.535477294921876,-3.2559079215854405,-2.7828035028576847,-0.06647858782950788
1789317412678432300,52.54543237304687,-1.8462632419794798,-3.8830069702386854,0.14654376593027263
1789317412688386300,52.55538623046875,0.053290860682725906,0.38830139845013617,1.0822515580397098
1789317412698341400,52.56534130859375,0.8908224657982587,6.534675909754633,0.4677911512831226
1789317412708296200,52.575296142578125,0.5058353064626455,3.0324498793333765,-1.589500749888271
1789317412718251300,52.58525122070313,-0.6482903052419424,-3.0896798330307007,-1.5119649441346525
1789317412728206300,52.595206298828124,1.6194880380034447,-3.4168595310419794,-0.64102813221924
1789317412738161400,52.60516137695313,1.14295013769567,0.4906511813342571,0.5741032984595745
1789317412748116200,52.6151162109375,1.3500000659823417,6.406559817451238,0.9194333509936928
1789317412758071300,52.6250712890625,-1.4843611901551483,1.4689187063515186,-0.40424876303598284
1789317412768025300,52.635025390625,-4.632411963611841,-4.862272274121642,-0.7281172906726598
1789317412777980400,52.64498046875,-2.283138409462571,-1.8623346713364124,0.013803813218511641
1789317412787935200,52.65493530273437,-1.2598591918081044,0.9529331772744655,0.33198760974965985
1789317412797891300,52.66489135742187,2.211504082837701,1.751415797549486,0.3627281639175489
1789317412807846400,52.674846435546876,2.6172119586408136,-0.9743266784369945,-0.5802827542794868
1789317412817801200,52.68480126953125,2.6139859823316334,-0.0790460641860962,-1.392766025519371
1789317412827756300,52.69475634765625,1.9684435144931076,2.3060879078954457,-1.8548383242316544
1789317412837711400,52.70471142578125,-2.0083400560736653,-0.3395470121532678,-1.841509471581131
1789317412847665400,52.71466552734375,-1.5758727681607008,-3.0107939278423785,-0.04939365231478587
1789317412857620200,52.7246201171875,-0.9192261379837989,-3.6974703701019287,1.5197402543112635
1789317412867575300,52.7345751953125,-0.021235680252313614,2.5966391262114046,1.509144041495025
1789317412877530400,52.7445302734375,-0.2285106494665146,4.723823588374257,-0.7480425459135324
1789317412887485200,52.75448510742188,0.4966536366194486,2.6088854443222282,-2.49476280605793
1789317412897440300,52.764440185546874,0.6994248646736144,-3.7683278671354055,-3.141255706489086
1789317412907395300,52.77439526367188,0.25174890171289444,-5.533494542139768,-1.5938902170188725
1789317412917350400,52.78435034179687,1.420700326627493,0.0729939245402813,0.6481687977541237
1789317412927304200,52.79430419921875,-0.27950550816655156,3.758442432937026,1.2145450090929866
1789317412937259300,52.80425927734375,-1.3108370993733405,0.48639936910867687,0.09276397095313295
1789317412947214300,52.81421435546875,-1.7799404657661915,-1.2161439687222242,-1.2590431992501019
1789317412957169400,52.82416943359375,-0.2982394347310066,-3.4292502260595557,-2.2574822824195024
1789317412967124200,52.834124267578126,0.1156535010933876,-0.18320844945013523,-1.0105615557048468
1789317412977079300,52.84407934570312,1.5050444972217083,1.4695102425038813,-1.1483799807246773
1789317412987034400,52.854034423828125,1.5793454127073288,-2.844834719356894,-1.5396154598653315
1789317412996989200,52.8639892578125,3.1124218261927363,-0.31401684957742687,-0.06616181349791586
1789317413006943200,52.873943115234376,2.578253574693203,-2.4553192689418792,0.2361646165520884
1789317413016898300,52.88389819335937,1.3311527421712874,-0.6468272469520568,0.5797643198959529
1789317413026853400,52.893853271484375,-0.8729144686639309,-2.8344968652158973,0.11609328075014054
1789317413036808200,52.90380810546875,-1.280354867348075,-0.13148995265066624,0.39703002729620784
1789317413046763300,52.91376318359375,-2.709252528956532,6.000793489459157,0.4288572807222604
1789317413056718300,52.92371826171875,-5.242285736697912,1.5730600488275288,-1.3234817691519856
1789317413066673200,52.93367309570313,-4.6366216902613635,-0.9440244791537523,0.315889073190093
1789317413076628200,52.943628173828124,0.25505846465229987,-3.0274837813585993,1.5899705593571065
1789317413086582300,52.95358227539062,0.6039759472191334,-0.17255787609815595,1.435071674068272
1789317413096537300,52.963537353515626,3.2717771063685417,3.4991000073552128,1.2747130620688198
1789317413106492200,52.9734921875,4.005672395920754,2.266791670295596,0.3372635773912072
1789317413116447200,52.983447265625,1.8467665153264998,-2.0890520076453685,-1.498987096878886
1789317413126402300,52.99340234375,0.5648685101896525,-4.267662121140956,-2.47959066362828
1789317413136357400,53.003357421875,-1.6253350104659794,1.3324205701500176,-0.8451561817098409
1789317413146312200,53.013312255859375,-3.903126798203587,4.366032479000092,-0.15391060490384698
1789317413156267300,53.02326733398438,-5.312280479422212,0.5188493940755725,0.6433658544518053
1789317413166221300,53.03322119140625,-4.026114295446872,0.9362497534990311,1.5096838474601506
1789317413176176400,53.04317626953125,0.25044424885511396,-1.7463877402544021,1.0069210803106428
1789317413186131200,53.053131103515625,3.0669267339527604,-0.35942309449017046,0.07966200412735343
1789317413196086300,53.06308618164063,5.3597080010294915,0.055743514531850814,-0.6223373141441494
1789317413206041300,53.073041259765624,4.947928111836314,3.2113416346281767,-1.4467925070002674
1789317413215996200,53.08299609375,2.852754406440258,0.4385574214816093,-3.3961452443152664
1789317413225951200,53.092951171875,-1.6807541153490542,-0.6035691199839115,-2.6429937578901646
1789317413235906300,53.10290625,-2.794347810178995,-4.203317659263313,-1.1043730081506073
1789317413245861400,53.112861328125,-2.9358927083760498,-0.9702081372022628,0.4436864184005186
1789317413255815200,53.12281518554688,-1.9617542459875343,2.1320292718455196,0.3618826530041173
1789317413265770200,53.13277026367187,0.4019464774429798,4.0657197451263665,-0.3357331894861534
1789317413275725300,53.142725341796876,1.6707886016517877,4.501705854815245,-1.9365695358484982
1789317413285680400,53.15268041992187,0.4865174425303936,-1.9860171651065348,-3.311555282266438
1789317413295635200,53.16263525390625,1.0863000297129153,-4.414713800060749,-1.6616349888592958
1789317413305590300,53.17259033203125,1.0231973845899105,-2.882370377025008,-0.0995486809235066
1789317413315545300,53.18254541015625,1.8209481834590433,0.12284955007731914,1.9447522577822207
1789317413325500200,53.192500244140625,3.2720471554815767,1.4253285709500312,2.737093598823249
1789317413335454200,53.2024541015625,0.3463631219089031,3.500969308358431,1.157980241306126
1789317413345409300,53.2124091796875,-5.694685805571079,-0.10997428641319275,-2.04537974691838
1789317413355364400,53.2223642578125,-6.4691708796650165,-1.6102216124862432,-1.5419446334652602
1789317413365319200,53.232319091796874,-2.689025733485818,-1.6914859372436999,0.19289194960193706
1789317413375274200,53.24227416992188,-0.8453700436562299,-0.8671715410977602,0.5290598589772358
1789317413385229300,53.25222924804687,3.2275276302754876,0.8377835340499877,2.496092008835077
1789317413395184400,53.26218432617188,5.238602079749107,1.789445376214385,2.5106337444067
1789317413405139200,53.27213916015625,4.225687604242563,-0.5248176548302174,0.3382868560243398
1789317413415094300,53.28209423828125,0.09334931482672691,-5.676321296840906,-1.4898514581345021
1789317413425048300,53.29204833984375,0.33917233362197874,-3.5600305691361425,-1.268604077669233
1789317413435003400,53.30200341796875,0.667127692180872,2.860421580067277,-0.1319332394387573
1789317413444958200,53.31195825195312,-4.413411485290527,2.2863912737786767,-0.3945767523925751
1789317413454913300,53.321913330078125,-2.5142262159407136,-1.6856313659965991,-0.8990332447826862
1789317413464868400,53.33186840820313,-2.167039502689242,-1.1604133136719466,0.7951308986943215
1789317413474823200,53.3418232421875,0.6884218246221542,1.8983751220107077,1.9968781663388013
1789317413484778200,53.3517783203125,1.2377777083814143,1.7743857542484998,0.7116346501663326
1789317413494733300,53.3617333984375,2.0841630665600297,0.4035708637744188,-0.8740783978767692
1789317413504688400,53.3716884765625,1.4582178641170263,0.12377367918491362,-1.5734380883596837
1789317413514642200,53.38164208984375,-0.3660959963828325,-0.5351029020011425,-2.2441749109484253
1789317413524597200,53.39159716796875,-0.7649275566756725,-0.05723755248188972,-1.4253598428711294
1789317413534552300,53.40155224609375,-0.8842840039402245,2.078867882761359,0.17860201510060578
1789317413544507400,53.41150732421875,-1.810646569675207,-0.9060445848494768,0.8228650010552256
1789317413554462200,53.42146215820313,-1.5565549042284488,-1.4111866483509539,0.8154683149326593
1789317413564417300,53.43141723632812,-0.44674832672178744,2.331937803944945,0.14002433756627142
1789317413574372400,53.441372314453126,0.5048427882939577,1.7859937744557857,-2.145307709483057
1789317413584327200,53.4513271484375,0.5664274300694465,-1.7096365109622478,-2.509666360679269
1789317413594282500,53.461282470703125,1.7136825714826582,-1.941467829284072,-1.7610278216339648
1789317413604236300,53.471236328125,2.558724113836884,1.0171247866779565,-1.0003234356112778
1789317413614191400,53.48119140625,1.825777503311634,2.711371420806646,0.5481380324020981
1789317413624146200,53.49114624023437,0.29562779092788694,1.6736819850057363,0.5554312581501901
1789317413634101500,53.5011015625,-3.9462475625276565,1.4955723199993372,-0.5080509001528843
1789317413644056300,53.51105639648438,-5.1766836759746075,-0.8658189574450254,-0.8200520625263452
1789317413654011100,53.52101123046875,-1.763411355769634,-3.291761325255036,1.1086285467032342
1789317413663966200,53.53096630859375,1.4906500611662863,2.774953958401084,1.351567753690481
1789317413673921300,53.54092138671875,2.188008056437969,1.4263760341763496,0.6764880795918404
1789317413683875300,53.55087524414063,4.518413828510046,0.28361820418238637,0.4492854805165902
1789317413693830100,53.560830078125,1.3146423368752003,-2.1232763488084077,-0.5456557140670717
1789317413703785200,53.57078515625,-0.2725561274200678,-0.004890694651007652,-1.5223025060147046
1789317413713740300,53.580740234375,-1.6858838794529436,-2.265269575294852,-1.5000886283800006
1789317413723695400,53.5906953125,-4.006866574141383,-2.0392092415899037,-0.03871692160824314
1789317413733650200,53.60065014648438,-3.676090312942862,0.9546960952937602,1.0043385164715348
1789317413743605200,53.61060522460937,-1.3385177179813383,0.7788572978287934,0.5769012586150318
1789317413753560300,53.620560302734376,1.2312521060049533,0.512822681131959,-0.5437656625367701
1789317413763515100,53.63051513671875,1.9426731134206054,0.9305307913303374,-1.6030233715452253
1789317413773469200,53.64046923828125,4.212609511482715,-0.915518515637517,-2.3172994761310517
1789317413783424300,53.65042431640625,3.776547998470068,-1.5210504601269959,-2.258461064323783
1789317413793379300,53.66037939453125,3.070909081587195,-2.4509493832945823,-1.8939152199923992
1789317413803332900,53.67033276367187,2.516091425290704,-0.46955637085735796,-0.6862181770980358
1789317413813287700,53.68028759765625,0.9775795427531003,-1.1578133603066205,0.019784056671895086
1789317413823242800,53.69024267578125,-0.13705050938725472,2.4962471993967887,0.21874208311345428
1789317413833197800,53.70019775390625,-3.5893203765064476,2.729898426622152,-1.0165855652347207
1789317413843152600,53.710152587890626,-6.6826528868257995,-1.0202204146057368,-1.9947589822277425
1789317413853107700,53.72010766601562,-6.023130993473529,-1.6655103689879178,-1.1777547629646956
1789317413863061800,53.73006176757813,-1.8628262542456386,-2.471325231847167,-0.09417243124525994
1789317413873016800,53.740016845703124,2.500564185813069,3.6534260611921545,1.0165611614458263
1789317413882971600,53.7499716796875,4.941795892691612,-0.6029986266195774,-0.5449558587020262
1789317413892926700,53.7599267578125,5.704499343577027,-1.3404928174465893,-0.4842320350069552
1789317413902881800,53.7698818359375,6.232668062400817,-1.9699708701908587,-0.8842807890698313
1789317413912836900,53.7798369140625,2.3492186090916394,-2.963565143677592,-1.5734863114155828
1789317413922791700,53.78979174804687,-2.418361118900776,0.8141887234508991,-0.4744425354637205
1789317413932747000,53.7997470703125,-3.6153199101597067,-0.6892144363045692,0.29821609038803726
1789317413942701800,53.80970190429687,-7.819311815422773,0.3603314415067434,2.9156168130666016
1789317413952656000,53.81965576171875,-2.7742086929917336,1.6501847895622253,1.5239564107015728
1789317413962610700,53.82961059570312,-4.721383209484816,1.69421828481704,0.2965755566393956
1789317413972566000,53.83956591796875,2.1704612938314676,2.0556775613099334,0.6287487155564129
1789317413982520800,53.84952075195312,2.7394062596797943,-1.2601111207425593,0.4831910015214234
1789317413992475600,53.8594755859375,3.8034582172274587,-0.6124164433062076,-0.07843629825729877
1789317414002430700,53.8694306640625,4.586193817794323,1.9126526536881923,-0.6678240038819611
1789317414012385800,53.8793857421875,2.074348944032192,2.0051602569937703,0.2058352552672848
1789317414022340900,53.8893408203125,-2.6109201650202274,-2.7830075009971855,0.33916236021723595
1789317414032295700,53.89929565429688,-3.4999382117450235,-2.8975422271937132,0.48445901216324416
1789317414042249700,53.90924975585938,-1.8716911132246254,-0.44448008952885865,1.3064561078101395
1789317414052204800,53.919204833984374,-0.6509604012340307,3.3767361949682235,1.512013313321024
1789317414062160000,53.92915991210938,-0.720709060242772,6.066775489410758,0.2632893365766853
1789317414072114700,53.93911474609375,0.10242167907655239,1.7129443203359842,-2.2169455432392655
1789317414082069800,53.94906982421875,0.6049883391320705,-4.056049999505281,-2.4856767055436966
1789317414092024800,53.95902490234375,0.788242965811491,-1.7357658084750174,-1.0493809695731848
1789317414101979600,53.96897973632812,0.798643948316574,2.7077006233394143,0.03645235594343394
1789317414111934700,53.978934814453126,-0.6449789887368679,-0.16896365099847316,-0.2146067368743941
1789317414121889800,53.98888989257812,-0.30501345891058446,-0.16248218002468345,-0.5143714449439197
1789317414131843800,53.99884375,0.824625361791253,-0.6012170038998127,-1.1109073783554135
1789317414141798700,54.00879858398437,2.3103940806567667,-0.23226503356397152,-1.6911255794987081
1789317414151753700,54.018753662109376,1.9504355641156434,0.8571779703497886,-2.4734072988182305
1789317414161708800,54.02870874023437,0.6432318528085946,2.0936270604759453,-3.048909431225061
1789317414171664000,54.038663818359375,-0.34613925002515317,-0.9952087229460477,-1.8363648021690546
1789317414181618700,54.04861865234375,-1.864474605974555,-1.0802625031143427,0.12009520986787973
1789317414191573800,54.05857373046875,-1.2654179949790239,-0.6810439893305301,0.9752146402526646
1789317414201528800,54.06852880859375,-1.070050905701518,-0.9104384358942508,1.9714910654954612
1789317414211483600,54.07848364257813,0.555408023405075,3.09029591910243,1.7318572567291557
1789317414221437700,54.08843774414063,-0.7381915254414081,0.5519108289390802,0.16871935738120228
1789317414231392800,54.09839282226562,-1.5126935506701469,2.1140221982508898,-0.9508067597050219
1789317414241347800,54.108347900390626,-1.2134119134098291,-4.941131291303038,-0.8351840190760791
1789317414251302700,54.118302734375,0.6189443837702274,-6.247631238254904,1.583393080662936
1789317414261258000,54.128258056640625,4.468197552967071,0.5836708258152008,3.422455159091949
1789317414271212800,54.138212890625,4.49470152901113,1.2480027497977018,2.879423509918153
1789317414281168000,54.14816796875,-0.4850310033649206,1.0707067392617464,1.6739118482388555
1789317414291122700,54.158122802734376,1.305938805937767,-0.9099106126278639,-0.21349446478355674
1789317414301077800,54.16807788085937,-3.686775373086333,-4.1020670697927475,-0.6923417745448649
1789317414311031800,54.17803173828125,-2.085793298110366,-2.5951298906922338,0.9619527884237468
1789317414320986600,54.18798657226562,-2.3803490758925676,2.533037883916497,1.872454791073501
1789317414330941700,54.197941650390625,-3.168009273380041,2.068711230406165,1.3079171202734112
1789317414340896800,54.20789672851563,-1.2950409798264502,2.683742240124941,1.4928694907814264
1789317414350851800,54.217851806640624,-1.487721021977067,-0.41893619068861004,0.19151172902360558
1789317414360806700,54.227806640625,1.9523691625267265,-2.366608135309815,-0.3687070556640625
1789317414370762000,54.23776196289062,2.7014526688605547,-3.1858097184866665,0.13719481322877108
1789317414380716800,54.247716796875,3.6256168477684256,-0.18473638966977596,-0.49008309912271797
1789317414390671600,54.25767163085938,2.086089066186547,1.7300012535989284,-0.3901325594000518
1789317414400625700,54.26762573242188,2.4478531708449123,5.014035783994197,-0.17328374268729238
1789317414410581000,54.2775810546875,-6.070228844735026,-2.1552447277382014,-0.07011252388507128
1789317414420535800,54.287535888671876,-1.4790157374739645,-4.558207494238019,0.9607874709714204
1789317414430490600,54.29749072265625,-0.9578449147135019,0.33954087467342614,0.7146609391849488
1789317414440445700,54.30744580078125,-2.4090035079687833,4.076917430967092,0.4999513629905879
1789317414450400800,54.31740087890625,1.081029980355501,7.4291855396330355,0.2444126040080562
1789317414460355800,54.32735595703125,-2.0689339332461354,1.6535849533945322,-1.0222836307458578
1789317414470310700,54.337310546875,-1.6717589079886674,-6.001545184609293,-0.2553825820401311
1789317414480265700,54.347265625,1.380057935115695,-3.485307628846168,0.7076382740065456
1789317414490219800,54.3572197265625,-0.13744389261901377,1.090159627750516,0.34209706196226175
1789317414500174800,54.3671748046875,0.8034078017175197,2.941744941535592,0.302284399272874
1789317414510129700,54.377129638671875,-0.933894130283594,0.49515316892862316,-0.27851240547597406
1789317414520084700,54.38708471679688,-2.122688319787383,-2.455986792939901,-1.6227964318990706
1789317414530039800,54.397039794921874,-1.988256468465924,-2.183503730756044,-1.2122194156896322
1789317414539994600,54.40699462890625,0.3394353684723377,2.2110049011439084,-1.0966858146488665
1789317414549950000,54.41694995117187,-2.183818788054585,-0.06228372995555401,-0.7729908169481903
1789317414559904800,54.42690478515625,-0.8451035016745329,3.0514076777815817,0.3887015036836266
1789317414569859800,54.43685986328125,-0.7919161013662814,-0.39593233171999453,-0.7697711973145603
1789317414579813600,54.446813720703126,0.1054185228049755,-3.7476165030181408,0.48436523293256756
1789317414589769000,54.45676904296875,4.108288136264681,-2.267631043729186,1.9795090983867645
1789317414599723800,54.466723876953125,4.221843203774094,-0.454492657238245,1.358081519498676
1789317414609678800,54.47667895507813,-1.6293863316833972,5.143225058487057,0.4400980750523507
1789317414619633700,54.48663354492187,-0.26073709481060503,0.2640665314942598,-2.7538275837421415
1789317414629588700,54.496588623046875,-6.937811889243125,-2.8714982698768377,-0.8791190223924815
1789317414639543800,54.50654370117188,0.5495920306026936,-6.175161629849672,2.08220491822958
1789317414649498600,54.51649853515625,3.8140813180506226,-1.4107289677113293,1.4822931517094373
1789317414659452700,54.52645263671875,0.23825579841136932,2.9617426044255493,1.161192627481371
1789317414669407700,54.53640771484375,6.298966873216629,1.8458716123133896,0.5083087839040905
1789317414679362800,54.54636279296875,7.4719573443889615,-1.6477286285817623,0.08422375908493995
1789317414689317600,54.556317626953124,7.648494060990214,-3.3195629398941993,-1.8218251124240457
1789317414699273000,54.56627294921875,5.5449915031880135,-0.06564823795258999,-2.0524360951706764
1789317414709227800,54.57622778320312,-8.466410865053534,-0.9634610010296106,-0.7090837235745042
1789317414719182800,54.586182861328126,-4.685077970394492,-2.1508286648616193,-0.2974747339688241
1789317414729138000,54.59613793945312,-8.635881881052255,0.4076896972700953,3.5658754957720635
1789317414739092700,54.6060927734375,-1.6630542080074548,0.028977088159322737,3.560903844839334
1789317414749047800,54.6160478515625,-0.6179378370761871,3.468681780476868,1.469137902060151
1789317414759001900,54.626001953125,0.30067046127021313,-1.019046694651246,-1.1814769983582198
1789317414768956700,54.63595678710937,6.114824942308664,-4.527621217316389,-1.910921445981413
1789317414778911700,54.645911865234375,7.4239569913297885,0.5278875637948512,0.05485080347582698
1789317414788866800,54.65586669921875,7.626766797828674,2.288763263607025,-0.8748303852878511
1789317414798821600,54.66582153320312,4.50406440064013,1.3348738085210323,-0.22142463672831653
1789317414808777000,54.67577685546875,-3.140032302173972,-5.475132369542122,1.567071329806745
1789317414818731800,54.68573168945313,-3.009869214212894,-6.652912413078546,2.538681150500476
1789317414828686600,54.6956865234375,-1.5744588097095489,9.333509340915084,4.615990405642986
1789317414838642000,54.70564184570313,-6.0081309927403925,9.373795174074173,1.1945031417351215
1789317414848596000,54.715595947265626,-7.532543622776865,4.614855848655105,-2.421102818824351
1789317414858550800,54.72555078125,-4.322539958754182,0.9706246090486645,-0.332471813070029
1789317414868505600,54.73550561523437,-2.0130524715483187,-5.474675273424387,-0.5660831466764211
1789317414878461000,54.7454609375,-4.811483751648664,6.212572199833393,0.4967318894874304
1789317414888415700,54.75541577148437,1.8681787211894987,0.9081213911235332,2.513334527797997
1789317414898370800,54.765370849609376,2.202866018351912,-0.4418994253858924,4.375552002495527
1789317414908325600,54.77532568359375,5.423846418941021,-5.618482271334528,1.1055898365944623
1789317414918281000,54.785281005859375,9.49976256391108,-1.2708140088036655,-0.10525456441491841
1789317414928234800,54.79523486328125,-1.9002642967581749,10.440648160517215,-1.485638516614586
1789317414938189800,54.80518994140625,-4.836287353515624,-0.7656094014599919,-8.08853266094029
1789317414948144600,54.81514453125,-9.828205998247862,-0.8676093479931354,-1.2815271259978414
1789317414958100000,54.825099853515624,-0.22741700901091097,-8.584045310831069,3.987798008795082
1789317414968054800,54.8350546875,5.079603942447901,1.5862497852683066,2.3277669480010865
1789317414978009600,54.84500952148438,-5.141377384793758,8.317074290066957,2.209861430197209
1789317414987965000,54.85496484375,5.1048371679037805,3.892692497950792,-0.2051290432266891
1789317414997919700,54.86491967773438,2.114516119247675,2.086814457851648,-0.8806733391623943
1789317415007874800,54.87487475585937,-3.9114802005290983,-6.96068832243979,-3.8259704932868477
1789317415017828600,54.88482861328125,3.338185222777724,-0.8626753987222909,-3.137361621659994
1789317415027784000,54.894783935546876,1.1624702462017535,-1.4817717581838368,-0.5079422156140208
1789317415037738800,54.90473876953125,0.10565993034541606,-2.0576772106945516,0.9420764138258994
1789317415047693800,54.91469384765625,0.44619478449225425,6.602246055680513,2.5755267800778148
1789317415057649000,54.92464892578125,1.2460393407702446,-2.852593662920594,-0.058217065038532016
1789317415067603700,54.93460375976562,0.6651672057628631,-6.162881993991136,-1.4438836338162422
1789317415077558800,54.944558837890625,3.8718414331018924,-1.8128338505864143,0.4521521585267037
1789317415087513600,54.954513671875,-3.066981094488501,-0.77964698690176,0.005639321061223745
1789317415097469000,54.964468994140624,2.169134429141879,0.9662444942682981,-0.6540910274099558
1789317415107422700,54.97442260742187,0.507848399850726,4.1604625601381064,1.5420251513555645
1789317415117377800,54.984377685546875,-4.003862716150284,-1.2812801654994488,1.529061771016568
1789317415127332600,54.99433251953125,-1.891528032594919,-3.1434327582672235,1.3857896106354892
1789317415137288000,55.004287841796874,-5.124871071150898,-2.7632904086142775,-0.12928367477804423
1789317415147242800,55.01424267578125,-2.622677822831273,0.17801029628515241,-1.745195169468969
1789317415157197800,55.02419775390625,0.42184126448035236,1.4289438388377427,-0.30549642012193795
1789317415167153000,55.03415283203125,4.262387980130314,-0.6809288385182619,0.3611811171386391
1789317415177107700,55.04410766601563,3.7614082970052953,-3.2375358140707013,-0.6006964140918105
1789317415187062800,55.05406274414062,4.775540331608057,-0.7417272983521223,-1.1577756586447356
1789317415197016800,55.06401684570312,-1.6298200469255446,0.07289455581903458,0.18926855320669708
1789317415206972000,55.073971923828125,-1.1399918724119662,-0.09531330837607384,0.6647898238178342
1789317415216926700,55.0839267578125,-4.149655919441581,2.6529253693178294,0.32734482544511556
1789317415226881800,55.0938818359375,-5.050453251287341,-0.022566928856074808,-0.15352514925021676
1789317415236836600,55.103836669921876,-0.6062374624103307,2.7253999461591243,1.3863210871636866
1789317415246792000,55.1137919921875,-0.6128384681105613,1.3750263706892727,0.6419117101207376
1789317415256746800,55.123746826171875,0.45805298006832595,-3.782338856831193,-0.5009833729194477
1789317415266701800,55.13370190429688,2.7056846073418854,3.129174223551154,-0.38467476891819385
1789317415276657000,55.143656982421874,4.937960260051488,1.0889946756243705,-0.6637120385184884
1789317415286611000,55.15361083984375,4.077411936485767,-4.768893148678541,-0.30234752763696016
1789317415296565800,55.163565673828124,5.241357515937089,2.295167869952321,0.6044702700747177
1789317415306520600,55.1735205078125,-3.9632513042986393,0.6523088932335377,-0.6916527693673968
1789317415316476000,55.18347583007812,-1.1751321593761443,1.1226371252462268,-1.241683775909245
1789317415326430700,55.1934306640625,-1.1533891141235828,-0.6417530124276876,-0.1536880116617307
1789317415336385800,55.2033857421875,-1.8725725722342728,1.3701368450820446,-0.4441109639555216
1789317415346340900,55.2133408203125,-0.24081074359118937,-0.19185937341749668,-1.3204459085874258
1789317415356296000,55.2232958984375,-1.2720932349592446,-0.33381694406867024,-0.5109628055442125
1789317415366249700,55.233249755859376,2.6126339832007885,3.767366328626871,0.695103275147453
1789317415376204800,55.24320483398437,0.723780722773075,-3.630388299953937,0.25368129454758015
1789317415386159900,55.253159912109375,2.448396776202321,-0.5808405708253384,0.4403232621103525
1789317415396115000,55.26311499023438,3.514475271141529,0.7712643584817648,0.5808427627824246
1789317415406069800,55.27306982421875,0.11542553755640983,1.154134379532933,-0.0871074247624725
1789317415416024600,55.283024658203125,-2.673940392556786,3.852773744538426,-0.08535800554556772
1789317415425980000,55.29297998046875,-5.919187219396234,-5.130379020917415,-1.6406223037078975
1789317415435934700,55.302934814453124,-3.625066228148341,-0.405504462185502,0.3140986461093649
1789317415445889800,55.31288989257813,1.3694792579561472,-1.2938397873431444,1.4011594675943255
1789317415455843600,55.322843505859375,2.155514484590292,1.6996417711704968,0.5731195115866139
1789317415465799000,55.332798828125,5.043539526376128,2.7121687086641786,0.0306112286997959
1789317415475753700,55.342753662109374,2.918852141726017,-0.10826514440774918,-2.0059990459054706
1789317415485708800,55.35270874023438,0.49026773497462267,0.6050351008832454,-2.9142519544541834
1789317415495663900,55.36266381835937,-0.6163438458830118,-1.188771685411036,-1.7649563932545482
1789317415505618700,55.37261865234375,-5.8655251873135565,0.03134586311727762,-0.7949791421987116
1789317415515573800,55.38257373046875,-6.803996123993397,-0.6311760888338088,-0.023832089953683314
1789317415525528600,55.39252856445312,-5.295691163671016,-0.2799082437485456,0.4343158383890986
1789317415535484000,55.40248388671875,-0.18182020996212958,4.0369346724078055,0.8443021221637725
1789317415545437700,55.412437744140625,1.9153040449798107,-1.703044857612252,-0.7892269353475421
1789317415555392800,55.42239282226563,3.9317672017544507,-1.0086614942371845,-1.9948479756854474
1789317415565347600,55.43234765625,4.826827451252937,-0.7311568044990301,-2.2370421364590523
1789317415575303000,55.44230297851563,5.245706358796358,-1.381141638699174,-2.737968335831165
1789317415585257700,55.4522578125,4.43119848639369,2.6543331902891394,-1.3747709346234798
1789317415595212800,55.462212890625,-1.1848206096976994,-2.8120500556081534,-1.5029975015640258
1789317415605167900,55.47216796875,-4.391054107531905,-2.7997382710456846,-0.8114525034200399
1789317415615122700,55.482122802734374,-2.043983616384864,-3.576244621834159,0.8893552427899092
1789317415625077800,55.49207788085938,-1.4196154540002346,1.4436325816646218,2.3239006279617547
1789317415635031800,55.50203173828125,0.6691103904306889,5.371397854301333,1.1208473922852427
1789317415644987000,55.51198681640625,-0.7744394813865423,2.2214631667941807,-2.416231121134758
1789317415654941700,55.52194165039062,0.30306933910548683,-0.998003906622529,-3.433459075926244
1789317415664896800,55.531896728515626,-0.07900105600059032,-5.773157869261503,-2.2790279054038227
1789317415674851800,55.54185180664062,0.8252852870047092,-2.0348247428953647,0.05481461791759357
1789317415684807000,55.551806884765625,3.311027166739106,-0.9470786060273647,1.8998760280929505
1789317415694761700,55.56176171875,1.5326947206914423,-0.0012877017229795456,2.182385978772491
1789317415704716800,55.571716796875,2.190231577706337,0.9176479288816451,1.0112509992737322
1789317415714671900,55.581671875,-1.716502889600396,-0.9983043508738279,-1.9022326742216944
1789317415724626000,55.5916259765625,-5.4429836656093595,-0.0376928940564394,-2.716219153098762
1789317415734580700,55.60158081054688,-4.161691809672117,-0.8546247787356376,-0.8707497649107128
1789317415744535800,55.611535888671874,-1.7775486021935938,-0.19111995322704314,0.9225440303601324
1789317415754491000,55.62149096679688,0.4396387869775295,1.2355740608572958,1.467700708863884
1789317415764445700,55.63144580078125,0.37768531188964843,2.192900504654646,2.0508006029233337
1789317415774400800,55.64140087890625,0.24582068070769308,2.6541227624088526,0.061501950194407254
1789317415784355800,55.65135595703125,-3.1535937945365906,-1.5022276862353086,-2.684476399618387
1789317415794311000,55.66131079101562,-0.7077221528977156,-1.0817243923604487,-0.558152171014063
1789317415804265000,55.67126489257812,-0.08151391560435295,-1.1117138724327087,1.1987890754260122
1789317415814220000,55.681219970703125,-1.424385152620077,-0.8768471319377422,1.7950458265699445
1789317415824174800,55.6911748046875,0.8051087604165077,0.805177149477601,2.0222420324370263
1789317415834130000,55.7011298828125,2.0008745424985883,2.039900146463513,1.110613948366791
1789317415844085000,55.7110849609375,2.1088076784729957,1.4085907866388558,-0.2904342043401673
1789317415854039800,55.72103979492187,1.6123095246762036,-0.6708312228739262,-1.7482625942155718
1789317415863995000,55.730994873046875,0.3673988956749439,-2.6058728185027835,-1.5073141957193612
1789317415873950000,55.74094995117188,-0.2801478977233171,-1.0129150600284338,-0.24689828334394842
1789317415883905000,55.750905029296874,1.4553414318978786,1.0305600223124027,0.9678259182408452
1789317415893858800,55.76085888671875,2.643559867340326,0.7929431063264608,0.857742691560462
1789317415903814000,55.77081396484375,0.6179068574160337,4.113194028484821,-0.3255554212776944
1789317415913769000,55.78076904296875,-2.6560768190860746,-1.2639987758308648,-1.9366222889490425
1789317415923724000,55.79072412109375,-2.5866221745878457,-0.6533271303653717,-1.5085665338680148
1789317415933678800,55.800678955078126,-1.209791969347,-4.4070957262724635,0.3330391280965879
1789317415943634000,55.81063403320312,1.8201853823930023,-2.4102783502101897,2.883284276999533
1789317415953589000,55.820589111328125,2.788282811051607,4.584934757643937,3.130214380253851
1789317415963543800,55.83054370117188,0.9871148483395575,2.3833143554389475,0.004766483749449253
1789317415973499000,55.84049877929687,0.15437281558811664,0.687006697127223,-1.621732602059841
1789317415983452700,55.85045263671875,-1.2533745059639214,-9.370269338035582,-1.598481490331888
1789317415993408000,55.860407958984375,1.9131109188497066,-5.872778519442678,0.5575494193479419
1789317416003362800,55.87036279296875,5.22160652128458,3.734853467556834,2.798892760132253
1789317416013318000,55.88031787109375,-3.2931904812753197,5.315157496163248,1.836649464329332
1789317416023273000,55.89027294921875,-2.1532366027861833,3.6111072609007357,-1.1436992024973034
1789317416033228000,55.90022802734375,-7.7685139405995605,-5.148196417158842,0.5489623909296467
1789317416043182800,55.910182861328124,1.7552029148727655,-6.073342592841386,1.5337097429528832
1789317416053138000,55.92013793945313,4.357914638996124,-1.3027449783325196,-0.18899521615803241
1789317416063093000,55.93009301757812,-0.661849459517002,4.263350103160739,-0.0777790764575824
1789317416073047000,55.94004711914062,5.796323056271672,4.859765259736776,-0.6112669444775208
1789317416083001900,55.950001953125,-3.3702567698210477,-3.931857802647352,-0.7589794619262218
1789317416092957000,55.95995703125,-3.3694811092734334,-1.758155919459462,0.1946072108209133
1789317416102912000,55.969912109375,3.3741678057849405,-0.10054127215743064,0.9422199139498174
1789317416112866800,55.97986669921875,-4.886748543730378,-0.7145221883013844,-0.013528795669414102
1789317416122822000,55.98982177734375,0.5258113420426845,0.6921756241977215,-0.05842577588576823
1789317416132777000,55.99977685546875,2.1021149028360844,4.291120153617858,0.4348412505026906
1789317416142732000,56.00973193359375,1.051421608555317,4.931926825106143,-1.6575477195456623
1789317416152686800,56.01968676757812,-1.5088058955818413,-1.7818226262509822,-2.409546090412885
1789317416162641000,56.02964086914063,-0.6287573372542857,-3.3420302077680826,-0.7105758618284016
1789317416172596000,56.039595947265624,0.454962612837553,-3.544783315643668,0.06299765037856996
1789317416182550800,56.04955078125,0.4887818803310394,4.317034931597114,1.9296933664686977
1789317416192505900,56.059505859375,3.8171933125913142,9.314899332991242,1.6760460837885736
1789317416202461000,56.0694609375,-4.3729818597465755,2.711357100020349,-0.6828691589310765
1789317416212416000,56.079416015625,-5.755227075773477,-7.399592365401983,-1.6733828559286892
1789317416222370800,56.089370849609374,-3.608583879902959,-5.792648167151213,-0.3876347877675667
1789317416232326000,56.09932592773438,-0.38948739336431026,4.036586005100608,-0.16394695534761994
1789317416242281000,56.10928100585937,3.4628210717499255,1.6006927366405725,0.039279542193375525
1789317416252235000,56.11923510742187,5.615116009771824,1.6409797388434408,1.2733581403285263
1789317416262189800,56.12918994140625,5.3632431894183155,0.6122410867393017,-0.490797056078352
1789317416272145000,56.139144775390626,-0.20222060843408107,-3.1688270195037123,-2.3457005179680883
1789317416282100000,56.14909985351562,-2.803143695574999,-1.4094868586957454,-1.7043975873954593
1789317416292054800,56.1590546875,-0.7060925058692693,-0.07461597278416156,-0.1880790146285668
1789317416302009900,56.169009765625,-4.081196715721488,0.3607829846665263,1.2993027289241552
1789317416311965000,56.17896484375,0.836589355829358,-0.5019008896231651,0.16234507310893387
1789317416321920000,56.188919921875,-1.4527823950648306,3.1423177827626465,0.22478782955110072
1789317416331874800,56.19887475585937,-0.23771043948829174,-1.4503133746027945,-1.0789115999620407
1789317416341828900,56.20882885742188,-0.20394260992109775,-2.3574895938307043,-1.0546773954808712
1789317416351784000,56.218783935546874,3.0431629965275526,-2.386360883527994,-0.6550825957305729
1789317416361739000,56.22873901367188,2.967535800874233,1.7905337559729813,-0.48127000686358656
1789317416371693800,56.23869384765625,0.9219920955657959,2.5488562152951952,-0.7487459449425339
1789317416381649000,56.24864892578125,-0.44318274319469925,-1.1501204677164554,-1.4651165375895798
1789317416391604000,56.25860400390625,-2.9239053334623573,-1.405280054655671,-1.7202216178625822
1789317416401558800,56.26855883789062,-3.222992909455299,-2.5267595342993734,-1.239041152445972
1789317416411513900,56.278513916015626,-0.5770563761115074,3.5348499506503344,0.384986392150633
1789317416421469000,56.28846899414062,-1.0892115332454442,1.0558926164895295,-0.03323003289606422
1789317416431423000,56.29842309570312,0.3118599638044834,-0.622490678074956,-1.1454593440376222
1789317416441377800,56.30837768554687,2.536504683244228,-2.937149430438876,-1.80832835586071
1789317416451332900,56.318332763671876,3.7382898717463013,0.626565380167961,-1.0852774086669086
1789317416461288000,56.32828784179687,3.5688334687948227,3.080273122259974,-1.838332741241157
1789317416471243000,56.338242919921875,-1.1490665747493505,-5.173524919682741,-2.8549869877979157
1789317416481197800,56.34819775390625,-0.3015373072326183,-1.508223127257824,-0.965134048808366
1789317416491153000,56.35815283203125,-2.009419083482027,-1.8090099083840845,0.17308361700531094
1789317416501108000,56.36810791015625,-1.9822528441369531,1.904780897399783,1.1553624600231647
1789317416511062800,56.37806274414063,-0.5423538960427046,1.6374872205525635,0.9655885145775973
1789317416521016800,56.38801684570313,-1.7817115670919417,-1.125823646327853,-0.225243318233639
1789317416530972000,56.39797192382812,2.692897606483102,-2.305339135354757,-0.4449455881487578
1789317416540927000,56.40792700195313,4.075940694889426,-2.7809669350802895,0.2792446287406608
1789317416550881800,56.4178818359375,4.166742663320899,3.2372803780049084,0.005196363066695631
1789317416560836900,56.4278369140625,1.5045885701477526,1.8705875358968973,-2.006133047548681
1789317416570792000,56.4377919921875,-3.1119910335600376,-2.646357389104366,-1.6782897710621356
1789317416580747000,56.4477470703125,-2.091761266604066,-0.8020064104869962,1.0439892665974795
1789317416590701800,56.457701904296876,-2.004877348399162,-0.5081158186152577,1.8675398387640714
1789317416600657000,56.46765698242187,-3.560179037696123,2.8769074354439974,1.8294205359891056
1789317416610611000,56.47761083984375,-3.1579011363416907,1.8675743255555628,-0.7607950599808245
1789317416620566000,56.48756591796875,-0.9649328271478413,1.8452496810227632,-1.8902607891380785
1789317416630520800,56.497520751953125,2.883442390170693,-0.38968729985058304,-1.6357988290742038
1789317416640476000,56.50747583007813,2.3625626593112945,-1.639524863860011,-1.2667837303742766
1789317416650431000,56.517430908203124,2.8359301128894088,2.3472803345054385,-0.19131522007081656
1789317416660385800,56.5273857421875,-0.8408364918798208,-0.1495773980051279,-0.6662934333138167
1789317416670341000,56.53734106445312,-1.4769085360616445,-1.7545201933056116,0.31010935727749017
1789317416680296000,56.5472958984375,-0.7539303618431091,0.7173077273666858,0.66984001987949
1789317416690250800,56.55725073242188,-3.417632853502035,2.0853736113935706,-0.23838691397774964
1789317416700204800,56.56720483398438,-2.8613252509087324,0.354116220253706,-0.7822867608208209
1789317416710160100,56.57716015625,-2.773066537219286,2.027193809625506,-0.1602790074246004
1789317416720115000,56.587114990234376,-0.7090507711529731,-1.826778789308667,-0.02312646243497729
1789317416730069800,56.59706982421875,1.5397551605969666,-0.8090373320370912,0.39449309269711375
1789317416740024800,56.60702490234375,3.2039830885589122,1.190420329400897,0.6361569459863007
1789317416749980000,56.61697998046875,2.8713024550437924,3.398583869639039,-0.36371480033472176
1789317416759935000,56.62693505859375,0.5297510195791721,-0.49819034466743467,-1.6683723342902956
1789317416769889800,56.636889892578125,-1.0018798712730408,-4.825816812905669,-1.3092083291277288
1789317416779845000,56.64684521484375,0.05414309359788894,-1.3191641982138156,0.3760186573190614
1789317416789799000,56.656798828125,-0.3313882556170225,0.007022445982694626,1.4030043648086488
1789317416799754200,56.666754150390624,1.7466016752660274,3.253594383946061,1.6689412202194331
1789317416809709000,56.676708984375,1.4583593184143304,2.926495349955559,0.9643633566968143
1789317416819664100,56.6866640625,-0.7592413277328014,-2.1331255426496267,-0.21374142528194934
1789317416829619000,56.696618896484374,-1.0407459007620812,-0.8151502619594335,-0.09943590473141521
1789317416839574000,56.70657397460938,-1.1877543250620364,-0.5661848534852266,0.5014993596175685
1789317416849529000,56.71652905273437,-0.044516602596640586,1.2092355045080185,1.0941962628554551
1789317416859484000,56.72648388671875,0.3545739008933306,-5.928656474009156,1.4807435841798782
1789317416869439200,56.73643920898437,3.0234084947437045,0.9765519532710313,3.0877865666300055
1789317416879394000,56.74639404296875,2.634199333798885,2.337354568296671,0.7787273147735744
1789317416889348000,56.75634814453125,-1.4957038374245166,-0.0800257228732109,-1.6131372076719999
1789317416899303000,56.766302978515625,-1.2338052976191043,-1.7624205911666153,-1.1806357252284885
1789317416909258200,56.77625830078125,-1.7455296621203422,-5.327397384533286,0.4544456032261252
1789317416919213000,56.786213134765624,2.071377819266915,-1.4149965620279312,1.7913025483883915
1789317416929168000,56.79616796875,2.159288742431998,3.139400434011221,2.3728420612633228
1789317416939123000,56.806123046875,-0.37617023115158077,1.682740905252099,1.0683170676462352
1789317416949078000,56.816078125,-2.88208688390851,-1.42693483710289,-1.6239854955531656
1789317416959033000,56.826033203125,-6.372663977590203,-1.8919962346285581,-2.494514384254813
1789317416968988000,56.83598779296875,-0.2707026085078716,-0.5954857667714357,0.3871768148669973
1789317416978942000,56.84594189453125,1.0264514179497957,0.27917408425509926,1.2364938060507178
1789317416988897000,56.85589697265625,0.5818628996104002,0.14769231491088866,0.27095588914919644
1789317416998852000,56.86585205078125,3.355449661311507,-0.3053676791757345,0.3453929617024958
1789317417008807000,56.87580688476562,3.6714696674048897,1.9345465055882929,-0.4243850672116503
1789317417018762000,56.885761962890626,3.017760844245553,3.9014650024712085,-2.4336337990954515
1789317417028717000,56.89571704101562,-0.2834919474542141,-3.5488650319993496,-3.7120205812409517
1789317417038672000,56.905671875,-1.7292881368935107,-2.087313055023551,-1.640841791677475
1789317417048627200,56.91562719726563,-1.4261118302822111,0.31203444358855487,1.0443833804816007
1789317417058582000,56.92558203125,-1.7782395070672035,5.101510069307684,2.2323199302427468
1789317417068536000,56.9355361328125,-0.6401023226112127,5.39326189558506,1.1668529913306236
1789317417078491000,56.945490966796875,-3.578948620095849,0.3780640820741653,-0.9117500299494713
1789317417088446200,56.9554462890625,-0.965716671001911,-2.5749697307169437,-0.5977374912209809
1789317417098401000,56.965401123046874,-0.9953823259472846,-0.7386351775556802,-0.17397862961627542
1789317417108356000,56.97535620117188,0.270703777551651,2.256635602462292,-0.9545437542762607
1789317417118311000,56.98531079101563,1.7239169652491806,-2.493694300043583,0.01899820352382958
1789317417128266000,56.995265869140624,3.5527965262293812,0.32149639167785643,1.2701178432330489
1789317417138221000,57.00522094726563,2.8210885175883766,-0.2139046164870262,0.29593846431225534
1789317417148176000,57.01517578125,-0.07486030293405055,1.009048447728157,-0.5169778645826504
1789317417158131200,57.025131103515626,-2.034344265902042,0.9827057997256516,-1.0070021827228366
1789317417168085000,57.0350849609375,-4.533952758425474,-3.652884793922305,-0.6093641795961185
1789317417178040000,57.0450400390625,-1.673967816209793,-1.6061889959692954,0.6356564491182566
1789317417187995000,57.05499487304687,0.35402912649214263,0.9936264221906661,2.4425898434892295
1789317417197950200,57.0649501953125,2.297182716906071,7.096323704332113,2.5430706176310776
1789317417207905000,57.07490502929687,-0.23491233320236204,0.4896446346402168,-0.26392555212099106
1789317417217860000,57.084860107421875,-2.274350707373023,-1.202660217770934,-1.2570523176938295
1789317417227815000,57.09481494140625,-1.5763602594166992,-3.6605683341622353,-1.376012459117174
1789317417237770000,57.10477001953125,-0.16562778457403182,-2.50403215418458,0.4806668533386662
1789317417247725000,57.11472509765625,2.897577883028984,-0.5183008202821016,1.511524653021246
1789317417257679000,57.12467919921875,0.5761784242331981,-0.9006061931878327,0.7195449848994613
1789317417267634000,57.13463403320313,2.0833482430458066,1.0446598593354224,-0.9299326062414794
1789317417277589000,57.14458911132812,0.47070144923925394,-0.8571616037368774,-2.7702044257864356
1789317417287544000,57.1545439453125,0.9629285015881061,-1.5483113920181988,-2.916425791361928
1789317417297499000,57.16449877929688,2.0239070430397987,-2.963883123585582,-1.4390230420425534
1789317417307454200,57.1744541015625,1.8998241517752408,-0.00016717326045036316,0.517132653285563
1789317417317409000,57.18440893554688,1.553594885379076,2.205901440525055,0.42646541714966296
1789317417327363800,57.19436376953125,-0.1920803226917982,0.8132441360771655,-0.6330360374867916
1789317417337319200,57.204319091796876,-0.8785083431482315,0.284027369505167,-0.9416763085924088
1789317417347273200,57.214273193359375,-3.8180256717622276,-4.5053889272421594,-1.7206725765004753
1789317417357228000,57.22422802734375,-1.601225236082077,-0.7269575992435217,-0.3384936306428164
1789317417367182800,57.23418286132812,-0.2727846754789352,1.2327321154296398,0.5899693414375186
1789317417377138200,57.24413818359375,-0.9342109411478042,1.6047545792520046,0.2449864218406379
1789317417387093000,57.25409301757813,0.43248657713532446,-0.45818508201539515,-0.057971273583918806
1789317417397048000,57.264048095703124,-0.3519131572514772,-0.38284839374125,-0.961257645766437
1789317417407003000,57.2740029296875,-0.613033113899827,-0.753010908910632,-1.2727823862671852
1789317417416958200,57.28395825195312,0.7197013445049524,-5.0947605950474735,-0.17114128729850053
1789317417426913000,57.2939130859375,2.327977083620429,-1.092994558915496,1.696436399257928
1789317417436867800,57.30386791992188,3.5671225732237097,0.6193202313452959,1.6362825209379195
1789317417446822000,57.31382177734375,1.661903284406662,3.3234242914974685,-0.37297961841672655
1789317417456777200,57.32377709960937,1.5737357561320064,2.499710783854127,-2.073148043809831
1789317417466732000,57.33373193359375,-4.521410087716579,-1.283883041474223,-2.5644959752365946
1789317417476686800,57.34368676757813,-4.069864589846134,-1.7745888756051658,-0.02463920508548617
1789317417486642200,57.35364208984375,-1.7451152361005544,0.2920826656669378,2.297182132384181
1789317417496597000,57.363596923828126,-1.6510954746663569,3.929680750869214,2.212025037971884
1789317417506552000,57.37355200195312,-0.17670739699304103,3.4043075079828498,1.0809759851459413
1789317417516507100,57.383507080078125,-0.48648354026079177,-0.3409183005064726,-1.0152480330206453
1789317417526462000,57.3934619140625,-0.051014147922396655,-0.9597305823296308,-2.6225276007056233
1789317417536416000,57.403416015625,0.36242169178426265,-0.2271627419888973,-1.9897814860761165
1789317417546371000,57.41337109375,1.3094190492689608,-1.1343483135670422,0.32261772385798393
1789317417556326000,57.423325927734375,1.671731435459852,-0.2642944950312376,2.538079385215044
1789317417566281000,57.43328100585938,0.8314888178199529,-0.5116396088272332,2.6312930909633634
1789317417576236000,57.443236083984374,-0.3248433640182018,1.5528794305860996,1.3046993272706866
1789317417586190800,57.45319091796875,-1.9260288526117801,3.2130174588859077,-0.7463735167227685
1789317417596146200,57.46314624023437,-3.1652725418925285,1.468235400262475,-1.1051979146674276
1789317417606101000,57.47310107421875,-1.835915450966358,-4.798175065003335,-0.4565077964529395
1789317417616056000,57.48305615234375,-0.046939445829391475,-2.220500459241867,0.6765550804134458
1789317417626011100,57.49301123046875,1.5747744515299795,4.419508048599958,2.0464060212261974
1789317417635965200,57.50296508789062,2.9465958886981007,4.684274252796173,1.3345361009992658
1789317417645920000,57.512919921875,-0.02892155857980251,-0.4058884930670261,-0.8186737599104642
1789317417655875000,57.522875,-1.7091525268375873,-5.018156078794599,-1.9753999095022676
1789317417665830100,57.532830078125,-0.3200210584282875,-2.7249329131692646,-0.7182848287705331
1789317417675785000,57.542784912109376,1.5811656138718126,-1.2660837654113768,0.7592139282692223
1789317417685740000,57.55273999023437,3.2010061185747385,1.8733529089570045,1.6811068743094801
1789317417695694800,57.56269482421875,4.125771185985207,4.905974053204059,0.9666372929781675
1789317417705650200,57.57265014648438,1.0316156688451765,-0.8153799790620804,-1.6189930940933526
1789317417715605000,57.58260498046875,-1.254510816517472,-3.5009845059275624,-1.7165533046133816
1789317417725559000,57.59255908203125,-2.987733370250463,-4.702532378542423,-0.6043627545796334
1789317417735513900,57.602513916015624,-3.80054612917304,-2.619521989148855,0.5676571179948747
1789317417745469200,57.61246923828125,-0.15634908409714698,5.20150189088881,2.249602050563693
1789317417755424000,57.62242407226562,1.0189520021051168,2.420623218613863,2.2896299634389576
1789317417765379000,57.632379150390626,1.0437234552681445,2.2971008838415146,0.5044971166614443
1789317417775334100,57.64233422851562,-3.421774775612354,-4.478723623156547,-3.2750074665918945
1789317417785289000,57.6522890625,-0.8652584009528159,-7.1502201296925545,-3.138538264223933
1789317417795244000,57.662244140625,3.874757028287649,0.9722580554693937,0.8032287918888033
1789317417805198300,57.6721982421875,5.09105706435442,-0.35774142501354217,1.4933093435034155
1789317417815152400,57.68215234375,5.773531378749013,2.6415210549890995,1.3909041771702468
1789317417825107500,57.692107421875,4.363541831228137,-1.7910019580066203,0.788130664543435
1789317417835062500,57.7020625,-0.8944804037839174,-0.7190005027592181,0.8491795189417898
1789317417845017300,57.71201733398438,-5.066434664273261,0.17293050880283117,-1.090093138385564
1789317417854972400,57.72197241210937,-6.085435766217112,1.881763009905815,-1.2245530467577277
1789317417864927200,57.73192724609375,-5.896746839529276,3.931906317964196,1.1317210338033734
1789317417874882600,57.74188256835937,-2.3409727587938307,0.36733576731085776,1.1732418155848978
1789317417884837400,57.75183740234375,-0.4406184456646442,3.00976516931653,1.4691726811125874
1789317417894792200,57.76179223632813,4.785041734924913,0.7756722380518912,0.8503337304782121
1789317417904747500,57.77174755859375,2.601771228402853,0.004796586626768112,-0.003567958147265017
1789317417914701600,57.78170166015625,0.9150812932640313,-0.17510171536207197,-3.1540444609135387
1789317417924656400,57.791656494140625,0.6514718578875065,-1.0957786366760731,-3.7044720655575394
1789317417934611200,57.801611083984376,-0.10542787515521049,-2.5191204177230597,-1.4047534004330635
1789317417944566500,57.81156640625,-1.8878952290505169,-2.104955679219961,1.1312966709114611
1789317417954521300,57.821521240234375,-3.0715561473190784,2.840215535123646,2.744258083625138
1789317417964476400,57.83147631835938,-3.5662311773419377,1.8342521939292549,1.6750056348249316
1789317417974431500,57.841431396484374,-3.2567677532851693,0.788802353259921,0.12191248842291533
1789317417984386600,57.85138647460938,-1.8303537251859903,2.5405145034074783,-0.6930572293378412
1789317417994341400,57.86134130859375,-0.10699731642901897,-0.3156248692959547,-1.1784317854434252
1789317418004295400,57.87129541015625,1.2625380556285382,-1.4582476747334003,-0.8064246653206646
1789317418014250500,57.88125048828125,2.118272256910801,1.513127850434184,0.9126197254560887
1789317418024205600,57.89120556640625,1.7425895170152186,0.4927765029251575,1.345760967107862
1789317418034160400,57.90116040039062,0.7115022559583186,-1.8206904093056917,0.8941159543856978
1789317418044115200,57.911115234375,0.5232756860852241,-1.1240835246622563,0.9415521707560867
1789317418054070500,57.92107055664062,-1.163791850194335,-0.686782825243473,-0.08102576676122844
1789317418064025300,57.931025390625,-1.7473182991027831,1.1816875723689795,-0.648310617377609
1789317418073980400,57.94098046875,-0.4637316102266311,-0.4432780202627182,-0.9852683436900377
1789317418083935500,57.950935546875,0.5214759431868792,0.04012625868320465,-1.0931728380918502
1789317418093889500,57.9608896484375,3.4015777907580134,-0.3069681001096964,-1.1854334808990359
1789317418103844400,57.97084423828125,5.4798430314511055,-0.24056056822240351,-0.8812804382100701
1789317418113799400,57.98079931640625,4.3656648147314785,0.942734439343214,-1.105333889072016
1789317418123754500,57.99075439453125,-0.5770546225458383,-4.841076925879716,-3.3086443632557985
1789317418133709300,58.000709228515625,0.6823392898380756,-3.707344698384404,-3.23977628647387
1789317418143664400,58.01066430664063,2.723443551394343,0.09323357949256897,-0.042875813119672236
1789317418153619200,58.020619140625,2.503607791292667,1.8009774085760115,0.9998848980635404
1789317418163574500,58.03057446289063,-2.2891186529159544,-0.6503244414180517,-0.3166626513784751
1789317418173529300,58.040529296875,-3.1014187861412763,-2.131994492793083,-1.652852985858172
1789317418183484400,58.050484375,-2.070005946391821,1.665875695168972,-0.6373783044748008
1789317418193438200,58.06043823242187,-0.4013970268666744,-1.6355466078788041,-0.2325634319886565
1789317418203393500,58.0703935546875,2.9830712236583232,0.870698546180129,0.7062769225254655
1789317418213348400,58.08034838867187,2.7330080830752848,-3.1778216423422094,0.1663714425481856
1789317418223303400,58.090303466796875,3.379879753690958,-0.034654549273848534,-0.6610529023118317
1789317418233258500,58.10025854492188,1.4438164137989282,0.5105740254223347,-0.7747481089442968
1789317418243213300,58.11021337890625,-0.3672726389467716,1.6516916869938372,-1.8910367419466376
1789317418253168400,58.12016845703125,-7.756259439182281,0.9053618632823228,-2.003519796310365
1789317418263123500,58.13012353515625,-5.365371433618664,-5.143485170727968,1.0322209412619472
1789317418273078500,58.14007861328125,-1.3418845640659331,1.7355962971270082,2.044222393576801
1789317418283032300,58.1500322265625,-2.9909371347278353,3.6573683690771457,0.8246060725688934
1789317418292987400,58.1599873046875,0.2815595180869102,4.4490451087296,-0.1553440717730671
1789317418302942500,58.1699423828125,2.067817496436834,-0.48292847812771794,-1.0445023306861518
1789317418312897500,58.1798974609375,2.7877088105559347,-4.8932449200123544,-2.1587577042952177
1789317418322852400,58.18985229492188,6.3050225199937815,1.7252917607337235,-1.055536131202057
1789317418332807400,58.19980737304687,5.01384347629249,2.4726146871358154,0.32761392471008
1789317418342762500,58.209762451171876,-3.8407811089277266,1.7142624171972274,-0.360445679003559
1789317418352717300,58.21971728515625,-3.709295832452178,-0.9101976128756999,-1.021527405551076
1789317418362672400,58.22967236328125,-5.552381613439321,-4.27076096393913,1.4273762972600756
1789317418372627500,58.23962744140625,2.3172277260690928,2.994560585922003,2.663560452839732
1789317418382581500,58.24958154296875,-2.5035791497200726,5.599039904239773,-0.349478769711405
1789317418392536300,58.25953637695312,0.10059387912750244,-0.03855740193128586,-2.9895173310577867
1789317418402491400,58.269491455078125,3.3270185165971515,0.016122867283225057,-1.2870159326724708
1789317418412446500,58.27944653320313,0.8389385493040085,1.0446277106314896,-0.45601073365099726
1789317418422401500,58.289401611328124,1.4820447299063204,-1.8940841468185186,-0.04199161416366696
1789317418432356400,58.2993564453125,0.3477133674740791,-3.493355910745263,1.0400826876129954
1789317418442311200,58.30931127929688,-1.1807120053350926,-0.8980909954965114,2.4363445193588733
1789317418452266500,58.3192666015625,-2.3884651623308657,0.21046616647094488,2.289307453486323
1789317418462221300,58.32922119140625,-2.2562065633952617,2.432833296367526,0.05995963438954204
1789317418472175400,58.33917529296875,-2.0829788252115247,1.502085062894225,-2.516590314723551
1789317418482130200,58.34913012695313,-1.0944944420844316,-1.9684750786751508,-1.7760173009730875
1789317418492085500,58.35908544921875,1.980350809907913,-1.3131629119724035,1.188530424001068
1789317418502040300,58.36904028320313,1.8457295734941959,2.0169845503002404,1.17872112377882
1789317418511995400,58.37899536132812,1.4823995346933603,0.002477203768491745,-0.20987806438468395
1789317418521950500,58.388950439453126,2.1221336085140705,0.17896482053101062,-0.39151199452709406
1789317418531905500,58.39890551757812,0.8138380103170871,1.0132231030642986,-0.9085530605390667
1789317418541860400,58.4088603515625,-2.678592602276802,-2.2868203128457067,-3.225768511648476
1789317418551815400,58.4188154296875,-5.890048218673467,-1.5307587841928005,-3.4194331809222698
1789317418561769500,58.42876953125,-4.29244175761044,-3.13777955481112,-0.7575307244226336
1789317418571724300,58.43872436523438,0.0704752197176218,0.6740285576105117,2.0418555183149873
1789317418581679400,58.448679443359374,4.163751664811373,1.9160615853488445,1.8911239818386731
1789317418591634400,58.45863452148438,4.5256782665550706,-0.6714671826899051,0.9689495154432952
1789317418601589500,58.46858959960937,4.147172870454192,0.8344675413697957,0.009791326174139976
1789317418611544300,58.47854443359375,0.4110013060361147,-2.8970822084665295,-1.8196059750698506
1789317418621499400,58.48849951171875,-0.39563890173137184,-2.343631164348125,-1.2093977093324064
1789317418631454500,58.498454345703124,-0.8269266244709491,-2.5198925711393354,1.2181477097600697
1789317418641409300,58.5084091796875,-2.0401514908760783,1.1195078873097897,3.0214544380664825
1789317418651364400,58.5183642578125,-2.1699352241307497,1.4610896201610564,2.327422372347116
1789317418661318400,58.528318359375,-2.4738731627643107,-1.5302473275393247,1.21396260609515
1789317418671273500,58.5382734375,0.9052607409954071,1.3590215768277645,1.0167110913105308
1789317418681228300,58.548228271484376,1.1382640257060528,-2.3698183295279738,-0.4335327617200091
1789317418691183400,58.55818334960937,2.960449057483673,-0.7756576250046491,-0.788850868576765
1789317418701138400,58.568138427734375,4.038784391927719,-0.20091011035740375,-0.8417427930697798
1789317418711093500,58.57809350585938,1.8238924202173947,1.1496709703832864,-0.355186443301104
1789317418721048300,58.58804833984375,0.9177595725625752,1.1959697802215814,-0.23790243666274472
1789317418731003600,58.59800366210938,-1.5391536875724792,-1.9501152461200952,-0.487203817359358
1789317418740958500,58.60795849609375,-1.0534779565632342,-2.0221897177278993,-0.5254928506780415
1789317418750913300,58.617913330078125,-3.976204309374094,0.9648913260936737,0.07183967647124082
1789317418760867300,58.627867431640624,-1.8450883529812097,6.387927013173699,0.044063141474407166
1789317418770822400,58.63782250976563,-0.8535504275023936,2.1668623925566672,-0.5672704932974652
1789317418780777500,58.64777758789062,1.3475024039477108,-3.6497628625094887,-0.29111166521031406
1789317418790732300,58.657732177734374,4.850153966304659,-1.8711293876886366,1.0749315904151648
1789317418800687600,58.6676875,6.862326732409,3.235490571978688,1.2420593312233685
1789317418810642400,58.67764233398437,1.7841186282336712,0.5120353301465511,-0.8358237782843411
1789317418820597800,58.68759765625,-0.26072657341659067,-0.96463705907166,-3.019243191757798
1789317418830552600,58.69755249023437,-3.834448398774862,2.0100573813855647,-1.445404705903679
1789317418840507400,58.70750732421875,-5.018506207406521,-1.5022197951897978,1.145926523157954
1789317418850461400,58.71746142578125,-3.6307775915324685,0.4357569771081209,0.2047179416751489
1789317418860416500,58.72741650390625,-6.290364464566111,3.122074328418076,-0.7268206019256264
1789317418870371600,58.73737158203125,-1.2525854014128446,2.6519068399250507,0.7751084666892886
1789317418880326400,58.747326416015625,1.1684499051332473,2.9998364804983138,1.3729669539414346
1789317418890281500,58.75728149414063,0.7866717709720135,-1.1559826377481222,-0.1421845112748444
1789317418900236500,58.767236572265624,1.0005039067447186,-0.9462713812977075,-1.1813587788060307
1789317418910191600,58.77719165039063,0.9084808720856904,-3.2743624466866255,-1.0427322522737086
1789317418920146400,58.787146484375,2.165534943345189,-2.6874387565553186,0.6122090111006051
1789317418930101800,58.797101806640626,4.745909747976064,1.8196487912982702,1.2945385832622647
1789317418940055600,58.8070556640625,2.963522473579645,1.5576403613775969,-0.10519804845470934
1789317418950010600,58.8170107421875,-2.7977731084525583,-0.39428076512068505,-1.8613075202457605
1789317418959965400,58.82696533203125,-3.0965742687195537,-3.445602225923538,-1.4748887206718324
1789317418969920500,58.83692041015625,-2.7491075694829226,-0.18991817622184753,0.7213013270474969
1789317418979875600,58.84687548828125,-0.6192524268060923,1.709330221492052,2.347811080381274
1789317418989830400,58.85683032226562,0.344882527962327,4.318405050906539,2.2621073118716475
1789317418999785500,58.866785400390626,0.18873568843901156,1.2085913613855839,-0.4809024156602099
1789317419009740500,58.87674047851562,0.43820144765079017,-0.3646545654028654,-1.7245004642255604
1789317419019695600,58.886695556640625,1.0819956105172635,-1.2785557089716195,-1.6697135197661817
1789317419029649400,58.8966494140625,0.24124387431144714,-0.9202069657146931,-1.3246229020111262
1789317419039604500,58.9066044921875,0.1876186671078205,-2.1675293320327995,-1.1113788683246821
1789317419049559600,58.9165595703125,0.5737292775154114,-3.458235497525334,0.6873826908327638
1789317419059514600,58.9265146484375,2.565224581772089,0.019857962158322334,2.2941787127844986
1789317419069469400,58.93646948242188,3.04029533213675,-2.3317039951890703,0.2092126227458939
1789317419079424500,58.94642456054687,1.9725790068626403,-2.1539093874812125,-2.0020874254196883
1789317419089379600,58.956379638671876,1.688824609079957,0.5565162769079208,-2.8079627862945196
1789317419099334400,58.96633447265625,-0.35410452981591223,-0.19213526774942874,-2.7160350287035104
1789317419109289700,58.976289794921875,-1.104697271668911,-0.3041653176486492,-1.214596447019279
1789317419119244500,58.98624462890625,-4.009233303272724,-3.2179490700691935,0.41344818773157893
1789317419129198600,58.996198486328126,-2.065827783924341,-1.9635224247038363,3.7155738898083563
1789317419139153400,59.0061533203125,1.1912287231743335,-1.5726725108146666,4.252076429474354
1789317419149108700,59.016108642578125,1.6741326513826846,2.2366765180170534,2.8975319980606433
1789317419159063600,59.0260634765625,3.0839784065186975,3.278402661988139,0.19843356417603789
1789317419169018600,59.0360185546875,-0.4410632668226957,-0.4089519722908735,-2.698732596246898
1789317419178973400,59.045973388671875,-0.4677963754475116,-1.74232589764297,-3.1164673021912574
1789317419188928500,59.05592846679688,-2.165678151208162,-2.247906937083602,-1.4012801713645457
1789317419198883600,59.065883544921874,-1.4643313785612582,1.6692203294217585,1.9320662330798803
1789317419208838400,59.07583837890625,-0.49425651234984397,0.14619067817628384,2.4414991256430745
1789317419218792400,59.08579248046875,-0.012249240720272064,2.724365050153434,1.525951676172018
1789317419228747500,59.09574755859375,0.6675976477801799,2.8594845914781093,-1.774210543812066
1789317419238702600,59.10570263671875,-2.6106822646111247,2.9374744246095417,-5.37500318531692
1789317419248657400,59.11565747070313,-1.8734382491528987,1.6047849743902682,-6.259386557978392
1789317419258612700,59.12561279296875,-3.0308553036183117,-0.6692009913235902,-4.328194623515009
1789317419268567600,59.135567626953126,0.5604477711379527,-0.610890256652236,-0.4495166954565793
1789317419278522400,59.1455224609375,2.5849235539764166,1.2990817796498537,2.3522813576631245
1789317419288477400,59.1554775390625,2.836246923753619,4.209122838410735,0.9437954927034675
1789317419298432500,59.1654326171875,-0.6878168444663286,-0.603584902074933,-3.5477518100604413
1789317419308386600,59.175386474609375,-0.20430033731758593,-0.08686872063577175,-4.755362635976076
1789317419318341400,59.18534130859375,0.6037970835208892,-1.9751719459652899,-2.3473870097503067
1789317419328296400,59.19529638671875,-0.7967851687073707,-2.3480244308710096,-0.2639578834880143
1789317419338251500,59.20525146484375,-3.177614137071371,-0.30802608473002907,1.1731154857914894
1789317419348206600,59.21520654296875,-1.2267150470972061,2.3797487719118595,2.3946838907152412
1789317419358161400,59.225161376953125,-0.2287012036025524,3.4185978991419077,1.4353639350131153
1789317419368116700,59.23511669921875,1.461191326969862,-2.682628725925088,-1.855731619809568
1789317419378071600,59.245071533203124,2.70912568770647,-2.7371488361418246,-2.2552125839218498
1789317419388026400,59.2550263671875,4.051039477866888,-2.2134072861105203,-1.9378310802169143
1789317419397981700,59.26498168945312,2.9735552072942255,0.5720949543118476,-0.9997672630332409
1789317419407935700,59.27493579101562,2.6658085240274665,1.164998303374648,-0.44252183160055425
1789317419417890600,59.284890625,-0.2896212439894676,-0.32848376634716986,0.11506622099103406
1789317419427845400,59.294845458984376,-5.775231752926111,-0.7295373866036534,0.2136896037631668
1789317419437800700,59.30480078125,-2.7286522259533403,-2.4911525066062805,0.2908627136842348
1789317419447755500,59.314755615234375,-2.426641455990076,1.1114955535069106,0.4400837907986715
1789317419457710600,59.32471069335938,-2.573573892444372,0.6986357601225376,-0.6266414410788566
1789317419467665400,59.33466552734375,0.40413901905119415,1.2451140426188707,0.2699207374151796
1789317419477620500,59.344620361328126,2.8078064266890284,-0.39965807424485683,0.33887791725266725
1789317419487575600,59.35457543945312,2.9400913291096686,-0.9811959796845913,0.04029244556296616
1789317419497529600,59.36452954101563,3.2667508026391268,-3.006894582316279,0.4933032302130013
1789317419507484400,59.374484375,1.5068921709150076,-2.769996043732762,1.0679051989097148
1789317419517439500,59.384439453125,-1.282474928241968,-1.1069283917218447,0.5169384458877146
1789317419527394600,59.39439453125,0.8795458695024252,-2.1964783631414173,0.4107158036256209
1789317419537349400,59.404349365234374,1.370833595174551,3.7246862938076255,1.6788523733809588
1789317419547304700,59.4143046875,-0.12269348273277282,0.568740967708826,0.8301965129870921
1789317419557259500,59.42425952148437,-3.90295436424613,-0.981698083987832,-0.050911564330756665
1789317419567214600,59.434214599609376,-2.3893998128324747,-0.7843500500261783,0.27049734999304637
1789317419577169400,59.44416943359375,-1.9601134930431843,1.7826146534115075,1.6351263366401194
1789317419587124500,59.45412451171875,0.5119371304690837,1.597707583349943,0.9264791047867387
1789317419597078500,59.46407861328125,0.2604009947240353,-3.3867578227668997,-0.3552763866068795
1789317419607033600,59.47403369140625,2.6826088521808384,0.8026502613484859,-0.2684270282587036
1789317419616988400,59.48398852539062,1.9338222829669713,0.720649439010024,-0.12246031329771503
1789317419626943500,59.493943603515625,-0.9756862763524055,1.657947240257263,-1.49882138492316
1789317419636898600,59.50389868164063,-2.355056229203939,-0.1488105052858591,-2.307410827062279
1789317419646853400,59.51385327148437,-3.0236481487184763,-2.172383201804757,-0.630551600259915
1789317419656808700,59.52380859375,1.2530319761365651,0.20210428857803345,1.4878370495721698
1789317419666763500,59.53376342773438,1.5148112734764814,0.8983294804275035,1.9422947816275058
1789317419676718600,59.543718505859374,-0.4521031317532062,4.144763471224904,0.37054778815992173
1789317419686672400,59.55367236328125,-1.793553980576992,2.764717811068892,-2.6026784063756465
1789317419696627700,59.56362768554688,-3.0200591843158007,-2.337005024206638,-3.104697369420528
1789317419706582500,59.57358251953125,0.6644657794952392,-3.257348183521628,0.21988610204942524
1789317419716537600,59.58353759765625,3.123983669170737,-1.7094167307317256,1.7123299878299236
1789317419726492700,59.59349267578125,-2.573135501027107,4.27886331411302,0.656715676825121
1789317419736447500,59.60344750976562,-0.7972101161211729,1.8792665169149636,-0.8531444039847701
1789317419746402600,59.613402587890626,-0.9990876102060079,1.1779214978337287,-0.5420248832840472
1789317419756357400,59.623357421875,-0.9369535178542137,-4.270775869247317,-0.578454296743311
1789317419766312700,59.633312744140625,2.8074370088547465,-2.4832605843126774,0.14082115049976854
1789317419776266500,59.6432666015625,1.954815386635065,1.8303753524959085,-0.1583137717662379
1789317419786221600,59.6532216796875,0.5278378794342279,1.129479246225953,-0.6748498108655214
1789317419796176400,59.66317626953125,3.1343197697460647,2.8730238720089196,-0.19588331343764437
1789317419806131200,59.67313110351562,-0.4971475576162338,-2.3329402589857575,-0.7380781281948089
1789317419816086000,59.6830859375,-1.7756822237998247,-1.7716975380778313,-1.0478414119809865
1789317419826041000,59.693041015625,-0.9550409632086754,-2.4925521442711354,0.45875564844496547
1789317419835996200,59.70299609375,-0.9772492878854274,1.6468424933969974,2.081390971498191
1789317419845951000,59.712950927734376,-1.223735154503584,1.938216718533635,0.6531727435212582
1789317419855906000,59.72290600585937,-0.3424257824599743,0.5403121610820293,-1.2170073075532912
1789317419865861000,59.732861083984375,0.6730109050005674,0.5226040704339743,-1.8770880038321016
1789317419875815200,59.742815185546874,0.7659720972925425,-0.03234861041903496,-2.0877496928751467
1789317419885770000,59.75277001953125,0.7409206581443548,-2.9999376027852294,-1.628661232279241
1789317419895725000,59.76272509765625,1.6000345649927854,-1.3404080617725849,-0.22875399323571471
1789317419905680100,59.77268017578125,0.5392986001253127,0.07069090829491614,-0.12739844555333257
1789317419915635200,59.78263525390625,1.0101146156549454,2.165456032890081,-1.6302324271187185
1789317419925590000,59.79259008789062,0.980621979188919,1.6524170786589383,-2.109029650660604
1789317419935545000,59.802545166015626,-1.4657371537059545,-2.9641157632976767,-3.0981501397341487
1789317419945500200,59.81250024414062,-1.2183452781587838,-3.488540619418025,-2.387858867000788
1789317419955455000,59.822455078125,-0.7227285833716393,-0.4731406590849161,-0.36422227493282405
1789317419965409000,59.83240893554687,0.4333481624007225,4.730685875359177,-0.09598934447411447
1789317419975364000,59.842364013671876,1.00307463401556,-0.23566928904950618,-1.916293348278105
1789317419985319200,59.85231909179687,1.4218904131948946,-4.282621789863706,-2.5185747665390372
1789317419995274000,59.86227392578125,2.4900047978758812,-1.5474556519716978,-1.0435945681914687
1789317420005229000,59.87222900390625,0.2802688937544823,0.16506021381914615,-0.9726011698186396
1789317420015184100,59.88218408203125,-1.3203221360772848,1.7258008792996407,-0.7962142369516193
1789317420025139200,59.89213916015625,-1.180419744390249,-0.47821314004361626,-0.5157356459692121
1789317420035094000,59.90209399414063,-1.467269185578823,-0.3918558760613203,-0.5387591594863683
1789317420045048800,59.912048828125,0.5632102215886116,0.6196557469099759,-0.3639840822627768
1789317420055004200,59.92200415039063,-0.6274982771039008,1.7341893529385328,-0.12371420408263802
1789317420064958200,59.93195825195313,-1.5115753602951765,0.7892541886806488,-0.9072478962246328
1789317420074913000,59.9419130859375,-1.8257389248669147,-0.6694330465137958,-1.1385207769460974
1789317420084867800,59.951867919921874,1.2685673989206552,0.3865133459895849,0.765307934295386
1789317420094823200,59.9618232421875,2.3782956504940986,2.538136668360233,1.7669281317189334
1789317420104778000,59.97177807617187,-1.6119202330976723,0.48401335075497626,0.1754245906408876
1789317420114733000,59.981733154296876,-4.188703735238313,-1.3078385020792485,-0.9772999220941215
1789317420124688100,59.99168823242187,-2.7751591255843637,-0.4288888449043035,-0.35064613299034536
1789317420134643200,60.001643310546875,-1.199275251507759,2.5861615713387724,0.44687089365553107
1789317420144598000,60.011597900390626,1.2428536964714527,0.35652035878598687,-0.01775423134472221
1789317420154552000,60.021552001953125,2.8854964000910517,-0.554983075991273,-0.194324302226305
1789317420164507100,60.03150708007813,3.339309842893481,-0.7247101125776767,-0.38981333738304674
1789317420174462200,60.041462158203124,2.5013264023572206,0.13925357238948344,-0.6357070102617144
1789317420184417000,60.0514169921875,3.7416035263389347,3.4143940177112815,-0.7466511646203696
1789317420194372000,60.0613720703125,-2.289568734771013,0.27942776675522324,-0.9098435387410223
1789317420204327200,60.0713271484375,-6.277608443367481,-2.965434152419865,-0.8094270620070397
1789317420214282000,60.08128198242188,-3.9345758294343947,-1.8175541571065783,0.12199757289048284
1789317420224237000,60.091237060546874,-2.988919949686527,3.0866008639767766,0.4172423193175345
1789317420234192100,60.10119213867188,-0.1771627395451069,1.0139210222005843,-0.9170268743738531
1789317420244147000,60.11114697265625,2.859161935395002,-1.1164660353958606,-0.8153960534140468
1789317420254101000,60.12110107421875,4.697274019622802,0.22931436706483363,-1.299758802128583
1789317420264056000,60.13105615234375,2.825598103967309,0.09352642495930194,-2.5164088206768036
1789317420274011100,60.14101123046875,2.7985639665693043,-1.141322244232893,-2.0415441142782567
1789317420283966000,60.15096606445312,0.13086626779437063,-1.4244891975164413,0.23404663801742717
1789317420293921000,60.160921142578125,-1.2250257788360117,-4.1238744124531745,0.8202456123370677
1789317420303876000,60.1708759765625,-0.39997079345583914,0.4122855006277561,1.207230448295921
1789317420313831200,60.1808310546875,-1.6324831286549568,4.894403442397714,1.8547538608185945
1789317420323786000,60.190785888671876,-1.8582827655971048,2.6155636069118975,0.3844484858816489
1789317420333741300,60.2007412109375,-2.6607939107358454,-2.9857804826170202,-0.22930377260558304
1789317420343695000,60.21069506835938,0.9717197108089923,-3.212258164951205,1.0410296130742878
1789317420353650200,60.220650146484374,0.7370791802853346,2.570864633485675,2.408840426361561
1789317420363605000,60.23060498046875,0.033708792856335636,1.523247677910328,1.914786743107438
1789317420373560000,60.24056005859375,-0.6966869641423225,-3.6036680508106946,1.5168123841658234
1789317420383515100,60.25051513671875,1.015520274090767,-3.2033243323892355,1.563420552214235
1789317420393470000,60.26046997070313,2.6502099728792903,-2.83941503239572,1.593656846654415
1789317420403425000,60.27042504882812,1.4040963978290557,2.903969045370817,1.5559733049482107
1789317420413380000,60.280380126953126,-2.9245342790156603,0.396515100044012,-0.6074185254210606
1789317420423335200,60.29033520507812,-1.7451619978517292,-0.14930676437020302,-0.6364233418375254
1789317420433290000,60.3002900390625,-1.611609267452359,-3.7487376160025594,1.4466615740969777
1789317420443244000,60.310244140625,3.151951288026571,-0.9021078299224377,3.3230595498383044
1789317420453199000,60.32019921875,0.4588415000975132,3.0229636735856533,2.5750761137008666
1789317420463154200,60.330154296875,-5.6678106581270695,0.7142202827453613,-1.0899772569209336
1789317420473109000,60.34010888671875,-1.1479869628190993,0.9779366856276989,-1.9608140425279736
1789317420483064000,60.35006396484375,-2.2943138834714887,-1.7186323028445243,1.1876156472437083
1789317420493019100,60.36001904296875,3.0965549794971943,-1.1000970843970774,1.771942160488665
1789317420502974000,60.369973876953125,-1.3013339424908161,-0.18542086480259895,0.13453012406416237
1789317420512929000,60.37992895507813,-0.9051017510414123,1.062247538474202,0.38217305176295335
1789317420522884000,60.389884033203124,4.6934559226393695,2.0656816534519193,0.9612050387963652
1789317420532838100,60.39983813476562,1.708976001226902,-1.2314572731882334,0.10403338858950882
1789317420542793000,60.40979296875,3.9480245090723036,0.22687866435050963,-1.2868942059889434
1789317420552748000,60.419748046875,2.1112112324833867,-0.8500508949488401,-1.5292144773602485
1789317420562703000,60.429703125,-0.8503916712105274,-2.137467955768108,-0.7939701112866401
1789317420572658200,60.439658203125,2.042933815070987,0.4148381077200174,0.3012429273959249
1789317420582613000,60.44961303710937,-2.9876264027446506,3.762939744356274,1.1188515422929077
1789317420592568000,60.459568115234376,-5.690546806070208,4.2852480467140674,-0.4807843057058751
1789317420602523100,60.46952319335937,-6.715736241260171,-1.4350480009317397,0.22220913816951213
1789317420612478000,60.47947802734375,-1.233535248506069,-3.324606779280305,-0.03507335920780897
1789317420622432000,60.48943188476562,-0.06475041233003138,-2.340807923620939,-0.3517957414168864
1789317420632387000,60.499386962890625,5.304306431803107,3.3608296007841822,1.6302826960012315
1789317420642342100,60.50934204101563,7.429322317755222,5.790631566631793,0.6975606782369316
1789317420652297000,60.519296875,3.5358430533409115,-1.5905588806390762,-1.5107339410349725
1789317420662252300,60.52925219726563,0.1306628541767597,-5.48138324663043,-1.8754925513342022
1789317420672207000,60.53920703125,-0.1399912390142679,-3.1793525051712987,-0.3890125423941761
1789317420682162000,60.549161865234375,-3.6419232549250125,-0.29908669921010733,0.6753838446769863
1789317420692117000,60.55911694335938,-3.2231939849853513,4.606753498481214,1.1680344562001526
1789317420702072000,60.569072021484374,-3.024577538523078,4.522809725381434,1.5178601396530866
1789317420712027100,60.57902709960938,-3.9083892487764356,1.7558762840896844,0.30008674309812483
1789317420721981000,60.58898095703125,-3.090297672668099,-0.9851105227798223,0.06846037276387214
1789317420731936000,60.59893603515625,1.1223112542927265,-0.9672720837503671,0.38463637313656507
1789317420741891000,60.60889111328125,1.8433190052211283,0.6596148323327302,0.37236996208578343
1789317420751846100,60.61884619140625,3.1026439440220592,0.7163368365079165,0.3465669739179313
1789317420761801000,60.62880102539062,3.571186169400811,-3.713851596060395,-0.42205300753489133
1789317420771756300,60.63875634765625,2.9002117386639115,-1.3566653690904378,-0.367911521372199
1789317420781711000,60.64871118164063,2.9605484262049195,-2.586977563896775,-0.8925812190990895
1789317420791666000,60.658666015625,-0.6927069545954465,-1.0898486621052026,0.29023857217021287
1789317420801622000,60.6686220703125,-1.7842080600827932,0.3127402537703514,0.18558299656175076
1789317420811575800,60.67857592773437,-3.6684699010670183,0.90657942237854,0.09678564595095812
1789317420821531000,60.68853076171875,-2.3975597384124994,0.7164815056756139,0.5308792198915034
1789317420831486000,60.69848583984375,-3.3472236847579477,1.368105339254439,1.117009640753269
1789317420841441000,60.70844091796875,-1.8890332931697367,-0.6777797268375754,0.03312215207479894
1789317420851395800,60.718395751953125,1.9874831460058688,-5.107871421033144,-0.31525048302561043
1789317420861351000,60.72835083007813,6.144813837859034,1.350928286743164,2.0317768996320664
1789317420871306000,60.738305908203124,9.37917043737173,2.0235867250442503,1.1268791467301547
1789317420881260800,60.7482607421875,6.62118105777502,1.308241822183132,-0.30349253295361994
1789317420891216000,60.7582158203125,-6.200525788208842,-4.95187129650414,-2.2100195433683694
1789317420901171000,60.7681708984375,-4.847651043573022,-5.050274387589097,-0.626501594216749
1789317420911125000,60.778125,-1.9759283172905444,-0.1247854865759611,4.620709835380316
1789317420921079800,60.788079833984376,0.07554127093553542,1.4412401335701346,2.567803492349386
1789317420931035000,60.79803491210937,-1.596991544035077,4.687573294341564,0.5563622553899884
1789317420940990000,60.807989990234375,-0.38263855038285255,3.76382412597537,-1.684956243214011
1789317420950945000,60.81794506835938,-0.6251303789287805,-0.14853870260715485,-3.49942266343832
1789317420960899800,60.82789990234375,-0.7950216661661863,-0.7112059033602476,-2.414211013484001
1789317420970855000,60.83785498046875,0.01786474251449108,-0.45228141092956065,0.7741543077696115
1789317420980810000,60.84781005859375,-2.075623201751709,-0.9885641703650355,2.886094950506091
1789317420990764800,60.857764892578125,-2.205410442137718,-1.6597876074269413,3.000287146875262
1789317421000718800,60.86771875,-0.14377718729376793,3.207522953122854,2.7062197371318937
1789317421010674000,60.877673828125,-1.0359744485765694,1.163482053592801,-2.0717814316317438
1789317421020629000,60.88762890625,-4.367829299288988,-0.464470445895195,-5.174103011831641
1789317421030583800,60.897583740234374,-1.29272861123085,-0.28177053048908707,-4.508303937906026
1789317421040539000,60.90753881835938,-0.9071347181737422,-1.9443021759271621,-0.3643870005078614
1789317421050494000,60.91749389648437,1.723629380479455,1.2305758141785859,3.536565814657509
1789317421060448800,60.92744873046875,1.9495371539711952,4.516852570542693,5.036939689719676
1789317421070403800,60.93740380859375,1.4622960733413695,1.1887494735792279,3.4814275725424286
1789317421080359000,60.94735888671875,-0.48522331106662747,-2.6042507702589033,-0.8832409246280789
1789317421090314000,60.95731396484375,-2.4298370371609925,1.1410296910271047,-3.339843511378765
1789317421100267800,60.967267822265626,0.04947159465551376,2.126668329334259,-3.709055009433627
1789317421110222800,60.97722290039062,-0.20316519580781459,-0.6046621759176254,-2.082746039368957
1789317421120178000,60.987177978515625,2.5310353119224307,-2.743127326029539,0.18850071063935755
1789317421130133000,60.99713305664063,1.7830588900476694,2.8369880975097415,2.5957728647708893
1789317421140087800,61.007087890625,-1.2404431281983852,4.021036553791165,0.8184273839339613
1789317421150043100,61.01704321289063,-3.043510787051916,-2.3516402832806107,-2.0202008819982407
1789317421159998000,61.026998046875,-0.08269581886529923,-4.233840515559912,-0.9226168764006346
1789317421169952800,61.036952880859374,4.469965147161483,-4.582544647637009,0.04488843158371746
1789317421179907800,61.04690795898438,9.112427964666486,3.3879671985566615,0.48173890301696953
1789317421189862000,61.05686181640625,3.7125522038996217,5.158722487348318,0.5186320249978452
1789317421199817000,61.06681689453125,1.313122579962015,-0.12046177815794944,-3.0379557832732793
1789317421209771800,61.076771728515624,-2.8943384627163407,-2.86871477663815,-1.6767016250878573
1789317421219726800,61.08672680664063,-4.161874180501699,-7.413676420333981,2.076153216975182
1789317421229682000,61.09668188476562,3.9788258900493383,-2.5104122106105087,0.6606415450319647
1789317421239637000,61.106636962890626,-0.6735825674086808,1.6603993095844982,1.3266568920567632
1789317421249591800,61.116591796875,4.6665445348381995,6.033923605644703,1.886845135475695
1789317421259547000,61.126546875,-1.5573422552138565,5.141778366810083,-0.5139653118284419
1789317421269502000,61.136501953125,-9.806418529331683,-5.259923684719205,-2.893902993908524
1789317421279456000,61.1464560546875,0.4108434851258993,-11.575801360726356,0.9599386721223592
1789317421289410800,61.15641088867188,6.094477735328674,-0.9133815036088228,2.4893451649233698
1789317421299366000,61.166365966796874,3.2164988712608813,4.783493920961022,0.9249894507508725
1789317421309321000,61.17632104492188,4.37168655923903,2.602905200868845,0.8186189609833061
1789317421319275800,61.18627587890625,4.101861318087577,4.279254943779111,0.1971016945177689
1789317421329230800,61.19623095703125,-9.305206206494569,-5.289775217625499,-3.155318134111166
1789317421339186000,61.20618603515625,0.6653834788620472,-3.9776320040896533,-1.5320774655759333
1789317421349141000,61.21614111328125,-1.946809190312028,2.998311755149066,0.36291879111882297
1789317421359095800,61.226095703125,-5.650508810192346,5.604774063977599,-0.862755478221178
1789317421369051000,61.23605078125,-0.5505342798888683,6.707952163255214,0.29524399750838054
1789317421379005000,61.2460048828125,-1.1223656148284673,3.698910924299061,1.8276693084076046
1789317421388960000,61.2559599609375,2.0114134721696377,0.05388619622737169,0.33604744306709616
1789317421398914800,61.265914794921876,-5.578537798959016,-3.686833825275302,-2.791544443196058
1789317421408870000,61.27586987304687,0.6902408567428588,-0.38391806879937646,-2.932792988795042
1789317421418825000,61.285824951171875,4.497441183108091,-0.2683516614675522,-0.03736841134242713
1789317421428779800,61.29577978515625,5.029608616179227,2.6449972066670653,1.1776274102579802
1789317421438735000,61.305735107421874,3.2233272559762,2.7439468257188797,-0.6659585022710264
1789317421448690000,61.31568994140625,-5.212459922754764,3.3483696399226783,-1.2221502233996986
1789317421458645000,61.32564501953125,-4.8346214661300175,-3.1705104425460098,-1.0596123676650226
1789317421468599800,61.335599853515625,-5.774573581278323,-8.441274085709452,0.8058791602671146
1789317421478554000,61.34555419921875,-2.03444188105762,4.405196614652872,2.396847498489916
1789317421488509000,61.35550903320313,0.5474678780555725,12.672836719465256,0.6796211899857968
1789317421498463700,61.36546362304688,1.5207552765727042,1.1492717419326304,-1.3518329804979263
1789317421508418800,61.375418701171874,1.0896043319553137,-10.795242519676684,-0.5329355678994209
1789317421518374000,61.38537377929688,5.184606285667419,-2.2171242608070374,1.2199742676001042
1789317421528329000,61.39532885742187,4.885810386097431,4.190577127894759,0.9493892210572957
1789317421538283800,61.40528369140625,-1.8502596181392668,-5.383692103207111,-2.162370341834426
1789317421548239000,61.41523901367187,2.1086159552931782,0.24021394674181937,0.45045046917535364
1789317421558194000,61.42519384765625,-0.5145464361846447,-0.5876546347543596,2.0899521713554856
1789317421568148000,61.43514794921875,-2.8979946471363305,-5.132034386909008,-0.6999098717115819
1789317421578102800,61.445102783203126,-3.920272578793764,4.440567787763476,-0.36366321627795695
1789317421588058000,61.45505810546875,-2.856715126764774,3.842673206284642,0.6976661113727838
1789317421598013000,61.465012939453125,-1.2486767035365105,-3.4321728355079886,1.0302429191872478
1789317421607967700,61.4749677734375,2.4277163917452094,-2.9563077198952437,0.4927042048739269
1789317421617923000,61.484923095703124,3.217515939348936,-1.0813497138291597,0.4021720298271626
1789317421627878000,61.4948779296875,4.448194629380106,0.47201720801293845,0.10611983947474508
1789317421637833000,61.5048330078125,4.180055149358511,0.8427005321860312,-0.8830713402148336
1789317421647787800,61.514787841796874,0.4633925875306129,-4.4124020159870385,-1.4028202404133974
1789317421657743000,61.5247431640625,-0.9844295547783374,-5.609311707407236,-1.1547087453547864
1789317421667697000,61.53469677734375,-3.1476334248274562,1.3571642585232853,-0.02820778428725898
1789317421677652000,61.54465185546875,-3.314837080416083,3.4405428967073557,-0.3902613003462553
1789317421687606800,61.554606689453124,-5.446444619718194,0.011446984426677227,-1.8968937974117694
1789317421697561900,61.56456176757813,-2.67514567669332,0.03147621149867773,-1.5768904207706451
1789317421707517000,61.57451684570312,0.6876479176402092,1.9347317990273236,-0.3490718694109469
1789317421717471700,61.5844716796875,2.239851640921831,-2.412307225689292,-1.1401494010612367
1789317421727427000,61.59442700195312,2.6119091760575768,-1.7206021416127681,-1.2098841776750981
1789317421737382000,61.6043818359375,2.479993691471219,-0.5297825837612152,-0.1231807547930628
1789317421747337000,61.6143369140625,3.243361159223318,0.014019173002243042,0.288090563823469
1789317421757290800,61.624290771484375,1.2959136710077523,-0.9915507849603891,-0.6722641782864928
1789317421767246000,61.63424609375,-0.5121668475717306,-2.3492782303243875,-1.1350664717737584
1789317421777201000,61.644200927734374,-0.09788286660313605,2.327561196295917,0.4419321586117148
1789317421787156000,61.65415600585938,-2.2129092734605074,-0.9134177439659833,-0.7026173771046101
1789317421797110800,61.66411083984375,-0.7564671868443489,1.7968167817652225,-1.35299661744982
1789317421807065600,61.674065673828125,2.5873645173877478,4.051123064497113,-0.5086006064575165
1789317421817020400,61.6840205078125,2.214718953230977,2.6662305488318205,-0.21509035567287355
1789317421826975200,61.69397534179687,2.1453023026555775,0.27383506131470203,-1.0781167963225393
1789317421836930600,61.7039306640625,-2.7224492796599864,-0.5223059642702341,-0.9265095729902386
1789317421846885400,61.71388549804688,-3.699056762510538,2.6379347209349273,0.024888394073583186
1789317421856839400,61.72383935546875,-6.391960214212537,-1.26444622733742,-1.046814699281752
1789317421866794200,61.73379418945313,-1.6817472180396318,2.108829598043859,0.28108488631248474
1789317421876749600,61.74374951171875,1.9451374577075242,0.25760464200377464,-0.42325931458473204
1789317421886704400,61.75370434570313,-2.814441334658861,1.3492249899566173,-3.5393311877176163
1789317421896659500,61.76365942382812,-0.5025181447386742,2.542791800689697,-4.490238996644318
1789317421906614300,61.7736142578125,2.354642387706041,-3.575243920359015,-2.4045006435915828
1789317421916569300,61.7835693359375,2.2035990088015796,-5.350024226883053,0.7356316118255257
1789317421926524400,61.7935244140625,6.289540873223543,-2.1347160267114638,0.5133100627901033
1789317421936479200,61.80347924804688,7.2431292995363465,3.04801686629951,1.7123333488307892
1789317421946433300,61.813433349609376,-5.223800816458463,2.492185064524412,1.0182773177139461
1789317421956388400,61.82338842773437,-4.369362500205636,0.11719868470877408,-2.6406810970336196
1789317421966343400,61.833343505859375,-8.687935893416403,-1.368826639266312,1.2664312636747956
1789317421976298200,61.84329833984375,2.8774159694880246,-0.9736325586929917,2.1242484087109563
1789317421986253600,61.853253662109374,-0.7013140394210815,3.046307724294066,-0.09099288789369166
1789317421996208400,61.86320849609375,-3.0352777962356803,2.860643113863468,-0.01241232232749462
1789317422006163500,61.87316357421875,4.3023119942396875,1.5869786840647457,0.45955286323726174
1789317422016118300,61.8831181640625,-3.15902166480422,-2.1388550262123345,0.7427249310873448
1789317422026073300,61.8930732421875,1.2050444825589657,-1.8593331514328717,0.8822367890868336
1789317422036028400,61.9030283203125,4.937459909313917,-0.1584568700313568,1.4765351727046072
1789317422045982500,61.912982421875,1.1454945614814758,-5.15068005066812,0.5128208179684356
1789317422055937300,61.922937255859374,-2.3576737182259557,-4.210243951395154,-0.5088612301550806
1789317422065892400,61.93289233398438,1.7745336382865904,5.669086669412255,-0.14964971432266755
1789317422075847400,61.94284741210937,-2.5773031421005723,4.4630666198194024,-0.7145595977023244
1789317422085802200,61.95280224609375,-2.183710651504993,-2.254639460209012,0.5820069111909717
1789317422095757600,61.96275756835937,1.4648784910500048,-7.014514605173468,2.1269705271512267
1789317422105712400,61.97271240234375,1.2058826869487762,-1.801515753236413,2.536363521207869
1789317422115667500,61.98266748046875,0.9982429760754108,6.553399314925074,3.105161772061884
1789317422125622500,61.99262255859375,2.3692799848675725,3.455373678353429,1.2350571973763405
1789317422135577300,62.002577392578125,-4.031290821301937,1.1372083791732788,2.053974264523387
1789317422145531400,62.012531494140624,-1.6384996124655007,-8.938061577841639,1.3351244222812353
1789317422155486500,62.02248657226563,1.518344123777747,-2.802773693218827,0.2810622726218775
1789317422165441500,62.03244165039062,-3.808524852967262,2.1562480595618485,-0.05104092633146792
1789317422175396400,62.042396240234375,-1.702450398850441,7.8684625075608485,0.5233880604185164
1789317422185351400,62.05235131835938,-4.326435212627053,-0.6854863556921482,-0.4358420250430703
1789317422195306200,62.06230615234375,-2.3528286162823435,-10.089773698663711,-0.30536387978345153
1789317422205261600,62.07226147460938,8.53463976714909,-2.07938869176507,-0.4028773285523057
1789317422215216400,62.08221630859375,9.015808249866962,5.129895036792755,-0.4008966030638665
1789317422225171200,62.092171142578124,-3.062287383714318,5.452540013983845,-2.3057092838414013
1789317422235125200,62.10212524414062,2.119443054255843,-4.4556309168607,-5.536032536184788
1789317422245080600,62.11208056640625,-12.756166160058974,-5.446500733819604,-1.19401879228428
1789317422255035400,62.12203540039062,1.1446966891020536,2.9597914703577755,1.5453221470743417
1789317422264990200,62.131990234375,6.748383542364835,6.7706146633952855,1.72315840196684
1789317422274945500,62.14194555664063,-1.8443606232285499,1.0478951879948377,0.057579863113537424
1789317422284900400,62.151900390625,2.915431519627571,-4.637488536223769,-1.0367258514657616
1789317422294855400,62.16185546875,1.247922085776925,-0.675335548555851,1.3742616699270904
1789317422304810200,62.17181030273437,0.66218906673491,1.958959062311053,0.6240940946836024
