seconds_elapsed,z,y,x
0.0,-0.336937814950943,0.0323456898331642,-0.8358703851699829
0.01,-0.29092507724737965,-0.05476470529067692,-0.7196469014389969
0.02,-0.2308153798428341,-0.2051759226732247,-0.6900048784756413
0.03,-0.168514981863699,-0.29948080326520143,-0.7637279478389952
0.04,-0.11458139408467866,-0.1956462748835365,-0.9140286484717088
0.05,-0.05418663802387367,0.08289442698152906,-1.0807055896193358
0.06,0.013121987971992172,0.3139367627203952,-1.213402306481264
0.07,0.05051901584380264,0.3835111076060323,-1.2548959656005376
0.08,0.0768838602312637,0.25917007421924065,-1.1648568959653736
0.09,0.06593422756475119,-0.027496225949333254,-0.9980974251445879
0.1,0.038457720757168065,-0.3346225032420623,-0.88084830841058
0.11,-0.019875577761980606,-0.5592895053894061,-0.8538894416491218
0.12,-0.124500404002458,-0.5919536698086756,-0.8659633351107379
0.13,-0.2587762802557514,-0.46747727737771455,-0.8652881638113691
0.14,-0.37858037655190035,-0.21406567347533823,-0.8022633176707996
0.15,-0.48472824354024285,0.021469941369002803,-0.6920160676441005
0.16,-0.5216641555883723,0.23992354942000893,-0.5365648249449063
0.17,-0.46849350430960296,0.4527880712465982,-0.34336830426308873
0.18,-0.32100128276339074,0.5011489141590417,-0.09628748169690618
0.19,-0.156437922190878,0.3854986202507996,0.15132477179446496
0.2,-0.026978056604100575,0.1573804362884083,0.300713391446548
0.21,0.03823138457182116,0.040940299027679976,0.2862634391318462
0.22,0.01163697095628922,0.0548639400506376,0.18652307528214784
0.23,-0.07248245132039362,0.13892092278959908,0.051328665357833064
0.24,-0.14375005782086278,0.2675588698663542,-0.0676016364450658
0.25,-0.1548980547259238,0.3899941904194468,-0.11028188280733968
0.26,-0.13621801094521652,0.390454496152036,-0.017616480757721112
0.27,-0.15044617252473497,0.24970102058885435,0.12230386521565713
0.28,-0.15133333332637214,0.15630024632833212,0.23741159356423638
0.29,-0.09099082052402627,0.07603921582531542,0.2762434632956767
0.3,0.018938935409098478,-0.0324262293846674,0.30188749180390917
0.31,0.13367416916143848,-0.16619759901352754,0.3638425120776626
0.32,0.2648809599993612,-0.24359408750894215,0.4620006464818962
0.33,0.39546866803716163,-0.2874038326257542,0.5445173789676461
0.34,0.4940098933123302,-0.3421383309079531,0.5785697298947053
0.35,0.5177076980841419,-0.4072435242474216,0.5996450343909342
0.36,0.5269950761570192,-0.4423033191024998,0.6106898323417957
0.37,0.5459498280565097,-0.43205935406221935,0.6134338243610566
0.38,0.5484954777151196,-0.41234390519724345,0.6507353606591076
0.39,0.521928488217685,-0.39779012043585243,0.7122618991843311
0.4,0.5225006288283507,-0.3778261441893745,0.790579786443105
0.41,0.5455344524556769,-0.3550591350410993,0.8675593290730076
0.42,0.5682055537330971,-0.36479687048555465,0.9578054798844783
0.43,0.5655183770648695,-0.42716234125282565,1.0305808841056674
0.44,0.5364869997525646,-0.4647165338918677,1.0475743066661543
0.45,0.5157626169990001,-0.38298693720886173,0.9800189413068039
0.46,0.4957496514764124,-0.2106913771376799,0.8270161685195109
0.47,0.45794937896719473,-0.0571458910094221,0.648459674555203
0.48,0.4224445133964052,0.03277342258004619,0.5537953445324251
0.49,0.4060419787426126,0.055435791351342384,0.5826510222493415
0.5,0.437707738260112,0.06340170051871435,0.6962865186655562
0.51,0.507958747500922,0.04682267890740012,0.8428164049366698
0.52,0.5552480184131894,-0.050954921941762814,0.9989869785574682
0.53,0.5869838176334798,-0.21415515845650493,1.120945236567385
0.54,0.6121672753914098,-0.3312092925371942,1.1221850211638602
0.55,0.637650093182452,-0.35740283106582943,1.0003951412917813
0.56,0.6077967154573592,-0.33850860368741115,0.880679344355032
0.57,0.538565187105941,-0.2189882240970799,0.7090135224762896
0.58,0.49565831873418803,-0.07013803609590509,0.5178630357966174
0.59,0.4718880229967765,0.008665466332836769,0.4473894117794986
0.6,0.41623218105148974,0.04220662988328327,0.46591611967542523
0.61,0.32937773113949537,0.1578265813400745,0.5025739598106018
0.62,0.24557059866737305,0.28001557953618067,0.4663630621680182
0.63,0.1460050386850198,0.4349115117217036,0.3182629628540995
0.64,0.011910875028908455,0.6067271512853271,0.1555084284071943
0.65,-0.12354591752166079,0.7553408791506676,-0.03389192135912184
0.66,-0.2235998381939529,0.8777294999164069,-0.12777710464109332
0.67,-0.27144620030828426,0.9144352499963015,-0.08981127362181508
0.68,-0.25488677760562,0.842622090959672,0.0567820599086856
0.69,-0.1653100340547562,0.6651999617940902,0.1609575595978477
0.7,-0.01858245100685104,0.59842467695112,0.12890230564667757
0.71,0.14484500194371785,0.6210036542210007,0.04866615553707165
0.72,0.254047860044217,0.5787547608013427,0.05709034177237542
0.73,0.2392921792105978,0.4182464152450442,0.08074296330631434
0.74,0.13008550391738033,0.2493464961833106,0.06267216411910222
0.75,-0.015521021781022278,0.13553196935757636,0.02750444478549738
0.76,-0.17722253509076188,0.03358718346331161,-0.05228227933878753
0.77,-0.29984305484626234,-0.09865397313654346,-0.09742669085971721
0.78,-0.34757065150623717,-0.22685598968101997,-0.0485000183811529
0.79,-0.35693188506321316,-0.29807137178678605,0.09503985990138017
0.8,-0.3450416444252893,-0.28562569722062225,0.3039107323417788
0.81,-0.3327496343720268,-0.27510611605102386,0.4741661378102168
0.82,-0.3329999907798333,-0.23637536005366294,0.5427848364659638
0.83,-0.319011092874126,-0.22001869873297555,0.5567839667598057
0.84,-0.2696323144609838,-0.2658693298751933,0.5537849412695327
0.85,-0.22183525441832472,-0.3303133014757095,0.5725267512416699
0.86,-0.1952879489185337,-0.3847015262196872,0.5977508500171267
0.87,-0.20410833689418315,-0.4316857646634146,0.6087063355602492
0.88,-0.2840520271415086,-0.4406499953655789,0.6661579612688129
0.89,-0.3364557782480216,-0.40274075682267924,0.7857435647233866
0.9,-0.3536913117469083,-0.4007372266271691,0.8209487086432983
0.91,-0.3948793494522165,-0.4368740110895504,0.6449060371668596
0.92,-0.41184423264592496,-0.4767391434759169,0.3712154643148491
0.93,-0.37727090602658014,-0.535846296092172,0.11162584277835075
0.94,-0.3214574719214938,-0.5960113583080981,-0.09791458247678868
0.95,-0.27726331875054216,-0.6172783593394754,-0.20673078825040686
0.96,-0.24294203124574482,-0.6253146872054216,-0.2338303732115312
0.97,-0.20937124604127055,-0.5929584663008046,-0.20535664321842323
0.98,-0.1586661581113587,-0.5284434504649771,-0.16338820684817018
0.99,-0.07829740653679361,-0.4083956402895395,-0.16867729446132623
1.0,0.013527872942339815,-0.2276369951867635,-0.2696399368303074
1.01,0.08569075882597121,-0.026494571965628492,-0.4268760511448964
1.02,0.10875936220742209,0.13837336275763443,-0.5331151541414955
1.03,0.0920488040509416,0.19853930632365452,-0.5509240134859722
1.04,0.04942484789049246,0.1849837510414624,-0.5459144537727326
1.05,-0.0025832391907368124,0.1832297822655701,-0.5349099174445707
1.06,-0.017512340834160187,0.153381527296817,-0.46570922149358673
1.07,-0.017610137622356248,0.07547046056859495,-0.40969178980538656
1.08,-0.03962897451706654,0.058182894211159394,-0.44783226603235327
1.09,-0.08879177507136869,0.1847038183555072,-0.5410663722559202
1.1,-0.13045065621561594,0.33910409288186594,-0.534074297489686
1.11,-0.1554746857814839,0.33749351376744485,-0.5093549794002171
1.12,-0.14485781006569565,0.08044746985402619,-0.5109626646285509
1.13,-0.12203458770823127,-0.22389873288598564,-0.6195709904682752
1.14,-0.09388012128849589,-0.37706106974993114,-0.7402251644318563
1.15,-0.06758896041302534,-0.3413314499036509,-0.8279024396514953
1.16,-0.0663888071130265,-0.23827563459456805,-0.8829001998161754
1.17,-0.08251369704596728,-0.20225333992769973,-0.9201462388291043
1.18,-0.12021734663263232,-0.21432234955363777,-0.9747769238551568
1.19,-0.17014634207000306,-0.17691267216581943,-1.0836011080672405
1.2,-0.20880987506224047,-0.03636883861372361,-1.2753805332269177
1.21,-0.2404129786294275,0.15255641590317054,-1.4453198283065856
1.22,-0.26111063478132185,0.30482900683547964,-1.4711145895519822
1.23,-0.22625014631416757,0.36738231169046487,-1.3965189632359973
1.24,-0.14192350002038662,0.2972602086260573,-1.2848946292580978
1.25,-0.051193286096012834,0.1046843785318167,-1.1608386410721936
1.26,0.030210962770511794,-0.12721237891820827,-1.0542472604910471
1.27,0.11054838166197202,-0.31362417373782264,-1.0023829565552531
1.28,0.1988997315316914,-0.43116074828484857,-0.9797180659179875
1.29,0.2896724711837034,-0.4728328049272817,-0.9186048933557956
1.3,0.37109514157267803,-0.4571472877394526,-0.8030210343590541
1.31,0.4290838250453416,-0.38639430764099536,-0.6511891951281694
1.32,0.4233118336277139,-0.25426491097281223,-0.48535683572071336
1.33,0.35860647533103995,-0.08620816090582323,-0.34420785451822594
1.34,0.2803023800515921,0.039014587299502274,-0.26569906064487736
1.35,0.20146915326553505,0.08032716851496066,-0.2344345452232455
1.36,0.14956875254203206,0.112155818156077,-0.2209721170855272
1.37,0.1458667132551528,0.17489236717247825,-0.2160235883122296
1.38,0.17712563228574177,0.24326110170516593,-0.21548048111832943
1.39,0.21427596526954612,0.3040709308184143,-0.20089953795211674
1.4,0.23916098297983868,0.3617789063800312,-0.1528310277459795
1.41,0.24758369926800203,0.3996966716855925,-0.08027888495502619
1.42,0.2341193694001701,0.4018571288289185,0.001325554928096857
1.43,0.21575586069275435,0.39168689896590436,0.06727286906174744
1.44,0.2404603331685837,0.37885638765964985,0.10744740069674215
1.45,0.3126614969990161,0.3696636969122144,0.13772078580610103
1.46,0.38594380835013686,0.39033554128506115,0.16994510628596912
1.47,0.431019492030437,0.43346446693234136,0.18695258370281126
1.48,0.46359875762331626,0.48638745683305107,0.18576803628650101
1.49,0.4762329644204802,0.5385295968302907,0.1956328117041754
1.5,0.43509040697647156,0.5516592203918151,0.23661747623860868
1.51,0.3673443175862641,0.5388943369961322,0.3340600440500928
1.52,0.33146647753679354,0.535711744286497,0.4826769513304554
1.53,0.3400045901149698,0.534913705383058,0.6413979472609559
1.54,0.3758187752494749,0.5440068988327984,0.7722126579844019
1.55,0.43460240037773334,0.5635997483649137,0.8576185552221275
1.56,0.5016094515107573,0.5753423720228368,0.9140771795910085
1.57,0.5557826302162326,0.5759740515580041,0.9610501423250838
1.58,0.5779885317504839,0.5434677108012795,0.9896152819116629
1.59,0.5746422669682117,0.4663859806760191,0.9767707261572945
1.6,0.5559194185273327,0.3632687035877495,0.9436352552462766
1.61,0.5120048120242935,0.24011579763526647,0.9238801178685517
1.62,0.4549615379406591,0.13711393766594657,0.9134491952492374
1.63,0.3937556611641679,0.07672174547453767,0.9043655902034888
1.64,0.3295294848476024,0.021291678733920825,0.891537980393772
1.65,0.279884034665409,-0.021875657178123963,0.8716483428212075
1.66,0.25991119892249864,-0.0017472815360695282,0.869815037123998
1.67,0.2447788095442928,0.07416106332241743,0.9317659110393546
1.68,0.21235622204235854,0.15323676780877607,1.057963301689993
1.69,0.169746328109825,0.2053206803131608,1.2037088990388405
1.7,0.11133662923946651,0.17826776694689395,1.2892207160623996
1.71,0.04561496101317998,0.10541018377605883,1.25749581402654
1.72,0.013231957509592149,0.061571751807969914,1.1455268566647667
1.73,0.004566673160033885,0.05188190034597426,1.0170883397290258
1.74,-0.035146591548658644,0.021649596916686664,0.9402466296668096
1.75,-0.10094453055058777,-0.032083068211045514,0.9620305790170391
1.76,-0.11729163080968488,-0.046356339002537876,1.058650261735431
1.77,-0.09930213588867727,-0.05956752933399004,1.142232912021834
1.78,-0.11533228381172039,-0.09241524006124764,1.1611912053698006
1.79,-0.14708161658686827,-0.05514515862144913,1.0699414330459733
1.8,-0.16372899045965789,0.03700955958507131,0.8112723832524925
1.81,-0.18962865554332392,0.19248388348354595,0.4628678847111667
1.82,-0.23348093087728813,0.36122809182917315,0.14693419972594365
1.83,-0.2929542992136156,0.48839850555548675,-0.0003248329468543521
1.84,-0.3467495662102572,0.5290330705185838,0.07907358081386211
1.85,-0.3604626653402994,0.44249862672305185,0.271853557484679
1.86,-0.32308075009547843,0.3321337637376225,0.4256582239886111
1.87,-0.2538453786386866,0.2719520096669333,0.48538865031189493
1.88,-0.1858689538723844,0.22236570963561883,0.4511349388341675
1.89,-0.13627348881532905,0.2104398346216454,0.36751178164412
1.9,-0.11868317684806662,0.2277358066905163,0.26275716292414986
1.91,-0.11984857552488255,0.24344319602156142,0.12480592990976908
1.92,-0.14848695530638215,0.23741015134944238,-0.04671494424214735
1.93,-0.18646341124859311,0.17701889801500076,-0.1467942771092108
1.94,-0.23539718438238927,0.11501693780767411,-0.166068975191627
1.95,-0.29003596766509093,0.06515235607192321,-0.1181213976065153
1.96,-0.3198718474946763,0.02600623411880872,-0.005595119956079586
1.97,-0.3444342562874144,0.008854822671918816,0.101452890693002
1.98,-0.40954648136698607,-0.016897339205778537,0.15492423239896014
1.99,-0.48261323465617717,-0.04859797955966121,0.21550939119996812
2.0,-0.5022304588509592,-0.07758426803059747,0.2698051697816608
2.01,-0.493221593393316,-0.09028251750154487,0.3260695752088213
2.02,-0.4940983342819852,-0.07094064501605626,0.4036906539204679
2.03,-0.5163638501956926,-0.03304594814793649,0.47462186442992543
2.04,-0.5423824462909655,-0.029868659115172922,0.5099057774818393
2.05,-0.5760986083322333,-0.01692472117176857,0.5091787698425577
2.06,-0.6067862118528551,0.018564057978404772,0.4974057701210903
2.07,-0.6205681906071306,0.04994825818732586,0.48422877241079504
2.08,-0.6050454885531802,0.06410675904232664,0.425250957800146
2.09,-0.5625042696184748,0.056384606818211246,0.3162047304100578
2.1,-0.5239738094181534,0.02385761263067515,0.19930672990222384
2.11,-0.49235647663147525,-0.018732946369677327,0.07297790266912288
2.12,-0.46124026650796335,-0.04526889917040467,-0.07591369232971204
2.13,-0.4386187489101656,-0.04799872046100766,-0.24711743071578562
2.14,-0.41094369495872274,-0.04940673382649171,-0.3918340666827758
2.15,-0.3596291632136802,-0.044946814432090754,-0.49530780612341
2.16,-0.31613720001978596,-0.030831130707687608,-0.584953961465139
2.17,-0.3097851445080529,0.01074539407909748,-0.6755523341591798
2.18,-0.3255113605817773,0.07464206939577733,-0.731210299739009
2.19,-0.36319440402176684,0.159413551960981,-0.7927824734391395
2.2,-0.43069889957157415,0.23235911532412237,-0.866597308888102
2.21,-0.5068092111355376,0.24327030937766198,-0.9056955572287932
2.22,-0.5376278833171115,0.20084497402111182,-0.9012404344377922
2.23,-0.5048038584211345,0.19374495803222955,-0.9959615218552534
2.24,-0.44712976058470605,0.24275891810240607,-1.0805129674492129
2.25,-0.39742861169097965,0.3247411704063503,-1.1325364343006294
2.26,-0.3860794957942917,0.482030571793425,-1.202679973089496
2.27,-0.39047581285761956,0.6744146020408249,-1.209402626158505
2.28,-0.40180932791642177,0.7204511639282648,-1.0611255214210054
2.29,-0.39922938554700876,0.5616677995326829,-0.8937999503380832
2.3,-0.36707743438491036,0.29245010700104285,-0.7870323751964714
2.31,-0.3035215730083445,0.009564981805656665,-0.7692798375387234
2.32,-0.24148375115516826,-0.04161115426897756,-0.9413750616430212
2.33,-0.19044787442814123,0.0985921188395163,-1.1232537201199273
2.34,-0.14949066281266446,0.2723081110526589,-1.1597303057729786
2.35,-0.15433704311329835,0.3791227910796827,-1.1538336578142407
2.36,-0.21006243048871068,0.3458353000894768,-1.1470227376162458
2.37,-0.24273873898234644,0.21788847863565158,-1.1441562183582004
2.38,-0.22699677728460962,0.09919082273403684,-1.1703221946737306
2.39,-0.23831205833842478,0.03251579094441009,-1.2228558835270835
2.4,-0.2865159927989432,0.03615480744764692,-1.192617430127491
2.41,-0.3132173863542715,0.06701183184923545,-1.0113150218753313
2.42,-0.317970656479279,0.04556112424591548,-0.7318011713002859
2.43,-0.3380084173863532,-0.012509533307965864,-0.4883166634739192
2.44,-0.3239093117948368,-0.010921681727565939,-0.3110502016954223
2.45,-0.2651502237093714,0.0383292734983695,-0.18298229459428553
2.46,-0.2383662742123953,0.07698670358303325,-0.09971107269765028
2.47,-0.2678934511129001,0.10503390523548371,-0.07048023928709118
2.48,-0.3313799548933429,0.15855599833808587,-0.09557071303871265
2.49,-0.3790136505281408,0.22224633875758582,-0.15739900670191778
2.5,-0.3840041900565715,0.25908823900486744,-0.2412901796998843
2.51,-0.3571878188945548,0.2639367978585424,-0.32459991078932865
2.52,-0.30801987100751266,0.2842901010980726,-0.37619409025296735
2.53,-0.2533843066348792,0.33697915446275833,-0.41750719098489286
2.54,-0.23628564369033067,0.41469670624846855,-0.46681996957881927
2.55,-0.23386373162028684,0.48569556321305096,-0.4957832971512047
2.56,-0.2659304359799803,0.48709748650227247,-0.48877315596262844
2.57,-0.31561568476795043,0.47680316051203286,-0.45847661788953126
2.58,-0.34630480124343066,0.49457918432188636,-0.4001432732605004
2.59,-0.34106485740369696,0.47933050902145186,-0.32258883779080355
2.6,-0.30923934433741795,0.44917478196863864,-0.21431365843259373
2.61,-0.2433343778059923,0.4308220664012813,-0.0963725388094537
2.62,-0.16279657659086819,0.38568954479665285,0.005346663309807778
2.63,-0.11771354610312416,0.3119670536284459,0.05244668303873318
2.64,-0.08371849405963126,0.28461482438209834,0.09762051781826617
2.65,-0.04435510139007817,0.28416031184422325,0.16079703568325043
2.66,0.01894050194238964,0.22097477781884672,0.24034596622236218
2.67,0.06525550800191864,0.14530814025387212,0.34136340683408706
2.68,0.12273844435479403,0.12133716573309347,0.46837569229474546
2.69,0.18881192642044248,0.10230363684722286,0.5887670522043588
2.7,0.21083621699226976,0.04082796962209035,0.7022235105507739
2.71,0.20419415835916066,-0.05884678798163874,0.7778191004795608
2.72,0.15317471207725977,-0.14748070086778028,0.7907584664096434
2.73,0.09394783617445936,-0.15053191728997672,0.7986592897989093
2.74,0.0821168778218215,-0.015993258107630696,0.8190426393484481
2.75,0.13393184414369114,0.16550262490066667,0.8378834704381577
2.76,0.22654366472993834,0.24802707990756498,0.8304150977585216
2.77,0.2945997164545264,0.18470309039754826,0.7910601919584906
2.78,0.3146337057859854,0.057625179260350046,0.7590904776016459
2.79,0.3282516229121933,-0.05242339718883188,0.7136129506974535
2.8,0.34546608224402603,-0.10081194658784491,0.6384405448923959
2.81,0.37171641183745235,-0.14215481487182613,0.5727670714902715
2.82,0.3968781588502294,-0.12624719789414715,0.5100909866333125
2.83,0.422801773253765,-0.06017987059905406,0.4851934742799339
2.84,0.4318465693197046,0.059693749936946545,0.5112594579780266
2.85,0.3645565518766943,0.16094505852708113,0.59151135162217
2.86,0.2745554538179878,0.20844645747557372,0.6700444690531542
2.87,0.2335790449385805,0.25374151231694436,0.7279080799070947
2.88,0.22414359568501055,0.2792354300271874,0.737867843072462
2.89,0.2281861342424457,0.23285659439012593,0.7098186551343906
2.9,0.23400228720282154,0.14023911506192413,0.6394634457376277
2.91,0.2260872077643427,-0.013660083669766754,0.5599027348857117
2.92,0.22428036387493178,-0.19828968741271857,0.48876542834904896
2.93,0.25032623688391825,-0.34445128766206734,0.4626001316997615
2.94,0.28990180104028335,-0.36546106707585113,0.41888411428297595
2.95,0.2942963497726533,-0.3159427169747199,0.301901912817851
2.96,0.26482421488072994,-0.2884824075100647,0.30944161364075856
2.97,0.22631353426007908,-0.23547108619244886,0.30156549297037255
2.98,0.15730109793860608,-0.22415457420757948,0.2783254736292074
2.99,0.07616511481244437,-0.22764697478630758,0.2632024699945399
3.0,0.03386431344328531,-0.22852120001825582,0.26790116393391233
3.01,0.022585473167829852,-0.2634239354582063,0.2439822412049172
3.02,0.01113562471507257,-0.2963664892018633,0.13086384984768779
3.03,-0.018777655530926002,-0.23443197201469132,0.0833351891681373
3.04,-0.02354877505783868,-0.18725196199965202,0.2292653016912808
3.05,-0.03401071156860945,-0.16642624116760354,0.4046950432926997
3.06,-0.05631574355531289,-0.116183054171902,0.516445294215832
3.07,-0.053404134680197134,0.018898454530597134,0.5663883054400585
3.08,-0.014560677491105754,0.05104925031336177,0.5150338768625377
3.09,0.06883945628275398,-0.007726908706109368,0.4263534649822269
3.1,0.13107513296125786,-0.007839948784315104,0.3485678847079703
3.11,0.17225936483168722,-0.023088145065903773,0.2677766763950439
3.12,0.17465789552146369,-0.05937463389893205,0.1680123703247743
3.13,0.14055393153685322,-0.01791513157623037,0.11162734591553566
3.14,0.06716749336179803,0.0205663658288149,0.02425832747201926
3.15,-0.009406733297606376,-0.04434304416198196,-0.04940122663368221
3.16,-0.06881466484334231,-0.11848934682483499,0.01763107066974853
3.17,-0.09857994357491036,-0.25821436781517665,0.17065668681785884
3.18,-0.16554894973489098,-0.3339519664250448,0.2836539928402151
3.19,-0.25650955103640727,-0.3252306451558468,0.4092894670236243
3.2,-0.319777934781806,-0.27956653118144903,0.5504604145729044
3.21,-0.363496061354661,-0.24260810195601792,0.5849752186786248
3.22,-0.3957327064017574,-0.24191578616647633,0.5082856951503634
3.23,-0.41603356643319195,-0.27457226893553255,0.4367259670399151
3.24,-0.44678985567459417,-0.2960283913008922,0.4151965171895659
3.25,-0.48470770976331995,-0.2816905202033152,0.4128503525851706
3.26,-0.5409865556124407,-0.2639737005934211,0.3666737314232027
3.27,-0.6178478863381793,-0.24942007794738597,0.2953081879959172
3.28,-0.6468107284192943,-0.2574382788394068,0.2407197363547909
3.29,-0.5918573867683268,-0.3110955468649505,0.264990812129773
3.3,-0.5456590589055449,-0.3671259809171473,0.3319178033813649
3.31,-0.52757598551704,-0.3856452268286195,0.40023859891712393
3.32,-0.4964133625224937,-0.3885584885377822,0.4675757417615319
3.33,-0.4631973711083981,-0.373903367300393,0.48435131707185675
3.34,-0.4473302629302428,-0.334659012539024,0.3983312423715995
3.35,-0.43492709816716046,-0.2506039585934415,0.21451786804679027
3.36,-0.38793113323010897,-0.182500172705637,-0.06050721207487636
3.37,-0.3310419438645195,-0.08887491014063004,-0.3409814853980797
3.38,-0.2820936757226253,0.02986988829893767,-0.5830777644334113
3.39,-0.21023134957993594,0.1638152590690857,-0.80964148821369
3.4,-0.12463941867043304,0.2543878246180406,-0.9851777960784395
3.41,-0.05021180705183377,0.40503895076063684,-1.1660613995541953
3.42,0.017241365017282337,0.5677360391203704,-1.269353948761958
3.43,0.0810882575721558,0.6425791520971398,-1.2202409856809366
3.44,0.1398098078249643,0.6661970639636087,-1.1778736128134781
3.45,0.159916227077531,0.6813301529683845,-1.2080487986819552
3.46,0.13949932136819465,0.5933738684618886,-1.17844797264657
3.47,0.08878979447031833,0.34480731332933984,-1.0561326850130215
3.48,0.058848264652444075,-0.16604285355473616,-0.8111048068878108
3.49,0.03794834822532082,-0.6205190153094349,-0.7907882485356097
3.5,-0.010431300333714788,-0.8285387475487874,-0.8430054467945566
3.51,-0.08378370066155588,-0.7642782436269254,-0.889153012458272
3.52,-0.1604194170823519,-0.5510273789060426,-0.942704957951039
3.53,-0.23513570385002364,-0.3223507621960028,-0.9925154264178984
3.54,-0.2964619361767012,-0.10881805046755526,-1.0327832434705335
3.55,-0.30367153817138115,-0.012474662542867825,-1.0392238751284766
3.56,-0.2505765494138199,-0.06243538294531821,-1.020517801104242
3.57,-0.1842860418268024,-0.19258637093915007,-1.0155091971724572
3.58,-0.11143754218827653,-0.31177002086256317,-1.0193349115430699
3.59,-0.04000161902836886,-0.4025940441544923,-1.0548029522376166
3.6,-0.0015817860081371454,-0.49282310733668944,-1.0907479829829532
3.61,0.008003991889580432,-0.5740808586244265,-1.1067187633649918
3.62,0.0007609984092588006,-0.6012245097625369,-1.1308570293043767
3.63,-0.010258094610465627,-0.5430036007331056,-1.1354293355821325
3.64,-0.01036978949382513,-0.4628603741635319,-1.1034329626856032
3.65,-0.0008099132292207805,-0.38993934116803836,-1.0591814540018385
3.66,0.02601988273874067,-0.34354184137840266,-1.0281464300356822
3.67,0.06324603944144451,-0.3529969844390602,-1.024620334229999
3.68,0.10042291326049618,-0.45256432043644296,-1.015754241737885
3.69,0.12142829278379948,-0.5764786794223502,-0.9683248502146515
3.7,0.1083640290024052,-0.6401262820418242,-0.8842235592473675
3.71,0.03962865230277542,-0.6022350529870685,-0.7929738946372236
3.72,-0.03953153830193987,-0.48776347141195997,-0.7023754915761814
3.73,-0.12132211913125156,-0.3568649520772194,-0.649892724538683
3.74,-0.21580498111588292,-0.26771879827395406,-0.6327137592505999
3.75,-0.2995140072800957,-0.21314670249542023,-0.5833550730751166
3.76,-0.33446506882483007,-0.19231260604395978,-0.4858124274450986
3.77,-0.2797816501800744,-0.24075710256604357,-0.37894295438942865
3.78,-0.1626841045191828,-0.3353105344843662,-0.2864410313075907
3.79,-0.0577266433932707,-0.410020460920526,-0.18232446839590835
3.8,0.02708988068765699,-0.4249532229331868,-0.08884423776300994
3.81,0.1121192370363811,-0.369665402607332,-0.016883467591739518
3.82,0.18522141399732894,-0.2812523328630004,0.07341086672313911
3.83,0.24429807944062315,-0.21891874759914812,0.194781400977229
3.84,0.2715002561268144,-0.17761799021503952,0.33413048635724024
3.85,0.2874231657076539,-0.16315384620565104,0.4997272459865267
3.86,0.3411776445578114,-0.11666748884064704,0.716039901024923
3.87,0.44597791186214963,-0.046393092493466265,0.9997368853863872
3.88,0.5509552102796255,-0.07741217851502737,1.2871648025308664
3.89,0.5913856186441178,-0.1850132894324743,1.4972295456326614
3.9,0.5685533275119378,-0.19486279529654163,1.5932418531040495
3.91,0.5466194448969948,-0.060626985169740084,1.568601311877405
3.92,0.5387117656405533,0.09045332724947254,1.456600843496852
3.93,0.5246491085692778,0.15300325897248834,1.314336078665435
3.94,0.5038084976719344,0.1304207440367669,1.1680361563777744
3.95,0.500168998295549,0.0770598482410792,1.0139675072102068
3.96,0.5362067841352357,-0.04054784132335949,0.8533021347888132
3.97,0.6028419366827672,-0.23725568560397428,0.6633357637446872
3.98,0.6462970933758602,-0.36860085570007184,0.47311308997173845
3.99,0.6447930140477894,-0.42205704361127894,0.3733609337419477
4.0,0.6355398980293966,-0.4054646885682234,0.3898523995216082
4.01,0.628012596116448,-0.3418544695325066,0.4517734921718233
4.02,0.6079872101483695,-0.23912240787258202,0.5143389038098217
4.03,0.5752035732216932,-0.11105775522209062,0.5691179987833127
4.04,0.5280661645328913,0.044783372330025946,0.6276169600749624
4.05,0.46937592289923147,0.2049673044195777,0.661205553034485
4.06,0.3962773560764113,0.26900804075592283,0.6524421937065563
4.07,0.32602975361755987,0.3091466175748499,0.6604202160391501
4.08,0.2855706233847154,0.35444190170167644,0.679724713570736
4.09,0.2581703682755501,0.3413010014026125,0.6817734708719063
4.1,0.22723120027675808,0.23155103434642366,0.7008615599855876
4.11,0.22369613942337022,0.06467513409065379,0.7226514690188525
4.12,0.255271526549771,-0.1262994322775665,0.7008074271614778
4.13,0.2994613506153898,-0.29177800111316965,0.6010507049257457
4.14,0.32818400843952233,-0.41211277288387616,0.4254800774569183
4.15,0.33055924502787015,-0.47184858020820947,0.24714893973471067
4.16,0.3022998291602078,-0.4981136369719715,0.10215935953558966
4.17,0.24649518673943274,-0.5372974101379084,0.00795202090541513
4.18,0.19814078567854831,-0.6283296313177633,-0.019652726030713455
4.19,0.20131240473262463,-0.7150397725423436,0.013356624676128635
4.2,0.24595689337546858,-0.7396413341563401,0.08741202157091016
4.21,0.2805386287791072,-0.7263749440535222,0.16846703284790668
4.22,0.25745649166205803,-0.6920065824306796,0.2218512812934796
4.23,0.16941455870243413,-0.6248585262189136,0.2510818210331645
4.24,0.06077265464646356,-0.4786573843601061,0.31348377720579235
4.25,-0.018436357863723957,-0.3101661798307063,0.47999569403120934
4.26,-0.05901662672926799,-0.20096220209195784,0.7022612213145624
4.27,-0.0713828876034476,-0.1994925842396079,0.7162051556116235
4.28,-0.02653010336479408,-0.133221606517728,0.5614056209619669
4.29,0.060037942126436074,0.03944542402582716,0.44389885918725713
4.3,0.14459903509110927,0.04534571858748904,0.2843564119572837
4.31,0.2227024610537008,-0.07838506616624791,0.10206341002879611
4.32,0.3236346938737314,-0.18010201671399548,0.03210646415064401
4.33,0.46163603825509597,-0.26430332958046365,0.07266357098006558
4.34,0.5440678999416095,-0.32479266509186827,0.09877647331360005
4.35,0.4896390027880996,-0.3204255150581233,0.09170533990138484
4.36,0.35563632649071053,-0.32018986054856846,0.1837887823923737
4.37,0.2214999096835062,-0.35549693559425893,0.3775357812926053
4.38,0.09453926849290477,-0.3081426480804923,0.5515499354360297
4.39,-0.014514111001363671,-0.15342811985963636,0.6473106895155247
4.4,-0.08862514393191143,-0.015704024553994243,0.6731399868221424
4.41,-0.13425491599905415,0.0446415986310542,0.6464706368350014
4.42,-0.17094173238080013,0.08453150228934625,0.5803448357373298
4.43,-0.19383813929238727,0.12745126321440373,0.4930306803165007
4.44,-0.18240118714105347,0.14951606678730128,0.4146704625210821
4.45,-0.16764889463504912,0.13813620520190478,0.3497377376056543
4.46,-0.1808172043277596,0.09763062261123813,0.28832461389141534
4.47,-0.19999930836278415,0.039076960724292814,0.23224071915422453
4.48,-0.20166351856020745,-0.04373558812870422,0.16330696012436746
4.49,-0.21008430194834818,-0.14320743411458195,0.07751953472857998
4.5,-0.25566554619303933,-0.21779700393152465,-0.0006144490714876219
4.51,-0.32751662191626896,-0.25470036310002075,-0.03979738747242005
4.52,-0.38714067209909264,-0.291883240389518,-0.024205063319663607
4.53,-0.4087763753696172,-0.3674485771531948,0.023068760049185396
4.54,-0.4139654672624426,-0.45254016556734383,0.054611092239364806
4.55,-0.43261271479562036,-0.4931244387351784,0.02686875159450549
4.56,-0.46672332194588445,-0.47571151608503676,-0.08965999289044838
4.57,-0.5014823238054923,-0.4150696160120366,-0.2673049915765105
4.58,-0.4825803133564764,-0.40550372495860526,-0.407251648551755
4.59,-0.4031504827204521,-0.4606687464281359,-0.5051010635482814
4.6,-0.3041877280576257,-0.46636962839861773,-0.6323634432909792
4.61,-0.17413163314301247,-0.428524344693991,-0.742545471486918
4.62,-0.02107443090300619,-0.3855471561134844,-0.7484439670444947
4.63,0.1144949000159621,-0.3174540013027028,-0.7348629407183289
4.64,0.19764306130911247,-0.20266900711602215,-0.7971937067753218
4.65,0.23337419501839055,-0.07489605563739042,-0.8690261615453911
4.66,0.2305047277299216,0.014456932255526344,-0.9165723284708288
4.67,0.18089951825118747,0.09192749474813974,-0.9569245469321015
4.68,0.10170529538159719,0.2151139137300902,-0.9870911067978785
4.69,0.05928217423957416,0.2918152498836294,-0.899940060200162
4.7,0.07533279247446278,0.1861679134626535,-0.6838216019807788
4.71,0.13070130603514446,-0.08775035418586749,-0.49125851914603313
4.72,0.20731825929738143,-0.47042683419176184,-0.40163774842366207
4.73,0.2713349330806445,-0.7148907885458352,-0.47402808700108856
4.74,0.3157923601433595,-0.6973168494869626,-0.609739396635922
4.75,0.31202171681344754,-0.5252585318214236,-0.7504398606609867
4.76,0.24985836180341375,-0.31917799127158575,-0.8592999916522931
4.77,0.17217817649516726,-0.1428089691092088,-0.8689676494537445
4.78,0.07782476099637602,0.03269750172973847,-0.7655884836238539
4.79,-0.016664625612840718,0.2325169637427493,-0.5888910887957676
4.8,-0.08082932047926729,0.40680136978191594,-0.3698151347476116
4.81,-0.11234369168462505,0.4498139241190721,-0.14604842686779934
4.82,-0.12543680281601455,0.3588437665384339,0.007641961460263974
4.83,-0.12333511500890687,0.2916520588044657,0.07211472972935641
4.84,-0.0952851719657545,0.3101773281892175,0.05594047099351539
4.85,-0.021742234763006525,0.3423223430222843,-0.016157266170217847
4.86,0.09192850882496698,0.29744251452359344,-0.11653077948075541
4.87,0.24049287504762046,0.20248584065993053,-0.22352851573098778
4.88,0.38474477985447214,0.13513568943619397,-0.32983804261609967
4.89,0.45156434599500483,0.1323585511298056,-0.3998768411413595
4.9,0.4174577645155158,0.1995056537725273,-0.37174859296696394
4.91,0.285727602589593,0.251800191022755,-0.29231973179323373
4.92,0.10530588820412252,0.2695284078765115,-0.25340347514100386
4.93,-0.04035865420940084,0.3321772062571663,-0.2926566731918466
4.94,-0.0882337572276432,0.4380430859021101,-0.40433062033079203
4.95,-0.07298681248104877,0.49851751303729025,-0.5420723395367738
4.96,-0.007933303300473411,0.4860484637048105,-0.6515873653958371
4.97,0.09514901735849654,0.4513822533541913,-0.7065186525000279
4.98,0.17596807561698594,0.3912297838700663,-0.707437368036253
4.99,0.1986153003088218,0.3422362993143712,-0.6625549448934781
5.0,0.17152286543812653,0.34202588389916777,-0.5975624457026634
5.01,0.11940094306575082,0.39121040785835254,-0.5231620110582198
5.02,0.05200458155990178,0.46774209070576034,-0.40179247508818106
5.03,0.011790485367431021,0.5308082282682425,-0.2019212120749838
5.04,0.038835436906941835,0.5700797816001596,0.05093955830148707
5.05,0.1276226422854201,0.5733263783805828,0.28293473560191906
5.06,0.19329860798922893,0.5319187756048148,0.42198238435186647
5.07,0.2230175808030425,0.4794141724540687,0.45691514107507203
5.08,0.2842567944855114,0.3866183804770554,0.390726930794351
5.09,0.36413945125825026,0.23237405820312096,0.22750836018857626
5.1,0.4081112247202784,0.11684639338773564,-0.04545448001359591
5.11,0.3983304451982455,0.14642300250485002,-0.4216656114650632
5.12,0.37210061460298344,0.2377377841094133,-0.8062821705396607
5.13,0.37464370212063014,0.23039537845866087,-1.0407965433628086
5.14,0.3730364903594059,0.09816311362831122,-1.0446018685377554
5.15,0.35413419846409466,-0.051607440923161677,-0.8313743986234283
5.16,0.3472235362460138,-0.10461469323095021,-0.43198231372732526
5.17,0.3483801417851585,-0.016853744436515355,0.09291522679264526
5.18,0.3809868792388389,0.13364959551906966,0.6058679441060512
5.19,0.44082291854994327,0.2098112676069644,0.9608710710758992
5.2,0.4412389709044507,0.14685477764681823,1.1580796468635093
5.21,0.39584854878290265,-0.00428274017530436,1.25944312254085
5.22,0.34347033540843724,-0.12205899693692986,1.2387013607945838
5.23,0.31333192848295516,-0.17810492294658717,1.0927132458961741
5.24,0.2919845875488564,-0.2264821473286137,0.8835447484254693
5.25,0.27466345517823215,-0.2899913326828672,0.6222197309674602
5.26,0.30791447969317876,-0.35672597091903296,0.39665230390328104
5.27,0.38410402975812685,-0.511975248147076,0.3557197621268801
5.28,0.4584650034081649,-0.7612725445818038,0.5089737865151661
5.29,0.5495050445754898,-0.888253077097087,0.6373855649472233
5.3,0.5817109875290248,-0.8414939950910385,0.7303579227622885
5.31,0.48014818030077916,-0.7367377530780375,0.821955686851286
5.32,0.2222582295418763,-0.515907750495962,0.7997342610544157
5.33,-0.09749025142862879,-0.30062464323703864,0.6371345120938874
5.34,-0.3769325661746388,-0.18431071723028625,0.4710232320623557
5.35,-0.5190119099979537,-0.08289962865602804,0.33279463148610633
5.36,-0.5536281853419619,-0.038006628336818754,0.2396658552562048
5.37,-0.45988044443797244,-0.05156110722013949,0.2091890248300294
5.38,-0.23610370735312045,-0.23641987348239113,0.19643404482765445
5.39,-0.00896134773863698,-0.5364578394638833,0.18310406233417412
5.4,0.16783109747417063,-0.8147727225525758,0.18618300372136554
5.41,0.2714822353949846,-1.055838652470885,0.17682916465262438
5.42,0.22531391999997483,-1.1703010154147435,0.16079057405682307
5.43,0.010843537738259546,-1.0374647934316983,0.2056266643987362
5.44,-0.28397255048741277,-0.6164447128647201,0.5615947548926741
5.45,-0.43689984119433173,0.0073935588671306335,1.2537572942828585
5.46,-0.4122338296244577,0.5490980723913715,1.8963263606329153
5.47,-0.38126087145793314,0.6119502806489474,1.9013411914751037
5.48,-0.2987582758986372,0.6053443261583539,1.5890268882521312
5.49,-0.25204768980874104,0.6416439518777294,1.214388201499444
5.5,-0.26937883290767545,0.44683364006828785,0.879582953715821
5.51,-0.3334790520284448,0.11564983604505227,0.6036095892321774
5.52,-0.3368961627084339,-0.09145335049632368,0.3566982143457196
5.53,-0.21667909092914625,-0.10040730985382933,0.21696606583484673
5.54,-0.01983968164798432,0.016723768001338575,0.34271128299463105
5.55,0.24404325563481022,0.171170990896585,0.6804153383640847
5.56,0.11042690470601797,0.3857331312552003,0.9263931491455666
5.57,0.22075471923749726,0.4360842705084785,0.7959032872143033
5.58,0.19542166070876169,0.5008098198673168,0.22940667409861173
5.59,0.05365573820645252,0.44930960831766037,-0.47000451187268055
5.6,-0.06304766129760644,0.2127945913416315,-1.0376680531933251
5.61,-0.07337740037000896,0.09895680258127416,-1.4515118284701276
5.62,-0.02949808161731438,0.06397229693194953,-1.6880053700379891
5.63,0.0424348054118131,0.029783269950635544,-1.7175780849570432
5.64,0.10298144121567153,-0.051687025918575207,-1.5819872835900168
5.65,0.11460777804120928,-0.142401484041041,-1.3724699298228364
5.66,0.10010587399965276,-0.21421117994725314,-1.1235869843202477
5.67,0.041378561412315565,-0.1591147372612733,-0.8682621423113969
5.68,-0.04759536262183592,-0.00027474588064342235,-0.6355249573815797
5.69,-0.15916390262671434,0.17584560299152233,-0.4315177781332382
5.7,-0.2647431414193643,0.3187033095531925,-0.28189073366945366
5.71,-0.3690094262352801,0.45734611052076185,-0.17062638375731784
5.72,-0.4944298921175208,0.515617167962149,-0.033790258210266134
5.73,-0.5630808240967247,0.5308652812887749,0.13489686574032264
5.74,-0.5769314321694253,0.5615515613642845,0.297502238010126
5.75,-0.5449651370171524,0.4943336427559884,0.39588262156088894
5.76,-0.5001776562490844,0.32524136703982154,0.45914707657076387
5.77,-0.49112404097388224,0.13211485155769262,0.5577908138753228
5.78,-0.4778947816393509,0.01164695007236792,0.8020581252622081
5.79,-0.3900458201945432,0.007696602235004538,1.236568053268553
5.8,-0.28429346624267626,0.0723704536434516,1.7435847977355392
5.81,-0.19214138855065047,0.07447317475983392,2.0271629456737004
5.82,-0.10212767028059067,0.11106613176001892,1.9386512710970927
5.83,-0.08673543357396203,0.24170289483437213,1.4539811456706255
5.84,-0.2272118754804588,0.1841815607392003,0.7789761835818682
5.85,-0.29678926292427693,0.05098497021787001,0.014691524103690744
5.86,-0.3816070117187023,0.10740382331913809,-0.6490260677058398
5.87,-0.2888744379954323,0.19694958490591993,-1.073151578739354
5.88,-0.12498981015089973,0.10596981017077671,-1.2823920597125136
5.89,0.03402807839813844,0.11391047343420896,-1.2556375171494243
5.9,0.20445585204443537,0.013878344298685822,-1.1151600670721407
5.91,0.3528339695549315,-0.17839525527759528,-0.9253499877824468
5.92,0.3984648082264359,-0.23185321582963395,-0.8482696255392282
5.93,0.3267042212126661,-0.16098903033221112,-0.7460354171414221
5.94,0.18532060529753577,-0.05189790811873382,-0.5686550247766229
5.95,0.001149850003947305,0.007991342912698157,-0.3797703860799272
5.96,-0.19730900112527278,0.05153831109460208,-0.24646675638402182
5.97,-0.3837663881099933,0.09207045985507976,-0.14754895376898464
5.98,-0.547452344714619,0.10064097189990467,0.032726236959994055
5.99,-0.6937191440437411,0.08477100307499905,0.23015438119130327
6.0,-0.7892445080306434,0.056655074823401125,0.3875799796743824
6.01,-0.8240139210203027,0.021405865364653404,0.4713758701054114
6.02,-0.7747442214564403,-0.012669594745058195,0.4795778474378468
6.03,-0.6456432716198685,-0.046836458292701756,0.4612821508707069
6.04,-0.4554422348610909,-0.04577026293727703,0.32692885597987464
6.05,-0.2418807249985471,-0.027907981800588143,0.2556313549689039
6.06,-0.058376302792652913,-0.13408403287291365,0.3272762067614049
6.07,0.12086579622701225,-0.31226995005494834,0.46060219098659505
6.08,0.25037214975182603,-0.32201685150833725,0.6299789073924286
6.09,0.3462931984641148,-0.24829155712450512,0.7956950765238873
6.1,0.32563144293072,-0.32305067723250364,0.9053090980815834
6.11,0.11576747671004603,-0.3312696657101762,1.1667051000959094
6.12,0.0915920433358538,-0.26861448201529065,1.6053767893900803
6.13,0.11500431428113386,-0.23564710135923655,1.9207281556314488
6.14,0.048943799719087265,-0.1892904778948585,2.0680566216162535
6.15,0.004522922648843306,-0.12354755258350801,2.0312347029790336
6.16,-0.031095457964305236,-0.022999393846209065,1.8054054879414267
6.17,-0.1874501807446692,0.04521906451483495,1.4594699515043128
6.18,-0.31590855773344506,0.06675086711589306,1.1238510672138176
6.19,-0.29436047934928716,0.13023072760295246,0.831818693506921
6.2,-0.10851175289113534,0.20967683289977002,0.49759872798447696
6.21,0.13631690909394945,0.18083596274365105,0.10285411497424757
6.22,0.3036280168407912,0.07754032951075707,-0.27849867941360346
6.23,0.3956696208252287,0.03775743971819021,-0.5799768286590139
6.24,0.4368957557722736,0.03207143382968818,-0.8501894337168132
6.25,0.38216530619946987,0.08251180606170391,-1.094496892978986
6.26,0.23207545850918507,0.20865738034911832,-1.2419911349886408
6.27,0.030936180047832492,0.24354512120326036,-1.3218138137312216
6.28,-0.14229228910294292,0.11802229812944394,-1.303022162467604
6.29,-0.2849934149919838,0.013876985777087032,-1.283431327099345
6.3,-0.3812793400282253,-0.016571034643118068,-1.2632897753847447
6.31,-0.41992580752580105,-0.009848439068052117,-1.179702663957679
6.32,-0.41620648484246836,-0.039784833957607575,-0.9822958984129023
6.33,-0.41581869484299294,-0.16869872637147706,-0.7595660912729487
6.34,-0.4048237498579435,-0.2516567832803751,-0.7071685741343896
6.35,-0.3972872593626523,-0.151436827274958,-0.8017946815052568
6.36,-0.4248858991504629,0.02332042782631022,-0.8389942368625758
6.37,-0.46008637181743856,0.15951018613403087,-0.8197693795415312
6.38,-0.4936633237948811,0.30355266181316226,-0.9124909873988921
6.39,-0.5073147042532414,0.527632069594954,-1.0600804106729942
6.4,-0.47729689805489506,0.6214804660810159,-1.0145034567103564
6.41,-0.3456581979888266,0.4596555319319371,-0.8146817508752866
6.42,-0.10850200492325177,0.1616338360066732,-0.7151665731997213
6.43,0.1473844901320303,-0.14258753835489815,-0.7298190076792983
6.44,0.3058246247198477,-0.34025340948226895,-0.6755254227024496
6.45,0.3600282980976914,-0.300657413205769,-0.559103924422242
6.46,0.3150325515491508,-0.0686093630491431,-0.5677233582117447
6.47,0.18760777105231566,0.21667880140207008,-0.7477594835318492
6.48,0.029613580755042855,0.4261392258814856,-0.9526358000292612
6.49,-0.11447460384483486,0.5260866936026073,-1.0704571418446
6.5,-0.2189622828799834,0.5337929062639938,-1.0718545327569944
6.51,-0.2617616203256497,0.4877697307439306,-1.06017905321271
6.52,-0.2419317043784166,0.39388107887647184,-1.0702908150879844
6.53,-0.1366934211113286,0.3286400989568073,-1.0372523811176688
6.54,-0.005189259571795701,0.28189197356760054,-0.9939672677933843
6.55,0.0972626562471749,0.21596636487802737,-0.9608110675731708
6.56,0.13882440570932603,0.10616454183237992,-0.9722759959268483
6.57,0.160496744639108,0.010352303671744934,-1.009526102922799
6.58,0.17647423996288814,-0.058497831397003756,-1.0224613364595572
6.59,0.17790483341204036,-0.07584338050831671,-0.9498404843004981
6.6,0.1485586073348382,-0.023067271903846737,-0.8053445262879124
6.61,0.06334240075782636,0.11294187206448551,-0.6667873434853444
6.62,-0.057113605797529644,0.25932720017841654,-0.594569051294712
6.63,-0.13085283095083575,0.37362710986352143,-0.5550739941174564
6.64,-0.1160311915497044,0.435866135141277,-0.47488123662134973
6.65,-0.0722725241341123,0.44046820774134077,-0.35942678091150443
6.66,-0.055491096286279934,0.42842623144823283,-0.2656531722843658
6.67,-0.04183097292612259,0.4652965646624619,-0.21285359716238833
6.68,0.012900994485858849,0.5357665478110056,-0.11403055702899857
6.69,0.061870390475796934,0.5824966320719144,0.0188186096365807
6.7,0.06227718116334998,0.6088843307529008,0.15428526317089447
6.71,0.0012128166334951873,0.6019085140149368,0.27022882727125397
6.72,-0.12459074905812365,0.6044118871897444,0.3259999306021382
6.73,-0.29095652249305975,0.6986444747031108,0.3010230333583967
6.74,-0.4423823605974629,0.8521229069482512,0.2677009758295201
6.75,-0.5175504749354187,0.9821693022707538,0.27390647808019547
6.76,-0.4635148070038415,1.035672145487327,0.32996716891761846
6.77,-0.28271973775501247,1.0149395171148832,0.42543164835259073
6.78,-0.01229910687151044,0.9108161355456951,0.5491031475310998
6.79,0.25723247015835543,0.7933738873073004,0.6208230394529988
6.8,0.4212265797467937,0.7177238022458197,0.6175969579164179
6.81,0.4706732386866775,0.628542785347346,0.5663673775559075
6.82,0.41777921225781883,0.5162474843114307,0.5010419964653985
6.83,0.3456823602007006,0.4157672653465144,0.48862651637870835
6.84,0.330162622621423,0.3758313654511623,0.5778314290958836
6.85,0.3407107810083209,0.3543764903719726,0.686710507470215
6.86,0.3538838066802421,0.29736939842827864,0.7733664256522914
6.87,0.364739390603005,0.23069135454983683,0.8161571823931943
6.88,0.32182576922637396,0.21913021088538415,0.7785955243047455
6.89,0.2545174447535846,0.27402185434262993,0.7287446881558748
6.9,0.21416979543943127,0.3021328065536854,0.7206176533766109
6.91,0.21570493136875935,0.21051478277878882,0.7604368869389787
6.92,0.23643177028232729,0.022198119014588957,0.8603603691667776
6.93,0.27081293325934697,-0.1993651293084001,0.9689213308626724
6.94,0.31281095620490196,-0.31830587271357347,1.0249313074074868
6.95,0.3381106515346442,-0.28125474980332293,1.0100759963315382
6.96,0.3229753830442393,-0.15379117907118406,0.8974119101647144
6.97,0.22568844605145086,-0.012923553628598617,0.6932632447887105
6.98,0.009218532326296198,0.09627861346079863,0.465091661858727
6.99,-0.21100406765402574,0.19870815388276478,0.31201946260927144
7.0,-0.28144909357311004,0.2514447739835312,0.252126726610029
7.01,-0.19373499044027742,0.21525823356279386,0.2180545471028509
7.02,-0.026052181835874922,0.16253886420888233,0.19516720576242408
7.03,0.1269291354676694,0.12211760987009207,0.19214852273615063
7.04,0.20639474364206034,0.11722666870585795,0.2158003954199793
7.05,0.21905249176918778,0.16534581153263708,0.23687130382972854
7.06,0.21178583530722747,0.20879626751598618,0.24298705561281403
7.07,0.23475102767406253,0.19331420499237373,0.2282788466276527
7.08,0.2864532727680763,0.11973012115893288,0.20547593010602705
7.09,0.34012462588411985,0.07187288760323297,0.1809217410115883
7.1,0.3689457873897363,0.09718171947313552,0.1419521321662029
7.11,0.35402056106021024,0.13283206045960907,0.09201414442326153
7.12,0.2913634378984386,0.10885447663665127,0.05173326507397018
7.13,0.20082512312828749,0.03818377075272752,0.04668916186950403
7.14,0.11224438387894783,-0.05615773774556153,0.06283494429258801
7.15,0.057353309114454326,-0.11362187037961362,0.09054267993587385
7.16,0.07245104003634759,-0.12165546018856807,0.14882933414802643
7.17,0.15040367854920927,-0.1332943013697367,0.2609761120876146
7.18,0.2489208503424689,-0.15179483561220805,0.40199099499561974
7.19,0.3248959155739699,-0.16349816462455646,0.5267765287413291
7.2,0.3566099811368918,-0.1340202360986294,0.6209815540250001
7.21,0.34677533979600544,-0.07362609988050023,0.6575190597329503
7.22,0.2955275535323825,-0.015863480410720974,0.6643704478098348
7.23,0.2201985755849149,0.03996034277129819,0.654675606502232
7.24,0.14446806067947804,0.06162890692531402,0.6338181930703989
7.25,0.07869963809813978,0.06538375547704742,0.6170754602622909
7.26,0.04296931575229232,0.08892646688445285,0.6123478110732631
7.27,0.019146756819265507,0.10676634595541337,0.5553940637036242
7.28,-0.0023358564103294417,0.04705446498355316,0.43132383298916116
7.29,-0.007617118333916547,-0.037734370531242,0.38146314115213303
7.3,-0.040248806642925225,-0.09859828529146428,0.4863182425559756
7.31,-0.1238471014020003,-0.11770089329322318,0.5908716324689617
7.32,-0.2039973104231352,-0.014074405329064489,0.5726524467114174
7.33,-0.2354856763519591,0.0862846260808579,0.5562851471120067
7.34,-0.24034870007193734,0.05182609921523623,0.6153773952632169
7.35,-0.257764991297774,-0.07406143319969773,0.5370865580657105
7.36,-0.32824441691454515,-0.19895187149701896,0.29516891969160564
7.37,-0.4829943071734738,-0.29108335420172116,0.12131894241624501
7.38,-0.6756628314292691,-0.3403765177334296,0.054019485697008034
7.39,-0.8557545276447497,-0.3524511400886217,-0.011186761892930872
7.4,-1.0403011914105924,-0.400015664538924,-0.0537737276174957
7.41,-1.181704709564694,-0.4564462528466638,0.010135998993838371
7.42,-1.2035469370088958,-0.4758224472691812,0.15000856872902588
7.43,-1.1613564720989107,-0.5189324429000451,0.2850523234936551
7.44,-1.1050053624968894,-0.5706477473847152,0.3664158804990216
7.45,-1.0038589515477145,-0.554273699565523,0.3827118051023083
7.46,-0.8667196621655596,-0.48909930511565847,0.38526171282961386
7.47,-0.7016042885467226,-0.43007555845880513,0.43919996589639065
7.48,-0.5258237358897088,-0.3923963410708887,0.5726486589942715
7.49,-0.397543709642369,-0.3744759803602998,0.7362269396378899
7.5,-0.34778317021405764,-0.34783280108697273,0.836714512792017
7.51,-0.3651010651780326,-0.2795163808878316,0.8485635717004071
7.52,-0.4028020956536014,-0.1873343191469427,0.7712933633846175
7.53,-0.4323572370953814,-0.1293052991042744,0.5936063584735989
7.54,-0.4536665651723663,-0.12804891476002894,0.36190399287382463
7.55,-0.4793155329192815,-0.16362083997959642,0.15230941141465745
7.56,-0.5152338390559533,-0.2298868682805541,-0.020829664677017
7.57,-0.515896258313578,-0.2968319886009222,-0.15499762449096918
7.58,-0.46699630735564046,-0.31744867531052345,-0.24292191168688065
7.59,-0.3989250787955801,-0.2905254741461358,-0.33074879556232256
7.6,-0.30817333717363166,-0.25490669353477446,-0.43880095528702695
7.61,-0.18212279797034486,-0.24492714070055743,-0.5482530266481661
7.62,-0.03161491847958798,-0.2709780049208286,-0.6581657187860714
7.63,0.10418474743408046,-0.28447563395417313,-0.7743334005081617
7.64,0.20981257956315882,-0.25161732364917516,-0.8905502184774062
7.65,0.28387576906786266,-0.20111435913836098,-0.9958729968221968
7.66,0.3117129334861272,-0.17408996980668331,-1.0768524925100662
7.67,0.26898657390541747,-0.17462515394046702,-1.0634775788219968
7.68,0.17919244151916205,-0.22250530363434184,-0.9248767959288497
7.69,0.11343115629180754,-0.2651573851925403,-0.7851385758385356
7.7,0.08441405001492933,-0.24415459241031148,-0.7529153862284749
7.71,0.09285126969581128,-0.1673691505146458,-0.7745050757992894
7.72,0.13124997985324535,-0.0638877457484821,-0.7714660195164881
7.73,0.18614463276128576,0.04132688147724396,-0.7817519402982636
7.74,0.22855111017995286,0.1833537604442993,-0.897369335400156
7.75,0.23936039374801366,0.3478972615225456,-1.0721359509070116
7.76,0.24785152079633124,0.43193618673914985,-1.1760392590876796
7.77,0.27249684542344993,0.3765293114739333,-1.1765331281768725
7.78,0.28943893816663807,0.2580014264464963,-1.1853256798572527
7.79,0.2805988130813051,0.14359398650365987,-1.236342762884987
7.8,0.24296612853315877,-0.0036334580935294164,-1.2301826735507742
7.81,0.19005195538776143,-0.21246512812436621,-1.0858590013296208
7.82,0.15112487224458282,-0.4645871882733535,-0.8308482422147033
7.83,0.13706103172506715,-0.6654884514176392,-0.6349692863196901
7.84,0.12523167302422153,-0.7126100725647818,-0.5935571944949369
7.85,0.07323291661453703,-0.6137550464278979,-0.6379103793960025
7.86,-0.03628553764686611,-0.42315503416036243,-0.6757598714923183
7.87,-0.16409275937678375,-0.18996358339368555,-0.656347034760591
7.88,-0.2607283780812615,0.000982038815775205,-0.5790435637609828
7.89,-0.30804300641104865,0.11566214042825483,-0.5319115103883688
7.9,-0.315073267351627,0.14064130377708994,-0.5562258593798066
7.91,-0.311014644246902,0.08339114127993447,-0.6387447138598351
7.92,-0.28505445669702173,0.005432129668812299,-0.7536781442992394
7.93,-0.2241120039901797,-0.07965546466717717,-0.8513314545277894
7.94,-0.14170263153960483,-0.15239177418083444,-0.9650640367907657
7.95,-0.062307705906034676,-0.1558134748799316,-1.0443662033289944
7.96,0.011200321948356004,-0.09460569707503501,-1.0885692415349018
7.97,0.06745292170957072,-0.10270075145531901,-1.072877206102107
7.98,0.09390832846653425,-0.19551912110870043,-1.0385675220071828
7.99,0.08467553962114069,-0.2988824551579716,-0.9868374547516653
8.0,0.06105465277622767,-0.33257537587111724,-0.9697763930330522
8.01,0.036203419039764075,-0.29810129889896386,-0.9955685094238206
8.02,0.025155128005900234,-0.22128723312074677,-1.01775713626856
8.03,0.047795208612338394,-0.19276643184632494,-0.9996025843341819
8.04,0.1291813390228174,-0.26325694471560684,-0.9149121069329249
8.05,0.25740453840028693,-0.4200865707432433,-0.7469316955436243
8.06,0.39895709233861487,-0.5675451567680908,-0.5265852500000324
8.07,0.48674115606178014,-0.6447879948102642,-0.32140240066786974
8.08,0.4768737315335297,-0.6518511574802976,-0.12343049758561886
8.09,0.34727451360576694,-0.5830695963813128,0.05653797644288296
8.1,0.11010199203147038,-0.45576898773405267,0.14892009364483905
8.11,-0.13567944338721727,-0.32726122853674855,0.11467437415517547
8.12,-0.3023313912323079,-0.2168603752973498,0.018723699209882656
8.13,-0.35504549918818545,-0.08940529119766796,-0.09110536164792424
8.14,-0.3025183996007463,0.055667304140016034,-0.16919757882512063
8.15,-0.22207256065090575,0.13141909033257063,-0.2127042418055386
8.16,-0.1841488120012683,0.0747153608362186,-0.23645314359384026
8.17,-0.1982764303397801,-0.015299793416666659,-0.24607156569477634
8.18,-0.19275708270333294,-0.07795142993385461,-0.2184399605703673
8.19,-0.12764763108898652,-0.08523255263995894,-0.14448932940263906
8.2,-0.023024797770073765,-0.09736935773287458,-0.05550738669843995
8.21,0.09000482943373464,-0.1525284220126112,0.01937318108259821
8.22,0.19811153602431875,-0.2134692556692973,0.055778506259903805
8.23,0.2770406312708725,-0.2562300559290539,0.014861434293685957
8.24,0.33926618111104606,-0.26455109091860807,-0.03196407046159981
8.25,0.43245662028862847,-0.23095399022027183,-0.033436359001889286
8.26,0.5052717374697787,-0.20628607304319432,-0.002772598573251918
8.27,0.5099501281498124,-0.23967674003682835,0.06185418649202481
8.28,0.5007807660282679,-0.24495358900485964,0.18970037584483548
8.29,0.5111602487079684,-0.21261530774244747,0.3675705347197313
8.3,0.553906797040075,-0.16436636780876535,0.5731341034642874
8.31,0.6281818448409638,-0.09947016506552608,0.73544550968785
8.32,0.6629585476107414,-0.0739037518213468,0.8175705495452387
8.33,0.6867866206980711,-0.05177257389613995,0.8478556941086848
8.34,0.7132775307995298,-0.019393052969881988,0.8383341734898203
8.35,0.7179891049600898,-0.01919132165954724,0.7756606592227137
8.36,0.6806393101421742,-0.06459091579152464,0.7227992061034767
8.37,0.6040580784534852,-0.10646339088188955,0.6969300318851958
8.38,0.5028932652926905,-0.1205708022961829,0.6948809957593035
8.39,0.41162054049707364,-0.12816036468331002,0.6864777704137907
8.4,0.37921094041650427,-0.12216452531752829,0.6079651706888585
8.41,0.4040717508311795,-0.07292749280567351,0.49123555551639825
8.42,0.480267506598567,-0.09896477317833241,0.44974359003079584
8.43,0.5485067126199785,-0.1926997993319523,0.48269241331540136
8.44,0.5833127956708958,-0.2617372186664687,0.554564942507009
8.45,0.6058985414502446,-0.33096273514803776,0.6654294890072622
8.46,0.6021801100377558,-0.4939375997307707,0.7917856709060954
8.47,0.5453038991614018,-0.6229999823422395,0.834672597697455
8.48,0.4462329049682623,-0.6270765326708538,0.759539978618099
8.49,0.34084184407238377,-0.4930020603504232,0.6053502399482091
8.5,0.2723692293459955,-0.2906052787007822,0.39170914116077116
8.51,0.25438493773014903,-0.13638125071777854,0.19445618329039335
8.52,0.30164074320200074,-0.07407824352466985,0.0490912089588024
8.53,0.3977739162317667,-0.10382577506107478,-0.04810892167266483
8.54,0.5047194511496036,-0.16447372375506206,-0.1127386010011364
8.55,0.5942159235851812,-0.2329651826698205,-0.15787190538995075
8.56,0.6418160892463387,-0.25825621615988026,-0.1647767003881881
8.57,0.6213591716193809,-0.29800285648037894,-0.18094564257529522
8.58,0.522430677537346,-0.31878841572475364,-0.188070623822664
8.59,0.3678390041008103,-0.2192108081480575,-0.17330228796985725
8.6,0.21606751248726658,-0.18447865417983433,-0.1890907695627575
8.61,0.12925505762628237,-0.12219191075325732,-0.16195813704730105
8.62,0.1361614315092001,-0.11822303179405952,-0.11597040038257701
8.63,0.2167278223961449,-0.1653419062194364,-0.05536561581036147
8.64,0.3417798650503964,-0.2047656752569526,0.03937396533683474
8.65,0.4425799247948818,-0.2514647689570493,0.1285403056943102
8.66,0.49266436437251826,-0.28659949195802964,0.19480408094064694
8.67,0.49720357367302237,-0.2846002597676346,0.18624391201301224
8.68,0.4774463083103305,-0.28721163960787954,0.10417214173641726
8.69,0.43812158003340096,-0.26441747755029715,0.040219587323853376
8.7,0.3979942401757781,-0.2637354311716821,-0.010621001797223268
8.71,0.3503989718059879,-0.3052857584156245,-0.056275423452115524
8.72,0.3095994210554176,-0.38023429789941676,-0.08308920460407283
8.73,0.29020426558701146,-0.44730598836513114,-0.052504878506910393
8.74,0.2953239774293023,-0.5163579449337203,0.049972020186994176
8.75,0.3255626915812233,-0.5646367507172346,0.15748365573132497
8.76,0.3666317594801333,-0.5884203572624678,0.24526489791521122
8.77,0.39237297450717223,-0.5888538657726953,0.30254456683845976
8.78,0.39212159160031407,-0.5641543256162815,0.3419988406920357
8.79,0.3385684802330408,-0.47661578650745773,0.388458537433272
8.8,0.2324947236075657,-0.407697899071846,0.4015969517239647
8.81,0.1238482979128171,-0.4386694737530248,0.381079142831771
8.82,0.06456314865674215,-0.4701279677279706,0.35111469323407285
8.83,0.017430897791875132,-0.3930444992762791,0.36664960361904164
8.84,-0.027642467366324475,-0.3087571164827884,0.3743271585145993
8.85,-0.04969194042355293,-0.28799287048728156,0.384335897112216
8.86,-0.04426211753660955,-0.2581235011616898,0.39766729556741165
8.87,-0.01301788211209039,-0.16281845090272534,0.3680056596099643
8.88,0.03812404513664212,-0.039651142588467914,0.3070283993777831
8.89,0.10521427559267292,0.09798708335788978,0.22880847050651568
8.9,0.15598913724666288,0.1798448878840268,0.11961423289826613
8.91,0.18036285191487553,0.18354759558768075,0.011611715870879226
8.92,0.1472065029652192,0.18223113227934476,-0.06883844906450771
8.93,0.05954617058945413,0.12698917763367254,-0.10195830042978893
8.94,-0.0673342981919997,0.11049139416870156,-0.05939387869170185
8.95,-0.18923588370248354,0.09388186290334304,0.046849467422542375
8.96,-0.27601871633581,0.05688955454305412,0.20678024538977016
8.97,-0.287170005459142,0.007703609892009857,0.3644314815501402
8.98,-0.2561417759920888,-0.07410489805471822,0.46396646261006236
8.99,-0.21095718479286193,-0.1285637261468443,0.5483953192395167
9.0,-0.19036249941917802,-0.12413274514996915,0.5947237299435066
9.01,-0.19722928725998812,-0.09630142874000397,0.5906848295660201
9.02,-0.19127936887164676,-0.05190986942662094,0.5410026933750729
9.03,-0.1253216809654369,0.0004031708105736263,0.4438200042891744
9.04,-0.011418735172567421,0.006385813068397569,0.2465779363010599
9.05,0.09841887868942537,0.015773128311280204,-0.02412166035603647
9.06,0.1638458378020317,-0.004277469927115465,-0.21250764965143973
9.07,0.19234328123379996,-0.08526050892556045,-0.2672713224886566
9.08,0.19722819525472318,-0.20386331786573741,-0.21430554267463578
9.09,0.19654140991731806,-0.33183169301618604,-0.11290889868594675
9.1,0.15303978389631318,-0.4287351084683801,-0.02198788563644596
9.11,0.06605767503706857,-0.46239535745913163,0.028053479229991716
9.12,-0.06790963219124684,-0.4022523121420139,0.017010191671174377
9.13,-0.20680137805932933,-0.2952077785648975,-0.033110460466838174
9.14,-0.326536427467823,-0.19272681788807433,-0.08435280238524492
9.15,-0.39122761310451765,-0.15048736078460925,-0.13902792497055075
9.16,-0.39423974312544735,-0.17980574738387148,-0.18691240958108085
9.17,-0.38029216094351403,-0.24777248434776272,-0.2161145204979922
9.18,-0.34921010200884905,-0.2784946146342275,-0.23952920737565592
9.19,-0.2693289247903978,-0.26090919404020085,-0.2558659790875352
9.2,-0.1767147609028941,-0.21672822528402733,-0.23023237021329634
9.21,-0.106288390009536,-0.205804435452647,-0.16028233536382197
9.22,-0.057839892289268044,-0.20702419605607886,-0.05860398591337665
9.23,-0.03168940045353265,-0.2072386741638183,0.07361510644952288
9.24,-0.05322959878680968,-0.18915906439801727,0.19755743486825025
9.25,-0.10936641194018057,-0.19450473361061876,0.30804752804141505
9.26,-0.1731939285342108,-0.20036266740257389,0.3921422191993452
9.27,-0.2384949543930138,-0.19087203066917208,0.44145623339908846
9.28,-0.26371499570057083,-0.14990413860317006,0.47744982590236795
9.29,-0.2447715344644416,-0.1053252664610927,0.4744968443130068
9.3,-0.19384906810383445,-0.04981649558319564,0.4424619935354992
9.31,-0.10346223955411925,-0.010785026008984715,0.38880169966007627
9.32,-0.0064891284895036575,-0.0059271397938532614,0.3089018103594444
9.33,0.062180027145354616,0.005291671345457292,0.19936237452907357
9.34,0.11291195512905336,0.031357126898955485,0.09985236486416038
9.35,0.132612310156872,0.05634403529717631,0.04267082113196205
9.36,0.15999928717994139,0.057822843931305955,0.037225769949352644
9.37,0.1868697476832976,0.06435928885791004,0.07111244661692792
9.38,0.20879005720181834,0.06662750592160689,0.1148807560353398
9.39,0.2201262085406537,0.055562098770031654,0.1456449456974133
9.4,0.210001097030823,0.028580357722943824,0.15717381287198806
9.41,0.17929449571850806,0.014407445385458309,0.14326289867664999
9.42,0.13910304910509963,0.015113337918064679,0.10660725268025306
9.43,0.10934032446420384,0.030143043361611537,0.05382852467022549
9.44,0.09546212949443611,0.030956785631706903,-0.017070372227305015
9.45,0.08660180955209469,0.017116919472334347,-0.08687402102377252
9.46,0.06658211518934623,0.0021706727760632937,-0.13521432233755779
9.47,0.056624263489203915,-0.0056218549579283,-0.16048009616722503
9.48,0.0571106708304473,-0.003497166424902032,-0.1609841851784941
9.49,0.04241078841594123,-0.004600934733148603,-0.14342051405318657
9.5,0.030708784502042813,-0.018038284300623608,-0.11036255922086292
9.51,0.018408454935500255,-0.026212592048855135,-0.07915935312826901
9.52,0.0077535964660752086,-0.010304818723119216,-0.04622496167836773
9.53,0.015002591336342753,-0.006066289261830801,-0.009536887770536092
9.54,0.024264449783589992,-0.005085244282437128,0.04152124403016464
9.55,0.017119373674900105,-0.009154773626687616,0.10335327317689436
9.56,0.01139977822143054,-0.012134151340019482,0.1781457594274456
9.57,0.005087275086437001,0.008601862383272528,0.2480599654248211
9.58,0.009070012233232165,0.03271966400868312,0.3194350939675178
9.59,0.04266937679890195,0.055631603795465855,0.3728726964797455
9.6,0.09357774708863735,0.09069155919616792,0.394927430994028
9.61,0.1273825258071746,0.13090227526759712,0.37668097404976264
9.62,0.12777268948636092,0.16439516961647488,0.31054256207025355
9.63,0.09379189449902202,0.19095974064477636,0.2188247441694181
9.64,0.03669852766948927,0.23785075133543498,0.12907871037743415
9.65,-0.017560151319388793,0.26471406024003374,0.05877771163586729
9.66,-0.048587417383694105,0.27168784263812795,0.005139378548620756
9.67,-0.05261148050618184,0.2600592043173219,-0.04102161283623785
9.68,-0.04999469625616298,0.2587249380973714,-0.08026124044763397
9.69,-0.04990807952800505,0.27048881899220967,-0.10825887049442992
9.7,-0.035751483484992665,0.2710238469430127,-0.1310918664562454
9.71,-0.035629533816318365,0.25882242786244575,-0.15392877326305945
9.72,-0.04807117668381844,0.2642038505943176,-0.18150611233429004
9.73,-0.05161155952875008,0.2726153849376363,-0.21202098979704348
9.74,-0.0474137852946471,0.2530076423996029,-0.24332575129214062
9.75,-0.04418771385303594,0.22970094614981756,-0.2661146841279779
9.76,-0.0555873956808135,0.20533022235990384,-0.27591785924587925
9.77,-0.08384363746637086,0.1874152535177542,-0.26617078343407957
9.78,-0.11497334165004468,0.1873624405685419,-0.23938869650854258
9.79,-0.1432592452778696,0.20860482123667537,-0.18815871528560546
9.8,-0.17205563118421793,0.24461260495976847,-0.11295970635875074
9.81,-0.1838898100394931,0.2811641412496983,-0.027272404719488837
9.82,-0.16026063104506885,0.2951262210211613,0.04888325567898402
9.83,-0.11170978605577553,0.2929008795387294,0.10630835098132836
9.84,-0.07625413609933683,0.2800483106131038,0.12927208073001764
9.85,-0.06918251317999546,0.26073986704299634,0.12171528176494201
9.86,-0.09092775025997218,0.2282126188164368,0.09243361237990537
9.87,-0.12181309514594876,0.18778535262126775,0.0604975227058264
9.88,-0.14397550642925935,0.15312473104599647,0.03580557453588253
9.89,-0.16013898902826257,0.11635504616033292,0.015997841747183973
9.9,-0.17665851826722978,0.08611166795801659,0.0028975615229955075
9.91,-0.20327112066992134,0.057493410997741,0.002071717355410857
9.92,-0.22648771277780713,0.014548455344567049,0.013897696781242237
9.93,-0.22962923283777045,-0.03578204838265534,0.03134980765327884
9.94,-0.22809543930740164,-0.06697409154725392,0.05512438091480504
9.95,-0.21893006236513232,-0.06957384064500217,0.0868853642719365
9.96,-0.2041057978839567,-0.05083730829421764,0.11946437685000721
9.97,-0.18412751289324633,-0.023044867486376477,0.1385422753229054
9.98,-0.15578714069484523,-0.005900724807081209,0.1330583024988042
9.99,-0.11165848696443507,9.286062184172597e-05,0.09456489976921564
10.0,-0.05922248159446376,0.003636901054767847,0.026165967176195782
10.01,-0.007490680186492099,0.014847014852791237,-0.05988183532709999
10.02,0.03296830076320504,0.020671944958798424,-0.14345526281334425
10.03,0.05947510464070001,0.021489597722611935,-0.20232014143315194
10.04,0.0658793179176685,0.01874990393410102,-0.22277221793366825
10.05,0.057332639081307125,0.017868405537285612,-0.20513174795538514
10.06,0.050282410597207616,0.031087141043188035,-0.1664945778141794
10.07,0.05490070783270001,0.04757054672751207,-0.11852465716282827
10.08,0.05690246450096159,0.06306246820918762,-0.06903916737676749
10.09,0.04797437212136685,0.07518259973302822,-0.030596402924562092
10.1,0.037221614547587975,0.0740669849593709,-0.01651057260496966
10.11,0.020322850008502723,0.05703842984607704,-0.01978769771849885
10.12,-0.01170060121457617,0.03832866925130211,-0.026915531162064223
10.13,-0.03098535939127328,0.017762054737922833,-0.018447158901867003
10.14,-0.0654440289699236,-0.011852895597759828,0.02195744107412679
10.15,-0.11096622013915161,-0.04754092900032585,0.08892370292196247
10.16,-0.13217526089392498,-0.07176236698703611,0.17344076946616982
10.17,-0.14446000239045215,-0.07812132165747789,0.25643770652358355
10.18,-0.14881589070868836,-0.07004841305188376,0.3118082386501865
10.19,-0.15739472820376033,-0.052065255783334104,0.3311685002807285
10.2,-0.17705479799155333,-0.019766999534636575,0.32052978409093774
10.21,-0.17850613643986432,0.031048722801555403,0.286381503009301
10.22,-0.14835043172874654,0.08705703521823642,0.23742072794848276
10.23,-0.08011874949355444,0.1298887199132427,0.17718952628339565
10.24,0.02796620183899902,0.1482780881218993,0.11705506913552965
10.25,0.1290405193341967,0.15335062646578554,0.06898537035051222
10.26,0.19489681846903384,0.15786921201396095,0.021909362071261502
10.27,0.23026333218145892,0.17578641033375716,-0.034295553050896155
10.28,0.2316355105349724,0.19959962238281603,-0.09204709399385308
10.29,0.20932219820011283,0.20134220029460978,-0.13830393925054965
10.3,0.1807018682946262,0.18684843344393454,-0.16690235067703224
10.31,0.1507389131856285,0.17535409334222177,-0.18082431108198257
10.32,0.12517348363353037,0.16122657977265917,-0.1869083712289757
10.33,0.11054500963113388,0.13560760860516813,-0.19201085734741322
10.34,0.08564121578108401,0.10338089261069794,-0.19794190603516698
10.35,0.0220687936852577,0.07960477359825999,-0.19864123217577911
10.36,-0.053310219162469995,0.06233164644344388,-0.1862184283718114
10.37,-0.1000350205404452,0.05316149015061168,-0.1549075201632372
10.38,-0.12620266302272867,0.06358264063126147,-0.11461696306508072
10.39,-0.1430776637520355,0.07969565406921804,-0.08045037996610466
10.4,-0.15917419864953572,0.09172022802798276,-0.06231354640794388
10.41,-0.18542973727968148,0.10130913957763985,-0.05786753647143017
10.42,-0.20540622865305413,0.1076806370707329,-0.05201393243305995
10.43,-0.20510416320160696,0.1136073699057875,-0.03669951206279912
10.44,-0.19755324873611058,0.12025622278451843,-0.01971486863428796
10.45,-0.18682552280217343,0.13154459094261448,-0.009758187071341528
10.46,-0.177835254192706,0.13878375940328283,-0.0001332831105892172
10.47,-0.1814198915424743,0.13145400853668585,0.015063858017978925
10.48,-0.18573856000910993,0.12101174852468327,0.0346700838106076
10.49,-0.18656941398108104,0.11853239991097146,0.04289765166839267
10.5,-0.19018933468136,0.11495977244192049,0.026927178671601038
10.51,-0.2012621612107233,0.0982498793709302,-0.0104693717371531
10.52,-0.2027741893422512,0.07446942401902044,-0.06281503301722072
10.53,-0.1806868023706638,0.05182352958628405,-0.12775769536934103
10.54,-0.15044727943456732,0.03510460589011762,-0.2021692454185663
10.55,-0.12390143889579684,0.0212527470633229,-0.2775155414195214
10.56,-0.11868113768428082,0.00972781079642958,-0.3474584159688595
10.57,-0.13966149115398194,0.011725399805557783,-0.4011099191477922
10.58,-0.1635738802850172,0.029134279767091865,-0.4404880477633061
10.59,-0.1741506646029714,0.05178239325048166,-0.4629667204487948
10.6,-0.17797383555313093,0.0764004972756555,-0.46085735747413953
10.61,-0.17265579932789743,0.1079541197160578,-0.43422478912506357
10.62,-0.1505081451177182,0.15047290393204005,-0.3808437227041185
10.63,-0.1355086699918215,0.18974896925999324,-0.29681765270219285
10.64,-0.15409871839041714,0.20301946942533494,-0.20862220088131994
10.65,-0.18881898737501113,0.19224648838382685,-0.1371131791998791
10.66,-0.22223969175187977,0.1933134143113063,-0.08292255499531893
10.67,-0.23253797245286684,0.21199887798215325,-0.04363417722883096
10.68,-0.22977893415421252,0.2062197454603095,-0.013956433254148639
10.69,-0.22423698392128036,0.17871543940876625,0.011730292381084412
10.7,-0.21154458648805224,0.14791514002822162,0.02885979560741591
10.71,-0.1899436576523341,0.12077109396110128,0.027798600588720104
10.72,-0.15586254726796284,0.10433746445135482,0.011212470106182489
10.73,-0.12820275675233048,0.0942396212395861,-0.015740301877678584
10.74,-0.10812068589774966,0.0802893301453035,-0.039607416164773396
10.75,-0.07259376341190424,0.07257690604589088,-0.04820445645430602
10.76,-0.04113361356436561,0.09281376663437357,-0.05272218185745365
10.77,-0.0296900290450637,0.12347098188134951,-0.07362977071518025
10.78,-0.03532840669440611,0.15132022231599698,-0.1250902307985249
10.79,-0.05986605716427747,0.15285630887558813,-0.18266895554125245
10.8,-0.07910138796092046,0.12453069143385505,-0.20226063377316114
10.81,-0.09827165571685034,0.08529429215603969,-0.17776521104144752
10.82,-0.13070887463878986,0.07657206804285475,-0.13551021031219415
10.83,-0.15927747000709297,0.10834268081515293,-0.09987329478730918
10.84,-0.16665088826685517,0.14551886684276033,-0.08770942795282428
10.85,-0.16395289962236484,0.16836877023144234,-0.10518125231611619
10.86,-0.15563119708688283,0.19121351674883935,-0.15351083045546757
10.87,-0.14796005467188572,0.22264435632046659,-0.22776594935949473
10.88,-0.13156229936085673,0.22430737111048554,-0.31673205693298007
10.89,-0.13162111958738226,0.18314731363977302,-0.3989076046917585
10.9,-0.16936505988131445,0.1364986649699455,-0.45197545975664216
10.91,-0.18515266397279304,0.12651463192761145,-0.4510716622348695
10.92,-0.1734463894526726,0.11614424699268955,-0.40370514162553506
10.93,-0.16876405569769964,0.11897751571256222,-0.3338890002524889
10.94,-0.17040584894536176,0.12869897557164225,-0.24733181207175742
10.95,-0.18577733253538947,0.08698729692653924,-0.17064789260833224
10.96,-0.19640664357582316,0.05742629860762566,-0.10958752866082896
10.97,-0.18366148086131537,0.06376467979869134,-0.05992991162284835
10.98,-0.17283558167192414,0.09052719107743837,-0.044899428013634377
10.99,-0.16532141825418045,0.10853131827954342,-0.061509812093058815
11.0,-0.16151011311007427,0.09274012912654146,-0.09511323193418246
11.01,-0.1443624312507667,0.08106619692971875,-0.12224164512921784
11.02,-0.11138535250400244,0.0644735573829576,-0.12969580091063226
11.03,-0.09151464254222436,0.05758051851546636,-0.12688932856101198
11.04,-0.07818914417349764,0.07017161391385288,-0.11808659420740725
11.05,-0.06667737252067611,0.08357383069113229,-0.11817032283258135
11.06,-0.06248347160491459,0.07710002869685793,-0.11993737620935
11.07,-0.05622355625133173,0.04604905580616157,-0.11080220450068923
11.08,-0.06190222314991736,0.01659369804071578,-0.09332931245674897
11.09,-0.05648035861275197,0.021398012477314075,-0.09551194929392956
11.1,-0.02233022454946879,0.04294380682391378,-0.11254085575105975
11.11,-0.0005838521818761919,0.03737666015425316,-0.14354808043246076
11.12,0.01644496274309671,0.02471618767646759,-0.1770583012109077
11.13,0.021791454780957554,0.005011959101419532,-0.19828094691803444
11.14,0.006631792930439567,-0.012377775844989803,-0.21801929460723166
11.15,0.0045216252813326165,-0.02255519859951361,-0.2362453798403227
11.16,0.01763301512697399,-0.03339609482590519,-0.24613638516078548
11.17,0.014361831549990187,-0.04826952478401357,-0.24125786847495137
11.18,-0.007129439281267348,-0.05969158760215221,-0.20824836290157858
11.19,-0.05262683902171745,-0.04117893884239179,-0.1510714575566039
11.2,-0.10056650591495121,-0.01500708955474402,-0.08101321909000847
11.21,-0.13076233136810647,-0.016054072194457102,-0.0047786938963541
11.22,-0.148309273094736,-0.03730954513388926,0.051499307932212315
11.23,-0.13873187804444534,-0.04835973615346401,0.07998627908757197
11.24,-0.1166831729362496,-0.047480757932827605,0.09055055804526596
11.25,-0.09610998219009353,-0.030458308927119877,0.08793774711201553
11.26,-0.07330450050324516,-0.024161081274284336,0.09333574795393595
11.27,-0.06917730813297625,-0.03632040261732818,0.0897226176140807
11.28,-0.051329878993606276,-0.054800537098002894,0.0931262679077558
11.29,-0.018499250237544382,-0.05489456587483738,0.11166449238536179
11.3,0.023731033546438466,-0.02889927821926588,0.12308860641979195
11.31,0.051323045530251236,-0.006608689247172566,0.12806392937674402
11.32,0.0431894642407887,0.0028476724742158774,0.11067359806192459
11.33,0.05077049969604272,0.008963281792307407,0.0744652378356423
11.34,0.05673120776576575,0.01843569362844229,0.03161976631848722
11.35,0.05413927495697225,0.024712019586379103,-0.017854009362308063
11.36,0.05680002582240637,0.03492870439182751,-0.04841094283835961
11.37,0.030169284775662993,0.05217745406548574,-0.07182420807126925
11.38,0.02983196532848492,0.06325312148811811,-0.07754623722164915
11.39,0.05190631766135077,0.05931728135893821,-0.08053348240191122
11.4,0.048134061795822226,0.009149164956184135,-0.09256217928941644
11.41,0.029408000900288722,-0.031131243672447826,-0.09645769106575718
11.42,-0.026745106767052516,-0.028526273657604777,-0.09586709611736982
11.43,-0.07382065586903543,0.0009110254138139981,-0.10086701693033082
11.44,-0.09203397166039573,0.015267600738715604,-0.10696601062232021
11.45,-0.09759036160171687,0.003710634618946687,-0.1085151537047364
11.46,-0.09598826045288313,-0.023534360676725624,-0.07783955632803749
11.47,-0.11802033786683264,-0.06660142708799066,-0.02981109054005227
11.48,-0.14528273795842492,-0.09713718463818162,0.045212904147478986
11.49,-0.1378960986301255,-0.09833154834172356,0.15082424407748188
11.5,-0.10168204801441165,-0.07270279602359611,0.2645611478283684
11.51,-0.06413884986966595,-0.04015023011736213,0.3597477229588885
11.52,-0.05537498407709208,-0.006337311027088523,0.39658367629468627
11.53,-0.04135436641879056,0.00785005138702891,0.37407428162814765
11.54,-0.01781467726209784,-0.003505817724513471,0.3030016271458226
11.55,0.016505836329136624,-0.027385396159271845,0.20250289206231512
11.56,0.03716713143230449,-0.05841172703526261,0.1078906336953399
11.57,0.03882486621212757,-0.10602920792109409,0.02892220879397382
11.58,0.05364597012462509,-0.1468210358819307,0.0014401387570494187
11.59,0.06327485228107045,-0.13433117701406774,0.0030117181934637975
11.6,0.09803589080845239,-0.09851281984651492,0.015034379672889151
11.61,0.09631714112925353,-0.0787373877823028,0.013745283260785139
11.62,0.05530457380275118,-0.08235593827879586,-0.011644105458126294
11.63,0.013498815728660987,-0.10094441099903494,-0.061629405829092834
11.64,-0.007384751796345379,-0.0946173414840326,-0.11918955080871337
11.65,0.021258240941848736,-0.10144445243029906,-0.14462840746735062
11.66,0.022221763424429396,-0.12401117819234964,-0.1186368184597432
11.67,-0.0036386526355498723,-0.14269700367882823,-0.06234259916574668
11.68,-0.005595330256597759,-0.14553804104816673,0.02649324381493489
11.69,-0.0001587320319105717,-0.12199555982118665,0.10136557688500564
11.7,-0.0004084863760391033,-0.12396509517743906,0.1480644038134444
11.71,-0.042787477148377696,-0.1450759665632878,0.15526410789055506
11.72,-0.08452051288745349,-0.13906021409551989,0.10893601842694099
11.73,-0.09127061374384662,-0.11994865974978329,0.0328787562847087
11.74,-0.044969947398762075,-0.1114892815280157,-0.03913386802674018
11.75,0.03702533885836807,-0.09691027975792996,-0.0713375448593256
11.76,0.07707170199226125,-0.09510084957082975,-0.06775157233045248
11.77,0.10763668048134206,-0.10449867964576959,-0.03489364083467813
11.78,0.14624889649633424,-0.1048790217403172,-0.0008517652382662831
11.79,0.1851637506822168,-0.08556796511195512,0.04231609621468538
11.8,0.19019665676803613,-0.0736343334624182,0.10702715836774462
11.81,0.14747575668613486,-0.06805422775317378,0.1575119366948687
11.82,0.11461825697091405,-0.05236258018000636,0.15429467313318157
11.83,0.109139421593281,-0.028705715152045067,0.11360443627667688
11.84,0.106018948869952,0.013324501952339028,0.06993412012052147
11.85,0.06698062502337182,0.022117731969558612,0.0429259642025958
11.86,0.0438267954192019,-0.008731330640115217,0.03191164167313707
11.87,0.061462086815030584,-0.006158360613258343,0.04427435182780379
11.88,0.08631258294889353,0.04028430628753496,0.0785707940483079
11.89,0.1097933665108669,0.08563371644473594,0.1347329307327426
11.9,0.1164205200855428,0.12040658059830557,0.18943849817260197
11.91,0.11105652453255499,0.17558667034454345,0.18494335872304715
11.92,0.1260109870088211,0.22845649670109083,0.13836346690206935
11.93,0.13716350028758206,0.2890114856074325,0.07360241765270101
11.94,0.1385321237654436,0.2939975781126035,0.017449052045187995
11.95,0.09429814630615625,0.2727243934634222,0.0030905524586258178
11.96,0.054468559697327494,0.2754870659787452,0.01436625715521767
11.97,0.05213354599901478,0.2756271608496209,0.06963570234108686
11.98,0.05568023404546078,0.27539730503393783,0.1514426725591581
11.99,0.04814734915964683,0.2782183469190218,0.2340688135262932
12.0,0.016361105330377396,0.3180094703642603,0.27050618322746095
12.01,0.007428131694728436,0.3505853077736509,0.2437013405189708
12.02,0.02280856772135748,0.34831838387318065,0.1738403774998269
12.03,0.013576796763278267,0.3206084538840281,0.08302889137081215
12.04,-0.015203465407215157,0.2973477075333653,-0.004246756670478497
12.05,-0.03765617574225223,0.31523138051987776,-0.06544288916372058
12.06,-0.03659118934236688,0.3239798160980154,-0.0808083871355888
12.07,-0.004829438756051233,0.32718915124453357,-0.04814971236380766
12.08,0.011272361235500876,0.2873609291756788,0.02376465967999156
12.09,-0.019309029104465632,0.2570560574132691,0.09754100374928551
12.1,-0.046719456346663156,0.261408564402307,0.1440589299126169
12.11,-0.06989917069218303,0.29825838949692834,0.13886698246416912
12.12,-0.08630298274753007,0.3153161138572403,0.09255176087439267
12.13,-0.13655131918380545,0.3058663466347972,0.04251298650410244
12.14,-0.18312432314585664,0.2958435157776267,-0.011057657631112706
12.15,-0.19557482157510567,0.2860154412664141,-0.03591006078340487
12.16,-0.20369608101256068,0.28800019192724646,-0.042333935090769395
12.17,-0.2018616389406258,0.2724250558229043,-0.02565113929549185
12.18,-0.2064137323744877,0.24740417951956,0.013829163828912172
12.19,-0.2099673558991525,0.24205716752319964,0.051405479304451364
12.2,-0.19205796725232743,0.22700921523185236,0.0731683316785525
12.21,-0.18630155402039406,0.20006502379192526,0.06809191806246871
12.22,-0.18148066151063247,0.16296117807300414,0.0487998558409052
12.23,-0.20799461740647252,0.13509437535800783,0.024717156731514086
12.24,-0.22081301197190256,0.07560454586595312,0.004346995930953128
12.25,-0.2047984538718553,0.04336457449108461,0.007711400792441041
12.26,-0.16548450511996074,0.035372247613477875,0.03703519571909698
12.27,-0.12543970608115512,0.0493897547328436,0.09128366371221827
12.28,-0.1184831439922276,0.07466527618411777,0.1313841967091607
12.29,-0.07953090420791441,0.08289311488588037,0.1334542571206135
12.3,-0.029278326193150454,0.07736552674848342,0.10298883206619355
12.31,-0.009722529254475289,0.08038607312271259,0.05128505168894215
12.32,-0.018241578824720925,0.08230368804921077,0.011742719743546496
12.33,-0.04516005205209627,0.0808758691917028,0.00471021851276504
12.34,-0.05121261060663551,0.06871879368072627,0.015941766566063102
12.35,-0.030576844876158506,0.04495476056407202,0.05339646019870487
12.36,-0.010776884105563227,0.037997875288219275,0.09337824290033837
12.37,-0.01186695769295503,0.024579630927617897,0.13101376247371307
12.38,-0.03743285237801019,0.0029515859324268233,0.15718309815571205
12.39,-0.07728839588533518,0.024787754441499586,0.15225156866895506
12.4,-0.08720000411254719,0.06893626795198952,0.12867633654687816
12.41,-0.06663262613474144,0.07340205518054269,0.11507933511802304
12.42,-0.051115091358962285,0.07045650162789453,0.11100338018831259
12.43,-0.046197239007900424,0.05617691478055198,0.12837703492483432
12.44,-0.021543887265071813,0.09612587132358427,0.15525643663144292
12.45,0.05090192443677507,0.13268396675977334,0.18990337588122103
12.46,0.10964776278595519,0.16146026432174307,0.21139368054452312
12.47,0.1233929245086929,0.1838808779059593,0.23106115824115217
12.48,0.0996346412827773,0.20459124828388048,0.23906777037411542
12.49,0.07496315276445709,0.24006702113111114,0.21729928171581542
12.5,0.056826200040341335,0.26474833969989103,0.18906177127549295
12.51,0.025476586668239112,0.2558264307587134,0.15787120368649452
12.52,-0.004000457424580211,0.2122773563900772,0.1370887399560279
12.53,-0.02924928680810226,0.1911575692837682,0.1251065351743325
12.54,-0.025305390801843793,0.16786529316052515,0.12220033366571108
12.55,-0.028759483118550103,0.1344750626079726,0.11371130606419438
12.56,-0.054117543128989594,0.106935392661948,0.1047354604654692
12.57,-0.07520088532762204,0.11880763023188805,0.09306616281142086
12.58,-0.0747335671997848,0.12684606284338218,0.08358060994396174
12.59,-0.06620445961277831,0.12287519257758106,0.0836805249035745
12.6,-0.06911544821837924,0.1285017133966445,0.08854553504464738
12.61,-0.06921378814173461,0.15952694035359083,0.10092011354917849
12.62,-0.06506425176206367,0.2074311103134039,0.09867104182895425
12.63,-0.04272516392740451,0.2311704621865069,0.09609770991094659
12.64,-0.022688029073770554,0.23767621065976624,0.10808638868089764
12.65,0.0060298228519509245,0.22108185393966526,0.11824021226515855
12.66,0.053348391328160674,0.2262404035477741,0.10295545211021062
12.67,0.09500915074229568,0.2613305912872682,0.07341764430075909
12.68,0.11794031318875457,0.27578132548538997,0.04845434403728918
12.69,0.11206133967413168,0.2538207645714856,0.03502617984960693
12.7,0.0627267113613496,0.22574902811842246,0.014355677669072543
12.71,0.013121503713074929,0.20459475782621434,0.009832901579554167
12.72,-0.03934327286369053,0.20410409577536265,0.027749619304509775
12.73,-0.09087803191766482,0.17934061536386647,0.06348525398324277
12.74,-0.1498638887706582,0.1587640219506801,0.10759340629518219
12.75,-0.16257644844380378,0.15324410184731668,0.142750072467716
12.76,-0.13143448145502923,0.15937938688010134,0.16277849804745875
12.77,-0.10337061948611129,0.17424187058187818,0.16728147919819958
12.78,-0.10621806996255827,0.18676880369592333,0.15395066496927678
12.79,-0.13083880091245503,0.20019842627671755,0.10811695580758313
12.8,-0.14679166102025168,0.2248488477680983,0.037536393904578316
12.81,-0.0961505989020994,0.2500387589300911,-0.025302821738746324
12.82,-0.03303104882069846,0.24819005502811034,-0.061639365461255126
12.83,0.0028420867774746985,0.20307649799217325,-0.06474810191323688
12.84,-0.0035256136039698302,0.20334582336961643,-0.04827071181691241
12.85,0.00989422950839291,0.25632099454475354,-0.021987655741799828
12.86,0.017259593200934197,0.28303380832380637,0.007632377411512042
12.87,-0.017900243475129116,0.2880510577411761,0.02272803477425201
12.88,-0.06523064020586307,0.28785072744110196,0.012442550597147082
12.89,-0.09771446620835016,0.2853762147452653,-0.019778507746246368
12.9,-0.1207764134547109,0.26809154710770483,-0.05522405877764229
12.91,-0.16587649601655152,0.2659425034183668,-0.07892561780819293
12.92,-0.20337006808133695,0.2547578553468444,-0.1079938455010465
12.93,-0.18569326403947603,0.24038063242167543,-0.1455234080083876
12.94,-0.12701761367764386,0.2886522383868306,-0.17488323985370255
12.95,-0.05815396673057582,0.31052269326768595,-0.1816522718304823
12.96,-0.046948215262536244,0.25890262408811104,-0.1630085975348627
12.97,-0.08951378809883404,0.21028695772478584,-0.113698416560422
12.98,-0.1463691025644311,0.24277120918108755,-0.021757420343800037
12.99,-0.1728675404028916,0.323085315769364,0.09751870441630296
13.0,-0.18681692841496747,0.3618707218874978,0.2225580588918511
13.01,-0.21288882321108296,0.38523774620445755,0.3008924914266744
13.02,-0.19481408469756203,0.43519387997520714,0.27782168288645637
13.03,-0.129195354195846,0.46854774498881413,0.1595625983189572
13.04,-0.11403550140732475,0.4590848823855003,-0.02742188999373904
13.05,-0.1615660255180905,0.4244930571204709,-0.2448947553393946
13.06,-0.1901006240334247,0.3470948585773557,-0.43856915316733575
13.07,-0.18287080536793537,0.24916773959515862,-0.5634606224735933
13.08,-0.16099897763751317,0.17980743993631162,-0.5860363391298778
13.09,-0.15790541250407505,0.14992848240695902,-0.5287548825795523
13.1,-0.1672180836123863,0.11726581812629343,-0.4271172042252487
13.11,-0.1693897403508524,0.08367113939134327,-0.2824459865055562
13.12,-0.18185609980922993,0.09130933864090389,-0.12256771728280136
13.13,-0.19781424279630838,0.12671285794744971,0.010876642825997233
13.14,-0.19974099944107704,0.1581213834424966,0.09381816175732466
13.15,-0.197116105755122,0.16738758158687325,0.1347265131606527
13.16,-0.2145199202243991,0.16453691231000753,0.13675846922499224
13.17,-0.22304668879691142,0.14247288657272097,0.12353482990753514
13.18,-0.21466876270127136,0.09647776690495402,0.11866426509662262
13.19,-0.2143319477803883,0.05795009512673356,0.12146371656665514
13.2,-0.23851796391206442,0.057182855188551714,0.1345670180433891
13.21,-0.2545766151711961,0.08905409531497917,0.1499284131618151
13.22,-0.2303157287907965,0.12388927101671549,0.15074910281568674
13.23,-0.17538430606360042,0.14230378875767466,0.1451569362756971
13.24,-0.11278489495134525,0.14549731685877385,0.1429873423405224
13.25,-0.0518327635114264,0.15436467940737486,0.12857291389932382
13.26,0.019190209494843444,0.18067014899343184,0.0954196917428703
13.27,0.08637286333126717,0.2188281241033278,0.061363115326244284
13.28,0.11761863123217692,0.25405902843949746,0.04724335931377463
13.29,0.1137092247474444,0.2883945814162048,0.04846283299324279
13.3,0.11171541674665654,0.33784947043389085,0.0555419861097681
13.31,0.13355184768455308,0.3849975417492695,0.07211111221289976
13.32,0.1391753362154447,0.4079859880331434,0.07524854996786463
13.33,0.1015006941222541,0.40011215734378414,0.04894304346824983
13.34,0.04661673570794435,0.4097394283358334,0.006628708473170848
13.35,0.0033033557400006623,0.46332060224383786,-0.040330920145190206
13.36,-0.03014162352840774,0.5049839964581501,-0.07576234986982675
13.37,-0.06863614351906824,0.5234993017716438,-0.10805199570041987
13.38,-0.08334756902842626,0.5145564711869739,-0.15873550121802293
13.39,-0.059238641547657574,0.4762193795836678,-0.2049809162723839
13.4,-0.02479505939396115,0.44720096945075155,-0.21135608004661868
13.41,-0.023050585262092364,0.44340350262779166,-0.19061298841619384
13.42,-0.09575001377241965,0.45336710039142364,-0.17195591973774982
13.43,-0.20781663771815734,0.4646806047287686,-0.1424227709640269
13.44,-0.2840497438010149,0.49490404590650744,-0.08970492949872043
13.45,-0.3076609500817932,0.5375939049106861,-0.016452462435985252
13.46,-0.324672999801866,0.5587775342699393,0.0683864386986198
13.47,-0.3409536920763251,0.5592252134496549,0.13464990610088612
13.48,-0.31818138840265786,0.5532019360887266,0.16062177145498502
13.49,-0.273925683267795,0.5573005143525828,0.15210215613354716
13.5,-0.2561654206763726,0.5632305076274327,0.1283156082034814
13.51,-0.2880581837535334,0.5468355566643893,0.08846716645372359
13.52,-0.3155148943891873,0.5035251300435134,0.04083632758977751
13.53,-0.30689709863958625,0.45594127128376777,-0.0014274774959461443
13.54,-0.30396651386634527,0.42724460344752696,-0.039205547338281556
13.55,-0.3308524935560296,0.38980213756806337,-0.06044947237169588
13.56,-0.39441099423892567,0.33704213091277074,-0.068207310042016
13.57,-0.446841698780111,0.28757851747033986,-0.061711605947987254
13.58,-0.4552654208667075,0.2675668043724831,-0.02688305939944829
13.59,-0.42847298733632966,0.29386108632711927,0.031892699085457527
13.6,-0.3996278002617774,0.3123661117886209,0.09049441483312667
13.61,-0.4107926373052969,0.29251704864378586,0.12082270122825467
13.62,-0.4388845503676821,0.25705554314537554,0.1301916461771406
13.63,-0.4679012140725528,0.2319331945694351,0.13470865314835173
13.64,-0.4792273527557805,0.21807079358583603,0.13046472940240253
13.65,-0.46094548010611014,0.19751701527977536,0.11040394845825743
13.66,-0.4573092015323293,0.17083212089509242,0.08049219695755574
13.67,-0.47689152593055656,0.15373036526065542,0.04253774154088939
13.68,-0.48380450076285586,0.15959728266998122,-0.007379512348343416
13.69,-0.43788241543911116,0.19443347656377757,-0.05051661305618327
13.7,-0.352648858976758,0.22640606394931295,-0.07278801280606835
13.71,-0.30391000230998744,0.22471794873086126,-0.09276245116362185
13.72,-0.3110699568090668,0.20152543565217398,-0.1295579175553227
13.73,-0.3145955548249841,0.18791326586449048,-0.1601856937717846
13.74,-0.293376648144525,0.1915529954137977,-0.15189958924659236
13.75,-0.2795888020344364,0.19473402506504844,-0.1169789649056523
13.76,-0.2720664231446537,0.16627373662308334,-0.0763172146416939
13.77,-0.2665319259318867,0.10887772655310562,-0.03544993253078237
13.78,-0.2402140933347447,0.05068717394492311,0.012884898806787119
13.79,-0.21466610274943548,0.025980654293160606,0.05249953225069138
13.8,-0.2211868397614358,0.03242506010968115,0.0699617048737412
13.81,-0.26272828584201796,0.04049880549088922,0.06502402015115424
13.82,-0.33103755166062737,0.07615981518209047,0.028037128165670812
13.83,-0.36123460003212543,0.11854877064594045,-0.031117311058154337
13.84,-0.3175531655027863,0.12230653794033491,-0.09343323383453365
13.85,-0.21116809094983943,0.07207645653747874,-0.12688130422649715
13.86,-0.10965696411193658,0.0004981441291864644,-0.13626616967710556
13.87,-0.058580723693243034,-0.03516258148326641,-0.14960252614095013
13.88,-0.043564859360287624,-0.030549267616230117,-0.17783947067648564
13.89,0.0022057344380424196,-0.01531616743408401,-0.1941418512136871
13.9,0.06870575726596082,0.026689259527091072,-0.16936875789305236
13.91,0.07903821137473095,0.05719017568427224,-0.11744316058981057
13.92,0.042431611264383204,0.021874243268029177,-0.07201122275768661
13.93,-0.014294090847038149,0.02895248557700727,-0.03351751071440997
13.94,-0.08002312202650018,0.11447294693249624,-0.005361243588306555
13.95,-0.1297782166728851,0.22803322654090533,0.017968994805665234
13.96,-0.15805391030802435,0.30368857370964675,0.02763125587076603
13.97,-0.15508784068530135,0.3332345970981159,0.019504365147945124
13.98,-0.12703372533430837,0.33872053962264326,-0.0026000355047555105
13.99,-0.07831907922115909,0.33628149288849196,-0.032484882670545306
14.0,-0.018264749241710693,0.31301894559088417,-0.04466341319151404
14.01,0.035125848477352055,0.2236282141008286,-0.021282947530885988
14.02,0.09635794344717787,0.0779018123733554,0.023372941502759148
14.03,0.15908294493471872,-0.06658794097478452,0.06941180371030704
14.04,0.19266710489935232,-0.10980423625896318,0.067472423716296
14.05,0.22776147803333294,-0.019638638071996745,0.02117152453857233
14.06,0.22973793363701264,0.12399334766787458,-0.03326948789676252
14.07,0.19904261118197242,0.20201333335086424,-0.06576065716335344
14.08,0.19587121514934025,0.18125540625237324,-0.028293343009762183
14.09,0.166771504850702,0.1119729375241027,0.02159530066324036
14.1,0.17065751514403413,0.015693611836276013,0.07425913194144232
14.11,0.1581712801105239,-0.07238633545935279,0.13662782501624007
14.12,0.10965870264764008,-0.12016446578024104,0.1947967339816442
14.13,0.017310905539009915,-0.062051116529750754,0.2205737664010052
14.14,-0.042046468595092285,0.16437214393479674,0.16857953597589626
14.15,-0.06374990401994673,0.4069665229400698,0.06389652833499954
14.16,-0.09052389460251067,0.5567626506452749,-0.030110809662429523
14.17,-0.10725653842091526,0.6063617030779513,-0.08485946903625972
14.18,-0.11079298695071896,0.619729919518183,-0.12508625512681187
14.19,-0.08366476827680353,0.6148054147618301,-0.1579136686595357
14.2,-0.013223564444733686,0.5978529179096249,-0.17189813435077791
14.21,0.03735629239516161,0.5049905245930175,-0.12802489152842247
14.22,-3.942245358628269e-05,0.3453250185048484,-0.049791261421079244
14.23,0.0019401336388972731,0.23449308582414868,-0.004617998784977467
14.24,0.05205233790388693,0.1620467590810429,-0.0014036375987993865
14.25,0.05660140254701617,0.21944691392984275,0.00026965849419398146
14.26,0.019438172215810637,0.37292453144069615,-0.039924264521458044
14.27,0.022157108312201343,0.4246239171150765,-0.1509373582826738
14.28,0.042429972424233936,0.3855023932652705,-0.22185599317842372
14.29,0.05460784560200274,0.31840277283382407,-0.2356235588341466
14.3,0.036496310324553714,0.2502135718138911,-0.16394911146821092
14.31,-0.07879796743477203,0.19089902981503662,-0.05212968457069429
14.32,-0.1465749038684335,0.17431037297362575,0.05229128427394623
14.33,-0.09420859656520662,0.13931464203734995,0.1409602299441508
14.34,-0.06364842536586571,0.11528846505525028,0.29654044821067727
14.35,-0.0620961363564421,0.17284650165287527,0.5114171774381622
14.36,-0.012707958762837339,0.31014529079849495,0.5996803909235662
14.37,0.05212456045796027,0.4566049493401347,0.5623818093336538
14.38,-0.0017392021143675176,0.5836952261505476,0.4643637355613654
14.39,-0.1820452409390472,0.6026448790299229,0.3414633227639485
14.4,-0.304132467536456,0.5793908756688243,0.1765703141753614
14.41,-0.31964639194626315,0.5698267448142391,-0.0006959394205234913
14.42,-0.2897937487298932,0.514413936198672,-0.10462972596090016
14.43,-0.19560810700169926,0.4104917321878242,-0.1151283746754706
14.44,-0.07469395893955805,0.31316697006751193,-0.139644848334773
14.45,-0.041717353000968245,0.34633526102248485,-0.16853503785390164
14.46,-0.07107086453450606,0.4350395900620279,-0.20960127038675722
14.47,-0.08287601280788251,0.3688650720208851,-0.27449491888945005
14.48,-0.10921380925487799,0.2226920894471901,-0.3226287546713626
14.49,-0.20556312436434016,0.1477926597512242,-0.35778631580776044
14.5,-0.29211836177719014,0.17181175935224477,-0.3486533311451598
14.51,-0.2486772111841368,0.1301501338091414,-0.23721301555905236
14.52,-0.30725871730132703,0.028206184118099147,-0.032907126943532206
14.53,-0.37293301649205557,0.05776909212290208,0.19319838351000249
14.54,-0.31147276441670946,0.21016281764067737,0.36181878076245677
14.55,-0.2394438158515778,0.4108842983044489,0.483869148935871
14.56,-0.1769654286262631,0.5415408120642273,0.5513190890510618
14.57,-0.20108391554497074,0.5271810656423958,0.5506863656683778
14.58,-0.31294987884895115,0.47732962704560766,0.48457112329720914
14.59,-0.40787762263826455,0.44266317032784475,0.3612438459219817
14.6,-0.3039038851373156,0.3653891007074569,0.2612185172537051
14.61,-0.15981991744082436,0.25474706409817055,0.23164294549316194
14.62,-0.05832089878529707,0.24530200177797196,0.2434810688815879
14.63,-0.00830699154736675,0.28611993300218747,0.22985591883859505
14.64,-0.038821957275580916,0.37378739602776984,0.2461977426097412
14.65,-0.13980513902406239,0.46939866015002246,0.2587228222180419
14.66,-0.26623105273994285,0.4193287864450693,0.2356152329136998
14.67,-0.3923165482318471,0.37537893058740013,0.1558644517889351
14.68,-0.3741724885056057,0.4186817132296078,0.050633533045666014
14.69,-0.2900624206778091,0.43418935684100823,-0.019064006345335113
14.7,-0.19661816887241435,0.3243911099105461,-0.03735655678320801
14.71,-0.1291057905713803,0.15454366946676423,-0.03862382077803879
14.72,-0.053158055830092865,0.10127431501120353,-0.0750939237297082
14.73,-0.000680806366953472,0.19189905005904345,-0.08649443774309629
14.74,-0.031145889974962957,0.3166068040181679,-0.08914044039489986
14.75,-0.05555015831026553,0.3083603378506787,-0.08555613946879859
14.76,-0.036406175931054156,0.24211830266998458,-0.05847442652948187
14.77,0.000769890814609703,0.2555461139296807,-0.021476664967334053
14.78,0.0379532035166504,0.3252058795292363,0.023150505297098944
14.79,0.060988786173981534,0.3428005928775446,0.08855082775225563
14.8,0.024235858029494503,0.34210619791581093,0.14329127521412127
14.81,-0.034421357052031795,0.3527395134134655,0.20033218322589494
14.82,-0.09214642937187258,0.4009384324502057,0.226464831447922
14.83,-0.12719501489590682,0.4435183100593838,0.21077835113056284
14.84,-0.17608299615530992,0.4847733235732714,0.16024823741454652
14.85,-0.19796660505507419,0.5935861172467151,0.09203792275612578
14.86,-0.17346088468516238,0.6732276826636501,0.01884279104292859
14.87,-0.13177793762062248,0.678479209940011,-0.055589245262833986
14.88,-0.0532752418432942,0.6272338869609625,-0.12487899870613119
14.89,0.0193279194883481,0.5359265463978744,-0.21471363122010362
14.9,0.05489174773711997,0.4226856320358688,-0.27217332530076394
14.91,-0.0083570973659062,0.28920732270661664,-0.2925420262666533
14.92,-0.05097335212876224,0.19197788055719786,-0.3207966914019379
14.93,-0.0015380012942877615,0.06858100399140095,-0.2568302064796093
14.94,-0.04566550568463226,-0.06257705041122104,-0.06861017441417416
14.95,-0.09534612330678159,-0.004283022626945704,0.14242434737004625
14.96,-0.10849288467807341,0.20642069920137612,0.24071704978012817
14.97,-0.026820050172114075,0.4964979289570279,0.23119949033247622
14.98,0.007596079085808773,0.8086627721453161,0.21621145688024598
14.99,-0.06415479465136761,0.8782754051586426,0.2396595506515784
15.0,-0.21841477151881422,0.7593292727957446,0.22368752271154171
15.01,-0.32502984999524037,0.6869546158830868,0.15484476967881747
15.02,-0.4370757621816421,0.5804876046849624,0.11684984360996235
15.03,-0.450506345298697,0.5149999478239856,0.15733221616090134
15.04,-0.37931940143416965,0.45288794798573506,0.2189425029523956
15.05,-0.379869946449286,0.3505126063032392,0.22975885704570972
15.06,-0.4346505256693343,0.3193385448236009,0.24255011515050712
15.07,-0.5024531424306947,0.37611344635054655,0.2725151179480882
15.08,-0.6445736499067162,0.39834825838681853,0.2870569112292248
15.09,-0.720779672799118,0.4017574319877417,0.2570131550895568
15.1,-0.5740807044432108,0.4376736185109473,0.23157468203181902
15.11,-0.44189378702439536,0.4551990441488499,0.25921879487750665
15.12,-0.33364161724591723,0.43848759708830903,0.2733317643447514
15.13,-0.21763977695240652,0.3738499965020562,0.22902135658587344
15.14,-0.2195504183184998,0.3497444443819464,0.13274535430651993
15.15,-0.2886921528971087,0.3163112353398774,0.06012228335913483
15.16,-0.3408654797816777,0.21254499124567494,0.01863593925817282
15.17,-0.35988828535424805,0.13520799214524562,0.0021861564706992607
15.18,-0.39058328060675535,0.1354072266725729,0.04319941804581577
15.19,-0.4470600838861344,0.22018611751442685,0.17552888597613694
15.2,-0.47004194101930286,0.24301880829017913,0.3131549061994155
15.21,-0.44281170382204305,0.318896534901967,0.4158155570339317
15.22,-0.3699883014848245,0.4379874318446711,0.517991295567117
15.23,-0.39571178324946155,0.5068275875071485,0.534142621214162
15.24,-0.45388451496904797,0.49003235027592956,0.4095562380182546
15.25,-0.46649491663753334,0.429043898238478,0.21682017476173843
15.26,-0.48537308504329374,0.3453402257248325,0.031743439478763166
15.27,-0.5011110786031773,0.2498633707497105,-0.10690946623372555
15.28,-0.45258319279860676,0.1279733732580875,-0.17993236288264322
15.29,-0.3834575335690414,0.08301983617043023,-0.15409073379211646
15.3,-0.34390686582876523,0.13071274254359605,-0.03505366243174977
15.31,-0.30690759154033576,0.11850452393453775,0.11124957791725608
15.32,-0.35800076265568703,0.12772478938629422,0.19752353372002304
15.33,-0.4035191495139174,0.24557734457632774,0.24237320945311017
15.34,-0.41894799312318326,0.3375924651451648,0.24051722839402162
15.35,-0.3882410529256254,0.30878979489307296,0.18234564117713334
15.36,-0.3731466260226762,0.27694221257702634,0.09320162102215446
15.37,-0.411297035501532,0.36355270853298033,0.009259563791541473
15.38,-0.4094538962905107,0.4367918529606787,-0.04784601125784294
15.39,-0.280274918298875,0.39799838896134665,-0.07976814892998668
15.4,-0.27204466271116345,0.3869870775219355,-0.03362751587860464
15.41,-0.23954837196028436,0.43678104527675315,-0.01726252392786402
15.42,-0.17349969006330695,0.43415116843008145,-0.0589165313157642
15.43,-0.17741018144481377,0.42501569743040046,-0.0900322590076806
15.44,-0.20575470390284004,0.5033187991799049,-0.13380396127659797
15.45,-0.19076583385844637,0.5749331320830823,-0.16651646414186855
15.46,-0.22317420095132878,0.5648693567354889,-0.19782778148233515
15.47,-0.24428541931429865,0.5194823042679582,-0.24498885251984656
15.48,-0.21203679648673568,0.43422478697778605,-0.2852005273003642
15.49,-0.1862021093893491,0.29416752467406104,-0.2695387873481337
15.5,-0.21195076912762986,0.20422925465996541,-0.23691021745496219
15.51,-0.24715011690857405,0.14865867888008713,-0.2067860006479713
15.52,-0.30105039569002473,0.12990832485494352,-0.17773345854233402
15.53,-0.32857310150948776,0.18794544413550482,-0.1158256605011828
15.54,-0.30394977258359607,0.3038261525017537,-0.03615165194528002
15.55,-0.28864458076123556,0.4028680095928742,0.07726485851360633
15.56,-0.29369825013362716,0.4065031539610668,0.16942144053914626
15.57,-0.26448880621598075,0.4103559796648195,0.207755019556513
15.58,-0.23436126625825393,0.42978483950147467,0.19000778879302876
15.59,-0.2306090146375699,0.4221693533395864,0.14029538982121956
15.6,-0.27226734694277976,0.34990484208684025,0.04597969076017489
15.61,-0.32732975522680574,0.2528146630015708,-0.08254063248644967
15.62,-0.3772378097401556,0.22207796279995562,-0.1953213278483034
15.63,-0.36506140185895825,0.24205845783230606,-0.2446127463349706
15.64,-0.34075819976428273,0.22390653482536088,-0.2289144529144817
15.65,-0.330494291676643,0.1735868062132701,-0.18356640160351215
15.66,-0.31595155640023453,0.11975101507405005,-0.12661058178123313
15.67,-0.28003081657590767,0.08822561967256931,-0.037254576453003584
15.68,-0.26479549283989967,0.11480734711023581,0.06532362833474734
15.69,-0.2667875845239862,0.1401022452331824,0.15405422872700075
15.7,-0.262509688615347,0.1471276721748612,0.21334493372157626
15.71,-0.2694924441799359,0.1852031190174996,0.267675345706832
15.72,-0.29956198702183695,0.2525386693848954,0.29969978159361704
15.73,-0.3064368876310278,0.2892728302840102,0.24916942011318147
15.74,-0.28152184577646927,0.27802086090250333,0.14405335551347595
15.75,-0.25431632307887153,0.2947168601355764,0.039720476076929204
15.76,-0.21873618903349706,0.33033784943195776,-0.02785257491059278
15.77,-0.1963364794926852,0.3380166103474174,-0.07447737290653601
15.78,-0.17118432947262088,0.35064829097479755,-0.09709993972223013
15.79,-0.16253119287445886,0.38405477973086616,-0.09068035764615089
15.8,-0.143630234795541,0.358901244320566,-0.05635691502889161
15.81,-0.13959549375114363,0.24705454812034316,-0.042262613622155144
15.82,-0.17092757295953673,0.14572730223916763,-0.055792327650129696
15.83,-0.24175278800967842,0.13155705264224204,-0.06049605080707598
15.84,-0.28141307806663995,0.22727829222623,-0.05530636993601706
15.85,-0.30159945381871495,0.2870387659618917,-0.017930683921604112
15.86,-0.3499415986076771,0.24992736831959875,0.01645028150434843
15.87,-0.3419025119329526,0.16726519693257086,-0.007101546385541981
15.88,-0.28004119748059186,0.13583055226764354,-0.06473569263391156
15.89,-0.24501601730406097,0.1649201015191444,-0.07725617751327224
15.9,-0.24857217152623506,0.18280718594064424,-0.06724385664918327
15.91,-0.2644964595010623,0.16474595481289278,-0.0577503282645856
15.92,-0.29484327972861774,0.1416156625679674,-0.05554906372091925
15.93,-0.327601905428767,0.08340228747486672,-0.0224885934010147
15.94,-0.3365641888693302,0.04126046385335133,0.04380173558042768
15.95,-0.3146406763472335,0.07906359284116576,0.14204779120815708
15.96,-0.2901339628939591,0.1726158737672787,0.24939478601081594
15.97,-0.2510427022339172,0.24156929880489825,0.3292277459535635
15.98,-0.2175532231041747,0.25617259090310823,0.3543248159135212
15.99,-0.20226225558394675,0.26249847790209313,0.3019712106498836
16.0,-0.17242347946391667,0.25615675110736413,0.2100291367429311
16.01,-0.18414333945644315,0.2146849490843422,0.11264267117544179
16.02,-0.23421516949822407,0.148369843496104,0.042479715864667075
16.03,-0.26184006699547935,0.05340540264223153,0.009216766193324672
16.04,-0.21772752776169113,0.04484092899050999,0.01565367679212786
16.05,-0.16534559249510505,0.1299546916397708,0.08469927134383755
16.06,-0.1420790312535283,0.1858109649624264,0.16846392944527555
16.07,-0.11522381848827007,0.1579844879703332,0.20539166651735913
16.08,-0.0998955997689051,0.16109511322792683,0.18774242570784216
16.09,-0.11183292122145866,0.19648831206227205,0.1484723743049382
16.1,-0.13430017750931547,0.1802598518999218,0.10542310637529155
16.11,-0.19227164282579381,0.11389085294004649,0.05038373798727822
16.12,-0.2539851689410562,0.07075168028272326,0.002942228230592048
16.13,-0.264039344620995,0.08857037273403474,-0.017983525440062854
16.14,-0.22382342662834218,0.1335577343937275,-0.00839630183596013
16.15,-0.213160276330295,0.1315413763340914,0.0162415623970295
16.16,-0.23430843863251688,0.11229773365843446,0.03247302279788898
16.17,-0.2408855194971027,0.15083505204452752,0.032932793590838734
16.18,-0.23215083303267245,0.2301511590214895,0.019937882827757585
16.19,-0.16442123038976444,0.28448786550684035,0.01955022467427334
16.2,-0.09852772089095403,0.2503460390786664,0.042033334410786875
16.21,-0.09045198701176001,0.16488832658784972,0.09647804066530542
16.22,-0.040182883155424474,0.1072739566147916,0.18279089995420975
16.23,-0.0010140992420619218,0.10703187960755164,0.29642552331678423
16.24,-0.02063787207343701,0.2069378675999783,0.4032718485266186
16.25,-0.009079387915748216,0.3299706232021075,0.4557476196222715
16.26,0.01408234607926966,0.3787549455003472,0.44029475610330204
16.27,0.008664231023736525,0.3696232788553816,0.3816284505713438
16.28,-0.034973194073774125,0.36699292329105637,0.3228544291353667
16.29,-0.1049566358229873,0.3912238448528257,0.27096669056987993
16.3,-0.1477230588595062,0.41667109529177204,0.23914370189110506
16.31,-0.12325060858012223,0.4172046207077025,0.23271454468903566
16.32,-0.07294846153857187,0.38064177761594764,0.22618984113945048
16.33,-0.022981981825040215,0.38304675189246995,0.19789961671525466
16.34,0.020478133978156753,0.45645229311435875,0.12428498805444155
16.35,0.015144631816060768,0.5035160219539695,0.026690463873125354
16.36,-0.028482730088587083,0.4613727912067355,-0.058256036552574456
16.37,-0.09112652861962339,0.39596589350254063,-0.13660399840883153
16.38,-0.16314058609903417,0.36389518881718014,-0.209803462820766
16.39,-0.20634020542640918,0.32742258029821697,-0.24762108888032058
16.4,-0.20960594926437487,0.29146429978365773,-0.21477219284996193
16.41,-0.21900863800819853,0.3027375983547702,-0.11756337202879887
16.42,-0.2254852648698768,0.3370935900583169,-0.003974273298246676
16.43,-0.19923008835663272,0.35401380920497266,0.06256507355384737
16.44,-0.18868048328187007,0.34159128544506073,0.05524342331132067
16.45,-0.23116784946752153,0.29489067986591705,0.00486578083270654
16.46,-0.2894476941553314,0.21028073507687114,-0.0533271883907076
16.47,-0.326293130866272,0.13510118894453832,-0.10403707804873877
16.48,-0.3660048360625993,0.1447225290928547,-0.13451942644487802
16.49,-0.39874015186144884,0.1845134416744378,-0.08766907715290796
16.5,-0.35545768877041306,0.19466011532750435,0.05093567735001016
16.51,-0.22747889376934574,0.18907311205119356,0.19015469866226936
16.52,-0.1106567707014929,0.17372583509885267,0.27057350110988987
16.53,-0.08800375801612437,0.1835174706948017,0.3064702374966657
16.54,-0.1855086769191302,0.2551149081385186,0.3009704408101666
16.55,-0.333401885257087,0.3184353591853639,0.2592094179291128
16.56,-0.4531232293418081,0.31835144754888833,0.21224518625658506
16.57,-0.5258875814422386,0.3449224551585186,0.17119904683529452
16.58,-0.4907068355762131,0.3767039548176038,0.13362309644256856
16.59,-0.40139472491769745,0.32999317525353955,0.10046416962360341
16.6,-0.3262158471041491,0.2591056078469498,0.07524260688292861
16.61,-0.25751745806705606,0.23422576666209013,0.038859108813485595
16.62,-0.20023703789157307,0.25770994659894886,0.007311248178821636
16.63,-0.194880169344033,0.27966921881975365,0.0006593419422251432
16.64,-0.20964790591779248,0.2817859303325305,0.0021375613692483602
16.65,-0.19622096967935754,0.28703267431995017,-0.0037961758429312814
16.66,-0.18479101501242048,0.3053003300280463,-0.0038467602191494077
16.67,-0.20562870870116046,0.3131057506553819,0.009222410991221845
16.68,-0.22539525092744617,0.28304525196454455,0.02459881188164702
16.69,-0.23543876179264114,0.21722275918583686,0.02337196338954818
16.7,-0.2380647878903539,0.16748793947870563,0.03417205751159973
16.71,-0.24975000488175736,0.13421694363975753,0.08416164640420043
16.72,-0.2862014129012808,0.07836967196714206,0.1651096364970915
16.73,-0.28573171924498775,0.039742514177833595,0.24893305001034954
16.74,-0.23061407807419315,0.060464089979393745,0.3243100611824782
16.75,-0.19332143300813756,0.10514348854804595,0.40000838985502973
16.76,-0.17088601974177314,0.1461906943759002,0.4455588568713129
16.77,-0.12605518847904035,0.17134885839817762,0.3953430445752073
16.78,-0.0996234872197576,0.21635872845811965,0.26791079707389703
16.79,-0.13645922763523294,0.27640666636918576,0.14756153238572578
16.8,-0.19951148699271706,0.33522000976149846,0.020886396458002297
16.81,-0.23543665905938635,0.35796968228480824,-0.11008309309498332
16.82,-0.2234553510678476,0.3108017144730782,-0.19650527080208796
16.83,-0.20686114953010662,0.23166084552448937,-0.21794549515524064
16.84,-0.1987717687804426,0.20684534704900095,-0.22437645370311576
16.85,-0.19482353096569668,0.2272750167962112,-0.2353607457125746
16.86,-0.18395848300618065,0.25812125417080545,-0.22387581169220147
16.87,-0.15181722222186167,0.25854829523712536,-0.1520044761204925
16.88,-0.15341710356977417,0.24844943753923945,-0.0534123134532527
16.89,-0.1917593040000306,0.2410084504597225,0.027189901425696203
16.9,-0.23674600214781605,0.2251472832403909,0.06956244599600041
16.91,-0.28317819588342247,0.2299570250484839,0.08394519347038239
16.92,-0.31519646569640886,0.2538053335302478,0.07565906439886588
16.93,-0.2803757349941072,0.25863269783979786,0.06466190846174823
16.94,-0.2501809455120985,0.233018439439214,0.05496637453026659
16.95,-0.25086419542165594,0.2041930299294991,0.04855514680327849
16.96,-0.23746831198460497,0.16137769515386302,0.015360970662926176
16.97,-0.22178198147392922,0.09190460751883751,-0.005815235524694665
16.98,-0.21151078865213094,0.08189410067643595,0.018525523072817244
16.99,-0.19428155727724675,0.09504198932478616,0.06411621348791821
17.0,-0.14117951941423096,0.10060560646774061,0.10670288518616049
17.01,-0.09175766288601889,0.15075446683019655,0.14074898580608922
17.02,-0.05770334443606109,0.21947238120259904,0.1645971227583582
17.03,-0.016374705125080963,0.25194683364816783,0.14774442386561754
17.04,-0.02970500390155457,0.23586141395544785,0.10130054755191344
17.05,-0.09465881608642905,0.19915179590788054,0.03893817769166534
17.06,-0.13080621865407316,0.17182556392227105,0.003279792671599336
17.07,-0.18863239663856185,0.16618010017576484,0.03990611616121417
17.08,-0.25497501404506534,0.16468755555594294,0.11921911511016155
17.09,-0.2748970093946353,0.2413206774861847,0.1609704653321719
17.1,-0.23115527229578828,0.4040511370389552,0.16277963878451457
17.11,-0.17281790450142798,0.4837142896471049,0.16041686066854904
17.12,-0.18544796174969197,0.39690416730370726,0.11718950224976797
17.13,-0.22442080704678524,0.30255863695889823,-0.00544563812328757
17.14,-0.24218192806070568,0.28523635576372813,-0.15605878186242722
17.15,-0.27163712247445526,0.2851701457134893,-0.2467461650606543
17.16,-0.2847077457211465,0.22782330634092893,-0.2613885991402164
17.17,-0.22808514808518876,0.14071285171565037,-0.22406344364750075
17.18,-0.1868140055784764,0.08451963906081632,-0.1159250236847835
17.19,-0.16884506996124446,0.07790283201724789,-0.009279293021413445
17.2,-0.1239932235855155,0.07573213422511943,0.05970113999509828
17.21,-0.14771583302974423,0.09504838531287757,0.11747500470011965
17.22,-0.22164218813355627,0.1448412608518251,0.1465738068320468
17.23,-0.23067968397445576,0.1068072263786349,0.12990436067929534
17.24,-0.18956837709238492,0.10429007785876157,0.08399041960859596
17.25,-0.14747892593562342,0.12923872577737636,0.040774504881962804
17.26,-0.10770611946912657,0.14741108121445795,0.0009731868404568607
17.27,-0.07683365463340026,0.15321268804751345,-0.025711128719047956
17.28,-0.07370549709416617,0.11608164051242241,-0.03793198893580311
17.29,-0.11285352369005862,0.034120080157788536,-0.01873563844936483
17.3,-0.1827570660091592,0.0559173619576328,0.027332697248990276
17.31,-0.2160066675704604,0.15895955011137478,0.10071299307426355
17.32,-0.26127437571994133,0.22625587792108331,0.18492670127756974
17.33,-0.2644448911676907,0.24149848209709068,0.23897131411532582
17.34,-0.21939803332709698,0.26199940155054563,0.23037018798797446
17.35,-0.16287395140436262,0.35335050189102873,0.20905218730979408
17.36,-0.13520634787248614,0.39497674090452123,0.16716303310190886
17.37,-0.11188719397589661,0.3436114981313454,0.10041471877830117
17.38,-0.1521869625553189,0.3032531124235157,0.0004018416561631381
17.39,-0.19106381359545094,0.2779055789754593,-0.09996377703703598
17.4,-0.21088542240720254,0.2253099127635479,-0.2088331224589298
17.41,-0.17858734097866416,0.19592242499990098,-0.2517892100899485
17.42,-0.191209936540057,0.1951474036961546,-0.2177783156137354
17.43,-0.1820098768694575,0.1238573666482536,-0.11172940911104141
17.44,-0.1320339634684379,0.09042091947113459,-0.016683556709029074
17.45,-0.06180268601193004,0.14506084106353584,0.058275594353754276
17.46,-0.0803640830182698,0.2791638162081736,0.14767050251680924
17.47,-0.11294578052136137,0.31733249391834195,0.20610322564237588
17.48,-0.11711069409326219,0.2863979602258024,0.17245454358919446
17.49,-0.12939873372188504,0.299559886691921,0.0737706155707488
17.5,-0.11936498593642675,0.27555105177155886,-0.021805660365210058
17.51,-0.1221215903716211,0.17977240762872834,-0.08840153382499899
17.52,-0.113337830972934,0.02638942049800587,-0.14005276632352906
17.53,-0.12424498464243022,-0.06975199177423062,-0.15520270804759836
17.54,-0.15949639824912268,-0.030096543518102658,-0.08869908209470857
17.55,-0.1926648655393429,0.08892271386629828,0.023941422918347204
17.56,-0.14913098819898535,0.16795116323079812,0.12685397269207607
17.57,-0.13532221909639533,0.21332200576352767,0.19175565278116868
17.58,-0.1437992409790444,0.3642693511575146,0.17702004764584944
17.59,-0.1581512802810377,0.4425485714934977,0.09109609165303637
17.6,-0.17358940364477987,0.44973385202692456,-0.044623639624851816
17.61,-0.19638176192333948,0.41157683713011245,-0.17239570959207068
17.62,-0.26666849530800885,0.3409789023251027,-0.215704977025776
17.63,-0.2708931083816853,0.22247165387272158,-0.19377859832110966
17.64,-0.2575290830976764,0.07766270805213672,-0.2212541888422473
17.65,-0.19951215010336493,-0.040388555884603675,-0.20693870105961706
17.66,-0.12151783178086842,-0.15705519180251432,-0.08185127405310044
17.67,0.04958484916520703,-0.3063240129618489,0.1982855340026391
17.68,0.19810189203211906,-0.33620660730576674,0.30497062521915785
17.69,0.2409313770214994,-0.20392937084282847,0.22262632991485806
17.7,0.23807937877430965,-0.03501805318968014,0.09241653188513348
17.71,0.21831780703109646,0.03166105135422394,-0.08066432706192395
17.72,0.16623048527655912,-0.0008662701230028712,-0.22339922682490385
17.73,0.11650615983093746,-0.002762671971892937,-0.2856170833592832
17.74,0.142695699186624,0.043767198510353204,-0.19775781326458433
17.75,0.29904259464994815,0.08103361799770745,-0.13878554257747303
17.76,0.41499956943353644,0.05831958507182346,-0.17460595624492056
17.77,0.40058439653278444,-0.024098759243229392,-0.22814871481810442
17.78,0.3198912823615284,-0.1541004536202962,-0.23618432752656338
17.79,0.229475673020212,-0.26490295921653856,-0.1830704698217033
17.8,0.08722439156249927,-0.2694334886640251,-0.06617702883175494
17.81,-0.06711797644139363,-0.1320387020275042,0.16286572443739686
17.82,-0.11624402651821546,0.022502723824223737,0.4145903025346363
17.83,-0.16543833479744147,0.019516490734672896,0.4774384144600064
17.84,-0.21974021391100954,0.006968446488697963,0.4021076748700484
17.85,-0.3222203460172442,-0.003645470656023307,0.30351870212910537
17.86,-0.43524296853025696,-0.056745137393294516,0.19696034297518017
17.87,-0.5110267796655718,-0.08069983123645535,0.11076390509404396
17.88,-0.6067542329901676,-0.04037121275119066,0.03769185241050677
17.89,-0.6723437275269956,0.005038158640501403,-0.010830364279097802
17.9,-0.6909251886309178,0.011320483023920662,-0.005161409535949647
17.91,-0.67954473781883,0.014603153766763409,0.03866801560132692
17.92,-0.6817623047628554,0.05626411581998526,0.09130711233993524
17.93,-0.7023877605182008,0.1334073937826132,0.13268067264469963
17.94,-0.7399165348809092,0.19059812811576002,0.2466349205643697
17.95,-0.8044056978074509,0.1863273400140832,0.47915077620455604
17.96,-0.8839746189423604,0.11062967040552528,0.8204109240082116
17.97,-0.910234525823317,0.0922505759238818,1.2586990450851874
17.98,-0.8356535892577267,0.1146617426682279,1.5855394930420152
17.99,-0.692044458397089,0.09055434019566938,1.676657809996872
18.0,-0.47299043831313997,0.060042759937189,1.5821231064512435
18.01,-0.3081623351524978,0.11872286805247871,1.3175084158401928
18.02,-0.19357885414992412,0.1084916491265591,1.0287239153474075
18.03,-0.1586896906738725,-0.054975511803502436,0.7246760902715055
18.04,-0.16899738731780395,-0.021241225877382322,0.3837966968522433
18.05,-0.2506495179393245,0.18236918796700524,-0.02907368251721162
18.06,-0.2620312972349191,0.49319452988218504,-0.4565784139620153
18.07,-0.06661265509386237,0.5738304297636971,-0.8479533184764354
18.08,0.03703145422680481,0.6019698439144744,-1.173431034154794
18.09,0.035024356107134724,0.5055995561243581,-1.5010193558069254
18.1,0.0072833330211072665,0.42733379641371044,-1.8929047779184194
18.11,-0.01253752173393808,0.35995203854903207,-2.1682403615506973
18.12,-0.01921215399681267,0.21590741360317117,-2.132412386618105
18.13,0.019928394000510496,0.02690346774623333,-1.9284269695386622
18.14,0.10689328880782437,-0.2545187225054312,-1.659109207127325
18.15,0.19942771929166012,-0.6804921994358725,-1.3556333604173163
18.16,0.25828485588843286,-1.0626999113883686,-1.0202064648837872
18.17,0.3115666988231156,-1.2687382489748023,-0.7060439069296098
18.18,0.3235556920753779,-1.3742352738780708,-0.4641430357613387
18.19,0.2979699686715117,-1.3750627180015391,-0.24326586810480866
18.2,0.19119051635121664,-1.24130904138525,-0.06887398010189691
18.21,0.00363088843219248,-1.0605231787688887,0.09729144887764467
18.22,-0.166671278329412,-0.9212042557624592,0.2940915271100411
18.23,-0.3658594727247919,-0.8635341358773665,0.4906950657334996
18.24,-0.5769179905160724,-0.9372931976640873,0.7022490148799884
18.25,-0.709845227655724,-0.9964403116616113,0.8716900985664686
18.26,-0.8227277374397483,-0.8865891130171492,0.9119901237584894
18.27,-0.8808993105355033,-0.7603787399066534,0.8425207551004072
18.28,-0.7742396593093795,-0.7528860669066443,0.7294994973353158
18.29,-0.6538628226820192,-0.7202247796001954,0.5878180280059563
18.3,-0.5807114742545233,-0.5496071309149144,0.4553256111816814
18.31,-0.3894586694340356,-0.3529917631912538,0.47861376804195765
18.32,-0.166734742562575,-0.2566893662391932,0.5636426584826755
18.33,0.09034603974464125,-0.24675671635644297,0.660740114128509
18.34,0.36883388713532084,-0.2888854611395974,0.7019345817618118
18.35,0.5936825030445676,-0.18343715383659567,0.6098340868598756
18.36,0.6506190427724395,0.24508840420263045,0.39140221109579604
18.37,0.575452027049593,0.608819170734536,0.07804202995496526
18.38,0.49424643082377145,0.6903915007744771,-0.2655643463731023
18.39,0.5009898172342723,0.6567106020974124,-0.5291843253246086
18.4,0.46113340616227166,0.6149180078506542,-0.7022214931249341
18.41,0.40145704104591,0.5682702755594564,-0.7909830574295988
18.42,0.31630346866163084,0.5840579200411106,-0.8538806283248883
18.43,0.28220783303266417,0.6702833002281253,-0.8152075512445296
18.44,0.24029510999421935,0.7087006680188007,-0.7023156085699239
18.45,0.1569126638661153,0.7140898765525681,-0.5542648375469099
18.46,0.054724023874758124,0.6956730203073491,-0.40281564101252954
18.47,-0.010272869006810263,0.6347482656878,-0.23886097276535392
18.48,-0.022808863850853782,0.4599812373016409,-0.08842176480518034
18.49,-0.04272151282584475,0.18252464765217827,0.007958667783949396
18.5,-0.13038891011141898,-0.05345294709642361,0.023395704964146977
18.51,-0.19892783077202938,-0.15050366783610183,-0.03537611345577448
18.52,-0.2139772828535548,-0.15514561677990235,-0.10669118236494754
18.53,-0.23072788230987298,-0.16577984360302297,-0.14245985145979653
18.54,-0.2384473257880413,-0.20817122663695445,-0.13832440858808617
18.55,-0.2134594150710484,-0.2749175425080669,-0.13603058509292995
18.56,-0.14826640070533162,-0.31540238684819083,-0.12877298873269769
18.57,-0.06878404392092449,-0.2983257281335901,-0.06460769516185312
18.58,0.03194239485433656,-0.27055681179620783,0.05519764668273564
18.59,0.15164709583822594,-0.2869107979041012,0.19073241311422479
18.6,0.2511268704303171,-0.33315249935086977,0.2573908816400225
18.61,0.2981553280953148,-0.3341361737320282,0.2411636475411663
18.62,0.29826614381335836,-0.2258623001067631,0.16252352058409109
18.63,0.2583963089485377,-0.055935779440055976,0.013337381122150533
18.64,0.22608084842510556,0.04668951220327495,-0.1382542269717727
18.65,0.22054350684746557,-0.007604206006667816,-0.2037018393219443
18.66,0.2368047865159314,-0.15568731736092237,-0.1953342747840574
18.67,0.2461655808736852,-0.2936753159369673,-0.20336232593376108
18.68,0.28384681415854174,-0.34891962603528986,-0.22345210418702396
18.69,0.33248487404250343,-0.27681727103207837,-0.22257176403281542
18.7,0.3733193329999074,-0.11149077226481238,-0.19432047037964925
18.71,0.3570182397693289,0.02951234469467755,-0.1496868421851531
18.72,0.3373989782856702,0.08461275831515302,-0.10680732446940833
18.73,0.31688284622775187,0.07864141399043384,-0.05713599166294593
18.74,0.2960644353552521,0.07055405081195919,0.0064490685548976865
18.75,0.3217164315163758,0.08968333420364745,0.07683492510125686
18.76,0.40503825927137116,0.11074435283761855,0.19312086080080626
18.77,0.47183999348656996,0.14938901953939493,0.3858874602271842
18.78,0.482606884684876,0.14324919934364166,0.5836112750707729
18.79,0.41942192539788864,-0.021454184260501732,0.6792257023297363
18.8,0.3192942444425989,-0.30898658737403545,0.7100392083457518
18.81,0.16061961146971304,-0.5626465579018134,0.7260376839394065
18.82,0.034669929670058594,-0.6070267575109533,0.6427080036456969
18.83,-0.021455674160322537,-0.3923124736985429,0.5066885225055392
18.84,-0.04065949806798767,-0.08483732883033031,0.47000880468601003
18.85,-0.07122209764392994,0.16373294497310387,0.5833159121131929
18.86,-0.08136946473533506,0.300210060887673,0.8180554436651164
18.87,-0.09154358428684127,0.37658910497844816,1.032936257243477
18.88,-0.10109854043037572,0.4612971702094653,1.137638196057638
18.89,-0.11593620606199069,0.5787986140382209,1.1281262665483023
18.9,-0.12988001931125173,0.6637732899433472,1.036287056775851
18.91,-0.11875764805336891,0.6780688329918698,0.9441717783462752
18.92,-0.05702270505650346,0.6557283091087863,0.8927493865810207
18.93,0.04032329479530153,0.5518765847245675,0.9108023693618744
18.94,0.1226197275558012,0.3237877987148256,1.008429133557652
18.95,0.14419558532913979,0.10776750936854394,1.1361188863141127
18.96,0.07766017678606114,0.07164300029731419,1.196266852678178
18.97,-0.07986191003763231,0.26961016872166,1.1349725403015878
18.98,-0.264331330957206,0.6416143165597712,0.9918082101791714
18.99,-0.41491957777285793,0.8721872480619315,0.8042094783078475
19.0,-0.4946821221499038,0.8674795200818819,0.5866482447997441
19.01,-0.5421022083014817,0.8104382463137765,0.3787895453543194
19.02,-0.5753403856661514,0.7378342128989079,0.2172723670408809
19.03,-0.619411186383418,0.6456166221400793,0.08709436586242482
19.04,-0.6599387426371028,0.543410657668889,0.018527311960911154
19.05,-0.7214076636899173,0.4706008604366622,0.020711627823112005
19.06,-0.813605694115309,0.4194250269005757,0.09071960658415318
19.07,-0.8573471191469028,0.3464268702527859,0.23290279666875935
19.08,-0.8035313606697676,0.24355274599186208,0.43747952211067725
19.09,-0.7006193363923297,0.0933867646972139,0.6553825879825015
19.1,-0.6384763030124109,-0.05678266882085539,0.8160974537354639
19.11,-0.6289929632546066,-0.12190254016223699,0.9111060933746626
19.12,-0.6406195855551455,-0.09100744195483439,0.9406936048208292
19.13,-0.6445860547971384,-0.06049852512348319,0.9159212461822372
19.14,-0.6215838821034504,-0.10325109117542436,0.8867402056416962
19.15,-0.5892632434838149,-0.1734538490101934,0.8488384255527829
19.16,-0.5478217053877501,-0.24027385047461966,0.7289198017468537
19.17,-0.5049631193775055,-0.329955530697511,0.4717798717903607
19.18,-0.4954336672595649,-0.39402494420041717,0.18770466058580318
19.19,-0.5131749656488208,-0.36453135267696357,0.010695363991675604
19.2,-0.4416801699348559,-0.30388552319421985,-0.04637457895731541
19.21,-0.28679124839014597,-0.2881040294112259,-0.09922846249471119
19.22,-0.19840124697145584,-0.3217403922405879,-0.1961733940990653
19.23,-0.13871782617177073,-0.4287647123498684,-0.3063940689169784
19.24,-0.06586343927814428,-0.49342025166881054,-0.43377096779584473
19.25,-0.06400661587085625,-0.4210771241681822,-0.5903822549277995
19.26,-0.15837331824858342,-0.281237440842016,-0.7242924227338
19.27,-0.2538205659432398,-0.1256042233522832,-0.7976130643793904
19.28,-0.24440909988508663,-0.008733097639687175,-0.9020416036847614
19.29,-0.14397943189835652,0.03757298335398027,-1.084747311005535
19.3,-0.010804642029370357,0.040063371540204326,-1.2722813280558576
19.31,0.1304084394611535,0.07707240693256812,-1.4547872450488064
19.32,0.25923624982218174,0.16632890594556018,-1.6161565457411262
19.33,0.32512175385237524,0.2576578855971408,-1.777383636520327
19.34,0.3062548854220027,0.31508389138465215,-1.965685271576348
19.35,0.23375619517696583,0.3141028682506814,-2.1182609756961868
19.36,0.14078267115278886,0.31367680013242355,-2.23873513484368
19.37,0.01591328140888954,0.35763422833626657,-2.343799390022247
19.38,-0.18014514420153863,0.38740042747626224,-2.320907180624598
19.39,-0.4477199540195366,0.42888422062363846,-2.0552230482988247
19.4,-0.6941858525548541,0.5960738047340681,-1.6467878966436549
19.41,-0.8014198948770914,0.8086903977698006,-1.2049298910997663
19.42,-0.7138512614521806,0.7857485947389368,-0.878206355398547
19.43,-0.49234756169438376,0.43030269902598167,-0.8544988567404157
19.44,-0.2906810278762245,-0.020341582442335693,-0.9843605828082495
19.45,-0.14318085257364627,-0.2859504142764385,-1.1028438366986224
19.46,-0.022970524657578217,-0.21809514924709425,-1.3105492392601823
19.47,0.009093842030132082,0.11473401774934465,-1.598312344371313
19.48,-0.0989937663338436,0.5080695814128273,-1.7924178910315265
19.49,-0.2741742890010861,0.8112190636425802,-1.7874941775542557
19.5,-0.4234868604120844,0.9569724151799182,-1.595818508134248
19.51,-0.4793400249604915,0.9934549884609447,-1.3408326203173946
19.52,-0.42615871959070334,1.0127612853369214,-1.240899003723815
19.53,-0.3219086106384271,1.0564657762299734,-1.331831000931868
19.54,-0.2075031800505561,1.037998328846564,-1.4688802622701065
19.55,-0.10127374558273783,0.811925516067691,-1.582930521440028
19.56,-0.017338781313086953,0.332664316838539,-1.6476092164587552
19.57,-0.014260319454339733,-0.206733868660738,-1.580728247245761
19.58,-0.1002654176545933,-0.607869082993182,-1.3709141942238707
19.59,-0.2260234690858524,-0.8010035518022227,-1.1434931885586566
19.6,-0.41237219297084476,-0.839200463503007,-0.8673183841511606
19.61,-0.704992163850968,-0.7750120393905102,-0.4458405994525772
19.62,-1.0448612121556207,-0.5776585289357978,0.06946525113848112
19.63,-1.2528159590706363,-0.22889183567033847,0.576881814428956
19.64,-1.216583374622801,0.15161820120590455,1.0904366829399492
19.65,-0.9752717259592352,0.3531301590981522,1.551637500135754
19.66,-0.6612923187132024,0.26893397098549976,1.836412196632746
19.67,-0.2990177645724053,-0.07566211975229713,1.8358184845197785
19.68,0.03509618678835098,-0.5326364898492497,1.4997914074701235
19.69,0.17999549625130415,-0.7900586719234808,0.9888810255229398
19.7,0.20794496299439144,-0.8397514434884208,0.46451929141771625
19.71,0.19453227880697427,-0.8816224728521264,-0.06310612839442725
19.72,0.20657683217777578,-1.1147034251982233,-0.4504351685301273
19.73,0.37907335978550305,-1.621830495600631,-0.5158965330664758
19.74,0.5019309636142256,-1.8280345857061866,-0.27790264551486205
19.75,0.4343291430031697,-1.251369065848424,-0.18587311984049876
19.76,0.5016119462222618,-0.3917317804578896,-0.6534763461828468
19.77,0.571749961144154,0.13193383010743406,-1.0748684773189847
19.78,0.4456592238808548,-0.018954381249857596,-1.2166380619013046
19.79,0.29706742324458774,-0.30723669522260044,-0.9543644452325737
19.8,0.215264875643455,-0.48155350919802337,-0.31178924014401566
19.81,0.1177923568527885,-0.3551776687246446,0.3972218270017079
19.82,-0.03236867021678417,0.11240674502541365,0.8505585123450985
19.83,-0.2384212324273794,0.7585403601153362,1.0691752218812582
19.84,-0.4515376865316773,1.392261974497992,1.1987838004725029
19.85,-0.5054045818640845,1.872872642670258,1.3289327118634668
19.86,-0.3987226827205202,1.8611979387265585,1.2717356452485387
19.87,-0.29623000980057096,1.2917905173824158,0.9109347213324539
19.88,-0.2171418807320623,0.6497085978351255,0.5007352455290491
19.89,-0.07139637902307183,0.0726841989993634,0.16897824549463678
19.9,0.14282098001905233,-0.45427392045871484,-0.060710543519208376
19.91,0.2578852768673626,-0.7534977303560297,-0.15501806315899838
19.92,0.21261204569770453,-0.6727456841249818,-0.13571392650641215
19.93,0.16674480322480215,-0.4062952781313576,-0.07614163017667978
19.94,0.11649647181319721,-0.17230785665016016,0.023924897266527634
19.95,0.0792770899658767,-0.14352024312870054,0.13036471171477904
19.96,0.0340015795444314,-0.2464427848294567,0.2043431573740053
19.97,-0.04655684103141425,-0.4000271789674831,0.24141893868860695
19.98,-0.009996488458355726,-0.5835831559970109,0.3830132296824769
19.99,0.2520240004118003,-0.9286030245311427,0.7288865313240984
20.0,0.5136877534473646,-1.448535247508567,1.139146101689732
20.01,0.5601786420351036,-1.4223621155045343,1.2080290530311202
20.02,0.5611769877996404,-0.3971505322204179,0.5898291806838276
20.03,0.6150617457009357,0.6486595898476629,-0.14427769010088848
20.04,0.6354325119095633,0.7565469312497266,-0.6033871427293958
20.05,0.47201721558602994,0.5101485149801167,-0.7637699864554599
20.06,0.2720792867708631,0.1552503146339559,-0.7581154746518587
20.07,0.16058216955212934,-0.058703334616701554,-0.710643722020831
20.08,0.23544957777867723,-0.055850428217937585,-0.7464837159938492
20.09,0.38380531785406485,0.03399828852491861,-0.8386102619165288
20.1,0.4459046438802347,0.0365006161248596,-0.935613311569959
20.11,0.4382399756814419,0.007987778014842092,-1.0068242030467698
20.12,0.37895227179325114,-0.0030978272620017493,-1.0277678651299
20.13,0.28579549980837815,-0.08809078443691841,-0.9924441297189698
20.14,0.17216656866318614,-0.22916913921077026,-0.9740252941012874
20.15,0.07647823315400086,-0.3595713706913464,-1.003267422871365
20.16,0.00842836823884893,-0.3845164443019493,-1.0272694909659585
20.17,-0.026651539563958,-0.33945836339447916,-0.9821592577530432
20.18,-0.019080014051179716,-0.24640643243870655,-0.8506263245629574
20.19,0.014843640755214136,-0.16451326612789252,-0.6912166560827111
20.2,0.055613203087924515,-0.08046165430773136,-0.580191561473456
20.21,0.0931000978674777,0.03776582683276834,-0.484513622810529
20.22,0.11644809208388796,0.1702171083218361,-0.34705870211748174
20.23,0.11977482352523282,0.2694382377857172,-0.20399297926474017
20.24,0.07192963305772718,0.3056915084448442,-0.07834880888791758
20.25,-0.059061602343339,0.31252576618816746,0.0777122879088523
20.26,-0.29869927528029466,0.3194987962368934,0.3105966464129217
20.27,-0.6008136498918442,0.37297598048004527,0.6143331305194405
20.28,-0.9746082111664544,0.4541994288759713,1.013661319702028
20.29,-1.3006826039575727,0.5491484917542346,1.516841031460294
20.3,-1.3855054253976227,0.6108185910470442,1.9932747658478782
20.31,-1.0647847135165027,0.4016715300720426,2.22153047703186
20.32,-0.5522763346127681,-0.40119926082586505,1.9109244725902186
20.33,-0.1358691215859123,-1.3100012192062236,1.1287894884693002
20.34,0.07981231863281596,-1.6347572449872114,0.2308191349993767
20.35,0.29353845267600104,-1.4410042472993139,-0.5322900580219948
20.36,0.5832200210782521,-1.064066495807585,-1.0862408851038783
20.37,0.7673759657748715,-0.9130616696178216,-1.3954721495289564
20.38,0.740603686034524,-0.8954552740163157,-1.4090124346449826
20.39,0.6142168926466111,-0.8422826499802386,-1.1757120736434457
20.4,0.4583501358050441,-0.5595756020380094,-0.8066618506493575
20.41,0.2650226025940188,-0.004208428146318363,-0.34695266027677885
20.42,0.050781800038441224,0.4017995269952744,0.106886960296976
20.43,-0.10338644712820147,0.5606490858715018,0.5429424002150677
20.44,-0.2045768503065581,0.6363817960935767,0.8643492112650564
20.45,-0.3286657815393153,0.8475815930455058,1.0616635227323066
20.46,-0.38935455127082613,1.1028160615255838,1.1251378626077984
20.47,-0.3574447358808699,1.1794899063328692,0.9721348470864379
20.48,-0.3175715616427839,1.1283471200621729,0.7040894677263904
20.49,-0.31609203853020046,0.9260363387714091,0.36272769898839696
20.5,-0.35584163384564654,0.7312527853481499,-0.008770490708564331
20.51,-0.3647471578610002,0.7294909376444478,-0.3268323956539749
20.52,-0.3125660203644067,0.7908641475355764,-0.6077842270900805
20.53,-0.24539817706692538,0.7423956824146023,-0.8292800787954626
20.54,-0.2320834398222518,0.5638528253130222,-0.9605826274251296
20.55,-0.25163697886714187,0.3290723926474012,-1.027610083954762
20.56,-0.3024533955146474,0.14269385283967256,-1.039132056594458
20.57,-0.3709284594239985,0.11417497725712422,-0.8184791786057043
20.58,-0.33658974145891396,0.24348754741843828,-0.29536411212912633
20.59,-0.1646837724471686,0.40611021165203215,0.40664684356774244
20.6,0.10234490969566275,0.4355035860263004,1.0749102732298788
20.61,0.3476622834003382,0.25811155519963075,1.619193251797062
20.62,0.5483609300924671,-0.0546184377826116,1.9761223988676908
20.63,0.4842434577717694,-0.33029852002710847,2.195483238642018
20.64,0.40958278031753487,-0.43785768189716684,2.005205920575058
20.65,0.3043541219233374,-0.20948222286849627,1.6148362860065615
20.66,0.37828931741088057,0.09786374411617078,1.311090102919984
20.67,0.5721972266447748,0.11705567322344822,0.9404521221488408
20.68,0.696954127919935,-0.11755845971097323,0.4155827482338372
20.69,0.614625577891829,-0.2188527908268631,-0.0642058982618564
20.7,0.5396170620385045,-0.18724274780137992,-0.27315556212618847
20.71,0.5581223212030009,-0.20838939461737357,-0.2928970093066728
20.72,0.5873531028401725,-0.39838337527852713,-0.10790311335844832
20.73,0.6065790497647664,-0.6755366842647657,0.2315875698469367
20.74,0.5795681704575423,-0.8159443359151174,0.4708069331332896
20.75,0.46628449640365033,-0.7408675772283561,0.5214238076202032
20.76,0.33380716513689124,-0.5197748066227663,0.45779742015684977
20.77,0.21568327409053203,-0.3141847919846273,0.36787058757864816
20.78,0.1640822543452877,-0.17372807685308134,0.30253013721413863
20.79,0.16317814091044305,-0.03291702542428338,0.21897747047180058
20.8,0.20916097054298882,0.09759001286469333,0.1829936259491894
20.81,0.289395158427884,0.17090100970687866,0.20782581639550085
20.82,0.3883526881753775,0.19090785704318247,0.31409532340415347
20.83,0.5191394467963274,0.20733311501791293,0.5124234075649539
20.84,0.6412561943622835,0.20661193200858255,0.7152692244248585
20.85,0.7426520022961374,0.20536484344754913,0.8693400091138066
20.86,0.7883851288792012,0.2410539416087822,0.8915654783788398
20.87,0.7526890007552606,0.27871365376946755,0.845693718067608
20.88,0.5920236977728084,0.3084886488506712,0.7623518654922521
20.89,0.3653998477636649,0.2833273304161284,0.646175708313893
20.9,0.16409901408150734,0.2609531219189718,0.5926619725765965
20.91,0.04060381017475379,0.2236172901372566,0.5542485918297534
20.92,-0.013949126177403189,0.04598907891138993,0.4882738898415151
20.93,-0.023064284138889512,-0.11834615912946896,0.3614361326988819
20.94,-0.013650023704741197,-0.1948630037852469,0.306156963237587
20.95,-0.005328765214020446,-0.24296756045293472,0.37330005629927376
20.96,0.020240636279798052,-0.33948777940368396,0.5512371928565581
20.97,0.06833906831036535,-0.43535203039714815,0.7372013828483934
20.98,0.1453629895222243,-0.46527582856084143,0.9376605206614146
20.99,0.1692754479224089,-0.4972154190707261,1.0721779774771902
21.0,0.15368964775623378,-0.5441514214074726,1.2040125784054514
21.01,0.14927590767832544,-0.4798956913125738,1.1670872001462294
21.02,0.044309882936076614,-0.40093900001570987,0.9954905279326571
21.03,-0.10322540530410426,-0.11926246743196463,0.8822511065925509
21.04,-0.20984502598995633,0.23202689816613642,0.9492658074609384
21.05,-0.2588091170076475,0.40982443600610785,0.9890775518619251
21.06,-0.2915575492374436,0.6444316200226016,0.9382282881459133
21.07,-0.268574455453824,0.8685410987192378,1.0039468383685344
21.08,-0.2462729118482949,0.5693200256719134,1.015068515013793
21.09,-0.17549267359094117,0.12227340964421063,1.01574716319713
21.1,-0.08882528326248365,-0.2522104749893629,1.074542483127181
21.11,-0.015208277078525288,-0.41672190224654165,1.2488273850670215
21.12,-0.032027052045375363,-0.35003983060080995,1.3982021871129837
21.13,-0.1357831815209561,-0.2900576533916129,1.335299579139289
21.14,-0.2687941797922788,-0.34222180026881105,1.0235376524261743
21.15,-0.3314268092159657,-0.44991186386999493,0.6041160740169781
21.16,-0.4118834940505402,-0.4606451626299652,0.2326702864384844
21.17,-0.4136160371579017,-0.3965863459602908,-0.042125514003793836
21.18,-0.39582804887569834,-0.3810669068144575,-0.2541742329059971
21.19,-0.33154709033227403,-0.42030862015389064,-0.38318737039040995
21.2,-0.25810907343544254,-0.525888562235835,-0.4801942810143738
21.21,-0.2250784924430336,-0.6013507255571258,-0.5671710337222694
21.22,-0.20866950522535224,-0.653981415598165,-0.5760457352401652
21.23,-0.19617140724872192,-0.7323167451876574,-0.5352180368680602
21.24,-0.21291436502025432,-0.7810605034456882,-0.47463223037421615
21.25,-0.242664832809978,-0.7633461561864334,-0.36082810645992064
21.26,-0.2610710359686694,-0.7138692178446647,-0.25987955764761145
21.27,-0.2517560712778476,-0.6114064375885238,-0.23695991939691097
21.28,-0.24316164108849664,-0.49658893592599374,-0.32140589002385556
21.29,-0.2266658063721494,-0.41321199699970457,-0.45143118769012186
21.3,-0.18051643941167944,-0.3932948346322062,-0.4985983138785029
21.31,-0.042796488976793966,-0.44032968770442094,-0.6614984220780962
21.32,0.1316435787670892,-0.35913896189551003,-0.9692707951052348
21.33,0.28640626304661354,-0.19894063403248619,-1.231104142895107
21.34,0.4059453716035699,-0.10562285604879817,-1.4047780970059032
21.35,0.4749587170652337,-0.05302778315554773,-1.6228901745166218
21.36,0.4520335990913191,0.06295487672244475,-1.8895754829462692
21.37,0.38139255291604285,0.08721058521621067,-1.922149844127726
21.38,0.3379721568600962,-0.007301845375606682,-1.781196749949971
21.39,0.29159841274297793,0.047146218366801204,-1.7142020858455245
21.4,0.21247694455790775,0.1794340364080831,-1.672255165037431
21.41,0.09599711343599496,0.22080844783735254,-1.5619767178763366
21.42,-0.01846642955960221,0.014415499684729697,-1.2774419243810289
21.43,-0.09902693338422869,-0.13649451065630594,-1.1934022116333227
21.44,-0.1088148989794879,-0.18891255655863926,-1.235318815307912
21.45,-0.05712902447983053,-0.1383226813296418,-1.3101660208811052
21.46,-0.004546896051975116,0.0007974942780660208,-1.4320129012971081
21.47,0.04716510823165478,0.11680373770028205,-1.5012924651564061
21.48,0.12109125433576352,0.17287790237285114,-1.461740660961535
21.49,0.1841365625984934,0.22171068958394463,-1.3990513984906274
21.5,0.2125293985350008,0.3342597730258441,-1.355170941468861
21.51,0.19563670192716906,0.4774283043032507,-1.3382331768880487
21.52,0.1622349796112335,0.5520446066380857,-1.299789962594513
21.53,0.14502718297179845,0.4935002776331379,-1.177189849212458
21.54,0.1577947023700273,0.3202474371656326,-0.9625278390388641
21.55,0.23370368191302557,0.08213211750370579,-0.7133166307671784
21.56,0.3489251438907056,-0.1740742302941926,-0.5420072632142605
21.57,0.4465932238841561,-0.4075384519630701,-0.468874016251352
21.58,0.42943254322900937,-0.5498195978977451,-0.4631778096978687
21.59,0.2656702660965707,-0.5050864169089533,-0.5417330604281985
21.6,0.10509954931503843,-0.24421462469728394,-0.6386407601601021
21.61,0.044116734106724516,0.09114427475115364,-0.676619250767595
21.62,0.07041914724648375,0.2957277874985888,-0.6421154775846467
21.63,0.12062168946423688,0.3034499107870219,-0.5547062876653874
21.64,0.10110538207948822,0.2301828406141767,-0.41992152527391047
21.65,0.008837048684952954,0.23684151285754984,-0.2604477802115258
21.66,-0.05537158573842906,0.3044633314761484,-0.04999660689881224
21.67,-0.0032806248451360096,0.29662179249484316,0.20374006491043042
21.68,0.17717073601613453,0.14252764496725495,0.4140172879756526
21.69,0.4157375107209914,-0.09020192280421933,0.5374434375763338
21.7,0.6441072172058708,-0.26118559165967353,0.5899323715799478
21.71,0.7570651555659949,-0.3277120359604135,0.5935395515654254
21.72,0.7186182854068265,-0.3037847008569496,0.5277197696744509
21.73,0.6506019376798317,-0.18332073576489996,0.3972353901842155
21.74,0.5451516973481286,-0.09989847383628883,0.3056535998985707
21.75,0.4225241825644587,-0.07220889852266912,0.3085146289200917
21.76,0.40136141654328233,-0.025890027234660395,0.34953821309755984
21.77,0.5451163891566358,0.039868731437856825,0.3789360449457626
21.78,0.707539067168044,0.05057672530245394,0.4052674282088906
21.79,0.772306769369878,0.030013574923127846,0.41868291007051345
21.8,0.7792125306670927,0.03211372384204293,0.39752963585512174
21.81,0.8065233664975644,0.005874917197715775,0.3913354766402506
21.82,0.8126823081255432,-0.12072592203264783,0.41917589372825687
21.83,0.7613713087506515,-0.3028071430177644,0.49634218500917404
21.84,0.6926991931959828,-0.47990305184614485,0.5948958765048055
21.85,0.6241054725545402,-0.6189693222805916,0.678888349978309
21.86,0.5718314635346148,-0.6676235964791661,0.7112311289640842
21.87,0.5167666226541956,-0.6394628811098294,0.7480118856116528
21.88,0.4626143055895184,-0.6149075977697704,0.8328549562717069
21.89,0.43747275905887373,-0.578809288461704,0.8950926383220437
21.9,0.3954001680982752,-0.5896076512243983,0.9587090168603931
21.91,0.3277870019724059,-0.6569404806074808,1.0077969493209074
21.92,0.25456243139984114,-0.698871590203612,1.034750599721922
21.93,0.18883141847422652,-0.7156198507788383,1.0102829785815621
21.94,0.14434304282921773,-0.8089275517734369,0.9335342957185802
21.95,0.1366640429462233,-0.9691981386914127,0.9327801198892026
21.96,0.13525117622086996,-0.863031390583457,1.0876878546219737
21.97,0.12887742536636357,-0.5847792823296794,1.1205613632503653
21.98,0.1184866297849049,-0.4351475892340434,0.9649026711210253
21.99,0.07592489519592134,-0.4913709869932843,0.7557650659477988
22.0,0.0006016974183774298,-0.6129625851191441,0.6056520206330769
22.01,-0.04492833282613324,-0.6640534424463349,0.5762276202690496
22.02,-0.04854752661150047,-0.6309667459556958,0.6609150269966106
22.03,-0.0390714697242092,-0.5494931150778389,0.8041137674324225
22.04,-0.020410007367547445,-0.43586807237923336,0.9966561912475322
22.05,0.06019502334669561,-0.3142856433298636,1.2846626633275509
22.06,0.1410581266043058,-0.27084688433099186,1.4698556599528108
22.07,0.15335311456256762,-0.22444180007623393,1.408295354485421
22.08,0.09288729283845805,0.057905246726943034,1.160773347124736
22.09,-0.03550108401379359,0.4380128163673726,0.8284905086263964
22.1,-0.188238455234321,0.7325664746543695,0.5467357765344852
22.11,-0.27410131723995007,0.8191040063192045,0.34737563067323174
22.12,-0.2618008021455412,0.7260368397244047,0.2352408000601797
22.13,-0.19788116075075224,0.5415188890983224,0.15611000738011818
22.14,-0.10423603684797537,0.38601977102577123,0.08550831180598568
22.15,0.010887325786628299,0.3309885322592212,0.09659057456520281
22.16,0.11437904776194995,0.3017246567956395,0.21459088024143375
22.17,0.2019830919379679,0.22923425624188384,0.2958159814763717
22.18,0.24791145566255662,0.18037386690852586,0.24515638986881783
22.19,0.2287612116401921,0.22128407032968248,0.24447466982364013
22.2,0.20081061359050775,0.24193364194492312,0.38369088465425155
22.21,0.1494138208513478,0.16499325279582785,0.5024449513564562
22.22,0.0510068090096077,0.043618256139931755,0.5632686906088441
22.23,-0.06012912356694773,0.028975159954981927,0.6301136231654655
22.24,-0.16480469179171622,0.0889085755596969,0.6717839361678728
22.25,-0.29581698015734803,0.1474263127355009,0.6424471027184409
22.26,-0.42709871559878726,0.2174740476038596,0.5438259932786846
22.27,-0.4659410822159394,0.20433310716616088,0.4239418419506307
22.28,-0.42148141874664113,0.0718086497334048,0.3086593896846258
22.29,-0.3897366987214298,-0.0523493348672908,0.23078202544946286
22.3,-0.3967001307884916,-0.060922038101117584,0.19621172177846688
22.31,-0.40480376877455065,-0.022978286062134826,0.1575526480703797
22.32,-0.4228073936280261,-0.009930642056765925,0.12767761187215465
22.33,-0.44076380160751427,-0.02474029693472452,0.08734115748232336
22.34,-0.4344389245390496,-0.06602871974535304,0.005415741618100926
22.35,-0.4257717342489829,-0.10559397110594185,-0.08357433706361807
22.36,-0.4403474703382261,-0.1324011720032671,-0.10732115535705991
22.37,-0.46194905211403886,-0.14108404045499906,-0.06663630182184009
22.38,-0.4767023490510703,-0.10496070212800716,-0.05983218776265794
22.39,-0.4869825853694141,-0.029514272601834944,-0.12954260819270016
22.4,-0.48120965964442997,0.04039261982302287,-0.2353087248714015
22.41,-0.462139663625641,0.07845461560215673,-0.35951396643449585
22.42,-0.44660093076327323,0.0890587395567369,-0.5531697447980168
22.43,-0.45059715524642596,0.1403047714301165,-0.7217448665017003
22.44,-0.4845100169002432,0.17612006320667478,-0.7683175973917971
22.45,-0.5214388029014647,0.06443656707041459,-0.7786907236177842
22.46,-0.5378115059508733,-0.08839439006282675,-0.8041519850254046
22.47,-0.5375247810617756,-0.17367607249179498,-0.8233641715467438
22.48,-0.5159546361365136,-0.14424507717697427,-0.868439330759136
22.49,-0.4780212112719,0.02596785024786367,-0.9656750154325908
22.5,-0.39642273398208955,0.30320429965099743,-1.1114880276074852
22.51,-0.3149050698617623,0.6026388183906544,-1.3542661949558328
22.52,-0.2754520244995879,0.7692867058808989,-1.5272724186493243
22.53,-0.25749208936059836,0.7571252027543733,-1.5121675982883276
22.54,-0.25248617416750774,0.6305407793852477,-1.431968451242374
22.55,-0.24184868698282425,0.34560118203759127,-1.297214452019567
22.56,-0.1969961884871963,-0.011628707721960166,-1.1802431346581388
22.57,-0.12684834351637064,-0.2706113106787582,-1.1583772994540569
22.58,-0.08524501999253856,-0.36626336811978316,-1.207684252629852
22.59,-0.10839171294043495,-0.35027834183758266,-1.2578939753553489
22.6,-0.1709061063030983,-0.2736565915180749,-1.3057218301074878
22.61,-0.24902139465661982,-0.17073450687793368,-1.3365135570414572
22.62,-0.32405970234071824,-0.06896446702877615,-1.3141963790454854
22.63,-0.3785136888083864,0.013408679028865738,-1.203314496647067
22.64,-0.3946010357354207,0.07819385514065225,-1.003571900841082
22.65,-0.3546199055773564,0.12086006277162642,-0.7671435517115498
22.66,-0.2767717886646447,0.15765208164239022,-0.5747353631552616
22.67,-0.20824773129162583,0.1578384502725375,-0.5225143989419448
22.68,-0.13916472623142925,0.09479531580178345,-0.5759239335857378
22.69,-0.0009204278706233927,0.032065226470185455,-0.6033389474223074
22.7,0.21917126960924369,0.03299068994919527,-0.5386533698736966
22.71,0.4274192260867211,0.11535430951033947,-0.34588114162465994
22.72,0.536194134031505,0.23197883874299202,-0.03942683002524884
22.73,0.5128344402183479,0.28559214418036083,0.3026147851633534
22.74,0.41524951976142754,0.25647091229466307,0.5517232571553534
22.75,0.31433684680462115,0.2578764060011579,0.59087173974831
22.76,0.24793668404375221,0.31526235490279214,0.42129879675995546
22.77,0.23095877160266248,0.4429159108783622,0.15603670189687785
22.78,0.24342087606534604,0.5407260601522196,-0.10921597125631338
22.79,0.2641208618658188,0.5275910970891732,-0.31166895138572837
22.8,0.27428472746459026,0.43094940354337563,-0.4673247543868002
22.81,0.28791528709825714,0.27680408546040586,-0.6127334795235277
22.82,0.30322290391237466,0.11195964254745049,-0.7556035983301669
22.83,0.2717308771524327,0.03734701344501878,-0.8406936439563951
22.84,0.16398991191929463,0.04316764766168228,-0.7962062848843846
22.85,0.04507645668737016,0.12238203527990414,-0.6110166660763636
22.86,-0.025418052810538494,0.26390527589309853,-0.3102327783782227
22.87,-0.03965341867594087,0.37936443830421385,0.06886150206669575
22.88,0.009239605430779027,0.42034280070557745,0.43457742159757873
22.89,0.14089196297523796,0.4585575267128806,0.6952174235927978
22.9,0.27823733214841573,0.47962803368730866,0.8002372237017554
22.91,0.35496958002061896,0.47350263242550983,0.7729675788559702
22.92,0.336361635048599,0.4723549208328319,0.6852707118981369
22.93,0.26399825258947396,0.47736791505158643,0.6269112316957987
22.94,0.14307089272407894,0.48655606164279935,0.6120331023086869
22.95,0.051604424382859136,0.4781315685719664,0.6563526566384746
22.96,0.048233997599934235,0.44496355860191683,0.7554073006277471
22.97,0.1303222418397282,0.35365936315837726,0.9080540945872727
22.98,0.22165257125391027,0.21081244135526395,1.0491442831364977
22.99,0.339168498009392,0.14467183792271923,1.0830347380251424
23.0,0.4434189621621983,0.19910246386218,0.9913345728651399
23.01,0.44774152517427573,0.24770043691794746,0.8975183941034974
23.02,0.35214090805356385,0.23523686110048933,0.8214303902307589
23.03,0.23043908803748403,0.19309892046261762,0.7654170736835259
23.04,0.16456936063448258,0.18268639623464983,0.7168584369713824
23.05,0.1340487178592617,0.11570790723398683,0.660920103305435
23.06,0.09271029731785366,0.020050404507271358,0.6159923079458002
23.07,0.05258272692662366,-0.023196287946489057,0.6152792688808484
23.08,0.02966724396759556,-0.026921659789282584,0.6895956140199249
23.09,0.007259602506751641,-0.07630074634560986,0.7958050461494471
23.1,-0.01782043991550422,-0.1298975369423881,0.8939575094697857
23.11,0.00283047266565906,-0.1777268517235622,0.9751300314571577
23.12,0.011014103903377885,-0.2883853023497828,0.9875801586075035
23.13,0.015183173564080603,-0.3446952068203003,0.9525296203413921
23.14,0.03434861999121891,-0.3913148197365313,0.8462749240763568
23.15,0.03273581228117752,-0.5114859298455726,0.7394051246652683
23.16,-0.004558094173263134,-0.5314836845120814,0.6914068518198315
23.17,-0.05269392225025445,-0.40930477300687773,0.7112961662077462
23.18,-0.11436902101945517,-0.2484492990784157,0.8234350827260264
23.19,-0.1726034095719365,-0.1596146744691199,0.9184364898801892
23.2,-0.18397095675272956,-0.2304419302113169,0.8452202267581568
23.21,-0.15528630725029954,-0.2142122831827869,0.5035429106999069
23.22,-0.13847618912175855,-0.07354938734113924,0.2719001813738348
23.23,-0.14603140259165273,0.12767394099653714,0.20442471832686895
23.24,-0.11653782201829255,0.2693440116106861,0.14778819064175322
23.25,-0.049907325227636204,0.3215224410269765,0.13064907811515553
23.26,4.184388265874179e-05,0.2803575492090822,0.10005844958432139
23.27,-0.02142325220231008,0.26784218251436814,0.09856616714629268
23.28,-0.06001334758953381,0.2542369280418036,0.0897542051264335
23.29,-0.09429208377439909,0.19948126675728353,0.16614251617991935
23.3,-0.09942853540094512,0.16492466395600314,0.2720421636730677
23.31,-0.12685888050248473,0.12430114992994651,0.3987560714597077
23.32,-0.16650085010591206,0.07100909854203001,0.5603209590415756
23.33,-0.1468808438780518,-0.057780189275118354,0.689360258969152
23.34,-0.11252224393167598,-0.1305909662965051,0.8555868946088928
23.35,-0.09228813160112292,-0.19740475991822728,0.935259398520729
23.36,-0.12374106154825111,-0.3108306045275606,0.9582593965182339
23.37,-0.1771198113916554,-0.39810987243071494,0.9488601450839597
23.38,-0.22232008045607457,-0.43331583834042325,0.8701338013158159
23.39,-0.26067468719258097,-0.39487534809504654,0.7358601640348389
23.4,-0.26429439257982484,-0.3519382424183598,0.6016421065170491
23.41,-0.2605612426695265,-0.35971624467085134,0.511804887849293
23.42,-0.26941552917670264,-0.40034036649549376,0.47136043494054913
23.43,-0.270017993071632,-0.3836358787086819,0.4540999517562546
23.44,-0.22642605103539354,-0.3909518960978259,0.4298151528143392
23.45,-0.23438812438699475,-0.3428682813648064,0.3191916468984511
23.46,-0.2288349183710148,-0.2721917430848626,-0.0010473300357619938
23.47,-0.19428640963902433,-0.20735319552573345,-0.44332250295753134
23.48,-0.09397328518027469,-0.2939962998662988,-0.8209450149796301
23.49,0.006119853738084918,-0.39463055976436523,-1.0889046387713537
23.5,-0.029144024101977504,-0.27286130076993853,-1.23175594995492
23.51,-0.039763624296514484,-0.13702937940213034,-1.2647831239027274
23.52,0.0011985688794615465,-0.1651182302862868,-1.173079235139752
23.53,-0.02288767976949204,-0.19285689695080308,-1.0929487478315922
23.54,-0.05972967359544806,-0.11541786543447663,-1.1493340092867421
23.55,-0.06768181273538765,0.07103828665392811,-1.3361189132015698
23.56,-0.11294699924157901,0.2274312630717195,-1.441180945324621
23.57,-0.21120619157318724,0.31732841440339354,-1.4347165797661077
23.58,-0.32334117436569104,0.3086320943604711,-1.2885911880908434
23.59,-0.39685203950899534,0.31546067000785327,-1.1870213329317698
23.6,-0.420504113639292,0.4120682497488098,-1.1077989969348672
23.61,-0.3679928807012881,0.5047102556987771,-0.9414412390490196
23.62,-0.31580964304234826,0.6157249653252393,-0.9442896106817523
23.63,-0.31285880996072546,0.6263493548111925,-1.0219823269368429
23.64,-0.30177401837848866,0.48681493796380954,-1.026610481702726
23.65,-0.2511817622016835,0.045176860910033236,-0.9104688732901842
23.66,-0.19664629470128983,-0.3544003186691418,-0.9407988949635196
23.67,-0.1222709919903305,-0.8425128761529943,-0.729617559239614
23.68,0.008447052926852152,-1.054366609740324,-0.483737147140969
23.69,0.13563583620015518,-0.8741753091179387,-0.4703954734891558
23.7,0.136194168859836,-0.4170061510677499,-0.6752914322525099
23.71,0.05439471420804195,0.18552706503157604,-1.0563623538750395
23.72,0.0009257772237629273,0.60189948136877,-1.4018343614746875
23.73,-0.010655896356662389,0.6366275277740421,-1.5392137488251223
23.74,0.0101642896181716,0.45100663358235304,-1.4643323941574071
23.75,0.10717714731278083,0.25077695832722463,-1.3047766934455973
23.76,0.22939363144030345,0.04718034826251398,-1.0063607739432545
23.77,0.18301953568075602,0.02691722384905265,-0.8057430648455651
23.78,0.27703124808641644,0.2902888445364027,-0.8425050893273669
23.79,0.4657375463205947,0.6216322832720781,-0.8706281290741837
23.8,0.634531318562701,0.6452276556226301,-0.7714981027398707
23.81,0.6909464092138115,0.5284625184460449,-0.6768782164711453
23.82,0.5493432131935141,0.3193184844031676,-0.7770186515196108
23.83,0.3037946185114903,0.19942747895193982,-0.9798667036674417
23.84,0.021563912214170654,0.28201191239742435,-1.170742622345995
23.85,-0.23137813701887416,0.5136078055694578,-1.2603573745589636
23.86,-0.43865910386336127,0.76289185652623,-1.2572821669189889
23.87,-0.5790298853310661,0.870651115252813,-1.1695950485881719
23.88,-0.6119559468630168,0.8341779648394564,-1.0565400106161968
23.89,-0.5664956308079859,0.6820930245612402,-0.9412141925482068
23.9,-0.47065897514059063,0.5688290281916349,-0.7654373806917842
23.91,-0.382919103157328,0.54646685811588,-0.5359812955696698
23.92,-0.29480752893183776,0.6149137439094268,-0.26634776710226804
23.93,-0.21788004164423483,0.6796630482281829,0.04996023410531766
23.94,-0.19265131224353824,0.5814728648818787,0.3353214978683376
23.95,-0.19937612363704552,0.5195728227204165,0.6013160648507622
23.96,-0.18830891841177796,0.4976912546051561,0.7707681398287806
23.97,-0.17145387241752075,0.37842815778542743,0.837010919398041
23.98,-0.18737182764603905,0.18805626426081887,0.8990381373715244
23.99,-0.30701597637376793,0.0009259833605908472,1.0330276020357791
24.0,-0.43962137719329775,-0.3603188643853564,1.2856561641263433
24.01,-0.4549762903730405,-0.9789774621298672,1.4874075884193863
24.02,-0.22177214035902532,-1.6514885373066084,1.6461963296096898
24.03,0.23211874884652442,-2.2758633147078147,1.6529652889163502
24.04,0.7878042113679097,-2.722856522325947,1.2337875135146714
24.05,1.31411273056013,-2.118084539079051,0.7260923214548491
24.06,1.4000477596941623,-0.6388652376889106,0.6432461434913794
24.07,1.7028934192048923,0.5494069103213306,-0.004299510861084095
24.08,1.92863629776165,0.7308679385244474,-0.3687221087229136
24.09,1.8862672036358268,0.7130675932990689,-0.29409158394141977
24.1,1.7305834002361753,0.7406454737232445,0.044436410308848005
24.11,1.4199161979692383,0.6109244289188689,0.24934881672887832
24.12,0.8923076029977629,0.2619406456952602,0.30434430145893937
24.13,0.31290822441977756,-0.21596423820002467,0.2938366732893147
24.14,-0.10087691170502354,-0.556083568981914,0.35878865396999143
24.15,-0.17616366292728974,-0.4653532106894966,0.43269846062301853
24.16,-0.054779969764272504,-0.15142760735639332,0.5890577263882963
24.17,0.05668556764373757,0.0064237807614057185,0.7707896073975069
24.18,0.12385886314158558,-0.04266226820393883,0.8649667690187296
24.19,0.09740689146388073,-0.1835179347344591,0.914375669669422
24.2,-0.0518644467355606,-0.2835466681130048,0.9036667787633362
24.21,-0.2409215472100474,-0.3342128166812011,0.8707651768250572
24.22,-0.3950539870676581,-0.3117029167253461,0.8290577488205405
24.23,-0.48246622603330186,-0.2696724249136771,0.7714403455791365
24.24,-0.43888028322995937,-0.22176884477227074,0.7414684329604222
24.25,-0.30144760554492717,-0.30784116332402195,0.7235955403398987
24.26,-0.11263371836954683,-0.6197908551938461,0.864512813909301
24.27,0.041490480697689854,-1.0033162406069194,1.164256416664181
24.28,0.07184733092812674,-1.1857132303033284,1.5944624546889625
24.29,-0.01978199331159254,-0.9914364405016775,2.1323958684354913
24.3,-0.181794967340655,-0.5739852185773179,2.5831986670397944
24.31,-0.32287407915293975,-0.2012886335008107,2.8288193353844173
24.32,-0.5369071624683737,0.21442351043443705,2.3224515987138394
24.33,-0.6754853868458147,0.30455342877924696,1.2247962311799239
24.34,-0.7498476406112757,0.20901916850072344,0.12062677990410646
24.35,-0.6881422549507271,0.20552103949326342,-0.6479248587855377
24.36,-0.4926968942128522,0.19918788474116045,-1.0746975120084141
24.37,-0.21767557698047868,0.008168750580619706,-1.2291458493559424
24.38,-0.017793780653737552,-0.18371586694256425,-1.22508059054395
24.39,0.1179131676234747,-0.179475035758959,-1.1038955918680102
24.4,0.18150125421055832,-0.12964241885455788,-0.8388288008265591
24.41,0.10089146698476294,-0.01226432037829654,-0.5184666742430976
24.42,-0.0820194263830001,0.1727311682756057,-0.24117318906065682
24.43,-0.24999324359403208,0.28915368857087415,-0.02753394998793127
24.44,-0.3543090783081663,0.3162733698624574,0.17049564151522678
24.45,-0.4145568770812475,0.2566910314804394,0.34048090008510834
24.46,-0.3834786301241867,0.22921386811528066,0.4591400312094511
24.47,-0.2899994955354008,0.23406564918414896,0.47969813481984436
24.48,-0.1604694037774673,0.2127225122569377,0.39386391077947175
24.49,-0.05825510114030826,0.18107556003505554,0.2608776306619923
24.5,-0.018322701781535496,0.11897660241532688,0.1233850821945855
24.51,-0.01019735967920648,0.01927952939775063,0.07735947974471835
24.52,-0.03369122693490814,-0.011011435300083444,0.17543062661010628
24.53,-0.033076694663928985,0.042393355841270804,0.31834473939239183
24.54,-0.038561730111151944,0.07849671252569201,0.5232924695662083
24.55,-0.05518751005795946,0.02336982464462544,0.7370906232236442
24.56,-0.062272220245877696,-0.11710189581950416,0.8221288775237555
24.57,-0.042363101581547095,-0.25281008454487774,0.7245560488884932
24.58,-0.10044921949560753,-0.31037116119898167,0.5661898709195647
24.59,-0.18923243409070042,-0.2788211907699634,0.40574993816281635
24.6,-0.18959817273010238,-0.1640093799065975,0.25561937171738586
24.61,-0.041537660187764454,-0.0711571799364429,0.08442685794679794
24.62,0.15766627936644234,-0.059182854541873574,-0.07712232878033673
24.63,0.31256967645374395,-0.1138479105953683,-0.20395791149998135
24.64,0.4149727726613923,-0.20989603626218054,-0.32140429379772834
24.65,0.435192506670352,-0.21471172420825763,-0.42641405406468924
24.66,0.41749701328386124,-0.17141971978524825,-0.5154793938728222
24.67,0.3576477197925144,-0.11922682024765606,-0.5785648289294429
24.68,0.27140262425669986,-0.07431850685943801,-0.5529669987488194
24.69,0.17609841964539516,-0.030084484119116815,-0.4180853341849559
24.7,0.09284447376344535,3.5468985838767904e-06,-0.19160296996064755
24.71,0.021280747085805796,0.014673917832444015,0.0683073237125114
24.72,-0.020890374588009568,-0.048126753051909554,0.2825404566537699
24.73,-0.005322397481143602,-0.20892767145545046,0.3857940794980865
24.74,0.05449415963005227,-0.3502068214447489,0.3771943297173268
24.75,0.16469469250185018,-0.43974896239298106,0.33666044443843784
24.76,0.2984699455100024,-0.510732308785733,0.3161431788310464
24.77,0.4228793431084179,-0.5683643577229537,0.34734140562286525
24.78,0.49420479250183674,-0.5816838647576883,0.4850074812319657
24.79,0.5161697007054002,-0.5793777603703733,0.7390941224502495
24.8,0.4321719033323216,-0.5927542187262692,0.9050582702780912
24.81,0.21065064806161202,-0.6028422828039588,0.8397079923036292
24.82,-0.07544840495255016,-0.5183281085593796,0.769691367898634
24.83,-0.3002242428832512,-0.4740190582031744,0.7404481524388652
24.84,-0.4329742905258496,-0.45292078416712184,0.6469088106259523
24.85,-0.4547752411931906,-0.4067987524900045,0.5436940177264752
24.86,-0.377986572852347,-0.4119827233536118,0.5067465943795205
24.87,-0.24378077028239742,-0.45523250520603475,0.49669595600528693
24.88,-0.11347360006502563,-0.48980392487815183,0.46253073420909746
24.89,-0.04765458846651409,-0.4257407359314315,0.35819099395530957
24.9,-0.05754677127836136,-0.27078114405528236,0.17102781148239618
24.91,-0.1049053633550287,-0.09273093980483366,-0.12693666662290812
24.92,-0.15261577312028762,0.0931347384088845,-0.5371909379618689
24.93,-0.1489203120709607,0.27403444517386355,-0.9016800169173741
24.94,-0.1047952946884038,0.42719826918851644,-1.1322881727185279
24.95,-0.06382702850013132,0.5038436686680918,-1.257709474108243
24.96,-0.03987162395882929,0.5254951966970716,-1.32369966916847
24.97,-0.029481219941626172,0.5508849383009703,-1.3709784970666492
24.98,-0.04113079307068129,0.6357445755565765,-1.4413102437795664
24.99,-0.06637531253083401,0.7613839742626737,-1.4288203744442363
25.0,-0.12482382655816242,0.8190629985054316,-1.3985701129592856
25.01,-0.22509861987467963,0.6628324883128145,-1.3786348384668887
25.02,-0.32230822144657323,0.30403634386753914,-1.3273182781529305
25.03,-0.3941305812867101,-0.10392722992898007,-1.2902660449577918
25.04,-0.43669149815520925,-0.4038683051348483,-1.253219240955351
25.05,-0.4252113760512482,-0.48492271673093235,-1.1467672623190615
25.06,-0.3737501698362548,-0.3487835989642252,-0.9657453534942413
25.07,-0.31085999548789844,-0.09946055108047638,-0.8037758146995527
25.08,-0.273384241574875,0.18668944318322483,-0.7836596097650204
25.09,-0.2746583188556505,0.4904416724099159,-0.9397289126892139
25.1,-0.27470326094513703,0.8301896989869392,-1.1837860455653464
25.11,-0.249863069368788,1.09109126147109,-1.363277633655181
25.12,-0.19796170022291534,1.1689183641118135,-1.4365838972205476
25.13,-0.12008195658040816,1.0880856128466039,-1.3840229260219035
25.14,-0.05134683390912787,0.865051925787032,-1.1723818189340227
25.15,-0.03480659923081996,0.587319345726726,-0.8856422978487617
25.16,-0.06499659279222968,0.4166215975680595,-0.6710487368921317
25.17,-0.10030411200731112,0.38829590602048003,-0.6511291480142598
25.18,-0.10525784462037678,0.4015106922649121,-0.8482970937586307
25.19,-0.0702590629628304,0.34302747366505165,-1.1705291926232566
25.2,0.010276808210852742,0.2238374323087541,-1.5121502452814148
25.21,0.08497889956464807,0.1270550584527926,-1.7467809602530482
25.22,0.09418203448124163,0.0522880898233518,-1.751179411929002
25.23,0.01701821605395271,0.0033387466792173534,-1.5137712313352862
25.24,-0.13217333645789242,0.030127165847779747,-1.1168644513642851
25.25,-0.3037811856739647,0.14439447386944418,-0.6818344151225046
25.26,-0.41990320903159434,0.2732550646962983,-0.29718966330394836
25.27,-0.40736984966735873,0.3474689376412192,0.0037572889167550726
25.28,-0.2833366283118815,0.3633958738695214,0.2057428547878938
25.29,-0.11451249701311664,0.30481290547000117,0.30344543686479625
25.3,0.0496721278832128,0.1915311318084536,0.3255615736359995
25.31,0.16458969971994553,0.09832983132370066,0.3286031582248183
25.32,0.18006577829592252,0.07977418139033171,0.33595289802029205
25.33,0.07563160130619642,0.14185342364798986,0.3306833285372678
25.34,-0.09292165994152671,0.2556339028337371,0.29189463086238715
25.35,-0.2125074388608506,0.3542084700681753,0.22943488360115172
25.36,-0.21823580252781608,0.3666920033915759,0.1745268431418816
25.37,-0.12504522123137113,0.30235905200694435,0.14250118545312715
25.38,0.008574768407977612,0.24292653707943487,0.13014883948712716
25.39,0.1135334194707457,0.22196183717163123,0.1275570479361679
25.4,0.1742297307696039,0.1876596384726787,0.14243252251472238
25.41,0.20158299768562457,0.128921554705396,0.18069962815180207
25.42,0.22327802353081247,0.05532272734745526,0.23985784693491535
25.43,0.2689870945188413,-0.05075233195988117,0.3259556203913837
25.44,0.2944027365505562,-0.1823966222994985,0.443116240997257
25.45,0.2760659694439499,-0.2584158998834417,0.592867839226197
25.46,0.23299909220630635,-0.2140267208580819,0.7435524852650404
25.47,0.16710029540815044,-0.10702853777385242,0.8760150427235234
25.48,0.11221677939459913,-0.04323578493001902,1.0031567058430284
25.49,0.12430178192496807,-0.06081330153487208,1.1693626602199871
25.5,0.2422130732471265,-0.1345237324357458,1.3847860092142332
25.51,0.452412802574936,-0.1626594079356301,1.506440986203447
25.52,0.6439494860434937,-0.020536857313972808,1.43650483226438
25.53,0.722781463288232,0.2155096582958044,1.2584558667780545
25.54,0.6878311769500883,0.3308263025579575,1.033189357453818
25.55,0.5831460223113205,0.25130853546588194,0.8115006117519389
25.56,0.46668839231294335,0.10980200627340034,0.6488066319190026
25.57,0.3912102424249618,0.018365993865468597,0.55800150616556
25.58,0.3642267807774297,-0.011177779618341795,0.5180723831746424
25.59,0.369353636444768,-0.017880924099976676,0.5034757419896686
25.6,0.3516694177890538,-0.016993327063718484,0.5284173925742969
25.61,0.2832749729745332,-0.015250858219660214,0.5826792980073494
25.62,0.19376063886144654,-0.0333632695093923,0.6111729181857904
25.63,0.11574766959530289,-0.0987256619196905,0.590652452407225
25.64,0.052155733117202105,-0.1850249898796094,0.5202396894525445
25.65,0.02480316040332042,-0.2616568718221312,0.4325750013188617
25.66,0.08125044382078828,-0.29911001092325357,0.3979495510480869
25.67,0.19366270008752848,-0.22510317576043035,0.4472699079255232
25.68,0.2754808024687671,-0.2051002344543144,0.4348362267645061
25.69,0.2840837456666453,-0.45778404898468134,0.3266843277171806
25.7,0.21845458417399224,-0.6308179054578369,0.24769670118503612
25.71,0.050083582161965304,-0.5245236719785608,0.2822122268418722
25.72,-0.20161973356309665,-0.2884029591076414,0.40876544171905405
25.73,-0.4297207617586018,-0.08214365419840121,0.5078730825742734
25.74,-0.5602274908203327,0.05552578850919994,0.5298399294187052
25.75,-0.5608953766926879,0.10994850017275382,0.54387234648506
25.76,-0.46799763798848426,0.1036891346789257,0.5892172852813704
25.77,-0.35813498827888296,0.04945094633995393,0.6210740100087592
25.78,-0.2776631000978993,-0.08240886470429305,0.6732908943112071
25.79,-0.2212932360968653,-0.17129543653519905,0.8094994747762966
25.8,-0.18354708533592878,-0.15107905338919392,0.9420105421098728
25.81,-0.18498348564356676,-0.10694137855229266,0.9464905234726263
25.82,-0.27306518581789935,-0.007525985388048525,0.8092730210300747
25.83,-0.4052519054736218,0.09890362420610614,0.6208711227114807
25.84,-0.43920347991183495,0.2108187703383896,0.525364958739308
25.85,-0.3468732617835224,0.19708036417060337,0.5512503137080581
25.86,-0.19574961767289512,0.010323319318920133,0.6770081152301051
25.87,-0.06700041627155025,-0.1588937501925178,0.8146653471122192
25.88,-0.021095707692616775,-0.2587708629510755,0.8661639756618381
25.89,-0.053816497175464766,-0.31969792395651336,0.8305772981858511
25.9,-0.1438207972356149,-0.3513813872769508,0.817136217204902
25.91,-0.20787118224328965,-0.36745983941364735,0.782122683928532
25.92,-0.24722462609742274,-0.4423811284081337,0.7006975380038566
25.93,-0.30235589184393863,-0.5403190941750028,0.6014497011609473
25.94,-0.339653888599527,-0.60165819693006,0.4613921241447959
25.95,-0.36889825975921264,-0.5739227600255797,0.28322987394426874
25.96,-0.3441459579578659,-0.5466837005714333,0.13630101544502954
25.97,-0.2958021322972917,-0.5122210435159272,0.03919523626852065
25.98,-0.2472253948464489,-0.45527147559643116,-0.04408822497531778
25.99,-0.1788515811923643,-0.42433948626796086,-0.15582066090609917
26.0,-0.07422852906097115,-0.4311508178886482,-0.278369884887263
26.01,-0.015785167754192926,-0.4550095368388854,-0.36392365291824014
26.02,0.008205781592574846,-0.4801483169909038,-0.39501055399561225
26.03,0.02556861737220089,-0.4627399751537448,-0.43906525211366915
26.04,0.007782056504357711,-0.3672272914954669,-0.5473569501513722
26.05,0.010036905304324788,-0.21944018658409975,-0.6951944184884686
26.06,0.04611145683231156,-0.10072964850459563,-0.824504186854747
26.07,0.049564837947195024,-0.06959602079686403,-0.8805889840035521
26.08,0.037064378559713125,-0.08373450999144501,-0.8531651224265514
26.09,0.03060880794945416,-0.11484721599610936,-0.7879958629979154
26.1,0.024062073913261133,-0.13232454016258674,-0.717598078033347
26.11,0.025585514433071718,-0.08849829538218341,-0.7203457152035652
26.12,0.031016790136868595,-0.03879458408680196,-0.7849037290351008
26.13,0.05631088249875291,0.05978179503970063,-0.9460521448790136
26.14,0.05755045590919303,0.1439851952982212,-1.0553918472185557
26.15,0.013897401547931489,0.1873058938914068,-1.128056446639672
26.16,-0.018179431317680867,0.2720531318268291,-1.0653049693339296
26.17,-0.0037714227926284013,0.3402142441896865,-0.9553634531698547
26.18,0.019378454419795486,0.43774427608831706,-1.0443701129801446
26.19,0.0452506872497617,0.3382541897322775,-0.9799185431063071
26.2,0.13979545295522267,0.16173272904349711,-0.8741662237356739
26.21,0.19715910612835363,0.0014916681023234347,-0.8958394655972223
26.22,0.17508658900840898,-0.07011645034898104,-1.076510888802502
26.23,0.1359909485525184,-0.01036137446265551,-1.2003306988730171
26.24,0.11524696542507558,0.16946940801330646,-1.2294318487725409
26.25,0.06898019711782168,0.31799189179450554,-1.2284308495929406
26.26,-0.009386789379416897,0.3513117241281813,-1.2354734818886965
26.27,-0.0798391355857678,0.29680383330861493,-1.1819119879780389
26.28,-0.09754998117684938,0.2736066269874606,-1.109659180641166
26.29,-0.05684051486777536,0.3089427609364517,-1.035136893261049
26.3,0.021681383246918907,0.36951377231001675,-0.9583438544719208
26.31,0.08174156312398595,0.38013223817965397,-0.9271242185419303
26.32,0.09384855527110159,0.3429083764340992,-0.958028040436031
26.33,0.06217364861391726,0.23239569116806352,-0.9975515973110787
26.34,0.011987527263737426,0.1051235752731109,-1.0033202201288232
26.35,-0.025188099651129104,0.07341642969197304,-0.9804034456579412
26.36,-0.004308882103480292,0.06143185001086041,-0.8933407976622992
26.37,0.035411778650812575,0.0007095822196097033,-0.746381878227814
26.38,0.0185989402446776,-0.06606505955225761,-0.6065868360824883
26.39,-0.06595862233184513,-0.08526957650252083,-0.48715757448304764
26.4,-0.16224744672867303,0.003660210704431726,-0.3715687022088156
26.41,-0.23627006214467508,0.13825154446669716,-0.262975845147623
26.42,-0.2682609355178614,0.25606246509053693,-0.19706128643888376
26.43,-0.23946515616504593,0.3359039898324464,-0.17254380860030158
26.44,-0.19819288258577014,0.36808296256600226,-0.15194277747819362
26.45,-0.16324376003403857,0.3487462299467484,-0.09726683458796918
26.46,-0.1269101144286622,0.2802544173647354,-0.005682943368451614
26.47,-0.027059952030261267,0.1954032171706339,0.08518720140100813
26.48,0.21037838233696224,0.09986278461810946,0.16674734936834676
26.49,0.4845285170858467,0.04448126626321469,0.22466696567302288
26.5,0.5860356995645483,0.09820903770893988,0.24126564933792724
26.51,0.48075938746434743,0.21975213777414251,0.20615033464056465
26.52,0.30324835540336725,0.3275275406194973,0.17825890672602981
26.53,0.21010590724006292,0.3668742183771736,0.16750563013784192
26.54,0.2674915351532832,0.3437302203331628,0.17583741748117956
26.55,0.37884971949452206,0.2738900019177669,0.2218373057373177
26.56,0.5273166886081163,0.24122605710786904,0.30675499886930907
26.57,0.613424524237768,0.2511523535337687,0.4052826035908808
26.58,0.6196745124503833,0.30659771136286784,0.5214377260055155
26.59,0.5732628537097747,0.3578274804686265,0.5924301018328896
26.6,0.45564091106974347,0.3394946628562173,0.6111186738025738
26.61,0.31196582614977403,0.2831648093824726,0.5916384844418409
26.62,0.2327250560875788,0.2626303866160786,0.5639651003419112
26.63,0.245760839117054,0.25341262591036967,0.5661245935981328
26.64,0.2888534689515805,0.15446814046699212,0.6441696619169037
26.65,0.3330158966279729,-0.006760862577724006,0.7448846787034585
26.66,0.3923703736654662,-0.09284065348257071,0.8275515036257451
26.67,0.45232611461194666,-0.14798086235469587,0.9017008976079893
26.68,0.45948210944713563,-0.1400491086059147,0.9796870163710496
26.69,0.3861239345901752,-0.07246234598061502,1.044828659003363
26.7,0.2647628777936309,-0.008473064739444248,1.0338129503842581
26.71,0.18422482232230672,0.028775335358974058,1.01165503164855
26.72,0.08941434017823341,-0.0661419404747499,0.9506712780684501
26.73,0.07332131320980267,-0.17143078378670407,0.9082781787788752
26.74,0.1327845297224556,-0.2946472907758971,0.9415616134724039
26.75,0.2222488683592697,-0.38121228413860225,1.0510758035548466
26.76,0.27579327344024673,-0.3701484369100436,1.1368676508024147
26.77,0.27111943879474515,-0.2968478936749715,1.1369571790191608
26.78,0.20520051492804753,-0.21693060672033565,1.0022863418348542
26.79,0.08365161164398931,-0.25510049756353387,0.8625060549617721
26.8,-0.005983496412454599,-0.3007812406417446,0.7389355005414088
26.81,-0.02645790922625846,-0.4177201446825818,0.5673249356067602
26.82,-0.040137706344496,-0.560854336967074,0.42757422267105805
26.83,-0.08250635754815869,-0.5196923008655367,0.39799332721389796
26.84,-0.16610562582068075,-0.6417559179462916,0.46634595330350187
26.85,-0.2392240495030783,-0.9033378381205186,0.5735388460126245
26.86,-0.26984774925917987,-0.9794074743924708,0.629594551270882
26.87,-0.300291395291945,-0.7639720445624757,0.6240596918428125
26.88,-0.2797453091765359,-0.40576031045027117,0.6667096848754301
26.89,-0.24667150714536223,-0.1532038927219333,0.6766707193503425
26.9,-0.1913918769069112,-0.16796004586655874,0.6357303986996551
26.91,-0.045049661448865186,-0.19100128516132617,0.6737141197028608
26.92,0.06374715804583042,-0.20239064994650818,0.6274404461176039
26.93,0.05386813721653159,-0.2309682707314575,0.5368004189050772
26.94,-0.05997134471734901,-0.2026264527603233,0.4198754601325342
26.95,-0.20200505316815145,-0.12763976667724136,0.36172343264790924
26.96,-0.34430605658221225,-0.14178387651044191,0.3694963405819762
26.97,-0.38549380822031554,-0.2069980536768225,0.4044529126738618
26.98,-0.3251701828017554,-0.343678166155165,0.43241481157329065
26.99,-0.2539593556729424,-0.43002855010620805,0.478020904961116
27.0,-0.23143441693408412,-0.42648527426441085,0.5220892208698658
27.01,-0.24707762889908702,-0.42155223677898335,0.5712743105752309
27.02,-0.27090470622361745,-0.3904590797491005,0.5891577654648398
27.03,-0.28585831560575337,-0.4034295890126805,0.5806957993977249
27.04,-0.28225150111658076,-0.43329120867982773,0.5606655875778759
27.05,-0.2516346743126889,-0.46416951221658165,0.547127706885218
27.06,-0.2380973182735376,-0.46772866973141086,0.515247859781602
27.07,-0.236024822317082,-0.4213425602800198,0.4447618048235245
27.08,-0.1846982402261949,-0.41683996385901523,0.30240352246010976
27.09,-0.15013415860075965,-0.40391929970922613,0.14750835359317443
27.1,-0.12938024803122863,-0.43156945679599845,0.06367210009772793
27.11,-0.08562252807772493,-0.512650483331842,0.022584959231493708
27.12,-0.035548522263365245,-0.5382623789145159,0.015502981114886608
27.13,0.029234870130630808,-0.5551247953417138,0.0852042848016926
27.14,0.09084588343774759,-0.5363461993617638,0.12629738341785388
27.15,0.17664286080174785,-0.43235418127838715,-0.006707993033340318
27.16,0.26486353655634004,-0.2382614255197013,-0.2246832351369012
27.17,0.3350086674435428,-0.10719726643778163,-0.3890201587986872
27.18,0.3396116690955143,-0.032794337456813184,-0.5131981692835392
27.19,0.2947328985549329,0.046935037989369426,-0.6490574412536285
27.2,0.25221470718847916,0.16619253007737259,-0.8260627141588108
27.21,0.1732900910776997,0.36654550268088015,-1.0465517374571716
27.22,0.050263372092402225,0.5736455032868258,-1.2237533961959226
27.23,-0.081992408632821,0.7612579479793353,-1.3359090738406085
27.24,-0.17003732704708807,0.8017491285721289,-1.2719364669648443
27.25,-0.21373974710231985,0.7056887787275806,-1.2672102025709608
27.26,-0.269675558144071,0.5452973001095255,-1.3446728697983157
27.27,-0.26747283952138745,0.35626726997193053,-1.2075877324926758
27.28,-0.10992716353860166,0.0013480733707030828,-0.8544201998813626
27.29,0.014301602210531533,-0.2311149111851865,-0.911903650825277
27.3,0.0062877109607,-0.5194556892978776,-1.0452815768695973
27.31,-0.026091226562768178,-0.6898390843248801,-1.1062166609899573
27.32,-0.03424283941097477,-0.6589048590566955,-1.0511926436887968
27.33,-0.054920594680796256,-0.47010288801899136,-0.9787271012079198
27.34,-0.08366386226802869,-0.19071351376122045,-0.9529904570033018
27.35,-0.08944542721820273,0.0656625029215888,-0.9183393694144739
27.36,-0.08454034249526017,0.25118855007167695,-0.8359006622019672
27.37,-0.07190340391266778,0.2967255901113081,-0.7564156448690769
27.38,-0.06024389818516204,0.2808564977913714,-0.7601931251771533
27.39,-0.047814950244975736,0.24444637613139464,-0.7871490252467577
27.4,-0.045069604766919937,0.2199270620742756,-0.7733626539095244
27.41,-0.05619943590123952,0.2053894875617082,-0.7590934915443347
27.42,-0.05177475391265171,0.23075814723104193,-0.7374716948605969
27.43,-0.04752491427463334,0.3113724533462025,-0.7039966785491968
27.44,-0.03839753180487944,0.39859057708817414,-0.6988713766449578
27.45,-0.021006321503776328,0.41896752351182515,-0.764349235700766
27.46,0.05637244439779212,0.3286243298856014,-0.9076416200341885
27.47,0.16613517776315243,0.20439546952279838,-1.0251159087004955
27.48,0.21516372951741677,0.1127108722372341,-0.9970552341986675
27.49,0.20200558212552017,0.07894491804559912,-0.8367212779069655
27.5,0.1729151672880522,0.14176016249108037,-0.6558352338199591
27.51,0.1152228840769798,0.2530871023328312,-0.5536673167806995
27.52,-0.026318072712869484,0.3314394638368761,-0.5481797153496767
27.53,-0.17523723475850836,0.4287491267618572,-0.6320642911563756
27.54,-0.21042904264699364,0.5947107251837663,-0.7591416662854835
27.55,-0.1306829762732082,0.7772205016041459,-0.8940256658791632
27.56,-0.03577977831733275,0.8672530214905336,-0.9929361661304063
27.57,0.006339836107289488,0.7906556924024217,-0.9977536552839822
27.58,-0.0037240875192715815,0.6390545352356727,-0.910669620093373
27.59,-0.06253081051198106,0.48859708614405706,-0.8031034356297875
27.6,-0.1653288568363692,0.36142503187792774,-0.7097230080099081
27.61,-0.24994799964632525,0.295611066496586,-0.5416883650468106
27.62,-0.2014410889041826,0.2484135590094757,-0.2919122214235254
27.63,-0.037137518376351,0.1341940704733557,0.011508214941152938
27.64,0.13001094137409425,-0.014813064308794527,0.3464944104763851
27.65,0.2770575257163663,-0.005532804562571541,0.6492141258508437
27.66,0.3899029364934634,0.2082946782133833,0.8935471682193139
27.67,0.46862515815856104,0.4508085025075669,1.0411326068161653
27.68,0.5098198688161748,0.5416498518534947,1.070533039184138
27.69,0.4863654656580225,0.4806034397751046,1.0543661183745507
27.7,0.3763270982135853,0.36876837942104285,1.049361656767738
27.71,0.25598188538723926,0.2748792479823109,1.0508534902551758
27.72,0.14411519793025668,0.18008360492739042,1.0460725350826603
27.73,0.09504019915059919,0.11269070485353622,1.0071308545263191
27.74,0.18353823624465657,0.12249445823783697,0.9284563065068047
27.75,0.3457539225281175,0.17059543068231786,0.8285002807198176
27.76,0.4335831147432409,0.177913357256535,0.7445429254970278
27.77,0.40537407534055425,0.20061564854910044,0.6643471705244974
27.78,0.3460376830568017,0.20290165697839513,0.5833445423011538
27.79,0.3076201588132874,0.025581217227009078,0.5078776509903727
27.8,0.26948272917575217,-0.33212573424284253,0.4226755516286881
27.81,0.2064828083702015,-0.6825552577071368,0.34760433749123737
27.82,0.16636738427115888,-0.9232768117330374,0.3414472401237881
27.83,0.18052238792104186,-1.0075990051491577,0.4875145033670476
27.84,0.21319095046126743,-0.9118239578248893,0.7430639937963209
27.85,0.21796291601725867,-0.7554395563810824,0.9895096169301808
27.86,0.22010484123384538,-0.6266907385446514,1.112218106189519
27.87,0.19910737648536028,-0.5391377350845974,1.1534812186485808
27.88,0.12874064925161124,-0.4567111617457298,1.1458329428721532
27.89,0.03797895113235688,-0.3202944903446519,1.0871225762371122
27.9,-0.02236280008081177,-0.2127996363648071,0.9797454640106593
27.91,-0.06650358558347524,-0.23662903116781137,0.8535598590578363
27.92,-0.10134030188742439,-0.33577461072956066,0.7878616080483772
27.93,-0.07812325332495278,-0.4266214424800989,0.8481902783826657
27.94,-0.003114680833732267,-0.43379761987571774,0.94548954451646
27.95,0.03916769214276786,-0.4673800969803465,0.9471404325245718
27.96,0.012454755322958836,-0.6148067564773974,0.7070360837740527
27.97,-0.046315395266016024,-0.7129569059813821,0.3822668955708674
27.98,-0.09097688607052778,-0.64013304609142,0.21152309266217664
27.99,-0.1237053256400381,-0.5151054636840167,0.1835587145203245
28.0,-0.1447320540135982,-0.4382435191572127,0.19667909060674071
28.01,-0.11122748638446255,-0.3697997897396208,0.19022409971139442
28.02,-0.028195959406110346,-0.28264025381253716,0.20265234921894332
28.03,-0.011958435738849207,-0.08044626875083169,0.24791400711105363
28.04,-0.07270973340899589,0.14312278251548985,0.29510391017380755
28.05,-0.11858946795459978,0.22117743299403078,0.3247240526874296
28.06,-0.15414667141553481,0.20314517788466535,0.36317281389430933
28.07,-0.1817021896889723,0.13681914075520643,0.4270528047278664
28.08,-0.14385672009276018,0.03589308005657488,0.5161965523283931
28.09,-0.05858947881905238,-0.042641728367297044,0.5974655609580122
28.1,-0.017995334942015252,-0.08399210596510481,0.6498780801811587
28.11,0.004023651310870577,-0.0718909125285536,0.717080444523908
28.12,0.04449234897801668,-0.035326002029554625,0.7652953354542806
28.13,0.06018738619225825,-0.01530266470248522,0.7824126437196594
28.14,0.052880551452197465,-0.02702109422187865,0.7858635152574616
28.15,0.05916903177535007,-0.08697204112696996,0.7117831791819043
28.16,0.056568313080748014,-0.16937389648310913,0.5463128672376508
28.17,0.014795496733662261,-0.24732338059535403,0.3419914030236633
28.18,-0.0217473957721643,-0.3255453348595056,0.12711821276159063
28.19,-0.053429530126058514,-0.3887430001877723,-0.0454040525357539
28.2,-0.08386728482235362,-0.4060535900494152,-0.11313018396388327
28.21,-0.06422738609085704,-0.4069626721297489,-0.08775485303531695
28.22,0.008575415987515886,-0.41734899753653765,-0.031693401847240336
28.23,0.1043172452771599,-0.42765407399144323,0.010862978573424891
28.24,0.19859347600859947,-0.45447068373941585,0.01372177666203723
28.25,0.26638754806007436,-0.5033384027331796,-0.050909718110772086
28.26,0.2790339732085902,-0.5153117467095403,-0.16605857490613066
28.27,0.2299202324406446,-0.4360103630838209,-0.2765358850019187
28.28,0.1593328959762255,-0.31141240927279035,-0.3459079618707632
28.29,0.10198254666779225,-0.2538246697499987,-0.3483347142108211
28.3,0.061940857640436074,-0.2816334924979255,-0.30237871711561204
28.31,0.04349849919509558,-0.2187092204908099,-0.3872704586446521
28.32,0.04579393160404541,0.10597917149766907,-0.7660802263639016
28.33,0.03649615363909803,0.5822832332156289,-1.2942567888238055
28.34,-0.005152756691571598,0.9497768571850654,-1.6939957842340723
28.35,-0.05785379247592839,1.1240064191122514,-1.8724796745174168
28.36,-0.09984211805242414,1.1532616979203498,-1.8492880038121842
28.37,-0.12968933729658016,1.0689171064832967,-1.689921135652661
28.38,-0.16667051471386798,0.920120202565937,-1.4534207005613533
28.39,-0.15145308045987693,0.4065012385123651,-0.8539781001676289
28.4,-0.07254519207497008,-0.3090656811514206,-0.30325462227029615
28.41,-0.006643792413375976,-0.7161602305190299,-0.3263399683873071
28.42,0.02440727873925192,-0.9480137608738958,-0.47935176836104104
28.43,0.014774338964095335,-0.9232581427314488,-0.6493912161927335
28.44,0.02453075178908782,-0.720476369857619,-0.6812624969273152
28.45,0.11400322300414577,-0.3560972476098349,-0.5753408597447639
28.46,0.23515341502855883,0.026562408502230652,-0.489303722715501
28.47,0.2556936122303778,0.21847261399274812,-0.5443232971744046
28.48,0.17007483772282958,0.30179312198907704,-0.687743058523543
28.49,0.10728933358887628,0.4045901892307252,-0.8275774164546318
28.5,0.041817143051705814,0.5382318436004615,-0.9408639804074649
28.51,-0.05320269486168354,0.704192531300328,-0.9459712775431981
28.52,-0.10934217228868254,0.8571412390234328,-0.7838408718979393
28.53,-0.12636679175338053,0.9154062278775548,-0.6066595130254829
28.54,-0.11890358117340143,0.8801031648729867,-0.5290476767172565
28.55,-0.09570342177870038,0.8407765365481672,-0.5911910904782981
28.56,-0.06031969774346854,0.8273586150767334,-0.7507461255019133
28.57,-0.024608679562933302,0.7828301010894267,-0.9553080278980399
28.58,0.002335432550472799,0.7181748694398862,-1.1709036690301748
28.59,0.008330843159975163,0.671807507029977,-1.3762464316338856
28.6,-0.02664649343511459,0.6704187453061844,-1.514180699780257
28.61,-0.13219539491033336,0.7373121987222013,-1.5380034104249474
28.62,-0.32015742273164743,0.8068416615849474,-1.4742811644801974
28.63,-0.5428263137902133,0.8067102266688128,-1.399339355448769
28.64,-0.7143540871306977,0.7366356406754616,-1.3555297178849173
28.65,-0.7486851969376244,0.7000150092356199,-1.2916864647883395
28.66,-0.6183411190435527,0.7152424237588879,-1.1541057512707698
28.67,-0.3763000021935702,0.616821624479595,-0.945889378669272
28.68,-0.13623825693602207,0.334638068841559,-0.6965193628219664
28.69,0.010477363588768255,0.059653882425869054,-0.4030954509968186
28.7,0.024239698139734304,-0.024615013685817092,-0.0725454790755138
28.71,-0.06243019540698671,0.04067528920427781,0.23940575301530803
28.72,-0.1564070650364,0.10576738078148552,0.5425103886893404
28.73,-0.09190706208091708,0.11250421678358774,0.8648873429980208
28.74,0.12805933429571542,0.06857503602478034,1.2195841538818288
28.75,0.3644982574804582,0.09311727866499271,1.5247373363629932
28.76,0.5686711274427761,0.2898745388112398,1.5896736381581154
28.77,0.663606162604793,0.4448369475177595,1.343245086407248
28.78,0.5455705645734715,0.47139548818518673,0.9082672169028371
28.79,0.3274576251861543,0.49742602047041007,0.46098240833868676
28.8,0.1791312362386153,0.5205244488245125,0.10683115189781407
28.81,0.15148966049012894,0.4477594408515194,-0.06858368295014115
28.82,0.16041747648083235,0.24574010328924104,-0.053186916095918906
28.83,0.17965184815609722,-0.028825753418685474,0.08217549115300636
28.84,0.20973598040277225,-0.23964821027447114,0.23061616503955837
28.85,0.26543029223057507,-0.32878915230181216,0.3240056067796639
28.86,0.3303444571521318,-0.3452600315648289,0.3405194015507111
28.87,0.38122963804107013,-0.3679121996153594,0.26867324078382787
28.88,0.41181558385384753,-0.4652749193633026,0.19690794353923144
28.89,0.4203057237318593,-0.6855505727823996,0.19757320033810608
28.9,0.3806739265234271,-1.0133038477189655,0.25775891897741277
28.91,0.3132086163454579,-1.321690412820719,0.406486423120043
28.92,0.25216240505910675,-1.4015868211402707,0.7032972705122181
28.93,0.24572602323527531,-1.1433554962981842,1.0967589374494344
28.94,0.2555424674840347,-0.9574511140253196,1.314231587772018
28.95,0.23987177192641249,-0.8414496427948851,1.4243743295579392
28.96,0.16856175812091068,-0.6694946405764469,1.5033389841043439
28.97,0.009828428077210299,-0.28583222906457173,1.4816608452391506
28.98,-0.17471628165598313,0.151287103373733,1.3760345165746581
28.99,-0.31930769047520635,0.4295827165675661,1.2732564027733821
29.0,-0.3303256034263621,0.4882322531212727,1.2478977773928634
29.01,-0.26377479657198316,0.33712564514926247,1.310438292600867
29.02,-0.12891436683415042,0.17764821508667736,1.3957467662372984
29.03,0.05206962699065588,0.07574460515152119,1.3783799439827582
29.04,0.15119013126311043,-0.12038730326861853,1.142026968153488
29.05,0.16262965916572297,-0.2189218782004242,0.7479848265386184
29.06,0.18334743172334828,-0.051463705843686286,0.41055425643543086
29.07,0.2229157608609606,0.15278264321659243,0.14698611879054918
29.08,0.20023359286594805,0.12852538103722425,-0.010569388871564325
29.09,0.18000573005093437,-0.02520509202551108,0.07972104393887905
29.1,0.13633585864496328,-0.18128914823109357,0.2564474915320038
29.11,0.06340796701232278,-0.2945690861444725,0.2726853173422945
29.12,-0.015468605949039005,-0.1761081424882634,0.13165209168034467
29.13,-0.12983369063615835,0.11594317845569149,-0.10335161202938954
29.14,-0.2568579646982328,0.29726680029679875,-0.2869624246473932
29.15,-0.2842308054432973,0.3852979883268803,-0.420807834691083
29.16,-0.21063339150870045,0.3775637628748197,-0.5311416373836896
29.17,-0.13977659916926985,0.3873706159590398,-0.6439843682446111
29.18,-0.13118667659460687,0.4233862698041899,-0.6799334112890163
29.19,-0.16457860135172586,0.3950114718158034,-0.6321450447293395
29.2,-0.20134908858224987,0.24429524042739856,-0.4835209117752694
29.21,-0.2193695517329209,0.11207384434179023,-0.302898952463664
29.22,-0.25921874470084183,-0.07258619708082588,-0.23670351253809305
29.23,-0.2661982140642797,-0.2383292434180708,-0.16234859244504518
29.24,-0.258223998503093,-0.3144328018464669,-0.06212418680498035
29.25,-0.2541143087970876,-0.44486537065795045,0.03985842692936841
29.26,-0.2592283202089093,-0.5089089750797023,0.18210110138959693
29.27,-0.2789612732331053,-0.5339231822771779,0.3422526711545051
29.28,-0.3196877370897887,-0.44932059239748395,0.49500589236552045
29.29,-0.4080682442674171,-0.38342776280306573,0.5808817663141737
29.3,-0.4850361498331554,-0.36321819683453416,0.624988940000257
29.31,-0.5017290827806007,-0.33621081665847463,0.5965976927460296
29.32,-0.44865108009309734,-0.27468298576101224,0.5310323419623142
29.33,-0.4024116355130767,-0.23914467365176195,0.5804401868747046
29.34,-0.27380506930796294,-0.2509152181222915,0.8665183064985242
29.35,-0.08162577162696662,-0.34250185487787527,1.3869365747374842
29.36,0.03356472261952289,-0.36455541333996405,2.007002027443927
29.37,0.028882256171295764,-0.13591029009235314,2.404127383105761
29.38,0.029066533576594965,-0.08688379030327098,2.6357055381615453
29.39,-0.012580945066938094,-0.27697192204988874,2.815323875136
29.4,-0.034136894690123536,-0.42000128075304266,2.620957032551319
29.41,0.26394028200955694,-0.6268342104894261,1.8189836750005723
29.42,0.2884459489142555,-0.6640995460422611,0.5871149771844122
29.43,0.47083287182000916,-0.6224790972374811,-0.7370083710676846
29.44,0.5113424490577108,-0.49996166561709393,-1.6465049820138808
29.45,0.5211906438051567,-0.20432704225397172,-2.2864980811801106
29.46,0.6512004481426424,-0.034020001635140684,-2.5547849786716648
29.47,0.7233914396060666,-0.01188543264032989,-2.4800395706183767
29.48,0.7532462748036796,-0.023487297969807593,-2.2038488297217045
29.49,0.7527207350562016,-0.0491536964661862,-1.8064504371436994
29.5,0.6733837269680879,-0.06507249028360401,-1.368506287671283
29.51,0.5550473020023622,-0.12727589912878964,-0.9063102286920655
29.52,0.42496268658779723,-0.17139200348657896,-0.5032163451568423
29.53,0.31050039523163686,-0.18489615196495998,-0.2059848113759167
29.54,0.22010489211848575,-0.13150573532894963,-0.010322587975661358
29.55,0.11324933811844329,0.07603763010708824,0.015153945732287311
29.56,-0.010967187480091038,0.35083337152085287,-0.021447655433496974
29.57,-0.13682761184822267,0.6322099678867485,-0.0494177574990883
29.58,-0.26674500962411296,0.8271972652656422,-0.03218293003941685
29.59,-0.3505857154429684,0.9003568641547738,-0.025056229321299677
29.6,-0.39621619693132787,0.8119289576825882,-0.030859315921875633
29.61,-0.4216175061499818,0.604855313505453,0.0024262573647075214
29.62,-0.44943859173771944,0.40139591437832844,0.17086145639935993
29.63,-0.5448898956491539,0.19543062336537956,0.338646784829436
29.64,-0.6620676612532076,-0.35616504135605,0.7183866342005674
29.65,-0.7114855910862292,-0.9638079293565881,0.8854715108288543
29.66,-0.6122898154884534,-1.2955601612726317,0.7891576738252283
29.67,-0.41319707187939286,-1.136962766295561,0.5464171727854789
29.68,-0.15108959336926364,-0.5985262450713681,0.17985788619462453
29.69,0.1461226109931807,-0.011522458980414535,-0.1809791721151228
29.7,0.39084126416429266,0.21230051501858382,-0.3997466033371514
29.71,0.44744989659024187,0.175441284118156,-0.5175200049197327
29.72,0.67768632860809,0.2008616473966121,-0.683435630044257
29.73,0.8700079254423632,0.13778026348588598,-0.8479923193534749
29.74,0.837373489670656,0.06609103526085311,-0.8975830608024814
29.75,0.7710401199336202,0.06991468893341823,-0.8231403989155645
29.76,0.6449270863384459,0.10824554338618116,-0.7299882816963352
29.77,0.5373133521735347,0.15824392701461462,-0.6850624912353545
29.78,0.4580487714100444,0.2193962354387679,-0.6817506783155639
29.79,0.3714929469903465,0.2626288712264876,-0.7497447045381219
29.8,0.28759473965051735,0.23312877252483163,-0.8397543052533191
29.81,0.18627345294197267,0.12442821553373312,-0.8612168603830926
29.82,0.11286577868239582,0.023367481344413025,-0.8145241739048059
29.83,0.08105951806061404,-0.0624488171393069,-0.722230944666221
29.84,0.062490459555012395,-0.13622923309607907,-0.6560326639941401
29.85,0.039330557273344356,-0.22617171410413975,-0.5853956708740542
29.86,-0.009551859482233057,-0.31263232704835003,-0.48938644378300034
29.87,-0.11459640528407418,-0.36653149205697205,-0.4062375365003612
29.88,-0.27457137225588096,-0.3941840217407938,-0.31765761815994786
29.89,-0.47104152560227774,-0.3624958062069454,-0.172485972939323
29.9,-0.6421849339248958,-0.30860546240622017,-0.019317007212539695
29.91,-0.6971393551878885,-0.20165069579856015,0.10935698066061596
29.92,-0.5861763809726792,-0.1147060801184218,0.3032941349402836
29.93,-0.41712801445140596,-0.07865493750847934,0.5605424029345486
29.94,-0.25029160348132246,-0.06719905448572548,0.7375296804922342
29.95,-0.06391461594742076,-0.11261295292489702,0.8792004561436095
29.96,0.1333228993677256,-0.37958632282755056,0.8669361545134588
29.97,0.25168707054406386,-0.5447936925473058,0.8108901200890342
29.98,0.4770691980794913,-0.3592119751952372,0.6389054573102173
29.99,0.4695594655632055,0.06357524420798273,0.1648186933663062
30.0,0.6648741132297554,0.3254755640698212,-0.2403822501901199
30.01,0.5984654979621161,0.16941172570849183,-0.5317287826626694
30.02,0.3766100819414548,0.06996324735738077,-0.8014753487122921
30.03,0.19638922633032782,0.04242310802406787,-0.9670514736290241
30.04,0.07920754890032804,0.03407077950574861,-1.061038909806782
30.05,0.007664832615215625,0.038815983962171466,-1.1087702530116716
30.06,-0.04046354076298753,0.0276754664033186,-1.0169686562457834
30.07,-0.03214554186395117,-0.07933253531184094,-0.7800875915778874
30.08,0.02656743863768767,-0.3274471725557522,-0.4119513424339653
30.09,-0.04232150017435287,-0.707505360856677,-0.026744807288852254
30.1,-0.1110389694227878,-0.8421109598410236,0.08601440733923581
30.11,-0.10685702333920412,-0.5311516730194258,-0.026540242746232737
30.12,-0.07317971661947686,-0.028103833161842427,-0.25004361736266184
30.13,-0.11244696884823376,0.23959608886117736,-0.42218614427863266
30.14,-0.21438059048439415,0.3060738742482272,-0.5232345660073591
30.15,-0.30543695220730055,0.35195712949093594,-0.5167165928832471
30.16,-0.34534599401754873,0.4626437969307642,-0.39371255045966025
30.17,-0.3720503233079581,0.5927075591444553,-0.23159923795360218
30.18,-0.3918453240295176,0.6833997752626827,-0.03946401898720574
30.19,-0.4008260962453674,0.6728503457175964,0.16816860427113542
30.2,-0.3806139407874319,0.5290804469237396,0.33014581581609065
30.21,-0.3219302102664257,0.22853878406613018,0.39105261299398675
30.22,-0.21574179089780343,-0.18328335707036875,0.3326477613712514
30.23,-0.05610789053050693,-0.5095676642547692,0.1716910491981568
30.24,0.10155910598481821,-0.4712972380108684,0.05105060376918482
30.25,0.20236690675662736,-0.18794484930217759,-0.03615961381984197
30.26,0.23882833575035997,0.21123881900541353,-0.2827229053052834
30.27,0.23121157667868958,0.38813830559520346,-0.5889127764634048
30.28,0.23940671562859003,0.3258349753672915,-0.8343580220680553
30.29,0.2824577812532013,0.157085461553537,-0.9493272896201268
30.3,0.36461845898470163,-0.03643913972161587,-0.9484724662525338
30.31,0.4238178087781843,-0.13882149491541132,-0.9039637471463532
30.32,0.4381656459792317,-0.13410526571524042,-0.8117550025224548
30.33,0.3752221956827358,-0.011244961385891802,-0.699781033157434
30.34,0.28460309258069527,0.1336638578811782,-0.587297580330219
30.35,0.14073974646608858,0.23895026292752142,-0.5119923198962695
30.36,-0.051593811082346966,0.30832881768817555,-0.4340271312783466
30.37,-0.20326328659369855,0.3362104603191465,-0.30065600562043937
30.38,-0.30272435641987305,0.3717766433121063,-0.15037241982672872
30.39,-0.40070753740057025,0.4184891310229536,-0.032995735803499696
30.4,-0.46144506668381047,0.4129708463939572,0.08470943773799702
30.41,-0.4916792168385594,0.3809277235898876,0.20682123153167453
30.42,-0.4455909590601628,0.41719196106625717,0.32969248691692443
30.43,-0.3031539186911233,0.5084247576305787,0.475731817813832
30.44,-0.1695475165314411,0.5397369342768733,0.5792512486006102
30.45,-0.08834370227860155,0.4758854170059064,0.5646814659751528
30.46,-0.07194673107450408,0.367124686512765,0.43093947710696023
30.47,-0.17945561994439496,0.2337754912021693,0.22520153973331125
30.48,-0.352681172490502,0.12647149410016176,0.026771929567101914
30.49,-0.519309451662811,0.08544838491373749,-0.10437832477808222
30.5,-0.5935933182162967,0.08933750150783942,-0.16103738281298932
30.51,-0.5886299232908127,0.09997857612258307,-0.16827410883758498
30.52,-0.5310358255448968,0.0825040767218436,-0.14179720653444872
30.53,-0.5007478264836269,0.10214591448752436,-0.12198621839612346
30.54,-0.4897580485028731,0.20731706056645516,-0.1735659748119905
30.55,-0.5248310970839738,0.32213191895703086,-0.30624376234752776
30.56,-0.5570873351555033,0.3713864362592476,-0.45252091081022955
30.57,-0.4830487572841771,0.2650551846434188,-0.5593467331295588
30.58,-0.31686425533042883,-0.0162000907864788,-0.5908170195964547
30.59,-0.1492401811107105,-0.26098327059205245,-0.4745614528032019
30.6,-0.008994618239951475,-0.21105506545323346,-0.29130018751547165
30.61,0.1268585632037707,0.11683824785445919,-0.17796272457597073
30.62,0.21834272295397011,0.5076519621006135,-0.14150070182867205
30.63,0.17581015972479294,0.7930041293464186,-0.1650931980864896
30.64,0.05672308697131398,0.8970767836733333,-0.26527447927757014
30.65,-0.04332156427152417,0.8481351617478747,-0.4380649230080421
30.66,-0.05339689284892192,0.7573109399084166,-0.6041274825969347
30.67,0.030012057997588965,0.704644077196726,-0.6752394544718394
30.68,0.14163960653105606,0.6434253091568298,-0.6171992480988244
30.69,0.20558540147578422,0.4616401165248009,-0.4363483525834554
30.7,0.24325932065839798,0.2318111148879278,-0.2255820743349507
30.71,0.25961281546856235,0.14027175266086606,-0.055081689007036826
30.72,0.22521808188994805,0.16806919353166969,0.06250449185830949
30.73,0.17574478526288279,0.2240470343585334,0.1368547200432782
30.74,0.08640151689618655,0.2323785469640438,0.1615944422409653
30.75,-0.03176328211041244,0.1831923882286142,0.21435000219855546
30.76,-0.09913863565851154,0.15547394042796991,0.3341032694608776
30.77,-0.019833309004441784,0.1770068288842812,0.5143470248014252
30.78,0.2065909640802832,0.21199958910501698,0.7491100264933127
30.79,0.525358736967572,0.20512631846490584,0.9857200968003369
30.8,0.846847469461456,0.13286132383682145,1.149079152434354
30.81,0.98355006368346,-0.008486780716777798,1.2008414797539262
30.82,0.8678254221474335,-0.11278143606528727,1.0996019304719493
30.83,0.5874298200104825,-0.16280700623454353,0.8504040110600831
30.84,0.26154022006249805,-0.1853044153481685,0.639542182779615
30.85,0.09244001979360782,-0.18568767362514868,0.6042318680593566
30.86,0.10402536129695153,-0.1957050081337422,0.6725031352934433
30.87,0.1908913080142718,-0.22212063656301823,0.7596229388554313
30.88,0.2634400667210484,-0.2829166003840843,0.7903265291031821
30.89,0.2297683320939369,-0.38316438835880023,0.6997044935157938
30.9,0.10792205461547477,-0.46719826796448743,0.47092273089047004
30.91,0.03426023961535638,-0.4253815187620242,0.21369767783045476
30.92,0.06563686566326603,-0.4419401040861443,0.008402012126537961
30.93,0.15656974912092952,-0.6133520871082702,-0.020510792083998402
30.94,0.25006945153290633,-0.7335569196836504,0.17907076449348308
30.95,0.30318197754471643,-0.6354001679122443,0.548038173672992
30.96,0.30768390710549937,-0.3508220535318878,0.9185272001365569
30.97,0.25294457709207185,-0.04363608577171192,1.085611925031629
30.98,0.12268636096681858,0.16770957214500834,1.0236004024048082
30.99,-0.01902331139166379,0.2637218567580893,0.862826039363455
31.0,-0.07287487449292165,0.2128723191953471,0.7255167907461522
31.01,-0.049857703884568026,-0.01329129566690941,0.6732910138847142
31.02,-0.0071442784508550525,-0.2909887512807866,0.7281024876498876
31.03,0.04024825139401296,-0.4449135403862107,0.8518242058668939
31.04,0.0797467084576257,-0.48920147080744353,0.9489916342114578
31.05,0.06816878871387491,-0.48648762330738204,0.9445937870337471
31.06,-0.05158527950189318,-0.363997665752902,0.8197198050878933
31.07,-0.2574204435252541,-0.1117250804544693,0.6797650157642964
31.08,-0.45660984552696604,0.1667179116354873,0.5584378131636224
31.09,-0.6173814792081538,0.36402653193356926,0.3780430314067415
31.1,-0.729473408482388,0.4275892658992115,0.17439308097287431
31.11,-0.7256263302417737,0.4111379773202733,0.009526845718531697
31.12,-0.6326637618630349,0.42061671247332033,-0.1170784510175768
31.13,-0.5130862100498377,0.497717358403989,-0.17293441868103993
31.14,-0.37008471580198066,0.530463543246316,-0.16737896710754716
31.15,-0.17774048612865034,0.4227524962940548,-0.15136205217857515
31.16,0.0350981544584684,0.17752355699872843,-0.19886639940513587
31.17,0.1969707212208094,-0.018726121558884323,-0.26594594662136173
31.18,0.30568137941429385,-0.1646929200119849,-0.28195974017214054
31.19,0.3621994596101149,-0.319751088587182,-0.20786539419156064
31.2,0.37110913378768834,-0.4887321915127886,-0.07178072273378613
31.21,0.3708789959006429,-0.609350729987601,0.09443380835528911
31.22,0.39371122936361497,-0.6498746125276559,0.36629634417164103
31.23,0.42673362649739505,-0.7562128534404691,0.7782032387245327
31.24,0.4051073367142877,-0.8481894970114348,1.118836122812236
31.25,0.25336072288063277,-0.7731464235441501,1.248252149248333
31.26,0.03315977605510679,-0.5675053315556347,1.3209286178927917
31.27,-0.14979929492574512,-0.39452223013107,1.4050859864932994
31.28,-0.27614150877421473,-0.3002966282315075,1.5040175783199747
31.29,-0.3178354264596508,-0.1958356187002808,1.5854198115776297
31.3,-0.28394249098649693,-0.09432540536613472,1.5834181036160029
31.31,-0.22772141112397293,-0.09844154870116789,1.5414315153784979
31.32,-0.13913283562991127,-0.18872937419215724,1.456825723104377
31.33,-0.10968369329373091,-0.24689964146654844,1.2081475724993234
31.34,-0.08033609999204364,-0.18039731906462902,0.7017704006718146
31.35,0.12367446113806405,-0.12676098145321033,-0.007165368601379571
31.36,0.27306961221614745,-0.2517490360154632,-0.5871474281210435
31.37,0.26924438161953174,-0.3964724443651484,-0.8626890138871666
31.38,0.17844169074451394,-0.3987876726813524,-1.034753296365196
31.39,0.09005890488459734,-0.26005198416802205,-1.2871227528990623
31.4,0.10740126839182029,-0.05465246412605006,-1.5521906229692868
31.41,0.1622107401936239,0.1466369195687104,-1.6803268197331185
31.42,0.16605590896739147,0.2819496644118077,-1.671101556797172
31.43,0.12308409698575404,0.2998152021014426,-1.5844987086325428
31.44,0.08678227325553572,0.21938670260254314,-1.4266948992738295
31.45,0.0717473723901169,0.10497665108071619,-1.17012801432224
31.46,0.05021800385829965,0.018100089109716826,-0.8612592681389879
31.47,-0.0064881198728077814,-0.06404370789925089,-0.5356424968939854
31.48,-0.09167883851683373,-0.11862797161854297,-0.2653888789038894
31.49,-0.2066726114817488,-0.04582939288963745,-0.2063193601626958
31.5,-0.3382504066933733,0.17534305543796444,-0.35319115205186297
31.51,-0.45575125586744636,0.39757460632042413,-0.49107154904910655
31.52,-0.5078060970026529,0.3688645673379396,-0.47146805627744887
31.53,-0.49813870496992574,0.19893802385683457,-0.6370085698150724
31.54,-0.4717414561930659,-0.058545319039932875,-0.9616201142858943
31.55,-0.3853130171011836,-0.26229137671883407,-1.195680789215935
31.56,-0.22197951009825095,-0.2046598997525161,-1.2905175652757184
31.57,-0.06586150871408107,-0.011181253647193,-1.192525662853708
31.58,0.030814473581492096,0.18048853321673616,-1.0757162549458235
31.59,0.048888271163708405,0.275183512499594,-1.075908086381123
31.6,0.010970030898582025,0.29997576061410647,-1.1805518053115633
31.61,-0.04246173930515205,0.32735903720102394,-1.3094220713062856
31.62,-0.09245744914706122,0.3942723828419698,-1.3596386631940902
31.63,-0.10132223726894916,0.4334878559744618,-1.3065986139558703
31.64,-0.07212534325223122,0.37932620477887635,-1.2198769877132547
31.65,-0.052596017929889514,0.267121888593465,-1.1914700714094213
31.66,-0.045132695025656804,0.1684181716951602,-1.2265072993958053
31.67,-0.04057957369556977,0.09129513579917459,-1.2755843204269692
31.68,-0.05510287531529689,0.03093160455438048,-1.2745089754946326
31.69,-0.090787315576054,-0.0019495834896654626,-1.2114078830483177
31.7,-0.14444347164856175,-0.022413986292777098,-1.1060795225336642
31.71,-0.19730958486475508,-0.04478385135943937,-0.9766840899115384
31.72,-0.2338071914343515,-0.03883256157255316,-0.833040066561736
31.73,-0.1731700248003023,0.08300199894200012,-0.6827928760851241
31.74,-0.048691409162817535,0.26284854700491883,-0.518111485449536
31.75,0.04391402130522372,0.3490179550554887,-0.3171574329753854
31.76,0.06087842708759461,0.3037747387393941,-0.1269717284988928
31.77,0.03536235119276633,0.22088972879333107,-0.03169417571004514
31.78,-0.005255308089894347,0.20411777026550482,-0.05774672997776289
31.79,-0.011443037799674243,0.27990167301067553,-0.14635577943639183
31.8,0.008451177473242436,0.3936408127440703,-0.24507925094129007
31.81,0.06387526926823768,0.4861878521085022,-0.3204666276869497
31.82,0.12755420275396095,0.4930824407209631,-0.36067933064307933
31.83,0.11475618454240984,0.4053700320565127,-0.3580112077681699
31.84,0.03168499080186538,0.2923185922465149,-0.3329267877450938
31.85,-0.03578567007665935,0.23360550840348668,-0.2797980562952442
31.86,-0.054677642879140564,0.21561256631882686,-0.14030414677770994
31.87,0.030426926112382565,0.20455036189795506,0.09313523421872427
31.88,0.21260089831074175,0.1623433066340103,0.3608922250614312
31.89,0.38394708862275073,0.18382536512660397,0.5983879318377396
31.9,0.46480625254016866,0.2746410495578891,0.7547221650415757
31.91,0.44523129567553527,0.3780147188132424,0.8037496291948586
31.92,0.3954213407214961,0.40452253708578795,0.7623817903919237
31.93,0.4232331598066097,0.37472279124015895,0.6753770310339229
31.94,0.48794277975109146,0.2563672385977003,0.6019463952190479
31.95,0.5018434783351302,0.09860015233147713,0.6055858348210046
31.96,0.48163111618150006,0.01202153549757639,0.6915933399955704
31.97,0.5012530516703882,0.043569775276473176,0.8379740111076239
31.98,0.5086744344226282,0.12653350854319903,0.9940442093919507
31.99,0.49219163421296525,0.20233093174380523,1.1183058027948678
32.0,0.49948937412777505,0.28444441643922536,1.1820746761812035
32.01,0.5382159105442563,0.34933884744952315,1.2056710611020331
32.02,0.531231310308764,0.34262200581749014,1.1857537047184428
32.03,0.542332600820679,0.3061060740688129,1.1227801082777953
32.04,0.5789359650366681,0.2901081744365898,1.0077096636095588
32.05,0.6225342934211513,0.22064124482147557,0.8947177331039498
32.06,0.6113715097358687,0.14961923357379284,0.7829203621778281
32.07,0.5168448386886845,0.1290197038921714,0.7069253671675528
32.08,0.4065562080466979,0.16798056305107076,0.625750043487902
32.09,0.3108397609938963,0.1798380427629773,0.6132006382146762
32.1,0.21157618061054895,0.14782355678440762,0.6805771985981725
32.11,0.19244860673258965,0.07861933102688895,0.7826726847220453
32.12,0.30106912108548844,-0.0043243428695801675,0.9109427905473695
32.13,0.4519674111810556,-0.2431082978891404,0.9966025045673392
32.14,0.5003913299599739,-0.507967024758072,0.9609889553039259
32.15,0.40843602007322144,-0.6209590585388365,0.8029925093337471
32.16,0.20852816516154477,-0.48580952712424275,0.567843136867175
32.17,-0.04137787658490218,-0.18123291761065424,0.32428838749586425
32.18,-0.31158461689520606,0.1633365745244871,0.12037830526427301
32.19,-0.5252711234130282,0.3290032966608931,0.0289359667161989
32.2,-0.6470951529961808,0.2265134686862083,0.05672284112534618
32.21,-0.5886120690385689,-0.0010956164310041505,0.12451289087119848
32.22,-0.3732712105782178,-0.21621568696967067,0.2103736151013153
32.23,-0.10414454732975215,-0.34757311404915636,0.40703548421715224
32.24,0.0925270384186235,-0.21285846700784697,0.6532440325813612
32.25,0.16430492918429696,-0.015523109749617103,0.6375806714722881
32.26,0.2397702703660987,0.34067747588295305,0.5253043791557974
32.27,0.2985543767695766,0.590579599928951,0.5333232965677577
32.28,0.27612171483028597,0.6130073135396304,0.561883188569564
32.29,0.14626361617082073,0.4793681485185912,0.2503290753588813
32.3,0.01907687830021806,0.23792668833227906,-0.09256874403488163
32.31,-0.04023046863169927,-0.06523118569660574,-0.11162594423672365
32.32,-0.044469533533383496,-0.23753752538505254,0.15875074057867916
32.33,-0.0432407015904878,-0.36014477273226236,0.41701991974347796
32.34,-0.0377221657293765,-0.44233278399424925,0.5473261896708669
32.35,-0.028660220354340626,-0.44364530744851066,0.7721525362736829
32.36,-0.0273109994075012,-0.4364323327903904,1.1370445555327557
32.37,-0.06776614985464285,-0.44695063803316926,1.4479834556144573
32.38,-0.16508762623316234,-0.39518107425481186,1.4761934091246598
32.39,-0.2395189849481524,-0.35672822030677187,1.4563312417196124
32.4,-0.32285145016276434,-0.21248310238724336,1.4080396879036887
32.41,-0.4603147381413407,-0.11035145805372035,1.2019733261946686
32.42,-0.5634426789207703,-0.19413323684513178,0.8921173898380674
32.43,-0.7421196077511028,-0.2750622865035237,0.6911129084696588
32.44,-0.8238855994414803,-0.3042373797464286,0.59735566215213
32.45,-0.7867559926950524,-0.35413340189678716,0.5052390862515326
32.46,-0.6519556172474539,-0.31450006299424366,0.3496663722374715
32.47,-0.5087903819597496,-0.10221859614779331,0.041308594198658816
32.48,-0.3763964441556365,-0.07717482152938969,-0.13671727993232505
32.49,-0.08926133257847267,-0.11560361262813133,-0.49663887366019105
32.5,0.2294673876495877,-0.03626819468758903,-1.1416723442355754
32.51,0.4087679844441929,-0.021689199761558968,-1.5087497267293308
32.52,0.45538644185458677,-0.22768662337834536,-1.701139557239881
32.53,0.3536142188848927,-0.1654037247258136,-1.8285754227844835
32.54,0.23713726671200963,-0.0647826576325707,-1.9695132896353273
32.55,0.15666959417329201,-0.01304893152052015,-2.067450961804671
32.56,0.08161998928708919,0.020704957039948114,-2.0741209053473963
32.57,0.055210617466999165,0.05498460210341774,-2.0682253980987997
32.58,0.021729011482438373,0.09521378175943433,-1.998524335220241
32.59,-0.012624561838876872,-0.0044935093531820675,-1.8660741495625872
32.6,-0.038556218176279085,-0.2182761404889955,-1.6802120069802766
32.61,-0.02839510227113217,-0.36305952172209927,-1.3164838747212888
32.62,0.0025522645193197576,-0.34544675489788246,-1.0132610221938274
32.63,0.0022375711575021904,-0.20288935253848658,-0.9917410956995909
32.64,0.051829324758220545,0.12297704716345417,-1.1225914058111253
32.65,0.0592868920606606,0.4443352767200933,-1.3712278966973144
32.66,-0.04368731442685879,0.5966402569369168,-1.7433110376080585
32.67,-0.24202248430129603,0.6012043986095021,-2.0072342100600324
32.68,-0.38658757709747077,0.5543745479117969,-2.0039690987326426
32.69,-0.4290201599210071,0.4295421962081809,-1.6646042546154458
32.7,-0.44272756459791124,0.2693114925570239,-1.2100712087728382
32.71,-0.4360115077946227,0.20202701174899856,-0.9322434103343286
32.72,-0.35360124580978164,0.17532766528554197,-0.7956705506932559
32.73,-0.2186707481558951,0.11679928465211632,-0.7383266953181093
32.74,-0.11357001949506923,-0.0063763145129269155,-0.7628464046098953
32.75,-0.05878461236359444,-0.11455209076348388,-0.8373963138983712
32.76,-0.10729020220658952,-0.17137581170154256,-0.9128717753092624
32.77,-0.2742608227992697,-0.21455130571214984,-0.9446269829835989
32.78,-0.46979822961144274,-0.14666403492643734,-0.8941342918065552
32.79,-0.6362978277711541,-0.024367929581982885,-0.6692243767417334
32.8,-0.763483923814918,0.0773932708799995,-0.2632871940350368
32.81,-0.7647529721260055,0.14994901383884585,0.256009633741554
32.82,-0.5883975645415748,0.17368509800733134,0.7635294609131749
32.83,-0.22007867746289494,-0.011246810545086364,0.9786176879693192
32.84,0.22068445760920688,-0.29677518042248996,0.819154682239101
32.85,0.4886894667200858,-0.3520737204858193,0.44329462315059476
32.86,0.5163623692519667,-0.1228492224640741,-0.002395525977544387
32.87,0.3928939483369158,0.19381468746026137,-0.41242475521542016
32.88,0.23993821817271857,0.49167971752547884,-0.7461740946146362
32.89,0.12928154260926847,0.5743805655674213,-0.9138282571776619
32.9,0.12451356551578158,0.46223982329108826,-0.9575150705996099
32.91,0.18596394393457394,0.33686302661967715,-0.9350289424086418
32.92,0.1744460072251394,0.3019837639025927,-0.8219070261865329
32.93,0.08188357145586445,0.344969264835019,-0.6488594930056327
32.94,0.06236791721551907,0.4902136864583909,-0.4358010441499832
32.95,0.02615323207961398,0.6483678428923617,-0.11748531408022965
32.96,-0.06228849270777997,0.6654193335755489,0.269203810804431
32.97,-0.02679122255467168,0.6806403448229056,0.5913281648022095
32.98,0.12833511966564043,0.7210713646622848,0.8382632248067418
32.99,0.2793733628609364,0.7291479598066497,1.001673868556491
33.0,0.32973769858240043,0.7202147929412401,1.0659037808518852
33.01,0.3413802471249347,0.7452526358212269,1.0553160542003153
33.02,0.3739422553864136,0.6732622334635842,1.031163431837828
33.03,0.36852506411843683,0.480976945288607,0.9495098348588663
33.04,0.32040988115071717,0.28299908065717577,0.8329990402924526
33.05,0.2911744613424578,0.0998536905177098,0.7477403924142018
33.06,0.28468711915532185,-0.1037951547896832,0.772973019725822
33.07,0.297668385140637,-0.33675801434275937,0.8589648917462396
33.08,0.334452850532739,-0.5516706839108271,0.9793385108992775
33.09,0.3763410896273459,-0.6815173593054001,1.1183985978985276
33.1,0.3653888360601192,-0.6987220323781907,1.2827977799325812
33.11,0.3026482567677777,-0.5003629939851642,1.454042919762268
33.12,0.24933349607778663,-0.23223388842996887,1.5546862943677326
33.13,0.15209520558347056,-0.0570585167176092,1.564380434520133
33.14,0.003376242549536332,0.0007381726186492523,1.4661389974103562
33.15,-0.0920353274488662,-0.003615182446350281,1.3154036029122114
33.16,-0.08766519760430347,-0.09753662716928023,1.199534973279337
33.17,-0.008348895672068358,-0.28466614863222595,1.1110505899253666
33.18,0.12435830436657146,-0.5771383653622175,0.9928174332837169
33.19,0.21734231182464336,-0.9217439422834381,0.8401376835612075
33.2,0.23937764561846106,-1.0959320814059688,0.69581427377554
33.21,0.23105754148958418,-1.0224074339027183,0.6114378989760716
33.22,0.19544470673315045,-0.7986640889341419,0.6089378015082729
33.23,0.14007664090690328,-0.7432736994501006,0.705256655211071
33.24,0.09586327447879363,-0.9141699160040544,0.7961031762494065
33.25,0.043350695154410805,-1.0328200384951094,0.7421819853861974
33.26,-0.037126122254033195,-0.894949158601352,0.6337533971921827
33.27,-0.13935298837417337,-0.5337388300176765,0.5467797298827379
33.28,-0.2449227619572803,-0.11107524350185934,0.5442799208135168
33.29,-0.37836402799383706,0.0503584572411067,0.5137346838889548
33.3,-0.4633423412501693,0.22524754670717417,0.5648000529697395
33.31,-0.43064887559180004,0.32001051519911283,0.671687675359222
33.32,-0.33043003401558674,0.2994013133674153,0.7544764006313139
33.33,-0.20162823984355469,0.3361640149143851,0.7251133305847526
33.34,-0.017693723202452244,0.47413377747053337,0.7050107982297851
33.35,0.16565560956440037,0.533320954489676,0.6549021245954533
33.36,0.23212817937406233,0.4433949442316092,0.5980037739770957
33.37,0.21892692254419685,0.2551898561373073,0.4946225898575037
33.38,0.1193559101672713,0.14520140352361097,0.6067188467198942
33.39,0.0455427237026141,0.0028605638672311484,0.8159047323944641
33.4,0.03737691289881637,-0.18148899932336374,0.9254253983483173
33.41,0.016999371379001683,-0.22814431541508065,0.9099804625655545
33.42,-0.039371267958835617,-0.21230780761489465,0.8481959928276349
33.43,-0.08629491824040295,-0.21216988793349756,0.8193199442884809
33.44,-0.08619764032996867,-0.2001723302776378,0.9114089241883374
33.45,-0.09375962571161119,-0.1294726755443151,1.145491016397333
33.46,-0.04354070322084112,-0.058859324902087715,1.3315833815955294
33.47,0.03897238002676917,-0.024191322574388826,1.275137966446434
33.48,0.03494884872679223,-0.03053305043771403,0.95977401945141
33.49,-0.048437476254751054,-0.030246206998314117,0.5521573019988447
33.5,-0.1260403568595229,-0.04567971330236782,0.2281453213627343
33.51,-0.19031861132188185,-0.12837385880741503,-0.027930383883314213
33.52,-0.2549266801000888,-0.19223527384185582,-0.26579285274326164
33.53,-0.3248835319312793,-0.20477819350112958,-0.501009460188066
33.54,-0.3778139462417191,-0.17069947766380666,-0.6966873250909065
33.55,-0.41007091347777247,-0.19081094181819666,-0.844211662711398
33.56,-0.36731203407263235,-0.22750145558024737,-0.9603786244880214
33.57,-0.29208433596173333,-0.1684296932557929,-1.058708546300792
33.58,-0.2082338774755777,-0.05410151153373903,-1.145834161742138
33.59,-0.1574039005441651,0.007064549466261135,-1.2418965059701843
33.6,-0.15793833972764781,0.023050217638816366,-1.3431183315542223
33.61,-0.16374777097876525,0.06078222761642413,-1.4354672208749317
33.62,-0.16253711571222387,0.13681945746062138,-1.519417765538214
33.63,-0.16851052999932134,0.276924147875742,-1.6733416098226888
33.64,-0.19367681856729174,0.535508771932334,-1.9109414393991024
33.65,-0.24233333036160826,0.7428657505541856,-2.072007683016406
33.66,-0.3184499937153259,0.8381024714606674,-2.054543778347415
33.67,-0.398247919584461,0.7985887140310739,-1.934714160966108
33.68,-0.42819443522600376,0.5474045987835672,-1.7046495872338656
33.69,-0.42617086686990896,0.14009680713289077,-1.543607315092844
33.7,-0.41540074610361155,-0.2911450230856733,-1.4697981234536137
33.71,-0.35910922671873985,-0.6183690489252842,-1.382396864104907
33.72,-0.19197638862308075,-0.7730552061311734,-1.1345594542595276
33.73,0.05278660171215519,-0.9059342958099782,-0.6118439420840599
33.74,0.11702777719224616,-1.0128198657771283,-0.2538414686978878
33.75,0.04937967777545373,-0.7440745704872286,-0.2454602088668804
33.76,0.0814625823369571,0.0025285149759274542,-0.5180818243643126
33.77,0.07711087327347958,0.6328219404579685,-0.8958378785183478
33.78,-0.07501178939439315,0.7583148718413574,-1.1880518651728098
33.79,-0.2575779954183151,0.5126479582179442,-1.2121480956071515
33.8,-0.37552029098036743,0.20497336116514997,-0.9826790281383594
33.81,-0.4539813042078891,0.013882099970452682,-0.6859917058867044
33.82,-0.4971913734449259,0.025488465534332733,-0.47546721558666194
33.83,-0.49357089164187457,0.17489046556217097,-0.4558932867031965
33.84,-0.4630509993144269,0.2752521496519488,-0.6714928239173654
33.85,-0.3987568319191635,0.1932765112305551,-1.0206001777545717
33.86,-0.25676030230506497,-0.05121548020617437,-1.2881553111572437
33.87,-0.06621185827751681,-0.35773087658681946,-1.3484577988168476
33.88,0.1266118868036855,-0.4925316577468429,-1.249872333823705
33.89,0.2776236870689641,-0.3659261583758905,-1.036638341019515
33.9,0.3275596065465544,-0.14308315324278179,-0.7337473799456936
33.91,0.20998916249398167,0.028396480368046782,-0.4284364216010756
33.92,-0.021835692535884802,0.19085045142010978,-0.16913508032894847
33.93,-0.16869648225279277,0.3533701455467523,0.13226850954066824
33.94,-0.1804746672104677,0.46025741301898426,0.501584645763411
33.95,-0.05990258020056216,0.46823662362098745,0.854357219465631
33.96,0.1558817326758774,0.39842351913332597,1.134767040151716
33.97,0.31600800200101337,0.32532183936767056,1.2944103015252364
33.98,0.36101915122609984,0.327833433249337,1.225242615993383
33.99,0.38014369289573174,0.4456729729346558,0.9344101310447364
34.0,0.42845165605308283,0.6131501084505677,0.5877258338330983
34.01,0.4464086410541062,0.6510058716889581,0.31924639249266895
34.02,0.40046495198910875,0.5221492941854454,0.1268985284602647
34.03,0.31991120136511164,0.37128381955749107,-0.03223051219767689
34.04,0.21408409923025054,0.3078943478633308,-0.16123757903448221
34.05,0.07589891855958256,0.297862370925425,-0.25411055203063365
34.06,-0.04928935345055632,0.2164873847619527,-0.30654791035797774
34.07,-0.09715755779583231,0.03554374521014375,-0.2656523648951305
34.08,-0.08031036010025308,-0.1557657362580679,-0.1127174926083124
34.09,-0.02521318420877553,-0.279923703401889,0.12576181860758648
34.1,0.0425927658819387,-0.3549017742018652,0.4410616692501568
34.11,0.07391866045669375,-0.4382809265538468,0.8523234815568457
34.12,0.06086772442750395,-0.5698622249617185,1.3435576383759509
34.13,0.13070718448915958,-0.521740451099692,1.6362811397056378
34.14,0.3049137547111479,-0.16231889818865053,1.6594322907315098
34.15,0.46534595118349636,0.18575604223638342,1.575897581630539
34.16,0.570052003503698,0.30067805335686976,1.4379961911257515
34.17,0.615008563948267,0.20480934497779207,1.3037853133848996
34.18,0.5771985719824944,0.01865248214449929,1.1783632822413497
34.19,0.4635680195603463,-0.09855591744921337,1.043534626333756
34.2,0.3517314700314185,-0.12965228467672588,0.907914441925411
34.21,0.2615231099415855,-0.1650672885541289,0.8041047370595366
34.22,0.13153568977730098,-0.19584255644294754,0.7441127495231995
34.23,-0.00874466077834606,-0.15784413589647767,0.7735445643554987
34.24,-0.05643995046799029,-0.09501114764957402,0.9478642507483782
34.25,-0.025993132099690355,-0.1539162694226271,1.1705860692963999
34.26,0.016213006600991675,-0.3944355069800934,1.3166690691486278
34.27,0.04101736354265059,-0.6297356178124663,1.3096746044519691
34.28,0.018670474818597693,-0.7279518447968023,1.0990940832294855
34.29,-0.06559557715602951,-0.7741371413507206,0.797899797884987
34.3,-0.19866726123183534,-0.8162971439145508,0.5672997159503725
34.31,-0.32147582886311643,-0.764096190616609,0.43019575673010013
34.32,-0.3658773555804498,-0.5599386182259329,0.38445896921005485
34.33,-0.31843051982041387,-0.2783903015587819,0.40771138577855986
34.34,-0.2231134949071779,-0.0020254131695638397,0.42155538590727787
34.35,-0.10662387094022467,0.17501318306709138,0.41980684535945306
34.36,-0.00793969159702272,0.18832186350179123,0.42812904991016754
34.37,0.00794711687367484,0.1068784941207912,0.4134606498786689
34.38,-0.03443795753358962,0.11811235547353004,0.40018154591757304
34.39,-0.04368342898281818,0.25659191381220536,0.39801517966019156
34.4,-0.009664077072833717,0.316727007769038,0.37156188003278234
34.41,0.024988285893074974,0.24298846310197278,0.3184222884958757
34.42,0.02122604029310167,0.16640502106530722,0.26105581260981026
34.43,0.000753666324219165,0.16740533578303515,0.23128453632738663
34.44,-0.004852060419918893,0.1968443473568336,0.22789651759161356
34.45,-0.016497408208172762,0.19479802435148996,0.23787330790485048
34.46,-0.03900309646402686,0.13914086610759308,0.26727702462180764
34.47,-0.06638929109645636,0.054772812299049546,0.3255813534897864
34.48,-0.07207845982121555,-0.011581083074708782,0.39281199599298067
34.49,-0.030289589681977473,-0.05503469129656226,0.4159347950011033
34.5,0.03094513857032509,-0.0949154264001365,0.36898168966788464
34.51,0.08049884816301803,-0.13701655075970745,0.23721978407701594
34.52,0.11553385792458398,-0.19879268353636323,0.04485326625988984
34.53,0.1560572476650556,-0.2538415848931909,-0.16031531035216065
34.54,0.20555054823078456,-0.2876480615286354,-0.3222453188161181
34.55,0.2589465137589267,-0.32085091133792615,-0.42452203521985316
34.56,0.3155839621612112,-0.3223841008989014,-0.4902062027810653
34.57,0.3659277256830172,-0.3133466841023095,-0.5246702552729341
34.58,0.40327275293200204,-0.3316877298310916,-0.5349373553736516
34.59,0.44998489316871076,-0.37603695703903917,-0.5369712645696954
34.6,0.45422692192730163,-0.4025472696332059,-0.5346369977414996
34.61,0.37648222065327547,-0.34979177036882597,-0.5153090288484802
34.62,0.2775170575034927,-0.27282920163159097,-0.4724461469761045
34.63,0.22449307281822203,-0.22411251127936346,-0.39877256809792344
34.64,0.19093140777295095,-0.19431804408128833,-0.30859165183425946
34.65,0.14359823985500347,-0.16149548290382634,-0.20047465220594454
34.66,0.11989031454935813,-0.11007064382774141,-0.09918403303745779
34.67,0.14463055489164975,-0.07466290519203271,-0.0514644688771186
34.68,0.1627490991705594,-0.06664830914202076,-0.06225307097509604
34.69,0.174052282509779,-0.02262867341686074,-0.11478658262220111
34.7,0.18635841261295966,0.07084270980242569,-0.2160883969112843
34.71,0.15921742111742873,0.1390770896535038,-0.3250967695600511
34.72,0.11409687212330787,0.155172930097712,-0.380520093601985
34.73,0.1298131680298097,0.15379101061656011,-0.35157026069793024
34.74,0.15472399826287261,0.1002745304096019,-0.2678252445768783
34.75,0.1238966015735942,0.05529767834195747,-0.1741458743058016
34.76,0.021094190944537686,0.13303597107418955,-0.09777099366489693
34.77,-0.057792595234214594,0.23854240494855855,-0.05934502900582899
34.78,-0.0889984584347783,0.2548012132503538,-0.02129200362342669
34.79,-0.1470280808351945,0.2055800698950943,0.033150487588933145
34.8,-0.17167643837350519,0.13683458824693565,0.09695494090000029
34.81,-0.1644647367577743,0.15375816637587658,0.12803651283692796
34.82,-0.15584390812206478,0.2469428204269203,0.1248222362413028
34.83,-0.1384523141959142,0.33332314495118187,0.08045605331391718
34.84,-0.13638868471642432,0.38388821383173194,-0.005608446739188453
34.85,-0.15898716667639992,0.3811995270584238,-0.12627638403673724
34.86,-0.13713015028907918,0.3286177311528599,-0.2464146969981683
34.87,-0.10027545418562799,0.24138149445182192,-0.3293194524932988
34.88,-0.07184066855499961,0.1826001946148052,-0.3337965678242012
34.89,-0.028236514235107098,0.15332296803456166,-0.26164338647102314
34.9,0.016108695830103374,0.1177245618049592,-0.16209411762762374
34.91,0.003217826615444055,0.10428463555454806,-0.07789941967804336
34.92,-0.06709320085982676,0.1459563773957723,-0.003685758650063254
34.93,-0.158402033224763,0.2048379758132088,0.05803081636133848
34.94,-0.2592849416062616,0.21704616216498646,0.10196835880976626
34.95,-0.3754250302669562,0.2184916099401091,0.13410520659713085
34.96,-0.47403098994009274,0.22231621756534772,0.14696236107055144
34.97,-0.5012691967687236,0.21417631389273625,0.16175890583460933
34.98,-0.4853379248792454,0.19284169913512383,0.19167601217950272
34.99,-0.5003849255340924,0.15263861094399073,0.20468303143926986
35.0,-0.4727106438305096,0.1138097497282371,0.18271493185282436
35.01,-0.40094804308131016,0.08543323633009639,0.10922054200821253
35.02,-0.30675310626605035,0.07480080915489452,0.019567881292457574
35.03,-0.27052853780173747,0.0940048600834341,-0.10696316107193787
35.04,-0.21639793845060082,0.09622766068707957,-0.2476083599839716
35.05,-0.15490155552735319,0.07366520980804774,-0.36909984779579796
35.06,-0.11660500605447434,0.040567484045541176,-0.43266464264724147
35.07,-0.12171299257232437,0.030798727202767245,-0.4312368472612322
35.08,-0.16287880829259024,0.021337238025225597,-0.38086543683484947
35.09,-0.1855942360601397,-0.025538825445253478,-0.2839610860479556
35.1,-0.1963015443704712,-0.07887827457976264,-0.1814153832657587
35.11,-0.14979201712476253,-0.13903846021572155,-0.06609828539397604
35.12,-0.19419925700715482,-0.16066278296520406,0.04579174126439382
35.13,-0.31740052686706616,-0.16605429854851905,0.12058648572787518
35.14,-0.3921390141095733,-0.16633864401124973,0.14580437398285195
35.15,-0.4088044182459857,-0.1237659061543753,0.1805715201014076
35.16,-0.44487926547042184,-0.08103428883131426,0.1950499975328772
35.17,-0.3749504625472129,-0.09713462157712591,0.15084566820771972
35.18,-0.2793966083253571,-0.1134038096136788,0.03249656266819101
35.19,-0.22886376593477448,-0.08322076436882007,-0.13040013622769717
35.2,-0.21183184797843388,-0.07247973915593746,-0.33041242650338387
35.21,-0.18438229843762902,-0.13580516020243066,-0.5031511617221353
35.22,-0.17938016387522843,-0.1773462682614396,-0.6321148808913385
35.23,-0.17465730653575848,-0.1996287285741942,-0.7117840403848318
35.24,-0.1711494393771618,-0.24790353317856711,-0.7516125350550267
35.25,-0.16334318861364613,-0.3081064448398771,-0.7372603802031131
35.26,-0.12148959533329198,-0.3540134012314709,-0.654264894886794
35.27,-0.06912599519439452,-0.39467691120441156,-0.5060341027878851
35.28,-0.08923449286502831,-0.42820441167112944,-0.34605132506226377
35.29,-0.145569716999908,-0.45706386938154653,-0.17318344710577005
35.3,-0.19877727385202013,-0.4386079458859782,0.0015361174505782345
35.31,-0.23198692650767577,-0.38196938386485346,0.15245281942083658
35.32,-0.26106579304134103,-0.28864485846174986,0.2390024906323865
35.33,-0.2873605660594398,-0.22660571664543586,0.26248404838029216
35.34,-0.2703555532201801,-0.22376420131787034,0.22566369695162403
35.35,-0.20535321478271662,-0.290270425082872,0.14979535764199772
35.36,-0.1410788792133641,-0.3455011123401194,0.0649995955259624
35.37,-0.162180226636643,-0.2988514873755045,-0.021603845639609782
35.38,-0.20938392783549906,-0.22130878172967577,-0.04416032693891586
35.39,-0.10537847370116858,-0.2549835451886795,0.003961286204284705
35.4,0.04175573944473458,-0.3756320896071987,-0.010078131124175596
35.41,0.1544790226666397,-0.3648263804465501,-0.0353689520187076
35.42,0.2190715579888082,-0.26854430546432323,-0.027614984709145383
35.43,0.25182922419157255,-0.18004234000964636,-0.01545379769609086
35.44,0.2525258724502847,-0.1793429792157296,-0.1050149214254453
35.45,0.24746090076369034,-0.2565791566019017,-0.1716556993050576
35.46,0.21235376594927655,-0.2805528906611333,-0.1652121457312498
35.47,0.13930543643530674,-0.2666308423314717,-0.12717706368985313
35.48,0.06773373470832501,-0.244902667598663,-0.08710634703491181
35.49,0.048101065812889775,-0.2197904375719632,-0.06157510473915453
35.5,0.11217282253455671,-0.20450242217130923,0.015806571076617152
35.51,0.1661509288533167,-0.17750848980222478,0.10818420139919697
35.52,0.22373424699171002,-0.19021269082284806,0.15446672634687114
35.53,0.2706287694584044,-0.21425145512723023,0.1491755828909718
35.54,0.3014781197538227,-0.20440091052104994,0.10131815465001444
35.55,0.3252001848374616,-0.2259113435276752,0.06973531746334782
35.56,0.2939707945907127,-0.253068897972143,0.07897385615175816
35.57,0.25254336311115216,-0.259354302469706,0.08583662159665893
35.58,0.21763172614603693,-0.24763932615881243,0.04509925106145962
35.59,0.2912476450857565,-0.28061881026212104,0.02478850623117816
35.6,0.31662880107539015,-0.2750132504232178,0.04792886297299055
35.61,0.2799499419080094,-0.25191272984207397,0.06478734215080557
35.62,0.22367086346478374,-0.23684830514826213,0.05320439930063752
35.63,0.229136940637921,-0.216029692527525,0.07148201730419844
35.64,0.2399472906997051,-0.2203766604131424,0.1411204827833953
35.65,0.17830863276529774,-0.1801095306601447,0.2226799080673692
35.66,0.14378707298166432,-0.0929898821995004,0.3124988157552834
35.67,0.20944657978134276,-0.05168835895080491,0.4099046629167478
35.68,0.2394747099214121,-0.030507833130204984,0.5096725002150684
35.69,0.22309008441634182,-0.010406598729623854,0.5840416825172613
35.7,0.2272512221556859,0.02095145406624311,0.5958609848812156
35.71,0.2871120020139266,0.020317691850063515,0.5438051850358425
35.72,0.301265086233511,0.07489354699384275,0.3668186931604502
35.73,0.3095440558482894,0.1782518422801038,0.10022970719564432
35.74,0.30885091794160685,0.2978176778272933,-0.1710019886109397
35.75,0.3144432204449269,0.3703210248240473,-0.2765602238799154
35.76,0.29022297287076965,0.3893466682896844,-0.32189238174780344
35.77,0.27844319737402223,0.42832367266438814,-0.39107000723079655
35.78,0.29780375097914136,0.5102311431289906,-0.45433859745920935
35.79,0.36865537067386234,0.5408619538683789,-0.34989625811868597
35.8,0.3979305752774128,0.4187233665902692,-0.23819786286919717
35.81,0.42005897090383537,0.2495478471910013,-0.19812701843659591
35.82,0.4994643090618101,0.07364826854658858,-0.1939655430992958
35.83,0.5975143902928319,-0.07793741805063523,-0.1662573295518077
35.84,0.6275029106831598,-0.12929111127205328,-0.11882507928387995
35.85,0.5740014786081453,-0.11062111025169569,-0.08223553650777586
35.86,0.4684029248161022,-0.10291943090602997,-0.06677251334680523
35.87,0.36272911738847,-0.10672392985702796,-0.05543650316958116
35.88,0.21468021673577595,-0.10788633117982765,-0.03624653842646449
35.89,0.04425038562844153,-0.09056834881413062,-0.0018393534476177878
35.9,-0.11125485245076688,-0.04680342643437367,0.0385395755880918
35.91,-0.22744794040282396,0.014983117240284576,0.07913515182685821
35.92,-0.38990718029430105,0.0847888200274247,0.08465907600744041
35.93,-0.5523359452228486,0.2301843270747013,0.039806378072612926
35.94,-0.6130114374913306,0.4929645690413283,-0.05101392060385307
35.95,-0.582452442811334,0.717694047432858,-0.1750564746344492
35.96,-0.44601281924435066,0.7503363072986753,-0.3139177189961591
35.97,-0.21528131292080271,0.44915570458512055,-0.2156000430326661
35.98,0.06691396530086073,-0.2678452570071309,0.1503802919800299
35.99,0.20088351194493972,-0.6475375248612185,0.1481735263184607
36.0,0.17647703621584412,-0.7008454336898511,0.15545282545120953
36.01,0.0420340662038132,-0.493343094190955,0.14424094493515457
36.02,-0.11635315168430273,-0.2155953976727288,0.10594049350892373
36.03,-0.2477156538796729,-0.061770635308262274,0.08006495555841135
36.04,-0.3168075436269555,-0.05339582686263154,0.06861410923459439
36.05,-0.34287832705354165,-0.06147679498886063,0.07537039364704078
36.06,-0.36307218945264025,-0.030319153334620038,0.1073895057532771
36.07,-0.35287651419784205,0.03272927588012368,0.1122338004732945
36.08,-0.293704663642218,0.08692529599732912,0.09084147104774848
36.09,-0.18461550258856332,0.012844720215561605,0.0819377840337186
36.1,-0.05079974567832146,-0.20619346102392028,0.10770252888928696
36.11,0.06572585870648337,-0.5153985466164324,0.20123363414623452
36.12,0.12130525894063784,-0.7224354757358822,0.23683667434997457
36.13,0.3038230930878065,-0.5882724940328159,0.10942636531094295
36.14,0.47206007632904423,-0.15570262056172757,-0.1334876138848807
36.15,0.36876402393436325,0.16980299684993727,-0.3504925654889366
36.16,0.12540545721992208,0.2754876710681193,-0.48890735420868253
36.17,-0.09966364267170062,0.3186542727275319,-0.6033412103638807
36.18,-0.24498674974473614,0.43253308882212255,-0.7432477715734996
36.19,-0.2887959992059007,0.5117584520404491,-0.9088068908844881
36.2,-0.2777566310596418,0.38409851258203764,-0.9745653610559898
36.21,-0.19907931512810906,0.01268258903221368,-0.8535668287837967
36.22,-0.01381256896729241,-0.31332385706459875,-0.6086875668876882
36.23,0.14275460084570232,-0.5044412048389916,-0.3574468923568608
36.24,0.24743785233246943,-0.5887250424780437,-0.14563111307871704
36.25,0.30581203272751556,-0.44113785599876515,-0.008600964854265163
36.26,0.30313390363017195,-0.06450607153667097,-0.04046618415485301
36.27,0.24330626298060062,0.31922655341780665,-0.24350562157679706
36.28,0.1423906099888229,0.4556989886893058,-0.4993493161244782
36.29,0.05405648698569548,0.3891105349184058,-0.6667144220761088
36.3,0.06178471685028062,0.3148083709716257,-0.7658648098366293
36.31,0.16507855392106177,0.2974987506728675,-0.8190207623637866
36.32,0.26979487271475266,0.208918774877948,-0.8240268920186612
36.33,0.28951031611877454,0.0653951306197478,-0.8093715688054098
36.34,0.2172288472112301,-0.056573115165296346,-0.7908965449089419
36.35,0.1015690286512007,-0.07946001067505534,-0.7434809592469664
36.36,-0.04730386335836757,-0.007418256142303113,-0.6666104135599923
36.37,-0.21865126145077576,0.1036208598173083,-0.5888992148951834
36.38,-0.3555298580545348,0.23374100636942424,-0.5213834121003597
36.39,-0.4137971523310304,0.4110751345937273,-0.4595634169612625
36.4,-0.38728332077499983,0.5387932205809232,-0.3996977440632207
36.41,-0.3403585154816378,0.5000635490266353,-0.3582466631600609
36.42,-0.309645875281071,0.36051940888592343,-0.373237908780715
36.43,-0.30326911623460534,0.26252232702580913,-0.4277245692615049
36.44,-0.2824394373301293,0.2683018868976092,-0.49786262371211265
36.45,-0.24916128966652495,0.30010625308119526,-0.5567686590490628
36.46,-0.24388296923208758,0.2783134295195207,-0.5698499226109521
36.47,-0.2548657517295018,0.20730818137830778,-0.5268053763822942
36.48,-0.2603898464934308,0.15312776712025672,-0.4396610118380669
36.49,-0.2332158985030557,0.1754998102620785,-0.36748824888368486
36.5,-0.19475468451509487,0.2667908422132159,-0.32288934666861313
36.51,-0.2150613583267956,0.33689049077033373,-0.28378161665568696
36.52,-0.2702426929797535,0.385658102727304,-0.2553496032844392
36.53,-0.269114992583753,0.43490852967666443,-0.24560955737411505
36.54,-0.19707059047348155,0.43412007474960573,-0.21469432329491164
36.55,-0.14530753883345202,0.33298731069430193,-0.128467242336056
36.56,-0.11144079355971634,0.17234787630189397,-0.024227481925321242
36.57,-0.055010191233699116,0.05472511896440611,0.009746097835877791
36.58,-0.017736757936951446,0.06835130333386828,-0.053376008191926276
36.59,-0.045203407803552094,0.18051433842208325,-0.1664038583962756
36.6,-0.12942985387393013,0.3097575407316674,-0.27244024340435913
36.61,-0.21343469338689197,0.43443232020159905,-0.3548101362880406
36.62,-0.24205875444515026,0.5273416996576644,-0.3956494955512587
36.63,-0.2215876034872604,0.5422356799014518,-0.4096602788196667
36.64,-0.19707672189512307,0.4787916194652592,-0.4512172672305055
36.65,-0.20079563617126378,0.40272590153987986,-0.524814909327504
36.66,-0.21793702885622493,0.37459495950461785,-0.5772861437882195
36.67,-0.22628095639518214,0.41261334950371736,-0.5814478979899246
36.68,-0.22051078638881602,0.45418812605746195,-0.5519192804631131
36.69,-0.24105132744332633,0.4565271641729128,-0.5319241286440887
36.7,-0.3128325959888045,0.4385708837765795,-0.49003617749160505
36.71,-0.3343910853139577,0.3457964365652202,-0.4163731450072732
36.72,-0.24790848671435575,0.12512278045058492,-0.3717314173990135
36.73,-0.14456709221632974,-0.16406433302957493,-0.33370449058014107
36.74,-0.07011393719740813,-0.4139207528326257,-0.2588300495440094
36.75,0.08683695850323349,-0.5520504487179014,-0.19222123489962267
36.76,0.33615408154460985,-0.5729883382400424,-0.1646158012216329
36.77,0.4313165663019554,-0.4770297774084316,-0.13461176378591144
36.78,0.34849949078600345,-0.3356224315316243,-0.025634627329040833
36.79,0.2703605747741359,-0.1971494488477673,0.09632802955184576
36.8,0.27968247769932625,-0.09130190843619974,0.19607126435938074
36.81,0.2315756562783006,-0.036558651766542286,0.31464482775130964
36.82,0.10742289883082927,0.011252667651393981,0.4691372566212025
36.83,0.03381186674942372,0.0769181181628462,0.6273620719602065
36.84,0.03531048453694094,0.11413233073896076,0.7266252519255485
36.85,0.05140481071703944,0.0951904235258676,0.7450743240464162
36.86,0.0006182914455716863,0.05863092999905558,0.7051341334920767
36.87,-0.12085256177669843,0.02665428563877122,0.6347628798314628
36.88,-0.23607553842486184,-0.00044341976162376624,0.5451563964354034
36.89,-0.29354945771596636,-0.016966262155979968,0.431995846392711
36.9,-0.29416277915010175,-0.014699929853490782,0.3142489486387712
36.91,-0.2910646059275259,-0.01698855903194594,0.20520246952191307
36.92,-0.2844400317893676,-0.035118462995428305,0.11742612620657136
36.93,-0.23937460667340163,-0.07093108422263808,0.05821028501453029
36.94,-0.20337673098225428,-0.15778440836657895,0.01593817814773855
36.95,-0.20082904948443095,-0.23907807231169317,-0.014269140124845692
36.96,-0.21708440160502243,-0.257158596786769,-0.023670773678611017
36.97,-0.20915107598926172,-0.21315557083878456,0.009987439672779961
36.98,-0.16557390998352556,-0.13901472998436276,0.0927965815649626
36.99,-0.1758687248988194,-0.1329196380708159,0.20277273374212332
37.0,-0.22703135243629857,-0.20174549799193556,0.32790776971263896
37.01,-0.24446842379778272,-0.31050399297025766,0.43854541684868115
37.02,-0.17068313606385824,-0.5635371078135443,0.49220034666596046
37.03,-0.2225822886607279,-0.9846708818770297,0.4320102095429783
37.04,-0.14826292418128803,-1.1907266912747092,0.22644263693103348
37.05,0.19210396511264194,-0.9035262519005594,-0.004103061463778061
37.06,0.05998776439049902,-0.20833329575014795,-0.09449356637184293
37.07,0.055391482882869346,0.4305000850518941,-0.060678450636147206
37.08,0.3661233425140785,0.7639124194781518,-0.06211535682282212
37.09,0.39814774275887105,0.8080336999977075,-0.1476088282040904
37.1,0.3208738835417719,0.6351803898613467,-0.28406645232518307
37.11,0.290235023159433,0.4497619269189973,-0.45227944342094645
37.12,0.3085915177842958,0.33818011966065764,-0.6165947831764533
37.13,0.2715340138986688,0.2517900493998256,-0.7221582473490863
37.14,0.10974393363597744,0.1458029789469157,-0.6992791214967318
37.15,-0.08109340344253384,0.0570162488918131,-0.5308982293130414
37.16,-0.17429822494852493,0.05378466273452576,-0.3182502717132221
37.17,-0.14996754863344347,0.11762113150239122,-0.15918772097699468
37.18,-0.047101254721959286,0.2111245916780808,-0.059031149894985015
37.19,0.08761683919685347,0.292919478276398,0.014362423890035081
37.2,0.19685177225485856,0.31496162443917874,0.07970563334407679
37.21,0.2305484780398608,0.2854923572720458,0.13808382996312568
37.22,0.20063921483570593,0.17705805919727924,0.19642537685838476
37.23,0.1915581940928726,-0.06687594285228567,0.2683528040533018
37.24,0.20717948731279828,-0.36177050164153823,0.3517819391115109
37.25,0.1696617843513135,-0.5107678451936338,0.4495544281710549
37.26,0.16324857368426204,-0.4116793272631053,0.6108708488857215
37.27,0.33011991424823517,-0.24733034228218154,0.8308385793330533
37.28,0.6048821101005727,-0.30927788372345455,1.058731603142155
37.29,0.8264333227487728,-0.6230851494658655,1.2147784961691481
37.3,0.8796545031987357,-0.9547072049590928,1.2305328090445167
37.31,0.808150502117965,-1.0832318369729328,1.1704843671525629
37.32,0.7073027860537877,-0.9331866022617157,1.0076550881328148
37.33,0.6845557134895192,-0.5642356117184589,0.6960825311846474
37.34,0.718829004928309,-0.28848318672114126,0.3079764934055324
37.35,0.6120135136775339,-0.14679628230494268,-0.058122137236824585
37.36,0.4777041505635884,-0.04732843459948455,-0.25165093006555084
37.37,0.40830911258766706,-0.11942429568848999,-0.25647309319005807
37.38,0.37447863377131424,-0.29886716839980965,-0.14541421516230488
37.39,0.401513586901655,-0.45611899962678076,0.028027042411182628
37.4,0.42852534777144385,-0.5215214776461947,0.23100036940866406
37.41,0.40352895885055545,-0.43223271658826,0.3720248247671979
37.42,0.4121272791034425,-0.26361172345754463,0.4257108110631846
37.43,0.5142913024810688,-0.15351924507306786,0.44513854169327294
37.44,0.4999633964539208,-0.0770195186989768,0.4559648521702268
37.45,0.3397464142012922,-0.03678038132287589,0.4118113593319688
37.46,0.08068653313655924,0.01578392207180148,0.2864148059251949
37.47,-0.1688804331599904,0.06676670287433421,0.1267715358230389
37.48,-0.3302076604436416,0.08060477144061014,-0.028452662554364613
37.49,-0.3569992377719904,0.03123820211910562,-0.12156161216538293
37.5,-0.262935449276982,-0.06350236266396576,-0.13139832574443
37.51,-0.08839891047747045,-0.18517925671844251,-0.06401143559956081
37.52,0.11216116461753235,-0.37011958839677706,0.039145418569211526
37.53,0.27937734058740055,-0.6114516980068665,0.118549298627675
37.54,0.39294720833485686,-0.8182930309169121,0.16468079516578996
37.55,0.4343939878383694,-0.9050876984979105,0.21147981937783902
37.56,0.4141991350929742,-0.8193507587975621,0.26536875103638025
37.57,0.3459618521412391,-0.521195669938636,0.3189207489784538
37.58,0.24207029373107133,-0.10668409888765686,0.39788549714279425
37.59,0.13931511427543067,0.3879842173163853,0.41557498674584464
37.6,0.058882521534696496,0.8324406149078998,0.4152197454930809
37.61,0.022963620204859266,1.074892291761914,0.5074635627261479
37.62,0.015693513524880173,1.0520741923127646,0.5998865919492079
37.63,0.04877310883297307,0.8360757340155647,0.6772099320286227
37.64,0.13465429547571017,0.5166387272084548,0.7826078660912001
37.65,0.24165996777384205,0.0558710951326382,0.8914574711522131
37.66,0.33555284794816453,-0.2751379916990335,1.026949612153589
37.67,0.3152240615361042,-0.33572871567196694,1.1685636092277203
37.68,0.18835640641168924,-0.2905508127250126,1.5039337264737833
37.69,0.0943879661187817,-0.11103627891449287,2.054023683104416
37.7,-0.03137153672569921,0.12682054534715484,2.3740228606697262
37.71,-0.15879354699343906,0.28378682303071173,2.6619701040392596
37.72,-0.3191791426260832,0.1607554636363046,2.978762762356734
37.73,-0.6172088845506908,-0.1459065525926011,3.1069545727749133
37.74,-0.7770422707480497,-0.12200305487044648,2.7819210241452104
37.75,-0.8177917444444269,-0.16561315566844276,2.1316251963757122
37.76,-0.6989313729635148,-0.22645638148296424,1.1100485659275334
37.77,-0.44003422699525885,-0.4133960685267587,-0.08671068366918439
37.78,-0.4056349072944798,-0.5923690715444205,-0.7651197844286897
37.79,-0.34373454716440016,-0.6063715092427965,-1.090220713116635
37.8,-0.2118909229174675,-0.5744300284089754,-1.286403070383742
37.81,-0.08598342872110219,-0.5666042617484806,-1.400540546904513
37.82,0.07143424852690906,-0.6155765759210732,-1.4331171524380175
37.83,0.15209768437549293,-0.6822741295001256,-1.3845642764404884
37.84,0.0842521579617679,-0.7005750931681928,-1.2291613539670292
37.85,-0.010782800986113075,-0.6900065643554806,-0.9636732510148547
37.86,-0.07300333123996088,-0.6162600440241375,-0.6421829796591508
37.87,-0.13128660136573436,-0.4372855202335605,-0.33631130545923327
37.88,-0.14701102022581977,-0.25619992488769366,-0.09798226980849441
37.89,-0.14423656056575546,-0.14560918740498896,0.0998114280386137
37.9,-0.16617372766941152,-0.17307954164528827,0.2318194583254143
37.91,-0.23028355931062375,-0.23617430166136374,0.262450682855566
37.92,-0.3202604477076136,-0.42324088435723206,0.33573220359658945
37.93,-0.41799003175142124,-0.6368591914357591,0.42973803066066507
37.94,-0.463527659011955,-0.8175007892457241,0.49716478021534866
37.95,-0.4934404634939233,-0.805639020452942,0.2922493349976504
37.96,-0.489236270163842,-0.628505019467128,-0.10854752108729894
37.97,-0.3675950021548365,-0.43279934252631214,-0.48128025210369546
37.98,-0.18312715220036044,-0.23635114572476137,-0.9099867941920692
37.99,0.0069932963957288555,-0.12764303102237273,-1.2169919953601254
38.0,0.16207469373773126,0.07305571235374006,-1.3115890771125531
38.01,0.3970210221021633,0.48651185735368463,-1.2916585456101426
38.02,0.5900666779020305,0.8484744534572608,-1.4919241553412113
38.03,0.5962706387482399,0.6398209074428636,-1.5119239639871294
38.04,0.6028614698687433,0.25827278981122836,-1.3550119092102153
38.05,0.6463458775168801,0.06678182387345466,-1.381488747405271
38.06,0.6141149216033737,-0.021343608458682543,-1.6066616143044785
38.07,0.48273015173113604,-0.045802035353312724,-1.758371655095997
38.08,0.33301973871782586,0.03971674138716246,-1.753870189854152
38.09,0.21064469035023078,0.23395340182688373,-1.79652117602134
38.1,0.09859889919826847,0.5100172581389075,-1.9970561802817044
38.11,-0.03177415649062025,0.6910317631881807,-2.192048016882308
38.12,-0.13133346653023528,0.7917520988160895,-2.2508971204757326
38.13,-0.16212490566634308,0.8457629584850679,-2.1479365536273254
38.14,-0.11977027929986477,0.8246275195095002,-1.9742550692240568
38.15,-0.05549362645569436,0.7415415682425496,-1.8078994146823508
38.16,0.04263558142461136,0.6031637509783966,-1.6006383900053107
38.17,0.19964813169629694,0.423964381157008,-1.3314435758381409
38.18,0.36912748653575794,0.19349959604710404,-1.0746435460128885
38.19,0.4879267665591624,-0.041492394326844706,-0.8942192625042059
38.2,0.492358261836078,-0.2203824807192744,-0.830651253268227
38.21,0.3934348150367869,-0.3182609454154519,-0.8433880874124136
38.22,0.26540734033725616,-0.3229306657578792,-0.9289649445122082
38.23,0.13788558538468285,-0.26247978878044753,-1.040808328291706
38.24,0.02338189273745143,-0.18631409330652404,-1.1177408247054825
38.25,-0.11845116834020085,-0.0468939193681542,-1.1070495056951513
38.26,-0.3313847955473815,0.13668670156574897,-1.0012371092991363
38.27,-0.615458032815276,0.33442383865782493,-0.8149360111782712
38.28,-0.8979002469016232,0.5219768470031055,-0.5558370182847411
38.29,-1.0834720149933585,0.7097346226272809,-0.20114561552620788
38.3,-1.1596363771540732,0.7968697450474245,0.2152093442239976
38.31,-1.042373853106768,0.6834092925150994,0.6906307210714626
38.32,-0.644583899431547,0.35595861830601916,1.1777219614605914
38.33,-0.02688527469775297,-0.03472879230690649,1.5647593534989084
38.34,0.5781651472815086,-0.25020948759390665,1.7773330822188476
38.35,0.9795367092560723,-0.1025423511030969,1.8285320812734722
38.36,1.1013630565463743,0.25401954768659457,1.7316417486247442
38.37,1.0077215819366045,0.5985077952716715,1.4865999705217607
38.38,0.9242897999721451,0.6286936897241348,1.1235991689872615
38.39,0.8542379748662746,0.4112838283603207,0.7432148790443093
38.4,0.626060640770599,0.19961458329519252,0.4607375677310732
38.41,0.45216885184723093,0.20002684382850972,0.30181980879151976
38.42,0.3477983110438906,0.2653546717584927,0.19869583168012894
38.43,0.3425580242254474,0.26917052980974643,0.17678596152551135
38.44,0.35807788496850934,0.27296038118395494,0.23372538531694892
38.45,0.3386750548135466,0.3168608608725924,0.33658836562275857
38.46,0.35647735166294114,0.31620513771662145,0.4339921379972006
38.47,0.38840168257426044,0.2243597439847976,0.5033082358331465
38.48,0.4001496565240481,0.08527209146807684,0.5357866373346278
38.49,0.388131761268697,0.0009645137197190129,0.5693000318122975
38.5,0.4164834567194961,-0.08337265417797919,0.6616494134940656
38.51,0.5193333348864289,-0.12648788703108332,0.7684848335306096
38.52,0.6273060425354837,-0.11416174191624708,0.8760685004516051
38.53,0.6569042955861573,-0.06311304497844467,1.0155200482894557
38.54,0.6356601965091481,0.033053839601530965,1.1132022395517673
38.55,0.6142629251355388,0.09505137660769339,1.2137837571094174
38.56,0.595168805206482,0.1407597070809853,1.334692685545258
38.57,0.5437887424535058,0.14716649690683542,1.4796868080640517
38.58,0.4813914723730238,0.1242643833391375,1.6185300559840257
38.59,0.38926103422781355,-0.05044516589071869,1.6055810361813532
38.6,0.30299652119620774,-0.20892233881422984,1.5018105247246571
38.61,0.2519659986337646,-0.3028556951668957,1.3940353413452344
38.62,0.20185269822416957,-0.38717762697191505,1.229311254427977
38.63,0.09781734988122637,-0.4105825160948931,0.9754193148661804
38.64,0.007284124992922218,-0.3306524332857806,0.7271978844385704
38.65,-0.11460048226560138,-0.4018054357815487,0.4855183856745916
38.66,-0.2334035278251233,-0.4716955111583543,0.3927763925742827
38.67,-0.2780057627513868,-0.5735228235443409,0.4863468512022827
38.68,-0.2101986193946255,-0.6951843942541769,0.7256613756781057
38.69,-0.040673208127102636,-0.8465008489401112,0.9451614586874348
38.7,0.17125733883749616,-0.9172940209689583,1.1001880149699979
38.71,0.31141622450677914,-0.7512696262414714,1.0891681447448927
38.72,0.38949922709956886,-0.5860074459889867,0.900791522577628
38.73,0.3003931976235016,-0.33773488114355216,0.6287089374292203
38.74,0.05983080527124246,-0.09188360748442097,0.47559630747239945
38.75,-0.15189444633774968,0.12443370570828359,0.4364419528588204
38.76,-0.1490454698686979,0.31579208699105105,0.25397432016569965
38.77,-0.11648560028466372,0.4651840790724088,0.11632123807790233
38.78,-0.15214242761389915,0.563213119568039,0.1717418669590908
38.79,-0.16970676832391018,0.42857860680910026,0.34359627212926397
38.8,-0.11945689807575716,0.1437860630023669,0.5168628969554058
38.81,-0.03518024918452231,0.061029962487892275,0.6197774262926412
38.82,0.09839975697529328,0.15254296341845816,0.6385496222436325
38.83,0.2420247096474598,0.16338443623862306,0.629513382472207
38.84,0.29360978029362145,-0.024058859552865235,0.6274088018770049
38.85,0.2424797482982064,-0.25164933168181036,0.6332724299575094
38.86,0.1977075555084235,-0.32134297801811124,0.6376398627029034
38.87,0.1155834100966537,-0.300360524274429,0.5820640164193203
38.88,-0.037187549876309706,-0.23935205541620083,0.4901301316928375
38.89,-0.15070703188037432,-0.177467492618666,0.4900420911933961
38.9,-0.1831633089488647,-0.1843247627745904,0.4229247872933699
38.91,-0.19831202696759762,-0.2207688680899371,0.3126668515493062
38.92,-0.20640491404020075,-0.255899550099011,0.2469140928316517
38.93,-0.1393015715684538,-0.29431095254659406,0.1508911874753919
38.94,-0.09390377994581284,-0.3377947808762366,0.05714838549347266
38.95,-0.14540296409791062,-0.2761520252554647,0.12792424440625125
38.96,-0.236859414083723,-0.12242177821579527,0.41686310810343613
38.97,-0.2498744489446419,-0.022113005430579327,0.7650259627542267
38.98,-0.2709105855145455,0.04440822774439121,0.841551935083372
38.99,-0.3712353969606955,0.059540458031891244,0.6477349081699731
39.0,-0.45671633114084353,0.0610507357768123,0.1920177530104215
39.01,-0.38168800493735094,0.16465040263095373,-0.3823534832161763
39.02,-0.25268709218242913,0.28603866961297375,-0.8994719858677621
39.03,-0.26661516217081577,0.3055811273911295,-1.0522653672054898
39.04,-0.34923058291785103,0.23765931468954432,-0.8187558101650189
39.05,-0.46768533818036473,0.012809349639382198,-0.6500156977109144
39.06,-0.5200299475660066,-0.1126003552862177,-0.6242176512758645
39.07,-0.4560179115305748,-0.10135670661140762,-0.7002694167629068
39.08,-0.3914656260449539,-0.07724320150767618,-0.8581499314961325
39.09,-0.3825921982605816,-0.09237907173772802,-1.0072264257593628
39.1,-0.3915103889816908,-0.14668327348077906,-1.1156598601028385
39.11,-0.38847442838016333,-0.17313168054892314,-1.2838732025400028
39.12,-0.391449649954655,0.028413572707714704,-1.595714101901651
39.13,-0.3805630118959925,0.2974016091914494,-1.7453774911644548
39.14,-0.3085311706172632,0.4786091461381261,-1.8050151627829785
39.15,-0.25065495518483394,0.6423255639176999,-1.929345121418266
39.16,-0.22362332262298393,0.7498283888011575,-2.0098885215836946
39.17,-0.21836268775276504,0.7468692349145937,-1.9562753034574674
39.18,-0.1784826050274538,0.5779194138345822,-1.879839552289954
39.19,-0.09373573950530299,0.37823920056546195,-1.9319002312856377
39.2,-0.006687055946101759,0.10474658057041346,-1.9734034619954446
39.21,0.05930037125804692,-0.10076213648431646,-2.021864932677899
39.22,0.10137134897823795,-0.11215279596802034,-2.166417745092349
39.23,0.12074926252777879,-0.031971694822023784,-2.320513069802296
39.24,0.11910103962151042,0.051436533504359665,-2.2906677872130237
39.25,0.05235017037410941,0.18357310717530795,-2.21360047074308
39.26,-0.05056739904205619,0.3048324197395037,-2.1011703629507275
39.27,-0.09096233875863696,0.376109288847618,-1.9049589583759996
39.28,-0.06928073666811908,0.38202008315145347,-1.6820797149873303
39.29,-0.060492669133482384,0.358390154379556,-1.4795503974917559
39.3,-0.10158041467330486,0.3995930056330569,-1.338396554535781
39.31,-0.1842792142916753,0.47978145844550957,-1.225325216509257
39.32,-0.29524587037930256,0.5146593497983349,-1.0551505173796136
39.33,-0.43952739600502805,0.46454218615144305,-0.8557829719085396
39.34,-0.6162657902761174,0.3768875279642237,-0.682145733557023
39.35,-0.7461442279323144,0.3276971487740644,-0.5186967526937428
39.36,-0.7903865150556738,0.31793734276522984,-0.38567520982347
39.37,-0.7725877879744854,0.3169360614784562,-0.2919027986572058
39.38,-0.7678433984271529,0.32388830220032727,-0.20736211220998704
39.39,-0.7931821309924754,0.38582044469099014,-0.08624449499731457
39.4,-0.7297245067686893,0.41671616455051763,0.11881594340323529
39.41,-0.505306118765516,0.2783727402315147,0.4619725033116774
39.42,-0.2665591411636706,0.05892975887931239,0.8099963028936028
39.43,-0.04592587285363243,-0.1387679797916719,1.097587332898194
39.44,0.14018219932858358,-0.22663631691469735,1.3145799339970854
39.45,0.2676868040366085,-0.27130102714582627,1.4412886784712409
39.46,0.3431629917760045,-0.2471083197558142,1.4147548591682346
39.47,0.29438588884844397,-0.028385706860400206,1.2013404092214919
39.48,0.22973188963056712,0.4762825367924364,0.8425333594155907
39.49,0.28074468677246983,0.9166705482732841,0.4733114184251169
39.5,0.21685005528974008,0.9451423814754936,0.17623425296857453
39.51,0.0450531944410927,0.7851983144093708,-0.007280314102969504
39.52,-0.07783062839936666,0.7234456818686686,-0.15293031431553586
39.53,-0.0389905929266301,0.6706533235330643,-0.3018852155164091
39.54,0.11534891602513635,0.4997903161737676,-0.3975446112969129
39.55,0.18418712291042155,0.2671143840452303,-0.3512157230648209
39.56,0.1892369794768417,0.08010245487939774,-0.08611730047886187
39.57,0.2509386904809094,-0.04663486805008476,0.38931224153579946
39.58,0.39307246147454156,-0.09575114753395787,0.842385154146649
39.59,0.5058539852849445,-0.00864040383549654,1.2039416191767631
39.6,0.49870721734357537,0.09216631677721242,1.4283724895024348
39.61,0.3798588340981142,0.05748464232041405,1.5155460383828347
39.62,0.21490499110589698,-0.04048515077319913,1.5088074516968628
39.63,0.050686133977560215,-0.05665345581562375,1.4080164525893486
39.64,-0.06471093040260743,-0.00792648899545227,1.2212392042790219
39.65,-0.0753438257151318,-0.025502349583998957,1.0282843523585183
39.66,0.01271104430837813,-0.16388943291299063,0.9272366583415519
39.67,0.15922633563156094,-0.35736447477287175,0.8932132498423212
39.68,0.3104344846637348,-0.5225210928067926,0.9071474956898791
39.69,0.3967097890783169,-0.6147377328861147,0.9911463029193299
39.7,0.402469661158757,-0.6422156164162262,1.1703892070260207
39.71,0.3776423938692633,-0.6596480075118499,1.3935983261757972
39.72,0.35502353901279593,-0.7335126956607695,1.5367572410469004
39.73,0.33321178331427886,-0.8995865484919368,1.52265612554378
39.74,0.28765940059055484,-1.1077322555699751,1.3261948100579282
39.75,0.21538594682800086,-1.1632072538055436,1.099923275927206
39.76,0.08420552664443093,-1.0692099206116938,0.9293837335292431
39.77,-0.110889957692428,-0.8692318045676976,0.8044341626758623
39.78,-0.2755078520856862,-0.6671417899446853,0.6645320474302899
39.79,-0.3687610885728485,-0.5410606668282033,0.5628201687229862
39.8,-0.37531377546149375,-0.3419308679194518,0.5382118370951303
39.81,-0.25133783681140004,0.0016342277511727883,0.6351920503915399
39.82,-0.04584327925490112,0.26235699206909185,0.831906696344482
39.83,0.1601953729319356,0.22794403484600625,1.033162329122351
39.84,0.3319594775534451,0.04359364095281873,1.1162696982588056
39.85,0.40608058532220465,0.0009796275593833437,1.0122347317670333
39.86,0.33457663591975245,0.10224029499968332,0.7850988599348155
39.87,0.16183270597801944,0.15975712003928333,0.5423763556554108
39.88,-0.03430654538683344,0.11289641032044155,0.39090382711980765
39.89,-0.16316869435044307,-0.02641225780340101,0.3299847144081504
39.9,-0.20883803649162513,-0.17338485613467897,0.300855825870714
39.91,-0.2260175936203017,-0.30963756032953293,0.29529917067197986
39.92,-0.27927526985503137,-0.3454418453522634,0.37979324822500127
39.93,-0.31101459326544234,-0.40358593183585584,0.5999763653581102
39.94,-0.261729549653911,-0.5525118109373722,0.8727308434059691
39.95,-0.19209761460617591,-0.6461134188657002,1.038657476670039
39.96,-0.13817801462142423,-0.6652602216060014,1.0437122724165897
39.97,-0.08474958596327095,-0.6531253290157817,0.975464858432506
39.98,-0.04858005651625487,-0.6290385766129059,0.9019377901303669
39.99,-0.015092340248045056,-0.6042031433570201,0.8409327532554033
40.0,0.03504360243565007,-0.6157552488050504,0.7390823193013467
40.01,0.06132987034440752,-0.6490687970839845,0.60369395777233
40.02,0.04020920842864863,-0.6350139511517411,0.5060178589488202
40.03,0.019198865447201133,-0.5989595501117494,0.4392455409156202
40.04,0.0030246897909841507,-0.5304183667267094,0.3641197561782453
40.05,-0.038127811489411675,-0.4357088786150884,0.28713066811570714
40.06,-0.09049874766527248,-0.27144902183377834,0.208413774440582
40.07,-0.1288841647966379,-0.026626963626946096,0.07243103161975017
40.08,-0.12755864035039416,0.16956813091886083,-0.14590604365561896
40.09,-0.0643533485791558,0.2603614068855415,-0.39957550841989764
40.1,0.05835517706329717,0.2835796110790002,-0.6928346527286784
40.11,0.1680404837741488,0.28042606395163744,-1.0471951368401193
40.12,0.22706108667918182,0.3083046070386745,-1.380796356178033
40.13,0.264002610427057,0.32909445437088203,-1.5767984651826612
40.14,0.286298805193741,0.35090376239148774,-1.7170184225510785
40.15,0.283323334437768,0.4520585659243535,-1.9302803827708663
40.16,0.22622928022757607,0.49505462139664735,-2.026953221342081
40.17,0.14512978210599953,0.4802884025241326,-1.8865722050854017
40.18,0.09876114706755679,0.46625598466941265,-1.6029073250386023
40.19,0.07337010331459369,0.2234389738451318,-1.2337829400809768
40.2,0.04462325224402571,-0.24580854993376156,-0.9828122183585923
40.21,0.014074560550592544,-0.6562599312802555,-0.9498559474272166
40.22,-0.023814132191366005,-0.8038237583707056,-0.9952432006947896
40.23,-0.09038536157197484,-0.6221505160299311,-1.0892728067198723
40.24,-0.1575721337976368,-0.2386829392883029,-1.2725553519681585
40.25,-0.1856412833994356,0.15772979014928495,-1.4641245740173932
40.26,-0.1893279479596379,0.4537460592676207,-1.5511277104486865
40.27,-0.19000455177038117,0.6108839015976245,-1.5774538929437383
40.28,-0.18974672760950115,0.6254466489501058,-1.578001476169492
40.29,-0.15768939372326254,0.5216143697426773,-1.495407761200507
40.3,-0.08126945094185947,0.3741974369625635,-1.3683222922307525
40.31,0.024559001596105242,0.22452160442744193,-1.2903884628044213
40.32,0.12091612733775438,0.0792929840132879,-1.3022549697894699
40.33,0.18364534845376002,-0.05728881497388382,-1.3696361010491713
40.34,0.21488969239549538,-0.18399159097767087,-1.4053501703008178
40.35,0.20347955339932214,-0.27614303183698086,-1.3539972724891263
40.36,0.16500232615899876,-0.31519241744919013,-1.219102143745309
40.37,0.13292378114522702,-0.28018376470626777,-1.0661225813264603
40.38,0.10935651565360843,-0.18582031261793552,-0.9564382800511296
40.39,0.0514823844381408,-0.06613624014323707,-0.8494247105101032
40.4,-0.0716637928877953,0.06363885138681645,-0.7035750143806174
40.41,-0.21831567261120366,0.19240093634669547,-0.5416351061041903
40.42,-0.31796321564713126,0.30151280539100955,-0.3949302165561361
40.43,-0.369807091640893,0.3845707715867408,-0.27937639348253657
40.44,-0.35969228193479397,0.44200197875018665,-0.18164039285211026
40.45,-0.28294929534136154,0.48756675765120483,-0.09211629818873292
40.46,-0.16761376575614242,0.5524913123567118,-0.0142889763715579
40.47,-0.057049268849240824,0.6396254676372082,0.038788224453504966
40.48,0.010213164130941796,0.7216306812423954,0.08110277325711387
40.49,0.0490821355840421,0.7549568342966996,0.11952615788409271
40.5,0.09656268694948768,0.7064965452462225,0.14822822088000695
40.51,0.1529363930008118,0.5921666185785596,0.16243692768751597
40.52,0.18680418439736118,0.49406205924234475,0.15729855364769493
40.53,0.16898640402098938,0.41142919185952453,0.14474348076306778
40.54,0.15461395448244625,0.2736336558759274,0.17865290562802558
40.55,0.23342728902712756,0.17786157234718328,0.2884102070588188
40.56,0.375015324448488,0.1542422374270759,0.47416336073066123
40.57,0.507574053728783,0.1689306202726876,0.6938767517458448
40.58,0.6304463974541227,0.2459506542302777,0.8814552948763593
40.59,0.7067347979521819,0.30730410774100125,1.0125063944667907
40.6,0.6732280939593918,0.3310119137936636,1.043991269787061
40.61,0.5842544336095936,0.3084140410293816,0.9663150566749741
40.62,0.5232762157441231,0.20656023898005435,0.8156726009868912
40.63,0.47059604843483727,0.05697048810484238,0.6679078349115881
40.64,0.4036132824619814,-0.057256193352580566,0.5606536390560859
40.65,0.3702243401000997,-0.15792941072248748,0.5124029477349364
40.66,0.37828802290455915,-0.3355643800181847,0.5549043309863665
40.67,0.43602528600364504,-0.526981906973568,0.6582753680121016
40.68,0.5176794939994218,-0.6377886453902055,0.7944515984859664
40.69,0.5782182810152563,-0.6545462614646589,0.9642396064871693
40.7,0.5979461543400161,-0.5259907407412685,1.1033950742572174
40.71,0.526046818684931,-0.32957343229767716,1.2472696649121604
40.72,0.3653023346612902,-0.13062772724393343,1.3977958326415383
40.73,0.19760693236299534,0.0616933395868265,1.539373888374803
40.74,0.07017811764409242,0.2007925130899309,1.6427734241330203
40.75,-0.011332024716446495,0.2384413203909376,1.6468457082039532
40.76,-0.042570757849481604,0.1868365577304309,1.5285703010282246
40.77,-0.08908203164767134,0.017554758534249138,1.333228839344106
40.78,-0.1589506272681914,-0.20808416006914207,1.2273193486644833
40.79,-0.1885650777588792,-0.47751459768159854,1.2393212170145016
40.8,-0.12057702554522441,-0.7546145996165432,1.3013899208780266
40.81,-0.04431041516779454,-1.0457415676727335,1.274147116058839
40.82,-0.036999690713372044,-1.2646364798302454,1.0771982109751759
40.83,-0.06398163773068019,-1.5312299097743312,0.7112492282819851
40.84,-0.11741662803504661,-1.5771994224254227,0.3078449077790699
40.85,-0.17759427385825868,-0.9839940727918478,0.07969188302957272
40.86,-0.24788645484914512,-0.18389885217868582,-0.00844083070976533
40.87,-0.26325955609761786,-0.0312376372348826,-0.09843353145022878
40.88,-0.20530007276364706,-0.02461124914140316,-0.10160459718040309
40.89,-0.16124760934034604,0.025261658984021183,-0.031797982508639716
40.9,-0.13078005548664887,0.0616424603165534,0.11560707436461809
40.91,-0.13050253716411023,0.019879082101691713,0.32085264686271503
40.92,-0.07388389496844074,0.016278154650052362,0.5328083064943507
40.93,0.031479559297506565,-0.019245553166328956,0.6724214689457674
40.94,0.12486684070922865,-0.11946517204063668,0.6760040126795298
40.95,0.17122459013848818,-0.12949035859959476,0.5673228236974638
40.96,0.1830919901523991,-0.1460024101406615,0.3591099101313341
40.97,0.18367251370489712,-0.15343575223592604,0.16576547350511736
40.98,0.12081956900845385,-0.11037907011216845,0.0472499990373947
40.99,0.029918501101564413,-0.047730608050138276,0.050996973758023575
41.0,-0.03993450564192595,-0.07847360121079398,0.1686637054395394
41.01,-0.11122746807783994,-0.22816966658536886,0.35289288479514697
41.02,-0.1628349119260898,-0.3231733239303654,0.5316079812527125
41.03,-0.16742185002915205,-0.3616215265928502,0.6322366882240766
41.04,-0.2076789636952373,-0.3713376970672554,0.6329067795286614
41.05,-0.2669606449185175,-0.3221501272370663,0.5624753611121682
41.06,-0.3052978716083766,-0.20988282813201975,0.4338481950164529
41.07,-0.30761389793857274,-0.09305265642657301,0.2840419158667381
41.08,-0.24269939620057576,0.006644448957588917,0.13047504490582434
41.09,-0.12456484814576722,0.05987947512542275,-0.06741805073982902
41.1,0.00476554771701282,0.1341018932198154,-0.33895361561575743
41.11,0.11357759668880271,0.1677541714021269,-0.6653472891721695
41.12,0.15184087560776646,0.04509110748401123,-0.9461653321837146
41.13,0.13550818995407932,-0.07509007797045184,-1.1895622854055068
41.14,0.1382030420582375,-0.10162826331166845,-1.4034367244741028
41.15,0.13966398712856473,-0.09560696454544088,-1.5600488137382258
41.16,0.08836383846822572,0.0236236251933849,-1.6565123136880153
41.17,0.0017349929398935145,0.21952296467708743,-1.6494092565817629
41.18,-0.06611587285401335,0.3679535483767261,-1.4527202845779792
41.19,-0.10848938867073704,0.44170662096801167,-1.1784831244057195
41.2,-0.11091009109665419,0.4040519283178363,-0.8602676239499365
41.21,-0.06937286500720073,0.3206881036665427,-0.6716094317938613
41.22,-0.05039401413934716,0.2740253234831602,-0.7430578334495872
41.23,-0.054938059440402476,0.37679899679647155,-0.88167724600612
41.24,-0.06847589377147888,0.5261660219254166,-1.0227879329905556
41.25,-0.04076125125395185,0.5137419130317338,-1.1508996725952931
41.26,-0.014751187217235473,0.36604596208545287,-1.2697487797501814
41.27,-0.04756981533226325,0.23882629880508288,-1.2723404006125416
41.28,-0.1110930860820435,0.19207483312837934,-1.1482927460884602
41.29,-0.13810288627538983,0.24832286190815864,-1.0712412075647892
41.3,-0.12601175149862687,0.409391775833818,-1.1101964171959322
41.31,-0.10199033055326621,0.5632148578572049,-1.1834982685278397
41.32,-0.10991033078880115,0.6395568862435992,-1.2380336968912489
41.33,-0.16780455651291726,0.6618169941649821,-1.2780266084897243
41.34,-0.2383125165243766,0.6611252360591797,-1.3218858965574714
41.35,-0.28241084981619874,0.6684359895978684,-1.3490109795119543
41.36,-0.29414907270111296,0.6298837798883294,-1.333160582560559
41.37,-0.25314178330389175,0.45575738863325266,-1.322530597546241
41.38,-0.13302068003710868,0.2515470790383602,-1.3647049338242037
41.39,0.04712664759083327,0.054887687314978124,-1.46841820018433
41.4,0.1711463690506014,-0.19273819986575594,-1.5505623406465403
41.41,0.21854142253821993,-0.5495107110135056,-1.4839715306976875
41.42,0.2887904749052965,-0.7593043472064179,-1.2011603897126104
41.43,0.29043057849262116,-0.5585964391483417,-0.7016155052929813
41.44,0.26992832085366547,0.019063234026020868,-0.13166572408015448
41.45,0.306688324041555,0.5357536935870939,0.17890991078854535
41.46,0.32648615447767015,0.6099175631189904,0.23377525100347768
41.47,0.2937020551897294,0.40721660493501194,0.1786174462452923
41.48,0.3238725126021947,0.13524118317801295,0.08946088396254691
41.49,0.41705089940653434,-0.0683728561276408,0.01828337006143573
41.5,0.5278415949493379,-0.18217644083058468,0.012111104886072954
41.51,0.5622107089559168,-0.25641154747835365,0.06519126750697408
41.52,0.4872683425707728,-0.30863858627069535,0.11258977152625947
41.53,0.36117184818685333,-0.31545466461914595,0.15206237577704218
41.54,0.2382790176080255,-0.31526607299014187,0.174032529962515
41.55,0.13439145911905026,-0.2495745702304757,0.19644493290417547
41.56,0.07106153608096405,-0.17754885644554405,0.2449729656879753
41.57,0.02597565713629876,-0.17636818225068635,0.3164250640527452
41.58,-0.0038546744845671436,-0.22781703785843732,0.3889715853098492
41.59,-0.0489212791885236,-0.31809466293625466,0.45215489857630037
41.6,-0.0797504674990545,-0.44868548388079377,0.6200048417437782
41.61,-0.08292031535845495,-0.6070658583129616,1.0163842907667928
41.62,-0.10757412937237831,-0.7561635143522347,1.5292573920187542
41.63,-0.17308945933437436,-0.909683774638978,1.8916747253995334
41.64,-0.36712776942418085,-1.2893090743509048,2.0454993691177568
41.65,-0.6344717718211529,-1.601435375537371,2.0505749181441675
41.66,-0.7315552472639092,-1.3090530050498266,1.9905428451453588
41.67,-0.6216669043019891,-0.5612281260805695,1.4301041849696376
41.68,-0.5025841267457798,0.10129066004271697,0.5020564507742673
41.69,-0.42986578482202836,0.24966217155181536,-0.09071537766236468
41.7,-0.23143027677829978,0.1910131984451189,-0.07529437061576605
41.71,0.04950523876380457,-0.013915036942018975,0.18485170334639306
41.72,0.14110998718579484,-0.025735843477756756,0.18667016781116233
41.73,0.4908819795209898,0.2618822429919499,-0.20302105855553979
41.74,0.7422210831976594,0.2618569263802418,-0.8997405307570248
41.75,0.8177500693562356,0.3381861484015352,-1.458698941189601
41.76,0.8538290476151634,0.5377631813259595,-1.6991965394231514
41.77,0.7757561338935112,0.5818106890740233,-1.647228098437762
41.78,0.7406556224764913,0.4362746191568269,-1.504471650958898
41.79,0.7404828564081333,0.1434403329369721,-1.3104552054814236
41.8,0.6379051384351915,-0.21185612462503214,-1.1306080897707746
41.81,0.3687341386387286,-0.3984725626626004,-1.050345982526921
41.82,0.03412240386398953,-0.29947133564195394,-1.0184472538568903
41.83,-0.2882658453228935,0.023302756146682157,-0.8598457707902861
41.84,-0.4487052392492177,0.34518410040995773,-0.6471267845287972
41.85,-0.4481552511486237,0.6933180043037952,-0.39802976129170664
41.86,-0.37746299081330903,0.9596448915268418,-0.14696921956693892
41.87,-0.2828718221627386,1.0850898582288937,-0.020466353172074868
41.88,-0.1814410967997256,1.1014050440080614,-0.06723340511253693
41.89,-0.11091089316309967,1.040371821439339,-0.2233343620819219
41.9,-0.11569067318863546,0.8457583637447975,-0.3498822108906906
41.91,-0.197371548799404,0.5150894096375278,-0.38439818461572106
41.92,-0.256281494604128,0.21684699902565066,-0.268888860343418
41.93,-0.23993843354694883,0.030538070954339833,0.010128163796990731
41.94,-0.25126593171914974,0.013664784897257476,0.2735719959703416
41.95,-0.327613352648856,0.16856718409686372,0.4607109481416028
41.96,-0.4537896034759536,0.44469770822872984,0.5846830796877979
41.97,-0.6422871600210766,0.7142539020132384,0.7032371173026584
41.98,-0.8430505711248937,0.7170444293231487,0.8469273326907133
41.99,-0.9907935658506001,0.3824579487020488,0.9766028471598219
42.0,-0.9997211775495441,-0.18241422770983556,0.9895218742734896
42.01,-0.8064414266904651,-0.7521071513505156,0.7697159538797438
42.02,-0.5493187281625382,-1.116905502435001,0.3722633945061729
42.03,-0.25637423048900015,-1.1760639379689308,-0.14969684805587505
42.04,0.2103642935133258,-0.9705833937767828,-0.6482302666105839
42.05,0.6652456250366365,-0.5671053354681265,-0.8501758844884935
42.06,0.8061772154332004,0.20905627736622875,-0.7919344351795725
42.07,0.808980229278032,0.9115783872159572,-0.6289935637068912
42.08,0.721665509504318,1.2123232223467808,-0.2806254648626355
42.09,0.5532716649826456,1.214031528482066,0.23226669053596297
42.1,0.24294946241745666,1.110933956451572,0.6648905708113408
42.11,-0.026750772992071754,0.970040757707303,0.9138186941669452
42.12,-0.15503583383619096,0.8007462763963357,1.0216688046070688
42.13,-0.17410192928320112,0.6457100114682657,1.113101895070165
42.14,-0.09858610193877365,0.6167542496736903,1.209660253211529
42.15,0.07444363515952415,0.6663295728345696,1.2499371055745183
42.16,0.2162406557534203,0.652019018578584,1.1600345162139796
42.17,0.22592366252963267,0.6059130689743579,1.05789841049589
42.18,0.15516761327454137,0.5919968476550691,0.9892699264725707
42.19,0.0323028965044933,0.5895028590343873,0.918712824365509
42.2,-0.06065477583243263,0.5592387719896172,0.7904670078789274
42.21,-0.07689267930553707,0.3479152417714445,0.6138523103819508
42.22,-0.037484777536626865,0.07967810650637142,0.5264785912046215
42.23,0.01102034845707995,-0.19942754645319025,0.5320068848590193
42.24,0.049483541370709476,-0.43632586772074805,0.6274794605019673
42.25,0.06050779038868418,-0.529567980377614,0.7896570490506509
42.26,0.024157193618427154,-0.466310272211234,0.9790530383344562
42.27,-0.03836203320983585,-0.36543157115377,1.1636763045399028
42.28,-0.0935709844913592,-0.36840744879614096,1.325320409479986
42.29,-0.12338170767328697,-0.4841164364954383,1.432836985018991
42.3,-0.11707559495735555,-0.7554483904337559,1.4997417727956404
42.31,-0.15211122398314816,-1.0817225592301611,1.4473020208294702
42.32,-0.24439839517307044,-1.2996097752877422,1.3024612036729994
42.33,-0.34831260639289446,-1.3105243722798847,1.1451372967194164
42.34,-0.4790926961500844,-1.2140617325935308,1.0100265352897644
42.35,-0.580411830609766,-1.0210099470295524,0.836243767329306
42.36,-0.6370275743991964,-0.6734156824547292,0.6847929389666031
42.37,-0.6095285012991857,-0.14211392469713574,0.6082576744095362
42.38,-0.5129260145950771,0.3058912809846028,0.588836889901718
42.39,-0.36232035052945777,0.44785598929325837,0.6308065117297705
42.4,-0.17006859001233318,0.3518316985133705,0.6879387667579405
42.41,0.05005206312381655,0.20193122220985882,0.7263644384367326
42.42,0.2624586313385875,0.107319610102357,0.7194969147367499
42.43,0.47924872947793495,0.05786003672450218,0.6611548163263716
42.44,0.6778466792085344,0.15555517314766437,0.5285659244568771
42.45,0.7539336343098978,0.20062498243476373,0.306407835626586
42.46,0.7146515738265095,0.08503204346697474,0.09252556559464921
42.47,0.5996009349996991,-0.1544027808875643,-0.053475234602506264
42.48,0.4243001622497649,-0.3452824600057864,-0.07349644553377266
42.49,0.18249090423255887,-0.47949394635924725,0.020701267109013592
42.5,-0.08072682388062905,-0.4334156228967751,0.17118286120499798
42.51,-0.2861435257431241,-0.2641915767522501,0.3574387468838378
42.52,-0.3962664048599451,-0.1537176813024612,0.5700892694753092
42.53,-0.37891865895422716,-0.14989430284789296,0.8736542373777075
42.54,-0.22984370922524652,-0.13530324936783977,1.2364516857765873
42.55,-0.05328931258497714,-0.0475083521024041,1.5195056475459834
42.56,0.08903176307368645,-0.00772260399438386,1.4682305096221733
42.57,0.2120361046351926,-0.08485725332618334,1.1402482818512134
42.58,0.2623521543819196,-0.20192541026991664,0.7400341889552784
42.59,0.21179717369606557,-0.25966461263291324,0.32957177625341527
42.6,0.1310601994447389,-0.3623482620199053,-0.024833143259802088
42.61,0.020759242596005305,-0.47042739638308567,-0.288833601818812
42.62,-0.08022827689158643,-0.5454136469213425,-0.49989937940510765
42.63,-0.14504276637832042,-0.5812587215961802,-0.6743153419674625
42.64,-0.18028614067107487,-0.5802466635382157,-0.7816031074932585
42.65,-0.1751212418940795,-0.5222477849308333,-0.8143868117950988
42.66,-0.18317710131004486,-0.41600091591528976,-0.734560411958908
42.67,-0.2674867436146943,-0.2774716402073395,-0.5706495909264586
42.68,-0.3900170699168216,-0.08040760458635032,-0.46431050809084506
42.69,-0.456128054868568,0.09107110898224328,-0.48763501387648367
42.7,-0.4440573452169989,0.15961624511294584,-0.7151735144449028
42.71,-0.40628558171395585,0.16676200926702553,-1.0644838472930125
42.72,-0.34984217821143454,0.2021193712661153,-1.352957166808405
42.73,-0.27974188322931903,0.40751071646560827,-1.670902488936382
42.74,-0.17792530129062464,0.6164821893877978,-1.852500180307686
42.75,-0.06207451404555488,0.701643753423032,-1.837115310882975
42.76,0.0392972005973665,0.561610845470593,-1.648782999461199
42.77,0.12721497662063652,0.12264312193807092,-1.4239827992966756
42.78,0.19183729400814256,-0.37211723730381135,-1.343446158446801
42.79,0.18540672024231772,-0.6393012830746497,-1.3919947972624207
42.8,0.09581161474550416,-0.6282517015034816,-1.4252684865728782
42.81,-0.06419929579981552,-0.44123550282669666,-1.3562536777992653
42.82,-0.24943543393795145,-0.24657996983976327,-1.175210649585125
42.83,-0.3801511153265244,-0.10852437839934934,-0.9504856608836613
42.84,-0.3779985858939902,0.027191402329653155,-0.8082044512747152
42.85,-0.2565571784943457,0.16751373581213438,-0.7678066455940802
42.86,-0.08971693451859122,0.24915837571609556,-0.7749568940259042
42.87,0.05865548650589575,0.24109177517216074,-0.8021841851078174
42.88,0.1388682873813836,0.13564951169534906,-0.8851959987648451
42.89,0.17325748082930373,0.0017352315473411612,-0.9853817668100415
42.9,0.21571624288304406,-0.05878465874702491,-1.0522430969138568
42.91,0.3029281513165395,-0.03690213407797321,-1.0838550412660921
42.92,0.3916620898651917,0.010788597486812856,-1.1178257692955655
42.93,0.3633318524551255,0.04802886644616552,-1.1614593265294548
42.94,0.20319526877567112,0.08007058255801154,-1.152741800027452
42.95,-0.009624008426214135,0.13732827185740867,-1.0467176013465291
42.96,-0.22921262683646124,0.21934942456556078,-0.8647418122760554
42.97,-0.40397288835398865,0.29338409881378136,-0.6537125639265433
42.98,-0.45114498536710124,0.34591644972922586,-0.45848768671388945
42.99,-0.36640027071791853,0.3996269757238776,-0.2941034723124835
43.0,-0.20185677861390777,0.45466944829494643,-0.12425198969056564
43.01,-0.010061790574359042,0.4865267316167755,0.07280013243645621
43.02,0.14845745859339105,0.48359617406936584,0.29710570418725796
43.03,0.27446138836244255,0.4263333840919519,0.4941809961501182
43.04,0.40428509533390156,0.3324741548730398,0.5818643783817663
43.05,0.4800414235192368,0.25191403083392105,0.5754914807967018
43.06,0.4613834550774033,0.22425818391955285,0.5562695028463007
43.07,0.417954340657605,0.2794282740957085,0.549565875940387
43.08,0.356148184883197,0.3621749360334037,0.5355552108644729
43.09,0.25669239378244085,0.4404581655878539,0.5283155426462075
43.1,0.19033283578217355,0.5371051958152951,0.5336692466933091
43.11,0.15397474534499675,0.5918566664473813,0.5460501935072711
43.12,0.1076465406564557,0.5891353770234494,0.5584831735830169
43.13,0.12649669710110986,0.5765870429772812,0.534753950953959
43.14,0.25004443323500203,0.5315877711110096,0.47295989832429786
43.15,0.3231232407043731,0.44997828235736004,0.4043326539156467
43.16,0.27206349147682024,0.407074009306954,0.3220564681307252
43.17,0.2540351495313673,0.4139095317933138,0.2050526067324116
43.18,0.3139245376930639,0.3380210549091641,0.09384019600080819
43.19,0.34683371847643574,0.12726216563036927,0.07905584829546705
43.2,0.36484850326596147,-0.09473423798051753,0.19065467160358213
43.21,0.4363262912028649,-0.27182135226675497,0.3660839377722177
43.22,0.5042961641276354,-0.44461742153000766,0.5342610876476559
43.23,0.48569507167287906,-0.6220045101859957,0.6772558262719292
43.24,0.4269455628057895,-0.659370796996121,0.7445214075848231
43.25,0.3611852333260983,-0.4604852009811581,0.7200873289099372
43.26,0.2537524709228917,-0.20852052706373128,0.6548425358640098
43.27,0.14643698379411385,-0.08382298525186337,0.568823887926101
43.28,0.07897451148279087,-0.11861956590515031,0.53591397132238
43.29,0.03961207097408215,-0.23674920884367973,0.592600288443367
43.3,0.0048346414219948616,-0.3448760688757711,0.7148028686512645
43.31,-0.02432815822363946,-0.3901243024837924,0.8803448503578625
43.32,-0.04487506920008599,-0.37084071804155716,1.0573472596068418
43.33,-0.059488019348786676,-0.35690273767306796,1.1913360218377733
43.34,-0.05430040699272277,-0.3856547345975827,1.238885100361966
43.35,-0.021619383469142422,-0.47589726164655544,1.2091445324266654
43.36,0.0001761342848789339,-0.5869246416921522,1.1088346448141637
43.37,-0.0326603187538495,-0.5799403012930192,0.9173146701265588
43.38,-0.1149751415791649,-0.5269938126287944,0.6925426530495243
43.39,-0.20111907155933287,-0.5106111251628275,0.5187879797460713
43.4,-0.27113794344434355,-0.4899967355208291,0.4110319348636979
43.41,-0.29925463345744646,-0.4102733778628374,0.4744734754846448
43.42,-0.24243529362102412,-0.21450679157356511,0.7707624869047138
43.43,-0.11242386036559489,0.05518120845370984,1.0589878661729937
43.44,0.028122743238477653,0.2810920168615038,1.1924967221550797
43.45,0.13212896159080414,0.38419438181733157,1.0850693659003023
43.46,0.14955537723900728,0.49254898957486104,0.8099341030008872
43.47,0.04626222892889442,0.6079379002245466,0.5737916402040331
43.48,-0.09189984448947758,0.5042153509290165,0.4821943012855716
43.49,-0.1545460700719093,0.23923341536785261,0.49413408253200014
43.5,-0.14542194759486435,0.015782206497370548,0.5028842920507255
43.51,-0.049054287828643746,-0.05871829067917278,0.5218855571788554
43.52,0.10075987689273076,-0.03685248007455938,0.5391864809227855
43.53,0.20851716174368418,-0.039461053482275146,0.541796899637485
43.54,0.2734835637842924,-0.0635044745514446,0.5600514591052091
43.55,0.29140022417344047,-0.10930315957671638,0.5508349196464074
43.56,0.2100319268023226,-0.20391713942885764,0.49774282487555666
43.57,0.0344752970386794,-0.2906220166190835,0.4355905906039186
43.58,-0.11188766575243936,-0.33750589576950907,0.3317932404610361
43.59,-0.20278001204953755,-0.3681804359238003,0.20333257502903404
43.6,-0.279761078148899,-0.4314980962996229,0.09845537247444115
43.61,-0.32252024193215817,-0.4863553737423613,0.012865742696538602
43.62,-0.31066725863839656,-0.5036965088225425,-0.08597559111804001
43.63,-0.264355877495,-0.5076958517421927,-0.16206629610917728
43.64,-0.18900270430046692,-0.5071690028805443,-0.11863700745849896
43.65,-0.03759603708053406,-0.5951883198643888,0.04442685537226568
43.66,0.08913840350697069,-0.6567889143631195,0.17291838061786904
43.67,0.16141524740509705,-0.5632595275421997,0.0828462483030858
43.68,0.2787920414622881,-0.42283565417706065,-0.3077260820328561
43.69,0.3615115706913824,-0.3354663775284898,-0.8412320360638897
43.7,0.34449757051892377,-0.34597592468728294,-1.283255208571085
43.71,0.26694845344294177,-0.3703137933366644,-1.5447554899053253
43.72,0.1666101190407094,-0.31817946697104316,-1.6195165099819404
43.73,0.08013005274385078,-0.21814742516677843,-1.5749531327618065
43.74,0.0012406254272097586,-0.15724042390356188,-1.4761910409647871
43.75,-0.09076557676468973,-0.1507770203588119,-1.2780542924739535
43.76,-0.14386476791361721,-0.1677387540879935,-1.0726824707315046
43.77,-0.15097084373711017,-0.10982824968551716,-1.0055192974887903
43.78,-0.1634183553731465,0.07592419216767736,-1.0997633053845228
43.79,-0.1967061927088346,0.3853178960113504,-1.287138085373471
43.8,-0.23827290796044703,0.7206154630803696,-1.4287993136599464
43.81,-0.3100998909514271,0.9683336828747554,-1.5435649667633558
43.82,-0.37106632269947615,1.1011749107819675,-1.6549017491430862
43.83,-0.3241471487784094,0.9569471885427164,-1.7092709292460428
43.84,-0.20559083876547585,0.7276744497059261,-1.9290357893577244
43.85,-0.1231525901157702,0.46318249860827726,-2.0518395826581126
43.86,-0.06724516900786372,0.23266492776191505,-1.9359082891993202
43.87,0.002699452975112937,0.04101164459711617,-1.5993178806624917
43.88,0.08077823888078266,-0.014665755637023437,-1.334016456843578
43.89,0.11668102969086189,0.07795223570352325,-1.3157283148918635
43.9,0.13206557935262664,0.2824307391599383,-1.355252578204795
43.91,0.2003030409152823,0.4551070781566995,-1.263317956669539
43.92,0.29201464213662554,0.46647298581559177,-1.043316657940211
43.93,0.30843326928671483,0.3050495226493687,-0.8578382474492744
43.94,0.20267349069488644,0.00021380417154603375,-0.7647310269352022
43.95,0.03633309993816156,-0.2185799800378676,-0.7433786955164624
43.96,-0.13216150829048465,-0.2653318958562474,-0.8052103783849537
43.97,-0.2100589818526098,-0.09422837810408576,-0.7453226063726417
43.98,-0.2274235937238934,0.20180065234664224,-0.5549426447585905
43.99,-0.25816240560793613,0.42164155428062217,-0.2998613998926317
44.0,-0.32518585481784135,0.5142399453768767,-0.06572742101809101
44.01,-0.42951887660483185,0.5141594432931658,0.0908752242797594
44.02,-0.5383047502248058,0.5030402943117313,0.21287099221239536
44.03,-0.5946961485000766,0.46546785076073915,0.34067619930138726
44.04,-0.5496674222841528,0.3604680192905349,0.48446160734571836
44.05,-0.37381074024673355,0.16690675697454768,0.5976057593085661
44.06,-0.1050859685843095,-0.04892834539045754,0.6322194564703579
44.07,0.09029319735589479,-0.17786627975149136,0.5937402422269918
44.08,0.12996034616985733,-0.2239928198532801,0.5422780361713363
44.09,0.1273261647724475,-0.24843598040562498,0.4770756012326239
44.1,0.14664430056427283,-0.3285089865036734,0.4229615079778479
44.11,0.22238565915256045,-0.41058675613830325,0.3822497755828572
44.12,0.38234683095382366,-0.42604538684637966,0.3708038424836442
44.13,0.497637875245602,-0.3539526821837131,0.3745072356762512
44.14,0.46277028422803557,-0.18476374379368127,0.38790985549851126
44.15,0.46709524805925734,0.044002915725608216,0.3778953505059771
44.16,0.4924257850792236,0.29252932994906866,0.19617320480056885
44.17,0.6176964603442899,0.33836302107031624,-0.0017626843736536673
44.18,0.6918726871048443,0.11991928748675883,-0.07409150560052659
44.19,0.6517518610506114,-0.12147401505678808,0.05374372145875125
44.2,0.4766809812765464,-0.1256270491411768,0.27217726448745
44.21,0.5966977202370601,-0.14105894944967845,0.5322288331629307
44.22,0.6860371052651686,-0.26395329460111955,0.7084560902738984
44.23,0.5643542534113065,-0.2907583493070571,0.8129814136202261
44.24,0.35575732674336313,-0.08602810049009278,0.8917964562746964
44.25,0.15401805650891331,0.17865894079055766,0.8922343487349984
44.26,0.023155631967928376,0.3188939602887011,0.7194051788707624
44.27,-0.05740561506704181,0.2492742413643925,0.460574883415045
44.28,-0.11546869817985499,0.1381581157753923,0.23703265401858226
44.29,-0.13150211761883038,0.03955799996093999,0.21979293538870906
44.3,-0.13121992576899377,-0.01188427245279479,0.3508725276432697
44.31,-0.10019117285704494,-0.01814420077983538,0.5631741704410922
44.32,-0.05251695770629151,-0.07040390520914862,0.7885901083098804
44.33,-0.052461911120763025,-0.24337181446074982,0.9574359156357044
44.34,-0.09395785480446667,-0.3944589516542983,1.0543982601504671
44.35,-0.162918015209325,-0.44419662967967927,1.0851682581417985
44.36,-0.17021774540761653,-0.3760113289673404,1.0869091348800397
44.37,-0.14779226267258672,-0.34723791907343204,1.0047163119155709
44.38,-0.1710585674851604,-0.5115651816552719,0.9375592977166397
44.39,-0.23867636020061156,-0.6597442509846624,0.8763513864754208
44.4,-0.32417782761265074,-0.6369744271261745,0.8252748209797673
44.41,-0.41197940228989965,-0.4822134257545526,0.8760777342231998
44.42,-0.4624951108084412,-0.28332529969121883,1.0340855070942427
44.43,-0.4288946638012593,-0.1326140968922019,1.390748106779239
44.44,-0.2872086958487703,-0.14269815023001137,1.935087084210356
44.45,-0.11289248585494538,-0.07858984144887171,2.3297572582884114
44.46,0.02037172251084286,0.256771469615113,2.362861481501802
44.47,0.05174383465028222,0.6693722611550807,2.0332669658657054
44.48,0.08000587011516765,0.908550174806535,1.485928713711255
44.49,0.05474077109600498,0.7039327022125975,0.8786148469983696
44.5,0.050382685387879336,0.318204421535949,0.3410290785028582
44.51,0.08037207618208791,0.002221957746130127,0.01798670334811388
44.52,0.03163323692487528,-0.07952769103885285,0.0030775421490802043
44.53,-0.10215683240519019,0.065579884986371,0.1689319986642438
44.54,-0.04710179814723449,0.11964002588587369,0.3133802703595947
44.55,0.010645022116878912,-0.08373781324428146,0.3989928001396037
44.56,-0.12607999885467097,-0.2113146840525367,0.2930144828478044
44.57,-0.2618776686953232,-0.2301771254802702,0.031319890839665056
44.58,-0.28995336021184315,-0.2189252730825289,-0.25441101638180463
44.59,-0.29708421997945844,-0.17517356843017126,-0.5047031839578424
44.6,-0.3307118232511331,-0.18579007696391261,-0.6900512073817483
44.61,-0.359738675824104,-0.2405938484196212,-0.810932752744955
44.62,-0.3635564013039437,-0.31259772879000597,-0.858143406387093
44.63,-0.3437171483155777,-0.3480584401385357,-0.8072029525708437
44.64,-0.28880855551598333,-0.3592403777715994,-0.6660757119419902
44.65,-0.15612835925644283,-0.3796749888712108,-0.4658601673541618
44.66,-0.007390800604781727,-0.3870816205103535,-0.2670458161361836
44.67,0.03374707882537325,-0.31890372008004647,-0.034994050156079724
44.68,0.0002401795860881067,-0.17469505301461466,0.24334531172456952
44.69,-0.07438995800611684,0.013508744320515726,0.5162157158876192
44.7,-0.11267850771212647,0.10639644420581443,0.8120388158121221
44.71,-0.08170036765864612,0.12244019106996765,0.9991836530391327
44.72,-0.05027707586947054,0.07814496066381225,0.8455808746464643
44.73,0.02633082817016235,-0.022104913347429485,0.38639295676909247
44.74,0.13225992639000986,-0.05477943145837224,-0.17863992958351377
44.75,0.263867518125383,-0.09138318684864989,-0.6914716055257029
44.76,0.40514419299858756,-0.14657562767967044,-0.9557994559789788
44.77,0.46882190960426773,-0.16593136798090108,-0.9318567282765369
44.78,0.49971191364483614,-0.028109808678736244,-0.7400416355005185
44.79,0.5904448493547176,0.057840737939179494,-0.46445123328972865
44.8,0.6442086151254086,0.08772117635282287,-0.18531204905566406
44.81,0.6099498167145596,0.06317544233413246,0.01178863973767598
44.82,0.370641312742644,0.09958127921571303,0.04399654493919694
44.83,0.005747496426605408,0.17338645285654627,-0.034645084201225515
44.84,-0.2942761249255038,0.23420154241662391,-0.12162653825325219
44.85,-0.42954307309132167,0.2624764172543454,-0.14734697851726394
44.86,-0.38177411420613333,0.2419324004166253,-0.1376697260075794
44.87,-0.2134520908160672,0.21247223429980333,-0.09160931685980664
44.88,-0.09285994518457544,0.2597439185083891,-0.11882502556658485
44.89,-0.0783730732951978,0.2837374132434747,-0.180678384188457
44.9,-0.10396243065541692,0.286351689702113,-0.24063574851829142
44.91,-0.17804787251244622,0.25616001220825446,-0.2110878931055886
44.92,-0.30341597035246265,0.3147611214482928,-0.07674070673719569
44.93,-0.40424120528651997,0.3587969408945951,0.12112734261980114
44.94,-0.43934026887816885,0.3109859527527895,0.29485380708626147
44.95,-0.41461928062588926,0.20339290561489823,0.40585774088215365
44.96,-0.35995125766217123,0.15262509291348988,0.48849130303091953
44.97,-0.3326232886564679,0.08615502345871176,0.5965942732427766
44.98,-0.3516724185087304,-0.04927153185284175,0.6774900102476465
44.99,-0.38721007319917555,-0.25492034250091844,0.7458419888167945
45.0,-0.4053097996268791,-0.4406521348456859,0.8617789272238491
45.01,-0.4177345266170109,-0.5513345649256131,0.9836592491015076
45.02,-0.44631518329362224,-0.5657163491341455,1.2184542215877645
45.03,-0.5034691569277053,-0.4970316685125472,1.4330695246545804
45.04,-0.4783997224550099,-0.45729832730924225,1.3602547856902036
45.05,-0.3446596225139223,-0.5344108734143769,1.1514285458120743
45.06,-0.11980189782051755,-0.530667365041125,1.0256964004274711
45.07,0.10328465333883648,-0.4323588906223919,0.8875001891034062
45.08,0.22641530996729778,-0.30664738928012863,0.6616389667659984
45.09,0.2568430017283252,-0.26310500984727564,0.30921693371478476
45.1,0.2844730600700353,-0.35208548043410015,-0.10173218099510853
45.11,0.27691652505157965,-0.42582499541660346,-0.4838273272922861
45.12,0.20466851486886767,-0.34899948466217107,-0.7546746546029702
45.13,0.10525020692413511,-0.2073301629391841,-0.8783581318588674
45.14,0.04044180991218123,0.052834963220893254,-1.0026906241580407
45.15,0.03896589710789086,0.24634198151763917,-1.194508519965775
45.16,0.042850401804116575,0.3054525359244754,-1.3789445227087251
45.17,0.060410228522547266,0.28933584610692076,-1.4773602248833888
45.18,0.11192249698416988,0.2618510057891271,-1.5403794046736328
45.19,0.14113539923266,0.1300242180717272,-1.4943322078896437
45.2,0.13761109842888683,0.002492495846090426,-1.3960477252398258
45.21,0.11204299480339402,0.03543885598791558,-1.454707933876227
45.22,0.07981296127946741,-0.0038611762979008164,-1.3119086007827754
45.23,0.0641765501288523,0.02313873527721364,-1.0841055920698226
45.24,0.08451954241575098,0.021281016631008527,-1.0000136606436802
45.25,0.08147994497396718,-0.09119596628376106,-1.1565713348527755
45.26,0.03291518641793489,-0.23139345904338524,-1.3864778653026861
45.27,-0.02543020539397192,-0.34353881447206275,-1.499136592759113
45.28,-0.060405422411332,-0.30159792289026743,-1.5324047055162469
45.29,-0.04218730576602196,-0.1749471819485005,-1.4552850814700589
45.3,0.053336615710019554,-0.05678246089130767,-1.27411145719005
45.31,0.1796825775260291,0.13225002630499294,-1.0816471809132966
45.32,0.28171507901831055,0.4005687374865452,-1.0139444264064994
45.33,0.34441618893094805,0.6946583824635891,-1.0731833286536656
45.34,0.34920237241020874,0.9203756621959116,-1.1827527654042806
45.35,0.32431675074960575,0.9411467247418077,-1.1849216873193156
45.36,0.3046578008418415,0.8194553443931942,-1.041981981522529
45.37,0.2940493473543478,0.6151482710549614,-0.814313033698344
45.38,0.24504241502928165,0.38971642443037346,-0.6715474198366359
45.39,0.13178460938255848,0.2976418431961962,-0.7140851306776226
45.4,0.009522471699170731,0.37330520200321926,-0.8903067705419282
45.41,-0.06526897707265554,0.4958405619166456,-1.130221343863608
45.42,-0.09314150263709405,0.5515939591748822,-1.3851509231738395
45.43,-0.09903717817490248,0.47940604600774483,-1.5886501978458523
45.44,-0.16863215774956158,0.2999273207504941,-1.6674443689306024
45.45,-0.29372240675564376,0.06796749265181475,-1.603339389747106
45.46,-0.3528942009947876,-0.19076297034940093,-1.4481118836568807
45.47,-0.28681466930485655,-0.37937856142580245,-1.2319815089573918
45.48,-0.16960068810705456,-0.3640510831121625,-0.9176219503017301
45.49,-0.052056452204722194,-0.1006376339016705,-0.4753340796352238
45.5,0.10154529319429241,0.2620294036520444,0.014955176287837445
45.51,0.30346543713745133,0.44991833092091715,0.43033978646773824
45.52,0.48032320179514365,0.490879020648574,0.7251208575224205
45.53,0.5450661696613367,0.5067728644674783,0.8707431034581028
45.54,0.5169819631875257,0.5409723130484881,0.8531711281636585
45.55,0.42136408683666854,0.5998131000280449,0.724299721100571
45.56,0.2575149449347707,0.6040740965355187,0.5735917948710452
45.57,0.09316430130396638,0.5250408680607203,0.4539888806181449
45.58,0.05846229788414099,0.45395694128644265,0.38983047066307047
45.59,0.14828141815024723,0.41708538287827185,0.3636893372002905
45.6,0.2635761311450181,0.3480159688247947,0.3444727052192076
45.61,0.34263578714245896,0.29839314794815713,0.32161105210981045
45.62,0.4154530940503587,0.30074299947161265,0.2845353414352795
45.63,0.4371109789305347,0.24417393788366987,0.2440580398496835
45.64,0.3860387825241888,0.11535518656285017,0.2678164747331119
45.65,0.3637969692086394,-0.017173387649217116,0.3641694732529558
45.66,0.4076745520746166,-0.1872063746051424,0.5184964542290054
45.67,0.46679144474710893,-0.4184647134272349,0.7151890394461107
45.68,0.5063090010888609,-0.7735652873458879,0.9539972771831466
45.69,0.5179557340546209,-1.1239461150910723,1.1503753968646107
45.7,0.494917054057793,-1.181378236425155,1.2480046385825068
45.71,0.4564318206242676,-0.9352907767396522,1.2701659197093664
45.72,0.41646009882363666,-0.5814266423978943,1.2065107609842816
45.73,0.3583965674162352,-0.31321498515652335,1.0679023606577467
45.74,0.3250881215003714,-0.20965132299169825,0.919036341330095
45.75,0.3618866957427707,-0.2511899878931936,0.8393020072083679
45.76,0.41425498014745454,-0.32175735595233584,0.8297801964285865
45.77,0.3854760531743528,-0.34339608693862417,0.8385799040324541
45.78,0.29600277414771836,-0.3071632596808529,0.8423582546065931
45.79,0.17469534487057714,-0.21023162554468947,0.8632195741808333
45.8,0.04767061269127493,-0.16275114927901577,0.9507436964055526
45.81,-0.016327252036798443,-0.25129545697411926,1.0885039622332087
45.82,-0.02476081403787214,-0.4491128749303987,1.2072154881121904
45.83,-0.00952746855543343,-0.6324022933214858,1.2566880618152327
45.84,0.01277057541547943,-0.7169533367386347,1.1332289528816495
45.85,0.0398687533698117,-0.6967267576788292,0.8837767969067918
45.86,0.012303113863668147,-0.6196250146525653,0.6907959451060111
45.87,-0.08875292671031226,-0.4899392291193475,0.509803706064972
45.88,-0.22333658709522894,-0.07761499847118063,0.26665200486279833
45.89,-0.35626840379990005,0.4791431855210613,0.035203215812349684
45.9,-0.44371465300278634,0.7740451949130672,-0.047914812941969434
45.91,-0.4171844983286087,0.6557016842370794,0.06978296682363352
45.92,-0.2703989630039766,0.2953491132656495,0.3155516195622064
45.93,-0.04015492091228294,0.09502126419209438,0.5828428589140088
45.94,0.20641473900310642,0.2066199819070739,0.7281144391101447
45.95,0.34877000381699697,0.5008118372483934,0.7425077843796438
45.96,0.3438983635602425,0.5872864518784029,0.7838420201296926
45.97,0.20988682015133944,0.35328261681712503,0.8876484886179825
45.98,0.0061605474017188385,0.13609193084577748,0.9591208049729756
45.99,-0.22181614428094634,0.07491781225451274,0.9715181866316658
46.0,-0.40457012867252024,0.09664416066897709,0.9701739829988527
46.01,-0.47269707011587697,0.13094890746743076,0.9947242370747166
46.02,-0.4671098033347692,0.1203171657652711,1.087595245075451
46.03,-0.4694904755793368,0.05372246264353406,1.2239302022655958
46.04,-0.47967513187958377,-0.009246729825906873,1.308842256225818
46.05,-0.45759597512348965,-0.04523377481875329,1.2898156105066614
46.06,-0.3940033221107073,-0.07558483598855255,1.167814144387466
46.07,-0.33486663768107916,-0.09169973812399217,0.9408201265551994
46.08,-0.31808593899958065,-0.103606590441164,0.5974454442010932
46.09,-0.3150603461294512,-0.13315948130733402,0.14989211514013417
46.1,-0.2912421058212041,-0.1607598327229935,-0.29790508202226557
46.11,-0.21542021225243296,-0.19799039039223912,-0.6214352490403758
46.12,-0.10541335294590674,-0.29607392309717173,-0.7864456566870854
46.13,-0.01565981810128832,-0.46323844924345825,-0.8028788267913125
46.14,0.007087002906227903,-0.6105634966901481,-0.685140886000167
46.15,-0.0551643096525081,-0.5436960293656486,-0.4905432134619199
46.16,-0.1099804410823683,-0.3143171651409968,-0.3289409464775409
46.17,-0.09701087596423796,-0.11855010323818263,-0.34533992049038614
46.18,-0.08948215260705707,0.0426349848301059,-0.5536426530078195
46.19,-0.15334587213922565,0.24507752924019788,-0.8285224048809392
46.2,-0.2723541668093413,0.4561494403711299,-1.0785240801922729
46.21,-0.40018174981159915,0.5714207473760492,-1.2473534741966708
46.22,-0.493914076369967,0.5900489161834178,-1.3204425313779693
46.23,-0.5031693454432095,0.532715965358939,-1.2983784979851398
46.24,-0.42593375646226755,0.45277932049140346,-1.2712556803475161
46.25,-0.3094495136594431,0.3138521914930581,-1.2226662465889286
46.26,-0.18998923403953102,0.1059919709655131,-1.1904026122405729
46.27,-0.08918310833270085,-0.026366319881074053,-1.3185327156704802
46.28,-0.034707143887766835,-0.11444297744296324,-1.4545594010203504
46.29,-0.04848460063587012,-0.22973875437376454,-1.5061406842541487
46.3,-0.10920765539156817,-0.3172095077171363,-1.4627136656257418
46.31,-0.1545813001283594,-0.31375320940889057,-1.3488821649597
46.32,-0.1575074908289523,-0.20822436036197223,-1.2084840059714885
46.33,-0.13315491481892222,-0.0965043023066582,-1.0253886078890893
46.34,-0.09273740045611767,-0.016639452424292118,-0.8463844903266413
46.35,-0.04249051276917937,0.06403217690220189,-0.7744529586856438
46.36,0.005445490328753655,0.15986590404302464,-0.8256917740821188
46.37,0.08780655054522443,0.2639575800342955,-0.9242588781005094
46.38,0.2206673456129751,0.3036565626950723,-1.0013902061707625
46.39,0.3419942092458793,0.21826376098065828,-1.0341818765174167
46.4,0.40061306048317086,0.06585048644629031,-0.9798054213523502
46.41,0.39724259491279573,-0.035393852477283355,-0.8918448920806412
46.42,0.3415605208714421,-0.03200232583310293,-0.8751304340671886
46.43,0.2164001144616558,0.058174370595786784,-0.9320273929223813
46.44,0.030071800991478992,0.17324961758879914,-1.011468292123873
46.45,-0.13067691824175057,0.27099967655638396,-1.0488545862484766
46.46,-0.212618108505953,0.36075363487316303,-0.9894856042102094
46.47,-0.24110479210973917,0.4387005919481991,-0.822068638746722
46.48,-0.23082857023842374,0.5198805908231716,-0.569641685334969
46.49,-0.20176168679842454,0.6119427785106524,-0.2864834975351491
46.5,-0.19187756003438716,0.6679579972359371,-0.053002977957701
46.51,-0.13998650282827446,0.6543343327294011,0.06382638386737363
46.52,-0.007372975291136124,0.540053835754093,0.07568890447857708
46.53,0.10902051234153279,0.41669956830150146,0.03447558049497225
46.54,0.18273400413480892,0.443005931263553,-0.023659984817968775
46.55,0.22051577412770812,0.581359642272698,-0.049167360277751815
46.56,0.14895239435809346,0.7196929652871777,0.025834258843683598
46.57,-0.030269314999530186,0.8371223184168435,0.18389335736172757
46.58,-0.17355336843289515,0.8755453380137483,0.34083944159194834
46.59,-0.12330789433101391,0.7341536611285034,0.4341099439151641
46.6,0.11554006560008799,0.5256887175740799,0.4605649887427772
46.61,0.3757923300895,0.4483521398229927,0.4168094242858396
46.62,0.5121740920618711,0.5339300678058695,0.31889532517960256
46.63,0.41375855509592074,0.6074970694339459,0.2137377648609959
46.64,0.22644873388900016,0.5685424393945023,0.14368616785063307
46.65,0.13712408167542278,0.448150800299412,0.12182566510789558
46.66,0.16763121790292748,0.28371226981783293,0.13482138082439998
46.67,0.30830200203150465,0.0722103684632146,0.20032704258491463
46.68,0.47674267388079744,-0.16102005181630433,0.34889653364682316
46.69,0.5855462498147896,-0.3525866767425696,0.5892170007261451
46.7,0.6220663757538144,-0.4811166952166103,0.867402399365772
46.71,0.5934090766974162,-0.4807265469634909,1.0252939629023812
46.72,0.5058448057539895,-0.2683062830436248,0.9885853253141581
46.73,0.42408585401706944,-0.10404203614410142,0.9074527411212238
46.74,0.3590932289224977,-0.12003991268783956,0.8472085172969992
46.75,0.28943036988654747,-0.271330489121377,0.8384563327821879
46.76,0.24125552149762888,-0.43765315477219924,0.8987535445529676
46.77,0.17909432676213896,-0.5570351851880477,1.0576031599902473
46.78,0.14729751760546758,-0.5707101862635924,1.3108547920787905
46.79,0.2297001746663003,-0.425300821786276,1.6163690702108429
46.8,0.3289940954668733,-0.23559794743949913,1.8060391618432825
46.81,0.3296397574309222,-0.19780848439408005,1.711269029243145
46.82,0.24424640198929795,-0.3116157586091761,1.3536208127518008
46.83,0.13693159777170152,-0.3891717951754058,0.9267214005925543
46.84,0.020992856075614224,-0.31918669393443777,0.5590589710165353
46.85,-0.10384828676405816,-0.2376093256020249,0.4152817726940325
46.86,-0.2044427254398149,-0.27383941088688696,0.5167303224593052
46.87,-0.22478753814925256,-0.48686867469696277,0.8559894339180025
46.88,-0.18396675614002472,-0.751566414321217,1.3240498561615552
46.89,-0.10295804323020481,-0.9604108226518814,1.6550855198862833
46.9,-0.022397105273050926,-1.0214673999016972,1.6657222804709715
46.91,0.0015625242636935328,-0.8306286567304315,1.5589455687081717
46.92,0.009197423451044198,-0.3196396168042037,1.4777044721676422
46.93,-0.00643823863957847,0.16160532715832454,1.4548103094211156
46.94,0.0019624423147649186,0.312237492795128,1.385518692612798
46.95,0.011630823202858109,0.25364654967676487,1.2022719690572699
46.96,-0.001237672259194214,0.3173265195169407,1.0133304096590257
46.97,-0.02779029640987846,0.3922927122123901,0.9871974342248611
46.98,-0.05844725514375436,0.36571189821928246,1.0828998553764186
46.99,-0.02711961487885886,0.2732856798540989,1.1558211231064999
47.0,0.02800078563881583,0.12215766480913014,1.025849494620827
47.01,-0.0014828872267194065,0.06724373842399474,0.8547924067287911
47.02,-0.1039836567325755,-0.0353129232931285,0.6483068021576037
47.03,-0.2007909833046387,-0.06816716953434356,0.42707757404205987
47.04,-0.2541024581037357,-0.06960538425533234,0.18488684325220703
47.05,-0.26811905732749647,-0.09467096587184431,-0.050385999078338385
47.06,-0.28930637409799453,-0.11425068862010584,-0.18064450084844158
47.07,-0.23806317260856458,-0.17563436126727255,-0.12130837147303886
47.08,-0.21716874621058904,-0.21448206770265346,0.034909607872325554
47.09,-0.2689237902817164,-0.18000814061098283,0.19031334719510878
47.1,-0.3302076857313169,-0.1502415998613914,0.2440240920937106
47.11,-0.40330444641248875,-0.160932825073698,0.17108327894571912
47.12,-0.4430034780213355,-0.26510106325377525,-0.021867258920949408
47.13,-0.46226301916033813,-0.4258177814692836,-0.2838561843187573
47.14,-0.4308382757498539,-0.5401702515819887,-0.47461878004365554
47.15,-0.32240241445113,-0.5722569463592467,-0.5426152916046073
47.16,-0.25008451480778926,-0.5158776299404181,-0.45566686089433817
47.17,-0.24808416999566127,-0.43493380485560834,-0.29427826476367464
47.18,-0.2317128242845782,-0.30526262102181945,-0.28380512726284934
47.19,-0.19122324574854876,-0.09118945761390847,-0.461923055404286
47.2,-0.16301378552641235,0.10787190393704928,-0.7024612128540265
47.21,-0.19624868453107777,0.21009658934904848,-0.971637687761152
47.22,-0.2526273367361738,0.19587405997810567,-1.174296980968583
47.23,-0.3151267300353902,0.21557043944612786,-1.3939642604887401
47.24,-0.36345564891486176,0.28713129430248935,-1.7025303511105656
47.25,-0.4476855685045395,0.3604271873575235,-1.9519946035955413
47.26,-0.5434266674916871,0.5236813508081964,-2.211155723328944
47.27,-0.575045263390122,0.8285651307038346,-2.4374250953793863
47.28,-0.49921109854734413,1.0207322022775098,-2.274338309695056
47.29,-0.37755684158239616,0.8639876969557201,-1.8932608887998847
47.3,-0.17453352925593157,0.3471699887269363,-1.6664493937851577
47.31,0.03381572972302546,-0.32986760599212295,-1.8536137329372429
47.32,0.1192196631921152,-0.797011089981925,-2.1105847896450847
47.33,0.13494245296717453,-0.7851414091061549,-2.138943342044274
47.34,0.08201729906515699,-0.33804176440050154,-2.0523767379299476
47.35,-0.009478167563810013,0.2386875772101448,-2.0784089069877845
47.36,-0.1275504285725709,0.6758227343425725,-2.2516354054484746
47.37,-0.23726967797842857,0.923369995605044,-2.3501803828098002
47.38,-0.34059631341687446,0.9496942169735619,-2.1334055877668336
47.39,-0.3565846756281896,0.7413102350475652,-1.4457108695649188
47.4,-0.3300071961572466,0.3609838872306694,-0.4779178121733433
47.41,-0.35060508413050384,0.11299060734081376,0.24888741116853244
47.42,-0.492982763114799,0.20840762780649155,0.3393212437349146
47.43,-0.6351679772404876,0.6075324245754515,0.054509480713983
47.44,-0.6979200437545804,0.8941122659489122,-0.41840395473824127
47.45,-0.6020246474927212,0.8744931533148914,-0.9433708123249833
47.46,-0.4444872370971393,0.588033987528479,-1.3415440450458698
47.47,-0.2983331673467237,0.1906081922908697,-1.447789484687296
47.48,-0.22901248903024427,-0.14589613911592972,-1.23041100592109
47.49,-0.22168631716557985,-0.31633798560046844,-0.8648917944712201
47.5,-0.13472328212211052,-0.1969868628720372,-0.5566145606168077
47.51,-0.09212571020799554,-0.09634543890057941,-0.30517866821223
47.52,-0.03130667384534084,-0.19671182278817193,-0.03551128803468322
47.53,0.1811728455832805,-0.4204107133648755,0.21891248439348482
47.54,0.374485569371412,-0.5103845488475318,0.29056243552591404
47.55,0.4414694733283188,-0.4254296891427784,0.24519456605951787
47.56,0.47968112148569014,-0.2112433405380922,0.1264108311239923
47.57,0.4299805905341569,0.0086178555060206,-0.031095224160943995
47.58,0.27745124036378066,0.2765997132506322,-0.11420262658901029
47.59,0.2910484950818728,0.5584480450788468,-0.07813037489557924
47.6,0.3393526813837429,0.6095153005337751,0.08259712894903137
47.61,0.27202236880011826,0.5060113539152258,0.3318534720842501
47.62,0.15650792795493418,0.5400905295988665,0.511908269178858
47.63,0.11399793440039879,0.5992545489484922,0.597403584701295
47.64,0.07251633528789589,0.5661357120150566,0.6391534037877437
47.65,0.025057743225611964,0.5224121889140773,0.6977997790463442
47.66,0.09171631926206983,0.44883335780952616,0.7463310878930342
47.67,0.17039443695096834,0.27820275044242393,0.73237965360298
47.68,0.10958016633060373,0.0571278028012499,0.6956822259582593
47.69,0.04852265630502029,-0.0745918330507084,0.6991067165577066
47.7,0.03958742206592001,-0.11601460141621207,0.8015902898140218
47.71,0.06649393127688642,-0.18784085870853542,1.0082960031498511
47.72,0.11387234250640675,-0.26773772483699587,1.1876362731120076
47.73,0.1471322321442239,-0.273588599326257,1.2178927766029581
47.74,0.124468949633938,-0.18780244025884316,1.1357715943772622
47.75,0.045388521071948525,-0.20230735613635695,0.9351581652287243
47.76,-0.05910312164933742,-0.3578626598758772,0.7553265853209058
47.77,-0.09602974808029939,-0.44707213275767205,0.6731601123426961
47.78,-0.018520008764490888,-0.5035477103038809,0.7635401258411487
47.79,0.10511871966954407,-0.547379411309609,1.0679830267613113
47.8,0.2075695780673569,-0.6966658193462737,1.566744302337068
47.81,0.3159487811386627,-0.8370735979393191,1.9708702468290535
47.82,0.27171661011029047,-0.920659081810275,2.019398784678062
47.83,0.07166610097239405,-0.7564024361656925,1.8795896289255638
47.84,-0.12706105142886212,-0.3514153839990262,1.4968757135558786
47.85,-0.31497627942779843,-0.09434566629556573,1.0607072968123241
47.86,-0.4399175281942734,-0.16524900295931313,0.7711828897511798
47.87,-0.43410117052334846,-0.3075536493852585,0.6067753589084959
47.88,-0.28935721933109015,-0.35322216542679635,0.5414182815354249
47.89,-0.12533087767046935,-0.2979724804881466,0.6030319175838611
47.9,0.07774584100393277,-0.23937070833101132,0.7118037155932257
47.91,0.2859412064125445,-0.12087267425140803,0.7946986580518431
47.92,0.3780972845675794,0.07086234049005326,0.7116792684735944
47.93,0.31450666659940635,0.18604831501296715,0.4924137293857596
47.94,0.13594623015204185,0.2469061121539247,0.31327965153595844
47.95,-0.07410557592015388,0.208669673460613,0.23852911157672552
47.96,-0.14317538817651893,0.12497397373517408,0.2372738573237937
47.97,-0.11813849667800219,0.15279198099257807,0.23384178731799496
47.98,-0.048641651331810455,0.10366273535431629,0.3520092859211079
47.99,0.0301074254815819,-0.12844002886623937,0.4501282269516373
48.0,0.08334547978754238,-0.2236647112187814,0.5999108005948852
48.01,0.10927499399459718,-0.2169657906237273,0.8120960036420912
48.02,0.07623660401393252,-0.2507725037080813,1.0161315353078666
48.03,-0.010260023937129548,-0.28972699248564426,1.066473360667748
48.04,-0.09752147881641485,-0.28930567493765397,1.0116527254353205
48.05,-0.1778289734202532,-0.3573144159431757,0.9916617705917681
48.06,-0.26346591208761827,-0.38808573819173126,0.9973519514412197
48.07,-0.31892836748111425,-0.38130619716493225,0.9646933633054909
48.08,-0.3370024424132029,-0.40922458183504984,0.8713951872047037
48.09,-0.34045986003966483,-0.4542049283293723,0.7674340685027063
48.1,-0.29974418131682257,-0.49551007860407703,0.6213768039740964
48.11,-0.21337433293973684,-0.5568169840986272,0.42694055652379315
48.12,-0.1441544898743525,-0.6013842090914931,0.24325162680677487
48.13,-0.1259812250500565,-0.582610834659488,0.0791374547354255
48.14,-0.06914293073376611,-0.5453010969084171,-0.13591080487770518
48.15,0.02303000214764706,-0.5406271755534369,-0.3915400972735101
48.16,0.11667617182638297,-0.5198793515990986,-0.6686368729756167
48.17,0.12889936536220378,-0.40176914865941044,-0.8955847564239144
48.18,0.08373385437604158,-0.27320834441322,-1.0005205874344942
48.19,0.08876978178994918,-0.281505886397867,-1.0788726940075168
48.2,0.13532993670957572,-0.2324583476069468,-1.2046952244197853
48.21,0.14748494731222336,-0.07600849383906115,-1.2930252521779966
48.22,0.09858093236022715,0.032141254892378276,-1.3239456223601473
48.23,0.05645264505252365,0.09570498679784925,-1.3265209427367164
48.24,0.06741812737094154,0.1247640176034024,-1.3517605622547786
48.25,0.08240891004348833,0.11513912036035338,-1.451795638042692
48.26,0.08195742928523105,0.16284053208774318,-1.5664943595995342
48.27,0.10593959086691575,0.2455045817826663,-1.507872946164393
48.28,0.13562113652279692,0.3523159749885474,-1.468133463210179
48.29,0.13022822048605207,0.31309958854032915,-1.4687615499982416
48.3,0.09924798301968346,0.19365949260586443,-1.5606057539035725
48.31,0.06809790975772752,0.02770368903659126,-1.5983106492412613
48.32,0.048976396130344546,-0.0903730704025757,-1.5621677929727598
48.33,0.03929091433634199,-0.16270067611208117,-1.5323316237216362
48.34,0.037790385318939405,-0.2607039109417537,-1.4394093445413394
48.35,0.0644744288365662,-0.360197283513449,-1.264401026504547
48.36,0.11578431691238374,-0.3916234730020768,-1.083518563890228
48.37,0.18234427394007754,-0.3607079250625083,-0.9415821015201168
48.38,0.22191543365555114,-0.2674029954992135,-0.8463746183109807
48.39,0.23540793258836443,-0.06053719159462404,-0.8513833492256131
48.4,0.20760269706309237,0.11898622382705593,-0.9283030431761682
48.41,0.16230282467603058,0.19136220110473812,-0.9749691064864852
48.42,0.11585959247558185,0.24388916453844628,-0.9958463870927158
48.43,0.06141914222740999,0.2815283555401607,-0.9820511785997876
48.44,0.002415924209587542,0.27002983322281404,-0.9062659394220284
48.45,-0.04399667920973284,0.22892176692238012,-0.785080767435729
48.46,-0.06735901557402336,0.19008686640980765,-0.6549464087274247
48.47,-0.1015694728551742,0.16179106266756443,-0.5414958544340047
48.48,-0.11110143430331684,0.165009168795422,-0.4750066958697872
48.49,-0.035317978369008136,0.22285117413104638,-0.4629247812259406
48.5,0.06787776822663108,0.32726843465888017,-0.45678417219474765
48.51,0.08306429038203211,0.3773575174081867,-0.43908715970049844
48.52,0.030791650672575995,0.3579886515790054,-0.4298636461080114
48.53,-0.007277856642289938,0.3400797790157051,-0.43532363962479603
48.54,-0.029933964836521523,0.33869579282097995,-0.415869729151458
48.55,-0.006327305936067127,0.35330229867983454,-0.3243909270137158
48.56,0.0958428632311562,0.3662730308435675,-0.14434659931904192
48.57,0.17631568637391115,0.32669242854896047,0.09057611282662036
48.58,0.18938510536442724,0.292775829219983,0.2955885262244879
48.59,0.1962126349380951,0.37685726977076334,0.3973745020381886
48.6,0.19552326376315834,0.46115691267538184,0.40634735484604395
48.61,0.14499306546787374,0.4192972613699032,0.37670796497545084
48.62,0.11909786490483266,0.35333365098112857,0.3477652345608601
48.63,0.14550691156285145,0.3347991646502303,0.30660934874409473
48.64,0.18650316867726766,0.2857245187754222,0.2665630228377313
48.65,0.27220774155916383,0.21649529747514978,0.24155752532966637
48.66,0.36782429851586057,0.1759332938807558,0.23394232130605258
48.67,0.42117203347611226,0.1656553935498055,0.262826479764214
48.68,0.3999172907604698,0.1511927457344647,0.3337346148924353
48.69,0.3292097062812845,0.14134524857224257,0.39275454788804065
48.7,0.2900235097665895,0.10543396045083889,0.39230222286914224
48.71,0.28659649200575266,0.008778056984402177,0.35038272360116113
48.72,0.3217428854517852,-0.131086908999474,0.3375173921950327
48.73,0.4132022271365532,-0.3262928206344139,0.4284410017117803
48.74,0.41823007552701114,-0.7886437052086656,0.8090156424947513
48.75,0.29064051183429485,-1.486277525880559,1.398090308745312
48.76,0.23961769469334077,-1.534511987677572,1.5813481759728876
48.77,0.2719869152287802,-0.79413039246725,1.4351686273903
48.78,0.26979784850787103,0.03203733360959216,1.191613169304666
48.79,0.20463364237823822,0.38349140901883816,0.9966765234466027
48.8,0.1481598861243605,0.34752524116396116,0.9992121605846999
48.81,0.14331570462033058,0.20384643205552333,1.1618682001380272
48.82,0.1535176411657257,0.05227904761389711,1.3546137934912454
48.83,0.1549398134486891,-0.09329838388956221,1.5022597693109394
48.84,0.1474953665785465,-0.2437709668192813,1.5741952337139982
48.85,0.09240048598287662,-0.417477276111786,1.4626776934109658
48.86,-0.010533973096413574,-0.5687917820165657,1.1150139182917176
48.87,-0.09112979771725217,-0.5534905495645333,0.6167053423394881
48.88,-0.15745617476735904,-0.32912116053788915,0.140067465109023
48.89,-0.23988184032867893,-0.039493243928838476,-0.11823107881541475
48.9,-0.27422486451481837,0.19179393097163014,-0.14595985915782136
48.91,-0.25845281169710393,0.3339800199712909,-0.12436915735888336
48.92,-0.2739022397139537,0.3966394117278904,-0.15104091825495847
48.93,-0.3124216401398638,0.39663194562849247,-0.19457126623567386
48.94,-0.31029691813636495,0.3424066856721149,-0.1772462991576228
48.95,-0.2803729694359524,0.27170302103703814,-0.05646816568878617
48.96,-0.24022863025083682,0.20171355775298017,0.14323906775855597
48.97,-0.19150824969813846,0.14130321712402924,0.32476866802029447
48.98,-0.14276599181869332,0.1398677514387061,0.39527383731764903
48.99,-0.09313236962846354,0.15882634026290898,0.35606470414823976
49.0,-0.07958647965685772,0.09904653091780924,0.24329712840485193
49.01,-0.15206441558251232,0.012877432255252896,0.10157053047720503
49.02,-0.286842946449302,0.04658002575205893,-0.019061558204646004
49.03,-0.3863457744421999,0.18856196185322813,-0.09986728088375565
49.04,-0.4162625464879053,0.307672366348012,-0.19621484196797429
49.05,-0.3659943378505127,0.3514045290499393,-0.34146909566750305
49.06,-0.20495979011478901,0.31000084060163263,-0.5117488577528085
49.07,-0.004806069092149753,0.190998419501894,-0.6774638013722003
49.08,0.1506586415126826,0.05660716515404507,-0.7931768082644337
49.09,0.2614477637638569,-0.015470140149010367,-0.8518338838490065
49.1,0.3384116208906001,-0.045498183610872656,-0.8456336594495075
49.11,0.35713671905117317,-0.13181455107135073,-0.806022841756811
49.12,0.371565187060931,-0.2528647342404959,-0.793613857568088
49.13,0.4107880039982011,-0.32524990620105915,-0.8206297946967321
49.14,0.3882016542336255,-0.3204842509818706,-0.8643733469287732
49.15,0.2886763406427652,-0.23985600478604005,-0.8883856781550777
49.16,0.16391773805862803,-0.15863790273645992,-0.8948985088155514
49.17,0.05164974098589178,-0.1454281967307028,-0.8917639083852957
49.18,-0.047999817733761684,-0.1746351697659857,-0.8519506284844006
49.19,-0.1446000440524786,-0.21629820774035974,-0.7049447709028491
49.2,-0.2440901190043886,-0.22109044150484916,-0.4656772073930508
49.21,-0.3421960162681723,-0.12156818320003107,-0.2591892199609239
49.22,-0.3603932304644533,0.05537566028235652,-0.10969922196168444
49.23,-0.2779570291484939,0.10692799602496307,0.05926488583146612
49.24,-0.20752750449058663,-0.114976392667686,0.2613041560462382
49.25,-0.15564594177253088,-0.40295777307518776,0.3566090601015569
49.26,-0.07393972405976786,-0.48615385582848974,0.2790739399779432
49.27,-0.011973821926430595,-0.33859038340847375,0.1291117625242795
49.28,-0.0013051429059361412,-0.10785393658603208,-0.0364764528688903
49.29,0.003980177916868661,0.026921156455830365,-0.1433918156713502
49.3,0.09133252006483253,-0.03717045665296563,-0.16928750300856973
49.31,0.22273286251599678,-0.24494806963775248,-0.1369690510909239
49.32,0.28578072867697285,-0.40621556678425497,-0.031735761781126304
49.33,0.2915031595139372,-0.40088429925934976,0.13307465389250775
49.34,0.24274769563538184,-0.2810365281729113,0.2902583911451688
49.35,0.09462814102618154,-0.16611253046356547,0.3718753080731744
49.36,-0.0625911819991172,-0.14344538433460868,0.39010236985475155
49.37,-0.12238154554399555,-0.14512103435541313,0.36308613996958633
49.38,-0.10179659867774181,-0.06873043343760005,0.27173809159863926
49.39,-0.02973101348306786,0.04421186046921665,0.10907879407989012
49.4,0.06942910717488772,0.09816253569285509,-0.04705824063217388
49.41,0.14133135776208788,0.09483860573537714,-0.1399190331287917
49.42,0.1841467108304527,0.10489695683276008,-0.20786167144824755
49.43,0.19696969299419742,0.1147483397226228,-0.22504925936676803
49.44,0.15156905669902854,0.09955262314293635,-0.1656084562803409
49.45,0.10046961506069589,0.07612332697294391,-0.07919918649435555
49.46,0.08443510703722865,0.053723958400318024,-0.019884882414355463
49.47,0.07396690702240413,0.03791477903197714,0.010599759954143282
49.48,0.047946680969854584,0.03466655075133158,0.026993516698670793
49.49,0.016294365648465703,0.04957660503899231,0.05301410836425687
49.5,-0.007590125228625521,0.06828699815936864,0.08196038039170621
49.51,-0.001350436558524558,0.06040218776830389,0.13107258475877953
49.52,0.010197109448606141,0.008413224711104514,0.23559152522911872
49.53,0.015630747235228767,-0.0776564969941796,0.378981817361453
49.54,0.05057645614203454,-0.1466804354430862,0.48283840958842295
49.55,0.10027778327754414,-0.17721025478375674,0.5213185162381831
49.56,0.13281229815515777,-0.16892404871700623,0.4940797192264276
49.57,0.15175157363180544,-0.12454848730541287,0.41825283960702697
49.58,0.18450162433450165,-0.052944183437538414,0.32129336705435124
49.59,0.19012748679973385,0.06306040202226823,0.19822450260019947
49.6,0.1539923949824778,0.1661016619339106,0.055012776394029884
49.61,0.10966833168420095,0.13116097829812515,-0.05288009783192477
49.62,0.07177656411336986,-0.012631507819708041,-0.08047811367759802
49.63,0.020152286330116186,-0.13893797379506687,-0.07026337553006663
49.64,-0.00014351333557446666,-0.20137683785638147,-0.02852350100803124
49.65,0.0014876565335980713,-0.2304918372577258,0.06674722171757891
49.66,-0.0074941324043206105,-0.1947624210612291,0.18267243789521853
49.67,-0.006806877319854721,-0.08492747063949076,0.25410736832378567
49.68,0.00850227237746697,0.021617719371297476,0.2556758388693765
49.69,0.013245678370862254,0.07911359203285574,0.22901276679913865
49.7,-0.0028598979766852276,0.11657524566565132,0.18209394675952917
49.71,-0.015550432938776452,0.13809841648427237,0.09005605944859718
49.72,-0.017616845059867995,0.09889666972265669,-0.028426077824181953
49.73,0.004200193107273226,0.01972452073090927,-0.11814791619910583
49.74,0.03375735389035221,-0.06646998120380236,-0.14971834510782508
49.75,0.049647357282193105,-0.1391669998843129,-0.10333266103334447
49.76,0.07944894486045076,-0.14928793617843858,-0.004481247252369304
49.77,0.13736152226173906,-0.1436064244041896,0.11540772102617207
49.78,0.156150330582516,-0.16000958469222248,0.18496970373306443
49.79,0.14795401728503035,-0.15974470427409182,0.20348796428201318
49.8,0.14973972959810686,-0.12141617624005963,0.21359287967521828
49.81,0.1447090608597328,-0.057097215298713234,0.24231278025502914
49.82,0.11556764129018095,0.018628030730382283,0.24583781101738045
49.83,0.1146405920179696,0.07222809010558531,0.24185302879689047
49.84,0.12778316951206467,0.02133547156337358,0.2594196388721822
49.85,0.10996329938784387,-0.0653855799657255,0.23229589923729194
49.86,0.07678863376376614,-0.11836079855695945,0.1767442030456466
49.87,0.027611440308739396,-0.10399550421171912,0.11714453384819459
49.88,-0.03465374871927402,-0.04347678814152149,0.0651618860837272
49.89,-0.10104532828745402,0.010008718015705775,0.02074721548393458
49.9,-0.13731934830651,0.05774404105079485,-0.047635185873284
49.91,-0.11148896904669169,0.041259064359297465,-0.13134653136732355
49.92,-0.08152837405430743,-0.1041374396914891,-0.22688656224675344
49.93,-0.08285754176187617,-0.2521536734127936,-0.3192345935932393
49.94,-0.06327732521751872,-0.3083492185864611,-0.3615548371215708
49.95,-0.010044675732429311,-0.33979239289180024,-0.34551997215597974
49.96,0.008826774931906773,-0.3572366635410774,-0.28703730078508033
49.97,-0.0052822766259743624,-0.37327378931698546,-0.20159852682842402
49.98,0.0009489105861063206,-0.36004842710282314,-0.12191161228858373
49.99,0.01765907957318647,-0.2924794039833611,-0.05176925605333361
50.0,-0.008419335057948413,-0.1968230184971261,-0.013106264386451552
50.01,-0.02933870692294911,-0.13009741759865742,-0.02271109719834906
50.02,0.018200476269847072,-0.1397215607989709,0.04855748893433187
50.03,0.03868345371970772,-0.19645049621031183,0.18581731728180284
50.04,0.03563934951317345,-0.18475976780194658,0.22770357155456683
50.05,0.09069310481167306,-0.21223481850466694,0.2684727795512676
50.06,0.16243039601382125,-0.2608470144393838,0.2952221236312228
50.07,0.14933901365384697,-0.22126608913390358,0.2640755556195526
50.08,0.0961242427929774,-0.11503403708487471,0.1201828930150939
50.09,0.08240618440757613,-0.04999076944606041,-0.03869336422649986
50.1,0.04014103158871079,-0.05485581410400263,-0.13226545566626677
50.11,-0.03870136722539503,-0.032938718984173554,-0.19472628734322958
50.12,-0.09313202490255978,0.02279408307057077,-0.26433675116942484
50.13,-0.10980977130415033,0.07004428725444103,-0.3437674477718246
50.14,-0.12296701187304578,0.04009137186377427,-0.37765626136528013
50.15,-0.149962025748837,0.019541671044696132,-0.44810460201801383
50.16,-0.13182435694354966,0.023316234054496097,-0.5225360008599552
50.17,-0.08149410005899513,-0.04940111841801111,-0.4983643013376672
50.18,-0.016436110191164713,-0.14161629059813904,-0.42045523583968863
50.19,0.05666444425327219,-0.16271254936925542,-0.3835099482841044
50.2,0.11532532530147094,-0.22606256262309762,-0.27200661257366837
50.21,0.12296714493696188,-0.31019576102090063,-0.10250790346287954
50.22,0.0629584288705459,-0.2782995207505043,0.03992522869562756
50.23,0.01636014641935063,-0.10078401936676241,0.09856963742283048
50.24,0.029923946931609966,0.06235692949688611,0.04739563598512704
50.25,0.07130248591279535,0.044036394983979786,0.04877222304651085
50.26,0.0697026686811404,0.026046132424468862,0.0818660951344449
50.27,0.048884018809950046,0.06147949345745294,0.11429630340711236
50.28,0.040221198045134056,0.07988146622621907,0.15358265566104282
50.29,-0.015380595012303083,0.11377626376596006,0.14343845720818935
50.3,-0.04513405554140845,0.16249209357948427,0.1703759543230554
50.31,-0.05169555925626352,0.16581424685607773,0.16730520155528353
50.32,0.002167392061900078,0.18434826361167075,0.19884965769878868
50.33,0.03144185552481146,0.273862353224566,0.1558350819574967
50.34,0.08469432974469883,0.3278796030134115,0.035091056337563924
50.35,0.13426049449994112,0.34185974928259655,-0.11291345735944909
50.36,0.13532969379149548,0.24153441576273352,-0.12692938486619998
50.37,0.008195384694118818,0.11991915226066052,-0.13496900968051284
50.38,-0.15397304335366133,0.0059258618393870375,-0.15182529728738647
50.39,-0.24876335054848905,-0.06446001572828922,-0.150535580988921
50.4,-0.2637972818136096,-0.14646892678715273,-0.08444559251144541
50.41,-0.27455101245479546,-0.17513984410431577,0.012001924229071226
50.42,-0.25328341390445075,-0.14394100904406373,0.13770420183821608
50.43,-0.19763963229587314,-0.1341093324766294,0.25722990672508916
50.44,-0.16483398419336273,-0.15967326351760627,0.34567226172363835
50.45,-0.20136402308587345,-0.132088496603785,0.3618317400645116
50.46,-0.23473098994536606,-0.0573837701230621,0.43205284301802604
50.47,-0.22242017794986435,-0.006368421441498193,0.5793242174505184
50.48,-0.24367953176862847,-0.0715489261664811,0.6981902935997205
50.49,-0.2743787215966519,-0.14649026620355338,0.7977225566065033
50.5,-0.25092919100874295,-0.10586619246155367,0.8701144742739431
50.51,-0.23035282716699057,0.005776339980522794,0.8712895471684506
50.52,-0.22361503287318685,0.16469185493750021,0.7813004496221699
50.53,-0.1902621811761729,0.28206096322567414,0.6656039116816763
50.54,-0.15588329992869598,0.22237348693289502,0.5071116873546009
50.55,-0.09100369345604357,0.1134394591192792,0.35960215824243064
50.56,-0.07112047364821243,0.14711904052263125,0.2591997072209707
50.57,-0.05717152390052229,0.29370484884849873,0.316099670151923
50.58,-0.020000546152303268,0.3958390806060651,0.4530231917970295
50.59,0.012028176833718249,0.35034861650849564,0.7120377563872153
50.6,0.022903470023213992,0.315359528856427,1.0626306855106566
50.61,-0.015477719606029809,0.2580597853541104,1.1132207051887206
50.62,-0.0370879178870005,0.05765395259228419,0.8933396475867875
50.63,-0.0358702973692067,0.004776201058300639,0.7666818274989798
50.64,-0.03834294912416985,-0.004936101395716141,0.8269847116913324
50.65,0.006293244285149849,-0.027450638566476667,0.8689415056044951
50.66,0.060147815539489155,0.018869706835589937,0.9512871665124761
50.67,0.05175053779046684,0.07831853309004803,1.1030840754361895
50.68,0.030745399391450285,0.19837380937346538,1.208983036192689
50.69,0.018876119084174952,0.15290145456423807,1.1125583013231022
50.7,0.06735889338439678,0.029185054957135526,0.8207915031439009
50.71,0.07503289506474134,-0.019245797000992854,0.5832977723972651
50.72,0.05293277751375945,-0.09798965665754855,0.4689266130768458
50.73,0.04363304524344895,-0.16821304770716228,0.3523403948966117
50.74,0.049022343773897976,-0.21368813599016387,0.180660774087964
50.75,0.0661924853924605,-0.26686700323270757,0.1138949633823601
50.76,0.02873861338535716,-0.294710453676914,0.11543059682106398
50.77,-0.0022835363722546456,-0.2542725461999003,0.08673225000602829
50.78,0.01574909775125969,-0.3402781678000265,0.03921379153165526
50.79,-0.04610801648928884,-0.38635665065891306,-0.0067696790076543405
50.8,-0.09682134693632266,-0.41383547212970617,-0.04920349651929312
50.81,-0.04171219043415689,-0.48752026135565807,-0.18201824354090837
50.82,0.05945107386532142,-0.5649921444464545,-0.282948136962686
50.83,0.08402029164165649,-0.613488486200138,-0.30373265833883206
50.84,0.041887315958769274,-0.595793293689392,-0.2723749845867411
50.85,0.02413185739848843,-0.5092968328010654,-0.2522355128596286
50.86,0.0757345709789183,-0.3575423582074157,-0.33499555330173997
50.87,0.1564159937447781,-0.13095996111192837,-0.5303063220786658
50.88,0.20132424078474767,0.03621747312302859,-0.6412273963076627
50.89,0.23176822759151958,0.12387001276655761,-0.6482904297625108
50.9,0.2181105693141519,0.06572841422865261,-0.6429427397338158
50.91,0.19085485553954315,0.010064904638692598,-0.6289817181263979
50.92,0.14510685322926956,-0.06278470038666661,-0.5210507129665302
50.93,0.1087960892987706,-0.0942130247852656,-0.5093304132280997
50.94,0.0731119642549391,-0.05025657219389138,-0.6607739262988389
50.95,0.08251804887542705,-0.018930941537603482,-0.8364829825654853
50.96,0.09953561521514559,-0.0909785960725258,-0.9677371715545969
50.97,0.05813825626815445,-0.20270788491534164,-1.1010035300255971
50.98,-0.003914117926653543,-0.15438448418706457,-1.1840775237325027
50.99,-0.05926771216898594,0.00785628545790894,-1.1636729617623394
51.0,-0.15767208887019468,0.3240789219779147,-1.3171106227370688
51.01,-0.2678908576676504,0.4720835179380297,-1.2921295834283875
51.02,-0.31067878847616565,0.3772558928698741,-1.190720371030683
51.03,-0.24843652111000405,0.2536624315556429,-1.2771054522314416
51.04,-0.16185832034783912,0.12535345761118516,-1.4196926816055317
51.05,-0.149044482699159,0.07046681978095487,-1.5259360032442788
51.06,-0.21398363661810976,0.1641944888770943,-1.5853269896107096
51.07,-0.2895819181895509,0.31273824765362856,-1.5852940510168414
51.08,-0.3404440142044539,0.4099528084057341,-1.5872080264352322
51.09,-0.4001479933932472,0.4384036759625002,-1.6400034751952532
51.1,-0.4256087241084195,0.42817450759009384,-1.6820742493709142
51.11,-0.3335698426071346,0.38402384310375076,-1.658882699330884
51.12,-0.1624028031207121,0.2688544910710724,-1.5490337840100277
51.13,0.04550176868704687,0.1069634487212642,-1.3944793770019774
51.14,0.23418109024678865,-0.06634883143901414,-1.2285402784091777
51.15,0.35944203552154425,-0.20770308250261452,-1.0502638938957998
51.16,0.34409623106551274,-0.26415537937273614,-0.8453501910718365
51.17,0.2095987482337406,-0.17641656189614704,-0.6430652228302307
51.18,0.04225940220947796,0.03906269306069034,-0.5029294548621814
51.19,-0.08840801560240422,0.2993585695279717,-0.41064406656698826
51.2,-0.15505605228320107,0.553917702444404,-0.3278631503192992
51.21,-0.17677878938732933,0.6463704814226253,-0.3157281049116021
51.22,-0.18837671953537902,0.5785415147745393,-0.38273625976470693
51.23,-0.1776437116945447,0.43520440907953106,-0.4905514375310811
51.24,-0.0371700105743654,0.21111271042836097,-0.6426397403237046
51.25,0.1438473098935054,-0.016181510950713643,-0.8584347138570976
51.26,0.25400949741375906,-0.1887363794755602,-1.0236802926014026
51.27,0.3223188584805531,-0.2719040583311742,-1.0884257217588313
51.28,0.36311406723722683,-0.23830791022695524,-1.0563221674550773
51.29,0.32748741800852604,-0.08023281046832131,-0.9257605665848625
51.3,0.21825605122919683,0.12256219322417856,-0.7244316783377285
51.31,0.1341746488254349,0.29515774297752745,-0.46955523036848473
51.32,0.10509980777743347,0.4128922113614262,-0.20144595905495946
51.33,0.1293685330169376,0.4579695716103261,0.03307169113922069
51.34,0.20349658574510063,0.49828606900802225,0.2096939936100656
51.35,0.2833996938251146,0.5857813963084647,0.3641563952771455
51.36,0.3440859464488823,0.6673868450780504,0.5193994623058407
51.37,0.3099534981685764,0.653728540472934,0.6387165123614078
51.38,0.1811016207317363,0.5717677782016484,0.7381967620571943
51.39,0.021968875968542297,0.5055726749241242,0.840336084922782
51.4,-0.03794525954954652,0.4344666752799532,0.9720218350425517
51.41,0.02370526536760558,0.3543755199636427,1.060267598788635
51.42,0.16518667677583257,0.3120389501708523,1.0680858054420073
51.43,0.3448560827676309,0.3934658635164804,1.0127010979795321
51.44,0.5369211377046025,0.5057395848033627,0.9648851676896182
51.45,0.7161142431569391,0.48036096836759806,0.9371546155664543
51.46,0.8373315940460925,0.29128367148283785,0.9161992034815358
51.47,0.8889493604536419,0.013225355880141882,0.8969411146580132
51.48,0.8985613523733181,-0.28187157274040997,0.8786989641599745
51.49,0.8852640282176922,-0.542328338940259,0.8439340986339059
51.5,0.794939797358852,-0.7053411382685414,0.7789674505582377
51.51,0.6413305654917776,-0.7208576904584303,0.6935672286438668
51.52,0.527398733585601,-0.589148469907546,0.601681568353054
51.53,0.4851399379048045,-0.404915559928118,0.5797939762781701
51.54,0.4495769234340973,-0.2477342087107497,0.6726097342216882
51.55,0.39721414850905545,-0.12792956211863787,0.7855693642408978
51.56,0.36133434067790016,-0.09499036184963965,0.8771546994245761
51.57,0.32426768449381704,-0.09158679131974605,0.9577004161063538
51.58,0.2983445566117706,-0.07312110040707333,1.0454951501153298
51.59,0.32201110012142553,-0.032998598802944,1.1482661627414863
51.6,0.3493194693784913,-0.012177287550168916,1.228646692212844
51.61,0.3545766975467789,-0.06169251177914975,1.2423014512839292
51.62,0.35592960271130797,-0.18785417027240947,1.1337550883572056
51.63,0.325457121947999,-0.2330229511938725,0.8223844034345217
51.64,0.22489772099254685,-0.20013536258308975,0.46489059943123207
51.65,0.08975912547732316,-0.18750584286539076,0.3232665057969485
51.66,-0.02008930217037427,-0.2844209659859587,0.42257281993337553
51.67,-0.10264381319852849,-0.4183948853450322,0.5929814421851082
51.68,-0.16483848539345028,-0.4752794497146297,0.7955027597136015
51.69,-0.1869620651731193,-0.44595736705103295,1.0401845092946607
51.7,-0.17919788308930365,-0.3604749753033805,1.2905052915485018
51.71,-0.1550584263430131,-0.21415470877910375,1.3104885408118818
51.72,-0.09365161412694338,0.006435495339570615,1.0723340894947333
51.73,0.027818820696151658,0.23276246816941615,0.867206848515318
51.74,0.12860372357113303,0.36506951197095877,0.8348342900212753
51.75,0.17965514073550762,0.39921334482747467,0.8746126162164581
51.76,0.17214758059746935,0.2948089324613581,0.8750014923875207
51.77,0.12815477490711316,0.19796040779333812,0.909100480189925
51.78,0.07810112364929364,0.22242044535728545,0.9489650341901495
51.79,-0.006424866691148399,0.3530476969733963,0.9249272731572232
51.8,-0.05206939189681854,0.43782874399094734,0.8326000675330082
51.81,-0.09314513509084774,0.38303321713147,0.788099769269841
51.82,-0.15746709356744554,0.2031674746491802,0.8209340425753193
51.83,-0.1636512671861005,0.045519348147275436,0.9295053771457091
51.84,-0.1328755308578115,-0.10954004607262519,1.0107994468794113
51.85,-0.15859255662297994,-0.25753252120743103,0.8964757368154163
51.86,-0.24046203796883078,-0.3411751339514017,0.632645187443124
51.87,-0.3686814848250354,-0.420853044483106,0.40428600627807504
51.88,-0.4633502220404759,-0.544470964317805,0.3089146728684833
51.89,-0.5169556151754925,-0.6583161848827436,0.2801100257996104
51.9,-0.512780098010614,-0.7154147617949554,0.2950017072827037
51.91,-0.43903683046065667,-0.7474744453337331,0.2736159028725678
51.92,-0.35523244459801495,-0.7393853227523657,0.06403078713779059
51.93,-0.2719781619627517,-0.6506083676503406,-0.2843258858043361
51.94,-0.17895151511943003,-0.5628197611647618,-0.5777498151280633
51.95,-0.09710683009194766,-0.5456163634813044,-0.7190798513964769
51.96,-0.057567058707022556,-0.5010589550011311,-0.8278757224465867
51.97,0.0017921259364683203,-0.36227393032698596,-1.0157696905500793
51.98,0.09704093184193717,-0.231473880397196,-1.1820133837033024
51.99,0.14780828010376543,-0.14661816585791534,-1.2100465256622235
52.0,0.12313141740875608,-0.05294635348912812,-1.2009277101038769
52.01,0.050043751303565774,0.07830718828483428,-1.2414733000041125
52.02,-0.0013657018778504041,0.1894958486321859,-1.2521049606609975
52.03,0.022179824964774594,0.16481506278443156,-1.2016931901941006
52.04,0.10120180264336068,-0.04410587185577694,-1.1368533416188216
52.05,0.19301503832252118,-0.3241933679831382,-1.1088703047446096
52.06,0.27703049350636805,-0.4840554396969344,-1.1904661160343672
52.07,0.3274508802782051,-0.38315968391303906,-1.4694595233131955
52.08,0.3170973342352301,-0.0902250562910976,-1.8517040871531714
52.09,0.2215628420018677,0.2822734442278937,-2.2341592802740102
52.1,0.04675693362101592,0.7038397032988308,-2.5145349270758524
52.11,-0.15807698922177715,1.0424496689421898,-2.5680316494972897
52.12,-0.3605934598387333,1.2817255304736745,-2.581845758982204
52.13,-0.5305890269575686,1.364403151990041,-2.6205786099499377
52.14,-0.5801820170560149,1.0438931109404284,-2.4709442647993245
52.15,-0.4339280690530026,0.4704699886051103,-2.2970974445923087
52.16,-0.1717244901393103,-0.020301176991106257,-2.4078862375848398
52.17,0.05685171177326497,-0.37731921068544166,-2.670232170646176
52.18,0.1740428847282671,-0.6330200592058084,-2.8145620928380413
52.19,0.1943860977670593,-0.7471575612917418,-2.744736853864113
52.2,0.14205361616654402,-0.6543597113927639,-2.4852411597469692
52.21,0.0032323527294258513,-0.4104432495493485,-2.144788073029751
52.22,-0.18170199209806961,-0.10246102339038975,-1.7834419317785692
52.23,-0.32217193038553116,0.24027046348146325,-1.3158545153521977
52.24,-0.36958814502362936,0.5942504411611412,-0.7344943358151494
52.25,-0.35870183725108923,0.9256381378280348,-0.19251575396333398
52.26,-0.3241118207531046,1.1883005765826054,0.21745613423265575
52.27,-0.29889029437842385,1.3564222556116465,0.46064751870401033
52.28,-0.31070587354718004,1.4033124306801765,0.5181638206274535
52.29,-0.3555166610177295,1.2075324318242957,0.44624251762521955
52.3,-0.43330829419409156,0.8266284493562414,0.3740168307205426
52.31,-0.523276303926971,0.35742468722322523,0.3806920826838408
52.32,-0.6017134099929119,-0.33204798702309124,0.37025520150164704
52.33,-0.7182185744951454,-1.0878844750432226,0.3087016466763297
52.34,-0.8690969618101194,-1.764747953975566,0.37136293130272746
52.35,-0.8267056362268613,-1.9253799673522551,0.4647197370175018
52.36,-0.5135759768760702,-1.3724518347320134,0.33445934406109
52.37,-0.14923696927124183,-1.0812723094624328,0.3979626088564106
52.38,0.016857318199408097,-1.2325540464871327,1.0676406510271852
52.39,0.0002886408070850346,-1.0253760275094144,1.9261452775187908
52.4,0.30159561689705966,-0.19551938642677666,1.8858513968071628
52.41,0.6792179914979959,0.5628187119933523,1.0748767750912904
52.42,0.6975408791611054,0.9370001746867446,0.6311918946973853
52.43,0.6528625033965182,0.863040852097329,0.4817691349502281
52.44,0.44969852807801697,0.7517462637164071,0.31564716639703605
52.45,0.20637542232282044,0.7755973444936494,0.10227890421781516
52.46,0.019876164131964667,0.8163769306661073,-0.0837179696980984
52.47,-0.09209583190019019,0.76428490559984,-0.21493946417732213
52.48,-0.1366342467574803,0.6013404108382564,-0.29446222110915343
52.49,-0.09014854799694262,0.34795468498549575,-0.24447645111121427
52.5,0.034376469415955575,0.10398993527413017,0.003430317014799286
52.51,0.17213582571608688,-0.05713340429378341,0.4289471095213977
52.52,0.2427715689611024,-0.13405200528982353,0.9312052746761212
52.53,0.252722641754752,-0.019145224537187196,1.2669974734396245
52.54,0.22079974343592207,0.2793174726316575,1.2715489593235527
52.55,0.10793766751265672,0.4608180458804816,1.1171721856107988
52.56,0.015282119689045727,0.4502744607549307,0.9192569112570328
52.57,0.03543145350893216,0.37163152259238724,0.7400703878979678
52.58,0.1747652783698422,0.22807110795667748,0.6155474760656005
52.59,0.35792551056990585,-0.08901649400506229,0.5540739157045709
52.6,0.4982353541899769,-0.6237572468118081,0.6393233022302136
52.61,0.5821264266851995,-1.3319534194791325,0.92664706349679
52.62,0.6318664693907842,-1.9700668266443926,1.458607795499927
52.63,0.6200690020275914,-2.194614971293001,2.332605394873879
52.64,0.47698096049579264,-1.7544923384716955,3.0676730324002834
52.65,0.19512655565110176,-0.8601808277854631,2.9650243647666357
52.66,-0.10439794986607849,0.16185966809560123,2.576766984207464
52.67,-0.3086639783348151,0.5953135518829602,2.087097483058668
52.68,-0.4557075193850851,0.14601113164494745,1.474371126933555
52.69,-0.49791670988822634,-0.5585022453842095,0.8923281859195605
52.7,-0.43886791510126094,-0.8830212489476297,0.45865576918074363
52.71,-0.35756091959558317,-0.6728576105133625,0.25360048756370523
52.72,-0.21319199604564965,-0.2691915155860256,0.23790273011455787
52.73,-0.04921708629798126,0.0013589000489445703,0.3022782326704398
52.74,0.07513865731142788,0.114410450590827,0.43654006365405357
52.75,0.18533737709127152,0.18177642609881528,0.568417376062326
52.76,0.2661950878098052,0.2803706400088824,0.6626629580220046
52.77,0.2970903728043182,0.3038860652568287,0.6592120276750286
52.78,0.31650569844688714,0.27928377131444565,0.6399820285377669
52.79,0.3380831981783357,0.33351690007981594,0.5883890049495413
52.8,0.2761942097523196,0.5669130728714155,0.47454243408068286
52.81,0.07081370710551337,0.8088748049483755,0.43401717230458925
52.82,-0.17252590961091413,0.7995359148276897,0.46084909801141916
52.83,-0.30081942017110325,0.6918544077249852,0.548751740224848
52.84,-0.32834009718461915,0.4675405389012679,0.6923926578331634
52.85,-0.26800574530557375,0.20369875707715496,0.8876952324417291
52.86,-0.19405977106042616,0.03022966121750205,1.0378551520730406
52.87,-0.16352212930042329,-0.032288913985799375,1.2257714723246558
52.88,-0.16905675358274874,-0.12132198846192155,1.3596723846049839
52.89,-0.24988289991405166,-0.20175572007316647,1.38892930800029
52.9,-0.38769606827442893,-0.25895426157821155,1.4037310546992636
52.91,-0.5410650905204492,-0.34857534372891325,1.3168896751857564
52.92,-0.6692674955921771,-0.3908247119357599,1.0865130592605443
52.93,-0.6974745775032555,-0.4542975147754172,0.8248716517940394
52.94,-0.6424902100664022,-0.5244613952279331,0.6181775582541656
52.95,-0.5540599810685096,-0.5261362222192066,0.42871892808555073
52.96,-0.45986358543381645,-0.4627557848520766,0.28056397597212174
52.97,-0.4172328191780251,-0.3950032877971469,0.24839052649864934
52.98,-0.4012380186490571,-0.25484646637158936,0.2557012214199799
52.99,-0.380164445933302,-0.07288909026046637,0.18186315002834497
53.0,-0.25352704509766516,0.03724086630939809,-0.1321199011193547
53.01,-0.09789413668719678,0.18643738798115883,-0.6389512690116731
53.02,0.07357568374039669,0.37158182334589657,-1.2056527189040784
53.03,0.23220558146491418,0.4474061174114192,-1.5935373350477735
53.04,0.28914473186967693,0.3826192070945055,-1.725953693192056
53.05,0.2763224670972492,0.3183398598584865,-1.7328711730082287
53.06,0.2547791472624336,0.34216094712737777,-1.7422285323224813
53.07,0.2537665968361237,0.3692514473225737,-1.7214667983390244
53.08,0.2360462794771197,0.3266490384448396,-1.6992691238948452
53.09,0.17334367946692641,0.27652531828334415,-1.6916878169528025
53.1,0.11838883298263797,0.39717430011850474,-1.5879051403406443
53.11,0.06756222504101805,0.3486459678506428,-1.295973415211719
53.12,0.019895069663875654,0.23236941544010523,-1.123661952560107
53.13,0.04276699315721281,0.03916459643442962,-1.0478776537280527
53.14,0.12008629173695948,-0.07662461931904821,-1.1787835063726717
53.15,0.19114155715638362,-0.041021428987049975,-1.4907587426430782
53.16,0.24225234274156413,0.07810662487451461,-1.8423200372824997
53.17,0.2340733318122457,0.12418452427667143,-2.0784903697345385
53.18,0.1662351481961837,0.00988975186690931,-2.0885890458909047
53.19,0.11613312533374834,-0.12138666732175603,-1.9637331610468733
53.2,0.10495934408883426,-0.2346163738635469,-1.8187410850915728
53.21,0.13273692925500413,-0.2318707438227337,-1.7245002995123473
53.22,0.14990529016580534,-0.10550990519886115,-1.6434196956071627
53.23,0.1376849303800616,0.0974648999491218,-1.5151552788492852
53.24,0.09415974245379106,0.29060490991839993,-1.3791571010912402
53.25,-0.004486432637112891,0.39276491029420385,-1.3325051943664021
53.26,-0.06699370624807698,0.44634704571076167,-1.2716879787697661
53.27,0.005298910855343182,0.5320666587570752,-1.0753394466995496
53.28,0.09353412838986462,0.49504738139403887,-0.8748335433396749
53.29,0.14799522022317382,0.3709799375288251,-0.663199167854058
53.3,0.17295797782760294,0.2334520070896535,-0.5004638948329339
53.31,0.133704560411034,0.12746740217280833,-0.3639535508782049
53.32,0.03533192094191988,0.0610678468096469,-0.18973740922991994
53.33,-0.10938451355588147,0.04429677701901926,0.006801285297816977
53.34,-0.24662957923830842,0.15926991573901372,0.1914174576864366
53.35,-0.3972448803345571,0.3898928399350064,0.3203835798216654
53.36,-0.546544622446683,0.592766799935773,0.3813564118039201
53.37,-0.5693734304632363,0.7026893741893069,0.4138048999878042
53.38,-0.40731645856484666,0.6981513252041714,0.38630093176292013
53.39,-0.13713503923060397,0.5429800293348216,0.2970324964722717
53.4,0.15948031150991146,0.2461448503816599,0.16258309763555245
53.41,0.4054861687107844,0.042821055006599155,0.013926391533128933
53.42,0.4638148678215016,0.050000115522515536,-0.13108719079471684
53.43,0.3122177752659525,0.14642790543394069,-0.22904971090061194
53.44,0.17835577708873274,0.15353981478682113,-0.25952303769603924
53.45,0.15266880287943818,-0.00029087957432163557,-0.16422581931050728
53.46,0.16475851554652157,-0.21365683215812656,-0.010208578893514298
53.47,0.20212491788701423,-0.19515843397714036,0.12996875466876326
53.48,0.2814634931432211,0.08300655551247485,0.2722205301647843
53.49,0.3301451816582808,0.3561725830549703,0.44243491743588664
53.5,0.3486178145537805,0.5027586132924641,0.6387871065686322
53.51,0.3638080350260721,0.476181571685891,0.8154864709220968
53.52,0.3852141162726355,0.36050428051349365,0.9373226816426163
53.53,0.33964842384746696,0.29825758224855947,0.9762426884504809
53.54,0.27946278635919547,0.2906685267108802,0.9254393838888036
53.55,0.2781080986782765,0.2746975329225893,0.8012816922319518
53.56,0.33146527502736395,0.2278389138065173,0.664277782364499
53.57,0.40988956621843287,0.12919611898903932,0.5595385057814037
53.58,0.45761264487873277,0.006186897276793444,0.5002955941681888
53.59,0.5182096988415456,-0.12821077415103604,0.4739895548627164
53.6,0.5522785321449704,-0.27795076343489783,0.46083381723960487
53.61,0.5430868218950362,-0.35793166988514113,0.49300702778149696
53.62,0.4765083399118502,-0.4085021367089214,0.5314574295768952
53.63,0.37711317665378974,-0.36359018206303334,0.6206932111378721
53.64,0.2610202899688071,-0.2003360562099464,0.7524855559161018
53.65,0.15472700280719495,-0.06249278900604053,0.9780742639795224
53.66,0.07516392462612202,-0.05845809084014522,1.2891054084829878
53.67,0.04815639863448883,-0.09452106912001168,1.5591480280521939
53.68,0.05765535136938254,-0.036876703119790785,1.632873109162614
53.69,0.010686269324371491,-0.031732060292955826,1.6112560612454279
53.7,-0.1054835032723949,-0.06337239793751276,1.5137397951503535
53.71,-0.24867943822671543,-0.1455965277737869,1.374118666332231
53.72,-0.3829760212971296,-0.15996628014904998,1.3542093767285774
53.73,-0.5143140077246029,-0.16931676965671755,1.4150236446134354
53.74,-0.5792585002185701,-0.21642596335966502,1.5537605500068465
53.75,-0.5474188402509003,-0.3276085569868044,1.6281793385423635
53.76,-0.4956558506187756,-0.4525310262336677,1.4588410488669428
53.77,-0.42441634964474967,-0.3808893642314873,1.0957762378495706
53.78,-0.36030093725565177,-0.09315117706420915,0.6351541862201335
53.79,-0.3915666800951618,0.18660845330066833,0.358417777760562
53.8,-0.4672852820971904,0.26077446664273335,0.30455637411851877
53.81,-0.531241750041886,0.238493818876735,0.4399779235021045
53.82,-0.5513345938552228,0.23652792487532506,0.6824687228581829
53.83,-0.5661948778812917,0.09945920193375586,0.8847249172337143
53.84,-0.5193187572615517,0.10699845761528312,0.9941781472537037
53.85,-0.4589526988334356,0.29210064735597296,0.9281942317426966
53.86,-0.48459839818832806,0.30738771114471114,0.7812700790238765
53.87,-0.5256574005958031,0.1749077207620558,0.6416484513098325
53.88,-0.49749614541714954,0.0752191799017001,0.5358955781135455
53.89,-0.4427324062149371,0.02405505449625386,0.41758031052192013
53.9,-0.39469249973734266,-0.043826385524361904,0.3585120714571238
53.91,-0.3001128190191701,-0.055320070030463665,0.38122461695702964
53.92,-0.20329591240275563,-0.18001874248645194,0.4224064257301984
53.93,-0.12278217199075282,-0.3187594641625389,0.46913707502856833
53.94,-0.10268750037916481,-0.41355089358674435,0.5275068987591579
53.95,-0.09698348352454216,-0.4434165323476825,0.5654274102893353
53.96,-0.15622679912156745,-0.4472959157834604,0.524464762420524
53.97,-0.20894039278396478,-0.47984631131868266,0.3854917728378155
53.98,-0.20633706035820265,-0.5847377238804095,0.16812237476392086
53.99,-0.23445327790976775,-0.6443987552347643,-0.024938212257141185
54.0,-0.20427031090606554,-0.622628823883153,-0.14426070171905153
54.01,-0.0947185801347198,-0.568087309247914,-0.3124539354518935
54.02,0.023917579719971938,-0.4769447600536763,-0.6125779949531762
54.03,0.06511949754174935,-0.30348432996299174,-0.9125739480070054
54.04,0.05865037276329972,-0.06327353208433845,-1.0654815079021034
54.05,0.11622796941345713,0.007240613445591842,-1.0674790188316021
54.06,0.21936585398676456,-0.1310648966598971,-1.0711183423154342
54.07,0.3063133717375836,-0.3607491858411013,-1.100068504098164
54.08,0.3820942404359026,-0.4548671904134197,-1.1910756295840492
54.09,0.4343439703182507,-0.41326015415594414,-1.3181919703270126
54.1,0.38165722013895076,-0.3218306893501335,-1.465445867375749
54.11,0.27365577709063976,-0.18311088602688552,-1.5107760450062708
54.12,0.2025447315078396,-0.007304196689355726,-1.4846072363915415
54.13,0.13605313029567695,0.21965661954006288,-1.5293158831772327
54.14,0.06348592156350863,0.3392074350971655,-1.3777851464901807
54.15,0.020994009811617087,0.3775348179603621,-1.245314250036973
54.16,0.020200511688265553,0.33137383179779073,-1.189524919703242
54.17,0.04734880276088516,0.13952979622351874,-1.1960032814053196
54.18,0.09036195037013958,0.02721020712701457,-1.345598436634024
54.19,0.11204111191503652,0.03307450127401543,-1.5118414941067688
54.2,0.07443968096928721,0.06924459153685875,-1.5873810246159519
54.21,-0.008787997066614721,0.06551023268652321,-1.5354270815353288
54.22,-0.06330098737083914,0.07358472184520584,-1.406979328220422
54.23,-0.08886598562166047,0.10509673262364923,-1.2080879349265765
54.24,-0.11505493747024828,0.1432385748301568,-1.0309558417295506
54.25,-0.1490579072717744,0.18429198714285597,-0.9127188303957958
54.26,-0.17988793549202559,0.26427802052401717,-0.9165400273232233
54.27,-0.16650163053885933,0.34117128104189626,-0.9928801925223023
54.28,-0.12002938571014879,0.3823872159456677,-1.0132703790062247
54.29,-0.07952221101062114,0.3880625696188858,-0.9307414637512715
54.3,-0.06690516722771274,0.3358265770112202,-0.7951694292061441
54.31,-0.11123354792387814,0.2345007696081075,-0.6739091204296739
54.32,-0.23202121411370177,0.11012140833975802,-0.693402437502487
54.33,-0.2849554617919247,0.022119723583347524,-0.8447290973631959
54.34,-0.22007121761214746,-0.0170422912326164,-0.9737652861500319
54.35,-0.11456712007236226,-0.06381713186253392,-0.9582537439968479
54.36,0.01074052013786506,-0.11478193089836762,-0.7820226190043783
54.37,0.04724680396548023,-0.12165647299283143,-0.5016261545626074
54.38,-0.055675442175251735,-0.0401954183821425,-0.24095864568503347
54.39,-0.1513121870076921,0.15713748130228197,-0.06980214640911342
54.4,-0.1433637727607076,0.32007457397149447,0.019267612817098264
54.41,-0.08861047747925191,0.3719489119065879,0.03393645452349228
54.42,0.018816062540223024,0.3715757462734366,-0.014802751634792393
54.43,0.18596625126534252,0.364253465011256,-0.09446565330385312
54.44,0.2537566664111871,0.3502166581633949,-0.19462326034126137
54.45,0.1941084267332708,0.31508356635375373,-0.2943804454188662
54.46,0.19503079832002262,0.2694628528637497,-0.3576916381847673
54.47,0.18442100161638725,0.1577142801187495,-0.3249308973010322
54.48,0.14495595468600203,0.0033070994727388775,-0.15556547901654968
54.49,0.1918889737191732,-0.01196683507120003,0.04284636427496944
54.5,0.3151674291397464,0.13411440267251537,0.19710076081928982
54.51,0.3800303521046562,0.296692937139752,0.329241976309511
54.52,0.3240323910399495,0.40216792664392703,0.4350254912881536
54.53,0.2873479967178756,0.3899732877359691,0.4950871230078473
54.54,0.24910643689094958,0.2626058309094464,0.5165715832490367
54.55,0.16350634182456417,0.12328038072063698,0.5437734961770754
54.56,0.15984395179442373,0.04719816126158639,0.5901946699928607
54.57,0.21897045483716512,0.005749477894267355,0.6646336295322826
54.58,0.2343468253470969,-0.04061722935055911,0.7841813591785678
54.59,0.22668976560234347,-0.044661620120587116,0.9354714802365959
54.6,0.25659635436770817,-0.026633466595838606,1.088076415672939
54.61,0.31922437901968476,0.0005689846570862244,1.1509446661363134
54.62,0.3527138639623609,-0.011585146936331477,1.096912971267181
54.63,0.33341243020405065,-0.14902993708343357,0.9748542797414894
54.64,0.3131120825386638,-0.3853739682703915,0.8382120622334994
54.65,0.3053521837714181,-0.5303855642942813,0.7907066967455716
54.66,0.3013801527327869,-0.6134907653992934,0.8241016322852841
54.67,0.3271691682388722,-0.5967016540698852,1.0173040700841758
54.68,0.32415416310145373,-0.4567520065856743,1.3151408682287629
54.69,0.20862016537553268,-0.38415186282073904,1.5781835789477117
54.7,0.0639896783936443,-0.3867192134526192,1.7560423542894945
54.71,-0.06800913914901326,-0.2994356224723181,1.7834073360882368
54.72,-0.17118274294000205,-0.09891002938375237,1.64630532782171
54.73,-0.2249682280413892,0.1489227028367895,1.352158422365793
54.74,-0.29731911436343045,0.25702111869970856,0.9659051214417613
54.75,-0.3816648339268396,0.15229368240829888,0.5957394732653036
54.76,-0.36757809850945444,0.04034445548077462,0.3485889151091646
54.77,-0.22293794969602496,-0.04067939673881966,0.23370562506052567
54.78,0.005397717678211471,-0.2823731013698397,0.18491236142507983
54.79,0.22793547852447515,-0.5662183706696311,0.13929445083536537
54.8,0.3836140633137102,-0.5216733668262119,0.03314698256342313
54.81,0.4147326632106621,-0.13227246521139574,-0.1286988090192792
54.82,0.2910172615157793,0.22679962077405785,-0.25596174810894395
54.83,0.11463043299178013,0.31746432998437485,-0.28816727509131407
54.84,-0.06647056822684802,0.23420727792696,-0.20377113754580806
54.85,-0.2725492047506979,0.16843348907054279,-0.018586968709645803
54.86,-0.4961086336090256,0.2195915828161328,0.24785276190248773
54.87,-0.6778473019591521,0.2617632776117332,0.5950951735274669
54.88,-0.7368868684669428,0.27589251902909556,0.9555381110860924
54.89,-0.6994785088692184,0.2589666122502581,1.210791713651976
54.9,-0.6597513308396099,0.19663755129294333,1.3108455081597934
54.91,-0.6415681581174772,0.11410397073897072,1.284682045673473
54.92,-0.6156107023345582,0.036713462452862174,1.187889144196947
54.93,-0.5534577021865666,-0.028947618769123152,1.0822748092897336
54.94,-0.4766645920005287,-0.08140285360882134,0.9989527822097934
54.95,-0.4046361701976012,-0.10565172107169207,0.9198077966349957
54.96,-0.29514953885203077,-0.08369318081738246,0.8076101140954468
54.97,-0.19113437204926031,-0.014323313574909475,0.6316069234248792
54.98,-0.12315684841496727,0.08082962188516815,0.40618749357486633
54.99,-0.03978501788691659,0.12775433212826862,0.1726043835594735
55.0,0.006183305512478771,0.1257721927279822,0.002880871288925532
55.01,-0.0030124389785057726,0.1303479052116461,-0.06740720108747818
55.02,0.01118616723970675,0.15333083212232376,-0.08102437535206997
55.03,0.07402894990349203,0.15108724369333212,-0.08140625622096687
55.04,0.1395466025862627,0.12333649301123328,-0.11160380409276288
55.05,0.2209279016702725,0.09712064419676579,-0.20722151786534432
55.06,0.34134595733449696,0.03627357524153806,-0.34277147002173103
55.07,0.4383156659539473,-0.0727413638633452,-0.46196607275530815
55.08,0.4453616238094381,-0.173903779539909,-0.539536602435601
55.09,0.3730718845433199,-0.20339156189538532,-0.6007257921156478
55.1,0.28225990174365534,-0.15906913518245447,-0.6765751662028507
55.11,0.21278716630092862,-0.09178035428766862,-0.7695461885268398
55.12,0.17402513646625545,-0.04565644045100396,-0.8364516353778318
55.13,0.17306264260912152,-0.039795539029602596,-0.8313463191695132
55.14,0.20619844140388874,-0.09141879247974213,-0.7467702432018528
55.15,0.2257629786816204,-0.1739632251806179,-0.6193841564071477
55.16,0.18567517050237836,-0.21396269065225404,-0.5120347486680545
55.17,0.11533147069873152,-0.16100864621638,-0.4008963238291683
55.18,0.06520942914447529,-0.07244959773738849,-0.21292252901464762
55.19,0.009143232742054124,-0.04683371997544923,-0.008730630425452897
55.2,-0.06687638262275616,-0.09270219865972151,0.13189963296518842
55.21,-0.11912181656767828,-0.22301316479065905,0.2812721580905163
55.22,-0.14445541048661723,-0.4669618688260212,0.3827806572841142
55.23,-0.13621798310452254,-0.6581857920618396,0.3335736140656535
55.24,-0.08155926484369706,-0.5789077801012371,0.23229927341340342
55.25,-0.043204019044128884,-0.3237336940870168,0.1572899527482202
55.26,-0.012691408681584767,-0.16122541884488614,0.1323737423890334
55.27,0.06487993027503358,-0.18785574470563335,0.17259783478117413
55.28,0.14172134651895354,-0.26547706691051415,0.23330036628920414
55.29,0.16688811370108317,-0.27579267826854104,0.24722556291900505
55.3,0.1571087538829828,-0.2452059869805165,0.20132251667265255
55.31,0.11232891940617391,-0.20553880358574456,0.10705490029644561
55.32,0.05458500538984125,-0.14810927621244,-0.018998821205629415
55.33,0.020013006906379152,-0.058013453145139574,-0.15124268496901352
55.34,0.04269300775608177,0.06105273599821897,-0.26403300503033084
55.35,0.0952775110611155,0.16596621426543137,-0.35958831740689484
55.36,0.14116220632923762,0.22179932096178426,-0.4126846492348475
55.37,0.1680254093013287,0.22267814317356088,-0.37547546760309936
55.38,0.16093150699318823,0.2049793713069323,-0.2899611053625702
55.39,0.12606110662315562,0.17605736839978317,-0.22249282787847716
55.4,0.08923043377700797,0.11932922818288641,-0.17159873207263449
55.41,0.06158126835347141,0.04832027386385638,-0.11562425722723686
55.42,0.008052843098934422,-0.015149904965363798,-0.1067266931740595
55.43,-0.043552690651213595,-0.0951984818303031,-0.09853488383322842
55.44,-0.050232311624560134,-0.22235536116451882,-0.035787880949297336
55.45,-0.07229415733585151,-0.30938901764614984,0.02321499233250974
55.46,-0.10137850065084532,-0.35808132721792535,0.09135634010114621
55.47,-0.0828050336558006,-0.45593226780444907,0.18257842108769554
55.48,-0.09710898163534908,-0.5557988558572853,0.22678123700530275
55.49,-0.1209244053232145,-0.6078586724241318,0.23048030203148429
55.5,-0.07495827452994855,-0.6551841391512361,0.22857989332133402
55.51,-0.01932270878785462,-0.6350706353051319,0.22658663428975537
55.52,0.001369234343035615,-0.5000357424316971,0.2075438985914809
55.53,0.05751311868212101,-0.35652139597565125,0.18111420887664972
55.54,0.10766300254081267,-0.29756137462849247,0.14076646749533978
55.55,0.12497194506501864,-0.24722842292500755,0.06974522424828997
55.56,0.17469906780226674,-0.17852913394836395,-0.0025419692099204988
55.57,0.26003945768873377,-0.11997866213135629,-0.055906167541302336
55.58,0.32410598735709933,-0.053296396915945274,-0.14175543949692476
55.59,0.3910448190917864,-0.011500970776958042,-0.23674754819698818
55.6,0.46555586530781573,-0.007727507302057097,-0.2538697794384168
55.61,0.5248947272858755,0.022014401704461534,-0.21479867756192927
55.62,0.5590908115043616,0.08277379486828283,-0.22656665226586248
55.63,0.5908568533771072,0.0928597175678747,-0.2737654964502623
55.64,0.6060003634365921,0.0780370659360975,-0.28695388536856475
55.65,0.5733727495520184,0.13203312276270968,-0.2780766077239035
55.66,0.48538350405258146,0.2290894423161121,-0.27309470882394077
55.67,0.3852992866992698,0.2729807965610307,-0.24421332600844836
55.68,0.29230238079257803,0.2908119798542037,-0.18197726225525
55.69,0.19398241401934183,0.31003720102458554,-0.11350483501319965
55.7,0.1187880998045422,0.33301346781974067,-0.03109097698192633
55.71,0.09589064841831635,0.3267161451914318,0.07318031855041059
55.72,0.08618108085240535,0.2714950467588217,0.12511856481124717
55.73,0.05125058410647516,0.18459664506196638,0.11494101544148248
55.74,0.023524978954861397,0.08615744911600536,0.09071809031555529
55.75,0.04011304827171855,-0.008070795971160873,0.06434012303687224
55.76,0.04390030930481124,-0.0649227332106263,0.03743678427790506
55.77,-0.028214155770186256,-0.07438946072076054,-0.006787672326120657
55.78,-0.11272730344453327,-0.07400461766509125,-0.05454998650915258
55.79,-0.1740457946909988,-0.06893577109629123,-0.09938598807866465
55.8,-0.21243018518398218,-0.01837377636050055,-0.09415600810391198
55.81,-0.25310223689032174,0.07917504390858528,-0.03602057153519789
55.82,-0.29247687526066996,0.1349107708368527,0.09443746724905083
55.83,-0.3118445046071644,0.11023329690358975,0.2681327852806824
55.84,-0.3210129589959229,0.08170704385156123,0.4404185591079191
55.85,-0.3355817813616587,0.13517412372621002,0.5375007206506078
55.86,-0.3422302417307514,0.2501913510886066,0.5290864000958045
55.87,-0.33584205719240917,0.33885279658936973,0.4148422243820739
55.88,-0.31632227473705643,0.3485221216575762,0.24543024784694356
55.89,-0.2563447844268467,0.4130061747504903,0.04367322394380746
55.9,-0.19002306134628186,0.48198292737950915,-0.13182741923956037
55.91,-0.17558833639044255,0.4212014677315878,-0.23544060128882818
55.92,-0.1847078629363212,0.3606293288636405,-0.2664058289963482
55.93,-0.17542336202257583,0.29483851871641786,-0.25731797726073063
55.94,-0.15561567176432534,0.14455628469764992,-0.21983679095033792
55.95,-0.18188048417340869,-0.032562182893512835,-0.17572398206497614
55.96,-0.2520669027532035,-0.15193435214296072,-0.1457740981887734
55.97,-0.30824458978880714,-0.2076963436528849,-0.1354095368195892
55.98,-0.3217554723274611,-0.21261151937841258,-0.11131369009173395
55.99,-0.32009496826921374,-0.16514113696441565,-0.06879315467048677
56.0,-0.2793825272171349,-0.16392864500630028,0.03662449669906661
56.01,-0.21019152248121037,-0.21606161190378412,0.17396788019693124
56.02,-0.15928280796226568,-0.2076259470224567,0.2854861566330486
56.03,-0.10387694216771352,-0.1169954327796185,0.3153944478399623
56.04,-0.021734507198576485,-0.02480591042193352,0.23521863893073525
56.05,0.052573990074245444,0.05877688760296237,0.04474698985724325
56.06,0.1381740067106177,0.1356872468086119,-0.17697315562870813
56.07,0.1866845836747225,0.11513403853325337,-0.3132307996102926
56.08,0.18957738230764715,0.08848931429895611,-0.386117222097645
56.09,0.1775070626718278,0.06939928649042908,-0.41728240761443525
56.1,0.15736856701763782,0.005538081944971214,-0.3854856476207016
56.11,0.10414232277847053,-0.055277572530012344,-0.3130452462232815
56.12,0.06531999600370175,-0.10083094883016491,-0.2269715014437903
56.13,-0.0036394415304319173,-0.13520296418585687,-0.1655098813512953
56.14,-0.06953265879784311,-0.1486204846207069,-0.10973599343184955
56.15,-0.07878709226857546,-0.1689049309442014,-0.08695295333775271
56.16,-0.07585314623648645,-0.19649199458187802,-0.09051423392773206
56.17,-0.04270759377870479,-0.16548539335974496,-0.1102774095373558
56.18,0.016003602615254905,-0.11591284392869258,-0.10219801879489321
56.19,0.06575106817692455,-0.08949347876029684,-0.07015684293575068
56.2,0.04578879533947495,-0.10404375203280318,-0.06506512681144518
56.21,0.06664791006337745,-0.13003194206918645,-0.042496760476303484
56.22,0.09731541128296924,-0.11595921202097947,-0.0022791122345483085
56.23,0.09664225764650547,-0.11477571622785107,0.03251132721053431
56.24,0.04409648410402407,-0.13647954745773755,0.04727103983976864
56.25,-0.01889910274612007,-0.13176570083394748,0.06210960386661141
56.26,-0.07495175099860073,-0.07177692978924698,0.050358554945237125
56.27,-0.12248002809007474,-0.033935931432575214,0.03435418071064213
56.28,-0.12684443598808895,-0.001404950898035671,0.02876538941307191
56.29,-0.11726353869345979,0.019455940211970536,0.045484551663145335
56.3,-0.13701791215759554,0.05270199582971378,0.047603082781285305
56.31,-0.12004166737374411,0.07452672586575676,0.005512747037311899
56.32,0.0149153617185948,-0.003215052501287849,-0.08211452368311771
56.33,0.14786208816202112,-0.026131428324569723,-0.13446937732487427
56.34,0.1432580119617864,-0.06593031274143275,-0.14485470957419386
56.35,0.11679992201565896,-0.12709789982340824,-0.1390367988217813
56.36,0.1092143979110916,-0.13845788314766333,-0.13318666069013813
56.37,0.09735752372289641,-0.1276301068340945,-0.07501772667200453
56.38,0.0006765541513554183,-0.08963338357346419,-0.0357632103363582
56.39,-0.049441402997126446,-0.05953473667799886,-0.01993437028171488
56.4,-0.026897655161737775,-0.004254541998500161,-0.03260092213713145
56.41,0.0023770294901505496,0.019231361158764764,-0.052226852678653034
56.42,-0.002385088520721422,-0.030532883268606287,-0.07878136922314186
56.43,0.042506964227730454,-0.05939077591863439,-0.05492402512724808
56.44,0.10037163820562325,-0.049650358702993856,0.004186638512605999
56.45,0.08111324850462165,-0.06245566838869005,0.01199176566021263
56.46,0.11452802519539673,-0.09817593528764351,0.012177944719792555
56.47,0.1615351580478333,-0.06498830439855592,-0.002600843579213055
56.48,0.20212446035571285,-0.05067769943677845,0.010824883948702842
56.49,0.13761026103740215,-0.043298753383750416,-0.04442997020646598
56.5,0.11150100293478757,-0.030319877265461096,-0.09777733971268228
56.51,0.08991655621144444,0.04838924742461707,-0.13686723527753022
56.52,0.11133420805376164,0.1324581642161208,-0.11547233014972898
56.53,0.09404638069454149,0.13973492070207527,-0.1252733536233144
56.54,0.09928308404345589,0.12193191949724198,-0.13790290253734955
56.55,0.1331111004515896,0.16201438454544914,-0.15353859779695314
56.56,0.1742633589953485,0.12521231713890751,-0.15046605818326872
56.57,0.14194600796024498,0.053357238069897533,-0.15403399262126058
56.58,0.08988716394252971,0.004173499448429467,-0.1595847661020978
56.59,0.07616207252343413,0.021992790352101634,-0.14778123515146913
56.6,0.06694229335528165,0.07678955617782257,-0.1432359924751811
56.61,0.023633361010088463,0.06210036012567585,-0.14292998121783956
56.62,-0.026019498998827863,0.008003545971534529,-0.09486585690972982
56.63,-0.0580312445625395,0.02882677737270907,-0.052664015537561
56.64,-0.07589210955179829,0.02665797419730404,-0.0246506699827092
56.65,-0.08252180948581317,-0.027459651411346982,-0.003393785666094493
56.66,-0.08238176970077946,-0.05534537084824566,-0.004016025190057986
56.67,-0.05581671991294639,-0.0503572435759157,-0.007450491526306959
56.68,-0.049817697051253926,-0.06028806388748873,-0.011057961477410876
56.69,-0.05734957288876133,-0.09794536762929701,-0.017450725539436548
56.7,-0.05533147712693586,-0.120128215110868,-0.01213810385669365
56.71,-0.028745838954090108,-0.1034763588498362,0.01486926254562015
56.72,-0.00871252292073737,-0.06472852842867875,0.051309119883273545
56.73,-0.012503978041112048,-0.05532330112208847,0.07896760657603959
56.74,-0.025550678060860317,-0.03332549290426917,0.08017483575609466
56.75,-0.01954050930648935,-0.006779350957097323,0.05498698004799641
56.76,-0.013543974722797527,-0.0056919413648993215,0.0216197558359229
56.77,-0.031406298061691235,-0.03940226012708868,-0.024558005304142365
56.78,-0.04534926354137899,-0.06298296604346186,-0.06993748700085228
56.79,-0.07043273258219945,-0.052491357775537206,-0.07930927729845866
56.8,-0.07912363498978986,-0.04100498898453716,-0.06248454179064393
56.81,-0.0944628012653481,-0.05724128451524792,-0.03009308144816985
56.82,-0.0933779796296933,-0.08056546045052013,0.004688599295234212
56.83,-0.10856499350796488,-0.05403606379492808,0.02618240720843284
56.84,-0.09607699102551343,0.023556960485245925,0.006206879819379092
56.85,-0.04817469040077849,0.11074484923421057,-0.0525110062683969
56.86,0.016268020023084907,0.15236277069369175,-0.11444865802869432
56.87,0.0594685256085188,0.17125639262206085,-0.18757586919040306
56.88,0.10301166587777355,0.17014654242426602,-0.2916125295676322
56.89,0.13875322947900293,0.13888602180773768,-0.37816081325826123
56.9,0.13474073244489795,0.08172916082786985,-0.4109148332280866
56.91,0.08237574915991952,0.08083273420615986,-0.432092843605852
56.92,0.03883858242070546,0.11062468401466864,-0.43887339522477253
56.93,0.0023659427111304854,0.10549317093739614,-0.4122448408435926
56.94,-0.05895372539440098,0.08959491929142621,-0.37037854370262013
56.95,-0.0998295361390487,0.14095522655993753,-0.34011491029086166
56.96,-0.09408790118882714,0.21370079156370186,-0.35001454745984645
56.97,-0.08518620239723236,0.2446803812576504,-0.37274014708383946
56.98,-0.10331893367816454,0.2502836521017509,-0.37230508474414575
56.99,-0.12301569316238942,0.27834481846245124,-0.35057273740966205
57.0,-0.13432351969239803,0.34623437109460903,-0.3470301374929028
57.01,-0.13697115040982194,0.43308896412757864,-0.36013062843635896
57.02,-0.13772427311038168,0.5011304944677558,-0.37812019194662194
57.03,-0.13949222578431322,0.5231205381054401,-0.408132411355553
57.04,-0.11983812860134907,0.4892873106190831,-0.4264638841323446
57.05,-0.08291147458071281,0.4040231583919213,-0.41785118247622555
57.06,-0.060643020916677226,0.2771355700350778,-0.3970401039514024
57.07,-0.08291641738155989,0.15544679990724017,-0.3866316925577763
57.08,-0.14427069119074803,0.1068654731777202,-0.40923526412466915
57.09,-0.2101278221050877,0.14117014959833646,-0.43478849872485364
57.1,-0.2673379932913719,0.2071134171528637,-0.45029833038504274
57.11,-0.28702474837248954,0.2531698888443199,-0.4408638435103934
57.12,-0.23735591914425533,0.24971647716754036,-0.4539880903993449
57.13,-0.1731664141574927,0.2101149875333293,-0.47698818720952013
57.14,-0.17836549857599782,0.20394834676032084,-0.5587311188999018
57.15,-0.2463384435608457,0.27063725121712084,-0.6525283080133812
57.16,-0.3284344159724502,0.36373689231918443,-0.7297493576794272
57.17,-0.4065546399051549,0.40636917441298365,-0.7434368587335044
57.18,-0.4462681769173437,0.3915965256051147,-0.6987754266587459
57.19,-0.4219881698658777,0.3165360163198677,-0.5766435475250531
57.2,-0.34928499177090994,0.22390519682804155,-0.4337024204213167
57.21,-0.253530703878747,0.1604685227478698,-0.34820760770866316
57.22,-0.20243564744402245,0.1442003638076512,-0.3600346278792284
57.23,-0.22073289110972516,0.14971974581665892,-0.43663877139630936
57.24,-0.28429492042939736,0.18249361615723,-0.5186978969260736
57.25,-0.35767206162716975,0.23023534986292166,-0.5789502854010986
57.26,-0.42256550129060627,0.24471310950331296,-0.6006618312590675
57.27,-0.45570455201555643,0.21799432149206524,-0.5916175033841422
57.28,-0.4476681300659217,0.14621730989430118,-0.5837529048755844
57.29,-0.42499219697233565,0.05374126921090076,-0.5761916171434422
57.3,-0.4028440451684309,-0.023212361202610988,-0.5417941647980372
57.31,-0.4197560248634521,-0.09397842252856488,-0.4793652533997474
57.32,-0.4399571097452666,-0.16234589346730793,-0.3936799306129043
57.33,-0.4323158279198997,-0.19869030051206812,-0.2919734138220729
57.34,-0.40774473117639276,-0.17158909088138022,-0.1769361389604776
57.35,-0.3565893561715069,-0.124717518967866,-0.0537233318440542
57.36,-0.2824037815364978,-0.1348445948524096,0.05681613058845801
57.37,-0.23265150988048514,-0.16338094263103228,0.11303628666708848
57.38,-0.23171826518695351,-0.14250758782812248,0.11423706960501025
57.39,-0.2568574425094866,-0.052417126615287635,0.07383222881169857
57.4,-0.2606566784213631,0.013196628197961859,0.04811208820509568
57.41,-0.2521490520159871,0.0015632057303589996,0.05376643076309974
57.42,-0.20158907496428835,-0.033007494670143175,0.07354584235179062
57.43,-0.10336915463700806,-0.039579808046627495,0.07866644989760244
57.44,-0.046975395844352855,-0.005101574613060541,0.053641364645952365
57.45,-0.06627896632758834,0.043853314128201565,0.007473056641395715
57.46,-0.08214521819222996,0.08729611047974863,-0.03781025260387531
57.47,-0.06012977099129662,0.1346028596411529,-0.07833772406178537
57.48,0.0028191586035193564,0.16962208088139188,-0.11543964029790758
57.49,0.008862529664315884,0.11207873465697349,-0.10239214995481702
57.5,-0.006632368738034191,-0.002934065112063927,-0.07208223537069265
57.51,0.014586951759273383,-0.036124258311554615,-0.05791450991971533
57.52,0.04990799135667308,-0.01840932129184775,-0.06474444308888282
57.53,0.06262717477814128,-0.035961890945941585,-0.052698479395839486
57.54,0.05581784989538799,-0.015631504741773276,-0.018093884853662076
57.55,0.037522491745090716,0.11332708173087791,-0.010106845170421968
57.56,0.017309187929682418,0.2019728618869982,-0.02001807006381022
57.57,0.02984389703080593,0.19060951207847462,-0.03672334401256678
57.58,0.072396740102537,0.19269766992461465,-0.09114525091547795
57.59,0.07810239109939815,0.22074995566561384,-0.18046361265896183
57.6,0.029057102615033623,0.16901401164972524,-0.256477335938375
57.61,0.0012538070076449932,0.08074569241467615,-0.30119810941075
57.62,0.004347877841674712,0.005790645113180303,-0.31454530810871306
57.63,-0.040919027439684855,-0.07523955745889463,-0.2805747691261139
57.64,-0.14294896453078676,-0.16667766505134565,-0.18768996871877514
57.65,-0.2051564953324656,-0.2090779980885462,-0.06913651891276024
57.66,-0.20243139547226158,-0.14150631540927167,0.022860003039736787
57.67,-0.15127776425190814,-0.030660337214103228,0.08249231816158456
57.68,-0.09164400989811382,0.02342981699758652,0.13673493937309733
57.69,-0.014791977408027448,0.05268448669824366,0.17864321783244297
57.7,0.019076477941313164,0.09754259693815279,0.19464868403085836
57.71,-0.03916766048271075,0.15133918111633812,0.18668106251136582
57.72,-0.16572752701916013,0.20207569473582393,0.1621564255787335
57.73,-0.2251236342926938,0.2324735798213517,0.14024590568169074
57.74,-0.1515052282820162,0.17417386443976685,0.15609608948855008
57.75,-0.029827997604179774,-0.012700069236889888,0.17982278363357668
57.76,0.06595032098173564,-0.18373672749194378,0.16286739382609083
57.77,0.12710714177817417,-0.2229336333194586,0.10676971924820272
57.78,0.15842155586722753,-0.2018283508777495,0.03456540209372181
57.79,0.11830352844818602,-0.2148000303741055,-0.025676356165830437
57.8,0.04417860207948849,-0.2653310924517657,-0.0355241370708415
57.81,0.02111177196679835,-0.26947990235118147,0.0016786786749707658
57.82,0.05066798353279625,-0.22135954631684773,0.08632788062712302
57.83,0.04810122927468906,-0.23781946761941725,0.21925740391736134
57.84,-0.003245944853240429,-0.31685233050239614,0.37270887453050777
57.85,-0.016843904376966198,-0.30980207378516217,0.4760648813631894
57.86,-0.00036921978026603283,-0.2414877131545424,0.49726375847832366
57.87,-0.01650888457689277,-0.2646463296797043,0.48120181585564153
57.88,-0.03982213388419183,-0.33765683378784467,0.4471650906408144
57.89,-0.005157906665425056,-0.32815734225694426,0.39026139745283495
57.9,0.06720874265844917,-0.250784649794198,0.32947424983407725
57.91,0.07781972912995822,-0.19519806558843492,0.2699010308635766
57.92,0.06398519796299518,-0.17157973763302034,0.22734500594897206
57.93,0.12630041078871018,-0.13748261205639883,0.2027862909343673
57.94,0.22582635300363896,-0.07457252371359534,0.15318260380133794
57.95,0.2970088657561294,-0.03914280515986682,0.05946499361205781
57.96,0.3338521792202989,-0.06778924536542065,-0.057165436507456126
57.97,0.34671644635505655,-0.10849037670593119,-0.1957230325180932
57.98,0.3484858072465997,-0.17310981267217215,-0.3249823481181145
57.99,0.2957438567165097,-0.2984376843600753,-0.3883375310646206
58.0,0.2443058863648395,-0.4408071143054488,-0.3691665454951854
58.01,0.29051398955115976,-0.505635507208474,-0.3015278202068603
58.02,0.35653080701510065,-0.46188412634815273,-0.2131348080901066
58.03,0.299463020472842,-0.3743359588873318,-0.08322091408251078
58.04,0.14164903757058833,-0.2776883989039137,0.09706432725434812
58.05,0.03928913456544533,-0.16249936652391384,0.2861095642901951
58.06,-0.0008456197743403691,-0.0693978235621188,0.42967638047036266
58.07,-0.05203422226706116,-0.05151727507732933,0.5057860883932239
58.08,-0.08287694004765134,-0.07817278991873577,0.5225462993329288
58.09,-0.05636582155402502,-0.09555688894578529,0.46786836387460695
58.1,-0.0035649313018543513,-0.10644033993894295,0.3302300436597748
58.11,0.05473571130090317,-0.1350261330803772,0.13794197495309593
58.12,0.1290865931911847,-0.11884893250853941,-0.05295187244512158
58.13,0.1840411991029724,-0.007137538694595151,-0.1902588871139544
58.14,0.19961351445774117,0.12459099475376578,-0.25571973238693396
58.15,0.15477653550239215,0.20928857981367116,-0.25839368913394306
58.16,0.09958867574166198,0.279045942187175,-0.21237315295174883
58.17,0.11739998363818492,0.35118774392264773,-0.14968145619103712
58.18,0.19375503787087855,0.3806452041255297,-0.09719622113770779
58.19,0.23224937855102354,0.3571666962958056,-0.045029696204402996
58.2,0.1823197467066436,0.2962334701831716,0.03017485125445671
58.21,0.22695699808027522,0.2350265999016694,0.11110420414884849
58.22,0.34526070113342106,0.149673811504325,0.15366553401274646
58.23,0.37621656109164003,0.01312102285358247,0.18300099539895218
58.24,0.3030238385879869,-0.11630269668257882,0.23844935950982107
58.25,0.15780272228089218,-0.15232131651264313,0.33154994214249733
58.26,0.10795029656433185,-0.03777456529963471,0.4014228312678192
58.27,0.23028645160484512,0.0655636090782157,0.3858026049625074
58.28,0.39565979566660836,-0.021000903300697957,0.2972152064499172
58.29,0.46706974632406634,-0.20663100976443768,0.1690926075744306
58.3,0.4870520626782568,-0.33745070136406763,0.04276146697636925
58.31,0.5254590871183293,-0.3854630784570761,-0.04573608599250515
58.32,0.5409205260720975,-0.3666504303872169,-0.01616679008291246
58.33,0.5654558787270725,-0.2872288784572286,0.21186181435301457
58.34,0.5882141736319796,-0.13734840852769672,0.3874681042637043
58.35,0.5834138820757436,0.13177046059825612,0.22284106726573305
58.36,0.5968217960822092,0.36454140545086106,-0.05861466063706889
58.37,0.509906955532064,0.3294275414474394,-0.23039939617902244
58.38,0.31832965126325335,0.1129650583240738,-0.30091796778090796
58.39,0.21225675246255366,-0.016256262400106563,-0.3432536761869267
58.4,0.27399545429605354,-0.011057075156714814,-0.35597223350898655
58.41,0.4214335778998313,-0.029764540958941342,-0.29899405687595526
58.42,0.5484806763310537,-0.1221962779417437,-0.1467173692385329
58.43,0.6051885466938826,-0.2053281976940688,0.07070253267166265
58.44,0.5925763854058029,-0.219149158236238,0.2666122683016492
58.45,0.5325232954468118,-0.15685244605859974,0.359886472548493
58.46,0.42174305077591556,-0.07294015501299607,0.33397631525264815
58.47,0.27264278899984334,-0.02511865235425092,0.2238029912995585
58.48,0.14505594186085446,0.014831732905527093,0.10845918255476646
58.49,0.09352794469422404,0.06818942377125935,0.059606835820996046
58.5,0.15005756231227932,0.037290751088393144,0.10138993132070216
58.51,0.2897433666613462,-0.1434712693445817,0.23469780591505804
58.52,0.4526483433209558,-0.3862424273492473,0.43486103852807917
58.53,0.6027683639744901,-0.5864144276057863,0.6071135162721598
58.54,0.6908845641511391,-0.6967275023965446,0.6627278581334826
58.55,0.6763795033423299,-0.7175534150751104,0.631638977214349
58.56,0.5405051356350746,-0.6179959503732378,0.5571822402525889
58.57,0.32019329929270196,-0.42529126096061753,0.46471255582890536
58.58,0.0812488773641137,-0.24339617989206885,0.3655433780666676
58.59,-0.12346663106091545,-0.14029343050032073,0.28093115657236023
58.6,-0.263101693342937,-0.10259021870598073,0.23949601374646648
58.61,-0.32407073945647474,-0.10590699012580924,0.2826495061555048
58.62,-0.29929207068808894,-0.08538706414541147,0.3494138424936685
58.63,-0.21754574476278615,-0.029202797831047237,0.35125455967807373
58.64,-0.13170838747762403,0.022182707696027086,0.3137365764963077
58.65,-0.07176047063326034,0.061624818710227645,0.3051174303403992
58.66,-0.04449179584364589,0.08590588076669314,0.3114909620514197
58.67,-0.035950093817000595,0.1209417547597056,0.28903696168829224
58.68,-0.011366521553470262,0.1788041699286843,0.24237758539143278
58.69,0.035366630906281324,0.1940108339856031,0.2246206092793149
58.7,0.08404248740296834,0.13860703167475116,0.21252248449862224
58.71,0.13637022597872114,0.012353722116928284,0.20585387959534016
58.72,0.2052163852715175,-0.11384766699454114,0.19850634010819052
58.73,0.26800141965795354,-0.23048805693882307,0.1788867193598541
58.74,0.28729716192347554,-0.3429747748772489,0.18087812612220747
58.75,0.27656373845154575,-0.4888572872928174,0.17530409823859971
58.76,0.28457438180045014,-0.5172511473733483,0.17743614036996924
58.77,0.36475656784498595,-0.4050013428666369,0.22524752415733257
58.78,0.491838560926407,-0.4316679580384212,0.33708604179439144
58.79,0.5991720895125587,-0.5191456408033969,0.5464370918151813
58.8,0.6078101102758436,-0.6334193304184023,0.7685282220716492
58.81,0.46908895064614947,-0.599654921148453,1.0693185696326077
58.82,0.20593774989372948,-0.4724661207471704,1.349541270963505
58.83,-0.09325108068628023,-0.33534519466714097,1.6052250366565688
58.84,-0.38440409606383985,-0.28701896653989245,1.9426991005048835
58.85,-0.6610938782675396,-0.19331429495580305,2.2459463888015105
58.86,-0.7856388897380949,0.07331438045943242,2.117511574373909
58.87,-0.6230978585629153,0.15087598707415603,1.6227874266336828
58.88,-0.5524229971447021,0.03300129692920058,1.0190265074029277
58.89,-0.45872489562003144,-0.09327209229677706,0.40431345082283876
58.9,-0.45874226699433635,-0.18742858117695008,-0.19656683459745153
58.91,-0.29334940239824603,-0.20763154991207175,-0.7667347475849845
58.92,-0.082826998167193,-0.16252309506044113,-1.1404109296173226
58.93,0.05042364050158403,-0.23684850764549284,-1.2172921787587434
58.94,0.14098391731933094,-0.2984518502986665,-1.1747728117105025
58.95,0.25352742442035375,-0.2312151554204774,-1.242366346196295
58.96,0.36687384265402434,-0.11300007652705553,-1.4161065927387766
58.97,0.4095482333999785,-0.02864054713578127,-1.554360863216487
58.98,0.3464968228275432,0.01381057842350669,-1.5394903727437927
58.99,0.17644776129472084,0.05849932030732388,-1.4709374601518013
59.0,-0.033448859199837866,0.17736371040159077,-1.4032606496834612
59.01,-0.2539996086260398,0.2727881333140164,-1.2186424862890064
59.02,-0.42216377967896884,0.219080088755462,-0.9408516471565284
59.03,-0.48983452940947414,0.03040683373025232,-0.7349832488725043
59.04,-0.46061947100642353,-0.2842499788370673,-0.6187316559817041
59.05,-0.34864376048964885,-0.5999236991331606,-0.5859665002015552
59.06,-0.19728728279860888,-0.8581237721326513,-0.5457029858831305
59.07,-0.07886793993897898,-1.032551928701985,-0.541602585374122
59.08,-0.04093487836796571,-0.9752265285782173,-0.6328461092866277
59.09,-0.03509714082880143,-0.7638533557634629,-0.5628674601460723
59.1,-0.038297187594361765,-0.5219305237006031,-0.20634029728333017
59.11,-0.1259295981306617,-0.3258706872011224,0.22533540982942335
59.12,-0.25387710259698765,-0.011493742795529008,0.47457143961622017
59.13,-0.35131917918469213,0.34152103054581373,0.45503565453688893
59.14,-0.30451576605566755,0.5572770678604866,0.14339714170848003
59.15,-0.06678899970303769,0.8672629322182266,-0.6917311171409499
59.16,0.04283469346774762,1.0645366382534305,-1.4394955793797688
59.17,0.0018713132064994106,0.8643909101762052,-1.7610492522138175
59.18,-0.03932453304583586,0.48588234915110334,-1.6177782467656354
59.19,-0.06376833503899025,0.11737987905400328,-1.331429087169252
59.2,-0.06310491174029188,-0.041223488579862015,-1.196696960327036
59.21,-0.02844232322587205,0.05368377992160564,-1.2028914930176497
59.22,-0.015787562582934293,0.2182316645020906,-1.2615329836360363
59.23,-0.046565089944315255,0.34216123423858885,-1.393221694200862
59.24,-0.12734033998628302,0.38262669833045354,-1.6000162183902282
59.25,-0.2021204352233141,0.34344336257719704,-1.8004710574159983
59.26,-0.19855182417412034,0.2919536051408209,-1.8946936114861264
59.27,-0.09552386226552753,0.217857469227243,-1.8505640326899386
59.28,0.10537376350043397,0.031022960078346457,-1.6273635365948305
59.29,0.3716521952762904,-0.21138683489329596,-1.2405532561918209
59.3,0.6013085895733248,-0.44715969588634835,-0.7903116791729766
59.31,0.6755249098230045,-0.5500198845526535,-0.3673679131791681
59.32,0.6239423879457437,-0.454919007768373,0.029093338223101582
59.33,0.48169580396824097,-0.19393885724707693,0.3617658353871015
59.34,0.22559957395882402,0.05183531151588298,0.5999149812663733
59.35,-0.06510438302579892,0.32111331823618194,0.7604745292318873
59.36,-0.2971402288793381,0.6211847707727138,0.8853422920256255
59.37,-0.36708397512753227,0.9623163381605815,1.0164436206716947
59.38,-0.35091261885185937,1.2238734424608706,1.1676438668823652
59.39,-0.3372767254295581,1.0507080886282725,1.203537334652172
59.4,-0.35828738480153227,0.6217811105255124,1.0447866940584918
59.41,-0.3229667398982456,0.009348732142689033,0.7880154196846922
59.42,-0.18816098176521787,-0.5555468467515318,0.4750504680025768
59.43,-0.021623970602195317,-0.6836672964683029,0.05475967562346575
59.44,0.05820407449884683,-0.3681118932753473,-0.29654518584422573
59.45,0.13648496837555119,-0.009506683565523512,-0.5428918061118925
59.46,0.15893516402216734,0.010062612730032438,-0.6574530418057676
59.47,0.08655509980251079,-0.039929433231339365,-0.5825894096564815
59.48,0.12563110878864195,0.09691016779557389,-0.3907246062897132
59.49,0.27623156212115796,0.2014962239299046,-0.13310188483408805
59.5,0.3645902384909604,0.22744066784165534,0.1612290155976283
59.51,0.44383288728061177,0.27317378766346584,0.41358943005840576
59.52,0.5402152348150658,0.35690270160464227,0.580917053266731
59.53,0.5408807931624491,0.44140727822258224,0.6973514718604676
59.54,0.3783068908168303,0.5637730606674163,0.791685114718805
59.55,0.24764314535145432,0.7131565018871533,0.8022327219047745
59.56,0.22320848984990105,0.8021134064946916,0.7906684362827939
59.57,0.2499813738487028,0.8252964932335443,0.7804509267928644
59.58,0.24565753037077162,0.8111244322769556,0.7572783280222677
59.59,0.2607919470282678,0.783788464834868,0.6793519317718707
59.6,0.2508828481940859,0.7212159538730158,0.5990132937500346
59.61,0.18388174105698482,0.5684107865889871,0.6032902855362625
59.62,0.11435793414065111,0.39050306786373323,0.6714866606492429
59.63,0.10621627233519199,0.18991483206466842,0.7159947449585058
59.64,0.11768344588693509,-0.003021647834761617,0.769732192059348
59.65,0.12001602851289558,-0.16599330854240057,0.8592342766140902
59.66,0.13821608572961772,-0.2552347037497082,0.9936058292946415
59.67,0.13982516117774724,-0.20774763759902407,1.1790741280396713
59.68,0.11546371166509443,-0.10915885637254702,1.329613449799999
59.69,0.10949434528394918,-0.026902466436290316,1.4238281087333553
59.7,0.07334399986806116,-0.10088165018108564,1.482859922593628
59.71,-0.03402829612594554,-0.2480719749583775,1.516000127507522
59.72,-0.11432229713096059,-0.33723631446447955,1.503114236780489
59.73,-0.13598997234412963,-0.3211899579373215,1.431830039563585
59.74,-0.16257572235788112,-0.3585366675237143,1.292528538951023
59.75,-0.19861223619697188,-0.36810359647391544,1.1150426450513278
59.76,-0.228608708483853,-0.33904549771808623,1.0347967900514379
59.77,-0.2577992249166228,-0.3321287973881308,1.014869076622651
59.78,-0.2527056569967253,-0.32292920414406184,1.0394091140679347
59.79,-0.21866152846062784,-0.23932437929836364,1.0523784519097594
59.8,-0.18849681709307253,-0.17753565921017886,0.9390545757835973
59.81,-0.1330995351530889,-0.1166586738969304,0.8439612133982974
59.82,-0.07039219705107568,-0.08267967142938122,0.7909332563350463
59.83,-0.037141090462352325,-0.0215315696418021,0.737000283388272
59.84,-0.031824140667689176,0.0780804329347665,0.6590644419084347
59.85,-0.02587568674615584,0.18951262907767738,0.5468068795998977
59.86,-0.04195041484694984,0.2403702679189274,0.4928842675207495
59.87,-0.078885507518264,0.20810816725029582,0.541400014086449
59.88,-0.10574684774283007,0.12582138590054798,0.6097952121656259
59.89,-0.12346140640827488,0.03836215264422019,0.5995300437487721
59.9,-0.11998709545705846,0.1288638177273542,0.5493096545689979
59.91,-0.14306527597563118,0.2739975058796624,0.4799324802737675
59.92,-0.19046749556624104,0.36484111123785984,0.47714743641533836
59.93,-0.2123191259983112,0.29046097757221956,0.508337364381807
59.94,-0.2320857816101346,0.12357603126411412,0.4518655489343754
59.95,-0.3146840223844244,0.11638635871619571,0.43500984133594867
59.96,-0.39778847899271813,0.13364865203738055,0.46630589771931175
59.97,-0.4616432642378162,0.14999728279282903,0.502411661875352
59.98,-0.49051299677856347,0.1983342698722967,0.5274742409527065
59.99,-0.49551718842142545,0.17946557495962204,0.6098540235968603
60.0,-0.489664858313485,0.0636710611208362,0.8219841674769818
60.01,-0.4736219917385797,-0.06794461488738777,0.962527117976253
60.02,-0.4731555558829051,-0.12478038303859064,0.8156409955744861
60.03,-0.4611918195320699,-0.19418981740946775,0.5563441151249209
60.04,-0.3713195273324177,-0.31638334614478586,0.44560691574680217
60.05,-0.2638885810579848,-0.3720977688678676,0.4045661078005348
60.06,-0.20937864158095898,-0.4023745670618954,0.3374132291424792
60.07,-0.1958490031026198,-0.43232171722985424,0.21277635762919542
60.08,-0.18852199529706531,-0.4497457010363977,0.08662233279613685
60.09,-0.1680830026415059,-0.4739042496013046,0.002418871617427673
60.1,-0.1272293357999875,-0.47269681137267683,-0.16442245270718187
60.11,-0.09434635268095898,-0.4160184330641732,-0.37874380674260555
60.12,-0.08712227564324783,-0.380318332335163,-0.5440329326018775
60.13,-0.07916528976329537,-0.40997801345703877,-0.6848414859284799
60.14,-0.061010036057514344,-0.37704479419170056,-0.8236524730281479
60.15,-0.060475193577512444,-0.26246183580762805,-0.9514602505286837
60.16,-0.08050820358561933,-0.16303261717625986,-1.0277224344787415
60.17,-0.0441213458327798,-0.06383339446705935,-1.1010810408770002
60.18,0.04623675498106402,0.07328846568140074,-1.259245028452002
60.19,0.12620973811304909,0.14312582972663546,-1.4375902868735453
60.2,0.18080222999214482,0.07441423529784943,-1.4397871314807478
60.21,0.19924176292244364,-0.008125535970206809,-1.4576422141548433
60.22,0.1754040744617779,-0.03238374326160949,-1.5396825987057465
60.23,0.10540101196178814,0.10996213691270433,-1.694186058167119
60.24,0.04843594898377011,0.19166952526840944,-1.6087747592773223
60.25,0.02994395561098242,0.2032613509272641,-1.570802274294499
60.26,0.017109509397707404,0.22539991899455303,-1.6465609153866112
60.27,0.014780124010001072,0.2504642104200453,-1.6915113761573335
60.28,0.006567850203450027,0.19047572565395307,-1.647066989198272
60.29,-0.005902448262967886,0.05326028324066906,-1.4965135589656193
60.3,-0.031510648347995315,-0.15835129714085158,-1.249813359120213
60.31,-0.03549665375620884,-0.30210028730376187,-0.9743721203176114
60.32,-0.03491106195777233,-0.30784637143584354,-0.8010116416103427
60.33,-0.046826547422112966,-0.20863989437812772,-0.7945006722014428
60.34,-0.09347370545741582,-0.0498419766987285,-0.9266973776501648
60.35,-0.1692519545816164,0.0815190218663683,-1.0795655644114013
60.36,-0.2207150867863148,0.14969770473214727,-1.1421822935694546
60.37,-0.21363633324556366,0.1753620544946189,-1.0774910733125016
60.38,-0.14042272056364744,0.16179787233363402,-0.8946451243655005
60.39,-0.05018143188841506,0.16511733331505554,-0.6771704933202947
60.4,0.005359829266931239,0.16758062684404912,-0.5147699947478946
60.41,0.004133387057109407,0.11856190395498814,-0.480508962264386
60.42,0.010084800437496346,0.0836381825250625,-0.5244086697176873
60.43,0.058248606959189674,0.131749843311876,-0.5476603006509018
60.44,0.10074766051402911,0.19933889043844585,-0.50593874332942
60.45,0.0815913489413383,0.23284254678977293,-0.41918416801320313
60.46,0.013771567593839646,0.25557561920612465,-0.3431189886323265
60.47,-0.024270087495848792,0.28549226389750504,-0.29553953862754273
60.48,0.004695232979803576,0.34510344020320544,-0.30814803086473624
60.49,0.06869560512479428,0.3734115043441566,-0.3723840521898836
60.5,0.10802037730164019,0.34548021095671005,-0.43490735289610444
60.51,0.10146256282163918,0.34644127078735354,-0.45982624871887584
60.52,0.08645029921137645,0.3875612332367882,-0.4664365341250073
60.53,0.06055785769383584,0.4166039596276858,-0.4476575307254364
60.54,0.007322177331006823,0.3960479163962421,-0.3906708194470827
60.55,-0.041020805449416324,0.3514706948639704,-0.33503597029712107
60.56,-0.07689886751148335,0.2962646560686176,-0.2955955263979432
60.57,-0.08856739923820307,0.25446755253552694,-0.22836526185072456
60.58,-0.06481191312076233,0.2319668463788047,-0.11376151978559158
60.59,-0.052886993870528684,0.20111677132756595,0.013494359923448041
60.6,-0.10546073439621696,0.17721798039265302,0.09837272640074798
60.61,-0.1258131806607365,0.14969907155117648,0.14332763714802835
60.62,-0.112169975651446,0.12214837017993244,0.17173252654807283
60.63,-0.11944674565340078,0.11994868244517508,0.19702525807097857
60.64,-0.10221141153251175,0.15130439000888685,0.1958597621441803
60.65,0.0007233975083318804,0.17237172670565434,0.19289231846723884
60.66,0.12798483341183434,0.12584300841006754,0.21139002226781298
60.67,0.19015171633199152,0.028827433133881974,0.22916717322359687
60.68,0.23760978466141486,-0.07280220764000322,0.2104445264845815
60.69,0.33383402906130916,-0.19717809351555599,0.16815958720610868
60.7,0.4128614243956471,-0.3161588769227195,0.16255499110778943
60.71,0.4569582822392663,-0.34657616432229105,0.22491095947811257
60.72,0.4928126851911387,-0.3066523398274816,0.33721766417706217
60.73,0.4829375699491634,-0.2511850795288769,0.48029587835190013
60.74,0.37697508999456647,-0.21485632058866758,0.6591782761419105
60.75,0.24257245803047894,-0.19958443210944107,0.8174945623849202
60.76,0.17859729936087226,-0.18302587939656692,0.895267328432891
60.77,0.1467509634184303,-0.11716755008130098,0.952618940013809
60.78,0.130600796506859,-0.009526011773901858,1.0200679146692737
60.79,0.14719187436203923,0.09001634220937269,1.1001463977430954
60.8,0.1637049254453505,0.14519368017849338,1.1825878420431017
60.81,0.13081558812270597,0.11758302603785012,1.2224898731399116
60.82,0.08180669562172192,0.10270598667452631,1.1934568866962223
60.83,0.05549131763732074,0.09635657993655411,1.0920024249675633
60.84,0.06061629231651139,0.03813821791315566,0.9745097901629736
60.85,0.0952864547361052,-0.054236886736175174,0.934158125465584
60.86,0.15664943774980286,-0.18477215394516855,0.9964532198675833
60.87,0.20807466841308964,-0.4072842354539031,1.096547870287912
60.88,0.21607446452747445,-0.6359343118880795,1.1440562732249766
60.89,0.19005695335519834,-0.7244181453669752,1.085668837302736
60.9,0.11144371864699223,-0.6181265581276612,0.9630133299166931
60.91,-0.010349500822970545,-0.3804967030223879,0.8034616379726853
60.92,-0.15313619029505626,-0.17103616044002862,0.6113945371203311
60.93,-0.2751520639324233,-0.06982238287510532,0.47124280327937335
60.94,-0.3293673541362001,-0.06527996160356413,0.42437946471887494
60.95,-0.3157068770093573,-0.1478292289290229,0.504092020328981
60.96,-0.24051125178277627,-0.2375938653445601,0.7228860314244538
60.97,-0.10984447099630971,-0.18313941329203232,0.9519327031531039
60.98,-0.007598058043056918,-0.011190873807136344,1.082800359731876
60.99,-0.009879705304023585,0.14468075974855477,1.0998140283650437
61.0,-0.08510223733868903,0.31081493974670016,1.075411687492112
61.01,-0.19909942430483085,0.492059755116491,1.091765879563636
61.02,-0.3238512907165286,0.5416601425075396,1.1253072861337474
61.03,-0.4023214782039234,0.366318078655454,1.152228457147834
61.04,-0.41005286476543784,0.19312680205918548,1.1339505752939214
61.05,-0.3765658491506982,0.12686973240451263,1.0398740598332399
61.06,-0.30999297368199413,0.027943177738754786,0.9403230679647089
61.07,-0.23436231698048143,-0.12359783008096357,0.8129080203324195
61.08,-0.17583171040086024,-0.2549976013460664,0.6608012154745184
61.09,-0.17522053685783306,-0.3502395405904563,0.6138734643982049
61.1,-0.22990379759290056,-0.36238117094966327,0.6742595394290467
61.11,-0.2542673554231573,-0.24550966726220896,0.7017018111219236
61.12,-0.2584503070063812,-0.11856277988558825,0.6379953474894198
61.13,-0.23715851794686757,-0.08105736440776933,0.5314240040954544
61.14,-0.1904217552330231,-0.1257897889436443,0.39147122958425956
61.15,-0.15299321613158878,-0.1923912601004764,0.24073488114699423
61.16,-0.1290625791661613,-0.25138804495701755,0.15284337077841972
61.17,-0.13830390849873633,-0.30817695081252405,0.16938206233890687
61.18,-0.13457012875416466,-0.3571472583294354,0.23740563028995834
61.19,-0.060548724142645685,-0.3869813335233453,0.25758473332714515
61.2,0.0457620776700077,-0.3866225212138626,0.1768821391279254
61.21,0.10430373853721568,-0.35885358577604576,0.045982807245233806
61.22,0.1338128870972075,-0.33540870080899715,-0.07796478461924396
61.23,0.1888812940748899,-0.27132212561548424,-0.2150389876552337
61.24,0.2822200345735564,-0.15375745974830174,-0.3714777989702136
61.25,0.3723742673468652,-0.05476036572954353,-0.5149947135126393
61.26,0.4208368523435105,-0.00043520298874822634,-0.6304794815497965
61.27,0.4375681341629768,0.043261439617017595,-0.7616520263259126
61.28,0.39949075152277314,0.1256168979180465,-0.9291719952702319
61.29,0.3103524710437451,0.24104897572900763,-1.0603668696398816
61.3,0.22117206941843123,0.3247328410794121,-1.1254528035106757
61.31,0.16046481695506074,0.3268648274214484,-1.17517165754073
61.32,0.08426746063221105,0.25736781892216576,-1.2090836573668184
61.33,-0.003940745977458214,0.21744279672195718,-1.217896869843902
61.34,-0.06520690610186018,0.28511277159359255,-1.2769406007465407
61.35,-0.088434340883673,0.36975555782844666,-1.3064274952213926
61.36,-0.0827813268377451,0.3505067292862227,-1.2141965861876511
61.37,-0.0553005850926949,0.2531610091340429,-1.132065578089228
61.38,-0.0020914892772710947,0.09761434618093419,-1.0883668836704283
61.39,0.06556423224584863,-0.08980904908643944,-1.1304959886546355
61.4,0.11496061360213918,-0.1805758899487897,-1.2486089658175703
61.41,0.14298403292967743,-0.16835766689521453,-1.3233764207276997
61.42,0.17590414099862564,-0.09011923381102421,-1.3320881492103234
61.43,0.20886222193203524,-0.030344891434312342,-1.2667747367675537
61.44,0.23968257163475204,0.012463352301746618,-1.158197256949309
61.45,0.2697158017667712,0.06480381968629749,-1.0905893442665375
61.46,0.2839863956764967,0.07562232798399485,-1.041169143425063
61.47,0.2295948511382748,0.04771808962890389,-0.9831305553786834
61.48,0.1237591215059056,0.021893305637006394,-0.930735126258479
61.49,0.02060002905602925,0.02522138752725029,-0.8760602676954967
61.5,-0.0567405584546717,0.04640833399068648,-0.8007424442929749
61.51,-0.08285272162674821,0.014240337426702923,-0.7280927472337311
61.52,-0.02992903306059965,-0.12359046167758173,-0.6619205930702239
61.53,0.0834532812283092,-0.3080321302531937,-0.5929434797378055
61.54,0.19632494669109418,-0.35864589984398343,-0.5687127253957076
61.55,0.28721212046336286,-0.19001652438194014,-0.6361584195604001
61.56,0.3724453890371185,0.005230635612750552,-0.7526742515824181
61.57,0.4358098514912066,0.0665693928463346,-0.8248331421598486
61.58,0.4228807203040292,0.08638462786021123,-0.8032142085011069
61.59,0.35019848495170847,0.080317857465958,-0.70901142450407
61.6,0.2593959460760112,0.03003372615961863,-0.5640781257599419
61.61,0.09882332963441154,-0.0871609887614077,-0.3554929254266726
61.62,-0.11366525758043157,-0.21225171971343115,-0.08087115151750567
61.63,-0.22439147932118592,-0.20133346650743572,0.12915781827170178
61.64,-0.25991347344978827,0.013213883924587931,0.21825094839736958
61.65,-0.2842855411430396,0.27042556987532973,0.24355961974068918
61.66,-0.2852583293614671,0.3984897401572826,0.2125014407857606
61.67,-0.2568939698802594,0.42115334075418254,0.14336564986405864
61.68,-0.24228374636302646,0.40417017526966637,0.0587996026302893
61.69,-0.24111255172096926,0.35346599688714536,-0.011091866994916454
61.7,-0.2360720895414539,0.24354513018113413,-0.05201708463239896
61.71,-0.20376944664994842,0.08869579988006904,-0.058576856333350386
61.72,-0.14350664080768552,-0.015841021507501264,-0.056434448477771806
61.73,-0.044269972128661066,-0.018126677571657236,-0.05596376733319854
61.74,0.05276192453930943,0.053495036639358395,-0.03282087069499389
61.75,0.11924235235839062,0.12227750917827661,0.0055965152953835915
61.76,0.1444764606709033,0.15883431121235528,0.03867922721960324
61.77,0.13598211765730417,0.15418619248120788,0.08057405268109584
61.78,0.11077250410602688,0.11251857498656645,0.14141814203696185
61.79,0.08591468870518697,0.06074323156083196,0.18651646663570978
61.8,0.07730330320925106,0.05486779727248749,0.20827183331149576
61.81,0.050732660376788266,0.09785586288157729,0.22385902598500118
61.82,0.006308322036054791,0.16879416754038898,0.25691001484729115
61.83,-0.03093909436404972,0.25658262953701433,0.3144947444468512
61.84,-0.01916378565834442,0.3356846888028679,0.3872949195388342
61.85,-0.010056533941821922,0.4034095121126193,0.43113502472857324
61.86,-0.012015347437225737,0.423453496543577,0.4492958501164416
61.87,-0.02698344885663124,0.41082409025253536,0.4545479446331214
61.88,-0.05932421082923914,0.3612160800468776,0.4450085333166657
61.89,-0.11216944964515062,0.32984452706619377,0.4140513022508793
61.9,-0.15992672812737507,0.3123906108436373,0.36851130499429396
61.91,-0.197983571748529,0.28117155795946736,0.3638884176281357
61.92,-0.24209679274083545,0.19945418567505652,0.4131662627707327
61.93,-0.29637592716651595,0.10640419444250376,0.49096592132436423
61.94,-0.31895811254632167,0.0513254253631317,0.606715142911188
61.95,-0.2794700272123692,-0.07031468948205469,0.781210770450249
61.96,-0.21668944913288216,-0.3067159799641383,0.9945539946521748
61.97,-0.186868200691754,-0.4871560447359444,1.147984762470689
61.98,-0.1736176138620856,-0.4136541169198666,1.0657899698349114
61.99,-0.16118594083863141,-0.09377418357881041,0.6663876315051468
62.0,-0.19013037052131448,0.2840986867762285,0.19681792108284474
62.01,-0.24641529838969325,0.43771322105051647,0.02507720954974438
62.02,-0.24965754777502358,0.3849276162760514,0.18129935126425825
62.03,-0.2580915135885865,0.1970860654901206,0.37940722854985937
62.04,-0.25407223943476065,0.030426728793671684,0.47251692469616247
62.05,-0.20645777438462898,0.005745980491770006,0.43548841484419887
62.06,-0.14038392533956207,0.05695385310513047,0.27604411654662797
62.07,-0.10131608020523471,0.018830990557115786,0.045543897026701544
62.08,-0.08284734843026813,-0.07203452923857469,-0.16773745654963854
62.09,-0.07229017199256806,-0.11040845621058988,-0.281247528932918
62.1,-0.06557489584463744,-0.07310142233190248,-0.2993548205479336
62.11,-0.075889542431313,-0.049765633429226054,-0.23563426460877218
62.12,-0.12741714695728532,-0.075323887029433,-0.16162348393286347
62.13,-0.15121503276159298,-0.10179182322032111,-0.1520512487149843
62.14,-0.13433366688055126,-0.06871662314172139,-0.2070489405847425
62.15,-0.13319516092997785,-0.02798996144868079,-0.3077232332897239
62.16,-0.16841970848341162,-0.027628314186369837,-0.4092059160120046
62.17,-0.18485770131260146,-0.05751129055863135,-0.47947488539460187
62.18,-0.18463914094034847,-0.05619136454520272,-0.5212182336739519
62.19,-0.20159876408121968,-0.031876887135958036,-0.514241869361283
62.2,-0.22755186723243043,-0.056917347896158405,-0.46583949723811063
62.21,-0.23703028374283083,-0.15613166165243347,-0.4009828351123285
62.22,-0.21114709862681458,-0.26132443088597357,-0.3476961461787892
62.23,-0.1760284408751277,-0.3240406230550651,-0.32872919851315835
62.24,-0.12927243458064525,-0.3427366059210525,-0.33464703956008846
62.25,-0.07588226984065062,-0.3177333622557808,-0.35775705905477295
62.26,-0.018878154501959662,-0.24890328099189937,-0.3837461099949284
62.27,0.04335577403400391,-0.13855017216253043,-0.4299309173717072
62.28,0.12769154737924265,-0.06838420323816898,-0.4510878152666123
62.29,0.16281628552428265,-0.07858636198102867,-0.4674378781194523
62.3,0.12370638908912687,-0.12924102705760881,-0.4553368514703642
62.31,0.08205276488298319,-0.1439542251357996,-0.4120196885397938
62.32,0.08287153090376198,-0.1505308810458106,-0.35219892234754685
62.33,0.03641176304360297,-0.17181264422195464,-0.32499783696853884
62.34,-0.02283513608463557,-0.20028840334528347,-0.292977123401892
62.35,-0.04592591352427956,-0.16606971349974572,-0.23610008088995496
62.36,-0.013924928864892714,-0.08802968185204188,-0.19222132252008475
62.37,-0.00563055892630315,-0.08629476484247393,-0.19547424107030384
62.38,0.007999165983249922,-0.13634936255537475,-0.17441437686207995
62.39,0.029011733970527562,-0.1457071086901247,-0.12422271323459647
62.4,0.032294921902272684,-0.06139456088948922,-0.11625833839978125
62.41,0.0015418222185543122,0.04181674482614447,-0.19892769136989416
62.42,-0.019309284089576082,0.12015409133101183,-0.3032645043609161
62.43,0.00253129449359626,0.19841900450939562,-0.39295135208050996
62.44,0.04258030620431408,0.1979410692816054,-0.41715929303889265
62.45,0.04191703492405397,0.14812852123572903,-0.4622696534664514
62.46,-0.02633041009041431,0.14820368017162544,-0.6209648941557204
62.47,-0.10806584493973262,0.20059817827288953,-0.8841837935064908
62.48,-0.1296287173889954,0.19375830154201223,-1.081815532653112
62.49,-0.07327018902718825,0.05089770744687359,-1.160270902939186
62.5,0.03557332961474535,-0.27191873115567133,-1.278445426086462
62.51,0.12761035811954893,-0.653756026328449,-1.4497539926936733
62.52,0.21906603347884102,-0.6862191619148638,-1.4375633215751367
62.53,0.3073022092275389,-0.15216863504130934,-1.1548542529643853
62.54,0.34528884028913226,0.5009144564276191,-0.8898818203016856
62.55,0.3426627715870942,0.695333012976254,-0.6776200217110648
62.56,0.35350756493057256,0.5894839712947727,-0.5605139292494088
62.57,0.39853067784849,0.3010121567961479,-0.46667160338296393
62.58,0.3947095800591789,0.040884575499006204,-0.38955170835746417
62.59,0.34941116745397593,-0.04788223146561948,-0.31744954296590605
62.6,0.26517235796734445,0.06297064927634331,-0.281336204473805
62.61,0.1633688653014799,0.2400541427862017,-0.25158388625561473
62.62,0.06271186077096555,0.3758403894653973,-0.2743298599087818
62.63,-0.04105633986809449,0.44227683244215904,-0.3821002851533357
62.64,-0.14014113549605678,0.45251418998324217,-0.5273897855029299
62.65,-0.22006823514470836,0.38672541979894665,-0.6441342736453152
62.66,-0.2677837177911581,0.2697023874978301,-0.6955354480050103
62.67,-0.2538581223923102,0.144327273592368,-0.6934455468038169
62.68,-0.19309782550589846,-0.0064651123505934,-0.6393480981691266
62.69,-0.11036714862416552,-0.21805829116109518,-0.5345271303001995
62.7,-0.08667166262179095,-0.44259251906342645,-0.4536131024925469
62.71,-0.08639838822611699,-0.6606405766937968,-0.3296067982074747
62.72,-0.08694701181047275,-0.8277715655391268,-0.13888386363280047
62.73,-0.10404929202481084,-0.9499720985064909,0.10305791927892786
62.74,-0.14513626320947093,-1.0088357689993033,0.41074191839718494
62.75,-0.22114610118046396,-1.093845093060244,0.9327188351260299
62.76,-0.3664352779108972,-1.706159703252604,2.257934860402385
62.77,-0.32810359919337817,-1.6444300977253627,2.569576020808982
62.78,-0.29091761852848136,-0.8879279176046436,2.0483808574305504
62.79,-0.18133246825111463,0.20562911785125335,1.2536239458905947
62.8,0.026369523357276416,0.7292635224984961,0.6619520456487348
62.81,0.11204891459691746,0.41400544984381576,0.4552651738899456
62.82,0.1797998681163992,0.011058956006724172,0.5165308895095471
62.83,0.33514888839696605,-0.11828457355160396,0.40779329392005215
62.84,0.48284900075334475,0.01015359674997466,0.005362661045363857
62.85,0.4922412548430361,0.34530554734876884,-0.20817410751373863
62.86,0.544196144362366,0.3469964333949867,-0.19600610209347696
62.87,0.47731988109298923,0.00156112032720841,-0.15066608252117905
62.88,0.3232324176121736,-0.2782300946609662,-0.036573435572081425
62.89,0.14056943397525454,-0.2520605985693785,0.08305120518825253
62.9,-0.06350818479650405,-0.03129990031528084,0.14425715927918903
62.91,-0.2253992739513468,0.2289234092974636,0.1489424463594933
62.92,-0.278146978231591,0.40722146979226476,0.0941332035108596
62.93,-0.23753224608847373,0.4530161812753462,0.012694961757432456
62.94,-0.20182169404801614,0.43558495723333807,-0.07459414687392026
62.95,-0.19182700747974707,0.39570594525699965,-0.1718773304935842
62.96,-0.19738286645260805,0.3635884095694585,-0.2632519422500082
62.97,-0.18351288619978695,0.33892240158425785,-0.3308842825380493
62.98,-0.1136197048632034,0.2609353320680935,-0.35086820397934404
62.99,-0.027473718181094318,0.11655429099853948,-0.29497017918263774
63.0,0.01219601652906264,-0.0574039960188791,-0.20406536681905624
63.01,0.04601012308466935,-0.22063947927100203,-0.09516592574333498
63.02,0.09607174793744935,-0.3336981179184904,0.013912201012505572
63.03,0.14148882622414738,-0.4039189414713125,0.11994153782710751
63.04,0.15214523197347307,-0.4388645319111675,0.26618561494825854
63.05,0.1976052675619141,-0.46965271184479024,0.4581770407261504
63.06,0.19753012028990788,-0.4852018267860627,0.6345804001681171
63.07,0.15645469502230705,-0.44840853848016254,0.7684383656813337
63.08,0.09017110039591555,-0.3262158503184228,0.7047518426345682
63.09,0.00015845546075614187,-0.1387837151704097,0.3628908826877717
63.1,-0.09962299151206883,-0.021120902709181013,0.05171005630698574
63.11,-0.16124189611769962,-0.15196324526286314,-0.003143530226968204
63.12,-0.08667244530719141,-0.3415401041796983,0.1001060403796117
63.13,-0.01266192257873861,-0.40429719256224944,0.25410847470678466
63.14,0.10936634157256529,-0.35441436251958913,0.3514772287017078
63.15,0.17483117667644638,-0.23399399825838457,0.2173631228909302
63.16,0.12589809530743207,0.020333868853172125,-0.010256052137351677
63.17,0.05614071182274805,0.09921656280760555,-0.19831661208875345
63.18,0.006487987805621507,0.024721976176289205,-0.2976182033863792
63.19,-0.04291061444590343,-0.01878165741810355,-0.33797038776625765
63.2,-0.055078991277063664,0.01757727661175748,-0.3272881842627408
63.21,-0.02939146901140546,0.11660889355861195,-0.28198946330976304
63.22,0.0044642720692314375,0.24480014426207283,-0.20753334516273356
63.23,0.03191547938884649,0.3369497440746213,-0.1303806183848857
63.24,0.03909982224668824,0.35107892471764013,-0.10454529531898367
63.25,0.04679156640036482,0.3140874565492964,-0.128099607141274
63.26,0.04304798921856603,0.2612625244637444,-0.18578638104657466
63.27,0.0219470605761624,0.19393832106003567,-0.2495488633821231
63.28,-0.001635485766460903,0.10845335269823056,-0.2896490997606123
63.29,0.007144459405670716,0.018903257060231844,-0.28253769123333405
63.3,0.023852679625650693,-0.05957214094124761,-0.24076139524819487
63.31,0.0509615404145864,-0.1671822748053629,-0.16659147999427903
63.32,0.08582670746943562,-0.31041976806536986,-0.025582059605413137
63.33,0.10284725091603014,-0.42774542797278453,0.1556822655829223
63.34,0.0965962236132857,-0.42882591359430317,0.30136387551008786
63.35,0.09201102996800445,-0.3307738916340208,0.3596712380235176
63.36,0.12016649080082079,-0.21437039474091577,0.3255405555558521
63.37,0.15370469293890138,-0.1578956553361719,0.22148573151470344
63.38,0.15094550097095136,-0.14988073960817808,0.050861591174742725
63.39,0.1052195676612476,-0.15046481721228455,-0.12847713725204316
63.4,0.04797391983788834,-0.1437016196582475,-0.26392149019885847
63.41,0.03050063105694471,-0.15277866391731515,-0.3335976870665873
63.42,0.06881360816042245,-0.20316286684280327,-0.3190164200268039
63.43,0.1286399051855115,-0.28843426329008065,-0.21734445405531055
63.44,0.18651954517560046,-0.38175229002206373,-0.04057213258788651
63.45,0.2245408427693735,-0.4599095721952968,0.18611816392360522
63.46,0.2235740211097928,-0.5021306167649551,0.4420841585983788
63.47,0.16570622051718942,-0.4692588498231238,0.6874181991511138
63.48,0.06644354197959035,-0.37396049260193087,0.8407867204506329
63.49,-0.05890347189583154,-0.22777692575317135,0.820329808559925
63.5,-0.1889635958334815,-0.0683252906129647,0.6436501343744012
63.51,-0.2725655151922357,0.07105384823875491,0.4038523844611209
63.52,-0.29129125845013026,0.18466361534327017,0.146187488445769
63.53,-0.2403501524667927,0.2828971033270756,-0.030940481530447324
63.54,-0.14894296270875151,0.33739541439095816,-0.07833785130697593
63.55,-0.06089278114350884,0.30501698738000305,-0.020920903030031378
63.56,-0.012833217068899632,0.23775614935632194,0.0684199550926296
63.57,0.001280786303483011,0.2099063858426089,0.10714362171191137
63.58,-0.014985421424076167,0.17368257098106643,0.0687577112837943
63.59,-0.04259918345528341,0.09692640840533408,-0.0453504835116435
63.6,-0.0592206226244165,0.05062146413463611,-0.22259217856406635
63.61,-0.09082398038639569,0.07422534104011877,-0.4214496709352508
63.62,-0.133017688171054,0.16657277563869097,-0.5997753323632534
63.63,-0.178707848913497,0.31512807253074965,-0.7479488026922314
63.64,-0.2492024269993331,0.4657813809782044,-0.8437573567607483
63.65,-0.32028197173191303,0.523412652711986,-0.8191592140863292
63.66,-0.34825440085330955,0.4517004920028758,-0.64310356430253
63.67,-0.3409362478608497,0.3119563244278265,-0.43240765480574883
63.68,-0.31096844736603235,0.20000668230715118,-0.29786486008303265
63.69,-0.24300370224671128,0.179097047046399,-0.22228825366079225
63.7,-0.11995156928803459,0.19731471567165335,-0.14964849613099568
63.71,0.0018774231291068518,0.1854610153315805,-0.05816612642351015
63.72,0.08505600503493115,0.16871520275689214,0.029590265525597695
63.73,0.11185487031779989,0.21357517876464788,0.08489646333784749
63.74,0.09100567242570967,0.3125911544326258,0.08548916494386874
63.75,0.04769003043232326,0.41205561763692417,0.029272345916508083
63.76,0.01611574999783851,0.38974267479275665,-0.04011705694950469
63.77,0.015202525812624795,0.30838935393517175,-0.05740449153806366
63.78,0.04607767798490679,0.25243000841892227,0.009328680479903095
63.79,0.08057091888262345,0.1951453332329093,0.12700814546506958
63.8,0.09746665622984309,0.13857028953299383,0.2227154990749664
63.81,0.09714179108503126,0.14387646034697202,0.243578688680816
63.82,0.06666979178458247,0.19052763096713127,0.18640103358695392
63.83,0.014186661470495781,0.21492218436353788,0.09956264185904824
63.84,-0.009902534916555414,0.2047924363227839,0.021756311527724906
63.85,0.04147169214670654,0.1937888725570997,-0.04176557137128628
63.86,0.12190663004531598,0.17924727677868554,-0.09672967528125893
63.87,0.1595432173942817,0.13652676704843142,-0.11135344887256071
63.88,0.1765098521059065,0.13274635182626518,-0.058756899370309416
63.89,0.22023659142094668,0.19786660696761818,0.02097555892044964
63.9,0.25796760827779974,0.2891808938724002,0.0754930054811049
63.91,0.22368574510752837,0.36983563284293347,0.11639439051262875
63.92,0.13054259387894945,0.4323344579535007,0.16322487459784818
63.93,0.06405873297049565,0.46911823644750034,0.21019185870751683
63.94,0.09324819543208991,0.44951301375010905,0.268507915644227
63.95,0.146423072385443,0.34423039463318666,0.36724341943040706
63.96,0.15658323542916872,0.17765849913992895,0.5354394089111769
63.97,0.15297729594000986,0.04891733309929364,0.764204161235476
63.98,0.18869900230282083,0.056205489857026746,0.9506113468512002
63.99,0.23209415334018293,0.19926893796332582,1.018565401023
64.0,0.22708125390998712,0.3823784196505878,0.9809345004563897
64.01,0.18240594817981162,0.49024802890350017,0.865162665341319
64.02,0.12209910602225878,0.4598518041089319,0.7148344249223759
64.03,0.06785844369143926,0.3227749425497767,0.5846227445701255
64.04,0.03860798129163276,0.16979272813030524,0.5052578981940179
64.05,0.04619088460065193,0.08471546883185278,0.4664084048285804
64.06,0.09509601740317052,0.08832169477708578,0.4677597990236028
64.07,0.15179718707811196,0.11978364173570172,0.5143009844668804
64.08,0.17596743906066606,0.11650831195558656,0.5923960892910879
64.09,0.17824396955120933,0.07095105570538929,0.6731157782287495
64.1,0.17670585816359058,9.85045256452061e-05,0.7231689395985625
64.11,0.18105895868660643,-0.06682037307040907,0.73384675749434
64.12,0.1847618004322685,-0.11362806903643881,0.7094809968264485
64.13,0.17096622384317126,-0.14362067715546176,0.6670777324647447
64.14,0.143239734526668,-0.17584291727367438,0.6384211009146198
64.15,0.11862456765047093,-0.18759729409694118,0.6367094271860828
64.16,0.10808328076181858,-0.15353555835293245,0.6495123196924432
64.17,0.0967257640423187,-0.1415017949676719,0.67067703453708
64.18,0.08515978649639275,-0.18357579871473054,0.682824390330452
64.19,0.0858211122124701,-0.25466282361694,0.6703740612879129
64.2,0.07616645055166348,-0.31221450721439165,0.6359774690335082
64.21,0.04257128699704573,-0.3055889600094488,0.5812338414372682
64.22,-0.0054058072850388765,-0.24433273298336622,0.514974997112214
64.23,-0.06869031890144599,-0.15851015210491295,0.4445715672804922
64.24,-0.14615235163036205,-0.042102495672788134,0.39459278665900843
64.25,-0.20509053833989926,0.06397103362690443,0.3769171457878657
64.26,-0.2550287780971233,0.11266323908840044,0.36472903550685165
64.27,-0.3081331449785577,0.14295942609995818,0.336546222915432
64.28,-0.33889673223704864,0.20457823448409387,0.2966171487019682
64.29,-0.36245660339738633,0.29526959639664585,0.27984530370983457
64.3,-0.38594645805602906,0.3812730584266603,0.28315073208217484
64.31,-0.400071284902667,0.47595686502220347,0.2919116329357777
64.32,-0.38467134259727337,0.5845782157553302,0.31683586249340406
64.33,-0.31338833098882507,0.6394388261945557,0.4122973099011414
64.34,-0.18795326121138575,0.573499293327249,0.5785142451526292
64.35,-0.04105812191461339,0.4493673555864701,0.7199809775641202
64.36,0.06396066013462108,0.31671129217475186,0.7410049739617777
64.37,0.0861246054235817,0.20019302462541133,0.6764838077578486
64.38,0.04953764330586041,0.012335943138844988,0.6011073910451905
64.39,0.0005458766467883128,-0.20368666114958955,0.5850938358397875
64.4,-0.09556206683902276,-0.37589187969239307,0.6953943422606571
64.41,-0.23788176020664104,-0.4759201313506248,0.9285437774397682
64.42,-0.36186877869730943,-0.4627207934076124,1.2730847417029483
64.43,-0.39261264035351856,-0.477344654302352,1.6275641269038066
64.44,-0.3780429555164966,-0.4866183007826968,1.8756763042361224
64.45,-0.3876560315596831,-0.41816110317321586,1.966736879512932
64.46,-0.3821097548251831,-0.3600727453110152,1.8929485890466016
64.47,-0.3531797252492985,-0.3135349009583496,1.710862889929768
64.48,-0.38437191329244197,-0.24662246648794495,1.5599053658349271
64.49,-0.47465839034743534,-0.20230619959639948,1.47533472006578
64.5,-0.5391710549723547,-0.15785683379990464,1.301685367361439
64.51,-0.566134369917223,-0.12666754597480004,0.9721596004898087
64.52,-0.5305896118972089,-0.1401272571793866,0.5198405158689874
64.53,-0.4357282687007285,-0.12783156892927364,-0.026185917037385587
64.54,-0.33014614023584193,-0.12944297173555647,-0.5139879748862803
64.55,-0.21980034798153952,-0.12560310528021337,-0.8104792296544026
64.56,-0.08202701750980776,-0.0706316846822463,-1.0010398424856346
64.57,0.05897674394333791,-0.07018702204002719,-1.1288586631629143
64.58,0.23077662110222363,-0.16346041183897683,-1.2301516551432727
64.59,0.3913176522926548,-0.2851466486921889,-1.3103885111807239
64.6,0.4649855797620128,-0.3938053970669139,-1.365947872255982
64.61,0.4644407030149121,-0.4695218153122682,-1.4253079514803735
64.62,0.40868448783789824,-0.4996853346485078,-1.4988112413795884
64.63,0.301531863630729,-0.47875101403335973,-1.542414343116904
64.64,0.18999135491637759,-0.4509138312522361,-1.5138400045211005
64.65,0.09917587751371575,-0.47367751596187985,-1.4272526234427259
64.66,0.03661960787812591,-0.528911751407209,-1.2972925144389984
64.67,-0.0027356936572638857,-0.5677512361049293,-1.1027278951200197
64.68,0.007574751928958838,-0.5741879300044316,-0.9071913064176763
64.69,0.06254711496881364,-0.5461273016771975,-0.7528702994886473
64.7,0.13485581961027476,-0.449512359144415,-0.7273270402380185
64.71,0.1733469215481022,-0.3038582181191098,-0.8994888947535681
64.72,0.15537094047742347,-0.1667160721047225,-1.1063491043122016
64.73,0.10507201971393142,-0.06139924396304096,-1.1741576640242413
64.74,0.039005510883788494,0.0059093629112158975,-1.1387564880506114
64.75,-0.03655692825352035,-0.033771930264948326,-0.9897185248018211
64.76,-0.096267271799748,-0.10727676148456436,-0.7641898404897924
64.77,-0.13094479152639693,-0.08664044240028204,-0.7019746836077697
64.78,-0.1560643160364673,0.042129291808460596,-0.9109655311669552
64.79,-0.1541135088000634,0.21283717642989589,-1.1805742505591323
64.8,-0.11994567344903984,0.3478163910513141,-1.3745653941930827
64.81,-0.03948285294620119,0.46842890324616776,-1.5996134326875266
64.82,0.05638867161434386,0.6127335019257261,-1.783088240711242
64.83,0.13667590534489685,0.7331265868807192,-1.8436381734540688
64.84,0.19184252104838334,0.7742755362587189,-1.7983099170583579
64.85,0.23773215890282295,0.7085049876872568,-1.6071358685390236
64.86,0.2602113850021028,0.5518676318897859,-1.3748848481161218
64.87,0.18592784555884298,0.39928565578006614,-1.2162793685955022
64.88,0.0011141982130922407,0.29441272316514605,-1.200245118158573
64.89,-0.20771889688554962,0.2474016209083278,-1.2487276128441154
64.9,-0.3650429510634974,0.2734034181319093,-1.2537808181589536
64.91,-0.44254603572075846,0.3700833534181571,-1.2014515232058094
64.92,-0.440446445516944,0.48067019244911036,-1.1233412659776578
64.93,-0.35366612104525513,0.5321788421627272,-1.0276595544300893
64.94,-0.23550611512501574,0.47658451948574143,-0.9332698239026916
64.95,-0.12291168965885146,0.30294203024597155,-0.8327460825408196
64.96,-0.0469079995171802,0.07652621011120446,-0.7358491125695656
64.97,-0.01420839852746236,-0.08142769088616718,-0.652242672543132
64.98,-0.06793116375231942,-0.10526680314024796,-0.5761191468130518
64.99,-0.1985606320054493,0.011150014913193184,-0.5141868817456708
65.0,-0.3845415021241034,0.18923043750776136,-0.4920208568717908
65.01,-0.5609667444842396,0.3316284660397668,-0.49053080414227995
65.02,-0.6930265227209277,0.358354200059197,-0.46966945888199807
65.03,-0.7291851989940844,0.26136432020132894,-0.3914666464133457
65.04,-0.6306745805877593,0.0859024152673937,-0.24625156976425294
65.05,-0.46033403972512205,-0.12460497753943828,-0.0633599328917869
65.06,-0.29538460142846673,-0.3371209912541632,0.15408252113289297
65.07,-0.11984276829095528,-0.4719204341847322,0.3893927664198744
65.08,0.07574242784599217,-0.5283071326585762,0.5754853836883568
65.09,0.21363717698608137,-0.573563432053887,0.682641675524783
65.1,0.2751940601614204,-0.6217710740403977,0.7028523910509997
65.11,0.3178143359424389,-0.5949579697540405,0.6595850033791179
65.12,0.35472862473988176,-0.5108926024074911,0.5690721230594254
65.13,0.3515004776569143,-0.38037074665825005,0.44134102803453584
65.14,0.28335015694589233,-0.263206224950536,0.31836136238415164
65.15,0.26026714896331243,-0.20290279016253548,0.2317228314453617
65.16,0.303049322085357,-0.21984240482430817,0.1990773066279967
65.17,0.35669960887901475,-0.26978295421583176,0.2576419462280925
65.18,0.4231301158251562,-0.2705824250066701,0.32518405724062793
65.19,0.49923032448955973,-0.2567649734565591,0.3677439933885472
65.2,0.5606746159057449,-0.2709550448009709,0.40046342860384654
65.21,0.5798674513445837,-0.2961220502902469,0.419891258593279
65.22,0.5652313153960283,-0.3225083444476865,0.39854063213454016
65.23,0.551786960760894,-0.3146635161794833,0.33956774620485186
65.24,0.5362801014447605,-0.2965045034448839,0.3000577360638744
65.25,0.49185582299815994,-0.3246627864042324,0.3503698900280746
65.26,0.4388579208400627,-0.4458966492577158,0.4820670370273756
65.27,0.4766360037317534,-0.5881703538448632,0.5726049121492911
65.28,0.5852295974823227,-0.6467204410033963,0.544976547394861
65.29,0.6420808280862671,-0.6795624651657389,0.48658887827024444
65.3,0.6524902670606025,-0.6881929112193034,0.4512604265015102
65.31,0.6574422531649426,-0.6965364229477197,0.44284181131846717
65.32,0.6783080052167159,-0.6900579375639657,0.5197996956434885
65.33,0.6513211154940417,-0.6985889098463641,0.7074207549259713
65.34,0.5751959530518792,-0.6826545714635097,0.9672957112843651
65.35,0.46069556048989546,-0.5768488660777668,1.2370105117823145
65.36,0.343296687435484,-0.38374008146731775,1.4353723344315674
65.37,0.24708123848748262,-0.24683772607426746,1.51613068366829
65.38,0.19381520336931152,-0.13256952094175573,1.43933386110206
65.39,0.14953717557396845,-0.034822099707321114,1.281253622265374
65.4,0.15483893933958207,0.008665283564615727,1.1122606066195484
65.41,0.2135041061181762,0.019172060659709795,0.9945737250229489
65.42,0.30170649758235785,-0.021292562422558222,0.9535678301754759
65.43,0.35293651953824584,-0.11957259563262172,0.972722890683388
65.44,0.333622251200855,-0.2291709287468171,0.9802481896627944
65.45,0.2934922883197946,-0.2843300862107297,0.901853835777554
65.46,0.2606289446080093,-0.24753756605827482,0.7796253972110699
65.47,0.19542634150008253,-0.22966382108230166,0.6035964121783739
65.48,0.08080595362283263,-0.19370204950929737,0.4559754087429493
65.49,-0.0416775270676302,-0.08380115835423017,0.3329124558156667
65.5,-0.06273877694084648,0.04015662644055347,0.3029225409174901
65.51,0.008520603017649004,0.07900542954837962,0.3598692191473519
65.52,0.014787523396862082,-0.047030468155424617,0.3395225048912165
65.53,0.053481614142697066,-0.2361474168843331,0.3526713435192052
65.54,0.10259534714729203,-0.29267846129059216,0.3564965808074836
65.55,0.11383942043243234,-0.3132580047798865,0.38541842329361686
65.56,0.07605748350188672,-0.31784804217499807,0.39973786341519724
65.57,0.014410948227151554,-0.2458099550494905,0.48791917020310793
65.58,-0.10717068703929988,-0.13460832928092542,0.5202044063305209
65.59,-0.23755805276447242,0.03367361772880162,0.668621746306694
65.6,-0.4376737546030095,0.1063136547923491,0.8089283105882851
65.61,-0.6411525636580674,0.2048121805271781,0.9732409782021637
65.62,-0.7442130965138375,0.35429484525189253,1.1672258356569916
65.63,-0.720033096549273,0.4088722784589041,1.3108385618151301
65.64,-0.6563914636092082,0.3787428229306051,1.3455318686340985
65.65,-0.6181371268801807,0.3437537372841324,1.2637484988737857
65.66,-0.6038218703858034,0.34857471637599147,1.11951832118224
65.67,-0.5760917645081317,0.3457332614615718,0.9954027677512799
65.68,-0.5159046620652451,0.31297996037196857,0.9293640805117224
65.69,-0.4207783500558254,0.2940045863574222,0.8964005159541024
65.7,-0.29103387265033315,0.29496824068583394,0.8442925604150135
65.71,-0.21951822243209207,0.34230707867585125,0.7482147940828613
65.72,-0.14945806987746907,0.3659080394732687,0.5459141298657243
65.73,-0.03446843874347043,0.3634588108588909,0.21052114471221975
65.74,0.09615114838612406,0.2809114305642842,-0.1715021862830926
65.75,0.17766664098154727,0.10315770877863072,-0.4694630669916848
65.76,0.2108774814235288,0.02214300395103081,-0.6789635612717198
65.77,0.26039104379688227,0.05342091195783498,-0.8049127440495623
65.78,0.3332719973186942,0.09252993184939463,-0.8270633756244358
65.79,0.4018624237125695,0.09506377513276189,-0.7518439046140202
65.8,0.4427175570594172,0.0525645591470326,-0.6298311925006279
65.81,0.44870260715954585,0.02671652022115776,-0.5235443595047569
65.82,0.41530849411198156,0.0345253432750955,-0.43746199260115987
65.83,0.30906396548461695,0.10398694072395079,-0.38800659880016836
65.84,0.16652055890566486,0.17069979960950227,-0.36351893299997917
65.85,0.03235360343120822,0.2312565168232702,-0.3652397345404154
65.86,-0.08402606786608526,0.25906485240461996,-0.39672099130834987
65.87,-0.18040766372768513,0.26655159677767903,-0.5022222896289449
65.88,-0.2518714365185497,0.2872444102929466,-0.6118457245072646
65.89,-0.23719524464506983,0.3254369518953814,-0.6846560426967393
65.9,-0.18628024418418812,0.36214653630474525,-0.7518323518354545
65.91,-0.08027529165498663,0.316374148730182,-0.7439085350086676
65.92,-0.011220964749716912,0.22168244187082253,-0.7156672216760595
65.93,0.029337459437183175,0.15805139808713442,-0.6900517779133751
65.94,0.08133285291326553,0.1694225922835878,-0.6510495833411079
65.95,0.16911997082539848,0.18447539487529913,-0.5552512218299368
65.96,0.2098657538595015,0.1374874363970106,-0.4509343757050674
65.97,0.16767354538476675,0.11966029781237983,-0.39429096247066886
65.98,0.12979329605284912,0.1876098239085586,-0.3591749411430665
65.99,0.1098014819969842,0.3047059563955488,-0.35149982417427217
66.0,0.0625285558278792,0.36573501161383865,-0.37928459653975977
66.01,-0.05985275165021915,0.3560308387195666,-0.4185655260571849
66.02,-0.1663918693286794,0.3684116464977232,-0.4336281466406676
66.03,-0.2096447584016242,0.4191739318955432,-0.458716245779684
66.04,-0.1957787197175267,0.4228213353744989,-0.4608161319165928
66.05,-0.1861915686206771,0.34328732750942065,-0.4463606282556711
66.06,-0.20776872876837507,0.22883613125891306,-0.44329118070867735
66.07,-0.2346775136744229,0.1539374122754511,-0.42932626189647544
66.08,-0.20850599908108894,0.12292923754311907,-0.3499363680818942
66.09,-0.1653254495094901,0.0782740914713427,-0.21729675090629125
66.1,-0.12124020318482337,0.01490675052359071,-0.13392629187475827
66.11,-0.05285499326423531,-0.008793676263335451,-0.0870955252221448
66.12,0.015532456535465247,0.02695199656044818,-0.06108757275371639
66.13,0.04560463872566517,0.06838863677017713,-0.054084006353729626
66.14,0.01032961101522205,0.09917316426254685,-0.0708332089367455
66.15,-0.04927144457220794,0.1488583637826651,-0.10106377209687756
66.16,-0.11187197806861296,0.1822986606227478,-0.1403564545178599
66.17,-0.1762081691366323,0.1570974457567112,-0.12499225865911515
66.18,-0.23475235754342935,0.10721732687267375,-0.08561159300668784
66.19,-0.267315333613763,0.06685673873740405,-0.06536630237014657
66.2,-0.2643485486618967,0.04539491376566865,-0.057384269441136435
66.21,-0.23376309388046132,0.01220120523945546,-0.0356238756679838
66.22,-0.19480135288458872,-0.05816218246444793,0.037520381676879135
66.23,-0.17422559938588364,-0.12574257866620453,0.08326268677814622
66.24,-0.15881161593110305,-0.15168758425650056,0.10306924434611435
66.25,-0.16658250334797414,-0.11425702921246528,0.11831184880655833
66.26,-0.14259751239731178,-0.04347996652626399,0.15043989694323218
66.27,-0.09066797457473244,-0.02651064674952333,0.1639421890375086
66.28,-0.018702228405405943,-0.08426789986339606,0.13778936202445224
66.29,0.0367825180838897,-0.1766020974379994,0.1107083491544219
66.3,0.06978020405570558,-0.20824762638125563,0.09247305397221572
66.31,0.09865731855153351,-0.14645837467997383,0.0974254834313249
66.32,0.07997476212509326,-0.06884675001306947,0.06684281483620237
66.33,0.04868983753883784,-0.037160916468425544,0.026724634380077286
66.34,0.005111102777386737,-0.02973571608971631,0.02816093638695827
66.35,-0.010015766136392037,-0.01999150861718908,0.09472143969083666
66.36,-0.015522633075912276,-0.0067758294540096724,0.1946305439041856
66.37,-0.03625097616040564,-0.037214357156280124,0.24729444080318183
66.38,-0.041089652318021884,-0.08075217218629499,0.25304305148326633
66.39,-0.022453503799773747,-0.04485573966573226,0.24505366794964464
66.4,0.012875516656399,0.0093578643895502,0.24966734612397767
66.41,0.018305807178924376,0.015481769645556719,0.21152633695458406
66.42,0.025335949119390064,-0.020234397210035115,0.11850998902828537
66.43,0.04369386376298403,-0.024150844913761283,0.0035811153470484826
66.44,0.07635491284297494,-0.01736353536498323,-0.07958067732193154
66.45,0.10550422938528407,-0.026892065396065014,-0.11890369940142761
66.46,0.13282760116091724,-0.049861283694603804,-0.15036107123202272
66.47,0.15096929722604835,-0.04709537772232682,-0.157599488772927
66.48,0.1477476543865932,0.003898989350556297,-0.12845720069511882
66.49,0.15601200369999257,0.05872906130491382,-0.061309754836587536
66.5,0.15506203546583,0.08863442729095791,0.012202816011907466
66.51,0.13448117304364543,0.09953804286399982,0.05919665350347267
66.52,0.11533682852175653,0.08991225049950217,0.08162462829306243
66.53,0.09794942713105924,0.10223404079379797,0.08551238880731425
66.54,0.09005754871784104,0.12368257816811536,0.09152780826617542
66.55,0.06236919181480059,0.11380867302490114,0.09773767983753921
66.56,0.028198001802139678,0.08185311251327784,0.08920802321056803
66.57,0.004077956552479353,0.05502317050050693,0.06730406234198145
66.58,-0.0005457108176033927,0.03532474940188013,0.035433299061341045
66.59,0.017721917969166306,0.007913155051789146,0.022741701423105727
66.6,0.024724968497723356,-0.04566439619875546,0.0213970424547799
66.61,0.01271135814038927,-0.1084182235854291,0.029047145693816893
66.62,-0.004926494667764169,-0.13539074647962165,0.046055661016964046
66.63,-0.02145296094180088,-0.1402121569613501,0.05988965371904082
66.64,-0.0272894159564937,-0.15175525628313066,0.061314558263533894
66.65,-0.028929171486059144,-0.18296875521217215,0.05631479698266874
66.66,-0.03749097100079246,-0.19898337840485603,0.04712439777037269
66.67,-0.018284154232352683,-0.16329791341361669,0.021166289411422352
66.68,0.025627114502899076,-0.09821643359939398,-0.01583801176839078
66.69,0.06321553249921055,-0.045534977072881816,-0.05859408909124623
66.7,0.09182449101718217,-0.02158813370133415,-0.10717544379648454
66.71,0.08665326038025646,-0.01251311806081312,-0.15425017970754645
66.72,0.06442962501477818,0.00045198655554562006,-0.18534260622125054
66.73,0.02892940489482391,0.005677511904210345,-0.18066720425634875
66.74,-0.00971946378926251,0.01708980760096108,-0.1601270620336121
66.75,-0.027049624716108795,0.005311343984656439,-0.12910120469119094
66.76,-0.04191152713845144,-0.032110110432922084,-0.0861931262906463
66.77,-0.056238427573193465,-0.05699883224189161,-0.043952676807807636
66.78,-0.06911028690294975,-0.05963937716612163,0.008132231054502947
66.79,-0.08701347642240528,-0.03911234251064629,0.038201839198363306
66.8,-0.08700687763029137,-0.013881612300498058,0.04645812641666365
66.81,-0.07529984918437203,-0.0004701532757822125,0.04007507790025921
66.82,-0.040045756022193436,-0.012832628412317509,0.018376286774642554
66.83,0.004951690899460104,-0.06033321858171574,-0.00597519845863164
66.84,0.042245596464364175,-0.10696871129608451,-0.05247163638904887
66.85,0.08290137211361918,-0.13440716815538595,-0.11065863229150054
66.86,0.11541284527581197,-0.1153716982243608,-0.1366642549057118
66.87,0.137196495334972,-0.07928786419601114,-0.11041231422920439
66.88,0.14203209758240048,-0.10063432538160447,-0.047482833008399235
66.89,0.12521825059259378,-0.16351207615158575,0.008891885843828834
66.9,0.11199851871800129,-0.19352243294305313,0.04720258738932438
66.91,0.11296269555537365,-0.17517220226534816,0.08426152412304498
66.92,0.10821249473757559,-0.12519018918742952,0.12968750223557024
66.93,0.07823993977721562,-0.046108189508931176,0.15299594826351312
66.94,0.033819124263110414,0.0019181710700051664,0.13564108902209573
66.95,-0.0013423903668333473,0.02086012531215354,0.0943300440800165
66.96,-0.004387182472908543,0.053220779201288204,0.032380679585013804
66.97,0.029539049066909278,0.05290330358212643,-0.025819403691453812
66.98,0.04915881028665965,-0.003881889397721484,-0.06166867529680236
66.99,0.046925531478425334,-0.07427994936741537,-0.08030334957156965
67.0,0.038377391148733536,-0.11098219084161799,-0.0807959058102928
67.01,0.0428784241583566,-0.10200683394122652,-0.06642398829517018
67.02,0.06735448214015206,-0.10261873296743396,-0.01542438612687672
67.03,0.07083214074735601,-0.12877782830903223,0.053218456195319834
67.04,0.054813351838275834,-0.1448873119501899,0.09864379200164394
67.05,0.049408519907305264,-0.11076084314009733,0.11437916026246356
67.06,0.06833829886020154,-0.05039466522586057,0.12438189878133676
67.07,0.0741400447030733,-0.03986775744244635,0.1478796408713338
67.08,0.049828865988724824,-0.07072480854274091,0.14632067147831374
67.09,0.03271955228305224,-0.07617706380077781,0.09773077605908563
67.1,0.027764461812835095,-0.01485519176366536,0.03973761176645653
67.11,0.03324958240074747,0.06214828196868533,-0.01155536563616204
67.12,0.032720720166774055,0.06078562866777193,-0.06561522487919166
67.13,0.005365968709712053,0.004803531007685366,-0.13225685923701305
67.14,-0.014424257910789098,-0.035493636200794744,-0.20991541587142407
67.15,-0.002161905781907753,-0.0610213895447307,-0.2607012523957136
67.16,0.03454067354535247,-0.08365373475216396,-0.26444754858169656
67.17,0.08359171857928997,-0.11933889840889284,-0.20354338867498123
67.18,0.10307083844467714,-0.14370357195748834,-0.09189002435224478
67.19,0.09274716046771103,-0.12725505896129571,0.02474659874962638
67.2,0.08385236986503929,-0.08212076563791285,0.11480060809976737
67.21,0.079039921938528,-0.012390380636247821,0.15386954121966015
67.22,0.07829542789603361,0.0679209691367092,0.14623049684381895
67.23,0.06469802626472139,0.1170973432589866,0.10606664435158518
67.24,0.03188815898898894,0.09917313915210015,0.04554675348186822
67.25,-0.0037843720127917744,0.057684905492694366,-0.024834102443448594
67.26,-0.018875030569766988,0.053246990360230104,-0.08379864260830469
67.27,-0.010692099181010047,0.058105206903576526,-0.10600735870316044
67.28,-0.005142005847112517,0.020249700894284888,-0.08565165817714
67.29,-0.012686926887403098,-0.026643865250630668,-0.058364611158538
67.3,-0.01609836565338536,-0.020754998261869658,-0.047188745922039796
67.31,-0.014365378186168296,0.01199413740975955,-0.0508771819097022
67.32,-0.005575403621427824,0.016945244449265522,-0.06443320599886636
67.33,-0.018345537416082622,0.013284462421926938,-0.0795573739714781
67.34,-0.04752006112384418,0.023892333451440595,-0.101724425330858
67.35,-0.049009544149204165,0.014242677157676235,-0.1269011874094501
67.36,-0.0398826042963606,-0.021835708862758665,-0.14132013823453435
67.37,-0.02665943981565246,-0.05675882399427599,-0.1284039847489385
67.38,-0.017486519939188212,-0.09277743690149175,-0.09920940461593246
67.39,-0.030811931893883013,-0.10009512202365448,-0.050355016494535394
67.4,-0.057671082656968964,-0.06774163300759467,-0.007532395095556607
67.41,-0.07798574772406267,-0.04393250980468347,0.02520718170093912
67.42,-0.08462540424787555,0.0004598209635836281,0.045570308394021077
67.43,-0.06078438508645409,0.08235276533224507,0.04257775735078544
67.44,-0.036126328788143494,0.1336398609584552,0.016118196836698705
67.45,-0.016634054753434897,0.12801895373365615,-0.038603444542295105
67.46,-0.0017336963807992216,0.0834963065804185,-0.099121135539673
67.47,-0.012619173679903907,0.04434912954934715,-0.1487304335028476
67.48,-0.028577748046493396,0.012777954161998034,-0.1789374136269067
67.49,-0.037320097681964204,-0.019711625774032744,-0.1820238492783911
67.5,-0.05753000868589609,-0.05398423939573209,-0.1557032931550599
67.51,-0.07024051897015728,-0.07636744390657428,-0.12310580699192328
67.52,-0.056633043018356956,-0.04752830667062106,-0.08080947111993683
67.53,-0.03309552306658425,0.02012705739714835,-0.035892514046388053
67.54,-0.004702736852499618,0.051250667366470166,-0.0007055008279293662
67.55,0.026829242121830306,0.049106760469358815,0.022021803805839985
67.56,0.03556297350067427,0.04823081174813671,0.019262987194050632
67.57,0.03265147579858302,0.02816029523360403,-0.014791983209304417
67.58,0.029359758966662798,0.018223454864403903,-0.04974579987961774
67.59,0.0163994961483571,0.03444040401051307,-0.060954948131946844
67.6,-0.006059248396514868,0.038541237334271006,-0.05313423905147742
67.61,-0.02325336751157716,0.023720017048876964,-0.024736978499570142
67.62,-0.05417148911388827,0.035994320988392225,-0.0003765244919850438
67.63,-0.06273818724595491,0.08922969210362311,0.0031931340492528867
67.64,-0.04724546794471504,0.14170014305656065,0.0007678134960080955
67.65,-0.03872030188154835,0.16239270736467065,0.004178363628837374
67.66,-0.03395037435733783,0.14151282434879517,0.00034664710045559903
67.67,-0.027234670064585433,0.10714058102623619,0.017891282527150994
67.68,-0.05278127031493171,0.0874184248027693,0.04796827702894312
67.69,-0.07145373214888714,0.06887749546684127,0.05947267893440237
67.7,-0.07954234986790609,0.053123537754494486,0.057718136507443715
67.71,-0.09237695911066512,0.07376899000812029,0.03610805867077393
67.72,-0.10750675674554583,0.09111056651657569,-0.000865689342870597
67.73,-0.1296523910901465,0.08241551935800182,-0.014454749589959221
67.74,-0.16141324790920464,0.07760282029535587,-0.010242297355713465
67.75,-0.15010513207975418,0.06575162629605028,-0.013312819106270492
67.76,-0.09341932723099383,0.04606029360231552,-0.02905129637108518
67.77,-0.03196904254608159,0.06010318030240799,-0.049266221505876
67.78,-0.004619946857309334,0.0818999756519614,-0.051401611834883586
67.79,-0.0316114142461432,0.05298161013816618,-0.02458951366362845
67.8,-0.10470037271592274,0.0205319372665133,0.011920828780348846
67.81,-0.15953676146816004,0.018329384845508744,0.04041161883355141
67.82,-0.18459348571806597,0.06214989640161524,0.06728000966238859
67.83,-0.18671182714457035,0.13999808285032145,0.09882890842474346
67.84,-0.18152834152939867,0.18281752601971143,0.1064772118229657
67.85,-0.18139792755457101,0.18275294535444103,0.10147754798712441
67.86,-0.20601354096159713,0.18865466127105132,0.09648586774245917
67.87,-0.23505710724476053,0.20866758371447391,0.07606874170604433
67.88,-0.2233685565757539,0.20995147521116694,0.036066138354260424
67.89,-0.1997103820222311,0.18210153372911717,-0.008562700739720002
67.9,-0.17542742399282524,0.14578089035636066,-0.03697250173166467
67.91,-0.15163439418997385,0.10455950716713297,-0.05666720798013497
67.92,-0.12463209160464331,0.07341518883093816,-0.042999362952322775
67.93,-0.11996484820277137,0.0590724669670584,-0.011773681956283946
67.94,-0.08411939731422456,0.051418273276554426,0.002080601749290875
67.95,-0.03425632752805204,0.02863948006217917,0.001027730683945673
67.96,-0.0027540890670186818,0.025846770303471427,-0.0008000919147421501
67.97,-0.0027045263906616945,0.03828548377610427,0.0009807444213231055
67.98,-0.027147610278749835,0.025126640334871105,-0.004411331719053436
67.99,-0.07274759895282919,0.009768524149392614,-0.0014426870514618842
68.0,-0.12360002925206931,0.0035090335663059712,0.01415020700945949
68.01,-0.15444568726363894,-0.019549584337757987,0.022812182651103092
68.02,-0.16102340582956265,-0.06856504224457828,0.027863153410786698
68.03,-0.1596416343972096,-0.09635691335419055,0.032229684363795856
68.04,-0.14461263261659227,-0.09361104257376927,0.0356271830461821
68.05,-0.11900103585102992,-0.1011053781223455,0.0679904314891998
68.06,-0.1038446366076277,-0.13976096492181997,0.09113243956417762
68.07,-0.09390915158398205,-0.1933197237345075,0.08842902422397288
68.08,-0.09815286260510067,-0.21863267899890532,0.08968549375355885
68.09,-0.1036279510311278,-0.18600809764784784,0.09508319717619391
68.1,-0.10821661417864455,-0.13589808695658206,0.08221494185523191
68.11,-0.10145091567034308,-0.08379766269783785,0.035993513012305536
68.12,-0.06856372852641933,-0.07533947804652098,0.01896042420254798
68.13,-0.025306616285370127,-0.09536736602547918,0.007495404691365721
68.14,0.03298194076623131,-0.09106031819996566,-0.024228274905725666
68.15,0.09263260866593007,-0.07891652682630401,-0.05537528561552518
68.16,0.12595657488290452,-0.02950146815393927,-0.05097135943761725
68.17,0.11740295250751429,0.0021001512763227374,-0.051005370710445065
68.18,0.10592223475292534,0.01568449161560218,-0.0686538403332489
68.19,0.09955574375814082,0.020518649336843043,-0.06341432144070368
68.2,0.10548873083068314,0.026807840890375544,-0.010223365784807589
68.21,0.10669193818587748,0.017868140547780825,0.056110587730291574
68.22,0.11092781963120489,-0.011955788317277458,0.09388451824690447
68.23,0.12016011216807436,-0.03584931670894669,0.10972500176047412
68.24,0.137254594558071,-0.0178124497228355,0.13173891415628614
68.25,0.11384546984764164,0.03727424344917832,0.1432510659730926
68.26,0.08260669076528032,0.06734750738107437,0.11655808906266073
68.27,0.06625407657468523,0.04994713815368448,0.09903163130117323
68.28,0.06494295350651065,0.03740250754700581,0.11076979342132161
68.29,0.05348646355510642,0.016263094946974085,0.10360137940062042
68.3,0.06060419361507381,-0.04773849369299587,0.08386879287992048
68.31,0.05341647602112785,-0.12857239248349994,0.09263218093329978
68.32,0.018643296995331703,-0.10443881447613036,0.14429446085403128
68.33,-0.03155160494647966,-0.03408327430613905,0.18807702922110198
68.34,-0.07916362571565524,-0.0029735730909413154,0.1680190847933021
68.35,-0.1025038872102476,-0.01711456472330675,0.08713479643569928
68.36,-0.08856678961160482,-0.00884971110045525,-0.005006951868932262
68.37,-0.08516793923674158,0.04008391779718481,-0.0929925100702243
68.38,-0.08061030338795767,0.06931415824468068,-0.17843891289680644
68.39,-0.0582844462093534,-0.04617881756695636,-0.18831490748118335
68.4,-0.0748771239767038,-0.21610820999959227,-0.1622364410998285
68.41,-0.10307940802071898,-0.24235055004560244,-0.1319768509154749
68.42,-0.12997960915076268,-0.21240685658261468,-0.1655937959189786
68.43,-0.12364162923644194,-0.16403546388600287,-0.23187946020979305
68.44,-0.09110785430869223,-0.10627771814381842,-0.28123082462042137
68.45,-0.04398355653595727,-0.04416738425636483,-0.2987216368403537
68.46,-0.023268268310522772,-0.02064581978501464,-0.30026783709008237
68.47,0.0027451873294392186,-0.031205140358691274,-0.27880187975350396
68.48,0.02610621867768142,-0.09254165844101198,-0.23509741855172486
68.49,0.026433559829595273,-0.1459056292311226,-0.17869072229481156
68.5,0.003936650964759077,-0.1467631642709749,-0.15632080167389492
68.51,-0.0087856745936,-0.08938611401319303,-0.18319444868642792
68.52,-0.01778926559591048,-0.009687853228584939,-0.22274478219838265
68.53,-0.021096387291322988,0.06747093912182635,-0.254092100186855
68.54,-0.038219683043639395,0.10185271225596845,-0.3317204663644349
68.55,-0.06869100864251823,0.09426623493893499,-0.424469509347408
68.56,-0.050643296993853885,0.12982371527574588,-0.5352646949210474
68.57,0.0015503215334293251,0.1908396987224621,-0.5763907291296413
68.58,0.060243124492249736,0.21516014946523504,-0.5460908784345586
68.59,0.09320073726793393,0.19458114468888896,-0.48535677443870345
68.6,0.07789411969231808,0.146682232452303,-0.3957621721975425
68.61,0.0339982957108335,0.10102810493835092,-0.31514875098978473
68.62,-0.015786642703230335,0.049200664545340535,-0.2847555988784218
68.63,-0.06627579712116345,-0.006404501124577558,-0.31401907839536425
68.64,-0.11211867057629518,-0.06962728720734311,-0.37495594383471814
68.65,-0.15401528767359102,-0.12006690434339172,-0.4455245290447466
68.66,-0.17266085199818315,-0.14768517110552923,-0.5070474883053426
68.67,-0.16066577594644582,-0.17452449177740817,-0.5502948729748638
68.68,-0.14872640278713073,-0.211565235620502,-0.5593393770994904
68.69,-0.16894056114371084,-0.25759447958126463,-0.5254381722019086
68.7,-0.23205215815699726,-0.30570323972406227,-0.4583615569440936
68.71,-0.33899399768362687,-0.34762552671983393,-0.41126233621746316
68.72,-0.4632681306536785,-0.3279498136236368,-0.40370286198656546
68.73,-0.5685575868610724,-0.24760818031534806,-0.4185887978789203
68.74,-0.671018245240528,-0.1098869627479608,-0.41598329456775696
68.75,-0.7274513313682797,0.01961536629936711,-0.36511194962397653
68.76,-0.695491416107279,0.10675034120918221,-0.3063579626496631
68.77,-0.5764110189934986,0.15037339273407974,-0.20912862764371848
68.78,-0.3969520579057446,0.112287965321196,-0.12942818354081645
68.79,-0.20839216991875603,-0.01873433017399377,-0.12071675910125826
68.8,-0.03265738092875999,-0.1599472428531744,-0.16412736941368938
68.81,0.06869188129015341,-0.22030309390915934,-0.21486359027699997
68.82,0.1018868389573365,-0.18973898663392355,-0.23398649342666022
68.83,0.09485965122948702,-0.16064525020610643,-0.19885212810846462
68.84,0.051595823488499365,-0.17081956708954285,-0.11541186736441941
68.85,0.02142983230621932,-0.15449546398272293,-0.01646618580163154
68.86,0.008216652352680235,-0.060273110616943605,0.056375696158373616
68.87,-0.008751665681617688,0.03164538110425618,0.08691308645075542
68.88,-0.02868155502778251,0.07189058382867924,0.10576091101205788
68.89,-0.01893351952051092,0.09838518262612564,0.14261046388467938
68.9,0.04343554007877455,0.13795329857039412,0.17622685191802379
68.91,0.11773800022449689,0.16266762730016565,0.19361278347714952
68.92,0.19606546787372592,0.1594044343842584,0.21806205782323204
68.93,0.24267458408080403,0.20918539942403597,0.23878400414132747
68.94,0.2123956413248907,0.3070454827188296,0.23272595584556757
68.95,0.14781108131838785,0.35070763486289713,0.20522022315551547
68.96,0.08950240009060159,0.3182766209547817,0.14841731206783468
68.97,0.04055132721787482,0.22933801831620737,0.05795562046950442
68.98,0.005805438806836991,0.14959668714458516,-0.0617394512160368
68.99,-0.01903673350707265,0.04743456748474695,-0.18566319096801426
69.0,-0.037650156105342954,-0.08551373373630348,-0.278197727556305
69.01,-0.02548866553815889,-0.21826574696718998,-0.3371601770901875
69.02,0.025998871837617295,-0.3218470784485502,-0.3665647308297629
69.03,0.09493890773184852,-0.38289612191796024,-0.34628161076554315
69.04,0.14313200144843027,-0.41102611544230166,-0.26266422500740716
69.05,0.1565995342564872,-0.3872182181269923,-0.14921513690431917
69.06,0.17102420117277808,-0.2942062494066855,-0.03465761522694202
69.07,0.17704197461282567,-0.10407574171096602,0.041963171025637305
69.08,0.17171196549759135,0.10502383211907401,0.06957099953780173
69.09,0.15081202288322382,0.204343559502726,0.0643194096678599
69.1,0.138509058387396,0.22720752144972364,0.01043193671244307
69.11,0.13958273570685478,0.24918944199879894,-0.06923672717438849
69.12,0.11540204068734351,0.2594013853236082,-0.1347798056572389
69.13,0.06644766390975412,0.23501167832128286,-0.18370811235757467
69.14,0.005504471294587988,0.20978859161856195,-0.24230768041449235
69.15,-0.06067765452779656,0.17844268941987865,-0.3157267448911509
69.16,-0.10876435768881164,0.15667198771765434,-0.38752203948370206
69.17,-0.16930688115235826,0.14768688209134323,-0.4113892568776454
69.18,-0.22021106060414397,0.16114276912860784,-0.3636410222507745
69.19,-0.24536836801080908,0.19217231961616923,-0.2772413056136777
69.2,-0.2616901337671226,0.23497887608941764,-0.1971950811204905
69.21,-0.27703433272808203,0.2887883706930556,-0.12475649654980829
69.22,-0.27595219695510015,0.33704608670841935,-0.06062760350187262
69.23,-0.23470306640152594,0.36209452788257784,0.0015858476257549787
69.24,-0.16633480236288326,0.35114756227628624,0.059771738877874195
69.25,-0.12198272007943707,0.34154072176120415,0.09212325784862802
69.26,-0.07704331454683326,0.34094315856842533,0.08200919968174462
69.27,-0.04641645003043831,0.3147323423405855,0.022515752556678238
69.28,-0.04097107902008666,0.27020962812861554,-0.07225486872842367
69.29,-0.0749829445013315,0.262773084506344,-0.18808086535876048
69.3,-0.12994141014968874,0.2755776336651379,-0.29216114626024914
69.31,-0.18387692690696444,0.2656962149664329,-0.358758571516682
69.32,-0.2414971330826754,0.20994963046412826,-0.3765397789878531
69.33,-0.2948602998477383,0.13670016293329904,-0.3540197381356404
69.34,-0.3448483253509948,0.058522537950775215,-0.3007439758953734
69.35,-0.37354009232544866,-0.0192926165754742,-0.22371231489470025
69.36,-0.3922510400562399,-0.10272614260384973,-0.1319402613854242
69.37,-0.40888834175189903,-0.15341857315423033,-0.03499758110841858
69.38,-0.4002317859890324,-0.15855878670512186,0.05871023888375526
69.39,-0.3798494726847198,-0.12688210366179148,0.14163183078806882
69.4,-0.3331732703568704,-0.07982171826047388,0.21081909301993304
69.41,-0.25344250070295177,-0.06046832719378328,0.2592970050365231
69.42,-0.16410586036297933,-0.07625770590151215,0.2893299577423054
69.43,-0.07360642380419886,-0.08691916819254639,0.29680540916258447
69.44,0.005752871477715909,-0.05115190978078847,0.2761213916513283
69.45,0.06879449677483657,0.017079951622259053,0.24597730077836263
69.46,0.08390882129448139,0.057016879888343495,0.22400095413485063
69.47,0.08159913853499691,0.060317624015166244,0.20054533423008072
69.48,0.07482976258699549,0.051832403397048546,0.17955076244351797
69.49,0.0598762496291688,0.04822426224277006,0.16333864923376878
69.5,0.04700175840835623,0.06047229097082629,0.13641353494450853
69.51,0.021183336531155186,0.06753194794142788,0.10865579719563401
69.52,0.0002132186120768669,0.07274888814536239,0.08236970431211826
69.53,0.0013256902994845353,0.07263443117097845,0.06557148655739525
69.54,-0.0007853106527655119,0.03490608855438614,0.06648166104716678
69.55,-0.02491212956184228,-0.045059205570291624,0.08036632594661768
69.56,-0.03933112122132272,-0.14458661089739452,0.09269507536351305
69.57,-0.029158496363146852,-0.1884944995699973,0.08968902740698957
69.58,-0.006380395356516076,-0.17603516583241632,0.07835875191283483
69.59,0.030677795132186273,-0.17586080136946905,0.06407596063985603
69.6,0.07168786952818507,-0.19836347363434698,0.04710076181014943
69.61,0.08438975719773822,-0.2121316275702917,0.01694589709968924
69.62,0.08451999183957674,-0.21432685659237388,-0.01092507221838373
69.63,0.09291067541403232,-0.21094780843802471,-0.02927913481772972
69.64,0.09657653682042638,-0.21009631399835696,-0.0357360065577058
69.65,0.10407475233151367,-0.2164512856052517,-0.033437483298585514
69.66,0.13624476832254886,-0.2186432291762129,-0.01987081757888777
69.67,0.1760233696807775,-0.1916670799059345,-0.0017599836881138755
69.68,0.20134071530884184,-0.11982809614239354,0.02107198844399004
69.69,0.1949577797244201,-0.05656541905484902,0.04945382900182212
69.7,0.17006984326923724,-0.031324150877911246,0.08427237050179998
69.71,0.14325292346247476,-0.009083810084044271,0.12013825853162814
69.72,0.12298753885098998,0.033184842125021624,0.14033103130977614
69.73,0.11969368586495062,0.06510479692487364,0.12508714501010457
69.74,0.12522668175844015,0.05724613054317537,0.0921127595309502
69.75,0.12434872758069503,-0.001825312940519949,0.05706326795574506
69.76,0.11670175431441282,-0.07232242714668982,0.03294803190621154
69.77,0.10769014678620947,-0.12739179492561137,0.01759959179151521
69.78,0.0922311866182268,-0.17483605704885552,0.00850115083597993
69.79,0.07440792086570422,-0.18936907852333426,0.024926140414119908
