seconds_elapsed,z,y,x
0.0,-0.5223134160041809,-0.5571871995925903,-0.4313958585262298
0.01,-0.27761775643351017,0.5839755843192906,0.426572476554989
0.02,0.04824397105242149,-0.11791752737569244,1.030705880372643
0.03,-0.04506888143431043,-0.40148828657740315,1.453957314356278
0.04,-0.12531010319169691,-0.4906685337033388,1.2097772089594807
0.05,-0.01918450085387329,-0.7288982252091355,0.5131234858601859
0.06,-0.045020480612034224,-0.14312161448901967,0.0022533461416936636
0.07,0.00482319009434622,0.22812827631307778,-0.6127715185333806
0.08,-0.006904261572883169,0.3386310164147736,-1.0137916259001178
0.09,-0.12633381835422425,0.3240398113420521,-1.1888917079634875
0.1,-0.12316191025797178,-0.17077576702423636,-1.0431887009254415
0.11,-0.040120040331859765,-0.18471576312381152,-0.4384152715635345
0.12,0.0742527986178931,-0.06498234471879039,0.2983425451250271
0.13,0.05763479307575857,-0.014050740028298104,0.9136309096965982
0.14,-0.07872582954727254,-0.4521601068225614,1.2128394137920782
0.15,-0.2145782842498301,-0.414211382415675,1.3125801714488035
0.16,-0.1338150359847586,-0.21063464390139572,0.7214562141361849
0.17,0.017044224038498437,0.05747857124255218,-0.03742195430365136
0.18,0.034554766253468504,0.4209334404891907,-0.6335568455491646
0.19,0.029251501618859588,0.16133820476431432,-1.0823047049965764
0.2,-0.00041155408756644776,-0.3385932618483681,-0.961663272208787
0.21,0.02679186038624456,-0.2710936087448337,-0.7489656029518023
0.22,0.17402012943586864,0.3071297339627692,-0.3037384283617256
0.23,0.21920044927622884,-0.2280029064868562,0.18149791865224918
0.24,-0.01656346615618718,-0.11537462144605068,0.5318501829525254
0.25,-0.1259083021313851,-0.4342435679605969,0.7222393618634447
0.26,-0.1022682940512673,-0.35491112698165567,0.6737310798259654
0.27,-0.07811209702948402,0.11968642992761341,0.6411937561646925
0.28,0.01785757525754498,0.16106114326735185,0.46297917662637955
0.29,0.03958963028164003,0.08158201456789338,0.056055667898747816
0.3,-0.029160130614786804,0.11953006084086754,-0.5314326478701453
0.31,0.00030357516048949967,-0.05087142050447354,-1.3257532032619523
0.32,-0.034067654914463244,0.1485420246110441,-1.3701532591646275
0.33,-0.06856134825502247,-0.32576273797450156,-0.6872062744144638
0.34,-0.11546438125210128,-0.632308752244874,0.31072993508984603
0.35,-0.1185582608148354,-0.0024867906388298527,0.8815223440936071
0.36,-0.026610299254951144,0.31004014410744646,0.873030195444501
0.37,-0.07178434465959121,0.09120671854941217,0.5651322445150195
0.38,-0.19003212859825275,-0.25537038499416587,0.20085739545179548
0.39,-0.18890112204915954,-0.7352179010311504,0.04414501514856368
0.4,-0.13427638983263113,-0.5251035569229525,-0.075427381907719
0.41,-0.05691069127217055,0.27727343933682724,-0.3669036165980757
0.42,-0.05348421266168431,1.1186012319674816,-0.8409249854487796
0.43,-0.2501119458937422,0.35643086893147713,-0.8355480458312914
0.44,-0.516851023386679,-0.4007852052529148,-0.6062200263374897
0.45,-0.463145842238621,-0.7139786396482255,0.07089248109992431
0.46,-0.08725394705876191,-0.6146186862006185,0.6515686369662537
0.47,0.11876309060760945,-0.17235883498692056,1.0193167411202095
0.48,0.07120342196982471,0.11772584477029738,0.918443047762387
0.49,-0.15397850267554802,0.023143170982011234,0.277325239518223
0.5,-0.5057637898115156,-0.16088710592778466,-0.05044793277060631
0.51,-0.6343481016381826,-0.29681984976632375,-0.25539370843901416
0.52,-0.45726789714051647,-0.13497494801587312,-0.41879328383930037
0.53,-0.17693224569956634,0.32226358525947124,-0.6293997981982847
0.54,-0.006084823278689078,0.293550592543741,-0.6461713217205465
0.55,-0.07928966348281047,-0.221120981440167,-0.31992221045549724
0.56,-0.2800304018276537,-0.5466281227673145,0.17708831115982596
0.57,-0.34793325552617016,-0.2438943493424608,0.29727105888548455
0.58,-0.3110228385259131,0.07820026040438363,0.3778084243822221
0.59,-0.3223345685926755,-0.23825156442213363,0.5114732815387059
0.6,-0.3310588662261679,-0.36834619704862115,0.579756653341606
0.61,-0.2110967219905014,-0.43777542077767323,0.33912735607479066
0.62,-0.1002236549888501,-0.1699908097468098,-0.12010569330544171
0.63,-0.04578907250313581,-0.1041732044143314,-0.48960080504984865
0.64,-0.1401550566882952,-0.15030926894325042,-0.5703841747227684
0.65,-0.25836395711528287,-0.27258269112445693,-0.40484201511789664
0.66,-0.24129335067641558,-0.23719838204583948,-0.25847437823917746
0.67,-0.1904248101041958,0.26284610675453274,-0.1877821829445192
0.68,-0.18368723936234585,0.05748340532542916,-0.12479073111122313
0.69,-0.27089079753843254,-0.3360932086530002,0.048603677836833205
0.7,-0.3036358765925175,-0.6105213614320847,0.2935583126693536
0.71,-0.26024684640608925,-0.4720828545538983,0.6277517231511324
0.72,-0.17911420682276996,-0.058856403294790346,0.8186211311001419
0.73,-0.1114543419110929,0.17625292533558726,0.624795806309406
0.74,-0.14308332184994768,0.1730794127788341,0.08358139363966804
0.75,-0.21736899502481088,-0.021781797325982163,-0.6973649180555654
0.76,-0.2608056695780781,-0.2920142136028615,-1.2232284996690348
0.77,-0.23169093246618674,-0.45814115705036174,-0.9885595158966975
0.78,-0.10701849077592158,-0.34591490461004204,-0.29273657353209825
0.79,0.012118375354573607,-0.12995937926802759,0.3847327187171538
0.8,-0.018870223427148083,0.008546869131804465,0.825399798742972
0.81,-0.12286752043254781,-0.07378923180809072,0.8231143728068424
0.82,-0.2008485103918309,-0.4008144329208715,0.6270952918900845
0.83,-0.23531954948735825,-0.4616467756080568,0.3114820935852093
0.84,-0.20929797083785504,-0.06834102274492682,-0.12793502838598902
0.85,-0.10742348351670747,0.2561034055847521,-0.5982151965663584
0.86,-0.0289937412875974,0.2529564018483093,-0.972912685345003
0.87,-0.041060466528648025,-0.09583760244277878,-0.9066864285524261
0.88,-0.05043008774175493,-0.4072359876454489,-0.5677022731148681
0.89,-0.044575707604480624,-0.3030962637353065,0.0681335393587604
0.9,-0.03994589566712549,-0.059320678589776035,0.640001494781806
0.91,-0.1012289981692927,0.08064111069128099,0.9497354720809708
0.92,-0.1212379208889699,-0.11536300674902059,0.7335209985563435
0.93,-0.05631146688837677,-0.4345062978870501,0.2841249972510229
0.94,-0.03262194859911992,-0.49326300388220895,0.20975251921115654
0.95,-0.00464361254402338,-0.2302796871732116,0.16965506230118949
0.96,0.05926961810081074,0.14164075638842777,-0.10695583207566489
0.97,0.08868755636886759,0.5190077276115821,-0.7388525014885753
0.98,0.025417111354621727,0.21265980943982166,-1.120135277161759
0.99,-0.11433342692246196,-0.6059316731927105,-0.7634475484781491
1.0,-0.1579555509539014,-0.6008361372804849,-0.05043095160141525
1.01,0.07775392311313002,-0.026980083373233654,0.5728607133903965
1.02,0.34876837482060685,0.026530404254887174,0.8257930547943422
1.03,0.2673876811651182,-0.17611867761792255,0.788399411618806
1.04,0.06697695818987456,-0.4519568566935962,0.6044370979757685
1.05,-0.001079367484482504,-0.7279871851121669,0.38574586900891705
1.06,0.005465387012612323,-0.18033961143958716,0.038714036513964684
1.07,0.13381479313225167,0.323107298480668,-0.3431477532664431
1.08,0.246760613686388,0.33029641028149026,-0.6555931263193006
1.09,0.16609404870210376,0.24491725349652388,-0.772816603578929
1.1,0.10494514949633411,-0.045674080950078966,-0.6710809682391089
1.11,0.1528807371408162,-0.0569749738756897,-0.4634038620965353
1.12,0.14102403572956135,-0.15471565343693328,-0.02183905488885135
1.13,0.05126121776084456,-0.41160694805147274,0.5401745504450928
1.14,0.01875765866759739,-0.3135408786974425,0.8680299076063565
1.15,0.05762155155286177,-0.021227192552909946,0.9458261252160025
1.16,0.10017591620563703,0.24075120891716284,0.7313714290276061
1.17,0.14459994874173326,0.09518015919436165,0.21403755918311146
1.18,0.12143672439389543,-0.07764241582814736,-0.418605604081655
1.19,0.08464652627025988,-0.1329459661841272,-0.9190156722810994
1.2,0.12019366976127946,-0.3022292842918578,-0.9490285635754383
1.21,0.13816701993967295,-0.24477428303260737,-0.4864211748342912
1.22,0.15783598653712752,0.031000486131635613,-0.010712188648268423
1.23,0.17604751249960407,0.12291293667974246,0.2942216595186893
1.24,0.0997878696379134,0.012368175389330258,0.39185916405064586
1.25,-0.01442475960787986,-0.20427850045056978,0.39462372166294496
1.26,-0.03304371993062345,-0.4576067930683257,0.4373856424082174
1.27,0.03268372008022289,-0.3790839619084463,0.425119305366297
1.28,0.14684753576814247,-0.1089132262783288,0.2751664176952173
1.29,0.23850704620859198,0.1299609154708555,-0.2617931082914008
1.3,0.16290276880216964,0.18323880754160976,-0.7189861507083292
1.31,-0.006395533017211449,-0.06927283755417915,-0.8645153135415039
1.32,-0.08447761536901749,-0.4428337516359402,-0.5994663083739304
1.33,-0.0009479362221103405,-0.10282771255427575,-0.07072302370596367
1.34,0.20060718061688873,-0.06815738152203588,0.4698154827667216
1.35,0.22323671346605228,-0.20866082203413944,0.808136452943432
1.36,0.07625769020415529,-0.061962409091933096,0.5998668452450933
1.37,-0.04721372127842642,-0.1151573960854805,0.21105772990177699
1.38,-0.13174341830561742,-0.15326192548148485,0.019047761915465436
1.39,-0.10045327617613929,-0.08887660812907987,-0.10277369331555708
1.4,0.02726653785098382,0.19034280027820774,-0.37179103215043835
1.41,0.15409511521591035,0.679164223437962,-0.8393327052782642
1.42,0.13516711989610147,0.1213006345585137,-0.9548826529211848
1.43,-0.02915756005877486,-0.7333523826096988,-0.4451841889578895
1.44,-0.08779255682325875,-0.714910188242516,0.28791781060422506
1.45,0.06993224605680969,-0.02842519463591453,0.8032225338917724
1.46,0.18751452997930262,0.16133217554531748,0.9905632240380646
1.47,0.021966376619390965,0.23782957908532032,0.8700957030247186
1.48,-0.14675605475738085,-0.15497810529773653,0.478895751570197
1.49,-0.19166728562492616,-0.5497549349576114,0.06653976718160587
1.5,-0.1632365389171978,-0.21176211476953843,-0.21473744522531046
1.51,0.03927590135026768,0.09710976384075834,-0.5083813100255186
1.52,0.1883054583625895,0.27155582622434626,-0.7656549847618354
1.53,0.13343912471603708,0.32177068322699587,-0.8571596163524439
1.54,0.012783396188446886,-0.002381444817199929,-0.689343916841229
1.55,-0.12867744656263452,-0.1544324923487607,-0.3105213885117711
1.56,-0.20681019649633445,-0.32688913856974255,0.27217371659907375
1.57,-0.13366569694907499,-0.3039414794110303,0.6991837584216167
1.58,0.013611855119191996,-0.13376123689069053,0.8162687165797481
1.59,0.08282007573602553,-0.08757045246220874,0.9241297711763787
1.6,0.09336128054347691,-0.24099059537583903,0.6752748993092612
1.61,0.05508378645015606,-0.3089980020304844,0.11284623532041144
1.62,0.009995014153079386,-0.06212695294612752,-0.7125962408500236
1.63,0.026665900331276294,-0.03249359523526906,-1.274262196905964
1.64,-0.007792741597051629,-0.13902461275632122,-1.003826431161812
1.65,-0.030207894000546853,-0.08181918888064417,-0.43640836621826257
1.66,0.0204328094030928,0.48729842124559436,0.049383241088340524
1.67,0.05446838906167622,0.33863043135195026,0.35776609230597456
1.68,-0.0781680855995461,-0.3526337083940073,0.5378835562683659
1.69,-0.23255071573774969,-0.7605996617464965,0.7680060825572341
1.7,-0.1767863998390442,-0.6811235706296114,0.8817680998591361
1.71,-0.002717139232818966,-0.13786072662317073,0.7340176957203056
1.72,0.08460572140968425,0.5867952491943963,0.2261271509377275
1.73,0.021773947627217086,0.9372150298381026,-0.685030960649572
1.74,-0.1773229627261366,0.4550032267721008,-1.3213173933397266
1.75,-0.3097434879330235,-0.44189841818156117,-1.3210008384311844
1.76,-0.2178600255055731,-0.7748493833216263,-0.7311289267041275
1.77,0.054502286543413186,0.21005334952013954,0.21767297955302356
1.78,0.31557003954794327,0.10228308172449252,0.9985555661340982
1.79,0.20617448902189528,-0.01582880541287596,1.3053672142823176
1.8,-0.07564186167021486,-0.049324662756747725,0.9744515245332749
1.81,-0.19588043075465822,-0.3488394387338917,0.3335577306015024
1.82,-0.19095649738148163,-0.20396293585524536,-0.20536066099548167
1.83,-0.04880629438850409,0.16094773478700772,-0.5668529309891737
1.84,0.15399723922766734,0.31766133119956336,-0.8928313281346354
1.85,0.2189593278396961,0.40475660273299785,-1.123460434996092
1.86,0.1311397255395338,0.16046518661512882,-0.8912531750061661
1.87,-0.011907503551604984,-0.5629901552832159,-0.22883293788556935
1.88,-0.15674601308799402,-0.04140616757191018,0.5090681253082615
1.89,-0.07985672597769349,0.23897206095935625,1.017532727960636
1.9,0.021673330585524717,0.09834872918816362,1.0645187601606456
1.91,-0.008919888329326935,0.11062656995334046,0.6251789013281424
1.92,-0.0074542138370236165,-0.24776578418992884,0.19897924130478833
1.93,0.016143873713568214,-0.4328841788956111,-0.16430362654352682
1.94,0.01331458736498872,-0.06820820803067373,-0.3293837602214486
1.95,0.07690862168435776,0.2223225393921301,-0.46440804388857226
1.96,0.09191498867649357,0.2728907362906125,-0.5043718439815554
1.97,-0.018830460588295267,0.20003837112201878,-0.32578927552932674
1.98,-0.057873758214666525,0.3201781765293822,-0.3405137809696441
1.99,0.03273401610234996,0.45143694879247764,-0.31250261714782157
2.0,0.012152097766062835,-0.5311947363879577,0.009450407751985967
2.01,-0.094945521603641,-0.7125189609428875,0.38209312852768995
2.02,-0.017215950484237644,-0.5149543750357042,0.8555009823014699
2.03,0.12024234124030792,0.20498018336034562,1.003386757448364
2.04,0.1925299447448764,0.6237270118474134,0.6714392494506745
2.05,0.06340729514066826,0.4714339772073399,0.17554610093862522
2.06,-0.15498634341023013,0.1267307700088734,-0.6214481532528421
2.07,-0.2554228350521628,-0.2810327275996652,-0.9624417577321627
2.08,-0.11919707534521887,-0.18560827801633656,-0.9533709370577108
2.09,0.12164632203564046,0.49788165214561686,-0.6761454729475094
2.1,0.16440751808938517,0.1869446300480268,-0.05183507924182729
2.11,-0.010980576765760502,0.06926722435872379,0.35558688640901076
2.12,-0.09571561059587558,-0.3265325028287228,0.6417780353753723
2.13,-0.06514266114157768,-0.5160214885050203,0.6691407615611805
2.14,-0.058497753820363416,-0.11802144307315188,0.6879090494778267
2.15,-0.0395117946332218,0.35508918871704853,0.46944460501728974
2.16,-0.017550211227833675,0.4081600459860346,0.008859883884868136
2.17,-0.08810471354844192,0.3269905389652625,-0.5884066427813818
2.18,-0.13748985261740632,-0.10834083341842299,-0.8184089896294205
2.19,-0.08764414758081025,-0.3879467551449332,-0.8077578780319825
2.2,0.021254338670542886,-0.3090714934756326,-0.3713802530872525
2.21,0.14272774928349424,0.32719040309257763,0.21901590973216525
2.22,0.14275283700631572,0.004816964637182605,0.6474484318353352
2.23,-0.12998154385125038,-0.11819367791957261,0.8550672555753339
2.24,-0.2947359150520918,-0.15283321943980616,0.4461213207548635
2.25,-0.28783014261659706,-0.221534513216463,0.2502785304890711
2.26,-0.21320792374225847,0.0567322839826181,0.1852278624552197
2.27,-0.013500150970295048,0.17716032890497785,-0.168127871220944
2.28,0.17142722457921464,0.24626464211742263,-0.9475060437794028
2.29,0.13726496913506983,0.6412260899870363,-1.5589414446226846
2.3,-0.0765017574236703,-0.5417121993016218,-1.1148743062556468
2.31,-0.29624889839400687,-0.9731567808012136,-0.1389250832067078
2.32,-0.23798048400599747,0.49571896798272097,0.5759427983540211
2.33,0.07020820042818042,0.7304326716430259,0.8904508907377331
2.34,0.00043858536978663015,0.16032406801295238,0.6373576260537507
2.35,-0.35266896058998004,-0.30408585593895693,0.7142024621181825
2.36,-0.29773133468584045,-1.2195484010636766,0.6292045903308192
2.37,-0.09064149951421838,-0.7997339910414115,0.2884846811571474
2.38,0.07700920223466821,0.5381453383176524,-0.13455576316631232
2.39,0.16464820982226136,1.256733635140301,-0.8755411869028771
2.4,-0.04594898730792071,0.6089890551242956,-1.2546642404841128
2.41,-0.4209260797753226,-0.3900472388807365,-0.9727989053785846
2.42,-0.4813006816240448,-0.4817871661891287,-0.5074528829630053
2.43,-0.0813830733182421,0.6801966065091416,-0.046078912952206105
2.44,0.160695975035486,-0.4792197352915024,0.7055146641905728
2.45,-0.12573775129853168,-0.35470547022621113,1.2084874111880397
2.46,-0.2565342167473341,-0.47731613677792145,1.3284316466880046
2.47,-0.23400907064225862,-0.3587752666251431,0.8291441643365386
2.48,-0.2927231619347118,0.37179860065392983,0.17817634829459078
2.49,-0.24031790734828615,0.3578797775503632,-0.6237242328059307
2.5,-0.25904605636551137,0.006761731369838679,-1.0070803003398558
2.51,-0.3458989270855322,-0.1489015152348861,-0.8200775239093012
2.52,-0.198591785686011,-0.4152644724366584,-0.6388478266307228
2.53,-0.06256398712462397,0.23656337759631813,-0.3698185477960938
2.54,-0.1133815707439464,0.13717540906791953,0.08451243081230687
2.55,-0.2716036825185663,-0.5696392176310181,0.5391328664372584
2.56,-0.37751020032525295,-0.7452619357629873,0.8183569493722316
2.57,-0.2571320415681995,-0.46349160669246486,0.6721849419044327
2.58,-0.08029282444908309,0.0303477964566351,0.223722967389212
2.59,-0.06323933231920151,0.29867167792499744,-0.13994271710332443
2.6,-0.13707452808202533,0.0026829080844498893,-0.5725190974154339
2.61,-0.30002179420532404,-0.3779872750541151,-0.5645043629264058
2.62,-0.379954040474415,-0.488939299498302,-0.2047128877486474
2.63,-0.2193369391589019,-0.3510664985545525,-0.012372502372071506
2.64,-0.03384242137435184,0.27784773666957446,0.19767885448391923
2.65,0.05333653518619916,0.7234704417331642,0.17386200690668716
2.66,-0.0484423214818592,-0.2640141474844764,-0.0037047087124576494
2.67,-0.3082440566861033,-0.5980012498939921,-0.265021150865385
2.68,-0.3262048743842433,-0.7544334793137579,-0.09789581380332221
2.69,-0.1483178687967514,-0.5297583071245779,0.38828539556746433
2.7,-0.017898684296819997,0.1310683259982259,0.9507667321725525
2.71,0.10550924357076916,0.9490250739255723,0.3227160767058252
2.72,0.07063794414905482,1.2749309990283908,-0.7381131083232069
2.73,-0.15334797685479612,-0.4491046263623358,-1.2138402166921032
2.74,-0.4003421833379966,-1.6612035237478435,-0.6064950134410272
2.75,-0.28141278972145733,-1.4257468587661322,0.3961210068935461
2.76,0.18572926123810007,0.4688602105757999,0.6905576695781173
2.77,0.522897750965251,1.922095531045445,0.5764110880884209
2.78,0.3051322746439702,0.4403173869154409,0.2407073153866866
2.79,-0.3817915493634069,-0.8024221895153079,0.22412349656708827
2.8,-0.5782112060229108,-1.6216014503122815,0.22152985768011343
2.81,-0.1474298907077162,-1.106000303083661,0.09497386780059121
2.82,0.4388899324713139,0.46311942628586994,-0.15598594544192726
2.83,0.7323767397917098,1.2131086241631264,-0.5043745850924051
2.84,0.4426869237494806,0.7193339755335488,-0.8118259567022924
2.85,-0.11565607132707756,-0.2726458864264293,-0.8897974324755019
2.86,-0.35599935266170507,-0.5208314038885671,-0.6772191212652959
2.87,-0.10389262767742041,-0.23574993331753374,-0.06305059751149272
2.88,0.24227070912755344,-0.3555275955501419,0.7434406962883655
2.89,0.394817616579552,-0.0010175052420306058,1.3213863971933761
2.9,0.43226275389180746,-0.1314075027665349,1.357865696605746
2.91,0.297301141075351,-0.2449836028549917,0.8861727516099829
2.92,0.09446883680486398,-0.09611972486757403,0.012989361940523081
2.93,-0.00031556873385402834,0.14196877835438532,-0.8654834401159597
2.94,0.040565873744290354,0.27963730874207837,-1.2597741421357918
2.95,0.16646314115452393,0.12279848416191227,-0.9718352522005285
2.96,0.34339483712896907,-0.2291935167056292,-0.3742555343272426
2.97,0.46000810975633494,-0.012800085856957577,0.11928556743225432
2.98,0.509460828668957,0.39181348330547855,0.36650697321064496
2.99,0.442656734920816,-0.15533075577996744,0.4605428953683941
3.0,0.15890251888685025,-0.5909940944278225,0.5766661636093517
3.01,-0.02805240919408267,-0.41480523107226275,0.5588778154949201
3.02,0.056878333025015645,-0.04489534271774409,0.3577876282627019
3.03,0.18668175742568777,0.5670910444189023,-0.07881443620263302
3.04,0.20635874733867943,0.7214866357482789,-0.4650526937350757
3.05,0.13728958889907972,0.1289413495309703,-0.655373470215781
3.06,0.037609674467947996,-0.4172823339346837,-0.5681177211628892
3.07,0.07972595286192602,-0.3134785873591432,-0.22383594915349328
3.08,0.24307552247034192,0.13818239931659357,0.15375269973208172
3.09,0.22662165944937876,0.17820026278627413,0.45540982228984617
3.1,0.005958672650447375,0.03891567717029233,0.512432414068304
3.11,-0.1515168220100789,-0.19250992256429914,0.43770801297934864
3.12,-0.16398747156365112,-0.2177871980402813,0.4091250277114297
3.13,-0.02892382816751425,0.03132366957710253,0.25019439820290845
3.14,0.18763881344170857,0.20903628671308416,-0.19695418368760534
3.15,0.2717495895947787,0.22930297097338506,-0.695907821683794
3.16,0.1586873649155423,0.021101701556313163,-0.9348329858465765
3.17,-0.007157363837606179,-0.4005621986110375,-0.669604833888696
3.18,-0.10511052830547646,-0.3108901409940072,-0.14259233035226096
3.19,-0.06376415266280012,0.19800688883927334,0.3391447934162677
3.2,0.04319746633106418,0.1971287148784432,0.6881106425991154
3.21,0.017442647546790743,0.07621522621982468,0.8054583071843714
3.22,-0.01815336545592508,-0.17316400509156032,0.6965690377573207
3.23,0.013387132789392301,-0.4284155045921542,0.387332960722782
3.24,0.026488341781779022,-0.1517504738729925,0.028006172421105452
3.25,0.12057000758885336,0.06309464553393493,-0.44336311103528825
3.26,0.15542862958445072,0.19108314003778626,-0.820946027855928
3.27,0.06754448216562609,0.23865032813698417,-1.0032764986796257
3.28,0.01063149491614212,0.0358338723101555,-0.9064267672377682
3.29,0.011699829031873867,0.10553876680143646,-0.511981996161198
3.3,0.044122609620962844,0.14661706653525564,0.04511042422124384
3.31,0.015619898691021296,-0.1482077191292556,0.6638340493697984
3.32,-0.045757140168536825,-0.4349443787900833,1.0913163067915947
3.33,-0.015369803601482379,-0.44593839814928116,1.169083575253194
3.34,0.08279405800360133,-0.08386096520062275,0.8461274392797229
3.35,0.17816507877422344,0.4157936255642557,-0.04798592309672178
3.36,0.20172486258367317,0.6030807019622136,-1.1662541386268748
3.37,0.10345280291898855,0.1688259547292172,-1.6692248754203982
3.38,-0.047044713265100034,-0.43303960317778245,-1.2961739026791284
3.39,-0.06272592677764025,-0.5804266601224917,-0.35735752464164106
3.4,0.1427155546486544,0.2503433426346986,0.5172120161749343
3.41,0.35290064126543874,0.6926624593993088,0.8976048502161529
3.42,0.24475408530887524,0.14774715948075623,0.8290390271651025
3.43,-0.11162952997616923,-0.440153030841899,0.7176407818920179
3.44,-0.28040870203127954,-0.8207955795810922,0.6815314792892592
3.45,-0.11106691961550508,-0.48617286984648583,0.2881010426793695
3.46,0.17555068082419914,0.5942297869224122,-0.42163200550506186
3.47,0.30187578527382875,0.9986770583548052,-0.9657229329116674
3.48,0.09537391021566127,0.35284496308312974,-1.0215743490818658
3.49,-0.2103481432833203,-0.5774001488274656,-0.5907352343048221
3.5,-0.2366451464569951,-0.3393366886303455,-0.2047008374125787
3.51,0.06556548076156746,0.48100303573605824,0.0766987708143955
3.52,0.25125108729183276,-0.04882623257018248,0.3879103178616798
3.53,0.005685302271857429,-0.44952078914164634,0.6374284139204992
3.54,-0.15611286868941354,-0.611905588505683,0.630683870372694
3.55,-0.05058406705033501,-0.5662788969720554,0.4198372286203691
3.56,0.04300482292212483,0.10957234643891178,0.21206670151916623
3.57,0.08358677491519453,0.4940379956449133,-0.061247325906057304
3.58,0.009198368012131669,0.3851624034602785,-0.42865907674596154
3.59,-0.14963512323540967,0.11584773154993291,-0.7030891496466887
3.6,-0.15844728004445469,-0.4799794444132925,-0.5072045418532419
3.61,-0.011643179099981776,-0.6270309134209195,-0.18870881006567078
3.62,0.07151908812496231,0.43866897181795306,0.17270661949478672
3.63,0.1244812585344921,0.58207463354586,0.44290941909073933
3.64,0.017004122791654336,0.011778771403610777,0.4787825392905442
3.65,-0.19455585055291813,-0.35398303430960565,0.4804918165933002
3.66,-0.23236539672132636,-0.43584900470789506,0.3980958799665481
3.67,-0.09171828362966875,-0.10175237761057854,0.24862584100016671
3.68,0.11829287613048832,0.16435843236750974,0.10651538584954774
3.69,0.20457535901506227,0.3073390306836119,-0.2453992983604225
3.7,0.07926260897714862,0.3804757724341393,-0.7451142193039166
3.71,-0.06872790268773574,0.2254297487820873,-1.002888265270233
3.72,-0.14082430880418575,-0.1349055481041194,-0.838825078041929
3.73,-0.18270833724405464,-0.3657848782186285,-0.05658251616010479
3.74,-0.09882591775602953,-0.24678494279823052,0.714679936384001
3.75,0.04913085240079977,0.06995655023334943,1.0928078774181003
3.76,0.09863949526254948,0.37843134039257736,0.9401051421725778
3.77,-0.021767998118795345,0.3458551895423433,0.5286494823150613
3.78,-0.16335083392708105,-0.022214641560413362,-0.1670501019242115
3.79,-0.22571794637276396,-0.2003874818549703,-0.7497586503679299
3.8,-0.11345681043664554,-0.1305946989963488,-0.9868041364827391
3.81,0.09735592266124914,0.21029583966063245,-0.9353592361573886
3.82,0.2036031762346842,0.560062608373963,-0.5309596215330714
3.83,0.15722182302582358,0.05230073080550335,-0.05772487222757433
3.84,-0.05604100262606396,-0.006991915078193953,0.4012628063182624
3.85,-0.17241501449425262,-0.3350773850907511,0.6527620191497583
3.86,-0.18517147538929374,-0.3330995474092378,0.7381688751127471
3.87,-0.11953644896668428,0.10251752685367699,0.7527808050528996
3.88,0.06766792524976203,0.2470296492847546,0.5780901456390505
3.89,0.16958601124443362,0.2435900767312899,0.06763017831732032
3.9,0.11356214288050547,0.16657400275584527,-0.5250587312368373
3.91,0.03708357276442069,-0.08487546749996822,-0.9526511314940442
3.92,0.009178313429575573,-0.36345080216566145,-0.7895664756374663
3.93,0.05910821417774808,-0.4015976798477075,-0.10260993459092094
3.94,0.20183434777555684,-0.02237002406865035,0.4667901916276326
3.95,0.33363255261840846,0.67213640227085,0.5483923314531188
3.96,0.2846209116424204,0.31296924529734843,0.2303332251172912
3.97,0.007755453293953718,-0.226566245627492,0.127599460127748
3.98,-0.1861622125891374,-0.6409909666041954,0.594835474901849
3.99,-0.0634862438872453,-0.4474008502817288,0.7753516692529366
4.0,0.23725685240136202,0.42463359280866164,0.2912844317087824
4.01,0.43132060249281146,1.3341687429554967,-0.5661080511354339
4.02,0.2749330674474473,0.618150119177317,-1.192662824083817
4.03,-0.1914980699970122,-0.32594018348514653,-0.8715736973244702
4.04,-0.38410824097524787,-0.8239004886922334,-0.23924968781801048
4.05,-0.11312007630264526,0.22493131511166875,0.41996396968005245
4.06,0.27030210080748424,0.33250500532016497,0.9081927003358943
4.07,0.27029673105427404,0.4402953641569234,0.9314456950892548
4.08,0.0668795758628099,-0.033608625657372604,0.8028162866863711
4.09,-0.09627909151464648,-0.620437111309677,0.3423428058998981
4.1,-0.19781754517008782,-0.3824623655247716,-0.05057157051578254
4.11,-0.08768365330470004,-0.03064831067819962,-0.16897489990882203
4.12,0.09884356342024618,0.310115987201816,-0.312267940582449
4.13,0.11948808166441703,0.5353376258770299,-0.3947843607336865
4.14,0.07286842820730637,0.2922804625754849,-0.7613750592707011
4.15,-0.07501663852811563,0.30561211385928544,-0.9515045315106176
4.16,-0.2546971684425792,-0.39674841965174795,-0.5386254641353896
4.17,-0.34154684600856344,-0.20860314215487397,0.09825239413591591
4.18,-0.17038923339767403,-0.15729080020090652,0.9064051460907689
4.19,-0.007614931813057779,-0.029375516080106218,1.297611390050891
4.2,0.01662076886078779,0.29694065219702775,1.0737202032577307
4.21,0.020684519413166586,0.08743167000201255,0.22478400414215327
4.22,-0.09395454961491732,-0.04300801420756843,-0.707070084487264
4.23,-0.19879230918187357,-0.19225726687550412,-1.053484052471567
4.24,-0.16496781953374068,-0.2245098059284481,-1.0817714225587447
4.25,-0.07048889039539115,-0.058451240413707306,-0.6550270331792234
4.26,-0.019667765671064083,0.4728002640909007,0.011600198881051238
4.27,-0.019563371285217568,0.8292095996663398,0.29372139482852466
4.28,-0.10824894912290095,0.2385782276895293,0.3706637948099434
4.29,-0.23848815093215575,-0.542245379036831,0.20991267139668285
4.3,-0.2984148321688866,-0.8786557499221428,0.47906369326181975
4.31,-0.13886432911761365,-0.4175598824139453,0.5743923993645776
4.32,0.07812777786325834,0.42338985721756117,0.3147614842552041
4.33,0.1905984881631963,0.6054336480190066,-0.1711868786189602
4.34,0.004182781555336178,0.42098977238554613,-0.8783429052169273
4.35,-0.2633635121377006,-0.22709242988084033,-1.0297832006044727
4.36,-0.3206275137896492,-0.7343611993785789,-0.555504104033233
4.37,-0.10177026014268871,-0.33857198059666904,0.21920275844584838
4.38,0.23625068315909137,0.06124046196799063,0.5892891649682558
4.39,0.23576095230929073,0.5342380360315544,0.6772760590670852
4.4,0.04450287870424511,0.27717865675536685,0.6303413443206675
4.41,-0.16307561672922227,-0.5022610788968402,0.6359092497029725
4.42,-0.25128859567904865,-0.5125096571326949,0.22340664100881358
4.43,-0.13004759897921614,0.2617307080756311,-0.5384848974298909
4.44,0.09489758878385764,1.102239248495776,-1.2121965328236364
4.45,0.1616273021652295,0.3320098817427677,-1.143142888104405
4.46,-0.014356742577699519,-0.5246910554181371,-0.26106899357399843
4.47,-0.05315619766186989,-0.7969671743203122,0.2080508048769316
4.48,0.050705943915782356,0.9945566008233122,0.44165252553732404
4.49,0.1991541697813498,0.27355529977398946,0.4084269478017937
4.5,-0.07503594491788447,-0.42370246251939625,0.5238813442461713
4.51,-0.33707537943686816,-0.554557502451002,0.7804006903261054
4.52,-0.15184610776460172,-0.6032196208562728,0.5266700494278205
4.53,0.07058146205073483,0.12861359026931338,0.09908430842350646
4.54,0.17000491216956629,0.6302170965898471,-0.3342270808183627
4.55,0.07287112830014915,0.4682850997842129,-0.8932065129034491
4.56,-0.21290407222876673,0.022440203337887238,-0.9972946879844543
4.57,-0.3359389117538184,0.009778208713387693,-1.0053124669827835
4.58,-0.22030130912173218,0.7321536091132277,-0.6347703247789396
4.59,-0.10440361624740405,-0.2742352501050508,0.10758419953481757
4.6,-0.2097093573920603,-0.35731753989518866,0.7633451112312928
4.61,-0.13309819171182544,-0.7314303294836504,1.281777187093545
4.62,-0.014058368567303733,-0.48513838955281563,1.2387911264709541
4.63,-0.07400593922483455,0.4021776104839754,0.8026050547117022
4.64,-0.16133989733283233,0.6430947537284227,-0.10927812296158404
4.65,-0.3502204025515797,0.41323505144297856,-0.880712333867476
4.66,-0.45735235639407146,-0.08616802521905287,-1.1445304753399008
4.67,-0.3011514790534907,-0.36337904035737345,-1.0707398715689318
4.68,-0.04324286489315517,0.315137504296004,-0.67502360387709
4.69,0.17719437749240308,0.26316507403498124,-0.06574022996082478
4.7,0.08920895839348097,-0.0041264021977525985,0.4394132414968423
4.71,-0.18187175391539195,-0.04201072114731631,0.7068713753446919
4.72,-0.3662830567694464,-0.44011523608212977,0.7685047141541673
4.73,-0.47663813985117937,-0.045411299139368144,0.6084589753958182
4.74,-0.3624186193823995,0.36226791326233143,0.27365603568024177
4.75,-0.14734688029131537,0.7233766215792218,-0.513518164331326
4.76,-0.05812274878242491,0.7337950064169223,-1.0764638571092218
4.77,-0.08550723208902632,-0.4462496869094348,-0.9983395513534568
4.78,-0.17875863359879848,-1.1441770210475861,-0.20829294316035535
4.79,-0.13710977131880925,-0.6173959550489397,0.5900911488329089
4.8,0.0020165613213686505,1.1653619891050064,0.8218137340156968
4.81,0.003270648755177394,0.7683283349946262,0.47752620825190684
4.82,-0.4344192150011014,0.14370090588554213,0.027157228940202702
4.83,-0.7062709671389873,-0.6619198608244259,0.0033802057736252653
4.84,-0.4556611319431104,-1.2639991951274965,0.25890271613178556
4.85,-0.05931339676968232,-0.25184911449122394,0.28946465127200066
4.86,0.2607778146898094,1.0957048770427034,-0.1511852640264294
4.87,0.21743016910469853,1.1952829544693535,-0.7255564478461665
4.88,-0.3572527636462173,-0.0014898028934157703,-0.6773014687478444
4.89,-0.8430793854912038,-0.9991548163455537,-0.10552565676818988
4.9,-0.6725603816286783,-0.6611063558824666,0.1930088177054714
4.91,-0.14959530478416552,1.2052397229282592,0.3213623779585824
4.92,0.19673100131704113,0.42273242117371135,0.4518526809009603
4.93,-0.040737759736882026,-0.2553352140084201,0.5352701568968371
4.94,-0.3375162061870037,-0.8145820280073506,0.3997261801042016
4.95,-0.36495339969425683,-0.8774448089703443,0.005800657013949911
4.96,-0.3213064293596871,-0.0035999230883850264,-0.135074211839863
4.97,-0.2701443537739337,0.8012802293042617,-0.14113255267522098
4.98,-0.2621477584149236,0.8542758745937337,-0.38584977262950043
4.99,-0.33875752993810593,0.24663266255888666,-0.6716456415827553
5.0,-0.38290059621247524,-0.4204624179273504,-0.9175624271774436
5.01,-0.3355739730748236,-0.6788411141421683,-0.4949267865008849
5.02,-0.23299486607019737,-0.3621509360531658,0.35187446458680266
5.03,-0.1380062090516384,0.043652553378494066,0.9672657038271394
5.04,-0.1539747150799946,0.3881278211600694,1.0826241034978161
5.05,-0.3043021731507415,0.24495922231279732,0.7247821124958445
5.06,-0.4840415619685775,-0.28375417647345813,0.3096206871838151
5.07,-0.4682375026171425,-0.6785056849095102,-0.13418147339183167
5.08,-0.23483829094629352,-0.49335316708174365,-0.5233331039989189
5.09,0.009375676069369752,0.14272758703400684,-0.8380671478388159
5.1,0.07330402201606262,0.3697890807929927,-0.9441025300437136
5.11,-0.09482554201523288,-0.2279251495106602,-0.4958314940078655
5.12,-0.3671857474170199,-0.5867145413694209,0.11234121277882204
5.13,-0.41346138971874197,-0.3973204775391117,0.4987824899002645
5.14,-0.20085212667588373,-0.10617610199048812,0.5968585436452556
5.15,-0.054432384551183384,-0.1341126617304022,0.5357134110096473
5.16,-0.08589882522574471,-0.14580359394720951,0.47042279472899473
5.17,-0.10848595935167314,-0.41465495072016556,0.14652195882348573
5.18,-0.10228487095078234,-0.4542802495378563,-0.3737330432803455
5.19,-0.09973740012019293,-0.13846391276246456,-0.8112268567521118
5.2,-0.11510765859674077,0.05959492392480352,-0.7912966428144692
5.21,-0.1513752170871215,0.05126361291898551,-0.4083267091742918
5.22,-0.09208860341759387,-0.09992444643804825,-0.02970220182481717
5.23,0.053383739173428486,-0.33172959965218035,0.21623918317266444
5.24,0.09495079392167127,-0.4980175450193153,0.3350557268955423
5.25,0.016236350637719527,-0.5119484956120878,0.5799809254389345
5.26,-0.026708507091420745,-0.448643165653137,0.7544344051172597
5.27,-0.02620786323030156,-0.1370215013844074,0.42351266545822364
5.28,-0.024477927061928285,0.21119641537961314,-0.22251202787128133
5.29,-0.025141277695571538,0.10301568184049786,-0.6964798719133192
5.3,-0.037855011993030235,-0.31564938237935053,-0.6264396164605562
5.31,0.03076895708918799,-0.6552419731623496,-0.21916387356585382
5.32,0.21308531974884798,-0.3007576224912251,0.08806970812250592
5.33,0.3438814445927657,0.4385864770496246,0.21343364064845965
5.34,0.22288791040133832,0.12244668343933374,0.2696173132760876
5.35,-0.1588529128650931,-0.5964987823666972,0.47494998010456746
5.36,-0.39002327091751227,-0.6687661203254999,0.6251103904992659
5.37,-0.19427832714371482,-0.3329610575555983,0.442372518148017
5.38,0.1452965558938979,0.24584535739250832,0.06676096330557116
5.39,0.30941456742059525,0.44598330379463713,-0.28451749974121365
5.4,0.20894477441925063,0.06451842940536506,-0.571852097207227
5.41,-0.022777093061052203,-0.4052439278589465,-0.7851395126119721
5.42,-0.09601740814250054,-0.3659063837768268,-0.8569084926577258
5.43,0.02034367151563833,-0.1202716187412339,-0.5043621847440701
5.44,0.0909326575304118,-0.1353225236620762,0.11746583317501552
5.45,0.057718183362857535,-0.1559018736909295,0.6834566682703951
5.46,0.08037478707340187,-0.4430754795120991,1.0527154325453387
5.47,0.09651179435922042,-0.530999764043188,1.0436881947168475
5.48,0.0629599237083251,-0.13932380346439924,0.5900311650522209
5.49,0.09752884054858872,0.06978588375854756,-0.22764456625040835
5.5,0.09179001664370268,0.07793695339490006,-0.8386269885208906
5.51,0.04647681786002085,-0.14200339431122283,-0.9603528108953482
5.52,0.043161446333192785,-0.4131648992432627,-0.6890320126105498
5.53,0.06622129633589136,-0.18004501022889569,-0.21259498476962252
5.54,0.1822803764219529,0.08635884565732908,0.1735407970463179
5.55,0.2584105375158275,-0.060175243838719555,0.4283724035455253
5.56,0.161569242106273,-0.1590010203212099,0.5448828452157728
5.57,0.06137591153713522,-0.2801027741350228,0.5625552274846858
5.58,0.05176449618256612,-0.35040083061572047,0.49878290452977697
5.59,0.11293784132002459,-0.022839733514216587,0.15112936320404952
5.6,0.2176285370429007,0.3321031380528158,-0.3785905424184496
5.61,0.2641395708878805,0.3065682763556394,-0.7697808613671586
5.62,0.2123283168567141,-0.08078441061731895,-0.7200419954932611
5.63,0.20059395319973192,-0.3409905499969842,-0.4428609684405875
5.64,0.2805395624613446,0.5776294060096667,-0.17611392379946736
5.65,0.34224591985670527,0.22040742977246008,0.09094108091835074
5.66,0.13551369878726052,-0.6147862248229716,0.5005023771351664
5.67,-0.04333577552599037,-0.6965076572323207,0.9241100028725231
5.68,0.09560375954588986,-0.3738428400739174,0.9223009335854245
5.69,0.29540867979683527,0.7516902233747141,0.3299019649227708
5.7,0.3525284360240845,1.0346300940768907,-0.5244637980961373
5.71,0.1386483310641008,0.2036094826237138,-1.0557463965220388
5.72,-0.1696606196431292,-0.5630983014457985,-0.9104057829280241
5.73,-0.12016873281406054,-1.0090362820233612,-0.33967277740387614
5.74,0.2261737516838067,0.537245985217385,0.07317379220222253
5.75,0.48730291551892635,1.261402600415441,0.3260804814024647
5.76,0.26516960226616576,0.18625703828507068,0.4988187738343819
5.77,-0.24294587026010028,-0.911791572445,0.8171856808750491
5.78,-0.3507517919101348,-1.4705714321148748,0.9580058893532856
5.79,-0.0520906498859845,-0.6449914148857777,0.6495448013360268
5.8,0.286116583488795,0.9444306435176492,0.04159474828468762
5.81,0.4298516684601072,1.2967659442098973,-0.6440154487893907
5.82,0.16773756599932582,0.45856166412984134,-1.0251392591213468
5.83,-0.19617237530846598,-0.654110372764896,-0.9738022381217295
5.84,-0.20304872611979313,-0.4683939153158795,-0.9354283739240316
5.85,0.16170722603926999,0.9136270302215004,-0.5130075020333682
5.86,0.42340064556704515,-0.006096215159725249,0.33950801767143785
5.87,0.1033645337761171,-0.6016081721884433,1.295904491931379
5.88,-0.08103552869244887,-0.8892991919607013,1.5908244810212686
5.89,0.1237217628279309,-0.9162591877280568,1.1134775769402876
5.9,0.28152319834910566,0.3383180096046896,0.16216160095344323
5.91,0.28994814756426335,1.0056813455152234,-0.7145458591095464
5.92,0.09314469424059094,0.5392718409036743,-1.1789955098800124
5.93,-0.20362318328293458,-0.14435010341145804,-1.0581840079088847
5.94,-0.2152691178958086,-0.5938905030634705,-0.7167008056729829
5.95,0.06041078176066539,0.24268888501656705,-0.20540369765703181
5.96,0.3812437101838152,0.3651302932397764,0.43138128117864905
5.97,0.44198358718133496,-0.08444513478873977,0.7487185814390864
5.98,0.2613403262605537,-0.5463138323481278,0.8413758010891358
5.99,0.0330756403963402,-0.4824661541681581,0.44527633141196526
6.0,-0.12404852689784805,-0.1637401393418576,0.30501823450829846
6.01,-0.093560568798819,0.153945695612346,0.09779004324808804
6.02,0.04337882457215299,0.5242800699723668,-0.374472479674629
6.03,0.1931182676731757,0.8147015129968647,-0.8771262328473138
6.04,0.25427036975038225,-0.09138097953226676,-1.0453223711118984
6.05,0.13220124231172767,-0.9833194720123514,-0.4343596908552433
6.06,0.05657649234139316,-1.0540539731498995,0.44676417304151245
6.07,0.15365472022358503,0.258807336157336,0.9335324771575586
6.08,0.2596230274773322,0.7846064496611846,0.7473124511378123
6.09,0.020655094373667693,0.5736655816341086,0.25741231485542415
6.1,-0.34418867369409445,-0.06323753146457589,0.06970663913489106
6.11,-0.36111161687750565,-0.7011656791957648,-0.16949765662372135
6.12,-0.055275667157879904,-0.49458877329648515,-0.43654821069035343
6.13,0.3171087987190183,0.5971194406194751,-0.6647175214157743
6.14,0.4265184097118505,0.6524537907203994,-0.7590282459488538
6.15,0.08881507355280349,0.12088599282127033,-0.42087722099052316
6.16,-0.25217988299685257,-0.41961627653537187,-0.0391369299596217
6.17,-0.2220463695372853,0.07648417034671917,0.248016162425757
6.18,-0.03956829950993973,-0.30049239978810427,0.5401940408005667
6.19,-0.09278743171129643,0.08483186563062062,0.7347082666410129
6.2,-0.009195929330278088,-0.03599769914430828,0.6830534389401344
6.21,0.10423408247782046,-0.29547443578959265,0.3397428182876807
6.22,0.04045952098541036,-0.054409843324292384,-0.019740334207124288
6.23,0.03159537283149268,-0.16668612507906352,-0.23795667976521256
6.24,0.03655291655171632,-0.1698587065109809,-0.4414834069541037
6.25,-0.03216648087325629,0.24727768287613655,-0.5854043888221951
6.26,-0.017582580174053702,0.4062590426131568,-0.7715211800450701
6.27,-0.029256541891033515,0.23357545476399835,-0.6163276143626022
6.28,-0.15703993204710123,-0.04432150993596831,-0.04610480331555655
6.29,-0.16498997182372366,-0.42549957917591,0.5623380191173888
6.3,-0.04401084446385231,-0.14940969830073286,0.7525303465638525
6.31,0.04612506700474139,0.29171565166908664,0.7575068780223346
6.32,0.07406780972645273,0.23556277005459314,0.3663041711098371
6.33,-0.05690910144666168,0.044273698527252936,-0.02165006578380385
6.34,-0.1732308638600007,-0.24351196387955046,-0.0842760754640454
6.35,-0.11009655023514262,-0.35673288456186997,-0.1065641406236358
6.36,0.10246686819598781,-0.12396266645469334,-0.36499035687736914
6.37,0.23779093961620495,0.3485044215221986,-0.5682943908854543
6.38,0.19380317548125076,0.25397916196501613,-0.4889179604170187
6.39,0.04973601170681985,-0.27351601494786143,-0.191203558896973
6.4,-0.07885226466633466,-0.4007518228396927,0.24096496272055457
6.41,-0.0069775536601883875,-0.20769725538396688,0.4761692348333646
6.42,0.09016798578783555,-0.09278977641767401,0.6791791844665951
6.43,0.0940730755298666,0.20049944288139188,0.568877538820059
6.44,0.06010491673163329,0.3361356490315616,-0.011287066739916196
6.45,0.00426324157713228,0.2516852123543141,-0.5642047936659041
6.46,-0.03850081986716321,-0.14436382502641437,-0.7617684084321523
6.47,-0.06740162539070212,-0.3473588214542155,-0.16888929744164782
6.48,0.12907143077956737,-0.31211099324234637,0.18163726041871125
6.49,0.3296286500683749,1.1714723224441943,0.1236313978866189
6.5,0.3783438123750121,0.608416253686856,-0.10332566100516698
6.51,0.002076419085149913,-0.46364572803654897,0.1147130551432068
6.52,-0.3650896863884374,-0.8351852227026921,0.908491856875496
6.53,-0.12216418396345008,-0.9116548364052448,1.0767039747933724
6.54,0.29267909921847496,0.22491502881123335,0.48305037721642013
6.55,0.5188480336887629,1.4949202716805792,-0.6236594885220229
6.56,0.33709474876467743,0.7597344376314686,-1.395237066345067
6.57,-0.16356135065379687,-0.19086062716360427,-1.4342790905066318
6.58,-0.3605012967310741,-1.0199254330867384,-0.6312621196453303
6.59,-0.0787971372092242,-0.19935264324725147,0.17638188163140806
6.6,0.3697663483635531,0.8833619024579631,0.8089526914603034
6.61,0.430063923644862,0.4936060984136024,1.034408139440423
6.62,0.062170940250748194,0.3188218920033349,0.7475370394534699
6.63,-0.17638076333165137,-0.5529277808471749,0.33032510190850733
6.64,-0.3027863983153782,-0.45235198998902953,-0.023717451255852486
6.65,-0.20129330703761225,0.3465690545492744,-0.2762891388754402
6.66,0.17095525658666855,0.4995146645545117,-0.44799758015133156
6.67,0.34040830585583276,0.7899188611934229,-0.805773451332222
6.68,0.22097296187053075,0.45781200442950293,-1.0098850996422228
6.69,-0.03403285703114904,-0.1440433442559949,-0.7083380695999533
6.7,-0.2657983027092225,-0.6953343185015407,0.1702820473635468
6.71,-0.3743332791194553,-0.7521496023114971,1.2970133670515644
6.72,-0.20169821781296499,0.22242499003155852,1.5760581472357096
6.73,0.11416993490392002,0.9609179552843589,1.055818548392715
6.74,0.19384925884517726,0.9254244415461805,0.035504014288966476
6.75,0.006988344484631641,-0.02809662585567471,-0.7443302374363318
6.76,-0.21895847171852295,-0.9606636691979955,-0.6861015022367958
6.77,-0.2146455174343453,-0.8506918906733334,-0.37669955423370294
6.78,0.07944940344187751,0.22274669885911497,-0.292039248969182
6.79,0.29242710727876026,1.2773620283776435,-0.1797374971676979
6.8,0.14983059770010074,0.4689424410945705,-0.11002640905306423
6.81,-0.27177380059704537,-0.21343391918803756,-0.0011600915421484843
6.82,-0.3571734176843999,-0.6317180756338797,0.08345265401687668
6.83,-0.12355037810822134,-0.6014737060681696,0.29683410575425195
6.84,0.040373500722230685,0.035846474954832536,0.7141993781731563
6.85,0.17043043889387335,0.4586984329436244,0.722264460340531
6.86,0.08191059509384249,0.5877124388645989,0.2820423942317348
6.87,-0.16371304023366018,0.3706411271628782,-0.4063753831916985
6.88,-0.3767460019525507,-0.1351219181938168,-0.7512752048257674
6.89,-0.42542419091632844,-0.34017056364774245,-0.42509403424975367
6.9,-0.19648409921155838,-0.14638583140634048,0.039598977836005265
6.91,0.12435056135550161,0.4247970305392628,0.1931058882004661
6.92,0.22801823036070107,0.7569800082637868,-0.015320023115416283
6.93,-0.00704192395285369,-0.04810607428788728,0.01771267547357916
6.94,-0.39932998276706705,-0.6875292980908004,0.46386095603839506
6.95,-0.5150339014891714,-0.7274247480569509,0.8219059731697554
6.96,-0.26337051839993264,0.025406400953319974,0.49116110756082987
6.97,0.015111680521126323,1.1897751244129808,-0.3695495588516816
6.98,0.044878588598894036,0.8446523815264615,-1.005951109127095
6.99,-0.21312978998213217,-0.29071257961821906,-0.9199414241364204
7.0,-0.3902718830002179,-1.1508254110323466,-0.2792671412954547
7.01,-0.1858402097796059,-0.8333193289924871,0.17427550713314133
7.02,0.11074446824937613,1.1062696137957593,0.2977423523778739
7.03,0.1755886892346062,0.7081921644196272,0.3838205950675943
7.04,-0.24780089006902686,-0.08856352227166486,0.348872245188339
7.05,-0.6101941187042139,-0.6937277418967887,0.3459778508801983
7.06,-0.43013866412958324,-1.087706692291158,0.2246031158946422
7.07,-0.06235373570135243,-0.29825115837719635,0.07579881986983351
7.08,0.20348023695228204,0.9391851780238447,-0.1849907634845084
7.09,0.25026068522164846,1.423624593895277,-0.958380519829122
7.1,-0.10604951928351339,0.3050252926731837,-1.3604201123616886
7.11,-0.5917025187450833,-0.9122035921520066,-1.0556330729207613
7.12,-0.6408710681507881,-1.0087744194828583,-0.20727184562875
7.13,-0.23560251498325654,-0.20252817806614715,0.8414480096062055
7.14,0.13800163259985548,0.6689761767809189,1.2450017354769736
7.15,0.13414353274478566,0.6746362491812951,1.0870341497136227
7.16,-0.189096332612408,0.01265681247520642,0.4844664420669447
7.17,-0.49887030065370475,-0.606214737022068,-0.3212886734135009
7.18,-0.49623077548056915,-0.8624329230753699,-0.5752184276084248
7.19,-0.1958685497488945,-0.3101710917847285,-0.596283095008865
7.2,0.11557672033006462,0.5198400420113067,-0.5021974111912295
7.21,0.16880625439153468,0.6257844189302009,-0.33291934333454637
7.22,-0.08654247463784942,-0.04008136448512303,-0.03517588289247062
7.23,-0.3769667969292463,-0.6316549271671975,0.30150662066058476
7.24,-0.3712447536956382,-0.6341101145375433,0.4126763423258147
7.25,-0.13708492090149876,-0.08625758366970353,0.45809849429693883
7.26,0.05113225495779854,0.20265627131895825,0.4467867941883539
7.27,0.013693269896242456,0.28319740079632993,0.3066187801754465
7.28,-0.10932159281300649,-0.07190608616874533,-0.060311805528371204
7.29,-0.19006548756690292,-0.35802380114927557,-0.5447102564580666
7.3,-0.16654574567053368,-0.3400303692898211,-0.707452393714635
7.31,-0.03989065050027279,-0.2798793996965422,-0.34933660470588945
7.32,0.08980638116109156,-0.17682645734107075,0.17611439429665077
7.33,0.17823634433182248,0.2627735025390084,0.2523032853760092
7.34,0.1302767948379952,0.5552472220148059,-0.032059465980893605
7.35,-0.11915824026847958,-0.28260763830926067,0.016856003061046537
7.36,-0.37652310861754357,-0.8938182663842662,0.5789580334687547
7.37,-0.26736837900266974,-0.9783197090352709,1.0204129945210856
7.38,0.09169640129828949,0.021907723824740044,0.6514805625341502
7.39,0.3256926643212957,1.3583779745581799,-0.31884786715965757
7.4,0.22377422216190965,0.8788464261965158,-1.0789176361710258
7.41,-0.20701611606821585,-0.5853700136744789,-1.1850611793302057
7.42,-0.4608703563025614,-1.4231431911342391,-0.6264865588809094
7.43,-0.19386911663017153,-0.9045472981721536,0.07069480707745757
7.44,0.24828071775395383,0.7190261915273928,0.5321814879053082
7.45,0.43262449826338994,1.050054450416129,0.7747670437763187
7.46,0.13665661024593728,0.2401278146267351,0.6732563807303282
7.47,-0.2924148281042913,-0.6731553419519178,0.37714856188793977
7.48,-0.3404566993387929,-1.2040698953918225,0.015350526588678332
7.49,-0.03982848796809729,-0.63715832598912,-0.27756015607765533
7.5,0.3347352132907384,0.43166730818491567,-0.46990552928928475
7.51,0.4924796112974465,0.8639780001587323,-0.6825049239672561
7.52,0.29693727262761593,0.32052170355798937,-0.7000483575063139
7.53,-0.03147086608643665,-0.2509795062508511,-0.6266108195979133
7.54,-0.1358351561204371,-0.14248638557468302,-0.3820858411333653
7.55,0.012179827470128718,-0.31503427273745543,0.17890112081378218
7.56,0.13671027184669376,-0.4654485301334551,0.7627476098304453
7.57,0.26228090224078016,-0.16567550262269273,1.0649219893078268
7.58,0.40892593462171495,0.032241610034848045,0.6289140457068852
7.59,0.33192484165801917,0.31878164376821605,-0.20483707401427315
7.6,0.08385872605009542,0.20803206518840078,-0.619217565703063
7.61,-0.09028803303244286,-0.2693975886350876,-0.46310477267647754
7.62,-0.08082604186579691,-0.2720232243057575,-0.10837791799278002
7.63,0.15243895084364956,0.5479317843801765,-0.0659247088591464
7.64,0.48201954141470005,0.7408941082614982,-0.21742201662575916
7.65,0.49309063893770033,-0.036544397991924216,-0.32012934401619747
7.66,0.13171820194455344,-0.6074026836112848,-0.018217229622758346
7.67,-0.060893574090010526,-0.8630562587051686,0.4924605273243674
7.68,0.05077580700139961,-0.43705923950114844,0.7999146187473377
7.69,0.23425188886440998,0.5696478890714981,0.7049139302052697
7.7,0.35877574409189195,0.9355611124460687,0.10692208070013737
7.71,0.2775740284875779,0.3006070509076164,-0.43423651743132385
7.72,0.03772099231256759,-0.48980784944720734,-0.5490396014215109
7.73,-0.029705686369035242,-0.9138858727193298,-0.2567528878241777
7.74,0.1791770764952455,-0.42391423686766927,0.05185325733903462
7.75,0.4214233465848958,0.7930684498402718,0.07104658033124717
7.76,0.4373925273701935,0.811243634434935,-0.07439081293064344
7.77,0.07850231169849442,0.04808397013545096,-0.11323706134384995
7.78,-0.2893365117645898,-0.6383601331068458,0.2485813791776828
7.79,-0.255572396310496,-0.9304609818411992,0.692653098272969
7.8,0.06266648607586783,-0.219433405617947,0.6929366303456236
7.81,0.35216988137936256,0.9081938848590487,0.211559804745046
7.82,0.3625692250410222,1.2422782587650207,-0.6254172916693812
7.83,0.036733838462943924,0.2009576839174928,-1.0577619002298124
7.84,-0.3359216824504491,-0.9673088889844623,-0.7875261024796719
7.85,-0.31801437121698833,-1.08227638591528,-0.1661102983594333
7.86,0.10769120456597198,0.4764107296245409,0.4076369275571802
7.87,0.4776941455769112,0.9296218803488316,0.6736334812161257
7.88,0.31925213100188843,0.28857581072070776,0.6577330650501303
7.89,-0.09524356053713481,-0.5410954554067643,0.554283557775638
7.9,-0.2551844085393182,-1.1739427791479595,0.4129139850935688
7.91,-0.11123565697153653,-0.7505460797355483,0.32355586601810365
7.92,0.20970834226073903,0.2960740504036701,0.05178781506327329
7.93,0.4202210771793858,0.9894008223911055,-0.5487013759243908
7.94,0.26664505450479536,0.8978436879399461,-1.1823516846825495
7.95,-0.022973799323916633,-0.08139523054396913,-1.4948796236425361
7.96,-0.176745916018104,-0.7101605292705097,-0.9874550047067618
7.97,-0.049571562809012204,-0.7682743376175982,0.08444840456107883
7.98,0.23010180263501817,-0.22396812147479017,1.1000325480873192
7.99,0.4283623471031825,0.30018558888205615,1.5291490537675505
8.0,0.3717742216954765,0.31459245043471695,1.1298962446742369
8.01,0.07328502620007915,0.042344427684442715,0.3371938996367758
8.02,-0.15491907794441082,-0.41329827904049926,-0.22675210594754014
8.03,-0.068180121541773,-0.5682235365525369,-0.4901884232776883
8.04,0.28791371082034745,-0.17160417569927022,-0.6936205431198429
8.05,0.621276076243162,0.39448609160944104,-0.7424689223566787
8.06,0.6483234069572983,0.34349895941985503,-0.6013089559926361
8.07,0.35165104734545377,0.02751467326043655,-0.23891177686172899
8.08,0.05426425360126777,-0.10618167272929852,0.13363405139569745
8.09,-0.05441414602035125,-0.5943902808789944,0.5591481968060305
8.1,-0.04349019270012331,-0.34500802895058835,0.9023214047301662
8.11,0.1657077661065807,0.34509684695517534,0.7780884189621122
8.12,0.43849271589556704,0.5497080438795809,0.19103613791735252
8.13,0.428795305314877,0.4549968961922526,-0.4728331253375168
8.14,0.18357101355506086,-0.016301588289796,-0.6642473265007887
8.15,0.010598391560719025,-0.5920650475914734,-0.36767696708429454
8.16,0.0472942430664402,-0.42382348716187723,0.011457589011734437
8.17,0.2773455290635523,0.9694831999109963,0.14130394079996914
8.18,0.41532155062813503,0.7621580042748393,-0.00959416244949532
8.19,0.10002702591318702,0.21566974302306663,0.0815576389797344
8.2,-0.15618414302618944,-0.6204010782081787,0.489623543454522
8.21,-0.006436011554594473,-1.124717697689528,0.6539311507940743
8.22,0.22916647084726663,-0.23489393056253494,0.6220471236953724
8.23,0.4144226573571108,0.8048804848652873,0.1628149032220475
8.24,0.3920592940191145,0.839643704165346,-0.5706316282306468
8.25,0.05033645203831316,0.3464306429773491,-0.9635086978403369
8.26,-0.19454388028384936,-0.46509894215727454,-0.9503664253650997
8.27,-0.09993123810728102,-1.059746751848923,-0.2206205300704729
8.28,0.18620141185435404,0.1822659549041532,0.3877730402440308
8.29,0.5606350667900468,0.9643760002095204,0.6290755245260862
8.3,0.5149944404783141,0.19249957523582284,0.7175304285928235
8.31,-0.009714359976164655,-0.258074660124568,0.6059718115148756
8.32,-0.24883877526443585,-0.9027596690273294,0.4991046975620633
8.33,-0.09125087608774818,-0.6881279315381825,0.2271532319441621
8.34,0.1966465986961109,0.47959080295501444,-0.10016662744850077
8.35,0.41223106263899706,1.152636652406743,-0.5296101601946439
8.36,0.366542832374273,0.7800173812280855,-1.0185094713003389
8.37,0.07901657412257557,-0.08121906806989099,-1.0655021881619788
8.38,-0.10111428090466602,-0.42106233914479013,-0.6203044260614938
8.39,-0.006565671930535796,-0.07597507670871323,0.21279429992275445
8.4,0.14765723479404574,0.07871662988766051,0.9291694813748222
8.41,0.1815891552510878,0.34650220404414944,1.1672628926213031
8.42,0.18357816196223017,0.23336217419758135,0.7970659229194146
8.43,0.07928025932250947,0.02148675083823784,0.22784447466783475
8.44,-0.059776208807656925,-0.054051836643719375,-0.1843584969479287
8.45,-0.02993559775698268,-0.09851447844323777,-0.4535001223720564
8.46,0.11196507988221804,0.1800746610747455,-0.7634425687331681
8.47,0.1790542989782196,0.5105470432146026,-0.7844441065104787
8.48,0.18951820249309193,0.24746617357329015,-0.5450943897863257
8.49,0.11100247104398565,0.23431821530897468,-0.30087800192249103
8.5,0.007982683658263226,0.20655382093126928,0.20433301597595288
8.51,-0.010067019209749497,-0.22832003382012603,0.4519476881778197
8.52,-0.09098057370659952,-0.21258901621510273,0.7624739307241224
8.53,-0.09396165753466719,0.13942821039380193,0.7557723111041169
8.54,-0.038810116721883316,0.4891110924788783,0.46874664348839784
8.55,0.0031115006320729596,0.5792769321623167,-0.08896080840577836
8.56,-0.03538522628652906,1.0508092380663547,-0.9278830782087027
8.57,-0.12838265877906305,0.08357535944263872,-0.9732198968645192
8.58,-0.23515900015761704,-0.6790458155920991,-0.401064972957916
8.59,-0.1960059539566031,-0.621992078097605,0.511298410176469
8.6,0.05300525722636276,0.09020520373419971,0.8127416922440791
8.61,0.17856169111620218,1.4926547723564796,0.5325919302653714
8.62,0.1416082492502712,0.7032727808899684,0.20623179943687253
8.63,-0.18109476334039815,-0.5757470915649983,0.05386825911178825
8.64,-0.4839778174031743,-0.6438776284359767,-0.12237127935540347
8.65,-0.2165851856121901,-0.3999699569286774,-0.40446181289989014
8.66,0.19555988324073756,0.6353475076286277,-0.6053828130839038
8.67,0.31563548667998026,0.5959130246833638,-0.32608473372275354
8.68,0.12368063861998198,0.002683414106557238,0.0836161080196855
8.69,-0.13171590753514156,-0.5540212503697681,0.41981928853013484
8.7,-0.15050009585668309,0.002098506922484789,0.3385413513727859
8.71,0.09172514254601652,0.2539037484665872,0.0742979358699485
8.72,0.06083110076751341,-0.14788624631701242,0.16994903196793326
8.73,-0.15448904135817332,0.13818200452797733,0.2949773247045935
8.74,-0.016864198337184947,-0.3041892965941644,0.10649847521216167
8.75,0.14455629192986355,-0.3363424937277343,0.035089755376371067
8.76,0.14232706300272727,0.20982005261998224,-0.008086830900414427
8.77,0.07031462125308965,0.2987299999021822,0.14601867218894615
8.78,-0.01900361866306527,0.312324862320317,-0.1506491244156669
8.79,-0.05578552816328735,0.4536351568607491,-0.5797525254067281
8.8,0.052198412220050394,0.39239567964373406,-0.9314323530632372
8.81,0.04677444773714604,-0.33447369989851305,-0.641925883827185
8.82,-0.011030600325804905,-0.4613994939277916,0.13918112381207381
8.83,0.1596100506520311,-0.5510666263171358,0.8223874652095544
8.84,0.29731446549619295,-0.1292347217241901,1.21900474229901
8.85,0.2663119195836205,0.4887768212816384,0.9505741093151959
8.86,0.15333631264307263,0.24700716434043096,0.414085310067373
8.87,-0.06610752605605405,0.018130813866827147,-0.2363200269504625
8.88,-0.1460678421809477,-0.0037888981524852616,-0.8765714983354221
8.89,0.023132874481008234,0.011467277805751862,-1.277681879527075
8.9,0.24897137598075753,0.09004218691340006,-1.1451320421949578
8.91,0.39292133475623603,0.05091266395374373,-0.5967740283939406
8.92,0.38043800906773745,0.025065379384566,0.14489895143156706
8.93,0.19701281729261963,-0.0006560581439131533,0.7018272266863133
8.94,-0.024816295680796265,-0.40004349894880104,0.9767639657896041
8.95,-0.17262915522573022,-0.1652172757893753,0.86389686007781
8.96,-0.11138366999894261,0.24042722768485342,0.4827892930140103
8.97,0.061033936832336044,0.5367537825133001,-0.1841301143726094
8.98,0.1154991952174729,0.581385715953839,-0.6868606105896367
8.99,0.08829875507851885,0.0366258524632402,-0.6741728219354235
9.0,0.0813648778618792,-0.46210275359001846,-0.43814168399645864
9.01,0.15271209240000244,-0.14078233967989817,-0.18470856535112512
9.02,0.26967098374611864,0.7900197005824863,-0.08699258073871168
9.03,0.20410362657102482,-0.2627711292646175,0.09617348086853128
9.04,-0.1572575541404627,-0.4873618516818054,0.7022905401719456
9.05,-0.1717948088549768,-0.6220290979844533,0.9697410197343175
9.06,0.07403754986906383,-0.155083012939773,0.6077793262776263
9.07,0.24692988538079436,0.7376348352006373,-0.11984902689143936
9.08,0.26212064751976416,0.7378529590501961,-0.8082932373662588
9.09,0.06886781901008315,0.08352856671274296,-0.9297921940352832
9.1,-0.09709326226640964,-0.36807809323538254,-0.663221364415937
9.11,0.016848596339536726,-0.3632198441849214,-0.10414603975176935
9.12,0.24719940081865502,0.19204471184543298,0.4274159054985538
9.13,0.253981694613823,0.5363330189405816,0.708914640331611
9.14,0.040535071512084915,0.35598071350311755,0.7447141252653902
9.15,-0.16696499646833815,-0.11090966097206675,0.4666576430845978
9.16,-0.2315573019203807,-0.3180889741081861,0.2189733114352592
9.17,-0.05254601860416859,-0.26964872190832645,0.10253977658780777
9.18,0.2362568278926871,-0.04707398576795874,0.020171444336061262
9.19,0.36791022901611425,0.29331594263319793,-0.15226930871687544
9.2,0.2795858514478986,0.6446955536966174,-0.7224717069264405
9.21,0.08077284813666775,0.6410920526806703,-1.2810528517810273
9.22,-0.17692930257866513,-0.10252478103464095,-0.9538511841067785
9.23,-0.29255300527814543,-0.3535272817266303,-0.0037490205609754246
9.24,-0.07335778898204423,0.04520671823231322,0.8879124540395154
9.25,0.24424089128266754,0.26977185681329685,1.2106984159117153
9.26,0.20175219732750388,-0.07227458648641757,1.3574352296799972
9.27,-0.041777784778154,-0.1692693380177195,1.095921466269387
9.28,-0.13371445066593346,-0.20726104468430906,0.2935063896093295
9.29,-0.08653067634942269,0.5023747662645126,-0.7845815814161833
9.3,0.057455225924060646,0.7880740271599529,-1.4840731560850846
9.31,0.042239955689140476,-0.10708420197779017,-1.3233493681036541
9.32,-0.13493139435930973,-0.29121117550230885,-0.42468167082844377
9.33,0.013176130162056168,-0.20971972855368826,0.28386892580813283
9.34,0.2750358513604571,0.46732283750687964,0.5728126515145147
9.35,0.24842434633408045,0.4354844164324142,0.7112435318581081
9.36,-0.07057919916168223,-0.049998259028114514,0.6548295246871543
9.37,-0.31851729031523934,-0.4070455471058733,0.5615962493671369
9.38,-0.24625781025956817,-0.26955649148052985,0.11156226775510741
9.39,-0.0009326075442861598,0.28920642304778255,-0.352470201205079
9.4,0.19700696955232397,0.6014034894209244,-0.6060790867169074
9.41,0.15330596152721873,0.562198498705474,-0.6574752061824488
9.42,0.0030724348203164387,0.060848550764890735,-0.4377864163749675
9.43,-0.09036150840226287,-0.04258044379650028,-0.17731450913479097
9.44,-0.10516932076758471,0.2859269756531295,-0.0003309905440751215
9.45,-0.1253768366274252,0.021747778202429114,0.304716430475652
9.46,-0.16805478794845974,-0.1211017124637875,0.787133778611034
9.47,-0.08715451631110163,-0.18968192564365235,0.977598952799583
9.48,0.01026226894028369,0.2667946752790688,0.4599432323398346
9.49,0.08294543429382453,0.6145079510441029,-0.4207999577327391
9.5,0.0368573251541498,0.34042138621382056,-1.0011472312756273
9.51,-0.1918948671646185,-0.1982142137663106,-0.7590918644003911
9.52,-0.3439549334887467,-0.2533221894466636,-0.2611757442403466
9.53,-0.19988105357563601,0.24891588527486797,0.14226111229541272
9.54,0.05397173350357267,0.7240776676788672,0.2725700082612389
9.55,0.05454801953251333,0.23173627595778729,0.34962353767145427
9.56,-0.15885934082246922,-0.38622819679724923,0.43317271826060944
9.57,-0.2636796430987791,-0.6981367878233994,0.4984400339482205
9.58,-0.16750016307579935,-0.4411423832343784,0.4654586826184565
9.59,0.003251462825801958,0.22870639326664396,0.20634801196862163
9.6,0.054751206235807606,0.634162576379908,-0.06862022196395035
9.61,-0.061848665746906686,0.4084331362576643,-0.4480376112466079
9.62,-0.27588652021230764,-0.03389433839843653,-0.726370106188763
9.63,-0.3594894230201961,0.03178647386109881,-0.7806090088431612
9.64,-0.17689092296487655,0.21396451470366867,-0.500475444111957
9.65,-0.02067870652279495,-0.12144111569168256,0.13806487131323986
9.66,-0.0910091941386205,-0.2876303437781165,0.7847498901620217
9.67,-0.1414388896502529,-0.2148398415393025,1.0228707855517072
9.68,-0.13021885643064818,-0.05662827058508266,0.7654186040966776
9.69,-0.21324306729121442,0.386695894337855,0.208999855630848
9.7,-0.28447575637145706,0.3849578010272282,-0.30218870658298136
9.71,-0.2776744904110407,-0.012960582225855319,-0.5811571454086615
9.72,-0.20986067320083962,-0.1666757704203773,-0.6979158004965057
9.73,-0.0561358920508008,-0.19817822253104056,-0.6118908822572567
9.74,0.032844984610773134,-0.032205344760225546,-0.28501878029071215
9.75,-0.00016821299896851646,0.1500568553874084,0.08137321964224052
9.76,-0.05340385217040169,-0.028760347241545137,0.342317160712304
9.77,-0.1500472337835349,-0.18684694793152365,0.514099289003063
9.78,-0.2123986636591484,-0.25314592741824105,0.5846518722316938
9.79,-0.17446705423510786,-0.21525526724735877,0.5385584108751943
9.8,-0.0814828953416955,0.06657405730918518,0.254016027610684
9.81,0.048049940650889175,0.23589780015442302,-0.33668447560174847
9.82,0.08985477389228841,0.08101440353892386,-0.779060242846825
9.83,0.037711813400437916,-0.32090006932840237,-0.7605859577675292
9.84,0.0020061577450876215,-0.5793698802445991,-0.3749022676783285
9.85,0.045189243020839,0.20803134545384783,0.0031572853281973817
9.86,0.17653373739979725,0.621065410647035,0.06516350094326184
9.87,0.09251193280563189,-0.046821715160918764,0.25520976896016534
9.88,-0.18275578652910615,-0.5542300338492896,0.6535874651415021
9.89,-0.1887726849848174,-0.7117538543605155,0.7694682877053337
9.9,0.09978216356792456,-0.15936026576148832,0.3176963679657033
9.91,0.3758654532803798,0.7231959188975479,-0.5079803092032865
9.92,0.36295698278054805,0.46748334837969086,-1.0667332502593045
9.93,0.019425991936128373,-0.30955123019165226,-0.9960088420540938
9.94,-0.25947860724268706,-0.5825550200955476,-0.4892512780516612
9.95,-0.11228416402785954,-0.3803156747478367,0.1541977561573098
9.96,0.2085396450904768,0.3062698433022456,0.5537158540595181
9.97,0.28946654019536494,0.707489309122092,0.7067380854544998
9.98,0.15723843904962465,-0.020740741851405398,0.5252720854834593
9.99,-0.06880398914743346,-0.8065697380330371,0.30623150639251717
10.0,-0.12388102642782942,-0.9969349936327665,0.21599137068621865
10.01,0.044975258884522015,-0.5527275381744139,0.2360254501877328
10.02,0.1816557707957826,0.41905058465885114,0.25373457955560197
10.03,0.22089210386535918,0.8347137055559961,-0.12198368789439079
10.04,0.08865313744396269,0.4417544227792265,-0.7347492312325008
10.05,-0.11876066441490084,-0.12039247708109443,-1.1939805738126597
10.06,-0.13304928348411738,-0.37895923018228184,-1.0170457484966158
10.07,0.04399739397048481,-0.5667447852786567,-0.1647968396197267
10.08,0.19314216105103627,-0.3210962260481787,0.8118005630974011
10.09,0.26226502120406087,0.14985642381403202,1.1717125968291533
10.1,0.20829323396736094,0.18134712421756788,0.930006474066587
10.11,0.022260764076521194,-0.09901431748430713,0.4514583811343525
10.12,-0.13787513267913037,-0.5086924257770737,0.3371330370285126
10.13,-0.07713056964829706,-0.5395001036858441,0.29466744421831126
10.14,0.24212209876564775,-0.02136992804941701,-0.24888715852324833
10.15,0.614018946160283,0.8324677132076603,-1.1287128356023952
10.16,0.6286183881188456,0.3691125679591587,-1.4362005433898004
10.17,0.25053885106190343,-0.5995866533049335,-0.8503019731658477
10.18,-0.011167373888955431,-1.1117308492098612,0.07219459635773928
10.19,0.15221804046260373,-0.015437793453585202,0.6607926500004291
10.2,0.5453404307991141,0.6200331478000861,0.7919316353837555
10.21,0.5616051154903575,0.3029180425024773,0.7268771324814001
10.22,0.19944893295685362,-0.012683341421450584,0.484467123822484
10.23,0.044246033271235746,-0.5077487143741215,0.033092588473981666
10.24,0.2186722922647608,-0.5590092620135361,-0.41409664882912656
10.25,0.46849359840630656,0.11852600893361331,-0.5494275198964128
10.26,0.6173244276609059,0.6129725300997921,-0.3632853391401476
10.27,0.5844228187168725,0.4607074636422068,-0.1899569171334598
10.28,0.3853787047161693,0.0658677139215697,-0.1384021499057439
10.29,0.23260455107120817,-0.18621288987610118,-0.05116682547883092
10.3,0.21043186150646673,-0.17508147011126782,0.2711139959435421
10.31,0.2918288132559287,0.07564186413398694,0.6970006238166344
10.32,0.43966334250804906,0.3350521584847317,0.6987836989285797
10.33,0.49603259059248467,0.5905567563793588,0.12735294642594752
10.34,0.44854173939626996,0.3604084394871201,-0.5938645982906902
10.35,0.2929729522699768,-0.09732156378037143,-0.840312369453615
10.36,0.21771531854703569,-0.37737946831808933,-0.5774516081265119
10.37,0.31370439577724907,0.06641345325380188,-0.07299123053312773
10.38,0.4982328453525571,0.6347804615618969,0.3441385148575256
10.39,0.5202077637488504,0.4070464134828937,0.44161572078413786
10.4,0.2570306741824927,0.10873068329982605,0.5036439866602442
10.41,0.08846048727369271,-0.21984718585727703,0.408781081481171
10.42,0.12309822079268712,-0.32994575689426264,0.499560769395142
10.43,0.27330845465137443,0.1575767989943302,0.4234482580626855
10.44,0.43567338446095405,0.6063141123404655,0.07670277249166102
10.45,0.3833467787286414,0.7596234548451637,-0.3272473541311969
10.46,0.1769034719225711,0.45820798222097403,-0.8229223395767928
10.47,0.01594592020717317,-0.0960584442747986,-0.9254383176380957
10.48,0.03164779557305693,0.40463340406856335,-0.6217835519283683
10.49,0.2154244671962392,-0.12824100132944427,0.09243886794862588
10.5,0.21142430534216886,-0.08811161738881035,0.8514074073636231
10.51,0.1900160780227132,0.03168767424702511,1.1477903215209015
10.52,0.19968034102951976,-0.12345121156928544,1.1356449495137555
10.53,0.10761968528346828,0.21459220317500563,0.5001686641759767
10.54,0.03248902361501598,0.2697262552140238,-0.046804650885704346
10.55,-0.008291588382300319,0.16299620502382528,-0.3950200099812272
10.56,-0.05952856858759659,0.33548300380212615,-0.6014523315160348
10.57,0.005064018352918989,0.29417368324244747,-0.7214149995375783
10.58,0.08039883955514465,0.6088798539678573,-0.62672601266857
10.59,0.10218750696947752,0.3525249152829996,-0.4547244657061464
10.6,-0.0027825113522737255,-0.33422518314844485,0.09933209236396073
10.61,-0.09496241542646763,-0.29935731966775847,0.5236795374838819
10.62,-0.10844732012775544,-0.25980287553981773,0.9168023704214003
10.63,-0.10505077700353428,0.33366129982399684,0.7899851689924707
10.64,-0.14542367564849007,0.8461474803381128,0.3068046132386372
10.65,-0.24646788926373286,0.7635226504545849,-0.2141915915114187
10.66,-0.29992988244404567,0.15628623650221418,-0.6943657059910058
10.67,-0.28594833582690987,-0.4346469881861872,-0.37453142012949736
10.68,-0.08786047767434582,-0.43020842712780427,-0.13291028211889452
10.69,0.12722044344245564,0.30649810840758335,0.15085360797138503
10.7,0.19897673856603326,0.9815509506732778,-0.0185548019389786
10.71,-0.12092311076521511,0.3876141390587351,-0.011415953780382748
10.72,-0.5846475017022538,-0.14800273578136458,0.29548040728234554
10.73,-0.5693724137692611,-0.9309797717540829,0.7420805831528686
10.74,-0.2888102730369735,-0.4373115745442685,0.8960577860381982
10.75,0.08259574360754385,0.6811974474916236,0.30826207423207985
10.76,0.2564791245560464,0.8983896429319647,-0.38077079578067974
10.77,0.02458300143726136,0.2837915965724782,-1.0496550339804744
10.78,-0.43990654981660793,-0.5328989909704205,-0.8551151063243917
10.79,-0.6212111979474775,-0.8261047746416351,-0.3875824285497302
10.8,-0.36808023883744484,0.5737087674670844,-0.0904515940847399
10.81,0.06597599222413031,1.4626937001888125,0.09703722176237516
10.82,0.12846875253854845,-0.1725498753867114,0.3572545644995542
10.83,-0.2511739474303561,-0.742883022475409,0.5596390724858679
10.84,-0.3192861785422829,-1.1744087604008406,0.6326002627424752
10.85,-0.14363797252695995,-0.5942384053757409,0.4077696933545934
10.86,-0.08190434583636239,0.8222018722990906,0.21308728478985856
10.87,-0.05795619188587037,0.8650938289871591,0.02063427505655572
10.88,-0.2758701833279477,0.5068584936018553,-0.5673378114919749
10.89,-0.5082453247680131,0.2177594150600548,-1.179492719342147
10.9,-0.3125867788327725,0.5770376341832388,-1.5044566854052592
10.91,0.00466832491616582,-0.4522275777096553,-0.9204447996428095
10.92,-0.06971665569520495,-0.8700395783601447,0.3660957485812447
10.93,-0.0811430342289255,-0.37517379947534524,1.2298541029236985
10.94,0.09272624324846566,-0.01777692037962068,1.3224080218821566
10.95,0.018009025341223568,0.41282385763413565,0.7883746351260864
10.96,-0.19394690089282263,0.2302042939662698,0.2500826381891229
10.97,-0.301033062986283,-0.45881041687067786,0.006316982713200603
10.98,-0.26118486247160166,-0.38326548252304254,-0.2240510349161781
10.99,0.08590043914924153,-0.0762597512561673,-0.6911396874970653
11.0,0.3989635208136475,0.41257629888652203,-0.9485680019527765
11.01,0.27244351355586727,0.3285340510980716,-0.5336781726156207
11.02,-0.010101888510865046,-0.15729962679338808,-0.0047763775804094966
11.03,-0.13587917812132289,-0.43886325932772285,0.3887551860322696
11.04,-0.04504699221678292,0.16863752942859722,0.44436670420805113
11.05,0.06349920985077187,-0.20751805654431585,0.4771120484582525
11.06,0.019272822720277416,-0.008483734250851464,0.5144092767655055
11.07,0.10582168518477077,-0.12700283511658794,0.29726181106140304
11.08,0.2174035224074292,-0.10700722748297957,-0.2425460623769552
11.09,0.20183602571545353,0.040209466683182746,-0.5539046036266105
11.1,0.13843759003633987,-0.17325922547104938,-0.35781026491468393
11.11,0.0784510329620104,-0.13212953283808673,-0.10470479402525125
11.12,0.0918656005787889,0.6576406174606191,-0.03764603220128566
11.13,0.176930064572965,0.34928500986425776,-0.08743563830498838
11.14,0.028423090512978415,-0.4889323436572358,0.25117574426183653
11.15,-0.12050327741763958,-0.6287239706149931,0.7397991273785098
11.16,0.09557672358294056,-0.6103052798806101,0.727534761998372
11.17,0.2708220921649058,0.3107769339733871,0.16972254131239567
11.18,0.24416988784274785,0.9310184211664743,-0.5222195292501615
11.19,0.05313237420472394,0.355412040618824,-0.9552588327223599
11.2,-0.23844904280131035,-0.21730645646656377,-0.708587516088617
11.21,-0.23182850707537273,-0.507360647304556,-0.1992983239946075
11.22,0.1131970305223077,-0.4439950979714744,0.34093594114554293
11.23,0.3734722989666712,0.488339366053504,0.561738278531494
11.24,0.40108627960186805,0.7893521022232253,0.4481051323934303
11.25,0.1633798308003797,-0.12117445589100134,0.23150391356050382
11.26,-0.2524008902595068,-0.5453954742482907,0.119657223571097
11.27,-0.3225873453324807,-0.6489444398648715,0.10265847974555124
11.28,-0.03524041126553913,-0.25544304231958936,0.16871377450531927
11.29,0.2617313552037933,0.47232157653857876,0.11662812714102971
11.3,0.3473119375032016,0.609235513577468,-0.14203132694703802
11.31,0.1780324389268855,0.23545097925859607,-0.7252440626758873
11.32,-0.09831635758335759,-0.07594383019407439,-1.0186483163285815
11.33,-0.16994944497362724,-0.07921196028976296,-0.828984122467368
11.34,-0.07443330359464284,-0.4971590687938563,-0.06326464662360612
11.35,0.024549510638063782,0.17471989112286931,0.53513347730078
11.36,0.18638450608228807,0.2539747652131472,0.6959895964448991
11.37,0.17939764119791263,-0.1606778795381984,0.4857105291181273
11.38,-0.045505054440117654,-0.18473075633536623,0.3200527423477094
11.39,-0.14780451798643246,-0.31480502243205966,0.2849477936269861
11.4,-0.06836415401834825,-0.1291841689407042,0.08622145461414032
11.41,0.056344280060238686,0.5495627219518635,-0.43744149720931846
11.42,0.13938192657099216,0.48669831137373043,-0.5862450283775112
11.43,0.09931579673234535,-0.20264702178506427,-0.41028767024607404
11.44,0.030787313567319827,-0.36818914595812263,-0.2339832244926462
11.45,0.15850303719347872,0.030831590935135156,-0.17573781655644025
11.46,0.3088858830553335,0.1461648021533818,0.09850301929903518
11.47,0.18634489070472976,-0.5370425436355714,0.5984599377741445
11.48,-0.02682969615536002,-0.3670364027181841,0.7935227336823932
11.49,0.08944952378109086,0.06420710794124573,0.43366249095409287
11.5,0.35013015088750526,0.6528536709157747,-0.3288105537495377
11.51,0.3896508316890917,0.10111585481065713,-0.5326273947627381
11.52,0.22814929503118178,-0.3889208207482855,-0.3245845240433472
11.53,0.19865587994549022,-0.4531722620451881,-0.12370435654852437
11.54,0.37225468990038346,0.26706681349879746,-0.10799806810787053
11.55,0.5555454755360357,0.7065590899826087,-0.19757031131946
11.56,0.38839091972076834,-0.13004176542391116,0.19942010398043358
11.57,0.051753215493320695,-0.3437518786172071,0.7812426672311036
11.58,0.12870858558256631,-0.567773368013245,0.8966326938408014
11.59,0.4185316132532126,-0.15416105075334602,0.5831604751171394
11.6,0.5603985554346524,0.6799427638996102,0.11818685487568364
11.61,0.5374758770992578,0.6236411607311156,-0.3564241187898851
11.62,0.3468147088878737,0.051196356070408136,-0.668886298439978
11.63,0.17240082205569937,-0.24024421883062577,-0.7822935709276109
11.64,0.2528759798073861,-0.3276977802380233,-0.6296271065974348
11.65,0.45502865716214286,-0.03387757426480545,-0.21908112138254898
11.66,0.6017557981042212,0.6401601237313103,0.22141028777341887
11.67,0.6272689420823689,0.7718378282783723,0.37599798584728183
11.68,0.36427919273785686,-0.06214179524042687,0.4272201570226526
11.69,0.006580441043946977,-0.5169847506690242,0.4620212149780809
11.7,0.04268788198649026,-0.742434475772297,0.6010346954965734
11.71,0.36978534647019906,-0.30382085226574246,0.6773086740073981
11.72,0.6228667659270727,0.7408650460534854,0.29614004917604847
11.73,0.6976914567859853,1.0279053930245126,-0.6710644061919533
11.74,0.45440068180498183,0.4593815727772758,-1.4708359818994776
11.75,0.06170801127404582,-0.26866393793107907,-1.434850803198631
11.76,-0.03689607773952097,-0.7491522626430586,-0.5591324084537775
11.77,0.2021193535589026,-0.27731718997612315,0.5221846449919746
11.78,0.500317451346876,0.5722875634916907,1.062645601085918
11.79,0.5597987315871311,0.8054912150298004,0.9039007922413484
11.8,0.29531082534660447,0.38096593160496367,0.3914706903779225
11.81,-0.026425538732072706,-0.36294719933762853,-0.014495735942908289
11.82,-0.050521824184165356,-0.6678147086624662,-0.3910488096410969
11.83,0.1984721462631588,-0.06368429149367161,-0.5457613591759328
11.84,0.43216624584690205,0.7702197215943302,-0.36175963223534535
11.85,0.46494122659285625,0.6212427199069166,0.003457794840635825
11.86,0.28907633662652815,0.013613598432765162,0.2101424148944655
11.87,0.10082525976491591,0.12325859373540687,0.0696068033411735
11.88,0.08785721276386532,-0.06892908846598567,0.03350264271099215
11.89,0.10085402734403091,-0.6590764795518672,0.3728200829689957
11.9,0.03823382949024403,-0.41781125911197525,1.1539157432856237
11.91,0.1232208254719448,0.099485765300728,1.3501284841534094
11.92,0.2814689314273007,1.6991147652413443,0.14858138243721697
11.93,0.28268579318516673,2.12978309172176,-1.1815723194454706
11.94,-0.019204943111985895,-0.14382329474092237,-1.5768310266447267
11.95,-0.47620505382807043,-1.6971305928846614,-0.8320205474316577
11.96,-0.3775916477610484,-1.4249916196360373,0.16411577263222243
11.97,0.33405316512330163,0.892521371889936,0.5704786523551585
11.98,0.8434218607793855,1.8629371142652353,0.887760563595734
11.99,0.49723466982554265,0.46016294776894184,1.092366972886653
12.0,-0.29211361289361454,-0.7989945977284874,0.9519948987331288
12.01,-0.5528932468417138,-1.5054701997138618,0.4302401526223914
12.02,-0.13199088241960483,-0.4555801858426003,-0.33647926305531795
12.03,0.4501142806775521,1.031570446897186,-0.7426574095300988
12.04,0.6075420145032656,1.421767444403822,-0.8497171536355589
12.05,0.2603543412605449,0.7113313455494338,-0.6512740111369346
12.06,-0.08002788924032236,-0.5479335711048956,-0.42401824268858457
12.07,-0.11146238190249927,-0.288709375324978,-0.18362581484902765
12.08,0.09407363519245315,-0.12077827040505928,0.31347186426604995
12.09,0.1729764307703961,-0.17262497911799496,0.9694408201223664
12.1,0.161430694348506,0.1678152199552015,1.2936637771968147
12.11,0.2270501979783794,0.11014907375891486,0.9589375971543086
12.12,0.1554528023321255,0.15054551046381973,0.3507710592702199
12.13,-0.007163478944746116,0.24254392528807422,-0.2580533869485603
12.14,-0.06417616691797659,0.2249601260880048,-0.8358553788675471
12.15,-0.04114453433130712,0.5873192523285409,-1.151322584314549
12.16,0.07162913439537177,0.5280786058766003,-1.043133126359647
12.17,0.11852075300845966,0.16554912635924451,-0.5526022673930973
12.18,0.02863163261930042,0.20243025280874846,0.22777199599415787
12.19,0.026518209727723934,0.1112457014995076,0.7644720804780925
12.2,0.011075008568552924,0.12534477656727766,0.8806824914041693
12.21,-0.07845714851724653,0.13554406897887647,0.6427224173127919
12.22,-0.12037396552325251,-0.06244996871533945,0.4372886475652669
12.23,-0.10221942453111123,-0.1437639847981152,0.4307339631366621
12.24,-0.04956845330747237,0.1600399160121064,0.2942743919688908
12.25,0.0341709182075836,0.6247839701079252,-0.2626530202240952
12.26,0.055366488956516836,0.9373304103738395,-1.0071435253447332
12.27,-0.08479583207314281,0.47771834476481134,-1.263770146306895
12.28,-0.2117120279095932,-0.32691208671856015,-0.8845285693699962
12.29,-0.15837431746552055,-0.28096116302158064,-0.025596970080507098
12.3,0.06719464409364526,0.23568708301305116,0.7118218974662751
12.31,0.19786251210007,0.5289345487017841,0.8867343845332548
12.32,0.03345851675313671,0.5050397471030639,0.6558512405758554
12.33,-0.2359090608030282,-0.019316323839036365,0.41794992065413683
12.34,-0.3756661146257217,-0.3562950250009566,0.2448699891505678
12.35,-0.2768419547771449,-0.12200589998934808,0.20140618848297295
12.36,0.045207445962791165,0.31293534409159035,0.006816179685859097
12.37,0.31720231722156955,0.7471015242410117,-0.5380923069633303
12.38,0.3442361810546295,0.6466925108436775,-1.1037515236734157
12.39,0.14094109903411678,-0.32674767461357546,-0.9813074613259891
12.4,-0.2004240370290583,-0.7701867587516089,-0.053408292060722395
12.41,-0.27102765273402846,-0.23161529215832977,0.8816721104519447
12.42,0.03486572570174862,0.7619082543869321,1.1315784355872003
12.43,0.2486304035367229,0.9067661670722682,0.731724775324059
12.44,0.1339686242551183,0.4104791355877083,-0.011347962075933027
12.45,-0.09951962089468573,-0.4191823889781034,-0.3612717157114975
12.46,-0.14638461754395146,-0.833935892658552,-0.39170555725990774
12.47,-0.006705336766455877,-0.3879325544318578,-0.013290035741986783
12.48,0.21141324727746857,0.45248420431932146,0.2449442242011782
12.49,0.25055796110014616,1.5146469997077727,-0.026802217386286742
12.5,0.014806781067515568,1.116843083929346,-0.2919424826163235
12.51,-0.30420978028380585,-0.30586319930590167,-0.48699166666287785
12.52,-0.49488596127705686,-0.8209360046638163,-0.1881023404794518
12.53,-0.2546208442562063,-0.5520994081285455,0.35223090143189606
12.54,0.13888382363610707,-0.0774207095995581,1.0722203754903035
12.55,0.2535407516659237,0.6020274832730506,1.3599713869856043
12.56,0.07881413817596317,0.8542975097816511,0.7096741239374653
12.57,-0.2483694823113552,0.8345262497637161,-0.647052067703076
12.58,-0.5062142903427925,0.29711373082518466,-1.7256960419170126
12.59,-0.6192272021558186,-0.7334485970717288,-1.5996258289636007
12.6,-0.5387082529362865,-0.7785419830306215,-0.5236556726362949
12.61,-0.1574700262964936,-0.19282093185265037,0.635917825256757
12.62,0.20374822700775713,0.8958997260837042,1.1258856211093402
12.63,0.20072804790337367,1.0378553016162644,0.899513149371425
12.64,-0.21654851905250275,-0.00309693187040172,0.39856218263940774
12.65,-0.7354207351265772,-0.8864485540650474,0.1170217249633006
12.66,-0.7839330211968845,-1.0892811687420112,-0.08543517431748689
12.67,-0.3910297158596627,-0.1887410431279808,-0.3657573967178586
12.68,-0.006759971570096335,1.0914442223952,-0.573713322448846
12.69,0.0507320620119206,1.1693310733341034,-0.6119771481823391
12.7,-0.1840450320904167,0.012498856403496683,-0.5283708928252896
12.71,-0.4950825352036447,-0.4740715321056043,-0.3535491919153906
12.72,-0.4951608450574272,-0.5868525097312527,0.13180577898543977
12.73,-0.30986123127589904,-0.6696737517392735,0.4749560994343453
12.74,-0.2648128182570171,0.28188242433832844,0.8783323460725208
12.75,-0.13525442856033715,0.4142895058509381,0.7939455852966577
12.76,-0.19027930456273096,0.3759271574789438,0.013729944076024347
12.77,-0.41772125193050474,0.10033511337165352,-0.49155705240772885
12.78,-0.4774539230365232,-0.49050470242099875,-0.7863067250881755
12.79,-0.3986437145152716,-0.6861164128144661,-0.18332553467268442
12.8,-0.11855910244253143,-0.10042838139933652,-0.048759977396478346
12.81,0.14028392955665636,1.076489593376625,-0.09239768265427231
12.82,0.11570168225160152,0.20675157493716578,-0.045075879052266676
12.83,-0.3426559647301382,-0.5161873106633459,0.4000050169229746
12.84,-0.5207450689200835,-1.076756606149413,0.6858067690893128
12.85,-0.2425911111941929,-0.7931566262320906,0.4445403658323026
12.86,0.08559811618664548,0.8312979032293548,-0.10559467757291952
12.87,0.27293293661237045,0.8204665353397136,-0.6804430734653596
12.88,0.024549363582852313,0.12241108214842422,-0.788644995459256
12.89,-0.28614045094978185,-0.7335589493265727,-0.33992635302206986
12.9,-0.2316739085400466,-1.2454832196587176,0.23842301236302266
12.91,0.05375574598286467,-0.12639859318620728,0.3433110758709756
12.92,0.3574611217706173,1.1054950286685743,0.48376515147486443
12.93,0.38527194460486613,0.309055343300904,0.24516546993751953
12.94,-0.011280947918028084,-0.38466392084833795,0.08358911288409684
12.95,-0.18530101575143337,-1.0683372692327464,0.03449790616093557
12.96,-0.013951512008400085,-0.8821182676360322,0.0640848388703199
12.97,0.2739763704017667,0.009194439580760494,0.42215081613235134
12.98,0.5767174834555584,0.5938014541026597,0.13930427739454837
12.99,0.5481571776644928,0.7332314387436074,-0.5531426968390694
13.0,0.255274786086913,0.5522001931443523,-1.1178625168564753
13.01,0.07349013422775535,-0.8291675305501545,-1.1201273906129179
13.02,-0.058008391055261586,-1.1007935339303772,-0.14147416642112595
13.03,0.1563610788244098,-0.4380777411654113,0.8246632974305556
13.04,0.6112681305596867,0.4604179542426311,1.099408791821405
13.05,0.7381639428778621,1.1233324744697726,0.7733123192563494
13.06,0.48524923183792507,0.27730968048364774,0.2063891709349129
13.07,0.04829962382106992,-0.8506935983588905,0.07434765439828905
13.08,-0.12712681871525644,-1.0949424069368516,0.1749647967857428
13.09,0.16181443995268324,-0.2610248507239151,-0.031111841686715873
13.1,0.6004364811067574,0.952359274027111,-0.41966286478275366
13.11,0.749351960025349,1.1406469160192627,-0.8737135823594326
13.12,0.44066258118964474,0.2255093237492211,-0.772355423735726
13.13,0.07422574591699523,-0.8412149739338065,-0.3446931065423277
13.14,-0.015190806237015516,-0.8610422483922263,0.22979726139489928
13.15,0.24765814891548169,0.05288740320672492,0.6910467161978994
13.16,0.5384488725707677,0.4348766960808824,0.6052744933723225
13.17,0.3940797784260904,0.931217505111718,0.44772402376272946
13.18,0.1817042991683474,0.4174893247061788,-0.24520169168616185
13.19,-0.007444163623114191,-0.4905267570313578,-0.46592945925601903
13.2,-0.047069864548663014,-0.45782090037233564,-0.5117950558134836
13.21,0.20595983899987444,-0.15932086427492578,-0.1913670924674671
13.22,0.4741516301486467,0.24446992536214182,0.2696665411525001
13.23,0.5245315915472886,0.6840831153960981,0.15097204720210333
13.24,0.3286819104573558,0.661429048302224,-0.02964115482661284
13.25,0.008998648623600364,0.04575695958031861,-0.020734565412572667
13.26,-0.17029142595061839,-0.6202402353801404,0.20690566929087983
13.27,-0.029551707764028497,-0.7027620229108488,0.5799377553876125
13.28,0.3114070005602588,0.05366037505549513,0.4110626245132106
13.29,0.48971997395959077,1.192741693039833,-0.20717056452822313
13.3,0.39687128546162737,1.1869332128481291,-0.8650486728435094
13.31,0.03906972022297163,-0.2682016717987058,-0.9722801765638834
13.32,-0.300253939395893,-0.9817075671367529,-0.37404563737392094
13.33,-0.09957674905905017,-0.8095360894078997,0.257938344865341
13.34,0.3995316472351823,0.8024963460754159,0.6871139506467728
13.35,0.6896152635072506,0.6185282035159698,1.0269902178294588
13.36,0.3946875298619463,0.055089411448411035,0.9406573564221574
13.37,-0.08655411285593412,-0.25251672636557504,0.452174365870859
13.38,-0.12489582561672125,-0.7083871895191709,-0.3437310744923483
13.39,0.014589171785063833,-0.1791852092534898,-0.6612396798799948
13.4,0.1665261918115306,0.6586864215170221,-0.5309301530935846
13.41,0.29918861036843325,0.7878913238029115,-0.4638493355580321
13.42,0.1925847150327228,0.8190205905211135,-0.46048719928548787
13.43,0.05966853082391259,0.6258578751220756,-0.3962771379115247
13.44,0.033340874544075055,-0.5829661420817318,-0.1908576378531834
13.45,-0.10193758472847077,-0.7534469978771734,0.49064365781707775
13.46,-0.07548294999280514,-0.5137524918218508,1.1220009202705197
13.47,0.11599162274457436,0.24169798210941854,1.198500246125215
13.48,0.2119119478267266,0.9785395332503386,0.5815958649250352
13.49,0.04016679203172826,0.9662419187689355,-0.13152644152707835
13.5,-0.22122298976479454,0.07124445812155206,-0.5677475742780096
13.51,-0.3506151684008019,-0.6208419174563303,-0.5398355726126002
13.52,-0.17869021815409344,-0.22973743751823883,-0.4693385069777055
13.53,0.17485065088073687,0.9016285514112929,-0.40064966713341843
13.54,0.34572539721271134,0.6485874041641277,-0.19662613137867496
13.55,0.05986649405483456,-0.04769573903593674,0.12853125107252195
13.56,-0.2565901548307748,-0.5129316886654034,0.42473102831038323
13.57,-0.16803103525297025,-0.7351905010674092,0.45259191832316514
13.58,0.05624157869756288,-0.07454099174711681,0.4506543902575495
13.59,0.20068626126690403,0.539106993882005,0.6664934040905277
13.6,0.25833951120700993,0.43255913689152226,0.4497380345338827
13.61,0.11452389202156521,0.6501746935891839,-0.3420243421726927
13.62,0.01695267386512133,0.7781390625434714,-1.1717300198410017
13.63,0.0386617836704804,-0.5585531518510469,-1.2799880044612695
13.64,-0.04235277682504887,-0.9994581297271782,-0.4756605624632489
13.65,0.11079667293780456,-0.36145469396626817,0.37283363656838
13.66,0.5054547753922098,0.5651593109780254,0.7812163815593672
13.67,0.5699578686232446,1.1968882936289744,0.8563643613444213
13.68,0.21154378434185178,0.30649071657645777,0.5681294479841539
13.69,-0.18951376709535786,-0.6690206537357035,0.26846970612950977
13.7,-0.19340961272851767,-0.908784453883868,-0.12734329043088297
13.71,0.11281861510308558,-0.029532176939540633,-0.3672351471683228
13.72,0.477152561403754,1.0564045050820021,-0.5978990955386616
13.73,0.4943947362934269,1.2618260017463376,-0.7418346034296572
13.74,0.06990295690602608,0.28213214564340466,-0.4520220205443952
13.75,-0.2962292835421877,-0.5850603877795854,0.06751737766591079
13.76,-0.1948687360535239,-0.3406486851616992,0.3693076908684487
13.77,0.13551699669796793,0.36975725100726275,0.6536085836484681
13.78,0.24950069909460715,0.15212114510548755,0.76001651397604
13.79,0.054413171475411054,0.2544401992940008,0.6875340426084275
13.8,-0.11480084490326106,-0.0793386490552164,0.4095567290335652
13.81,-0.21688965477841704,-0.2141639821462889,0.1073821203714104
13.82,-0.21601532106719376,0.07667105217851414,-0.17438578383726447
13.83,-0.12390963574943054,0.8960959829854929,-0.7326274013585723
13.84,-0.06474935847641275,1.2690330647341859,-1.1456363141326318
13.85,-0.12366858177050377,0.005268078784577468,-1.0426922482193135
13.86,-0.3797789578680292,-0.7754786081424542,-0.29879345399789
13.87,-0.44682901774333317,-0.5783649450819851,0.6602007403134198
13.88,-0.1664832022954994,-0.11886719487622616,1.1182316493426685
13.89,-0.02035122258177452,0.5848927208348582,1.1440508207102638
13.9,-0.1393841634615348,0.7257777380660213,0.6449405422075418
13.91,-0.3533435146996315,0.0092080091351468,0.01435799820703293
13.92,-0.5241028037995683,-0.5272182756149534,-0.4016017793182538
13.93,-0.4303545506245198,-0.4393736804848535,-0.6521102671228803
13.94,-0.1308839171557168,0.08559750775680747,-0.687600435515009
13.95,-0.019917657771545225,0.732945433983835,-0.4905894164521708
13.96,-0.14938432387889478,0.6515509101863892,-0.23597222292715284
13.97,-0.32630158170404405,0.11156791082438527,-0.0243997745129841
13.98,-0.4433988533847605,-0.5168264095509106,0.24081060191659592
13.99,-0.4532206496240308,-0.72124584091399,0.5992754812108636
14.0,-0.29185756981772526,-0.24934457320412295,0.8640322500691272
14.01,-0.08313326426833761,0.31825715829704276,0.780947400627039
14.02,-0.07522974192605222,0.6468482792383337,0.3210683031652333
14.03,-0.22675233666865108,0.43169710786137716,-0.5401583299928883
14.04,-0.43412282567203053,-0.07575280953846578,-1.0911532446959822
14.05,-0.5101359332597681,-0.45843281716414586,-0.9459850640405152
14.06,-0.31546198142520376,-0.40489096668587254,-0.4410815175189659
14.07,-0.02316786346669722,0.3180492759871141,0.062157520226384405
14.08,0.10243655372367991,0.5435042360454088,0.3316338374102967
14.09,-0.09814303962368152,-0.023007211975118458,0.49079731870400045
14.1,-0.4020357844430003,-0.5033768569125525,0.648483488155758
14.11,-0.44231511961078146,-0.6727909168293845,0.5550167100604964
14.12,-0.2653626142353677,-0.2064871034086334,0.28449343983703906
14.13,-0.0317810333919441,0.3834839482370317,-0.1653858158358554
14.14,0.06625572669200604,0.504983067657219,-0.6555214966129522
14.15,-0.0774817001873342,0.18668188351793547,-0.9150714238282145
14.16,-0.27815210841029103,-0.3929511203490824,-0.7722502444251321
14.17,-0.3367003882573371,-0.5119442230049014,-0.283790626680266
14.18,-0.18752053457424428,0.510765230348627,0.156784160433366
14.19,-0.0014437951135231747,0.7039789961234912,0.45963010885441474
14.2,-0.07480727700789754,-0.21025402211664015,0.5456192251114061
14.21,-0.26669893750233314,-0.746260012276424,0.4548745427929708
14.22,-0.2516654727098196,-0.8371629118509921,0.40025460775833693
14.23,-0.11820810580077694,-0.2777039747022557,0.4106054790036597
14.24,-0.05003973722263574,0.49948987397659106,0.40095089596031047
14.25,-0.10002008528409441,0.7979166030000812,-0.010457193737174464
14.26,-0.2578283789452045,0.5888780313408888,-0.8526891991182552
14.27,-0.3403022821348196,-0.007344933462653969,-1.444170753452518
14.28,-0.21007250444426626,-0.5862511746946055,-1.2529696393729521
14.29,-0.050327119906604684,-0.8010007899233013,-0.3224860385964803
14.3,0.024583712676235762,-0.3674222355014296,0.68858084617755
14.31,0.0743236042718883,0.3211525360909851,1.1131396096605113
14.32,0.005432683898676002,0.362131679043259,0.8849761213943369
14.33,-0.25176958923524395,-0.04074998638062449,0.5096693291521441
14.34,-0.42125721719906617,-0.550049508286949,0.37445847527135945
14.35,-0.25479012132013423,-0.731350849748513,0.2451337002364744
14.36,0.11997359934788232,-0.11358027170232321,-0.16704787156238812
14.37,0.4350897423893929,0.5317116000496009,-0.6601748808876693
14.38,0.4561441877189183,0.44433155001801894,-0.9053113970919916
14.39,0.21099181218002303,-0.2917665739962799,-0.5358671307428287
14.4,0.010505185392275324,-0.8933445486495538,0.05226150464989099
14.41,0.015071262641570084,0.2430448210425522,0.38406071548112075
14.42,0.2758021883366633,0.6167101989062354,0.4353930079515358
14.43,0.35790353911118133,0.23907474078958202,0.3944383169119568
14.44,0.22123645790297458,-0.03297360473632116,0.4459531126500047
14.45,0.3152593663957074,-0.6076779220781281,0.18494117029899065
14.46,0.5197226564429456,-0.5640672351761694,-0.24840680185382025
14.47,0.6702014229520605,-0.15712568079702033,-0.4247628385249795
14.48,0.6579032859505094,0.04875216039257719,-0.2836909080374478
14.49,0.44270591063376213,0.17737195868298922,-0.078869876654097
14.5,0.28352955078733405,0.24205430095123465,-0.2064834553556879
14.51,0.2660936211669903,0.1778913530464344,-0.3425357392468672
14.52,0.22516509461952752,-0.2905307443294202,0.06852135788436126
14.53,0.18167360478559985,-0.36223652617518665,0.5962950363864122
14.54,0.3457525657348835,-0.3242552372321102,0.7972633034169042
14.55,0.4961272914338494,0.06319700752046059,0.47487663984710154
14.56,0.43062398923657624,0.4305902221067548,-0.09324947647965387
14.57,0.21599597382733854,0.128204551998099,-0.5003308687835035
14.58,-0.048761959551881756,-0.09709818923676436,-0.7923169079577832
14.59,-0.11501502513923488,-0.0967937520792233,-0.7122556589062099
14.6,0.0859365944207943,-0.08565687414349718,-0.4548615988917226
14.61,0.2093458508224088,0.41734425764152394,-0.024089551751951988
14.62,0.22208972928268036,0.4300423037450307,0.2522655567977048
14.63,0.06670093472619987,-0.22454027815197986,0.40480009431107616
14.64,-0.19052049672853252,-0.7182056315906183,0.5456974637715386
14.65,-0.2442515926230591,-0.6421146382443936,0.6537692240313764
14.66,-0.08433030393856991,-0.19300760365464642,0.7369323840356937
14.67,0.048485588118777054,0.5472231319436939,0.3949214126115719
14.68,0.04995470599727689,0.8897386173334926,-0.5377423942093886
14.69,-0.07609548841325575,0.7350731565897931,-1.485838487152216
14.7,-0.23287733856864323,-0.4493561921163247,-1.6938043964177854
14.71,-0.34787382883497986,-1.0938100892974643,-0.800108910666799
14.72,-0.2364521837332686,-0.8107270074288764,0.5368765437720047
14.73,0.02597016881649844,-0.10939617569546822,1.449544723365821
14.74,0.11518131344809412,1.0497663570768465,1.359134682270552
14.75,-0.0697142212569018,0.758431328631841,0.6369200730103831
14.76,-0.4798356852059463,-0.26891253312566166,0.11312458331305275
14.77,-0.6785689559306837,-1.0273869088444074,-0.11992097029496254
14.78,-0.3561729925644104,-0.9841790552007696,-0.41690312436322874
14.79,0.1906004199934977,0.7134776521005155,-0.9261038000410183
14.8,0.49131548025515925,1.1912861735488316,-1.0601756696797449
14.81,0.22119311480629977,-0.02326822216873836,-0.48600213727423647
14.82,-0.297758217101502,-1.0644105366684977,0.19845291974064283
14.83,-0.40474636585651963,-0.7786566118174778,0.5324075574363042
14.84,-0.03615712851791003,-0.29544645773944406,0.71668670219389
14.85,0.279254914244042,-0.029126685959829673,0.8702206603666107
14.86,0.3436218131085901,0.1006601255183675,0.8590052690274611
14.87,0.34362500790076034,-0.26145682883765275,0.31485821278312
14.88,0.2757755936088294,-0.39149990379232685,-0.5550737580667242
14.89,0.25696148905589894,-0.3892011204411915,-1.076906676429481
14.9,0.29869884708661626,-0.2922252136276464,-0.9650121061230881
14.91,0.3484854672231097,0.2278708102204473,-0.5900932354964752
14.92,0.45154740273320504,0.8683198541592607,-0.2827137113034251
14.93,0.505677495997834,0.10589483629059504,-0.09410091664981488
14.94,0.2987969633271,-0.4074642756159357,0.3226738908592143
14.95,0.18238307030902456,-0.5832969244128938,0.9213925882727165
14.96,0.395953859868183,-0.5006353840908768,1.1477230288154818
14.97,0.6922434035516448,0.024269482207315285,0.8917615925238898
14.98,0.8154830805314721,0.5387607779264602,0.1414605670082173
14.99,0.6407865008814008,0.5411015809500418,-0.7604243506056466
15.0,0.26170477626907906,0.12156472222607212,-1.1130423320879932
15.01,0.11719347636710642,-0.5267202552258149,-0.9096184751114703
15.02,0.30359892117215437,-0.5456840339095751,-0.35028348996482506
15.03,0.7030492425622444,0.6574648767858537,0.014183049652225277
15.04,0.9816620427306263,0.5552249490442923,0.22183954467881134
15.05,0.7878742175271127,-0.12359702374289017,0.3460296398924565
15.06,0.3890733012961036,-0.45200910827672697,0.2536382094452863
15.07,0.18512079088833125,-0.6549708977641951,0.32917992412315517
15.08,0.20923677979760152,-0.17780545100971606,0.46084120409139906
15.09,0.3233515544755499,0.7118285564371588,0.5704307924093115
15.1,0.5116727546307119,1.0861499303838156,-0.03879709009361232
15.11,0.5533202945525265,0.9686448003456882,-1.004431713400551
15.12,0.3755166770402292,-0.16391082175908855,-1.1809008086870696
15.13,0.20440461609450053,-0.9750066251871418,-0.703584781534386
15.14,0.20021844695623828,-0.2411452999373801,0.38836500843775634
15.15,0.4733791668558663,0.5665140069366605,0.9826546344315922
15.16,0.5060547248130067,0.7639177649039326,0.9758672182038185
15.17,0.21124109434995747,0.7676381876989635,0.3241652722122593
15.18,0.02843894973782246,-0.40598206672480064,-0.20097066458243829
15.19,-0.07655601146356963,-0.9793516689974423,0.06449604697532398
15.2,0.04527737890598941,-0.5194662947233983,0.5212534453612617
15.21,0.4171201646458456,0.28778969787926567,0.5477400609617752
15.22,0.6645755537602089,1.5618021077453978,-0.2652593851556691
15.23,0.5642118449663651,1.3611397885195005,-1.1732818330423271
15.24,0.09954649466142296,-0.7606106996095697,-1.2573366842299067
15.25,-0.31929698064990103,-1.5465796317623952,-0.5073200795493917
15.26,-0.10912159930207943,-1.2969182393339234,0.7007771889327902
15.27,0.44824681240140496,0.15542654191770622,1.4156675143284319
15.28,0.7898199849878118,2.0493861065052954,1.1869580021119945
15.29,0.6549030749644791,1.5278008584263592,0.3696324836842464
15.3,-0.016847669325629002,-0.027412034442908666,-0.3899276163775581
15.31,-0.5448047258849924,-1.0572639451856858,-0.7195930806926698
15.32,-0.28593472788518576,-1.3924371588849933,-0.37198263813609234
15.33,0.3833196801217849,-0.09992697127527583,0.11115321131890127
15.34,0.910579836350722,1.671870206045162,0.15711931098295098
15.35,0.8891916199435485,1.4645095905309065,-0.010390976737108901
15.36,0.2902857720784506,0.2792782893847685,-0.32356268158112234
15.37,-0.28778477717603906,-1.040105238074475,0.03314935069491592
15.38,-0.3410163493583161,-0.9763684735051574,0.3979757264875954
15.39,0.13991371077812154,0.20126569631091365,0.6968692478231713
15.4,0.6545741088735259,1.060896086469567,0.8557091788705229
15.41,0.7656738829194268,1.2514175703607615,0.27048476024724577
15.42,0.4946760129231047,0.1924102088150183,-0.20078826413286666
15.43,0.1723991013464935,-0.7205857529433755,-0.966032996358529
15.44,-0.0024134077355936964,-0.8020927436618677,-0.7458538111828087
15.45,0.19390819668738232,-0.3022343471622537,-0.14275926599313227
15.46,0.494102289857499,0.7466869467107443,0.3664744797409579
15.47,0.5865077264266821,1.8750049355602656,0.3812875565465111
15.48,0.3707614858546906,0.41736532718118696,0.07140944500865427
15.49,-0.10893577478175608,-0.776196292504439,0.13612061252871122
15.5,-0.2444301602230326,-1.2180350731809797,0.6565004887544633
15.51,0.17254454727128432,-0.8416866929894212,1.0044920033724851
15.52,0.6568552923178479,0.80346573273716,0.5669289865933997
15.53,0.8088833567138366,2.56910569951071,-0.6371840883131055
15.54,0.3813546800350446,1.1079914222031655,-1.5853805949570325
15.55,-0.44288863653827504,-0.422516481272711,-1.580016021629615
15.56,-0.6451265872581279,-1.4574329654122251,-0.579482586739784
15.57,-0.007908068995814949,-0.9341052073209946,0.5828268704697068
15.58,0.6891621214640443,1.3861607258485484,1.3590903566331354
15.59,0.9163921577027471,1.959298438506043,1.1992521358638317
15.6,0.4250806316862251,0.6276482636523432,0.715384774274478
15.61,-0.3583876133178148,-0.9198716333860874,0.43170274352394034
15.62,-0.6413221674058733,-1.5227470905392884,0.22372379566967293
15.63,-0.2135376426971741,-0.17320191297331788,-0.2871127978791086
15.64,0.4721167978869441,2.3223521782127126,-0.7792279009091424
15.65,0.7580239835736038,1.4246247800602778,-0.7772415778183036
15.66,0.3182829226210603,-0.2200862034332532,-0.47664624297551417
15.67,-0.20692384332187322,-1.132308439890976,-0.014669112599114777
15.68,-0.1866626897476594,-0.613810617074509,0.24129733505633127
15.69,0.10431866369279497,0.19962101842746266,0.5236522629266617
15.7,0.11629102294877713,0.8794690610136239,0.6588415175334251
15.71,-0.04683207276393496,1.128531967805154,0.5265465371538858
15.72,-0.12162805264690735,0.027290395651073662,0.1544227241994831
15.73,-0.20264808364072961,-0.66098107645495,0.009741417318086712
15.74,-0.14157130203375884,-0.5387293320379909,0.21576889636345845
15.75,0.11542084110824943,0.19318753571931596,0.1524105676236395
15.76,0.2498989177683649,1.0544554267513997,-0.1582314269967622
15.77,0.10267735788326841,0.8545923205408228,-0.4805370226296527
15.78,-0.22780343875627268,-0.005182370637433181,-0.4107626412325921
15.79,-0.44757241595152003,-0.5264623875749542,0.1578950880599897
15.8,-0.23490898176180772,-0.17639299065429753,0.32802622277800986
15.81,0.1917115880166287,0.7766560421959335,0.19935595295099767
15.82,0.37301720160166574,0.4726049301958172,-0.0033559669905291398
15.83,0.0974592990975191,-0.1385563966445993,0.06384202047877559
15.84,-0.22357532795493926,-0.6608646476505591,0.3609057483666962
15.85,-0.23064118222829857,-0.42889669854880763,0.23253863414553433
15.86,-0.08687704351437307,0.7587625050936195,0.01815968236024798
15.87,0.029219039557782687,0.9900651024958517,-0.3072460216977783
15.88,-0.11641117902572122,0.3699748809755933,-0.4216731060221377
15.89,-0.2923402864386382,-0.2574097163395039,-0.3093634758133694
15.9,-0.2009758796234914,-0.7594344873769839,-0.06808647371832874
15.91,-0.058083939984910245,-0.4376943594156279,0.4592051986510761
15.92,0.0155066079004277,0.19741980764013856,1.0096167074359168
15.93,-0.022592189775615695,0.550801777265302,1.0502277927640344
15.94,-0.21920964353821426,0.8047746225956156,0.19958146555463324
15.95,-0.41274168794656174,0.5332145365886987,-0.9098507420489788
15.96,-0.46754461143404547,-0.16201432493913975,-1.4900162158190502
15.97,-0.3490770130392844,-0.40411342960400276,-1.1148073935950016
15.98,-0.07435129644913638,-0.044970555221916036,-0.22021289534505573
15.99,0.13128620750410722,0.2445380309786796,0.6813514117330194
16.0,0.08921393274759802,0.42406496933421656,0.9210850226764111
16.01,-0.11988544167053508,0.4477082671801972,0.5095962907069601
16.02,-0.34831328770783165,-0.004146709031558615,0.17644662443304304
16.03,-0.48559236631453456,-0.2607356134480806,0.09225188750957072
16.04,-0.35908231519104516,-0.22201591817945562,0.17800859611109376
16.05,0.0015199967962316874,0.26476050895244474,-0.2407045715937105
16.06,0.27214041566384894,0.8825579897104303,-0.7952011092673121
16.07,0.26852965937611256,0.32257397430957235,-0.7468769585509026
16.08,-0.01595779216099713,-0.7466216494521012,-0.12153477777631017
16.09,-0.26105623852352444,-0.8103342699525218,0.5668601655884592
16.1,-0.13505015791870767,0.35616424047035866,0.6503708447562644
16.11,0.13848612602098914,1.0439559497632576,0.3445775357263192
16.12,0.09637810866866695,0.3474315083543703,-0.0022998201511170158
16.13,-0.1707356935141473,-0.13682789345607282,-0.17228498385716756
16.14,-0.141410904337656,-0.7626020031542758,-0.11854493149372686
16.15,0.09546897005809564,-0.5944866031778699,0.09541697677242514
16.16,0.3386884460964538,0.1933025912913815,0.3236405685007504
16.17,0.4686462612793957,0.9152441678720442,0.1286683772738616
16.18,0.2929579383003876,0.8437484062695907,-0.37485343547955186
16.19,-0.07045868194686233,-0.2647810390615187,-0.6608460010156696
16.2,-0.29785551702403223,-0.9405899416561271,-0.3380415312267628
16.21,-0.13962348317778625,-0.7525838732772228,0.3851933068222233
16.22,0.24789286687235523,0.23348174875906208,0.7521482031080798
16.23,0.5137113541463764,1.0453713020502888,0.5684020532524436
16.24,0.39418868003740576,0.8775486597576883,0.026409961990332242
16.25,-0.04807211730714864,0.011153457993409832,-0.41921842894553984
16.26,-0.3758370442217701,-0.6171065440315022,-0.5786416238250109
16.27,-0.2743757914916839,-0.29521466404998403,-0.4243242808336688
16.28,0.11655568017842134,0.03858022563108374,0.16544526908011015
16.29,0.3633603380955976,0.24101015754581817,0.6402916217747399
16.3,0.3569981073864497,0.41164265480593865,0.6346073177929146
16.31,0.25987756051828903,0.5018227231430847,0.10326610585495422
16.32,0.030603719234367888,0.21158039993224792,-0.3980087167578302
16.33,-0.25487720042847595,-0.48273628281926295,-0.22712769454871395
16.34,-0.27337654813263523,-0.6894253537352578,0.34254539535939643
16.35,0.07503705591237497,-0.3169328261424007,0.7607611198474595
16.36,0.49317429289745174,0.4560894659694915,0.5479434768271496
16.37,0.6365707108448925,0.9113312525573894,-0.30867908714967984
16.38,0.37913572913384147,0.4769679761003697,-1.028679832223637
16.39,-0.0718613459320642,-0.28970205422627354,-1.1429153963540237
16.4,-0.2953650566943077,-0.5647072094560867,-0.7020960618480493
16.41,-0.0753951005068959,-0.12370969800738263,0.03617340105413763
16.42,0.35123047178142075,0.4394208777937386,0.504407125638965
16.43,0.5269283533482252,0.5371105018204556,0.6397406290969931
16.44,0.34934672247942244,0.061907974271491695,0.7081247875444394
16.45,0.08405837382631201,-0.6972727960046271,0.8426081669522718
16.46,-0.025068438116934908,-0.7660816639855366,0.68009629790809
16.47,0.12297486200208504,0.36539456173333174,-0.04922639478770019
16.48,0.36154325370452367,1.0991522249642025,-0.8301193595612519
16.49,0.3373338104984105,0.6961393164930211,-1.2863458289864695
16.5,0.07685511085385116,0.1788384550103633,-1.2796846946255902
16.51,0.009671950177565274,-0.3334614049870511,-0.7247913186781128
16.52,0.13002542537039807,-0.8771748687598417,0.4119140447536386
16.53,0.24082816050507325,-0.549990378352919,1.4762252559053821
16.54,0.3662319431857697,0.29738928012267996,1.7113503335702402
16.55,0.35517794969730054,1.0701577872812686,1.016623386688878
16.56,0.07185180330749785,0.8828377829101344,-0.18549793287894334
16.57,-0.3024437455575153,-0.07330707422866956,-0.9915426387341296
16.58,-0.38883876192386047,-0.7453162296707442,-1.0936380445483516
16.59,-0.037780231334476166,-0.6283477505872581,-0.6719784694797832
16.6,0.524457040037466,0.2715843832912964,-0.20865943740688137
16.61,0.7939765189801593,0.9325829093280944,0.11169362774035355
16.62,0.5029859398128456,0.38571772611634214,0.47218345942067497
16.63,-0.10037981663283879,-0.5070990647661502,0.8129768706444442
16.64,-0.4480051198635224,-0.8301949885380946,0.8485749082710163
16.65,-0.30000373172907546,-0.1928724891103526,0.39255414040016434
16.66,0.07634150775138993,0.794332953814616,-0.06972641081579775
16.67,0.34608140484087735,0.9454668734321346,-0.2246737177542739
16.68,0.334978366318604,0.2286116313049662,-0.23408070929606825
16.69,0.17118758177057164,-0.5927266165954568,-0.2548465584192326
16.7,0.07516663002649276,-0.4507804642606715,-0.29895669541312114
16.71,0.1368725979271275,0.22442646982345577,-0.29049014109695226
16.72,0.13448385834413965,0.5743686531670771,-0.023747716421108567
16.73,-0.0027639938062863217,0.6169442288351124,0.23097187187695045
16.74,-0.059957011551536064,-0.02034774634473313,0.18257855727996802
16.75,-0.00340513700192515,-0.43184742702114687,0.08042524821753536
16.76,0.18328945196287266,-0.48542106713608535,0.3135769070440973
16.77,0.35056342760140724,-0.1621166830337063,0.6664459365933799
16.78,0.3530987488308981,0.3691729945790956,0.6540161408305094
16.79,0.2080865921180416,0.6043960803603323,0.037794983150785
16.8,-0.06886030086001543,0.4587522201015499,-0.5128365012939331
16.81,-0.25240509409366674,0.1597011286775991,-0.8364117071830629
16.82,-0.1857158380384692,0.16353651623571547,-0.7505067776932204
16.83,0.12069112519515482,0.32992479398319724,-0.39152548496614525
16.84,0.3939688953236188,0.2698961572498477,-0.11734408367683635
16.85,0.4012874276977696,-0.03393235440133918,0.2612610125105227
16.86,0.1984964296157738,-0.46804170324567834,0.6560400557108769
16.87,-0.08667342767106168,-0.4092409121654348,1.1282949413365342
16.88,-0.17463823649906093,-0.008543796905324197,1.1372197790537946
16.89,-0.10210702360919986,0.8554245396130302,0.29103694513842737
16.9,-0.04895527774037788,1.4435496591099375,-0.6387974436191783
16.91,-0.07400249210889479,0.5615492026200424,-1.259783243226337
16.92,-0.18819846860223405,-0.40719896565206953,-1.0768185741574277
16.93,-0.10196305711554603,-0.8264801487258484,-0.3462152767697926
16.94,0.20230274627972222,0.6259236204980521,0.20664169664879428
16.95,0.3824674040861077,0.8938010781133691,0.5403350020027637
16.96,-0.01392814349340421,0.7366523512981851,0.5769975379768704
16.97,-0.4954424202378551,-0.26488854344921264,0.6917353394372361
16.98,-0.5803455937312794,-1.2028841229108806,0.9729292982813669
16.99,-0.35494685446764174,-0.6571743919982166,1.2523296855402917
17.0,0.13853743753956482,0.3906806314824719,1.0098063686100354
17.01,0.4528086988169224,1.2033336660475675,-0.014571562286163298
17.02,0.24558496270404861,1.1918488123179827,-1.2128162318855331
17.03,-0.19694735412726486,0.009796400202742861,-1.7889726377150095
17.04,-0.5144598382821947,-1.013372202276634,-1.265167422839191
17.05,-0.4599189189007662,-0.7849904021885625,-0.09706167123589027
17.06,0.004910906095757228,1.909017991275527,0.31681094104670415
17.07,0.5418371585426629,1.72738918249422,0.09965011397495055
17.08,0.23265323767553425,0.5226902818733405,-0.39863683440460107
17.09,-0.4713183540691809,-0.7770427143553391,-0.3949389815634833
17.1,-0.6402654930346803,-2.0852505819816414,0.2268103085498292
17.11,-0.3339342461809223,-1.3435191128305406,1.0071561015607522
17.12,0.16481600701412058,0.6444516893280363,1.5670931304212343
17.13,0.5698297859430073,1.6765307182593152,1.127714157771291
17.14,0.3285434314056522,1.6323821860359573,-0.16483653037427937
17.15,-0.31375529349414893,0.36598222644673584,-1.361605648413267
17.16,-0.7012236290474955,-1.1986162923552157,-1.711281983210521
17.17,-0.6545625151425483,-1.3116509222509343,-0.8678537924947819
17.18,-0.14927690982127095,-0.12325184756955188,0.23698617050903725
17.19,0.4325236619741879,1.8168146646156962,0.6967350389295308
17.2,0.49635171701376035,1.7241501184855537,0.5037738609731461
17.21,-0.11591375738316562,0.44448232480594463,-0.28482061617288756
17.22,-0.7544435222021051,-1.202417611627791,-0.42988803930320474
17.23,-0.7797172063585034,-1.6340113750362328,-0.5089017538552655
17.24,-0.36032065040519484,-0.09668626284156967,0.09530685200685207
17.25,0.18010256813236164,1.0508099822044155,0.4325791665098744
17.26,0.2402759346517568,1.427271017651096,0.446413372221496
17.27,-0.09263426760978924,0.4744622834789417,0.11338928546036625
17.28,-0.4944305167401533,-0.9283751178672841,-0.13827294941340335
17.29,-0.700405374290669,-1.3484350028992467,0.44271192783212754
17.3,-0.4613601196241248,-0.6257739069063536,1.1043983255573346
17.31,0.056397308761046594,0.5826533617176148,1.0064677173017729
17.32,0.3365976515007929,1.4854946686911195,0.0339423197327231
17.33,0.1018696267574932,0.9774915716340183,-1.0580356859036342
17.34,-0.4105062996797082,-0.4104641099609828,-1.5327206542909075
17.35,-0.6980445739571676,-1.3211974203884815,-1.0024336626314723
17.36,-0.4456653801656,-0.9918203263716355,-0.12492824241694682
17.37,0.11932905486549436,0.5579933123633919,0.8208747053335695
17.38,0.4257717373677271,0.7562350813684128,1.012747061775551
17.39,0.11153490564632709,0.5550504167917469,0.761960459945116
17.4,-0.33131938998489596,-0.47819948440995264,0.18583109561171993
17.41,-0.5704652122385329,-1.025568097705657,-0.3389369411381009
17.42,-0.45736730385290364,-0.7133447511483066,-0.33417209614606314
17.43,-0.0735056463280763,-0.02986327597788389,-0.004676672119737929
17.44,0.27370755623102794,0.6434425640993023,-0.020540617919587396
17.45,0.3018655749339891,0.6922740329096584,-0.23782928383873408
17.46,-0.0029748646568323513,0.038965533321739514,-0.31323884723290335
17.47,-0.3032717187932225,-0.6319673372902516,-0.2827588787976586
17.48,-0.32155272494747983,-0.41150018160195173,-0.09507878564784597
17.49,0.03226499894912731,0.1109503447157546,-0.02554718251919346
17.5,0.23250871729100245,0.13545531257157412,0.061117250678723145
17.51,0.0674682413130209,0.44453286915048895,0.13391454935000763
17.52,-0.04395962266034829,-0.14533685922673323,0.13765447153416574
17.53,-0.1233923898966452,-0.4602331143198238,0.06648155503365183
17.54,-0.07920458241800593,-0.12127242272796677,-0.11134713788757901
17.55,0.12362544173420065,0.3164906064511886,-0.30817355546057223
17.56,0.2139472103414395,0.2883808982906302,-0.3935953605692965
17.57,0.07182709234467322,0.06217217278486195,-0.19881241606405753
17.58,-0.06829915538675548,-0.4607460107146522,0.22987908409849
17.59,-0.1523765315469816,-0.3397821257998244,0.5678747371623347
17.6,-0.12081725812519822,0.1650432958010705,0.6397689617172241
17.61,0.01599117577956385,0.27211852004491033,0.5281414498349118
17.62,-0.011155551145360064,0.3696173217354036,0.29390193443988516
17.63,-0.07675343910436194,0.04942110905906176,-0.13762366533180856
17.64,-0.0721283651027111,-0.49226938633347284,-0.5087463475398163
17.65,-0.05462976757583211,-0.2728684849832838,-0.8113653174894411
17.66,0.04144731078700329,0.11078394664412766,-0.7265434271027296
17.67,0.1012925093790422,0.09959956024740989,-0.39666865237391224
17.68,-0.004872754633314815,0.08548825628836278,0.04884995670700322
17.69,-0.06335855711733375,-0.12288839744023233,0.37842119386537554
17.7,-0.06545703790578122,-0.6574714415699753,0.5842381157110208
17.71,-0.12271416524494283,-0.5182708992430859,0.9289006445531589
17.72,-0.07996741227309459,-0.2154491301253915,1.1013501159364811
17.73,0.05274119087068108,0.04171536106293175,0.6686733378339393
17.74,0.07812385785882954,0.45536576301177834,-0.2951740405595348
17.75,-0.0009161984119020958,0.39148097967425804,-1.0967270487380556
17.76,-0.1174579425851503,-0.10787553023863969,-1.4410364660056598
17.77,-0.19509410968983334,-0.5467400035010581,-0.8180666821785618
17.78,-0.03335530031932558,-0.4774619688565326,-0.1387844471612575
17.79,0.18754341510313907,0.5852108838551368,0.34513155343420315
17.8,0.25582232977016084,0.5191536061661108,0.6382984113928909
17.81,0.024528264698016028,-0.16140597417245195,0.48780029297698
17.82,-0.2809565047716056,-0.4572386861903745,0.42119558917963923
17.83,-0.16972485690126318,-0.6770152549211276,0.017652525762363636
17.84,0.06497142826404091,-0.22475634720087412,-0.06652525409887595
17.85,0.249296210735315,0.3271949179782362,0.006372107779443099
17.86,0.30984032226160196,0.3680896893576494,-0.09711490381171871
17.87,0.17254486182493348,0.1681561651057389,-0.36721366764684277
17.88,0.03134874735152325,0.12503880511301424,-0.8581111299489158
17.89,-0.06704211931240969,0.09624106499298801,-0.609786576605623
17.9,-0.09325868764248604,-0.5519104784460169,0.18561764270349498
17.91,-0.03244285923899583,-0.31493928244869523,0.9199898892805308
17.92,0.2705437789885944,0.0831334148556341,0.8000245174495101
17.93,0.47252938035872016,0.48334749183692566,0.11548014614262547
17.94,0.311464226953391,0.3588564883497085,-0.26683293688974175
17.95,-0.006159599710490432,-0.2888129531812542,-0.2766150257688541
17.96,-0.21907628418903924,-0.14571078236129964,-0.22973386176134372
17.97,-0.03037908063851369,0.5180615609045304,-0.29298896680021097
17.98,0.3466392706970632,0.2193889128498282,-0.24188350064426484
17.99,0.38730804768555993,-0.21619091054550468,0.11847162872004288
18.0,0.2391466146952107,-0.15153677143828292,0.35484592918551533
18.01,0.25237558112989766,-0.050248232278464436,0.1295115660657608
18.02,0.22654315509247905,0.10929347706582554,-0.05027001665109037
18.03,0.07949842686453394,-0.12077095986435071,0.16602143025119717
18.04,0.01629142833541699,-0.30053621721144713,0.6162797084316075
18.05,0.13969045324993434,-0.23628278158658983,0.7787309271654392
18.06,0.3643716636357252,0.05543541791340255,0.42853841710094487
18.07,0.5492858215384284,0.24347278948355247,-0.36011885358268303
18.08,0.5104262206788642,0.3459664218649874,-1.110775431445257
18.09,0.2593574822996743,0.26098197880520124,-1.3113110552519798
18.1,-0.007611938553934487,-0.02717733439066485,-0.8086064808955815
18.11,-0.09209852706077765,-0.027170537776416717,0.0535387629552353
18.12,0.0790771890781333,0.18179085408380993,0.5705613430341687
18.13,0.26486251054864385,0.08417861640027362,0.750666535213255
18.14,0.22379104432261038,-0.16169983322623172,0.9796319293829047
18.15,0.08130958794865939,-0.2739876916527469,0.9617692403734639
18.16,-0.015279565507373492,-0.048200260557290264,0.38908304460698717
18.17,-0.0637985358064379,0.4737904738201563,-0.4343099446560521
18.18,-0.03547487424747162,0.5280759251127488,-1.0052498499417717
18.19,-0.01094122225387372,0.10059888256715943,-0.9148940548842426
18.2,0.014469524236068749,-0.21817871555432078,-0.47905157184404296
18.21,0.12724501332493102,-0.12460899053390648,-0.19201284459208026
18.22,0.22439621419575628,0.28398404191213733,0.12592040621032735
18.23,0.13869398037135106,0.27584104892355815,0.4341823564560363
18.24,-0.12516453814818068,-0.18871303023477898,0.8048627486483011
18.25,-0.28837400850901723,-0.2547393141762682,0.8585328597052757
18.26,-0.13488684476977808,-0.14047027418506092,0.4505086424146993
18.27,0.1138853473496274,0.1839426681678776,-0.05046064426251354
18.28,0.24882307846900464,0.41007178966863,-0.4964009654909595
18.29,0.2655424129857013,0.09122301628471746,-0.7752771291077335
18.3,0.1711877518054454,-0.33063657458490237,-0.7271172715016978
18.31,0.0754733284899273,-0.3703176681437087,-0.42034595161074484
18.32,0.07587616207231503,-0.06708751837988619,0.22856044524104463
18.33,0.14875733389451606,0.2710261091688507,0.6359124822683092
18.34,0.18448586344077872,0.25366177658574235,0.6261382741158976
18.35,0.15483907382267997,0.06687964014689572,0.32229614723177025
18.36,0.11696682224339562,-0.13468156815604904,-0.044426142568920815
18.37,0.13503835822751364,-0.11975657467791528,-0.3481413696186868
18.38,0.2218933136519145,0.05854224752907165,-0.6040643695103712
18.39,0.25868407309801184,0.24119500615503447,-0.6019077492924076
18.4,0.1945851408212052,0.2915480295487771,-0.4191584976898815
18.41,0.12220379579178199,0.05117320423521743,-0.08818419773719624
18.42,0.10031355201999989,0.23068323125823675,0.13198328880731508
18.43,0.1339655850733344,0.225692783308722,0.19701704436916118
18.44,0.12861296123032503,-0.2869341759469102,0.28307256537290243
18.45,0.07479230024343496,-0.4179220467002614,0.5445144636746081
18.46,0.11373321904498432,-0.4257248480844678,0.9007022852819163
18.47,0.18285089473117283,-0.007316074225382718,0.7132249441297304
18.48,0.2144549311727763,0.5267324377105773,-0.06119701492439733
18.49,0.1684525658230212,0.48781088488176927,-0.8661900572501102
18.5,-0.026261316734087062,0.153740934212281,-1.1288983440983955
18.51,-0.15129382822969212,-0.20121900793865205,-0.791841617033411
18.52,-0.0034529432285264616,0.3470806804577281,-0.35724590572272863
18.53,0.264622291076744,0.7999712644593189,-0.01298201375311453
18.54,0.2540362585697571,0.187386565193,0.20194169213048624
18.55,-0.04785384449896632,-0.3520484164549361,0.33881105404662837
18.56,-0.21163157064577942,-0.9031543770980746,0.8111593337173024
18.57,-0.16390695527560323,-0.9001293768975871,1.3646996161496165
18.58,-0.008573507960859914,-0.014176067148155447,1.3652998594591315
18.59,0.13619042096232162,1.1499720497918524,0.48591716595653633
18.6,0.08416261592841542,1.527345678324464,-0.8526135214335697
18.61,-0.1523019523888416,0.35691064758224167,-1.8216584491549428
18.62,-0.3871936893879189,-0.9870661463198502,-1.7284199318685165
18.63,-0.29464273927715745,-1.191605308230383,-0.8159730139202008
18.64,0.13108959887578353,0.06314506874282078,0.25520190816761407
18.65,0.43589151305364265,0.9430731961979085,0.9990839532177624
18.66,0.21713112117918687,0.8528649960582191,1.1753378733756867
18.67,-0.30430610921524215,0.08582668670846094,0.9382511310233054
18.68,-0.650544756848387,-0.7268768112619688,0.43927031503495234
18.69,-0.5850703501087514,-0.6367083325801453,-0.10608904204287267
18.7,-0.16061952956051478,0.061751130616993055,-0.45135984943665713
18.71,0.22618747152643626,0.7129875903894682,-0.6975817893995413
18.72,0.2352684198529731,0.6952794278342185,-0.7886706015731023
18.73,-0.08031227674484134,0.08702075977888252,-0.7512605804758573
18.74,-0.4166892532221659,-0.08763336519899062,-0.3765467335518311
18.75,-0.4858741223481803,-0.5021021236421493,0.3082473887197133
18.76,-0.454895106233962,-0.3544336259444299,0.9087788972997993
18.77,-0.3439205611075197,0.2910594807979606,1.099783382652719
18.78,-0.14067118511147259,0.4522169227397706,0.5794644153100147
18.79,-0.13723567342850201,0.18339176719422115,-0.015421694075677395
18.8,-0.31086664882997384,-0.234078459669623,-0.4473280033271514
18.81,-0.43612564673854926,-0.5569078759616392,-0.49292110927362504
18.82,-0.43455535859273836,-0.2826931792991557,-0.24201721799351392
18.83,-0.2895418013597923,0.2438713018238769,-0.05033221788674576
18.84,-0.125427154037701,0.5688756344947999,-0.12987435984699788
18.85,-0.1418612990343962,0.848038843209559,-0.4489884312488033
18.86,-0.2979614537877845,-0.1577496441438715,-0.5341898892182606
18.87,-0.482204246107916,-1.0260196457981565,-0.24095841714373245
18.88,-0.4316765563378124,-1.0323962085833618,0.4714562751908103
18.89,-0.10914001979884486,-0.32382266737173426,0.9124618879860832
18.9,0.11231757432696993,0.7799927858578266,0.7731508894954953
18.91,0.07055385382128934,0.9875762345663305,0.20391905208633254
18.92,-0.19108615181101324,0.1844911654376966,-0.4730536300306359
18.93,-0.4316342306364752,-0.599485681230529,-0.9094721811145134
18.94,-0.3685119090654468,-0.7523038366773447,-0.8036358018659411
18.95,-0.01579223979955463,-0.17880072148695847,-0.21761984481038676
18.96,0.3400235595761132,0.2397240359877571,0.3899154462478142
18.97,0.4170050033260672,0.502710573077646,0.4452616819851155
18.98,0.23180451863306614,0.13240828778537345,0.1907579933357328
18.99,-0.08065343092605931,-0.6630483977852206,0.2888752091331312
19.0,-0.2835953707908384,-0.8124607228371863,0.6557952255482087
19.01,-0.07695113682276059,-0.3023932831957134,0.6587123504123602
19.02,0.35677176869759286,0.5924144994415738,0.11667824898169898
19.03,0.6474556436041247,1.0381968026772979,-0.8095466630942294
19.04,0.5255992901951114,0.16947387811467973,-1.1469362451056186
19.05,0.1515762723419774,-0.8081909432909626,-0.7355805420066446
19.06,-0.021809055719595856,-0.9909011662696493,0.03448983969493491
19.07,0.22415237387721587,0.5826843590472834,0.520671110570548
19.08,0.5802488600799451,0.6619493942008081,0.5808847368837856
19.09,0.43068206932381403,0.28316943301071423,0.600819044963463
19.1,0.0588232433484982,-0.18357017773544262,0.7138697972016529
19.11,0.004621605303794768,-0.8922069732436018,0.806136732742224
19.12,0.20668940374341802,-0.6116667030651175,0.6346677434487658
19.13,0.5333032099730128,0.6305449547865629,-0.18698686029714318
19.14,0.7221954412229228,1.1106560754307988,-1.0930573537259742
19.15,0.4603763501377388,0.5175953281400426,-1.4621230945623593
19.16,0.035104117073811114,-0.45549635246455067,-0.9889812222976481
19.17,-0.032303560263039426,-1.0817146011697436,-0.05202515516908213
19.18,0.2889575635171262,0.792540022719693,0.4879979275070283
19.19,0.7449608317131631,0.4234680055223,0.7229068851965896
19.2,0.6305258240486324,-0.03304937603373892,0.7003600349110516
19.21,0.2378046844629771,-0.2510714813523526,0.5577468807746264
19.22,0.16980862650569076,-0.8312013543684137,0.26686327489038475
19.23,0.23870438898075524,-0.40164307298613267,-0.019827926035049348
19.24,0.3649437831593891,0.3616308125548177,-0.1172430882251198
19.25,0.44735755717528763,0.6845287418222354,-0.22580916014633787
19.26,0.39815182922290027,0.4936923715158861,-0.5968600890149491
19.27,0.255930511735185,0.20006351544366435,-0.8831440819660746
19.28,0.13343173346335838,-0.2551645040133186,-0.6578771278035895
19.29,0.14862464100041126,-0.871251587182519,0.10800775293419462
19.3,0.2481459775240198,-0.6060070973491427,0.9448166191791579
19.31,0.4003670245883168,0.16017799128344046,1.2480941312804097
19.32,0.44980559971362416,0.9754430640174553,0.5753862954830036
19.33,0.23603733266921056,0.7663546299144057,-0.45103872596459316
19.34,-0.12981591818602772,-0.1997996449707835,-0.9235728315494208
19.35,-0.334520450565714,-0.6443188749211658,-0.8226245534241742
19.36,-0.09366041139389081,-0.4724890368339214,-0.26690780028087324
19.37,0.4042547435218,1.2973518647834212,-0.0719239755248243
19.38,0.6299845655112325,0.7651993598340983,0.08880694671103626
19.39,0.26977738286814723,-0.08555973425277819,0.12448990168128539
19.4,-0.12048638255348429,-0.3711733045891245,-0.05798914260159707
19.41,-0.12068750340054846,-1.2324060378961368,0.31791000282769505
19.42,-0.05336050307179639,-0.6537876536133295,1.0236799578913316
19.43,0.1668098101932593,0.37893851204905227,1.2850725795664553
19.44,0.4110471831452157,0.9296058653435963,0.5495622581074274
19.45,0.2784420656157802,1.2268960307640766,-0.6169571125000477
19.46,-0.010761305264914478,0.08485665942126586,-1.4167988451822113
19.47,-0.26237232054284687,-0.9538025655587836,-1.241819155902797
19.48,-0.19945130209150352,-1.0072993161831958,-0.2962388851997414
19.49,0.20209207412858832,0.06874087787965633,0.5502317972573909
19.5,0.5073561707509489,1.550631534264145,0.7870236606044861
19.51,0.3586572497267457,0.8057918686763322,0.676984234764282
19.52,-0.21038653650611838,-0.17598125290303657,0.4482184546071549
19.53,-0.4984182661450174,-0.8802676368942264,0.01878160148281305
19.54,-0.2617685967591808,-0.7904811192624761,-0.06824429033158325
19.55,0.29050157827554957,-0.12274899754207083,-0.04276129955773192
19.56,0.6257559072688215,0.5086367330908688,0.06050484143235074
19.57,0.38704854173998776,0.9761304186469876,-0.048828308304793594
19.58,0.008344633987230949,0.2732601581089755,-0.48703316828775917
19.59,-0.2795568404652269,-0.7248758146113138,-0.3876132097229824
19.6,-0.3423291535663831,-0.6634717649373026,0.08038777751722749
19.61,-0.018195002844497724,-0.007480421160685091,0.3818896533120154
19.62,0.35739704020694885,0.94609743580668,0.32922986861002945
19.63,0.41260006010997163,0.7375618751937021,0.080676826777652
19.64,0.06354119315959615,-0.19554797213808078,0.16360456729059475
19.65,-0.255495292055915,-0.9286917681874788,0.28382340889197216
19.66,-0.2545919624368342,-0.4014886442632709,-0.0683928894487253
19.67,0.0031806560761740155,1.3073320310492211,-0.26270150942992815
19.68,0.2246391604574141,0.3199229400422006,-0.10934800446689064
19.69,-0.001798864129023952,-0.2604579060714748,0.387329094335944
19.7,-0.1688652764830726,-0.2558186502514189,0.25038868096061
19.71,-0.058143610639941466,1.7394324642836487,-0.4985150255516837
19.72,0.11030527624861014,0.09948242866720378,-0.5599931655426122
19.73,-0.21348852837623727,-1.2096114717017763,0.33866896769371324
19.74,-0.45544746117009416,-1.0264308548625378,1.2019542499647897
19.75,-0.046230495899191947,-0.24977667101664142,0.8654579591244862
19.76,0.40921287370315296,2.3477464727079833,-0.30304588860934334
19.77,0.34190878292524873,0.8915638254862226,-0.9271752267742487
19.78,-0.3192624717081174,-0.40615417856437797,-1.1441061009968685
19.79,-0.6837081918834862,-1.13883007332914,-0.5397165449317076
19.8,-0.2133394419051413,-0.9319055055232449,-0.14193868769341209
19.81,0.4295004713361866,1.2409156786417526,0.1502311632702948
19.82,0.6340065909557583,0.9207309408637565,0.2299438693203804
19.83,0.16952433019566093,0.4379695933644331,0.09768745221649719
19.84,-0.3180258230051757,-0.667100873873005,0.38519346717667063
19.85,-0.4039534400699323,-1.199119444889834,0.6679015031779192
19.86,-0.13110777913612567,-0.3397408213390701,0.828916660816271
19.87,0.3485399318212564,0.9514388350877906,0.32409050067723
19.88,0.5778998559536983,1.4968990815071153,-0.5529428389935641
19.89,0.33772654045460704,0.6612241889407617,-1.1179177003148384
19.9,-0.06911998360409735,-0.6566812348684714,-1.0186010314152594
19.91,-0.2238280843166414,-1.2477867620086482,-0.2644702598087991
19.92,-0.013706046200919378,-0.33147228009737867,0.5180318033240121
19.93,0.41637873919317503,1.2779756412960823,0.8264632574717131
19.94,0.6211249940350111,1.1601323551439116,0.7992365163357915
19.95,0.29640814053626374,0.4326661915317441,0.20697900586045237
19.96,-0.12883295008113008,-0.6116510748760169,-0.047975160551526036
19.97,-0.18691422952308515,-1.0719844874627398,-0.09795292954061836
19.98,0.09988023922321694,-0.38915138877099226,0.11434763604036291
19.99,0.4916415259698816,0.8145380679198778,0.047141791845433045
20.0,0.6595056363010374,1.3436843502231886,-0.5323086496054906
20.01,0.38573348587796397,0.7297651746491262,-0.8856431228348844
20.02,-0.0683234288022601,-0.3917625894952028,-0.6463587137109126
20.03,-0.3399427985841942,-0.7250456226317958,0.14180178523975895
20.04,-0.19927822191186745,-0.31629340696345665,0.7709801341096428
20.05,0.17154424243166394,0.46118296414856497,0.947440976236599
20.06,0.36322513768570786,1.0608780371082487,0.6288674815030192
20.07,0.19612555358593062,0.7163152308979974,0.18919264192173657
20.08,-0.196800360617886,-0.11828640992850714,-0.07668232966704941
20.09,-0.4063466826841065,-0.5883741941284154,-0.31289274328435734
20.1,-0.22836638778829565,-0.28035191911715895,-0.3871631453519663
20.11,0.10114870602543907,0.6903916581197599,-0.4823323095729642
20.12,0.2895907745807492,0.701552600184475,-0.33724815731327196
20.13,0.13594497774768172,0.25461174302372824,-0.20661927134245564
20.14,-0.17449625297626298,-0.1926303575612393,-0.03330473670014804
20.15,-0.28608777660681184,-0.6156070602391499,0.35686930729297567
20.16,-0.2104205704160208,-0.4400378307864687,0.7749698949693488
20.17,-0.0524740325315388,0.2091665860236277,0.9785028267488434
20.18,0.05878765211583385,0.7390383673898424,0.5852088260745355
20.19,-0.0022498343965377324,0.6401015876656886,-0.18882718735131754
20.2,-0.18695059138790776,-0.1356813424989461,-0.6292133170924357
20.21,-0.3397321382956648,-0.5123880143630533,-0.7210698702480778
20.22,-0.22949556552028688,-0.21768372382307705,-0.46978772148383
20.23,0.07425993436562812,0.5922908728401863,-0.3447569911031095
20.24,0.1906042682186071,0.6534736964667769,-0.1990275084997881
20.25,-0.034972982574351566,0.021952230764675534,-0.10818634498459648
20.26,-0.30032653892114175,-0.4891081728164073,0.14746817990072233
20.27,-0.26935949157615513,-0.9517262976817071,0.7121468032178019
20.28,-0.06372266062913577,-0.5023873313151603,1.0652339202329766
20.29,0.17213257141504343,0.6127724141701794,0.7030976176700555
20.3,0.22801127397408333,1.406019254200949,-0.2816731332315654
20.31,-0.05847024787622586,0.7781585640842875,-1.1081344294474478
20.32,-0.4748906945203415,-0.7283996147377045,-1.1451359292341552
20.33,-0.5995107396214524,-1.1217584306990716,-0.6138714942529755
20.34,-0.21602741200098408,-0.04975492859304376,0.0703026022875381
20.35,0.29906868666590064,1.0496283482891817,0.5276141013330214
20.36,0.3631391409347568,0.5775280782870986,0.6927835248198012
20.37,-0.029455002689353166,-0.1496153287477025,0.5764447756920541
20.38,-0.368069081233948,-0.8818551150788292,0.3168105489670478
20.39,-0.38534957940614495,-0.8763090901264003,0.05658951321595562
20.4,-0.13968347076459042,0.20548506220932844,-0.23644544112124005
20.41,0.09396969068963339,1.016734284239741,-0.3888247198735312
20.42,0.0059791518083490425,0.5746451357236492,-0.39907627296988984
20.43,-0.296307356937352,-0.11811576602543022,-0.31043145947323975
20.44,-0.3809747168559619,-0.7477157418653028,-0.0725400377275619
20.45,-0.17941681705127738,-0.6094983719802113,0.2145889586332524
20.46,0.03942974484653672,-0.010110715772377682,0.5853059566750086
20.47,0.08483366486052804,0.30155816175919015,0.6765684610825106
20.48,-0.06843748651238879,0.3779134821896944,0.25071559615048855
20.49,-0.27738084363145565,0.09571357256748675,-0.3368909442932524
20.5,-0.3563858678028532,-0.3555728559424787,-0.6637234377319089
20.51,-0.23417605895332194,-0.5226742495770323,-0.5562745342131744
20.52,0.012017048400525768,-0.18433372163386685,-0.10950902673345983
20.53,0.2353537207356362,0.38702397556646184,0.16131955336456705
20.54,0.25870038509032467,0.22024464959919754,0.2790340231852704
20.55,0.014086111923804961,-0.4688055385805869,0.42217968196013517
20.56,-0.2677859366985773,-0.5657193167763015,0.41422010824025257
20.57,-0.2566531804914667,-0.25464968103620533,0.28196002929564357
20.58,0.024522818155643916,0.10115857161597885,-0.0329716314924586
20.59,0.24866978580206128,0.2144678107021954,-0.18879765317755548
20.6,0.22233294924522895,0.10838444727092475,-0.1834660376816384
20.61,0.061856422898974986,-0.08880859409993488,-0.2976183375332809
20.62,-0.06932314886778163,-0.30090227946981335,-0.26631999521418154
20.63,-0.11345076326984371,0.01267748594326712,-0.33085616456834155
20.64,-0.08338209247110247,0.4040330740093074,-0.2830190774734258
20.65,-0.023357465415434292,0.3048627612940473,-0.01606170057259742
20.66,-0.0032449036137994214,0.05922341723984009,0.10671304532268054
20.67,-0.024193485399580248,-0.2519000713441976,0.34699333686319717
20.68,-0.0003821817841424928,-0.2530276230032646,0.20888771992629424
20.69,0.030155729725933805,0.013820651255046681,0.005412100675479883
20.7,0.0408381672551793,0.06526607002764737,0.12236784403674794
20.71,0.03255726421853186,-0.014257331527782694,0.050026601029302536
20.72,-0.015192470502488332,-0.12083251191139362,0.02923839670112959
20.73,-0.0012736497528106142,0.05657520421117723,-0.28229741432220135
20.74,0.09584853382728145,0.3102235248370987,-0.725067609450549
20.75,0.10239947445120531,-0.018129397167014838,-0.6483129805612186
20.76,-0.016650305922202277,-0.3622605077440587,-0.2957094213898597
20.77,-0.05168551067733968,-0.49295659345830634,0.31378847905813184
20.78,0.07220141280263666,0.01919050738245398,0.4751795820251266
20.79,0.18362935158942725,0.5683302187332104,0.310844426997234
20.8,0.11957230878762624,0.35088928706964223,0.16005903033123134
20.81,-0.0887999235808422,-0.03841972163506496,-0.033743842612424774
20.82,-0.1525541338797307,-0.43002135046891304,-0.00819098298739565
20.83,0.019473770289035713,-0.38398492175177723,-0.023887414218833496
20.84,0.24997423398001695,0.1506901750073894,-0.11351941782943026
20.85,0.34845143411003804,0.47922925934216365,-0.2681423925588434
20.86,0.2141871276800968,0.3465802195350019,-0.32101224212712753
20.87,0.03349005966080322,-0.20375394720825502,-0.11124429123093765
20.88,0.024163480661508283,-0.4056247149945853,0.10609215369112836
20.89,0.1795737275217383,-0.23475603921640442,0.27171179289206493
20.9,0.32594885610213814,0.09799529132109766,0.3051055307554753
20.91,0.38067079410166993,0.20831760606833183,0.21629208959223734
20.92,0.31549069518336614,0.0026990646133079332,0.15793893631843858
20.93,0.1644529046904507,-0.0475152515278508,0.03882484614392612
20.94,0.15264500423081778,-0.15394159278680947,-0.09992047809124766
20.95,0.2558105028410121,0.012335624073520263,-0.23390621781138846
20.96,0.3538778389075162,0.5700167876103761,-0.36071021459434893
20.97,0.39411948141038444,0.3389001753209244,-0.29260792241872896
20.98,0.27688476082149166,-0.06904730474094165,-0.12124743037062319
20.99,0.17596661108337003,-0.042658671547577465,-0.052144034875739875
21.0,0.22322571550949177,0.2660144881042759,0.008687262479034487
21.01,0.2579427830397424,0.034084455935573466,0.25362364597778947
21.02,0.14952851729137415,-0.11811088278624596,0.7360724769537688
21.03,0.10092886296172811,-0.05599103986476682,0.9145235656627689
21.04,0.15321616825332907,0.23254168779673487,0.477884334641011
21.05,0.1906438666747649,0.4086806469025993,-0.02367665709546385
21.06,0.18206872394292362,0.3002759969173266,-0.5255912352682008
21.07,0.11299366516507629,0.06336869565738237,-0.6739927071401197
21.08,0.11167152076056062,-0.1797372565658507,-0.5762594159235744
21.09,0.19272028123451046,-0.19326234111083251,-0.4163282801284438
21.1,0.2165005235858269,0.04911205201964566,0.01607394794930772
21.11,0.19447973122199766,0.24266343592443468,0.20358966726407718
21.12,0.1325309218119384,0.005579372506309854,0.3913595730337006
21.13,0.02233813172929315,-0.24546168584438482,0.5916923068981974
21.14,-0.05800754625445053,-0.20087101815972652,0.6441744187702101
21.15,-0.022529330314773888,-0.054747540501983744,0.5438535220545876
21.16,0.03627277496684245,0.39148240212457164,-0.026761465210131674
21.17,0.07915994771079751,0.42798450832561,-0.5853207262234646
21.18,0.1113516751575614,-0.06666426674295106,-0.9505307739843893
21.19,0.09015563752579805,-0.3304561566038485,-1.05781613759116
21.2,0.06996812748904248,-0.2016579019527635,-0.5174013139556625
21.21,0.1335055512023978,0.3595733263988694,-0.051371613427362184
21.22,0.10636993809093527,0.08754546314904726,0.5240887473302661
21.23,-0.08794814715193863,-0.14162119683345603,0.9620634300238724
21.24,-0.1724199409544077,-0.10541566360693574,0.8199169682322481
21.25,-0.06975127280628436,-0.0704515522108336,0.597695421571442
21.26,0.11175060983506906,0.3462270556149314,-0.12631303980263886
21.27,0.27053997989600626,0.7941480584856946,-0.9414775291833806
21.28,0.25311747792877043,-0.015765771469703038,-1.35858600883919
21.29,-0.01656796725873852,-0.531630095269882,-1.0052315220017118
21.3,-0.15251722517830513,-0.7465972542572592,0.16943601133960362
21.31,0.02131435639705126,0.17018160480174693,0.9778751166143826
21.32,0.29610844092604394,0.7475810971932118,1.2536158076764234
21.33,0.3529288193510061,0.419505440668892,0.8350483684678882
21.34,0.12567926673679797,-0.21726725194008922,0.3525535988799253
21.35,-0.00857543661815198,-0.9252918558542826,-0.01957454144329568
21.36,0.03247993252785898,-0.6657669844524718,-0.3166400124024875
21.37,0.2016481546094489,0.23879118644537034,-0.5069961194012772
21.38,0.2915316820509963,0.9184871634970815,-0.6765466464649585
21.39,0.1316811820073227,0.8286438640567613,-0.620994217497322
21.4,-0.050970524306270484,-0.1662568530038061,-0.21193806455768682
21.41,-0.09103379019038697,-0.4998594500942962,-0.000918061568913553
21.42,0.06432694099278087,0.34489315074215854,0.18559852842077115
21.43,0.31356515699498044,-0.1906525072152187,0.17253249809898819
21.44,0.2286552570744621,-0.35391513885120535,0.3413784695364062
21.45,0.05163351908041941,-0.35506236684836445,0.6670568651122601
21.46,-0.01338340434164267,-0.32369063110975066,0.7291240287927588
21.47,-0.020822166986115838,0.10757892454343149,0.40304822212392344
21.48,0.03677045088368413,0.48506266093413214,-0.18800369011337043
21.49,0.09004350286381771,0.4135078877211267,-0.7337445023351234
21.5,0.04997566772126421,-0.0069699641053887484,-0.7410783566522966
21.51,0.04497264734987672,-0.44498711011292397,-0.4581129290729142
21.52,0.12209190079821758,0.3648121847085067,-0.261987967280472
21.53,0.2311167378973879,0.37814372153706133,-0.10583191085924851
21.54,0.07828030088796897,-0.3241926917526447,0.22542839677762963
21.55,-0.19524288728369077,-0.3859611933871623,0.6886609738257838
21.56,-0.12104329046743492,-0.5891827648618809,1.0917730207100365
21.57,0.1151001513403005,-0.10740363659723046,0.7313236474986264
21.58,0.2019000620969985,0.9078684930538288,0.02348942194009107
21.59,0.11537604924632641,0.5745211469250395,-0.2546027740978622
21.6,-0.09853678097226586,-0.34561882939516353,-0.20706862184144592
21.61,-0.23484221343137562,-0.6012039993571141,-0.24740798148036436
21.62,-0.1049624903472991,1.8574139447002547,-0.7913146794873426
21.63,0.26034157676378894,0.9867475202092462,-0.8433458319616072
21.64,0.1281690596894674,-1.0641455915237614,-0.167677761765322
21.65,-0.3130726519877874,-1.0876980129200575,0.7470158904914022
21.66,-0.02903893052582268,-1.0112339286028904,0.8584991319892784
21.67,0.4448247218080168,1.2159635261255217,0.2078548381842632
21.68,0.44498159695827305,0.9985736554006259,-0.06910362523335895
21.69,-0.07025049692098595,0.06863997721906434,-0.15705700597017186
21.7,-0.4906785551413859,-0.5822004100516665,-0.21178519636984738
21.71,-0.2476451239516023,-0.6188342769183366,-0.6513861663837492
21.72,0.2906468000263659,0.2364840945683025,-0.5847548623363313
21.73,0.5939012708466174,0.22545802230716827,0.26042803030202505
21.74,0.47629096218998807,0.27114705225405583,0.8196539496656383
21.75,0.2055190697481565,0.0802715026361074,0.6956906045199128
21.76,0.05007119611972432,0.34314122137613723,-0.20751251820503835
21.77,-0.01518430890166077,0.22913666858513315,-0.7210144218327164
21.78,-0.016145318913243587,-0.2089170705769401,-0.5965310169920616
21.79,0.0712688242378691,-0.07927555597903793,-0.038452692950092016
21.8,0.34140598440196007,0.07883333584651826,0.6021990742199433
21.81,0.645516166828098,0.9742035961041428,-0.0003270656719618209
21.82,0.5188306603830967,0.8508788610402966,-0.37758098875269036
21.83,0.11652715655562525,-0.3163822821293696,-0.5556243050633548
21.84,-0.17471484617447242,-1.2439174383411185,0.34361227384475423
21.85,-0.10268853244309617,-0.8172516051352692,1.2363190037000278
21.86,0.33759960214072243,0.5942846721653874,0.8504475161417484
21.87,0.7136826963416657,1.0044160396442305,0.6015010152454314
21.88,0.5779982071787195,0.6846028200023004,0.07803993063544538
21.89,0.09413141314882145,0.008420267141925168,-0.2165487716570308
21.9,-0.12984042316083502,-0.5255525287775316,-0.7643197762664333
21.91,0.0424534475741944,-0.19754489883580323,-1.0839729713171031
21.92,0.2946363829667076,0.546250565244833,-0.7677272251593876
21.93,0.37283128667293836,0.5446206201231446,-0.021107630091262507
21.94,0.2479145221124715,0.5381238611364617,0.44138861634549525
21.95,0.07270088686188315,0.49672433854547077,0.4041917959620498
21.96,-0.08460782025574512,-0.5534310351831468,0.08391791140240087
21.97,-0.21870713267525882,-0.6299104283949346,0.2989058721812007
21.98,-0.08368371967036173,-0.40476075239391107,0.8693733747916969
21.99,0.1238492323445025,0.29644544760733543,1.1039790416339408
22.0,0.24745244153606288,0.909954368220247,0.6220153752562362
22.01,0.2236731672744235,0.7206249585116102,-0.37655269563722726
22.02,-0.014334795362189012,0.07324425637481827,-1.1182901100147367
22.03,-0.24670526566769987,-0.4617375553836246,-1.1622718518055684
22.04,-0.2029774524770538,-0.6229272389520321,-0.5476194803369128
22.05,0.027580316647918143,0.10738061760208499,0.21210996614972322
22.06,0.2921502243679639,1.1986642874492692,0.45976346274779606
22.07,0.3293130270463981,0.6714581479374256,0.33246800019844763
22.08,-0.03507632633633716,-0.10864507170480917,0.2106339480981155
22.09,-0.3219804269466704,-0.8183520693902818,0.418408103796673
22.1,-0.20686044865326464,-0.879068769760748,0.5629744078976678
22.11,0.11076174684707132,-0.009507920071931603,0.6000529496582467
22.12,0.4240873616459775,0.8747522190476631,-0.059495401736122666
22.13,0.38095787164759143,1.0180684964999234,-0.911481136010811
22.14,0.014004374896176772,0.23044052693791744,-1.244365255253259
22.15,-0.269180088033619,-0.8514141477406677,-0.7698445939274507
22.16,-0.2538283066785348,-1.0180834534589838,0.38287415748809384
22.17,0.14304878214538297,0.04831108984488769,0.861808072400255
22.18,0.562219414733906,1.5183597053920959,0.6123007228350987
22.19,0.5573856187941919,0.9458663590357963,0.10320079453889765
22.2,0.024020863863672415,-0.35038682901393214,-0.09634778129683971
22.21,-0.3770122597296683,-1.1500161328237413,-0.06290669153313196
22.22,-0.16160307585411404,-0.7636591838658349,-0.20252454850042279
22.23,0.3184547997942708,1.0043059161087327,-0.3128413910844017
22.24,0.588156495192581,1.1331661814425384,-0.31653662721584513
22.25,0.2697440264236139,0.43857246480252765,0.00994442193346929
22.26,-0.10274067874878688,-0.40662531744050046,0.05812123043880375
22.27,-0.07365089937865399,-0.6227661906109244,-0.1439156282302119
22.28,0.18284598948469205,-0.13424049989288356,0.031947082179953665
22.29,0.3476912031086331,-0.19800959064171783,0.5065362644608248
22.3,0.3131188914342817,0.060383495209614245,1.0111331082158594
22.31,0.33945682982543574,0.0034829610796569335,0.6663349918206778
22.32,0.28237254034844894,0.04624523409147241,-0.05093214671651117
22.33,0.08044399976161648,0.38160794336862053,-0.6784871400284193
22.34,-0.022345931051074495,0.25227199571958775,-0.912228111019615
22.35,-0.005300045165526929,0.12757571259032188,-0.5487888550484594
22.36,0.12044603576504381,0.599043933837088,-0.13370708210760668
22.37,0.31857639238894014,0.56874501740002,0.05988022531883641
22.38,0.2567748653195536,-0.09258255726866871,-0.0004074278312196124
22.39,-0.0038944701938680854,-0.4321060251056761,0.12751468147247882
22.4,-0.08069750124257988,-0.8115830671176089,0.5803493425365913
22.41,-0.047555818986023964,-0.3500922097042543,1.168050557392589
22.42,0.05498133929215357,0.528766616343179,1.1775108070164915
22.43,0.14779256222800638,0.977272814855502,0.3354573804785428
22.44,0.06826827991827276,0.7335767938378758,-0.8120553176816965
22.45,-0.10964192840120493,-0.1745048951716697,-1.32152093928075
22.46,-0.17933567652688484,-0.8766113506394532,-1.093978497516708
22.47,-0.10442310206314523,-0.259556640549945,-0.411873517034356
22.48,0.12862581719336869,1.042379213778404,0.15694828693305696
22.49,0.2449895213703977,1.1959622312426084,0.3496146720192545
22.5,-0.08070196410568929,0.22030278102705636,0.4778118018563613
22.51,-0.4633334242045373,-1.0201282554435047,0.5404910163183432
22.52,-0.5042964221421357,-1.1792221031589118,0.6259473822903961
22.53,-0.17247570658613764,-0.3202459047866788,0.6360816630917965
22.54,0.16563670126059196,0.7028853016504517,0.4954804486018719
22.55,0.07449206509965425,1.0855085747030584,0.3384676298060239
22.56,-0.3593098205133175,0.4389058120448109,0.24255225456718177
22.57,-0.7369670247518711,-0.5791075925453528,0.34972318936682983
22.58,-0.7388628131345406,-0.8426382096204043,0.41799999771345253
22.59,-0.32414114713281533,0.4485931119037728,-0.18739811049774346
22.6,0.18979780795124263,1.564962207674492,-1.1768937136629418
22.61,0.28871584717491755,0.5440525495240659,-1.7469516026662144
22.62,-0.09806211759261507,-0.7662613615961673,-1.519494374588762
22.63,-0.4192835981263909,-0.9919135739518683,-0.5594773010624625
22.64,-0.2924439026942834,-0.045223564764419966,0.4191141565768209
22.65,-0.01648464980624293,0.41668579588605426,1.1056337289085723
22.66,-0.06296351510764919,0.5071377509910135,1.2939085907178647
22.67,-0.2437886735622929,0.3945235034954159,0.9595518191020241
22.68,-0.25164797774266445,-0.4009212699191451,0.32646356737703486
22.69,-0.16903568252232895,-0.5175493207595756,-0.352727730490088
22.7,0.013149580168972622,-0.08115440027128593,-0.7905477962130975
22.71,0.1769767114877282,0.19905225886044833,-0.7369493711137446
22.72,0.135416627829196,0.28478171449214473,-0.4455044928698403
22.73,-0.013918100014494984,0.12017415641228754,-0.238526101047301
22.74,-0.13166757376311453,0.5762288894469225,-0.31272067729312336
22.75,-0.1677957064326167,0.44846896798066793,-0.3638933443759095
22.76,-0.19568086282135463,-0.5601281169312482,-0.14059554975229593
22.77,-0.10650245424999483,-0.6051003984791559,0.07261588511721995
22.78,0.2953109491020517,-0.16746273935241263,0.0704863815838192
22.79,0.6583873612011814,0.06210234462854554,-0.05322885711207903
22.8,0.5322620468632413,0.022745217481673935,0.003633101643608888
22.81,0.09290769156927009,-0.04551354276076151,0.13599334677513153
22.82,-0.19434579079641318,-0.26529159028753774,0.2552089078450638
22.83,-0.21517000015119575,-0.0968123293521822,0.4402705373620178
22.84,-0.0034817880243721566,0.3967932564351756,0.34705333408831374
22.85,0.28574546699354086,0.4379657340001092,0.15426994527897872
22.86,0.3954301119350679,0.08522642216937051,0.09091490411846459
22.87,0.37956405195020565,-0.46426505963512266,-0.08284472134020593
22.88,0.327136900285097,-0.6960488628001724,-0.2930409037227708
22.89,0.23340880184752127,-0.17096717029809744,-0.47774652662337036
22.9,0.14532888843432548,0.3542967811892347,-0.38052313571139124
22.91,0.07449346165851438,0.6027743840787256,-0.09649940277854505
22.92,0.016485914933416803,0.37834866186871297,0.19747413156966678
22.93,0.016534631905587,-0.08594417740296817,0.3098285797876317
22.94,0.12779552070424025,-0.2892707673604371,0.2219196453512594
22.95,0.28951779618635975,-0.3290327778905436,0.36866302060907247
22.96,0.3520826534084388,-0.038306841535153235,0.5317869467729714
22.97,0.29343803849489,0.30266502174697263,0.38274778337436977
22.98,0.1557794709960125,0.364562686976868,-0.052511901400896566
22.99,-0.02597929121849671,0.28959042280718983,-0.46299330700381675
23.0,-0.08555628503610324,-0.06655191014204337,-0.315364946571674
23.01,0.05575704144062306,-0.25983046376351976,0.09209005174302745
23.02,0.2993670551054435,-0.05476073164551645,0.39504639546635445
23.03,0.4845106246455976,0.1718317724895802,0.34836408062615654
23.04,0.4147761988538793,0.23023517329834167,0.050299304161915
23.05,0.13769056680318834,-0.012032439583379378,-0.07922308317310107
23.06,-0.0689010282310814,-0.3315639337127869,-0.11226520611160788
23.07,-0.023905482720914112,-0.32840260187021086,-0.17619958615547088
23.08,0.21551551244562522,0.18971742309990963,-0.31093721416519027
23.09,0.45635385579421583,0.7352988178804803,-0.5500947652921548
23.1,0.47627293050323205,0.15892962663460475,-0.5923371209964718
23.11,0.2205227998477617,-0.5086222447643597,-0.31027620594587035
23.12,0.06046916747547975,-0.5078309929286388,0.1001741107634242
23.13,0.21308351181130078,-0.0476431545209543,0.44891186217840323
23.14,0.36785119708808106,0.1466362237803066,0.6510860039932318
23.15,0.30102063984931293,0.33287496365535474,0.62826881137154
23.16,0.1970411192880016,0.19976305290541835,0.28423430708994923
23.17,0.13661575438428794,-0.16704993170294793,0.015205147256852097
23.18,0.14899333213140523,-0.13049270989943001,-0.27197383473853626
23.19,0.2758319331798124,0.262160025026084,-0.6081283135478714
23.2,0.40038717862713036,0.5736971964877369,-0.7177705450650961
23.21,0.3387137136895063,0.13730945962066898,-0.41897575044121615
23.22,0.18182049964759484,-0.2154303264374747,-0.04684901371615616
23.23,0.1462789338769843,-0.15343661246271714,0.20985844342293022
23.24,0.19069466897777657,-0.16114989346913616,0.44870396332959805
23.25,0.23931043188784584,-0.03878601172562379,0.6667345904469899
23.26,0.3331361296076712,-0.07698663607510373,0.8038405650019919
23.27,0.34164291568794336,-0.03071394573331475,0.6710587692782637
23.28,0.24810248782180258,0.13212825304054482,0.3533729808878921
23.29,0.20588313767470642,0.1423345431617738,-0.19329200688799714
23.3,0.20919566382522303,0.3651784136534273,-0.8438458033226213
23.31,0.23115132362306556,0.620253999448078,-1.1330861103286678
23.32,0.20197264986752594,-0.007713572697649718,-0.7917160468350903
23.33,0.10377310839906254,-0.21736778546213145,-0.19286109938152757
23.34,0.17478816581668327,0.33665612544429735,0.34074597755165836
23.35,0.37527828205591873,-0.002603902473256814,0.671592065075775
23.36,0.3061350606966352,-0.10284218415726953,0.8484511785802573
23.37,0.1419648260628621,-0.10820968055573786,0.936910249879845
23.38,0.10164163689944716,-0.11613799036294756,0.6019785959067875
23.39,0.12153976438276662,0.3911437037035655,-0.15382454124994038
23.4,0.1899693994414674,0.777354488148916,-0.9117777007040764
23.41,0.15846369342603966,0.4496589561828365,-1.1783000995343036
23.42,0.08927901129883262,-0.10374092050077316,-0.7951081011251075
23.43,0.17374510356731576,-0.1694375723706104,-0.037561366814637176
23.44,0.36476832979229346,0.17731755132438343,0.544565566021499
23.45,0.30838599220963214,-0.021666404986472043,0.9988750484337141
23.46,0.015702270402168317,0.13469611249294267,0.9824577148097977
23.47,-0.1035147930146757,-0.0010448314296633565,0.5726649872615375
23.48,-0.06305158071466715,0.0072719421523463335,0.07991683815239381
23.49,0.021920892544182988,0.17352231015453545,-0.14038086811170172
23.5,0.07383919685297649,0.2951372599562463,-0.032401994850490445
23.51,0.13731136690635554,0.385779179775237,-0.21832824406421225
23.52,0.15850634589924198,1.0590255705548965,-0.6243003805372132
23.53,0.11640769909666576,0.2933194580894031,-0.6169769720936713
23.54,-0.11107928062583436,-0.2961715822780411,-0.3942225923964593
23.55,-0.225218652356574,-0.22571984372212264,0.12286519608490959
23.56,0.058795991867439945,0.08700069662433127,0.4849760432218959
23.57,0.22701036092915416,0.2862286097669341,0.627881990573036
23.58,0.08039424987582502,0.46671537013773,0.7999772645534888
23.59,-0.08399903949657461,0.29062745901035864,0.31359815070083197
23.6,-0.20870761293347934,0.10672725239144584,-0.2068964927805525
23.61,-0.2186221172295518,0.3048939670360694,-0.7052297136273133
23.62,-0.10618350729635856,0.430029534443617,-0.6897185790185225
23.63,0.0722806779485755,0.39820739398974453,-0.5399811603534721
23.64,0.1452143671539176,0.8769601591770582,-0.35268118074819876
23.65,0.14707990365186216,0.04984750029612539,-0.20628520459063515
23.66,-0.13795178251369594,-0.31633192219304607,0.2430346340781652
23.67,-0.3309755323607916,-0.26662127720548334,0.7295769848963447
23.68,-0.23073616059787844,-0.028222619394829923,1.0528192203194107
23.69,-0.1200788700992015,0.8999166155908864,0.6667777506460609
23.7,-0.04817301557780125,1.153257818482387,-0.05314257446850568
23.71,-0.06226851005146554,0.4361611784182091,-0.7849523465575781
23.72,-0.17600174633413018,-0.416258886014387,-0.9878723037675257
23.73,-0.2107441186511028,-0.8779613676553897,-0.2903587543568623
23.74,-0.08772316913440804,-0.290768155502506,0.31688373436257067
23.75,0.08807104509943062,1.5913298851973494,0.4319979037945968
23.76,0.1286232017370382,1.2495863044808395,0.19974982466424324
23.77,-0.2381705528203103,-0.12674907167195593,0.058967372397885714
23.78,-0.5989674578568138,-0.938283929255122,0.28319743954481563
23.79,-0.4144677764652607,-1.0464663557612337,0.43330337770954674
23.8,0.03238641530349945,-0.15435103014259288,0.6665541100382346
23.81,0.3462054668129466,1.1952469048698897,0.22808115813801189
23.82,0.2851720094860224,1.3847672994296714,-0.5731918126508935
23.83,-0.2337273168167922,0.25758615585163547,-1.0180236281914927
23.84,-0.7633563701209839,-0.6571162454078359,-0.7915204684469849
23.85,-0.7097125068346707,-0.8177261838986017,0.1273064505533381
23.86,-0.1348938565985761,1.1383278064677869,0.5631135210235142
23.87,0.3279366169467345,0.5821953554850856,0.8385573558069921
23.88,0.14616202281536655,0.17878006554616482,0.6442757139933187
23.89,-0.21159320900324727,-0.6894968728840045,0.5136316436541478
23.9,-0.45965695791311206,-0.9818601190132275,0.5264165841739992
23.91,-0.47620778474751735,0.12126135253034225,0.04059251933710555
23.92,-0.2420899456815151,0.94191351173016,-0.4162477912942485
23.93,-0.15913299558597077,1.238584550225417,-0.8390142217542892
23.94,-0.24271030662325105,0.45739823081011216,-0.9654564851320862
23.95,-0.3141816171242664,-0.816943865961272,-0.3786133191182065
23.96,-0.26899321027878514,-0.8745328154607422,-0.096682726110221
23.97,-0.10334301190204497,0.4721850643133952,0.38027753505717615
23.98,0.01312680353671359,0.3890744979814401,0.7453521184252729
23.99,-0.2195937331218677,0.11584753602529346,0.8223411389375763
24.0,-0.4881320344138385,-0.2107002441749224,0.7564460321414969
24.01,-0.44689680137929777,-0.45083834975821263,0.051029173538070044
24.02,-0.3278088865807534,-0.06834112604777798,-0.3021698132841712
24.03,-0.13550440698488517,0.31788563045036805,-0.5258055366368254
24.04,0.047971992685361974,0.23989764034580352,-0.7739325180967076
24.05,-0.029035513484507704,0.31585779682635173,-0.8202664325011876
24.06,-0.1392537210950268,0.11502591943643597,-0.8387734554399953
24.07,-0.25415253773902724,-0.47275990381785915,-0.3286793133638327
24.08,-0.35510542382232824,-0.06666416458731966,0.2695857226410418
24.09,-0.27863425133025344,-0.2071738331607927,0.8105234749396241
24.1,-0.1741214122714318,-0.002446813546560938,0.9637353963307108
24.11,-0.0344542571834863,0.19634591404135193,0.5065177930499052
24.12,0.002091538753140495,-0.018049857540944597,0.1799063497191812
24.13,-0.1078857552553999,-0.09560161259384509,-0.18246474216770278
24.14,-0.15189111356912685,-0.1761035205142727,-0.47172628552710344
24.15,-0.06531367040256472,-0.24060436374346997,-0.6495195337237014
24.16,-0.01772210000751642,-0.0628985691240359,-0.4960924622950071
24.17,-0.058050061091383894,0.08789034572531623,-0.0912623959617987
24.18,-0.11529539618322289,0.1994337395359998,0.2115365788815803
24.19,-0.13295073813485775,0.49563911926242854,0.2349183584917802
24.2,-0.09507462995139607,-0.4063875373625764,0.19576768032368133
24.21,-0.15492592717405018,-0.6351249663047978,0.3221389001199909
24.22,-0.1122222408590289,-0.506885995285864,0.615238179189082
24.23,0.03389332363095373,-0.0691040974104852,0.449263204385453
24.24,0.041192560640719064,0.5283882788733778,-0.00045850669039687597
24.25,-0.10124801180772691,0.4781590486180346,-0.4595117589718226
24.26,-0.33073363481481,-0.15360707451461203,-0.21255455793815353
24.27,-0.4074981727070408,-0.5547035715477977,0.19999368152992344
24.28,-0.1713990054331505,-0.20188528022001767,0.016265388667699443
24.29,0.1326854646514238,0.7649767374972913,-0.30468372675127986
24.3,0.19893628166078506,0.0568632836909088,-0.37561693068401947
24.31,-0.11258757905848443,-0.501666827393818,0.052413357846135725
24.32,-0.31156402860516114,-0.7338444398328116,0.4035524128668421
24.33,-0.17745366334304125,-0.2190850815682524,0.15262571513875034
24.34,-0.02201472066671918,0.6877948845462516,0.0006493439263553641
24.35,-0.004710414409821964,0.17909251463168074,-0.23903657471298473
24.36,-0.21045621938942954,-0.20622644370880183,-0.056062994767107646
24.37,-0.21109135014779196,-0.73236274301166,0.07475278782906178
24.38,-0.04850902393069379,-0.645355388349502,-0.01655527153968777
24.39,0.015012726644489757,0.3258974239320973,0.01679708471346181
24.4,0.016305608256182554,0.5765117646678666,0.010531635083012657
24.41,-0.1544566174034778,-0.14243191804857513,0.1873029933889758
24.42,-0.31626400931898957,-0.6939627517431383,0.2757812414168736
24.43,-0.26558465806197523,-0.6161886574006281,0.17988999136506148
24.44,-0.10107163131322638,0.09842191408970881,-0.04151366288959233
24.45,0.0121575724831932,0.5610169399130112,-0.18347581019351905
24.46,-0.02190943303991694,0.37705661901736,-0.31043326372929475
24.47,-0.12338255996587455,-0.1279427046915097,-0.4762785420323513
24.48,-0.1399142637510122,-0.16707679037962053,-0.7395404972173902
24.49,-0.03622209596838933,0.15643254290452982,-0.765949032085858
24.5,0.03446880554256142,-0.3431031895107231,-0.30267744353312254
24.51,-0.06176795409507562,-0.32377248780021556,0.4592659970713079
24.52,-0.07399842492759527,-0.24759854429381414,1.0656468451438417
24.53,0.03566330727829079,-0.14242226708596628,1.0010450669246416
24.54,0.08566098383437992,0.060446663581319074,0.5594441868481554
24.55,0.06486254799237148,0.1698889184823023,-0.24458118752625124
24.56,-0.019540096434491,0.12096803082196816,-0.9728375217940703
24.57,-0.07583786304191693,-0.18339627317430895,-1.0770367390535525
24.58,-0.018081645537704437,-0.40819365821026576,-0.6650519726327729
24.59,0.13386634884124582,-0.12806235901841512,-0.08407843354124464
24.6,0.26994766847047247,0.5310006798275794,0.2526159175004109
24.61,0.2902352934327337,0.2525556273496224,0.3839755365257697
24.62,0.07261014753174755,-0.32850811674581715,0.4643520065214573
24.63,-0.14097211760878725,-0.41162603264067144,0.5571441699568971
24.64,0.0016251346777115955,-0.5214842642699192,0.4983340458102389
24.65,0.23967214744254006,0.09583598353732697,0.07966747157453186
24.66,0.36424844931511197,0.7294798618307361,-0.5231172358784774
24.67,0.29980812673686574,0.2687855431432214,-0.6368702049549309
24.68,0.08331794136561976,-0.4478504824134991,-0.15797552649124574
24.69,0.04308875008446088,-0.799854685958322,0.4466931012435731
24.7,0.292969063754826,-0.10577411514423918,0.5138573260052506
24.71,0.5829703060927321,0.8044230502373197,0.163153039498538
24.72,0.5953445648388445,0.36781757843920126,-0.15064882121653836
24.73,0.2773494741618074,-0.2609097883526031,-0.17075091661080544
24.74,0.05267344313887215,-0.5510925770764913,-0.12087077494468967
24.75,0.1713752688074653,0.001673039185552616,-0.25669962993459994
24.76,0.4095237692213113,0.6717592840523972,-0.2514513521676267
24.77,0.4245466203303237,0.3324458071418105,0.009619597565443755
24.78,0.20338501592450775,-0.08128453559736572,0.44378030003385693
24.79,0.09981422027166308,-0.40141744734393703,0.5557462762455571
24.8,0.21198920168179397,0.015013172881709447,0.16124049174645483
24.81,0.35636396413799737,0.6739495353327308,-0.27585557242484704
24.82,0.2820978080378227,0.4574852397707875,-0.34634657060433627
24.83,0.025094448452945298,-0.07901259004497599,-0.12324298962070504
24.84,-0.06040880538577246,-0.42260478388014,0.02286368460171509
24.85,0.07653861303687817,-0.2264758522496878,0.035184794986442045
24.86,0.20644351866003488,0.32683105776724797,0.17028876285959232
24.87,0.21126880013513266,0.5043143592755085,0.34477588286706773
24.88,0.0857941069617342,0.19766291960202223,0.39229853969616907
24.89,-0.06678174784965371,-0.02914830992800129,0.015435202630444622
24.9,-0.10469710762019191,0.07407212162677494,-0.626003622460633
24.91,-0.046777562834927296,0.05461396196016252,-0.8358010508489513
24.92,0.0018804759813609608,-0.2080257442747547,-0.36369276897585884
24.93,0.04030065584352016,-0.36190544750789644,0.463892897714633
24.94,0.12168041148185954,-0.23737196613850925,0.7874701773367331
24.95,0.13051759090573706,0.1812286569228385,0.5646729437027592
24.96,-0.02009151138899612,0.3808723269649055,0.20354765442344241
24.97,-0.20447512861855743,0.05591796361028473,-0.12126468867819062
24.98,-0.24531595195408357,-0.29683933402962853,-0.3924471827490273
24.99,-0.08243668952113001,-0.0583592655708578,-0.7245002792497443
25.0,0.11993217598695424,0.17408799814130155,-0.7498642410015092
25.01,0.12161798941082565,0.12796230977943734,-0.3544069506977252
25.02,-0.00982308982757138,-0.014432082299589977,0.16730374029719214
25.03,-0.08076693615451086,-0.0914550330464164,0.5095897568350681
25.04,-0.13722579242137056,-0.04937957057941782,0.5339158952614849
25.05,-0.22088071274880955,0.08934549450456615,0.4186602391672975
25.06,-0.17915401427132988,0.16604487017219666,0.07664117696527623
25.07,-0.039997757351324215,0.03722617468603924,-0.31222113189779754
25.08,0.030485795968416957,-0.10347948971378938,-0.27266699945468
25.09,0.06841128224132073,-0.3051778626544938,0.06754680637913252
25.1,0.10052126443569237,-0.18011325748783677,0.32997182291601995
25.11,0.1690563935867932,0.3817250036932034,0.12574109041432135
25.12,0.1763780575787317,0.06175603571820698,-0.16351329041376075
25.13,-0.08631756058218235,-0.3087853414103483,-0.0420180675964687
25.14,-0.27405246986928183,-0.3141751367886313,0.35745617497286064
25.15,-0.12008276836880033,-0.2617109445771391,0.624910894816109
25.16,0.12395872048025293,0.33932354411961757,0.3916336783156968
25.17,0.23417065386253302,0.8618640480492328,-0.21279602901678368
25.18,0.13573979634292485,0.49860767641167425,-0.6908255888866641
25.19,-0.10701938461307893,-0.22860301729910013,-0.6899647807364938
25.2,-0.20118469820895712,-0.6737695353619699,-0.3501532242215356
25.21,-0.04383046742822874,0.006596852002971221,-0.0584336658281798
25.22,0.17329640635352805,0.7295423428903641,0.14492332158385976
25.23,0.17925863431844138,0.30854391306748474,0.28104756695726874
25.24,-0.08859041248881874,-0.34128609696841455,0.44119707539435615
25.25,-0.25890241743026804,-0.6649223844095229,0.4054881655052593
25.26,-0.17467738136362151,-0.5206025466137549,0.2862737446873357
25.27,-0.010576474408445669,0.17327776219090668,0.05853910866500675
25.28,0.057579540187708375,0.6752988325506577,-0.23348890201563138
25.29,-0.05411647933324355,0.45100119601845634,-0.4459814804497092
25.3,-0.24718365190561498,-0.1847112489910907,-0.5428857455806996
25.31,-0.33997568728383754,-0.1270769123172763,-0.4936927459797277
25.32,-0.2097573747066838,0.15591240497472877,-0.25210951370631
25.33,-0.12313758667711225,-0.05937856949126005,0.18665406377875
25.34,-0.2061433664172197,-0.1147337250344356,0.6874108312817974
25.35,-0.18204159262442154,-0.3147615461450797,0.7893615493149291
25.36,-0.1814824419207042,-0.1808811014385225,0.5934604232814449
25.37,-0.28481889568106145,0.3140803174104669,0.2891258534919794
25.38,-0.32372143331223086,0.3588833745793464,-0.15553083809363039
25.39,-0.32421234277333066,0.11816602920347566,-0.527116264749081
25.4,-0.32687566989138594,0.09335331460615755,-0.7996513082513867
25.41,-0.2518843396657818,-0.07640602314191086,-0.5760392023448073
25.42,-0.1320107662243057,-0.12528537541237433,-0.24110631082777917
25.43,-0.10100925749886516,0.09227424002358357,0.1485283948228247
25.44,-0.11854266229822416,0.12890533593620204,0.37894352859634856
25.45,-0.1941759355189576,0.05773242472926882,0.3376109955265042
25.46,-0.2922183047232406,-0.1371165555773667,0.45861121138881433
25.47,-0.26097085622677035,-0.13881187598947026,0.08975904814155572
25.48,-0.15221593137313386,0.5914929161908171,-0.4790576957619102
25.49,-0.044132176057236516,0.35555286826433574,-0.7941849607149467
25.5,-0.09593243468449036,-0.2757037512064756,-0.5532798655030636
25.51,-0.140443410269754,-0.6280436815096296,0.09799202162019316
25.52,-0.002468803119156454,-0.10527436589464467,0.37376687154764093
25.53,0.16758644711188755,0.3576904267862954,0.37084474064260725
25.54,0.09051754788829658,0.28250501531712535,0.1139735923442729
25.55,-0.15047998452198047,-0.09312303934799332,-0.07491268487710123
25.56,-0.24387718251335969,-0.630982598670216,-0.033838599567861116
25.57,-0.22745588873474276,-0.36666517284182604,0.18370897386115487
25.58,-0.06719847416239128,0.26924933873659673,0.2958533280639248
25.59,0.1370444837960005,0.6543436203517248,0.005249233158510946
25.6,0.1328053835069688,0.5854113925812785,-0.35454459204419964
25.61,0.002163849797402251,-0.3792971184010201,-0.4433191478272909
25.62,-0.09833752756030922,-0.9908758161850324,-0.21975664875433576
25.63,0.0011395219458837091,-0.23556337033179398,0.06414229993318357
25.64,0.2666204025717954,0.26800104667687336,0.38620880650890216
25.65,0.2758169958365708,0.13983586231188913,0.5949111536552627
25.66,0.041004137528341505,-0.02368887055514654,0.48676307527404583
25.67,-0.08747098179840075,-0.33088461060953933,0.10400270350368696
25.68,-0.09801789129898533,-0.14192720130273928,-0.2910849396038017
25.69,-0.0021533129336362283,0.08692200401817199,-0.24542880499279984
25.7,0.10201668113784676,0.18661798072075383,0.06730465754978288
25.71,0.09997671902057685,0.4215685603461904,0.1322876247311819
25.72,0.14786145714629712,0.5167015730182585,-0.34363045187375296
25.73,0.19421207272022029,0.5498518665818806,-0.9439167706219216
25.74,-0.006260886554826844,-0.5460953613943593,-0.6050729386775021
25.75,-0.25397751532663754,-0.8709901099401601,0.35342954362414447
25.76,-0.0719452409808532,-0.7330532611047162,1.1664151406902246
25.77,0.349033623179828,0.11353769917572332,1.127742239428422
25.78,0.5560280501422974,1.6020775451850608,0.25706774245683706
25.79,0.32211696911267396,0.3786496185816137,-0.10880709672269073
25.8,-0.24509667437214988,-1.0719104015321912,0.3629398144697048
25.81,-0.4593864357462891,-1.4137763300074075,0.606134791876371
25.82,0.05318396295431088,0.7491475825150373,-0.42993951939129427
25.83,0.6809691751219498,2.776364800167885,-1.3780193176519084
25.84,0.5381120288455449,-0.028313949717637232,-1.7251546104792188
25.85,-0.32932661819318554,-1.5218677700703793,-1.039281545585526
25.86,-0.4349715811434681,-2.574746370625744,0.13654516183144239
25.87,0.1759604024432352,-0.3652839966888908,0.7101190735885842
25.88,0.6914758508017442,1.4252742484727823,1.23353522456209
25.89,0.5850436833607839,1.262162155858748,1.0004379783580464
25.9,-0.13782934528006674,0.5674749432876035,0.15367611520831526
25.91,-0.6148603011261544,-1.0057003207363717,-0.46543294401449214
25.92,-0.4656890184783555,-1.9733997685956681,-0.4657225198791556
25.93,0.004903801340453096,-0.8038641323137863,0.08065928013677748
25.94,0.5122142639975029,1.3989063881531996,0.1542075364200936
25.95,0.6786994166423594,1.7706538752960759,-0.22244140442068316
25.96,0.22703493117738516,0.2996446976041742,-0.5983976374912718
25.97,-0.49689739019856827,-1.002833415382973,-0.689865892392434
25.98,-0.7314030938102865,-1.2431433886877479,-0.23169946580035877
25.99,-0.288618813939249,-0.2825459482563287,0.39451936547529454
26.0,0.27288057156066364,0.5252184639419538,0.7137526215221839
26.01,0.49785540525070077,1.4444526065785017,0.08126877091824314
26.02,0.2213174299969995,0.37008690683709466,-0.4630324843574362
26.03,-0.3127974501169729,-1.1167009884219787,-0.036561626591462615
26.04,-0.4409515972209995,-2.0943982417194924,0.9136284249067809
26.05,-0.08004818046137661,-0.9601655051430977,0.9605300382316825
26.06,0.3893628976540993,2.460661995239259,0.18669139809708904
26.07,0.41555196563904484,1.354327322717673,-0.6350047428971874
26.08,-0.2745662238208414,-0.15587062544410554,-0.8212245752079749
26.09,-0.7023357230960121,-1.586954417613386,-0.33535936487727924
26.1,-0.440496386336965,-1.7339928084807394,0.2875252407073011
26.11,0.1359911705588426,0.28467798318664306,0.4382101485655664
26.12,0.6693309801992795,2.8544645410607594,-0.1824426810934443
26.13,0.5639407590379257,0.9050142335716822,-0.8398865057796514
26.14,-0.3154905756495125,-0.722007749482726,-1.053946107234893
26.15,-0.7458697775945154,-2.0984551258437083,-0.2949573817991634
26.16,-0.4007091797499539,-1.9703503233309299,0.7479045703806101
26.17,0.19640309667778855,0.47940059683423725,1.2621205626101053
26.18,0.6749523447205942,2.2997605558411425,1.2053382263571997
26.19,0.5574847021103844,1.1003267238377061,0.5282605125422964
26.2,-0.2411742027383699,-0.43325337684423393,-0.1466368991020935
26.21,-0.6757482371256107,-1.7790560377458953,-0.5844844450874871
26.22,-0.3846079297168228,-1.505025322491691,-0.7681442452379229
26.23,0.194490528674189,0.8585619502043522,-0.5367107864391787
26.24,0.6470153807769433,1.140016773785405,-0.2171921283697526
26.25,0.41969119971688257,0.7437629497577359,-0.07502710486745885
26.26,-0.1465515002655523,-0.22788875919104268,0.09912486094881301
26.27,-0.4063663169044308,-1.2365666868922554,0.10792944277330614
26.28,-0.3716126866694093,-0.9306386694768081,0.4915772034604595
26.29,-0.061110678067887975,0.2789946525575766,0.6716375472276808
26.3,0.28901017193155365,1.247738079772957,0.2246271999331783
26.31,0.2645290577365733,0.9250910812511006,-0.22612475277162442
26.32,-0.16236385417592902,-0.017943870988083782,-0.3672340489301084
26.33,-0.4657644594509182,-1.1243707430271264,0.315360156444259
26.34,-0.32921473305446386,-0.9856227711617851,0.5966976813913073
26.35,0.08116419452369972,0.9836925821974216,0.01488859432008606
26.36,0.49366913710426397,1.3269757608912827,-0.6248534001396232
26.37,0.32335489199180295,0.06376928475103028,-0.9563068736484134
26.38,-0.21909400108564933,-0.8289190017941108,-0.4174567645884727
26.39,-0.3226219758678836,-1.2195823284357443,0.15609477687169243
26.4,-0.04220004503584275,0.2595149783038021,0.38900362087172785
26.41,0.3258543798512177,0.9682653436790276,0.4203834534166469
26.42,0.31713492670903587,0.609033783955463,0.11586270315039024
26.43,-0.038154772505607906,0.15029296214889334,-0.14230724644489212
26.44,-0.1911266254367383,-0.6772272864737887,-0.24392064581020037
26.45,-0.061827604730087984,-0.7808308687127801,-0.1771809198934591
26.46,0.13623526903017916,0.3381229192115598,0.03912570457336886
26.47,0.3269319416674283,1.155848888146145,0.01921401632523166
26.48,0.26879097392224516,0.4142961711884503,-0.024808174289990336
26.49,-0.038184443285247074,-0.2586666673528949,-0.08257738189620417
26.5,-0.17986045158828262,-0.7655040000156322,0.11909565230731103
26.51,-0.11843493603761703,-0.21879102196510694,0.2793535760278309
26.52,0.1126766338496464,0.6114598800877878,0.17425767270399536
26.53,0.3399246850462603,0.5521331769828548,-0.047859372741500074
26.54,0.2281741619945283,0.38628495535928864,-0.4440508689535366
26.55,-0.01756122586518054,-0.13238504870014353,-0.5634627147666306
26.56,-0.14359726137184625,-0.6669087456300951,-0.09663240801060874
26.57,-0.0740668594783245,-0.32552084246880486,0.3777978246397263
26.58,0.12594568177645687,0.5869254511916293,0.5905505238612859
26.59,0.21636695664560793,0.677575516518029,0.5898377658603446
26.6,0.03665342860162249,0.20525328868031717,0.4045053155741324
26.61,-0.17613185626974429,-0.3722197319342236,0.22738662363920736
26.62,-0.1720672203463931,-0.5080840631022673,-0.09023532067641651
26.63,-0.03911060738869331,0.12958118486980646,-0.41079153313858063
26.64,0.07216998265581746,0.6893404534164186,-0.48381636702270336
26.65,0.0289280739115748,0.49085122986526425,-0.33774841591628146
26.66,-0.18520670484608803,0.11491922342481223,0.01499396091541838
26.67,-0.29467209827815016,-0.15555557055617147,0.15132462500390004
26.68,-0.16630743128316855,-0.23974320965207124,0.16154163234377772
26.69,0.00376409530537887,0.013622196946314655,0.2729625841562938
26.7,0.08906334887336753,0.2223531724434837,0.14140825943255605
26.71,0.016201784208574065,0.19409007970671496,-0.03912768297827016
26.72,-0.15618844265946624,-0.013630007317161623,-0.1591773413462796
26.73,-0.3241914567955066,-0.1965538474285769,0.03496943869931948
26.74,-0.3179447939905507,-0.21240167959940573,0.3621054398578337
26.75,-0.09502381836562904,0.005562356151700143,0.20477357054916978
26.76,0.06805520278333248,0.31081873521601733,-0.05143671380292136
26.77,0.042888875355725255,0.23896658756023467,-0.27036712454834916
26.78,-0.1430288914946955,-0.193587809657453,-0.11348708564493967
26.79,-0.3033077170853453,-0.4641870916867673,0.21963269261020493
26.8,-0.2667122499524402,-0.2418967874930056,0.18390355309848988
26.81,-0.12166128394929576,0.4591564830463122,-0.19952640494394303
26.82,-0.03861000489716426,0.7995107644457887,-0.7267924137034794
26.83,-0.15860635290206396,0.17024929354750862,-0.892246799689541
26.84,-0.35681393943796846,-0.3046042412136979,-0.6275624967604555
26.85,-0.29646424757563433,-0.3527608399917846,-0.1799545381099616
26.86,-0.056610880211143605,0.20283208013385876,0.29247461214305004
26.87,0.06031854490338295,0.31147156663044784,0.5851313813427016
26.88,-0.10320135157576599,-0.007951530876765298,0.7148368301698882
26.89,-0.2795868568144741,-0.3436962181284775,0.568371893113588
26.9,-0.28721338289474424,-0.5454821256307147,0.3055615560452982
26.91,-0.214845266750017,-0.12462404409785893,0.0520536237293967
26.92,-0.12569368417938875,0.4346366488135199,-0.26254538313771325
26.93,-0.08883917844513858,0.5344492305580897,-0.6905235924720804
26.94,-0.12193910297141636,0.223559037599897,-1.086666451969929
26.95,-0.14191579902346105,-0.08985871244678258,-1.0920137214985233
26.96,-0.12337491557258834,-0.48699628020851204,-0.42323166120026223
26.97,-0.14368103377097866,-0.5319106051015361,0.4956747389554459
26.98,-0.12885278045975207,-0.11201784546409545,1.0726032271539216
26.99,-0.09259558142368371,0.07497854146863468,1.1350035886763055
27.0,-0.21672879262409556,0.2958747281604498,0.9052303053948623
27.01,-0.31861852904926036,0.06058606822095336,0.4030921076951796
27.02,-0.30913326154085286,-0.30486194695564783,-0.20181659504518404
27.03,-0.24155485187152073,-0.1737979162254488,-0.6399577695707944
27.04,-0.1001068912528683,0.011791909935455041,-0.7610939748999733
27.05,0.0184444658015905,-0.01960232658346207,-0.6573398338608366
27.06,-0.033891912549814426,-0.029577120640423095,-0.33521807386186786
27.07,-0.1667749267347753,0.08328427537772601,-0.020581105682366978
27.08,-0.2336380538547866,-0.09096269348019456,0.20537641749863655
27.09,-0.29688108418843157,-0.39603685300411273,0.5756671868086036
27.1,-0.2890546571231318,-0.34702162858279406,0.6948067689365014
27.11,-0.16743679242175452,-0.06230070919493236,0.4228226470430524
27.12,-0.06384035152933826,0.29352019319131806,-0.08107982589236568
27.13,-0.0625302014136966,0.11558503976178597,-0.345952014601553
27.14,-0.14703010918976206,-0.4639235552968405,-0.1871531613802297
27.15,-0.2329928384661189,-0.5091769797135841,-0.06197467628411783
27.16,-0.2147518412468997,0.07702313103892316,-0.04613559456613816
27.17,-0.15878911495915587,0.35829174797654706,-0.015345369182889857
27.18,-0.2519772794511208,0.1096001801342516,0.2704201219133501
27.19,-0.37419983120535005,-0.22723860475620797,0.5817964590269308
27.2,-0.3254522984470903,-0.3929031966644697,0.5348149544501433
27.21,-0.1426859872360809,-0.10199056241159032,0.10683896441060547
27.22,0.011241433827105685,0.33596802675948645,-0.46503491325724655
27.23,0.009633034132136856,0.21481365595531404,-0.6946385756162616
27.24,-0.1250522320166063,-0.2816459580377671,-0.4978426248792577
27.25,-0.20024271225277887,-0.5805656882969685,-0.19663919643068506
27.26,-0.13367740821786062,0.2842795285658829,-0.03002786397701622
27.27,-0.0035252340382980196,0.5736678937523965,0.05833536517901318
27.28,-0.04467204189754854,-0.1734769238299249,0.2048679927979568
27.29,-0.21264100282893283,-0.4931910192108119,0.29470541477452394
27.3,-0.1541549351412094,-0.5477823788800621,0.2501149826604979
27.31,0.018470766328142943,-0.17954794926061673,0.19390087640835174
27.32,0.0917579680767154,0.3375117550808355,0.11895909892293946
27.33,0.018771944617437947,0.499927244622165,-0.09179644283966687
27.34,-0.15515486885408575,0.5502877133635273,-0.5858772141415147
27.35,-0.20117463177546113,0.3557588321649194,-1.0592899323827378
27.36,-0.13824880432775127,-0.29883218192511873,-0.8566500761483551
27.37,-0.08774894285230456,-0.4868290901963914,-0.13248618440792964
27.38,0.016293410569523728,-0.3267820734687973,0.6140327207960726
27.39,0.1059964899378573,-0.15957267889112972,0.9546412018615441
27.4,0.03949664999008737,0.11784976079556966,0.9066695648954368
27.41,-0.14211579270367747,0.2731035310235426,0.5554136735071418
27.42,-0.2795470066812866,0.10123765976674154,0.011607076935838623
27.43,-0.30502719319021415,-0.17780925669018943,-0.2743092576842183
27.44,-0.18121929308388876,-0.2759809245221251,-0.30377846357574895
27.45,0.04092381531904986,-0.1434625131630098,-0.3030749766200821
27.46,0.17664414334651693,0.17281764477475278,-0.28630785070841075
27.47,0.19191242079974627,0.2576937015643221,-0.37988298306661555
27.48,0.025279549406667268,-0.23032755888283507,-0.19473580406608923
27.49,-0.2607330721818054,-0.49991440182988184,0.22900003119095483
27.5,-0.3859238714032433,-0.23260206113250864,0.494911444831552
27.51,-0.24841899179857913,0.5898883860075066,0.30092532237344405
27.52,-0.07633960883862773,0.6054633570230091,-0.05917090373100792
27.53,-0.14264855423955666,0.10491362180901659,-0.10044113155705955
27.54,-0.23400970838650748,-0.5593269741531987,0.09990147694415695
27.55,-0.15495370323196933,-0.774039038909934,0.1406167716888459
27.56,-0.040438022478461844,0.1210156763507596,-0.0507435236625661
27.57,0.02652153036928711,0.572591430018502,-0.23130228234743
27.58,-0.10075896006676927,0.2698178768727312,-0.13659921804580874
27.59,-0.3320132567033347,-0.12976433139450194,0.08279897506097131
27.6,-0.33678427689464496,-0.48394666266841,0.20545203849614954
27.61,-0.0955910895684543,-0.42680028386821967,0.06631664561436681
27.62,0.09497679786723418,0.027893313217831173,0.013954815668544165
27.63,0.13228477328726262,0.10334051200215344,0.003912065368910636
27.64,-0.025081589206980365,-0.09870667913495226,-0.057354121564529674
27.65,-0.23202036560627093,-0.2293418194953386,-0.22018072521092252
27.66,-0.2529850679579534,-0.29512660844288735,-0.3897566012976168
27.67,-0.15141595857277204,-0.1632753910566253,-0.199585192131896
27.68,-0.008048094729879648,-0.06338273215056264,0.033471510671754925
27.69,0.08290789054813735,-0.12622042705044925,0.16219808147229395
27.7,0.04345444797075192,-0.1570172756632587,0.12826666975423878
27.71,-0.10259062722821674,-0.19898910451409962,0.22528392064981909
27.72,-0.18499962009476664,-0.3979754152888567,0.471981064257008
27.73,-0.12669347796033048,-0.3155098579668375,0.35975144085561306
27.74,-0.003537088411934758,0.25588910368770396,-0.17717508279370026
27.75,0.15309820234632218,0.8483330052564286,-1.096214183307176
27.76,0.09606345740359018,-0.09166756269525345,-1.3445114363184736
27.77,-0.17462329693125328,-0.6244536769513254,-0.772977509002208
27.78,-0.22901952462879838,-0.720733126509395,0.1557334963984056
27.79,-0.041701740442394386,-0.1931532940865892,0.8539481009949235
27.8,0.07763772255689912,0.31451639047695945,1.214022295468952
27.81,0.069258092227445,0.2115179862540663,1.1272787586637476
27.82,-0.02503295539725177,-0.2911336075045958,0.6005429405597794
27.83,-0.13451770671063373,-0.4646690768809571,-0.18370167886761463
27.84,-0.08498452911433658,-0.45759162930139063,-0.7564646563903837
27.85,0.00825681309075918,-0.12815180271523713,-0.9150547815119109
27.86,0.00498191659799517,0.20008673141279298,-0.5252716932381045
27.87,0.003958628924458496,0.06028093268634538,-0.11813548668150792
27.88,-0.020430777223765594,0.12303499746671001,0.0646616976019489
27.89,-0.0162683341352272,0.13060892483791045,0.16066025297904696
27.9,-0.02761230839732843,-0.675947335228678,0.4435869461418569
27.91,-0.08708656311347797,-0.6576356598433724,0.4829771327192971
27.92,-0.0215275006815997,0.35617109291421556,0.13779825920044958
27.93,0.14234440506535356,0.24713033672876178,-0.16180326201713466
27.94,0.027273030974382134,-0.34203772928754816,0.135181682121375
27.95,-0.19791553676930465,-0.6714478321545464,0.8231674874717138
27.96,-0.08397907694067208,-0.7763130608840086,0.7060780638581533
27.97,0.14669185308430316,0.8510544058502258,-0.21009808060345714
27.98,0.30709270283145895,1.0069695298762582,-0.9695628748598406
27.99,0.12339485652233476,-0.4421533448042747,-1.1745616718256984
28.0,-0.29616633648215995,-0.9774957911068718,-0.5430026298693084
28.01,-0.19211153451033464,-1.1581716184847755,0.08059014255348496
28.02,0.22198141433994395,0.5740776603880231,0.27357398244473896
28.03,0.42715109278810826,0.6704533119089104,0.49007708453238286
28.04,0.08019165076006451,0.33243004243817464,0.5318669287242523
28.05,-0.35545461141561235,-0.32380221808126325,0.46447585076805986
28.06,-0.3345497559464588,-1.0791397357681412,0.19445149917431592
28.07,-0.06647054641054911,-0.3369368710137971,-0.2252556058219395
28.08,0.283449023403687,0.5413987163200882,-0.32662819540247895
28.09,0.3946020227783524,0.4172012763754831,-0.25105992011508543
28.1,0.11501242300220144,0.007604250189324091,0.01731553371424313
28.11,-0.12355322195848246,-0.5914253631201795,0.05893895441437037
28.12,-0.21066494462447594,-0.43529994952033313,0.04990184716686902
28.13,-0.08700543773085678,0.15852865638304475,0.01753865962548165
28.14,0.10136921185733061,0.5890357352666307,-0.10957149300520065
28.15,0.27957851574091025,0.5998127301991101,-0.8010448379930843
28.16,0.26286310277360103,0.43993350170164425,-1.1432442221658308
28.17,0.10601816243431308,-0.8084767946713967,-0.6267479487050326
28.18,-0.028962354812179167,-1.4007292710343369,0.7313785507810397
28.19,0.025084584917266013,-0.5155671018789434,1.5237062072941439
28.2,0.33048941708567814,0.8910676668107265,1.2805536356724074
28.21,0.4698805269025373,1.2447113009034707,0.3754766149991915
28.22,0.1444956087045689,0.5059763930633537,-0.5799232174986121
28.23,-0.2635668297166197,-0.5513005231712562,-0.8633555935261581
28.24,-0.3043301468051679,-0.9339405506467082,-0.5587538920630759
28.25,0.14913041302335098,-0.4950219449667642,-0.25953695158663154
28.26,0.6271140893125112,0.6654036785598094,-0.14446404387488734
28.27,0.6462174410001235,1.4734833483126806,-0.16091117967915353
28.28,0.22186164868724012,0.42517067088364535,-0.15041349652592279
28.29,-0.36263072690393,-0.3401149290168346,0.0611977093782512
28.3,-0.4332638090407227,-1.1764568776101934,0.2915577765759184
28.31,-0.16020023246106146,-0.48684440457554323,0.5713846728070966
28.32,0.3183615088809772,0.62319306939596,0.4957760974005643
28.33,0.5858806532820269,0.7296775406283701,0.4474182706277167
28.34,0.2840232457256988,0.3839290029225112,0.3202756954083747
28.35,-0.18158892576104624,-0.35327770379625395,-0.002293014361484956
28.36,-0.37204998623739155,-0.6381646730613719,-0.5058402296311483
28.37,-0.2488602582390952,0.6266156020943257,-0.9371159350240666
28.38,-0.01182010111188162,0.45318069510239634,-0.6512605472514867
28.39,-0.0024864682481912006,0.044762442347371104,0.02629940659519539
28.4,-0.16339662038923833,-0.11786766826249592,0.6911566598770575
28.41,-0.20330420398984578,-0.3004785950959143,0.9289802726112711
28.42,-0.17788104940407623,0.33566477486451485,0.4147898601160284
28.43,-0.2582106151211587,0.3642639363807865,0.20622070864048175
28.44,-0.42955244083018035,0.030117346619057954,0.1021399790972581
28.45,-0.4977795367886808,-0.13576253643123892,-0.11809499602728064
28.46,-0.3067363186739825,-0.13285007202993662,-0.41052505833253744
28.47,-0.10724389136489568,1.1158960840417862,-0.9249049800228764
28.48,-0.03475415312328505,0.14153886444319846,-0.6983610166799699
28.49,-0.2940680128744335,-0.7060232326383953,-0.11111403684342958
28.5,-0.5241878580632914,-0.7216746435605516,0.566286563832384
28.51,-0.33467605318520316,-0.6100765522692096,0.9243656104609961
28.52,-0.1635982038216254,0.2749515255415341,0.9055225974757706
28.53,-0.1809180676615824,0.8108596342252804,0.698907950476336
28.54,-0.2486407401643298,0.2716645548772678,-0.016367394319341116
28.55,-0.39359376026558596,-0.3007864483635623,-0.8072398235001639
28.56,-0.41624690054053093,-0.4819929428656155,-1.2960957816502274
28.57,-0.22726636828580477,-0.5262391193656158,-1.068659851665866
28.58,-0.02745495253040573,-0.21887543400458184,-0.3105014281309232
28.59,0.03731554807137976,0.4154826868232759,0.29163120567680145
28.6,-0.04383511156862629,0.32788840769745686,0.6634510555045154
28.61,-0.27904654899809217,-0.29715819142589495,0.7694274339681243
28.62,-0.43776405599956014,-0.5803417622998667,0.6190521169402502
28.63,-0.28072877402773194,-0.597664661912814,0.29050278426788606
28.64,-0.010151439032321873,0.07791100108063023,-0.31558792682184067
28.65,0.12704792211236288,0.47907834804357086,-0.5872484510905863
28.66,0.022141218066806835,0.1107578105607927,-0.5123005282211762
28.67,-0.22421590512753614,-0.235563466458418,-0.3150181356402967
28.68,-0.30670547349541405,-0.16697754239160595,-0.18317179463102454
28.69,-0.17232156303103305,0.28888394388791083,0.011529362899957755
28.7,-0.027758761595156646,-0.34143551149483176,0.21185060370671707
28.71,-0.07126236088722314,-0.020160575347156984,0.18784110633349752
28.72,-0.04225242244621539,0.29876133768834334,-0.01715295854557344
28.73,-0.03254701299006257,-0.3487951823644124,0.1062989809585096
28.74,-0.19525624803609148,-0.6269691571992352,0.642843845531093
28.75,-0.19843495461033206,-0.4425115802530307,0.6560474081530087
28.76,-0.051978462106036724,0.3047483439419939,0.0286510331787459
28.77,0.020344895851819856,1.0010732263161717,-0.6902421406102547
28.78,-0.09350228575775688,-0.017566799620551604,-0.7229435058034452
28.79,-0.32719310846424393,-0.830516290145376,-0.1451474487129893
28.8,-0.31776045461306923,-0.9481778485837238,0.4673456752952058
28.81,-0.024136300475983183,-0.058338689623017914,0.47296028176728055
28.82,0.20861226871599875,1.2396676412981456,-0.003197052575371548
28.83,0.12358685722267178,0.41200803545602294,-0.3565349659848387
28.84,-0.26294231152868586,-0.6874052656815332,-0.37356852317954503
28.85,-0.4251005159188667,-1.1614118381413152,-0.155257273120263
28.86,-0.12756277641505387,-0.5445224461142291,-9.473377519722548e-05
28.87,0.2320492477499433,0.6260997164587982,0.1914068682160644
28.88,0.2568363267567639,0.2750780090767891,0.3988292963321518
28.89,-0.08099189967491607,-0.14230998346796056,0.39747593284165234
28.9,-0.3206209523028951,-0.67760896856994,0.26756642697667454
28.91,-0.29013708274767097,-0.7183010973784778,0.1631657137422651
28.92,-0.11850534133634048,-0.072593929203387,0.17713624402960954
28.93,0.06729982403966467,0.5227042686009267,0.000628756866457969
28.94,0.10659843821517846,0.7228401450678941,-0.619548552561596
28.95,0.02435146086412498,0.2410811323074763,-1.2010671940531557
28.96,-0.12087380617131559,-0.5119693740462117,-1.0962851414318653
28.97,-0.2663978330960961,-0.9213122674697763,-0.10430226918084101
28.98,-0.20159085859770298,-0.4444684720810437,0.858127725990647
28.99,0.035845298108853695,0.5290412044387207,1.086362604317549
29.0,0.12763259749663422,0.8391911547524784,0.887156891862513
29.01,-0.08545787085273422,0.1687576538289643,0.4799848015032506
29.02,-0.3299540876180333,-0.6782590983696111,0.08320318856391155
29.03,-0.29313934544382914,-0.8869943991845033,-0.31097812203565794
29.04,-0.012905577669414692,-0.2056933332528577,-0.6854284864803367
29.05,0.25196821883174336,0.40719066264517617,-0.7531810307817581
29.06,0.2242786348451195,0.5225748091966076,-0.6378878340772355
29.07,-0.006479957722632171,0.3713188059123964,-0.5304589788656742
29.08,-0.21165874868526163,0.14160473779645688,-0.3495353977941087
29.09,-0.312082521832193,-0.6371773152869636,0.14289211388534442
29.1,-0.345882024203343,-0.7788314730752381,0.7717325139667102
29.11,-0.1531399149732502,-0.016601932502625538,0.9109913746410657
29.12,0.16403462801949095,0.6364308500338557,0.5025695596022686
29.13,0.18582517316584873,0.5990943396697515,0.1257812518210535
29.14,-0.0804806318737594,-0.2946024630266958,0.053717807453453156
29.15,-0.35491289679077764,-0.7579594893651033,0.023586775874956452
29.16,-0.3080595524895423,-0.31522660407216563,-0.2965888123328999
29.17,0.06116492168583758,0.489832684846368,-0.8575516689289954
29.18,0.2278101911506658,0.5605226484621693,-0.8896860603113375
29.19,-0.05783661801897172,-0.1525442976603858,-0.21466405519041637
29.2,-0.34607069854218386,-0.7317635204598464,0.6014766720181384
29.21,-0.24292015309784448,-0.6388584341326462,0.8124253273445137
29.22,0.044826208721411326,0.39915637730160874,0.4692841547255282
29.23,0.19888177622290815,0.4680365295073917,0.05046992365723374
29.24,-0.02383728021654344,-0.19947366043649006,-0.14196969969118267
29.25,-0.28494970994079494,-0.6215888683339668,-0.16564387604290787
29.26,-0.16223503811066367,-0.7130037285274236,-0.3120142395545898
29.27,0.06340360396901833,0.22435360728225195,-0.3149263990746555
29.28,0.14077121545221755,0.587722380165832,-0.21273407298127844
29.29,-0.03723004760027962,0.02506120899558617,-0.08296290895006882
29.3,-0.26968555948897216,-0.44368717515249523,0.15644871617068887
29.31,-0.2920314590620324,-0.5962797564812985,0.40087095782430315
29.32,-0.20503284996192256,-0.11845938541496509,0.7076443095448847
29.33,-0.06339116403947799,0.42224124406877017,0.7275135397559898
29.34,0.04787850913978403,0.5554536743894909,0.10779658485892502
29.35,0.011728958954645458,0.21936612111419412,-0.7280067578508367
29.36,-0.12429511863522272,-0.4068564525875582,-1.0483022758089304
29.37,-0.20702717858992695,-0.8640737255165766,-0.5157754042905329
29.38,-0.12368050230202353,-0.6362055888414906,0.29172952080327735
29.39,0.07932061848439079,0.2136437502629273,0.7164558776458912
29.4,0.22256291459231708,0.692907150004799,0.5914453447456478
29.41,0.09222534416049227,0.278170302316176,0.22669184412289278
29.42,-0.20790372840580137,-0.5693263211742979,0.16899626378269664
29.43,-0.28748826920936016,-1.119733135971749,0.27644608057097236
29.44,-0.05389049017253353,-0.705942042083363,0.18415222229189973
29.45,0.28152827421337645,0.2738538862771952,-0.24264836639977233
29.46,0.38408597710261105,0.7169653186091287,-0.706733412636513
29.47,0.11305089861750778,0.2875346633145675,-0.7145864422331137
29.48,-0.23699190040809698,-0.5018849423792503,-0.3478788512644583
29.49,-0.31917043376732435,-0.7410900175431056,0.1338942492493983
29.5,-0.04042050365807451,0.06321892143404317,0.2480393384406633
29.51,0.257274858336634,0.3729926605978135,0.1422915698661423
29.52,0.19563663255681038,0.007799526364124426,0.09930688262211015
29.53,-0.0686338093072193,-0.48993083320841146,0.38330309101134
29.54,-0.1692296903623153,-0.884657734511517,0.6819566930228469
29.55,-0.07546915053542494,-0.3409894979972722,0.35591600383126465
29.56,0.10174160921170278,0.869742286948269,-0.3823129204160553
29.57,0.16069764486531907,0.8897253789179533,-0.9842187239356548
29.58,-0.008177097374554382,-0.060946204586687314,-1.1558942616852756
29.59,-0.1461388940258243,-0.9919759424043456,-0.6415497545915266
29.6,-0.025946355213610495,-0.6831028768102285,0.05903325813417132
29.61,0.24143551972812316,-0.13244751161927062,0.6131456923603393
29.62,0.29573756642111393,0.19272482677667588,0.8568771614053579
29.63,0.09775322275987952,0.3424207875840764,0.5302460726815865
29.64,-0.13997144206659767,0.008446148258166808,0.03396236234841221
29.65,-0.2433037205911252,-0.4292931641965547,-0.2947240558225354
29.66,-0.1055421001167608,-0.59700941627245,-0.23992897020064605
29.67,0.2028096842279207,-0.24971947890464297,-0.1008779508799926
29.68,0.44870928086023004,0.3498869789567474,-0.25049918629374546
29.69,0.42899063127074216,0.17810576260691185,-0.24702660061237652
29.7,0.10085121574986428,-0.3514902909408884,0.13622338754991023
29.71,-0.24340576727932084,-0.5834427289181526,0.639852412827389
29.72,-0.2796607677901886,-0.3249068652176481,0.7517612738960455
29.73,-0.020758083562496976,0.5967184090905208,0.07650103115939977
29.74,0.24462238021087518,1.075333001062628,-0.8664008169965798
29.75,0.29276161989472943,0.23933853504471536,-1.5383869061394604
29.76,0.11150702856415423,-0.8516944035186844,-1.1121980901583848
29.77,0.04983427293588226,-1.259422218408995,-0.032820154026225956
29.78,0.23017766088695812,-0.3809025722354924,0.8194190959805989
29.79,0.330905469860898,0.4093806168670538,1.386760224920856
29.8,0.17037174468752525,0.5657376403670702,1.4801486007530613
29.81,-0.09504739403259782,0.07388513154685855,0.9742884272512462
29.82,-0.22427120340607606,-0.46371859475148897,-0.007410790418544866
29.83,-0.16038759982264153,-0.3613892668311208,-0.8041846899601195
29.84,0.09624368012769718,-0.019599437459697888,-1.1667806912824696
29.85,0.33055513732478414,0.10706504155418549,-0.943143087386171
29.86,0.3793270963046957,0.09943061932004836,-0.6361650483975129
29.87,0.24471938211597444,0.9711090794639565,-0.4852729106429094
29.88,0.04126896814809833,0.36228056428783506,-0.21222628759653114
29.89,-0.28997532322681263,-0.8309491395827101,0.4063481802569446
29.9,-0.4363904326531634,-0.8974942012247784,0.9273633397879484
29.91,-0.049846781636478044,-0.41638992524330887,0.8571985043336104
29.92,0.37177232920141967,0.5145964187297551,0.4699890382363441
29.93,0.40710157621709814,0.9385616397368761,0.19097106507703276
29.94,0.16768035508883852,0.13439515504060207,-0.06354367889909807
29.95,-0.178695796270531,-0.46538975180298703,-0.5173984133808354
29.96,-0.2651703706886314,-0.30622941127505515,-0.8789564346373777
29.97,0.02005015151716616,0.22064098270481958,-0.988854304562716
29.98,0.21357130784840736,0.2613865844531733,-0.4689795408509966
29.99,0.14479338498114938,0.2818750586204761,0.21484678220319664
30.0,0.06479560819524995,-0.024165841161250867,0.6147151257000517
30.01,-0.001332248232210731,-0.20123754869930788,0.6097883688570731
30.02,-0.09782173990796184,-0.05055192811175041,0.4616304048631723
30.03,-0.07906240139901335,-0.058566339048562795,0.36498171202475743
30.04,-0.05296426394453824,0.16060084303965205,0.25100421284230834
30.05,0.014577755400462841,0.2414679040731852,0.0040879255192144415
30.06,0.10461888318024802,0.34728149218207266,-0.4986108562541013
30.07,0.07878707647144034,0.5778247129253117,-0.7715179872056352
30.08,-0.03641395170054795,-0.5261485913574797,-0.42972046551917814
30.09,-0.2370864207573548,-0.7588212108092133,0.21168967530534788
30.1,-0.1214084388599376,-0.4409624073292388,0.6258387514949946
30.11,0.14301135317838992,0.23742275958693349,0.7099959128073647
30.12,0.18047731691999672,0.7930743013556248,0.4689641448501978
30.13,0.03264184225573591,0.49618560911860293,-0.16505175653232995
30.14,-0.1784242302330145,0.687462955224329,-0.9439385995965048
30.15,-0.19251593292161362,-0.28439607952808466,-1.1632016881121947
30.16,-0.26741600499608104,-1.3393670998931608,-0.0815137558570862
30.17,-0.3368916424006546,-0.8985533062389166,1.4104054822006717
30.18,-0.028069405550722792,-0.01734919083951736,1.7217413925247498
30.19,0.2874411946082832,1.905772470494613,0.6323015554506959
30.2,0.20094193560701373,2.337819453975358,-0.7988748892920887
30.21,-0.340483701307256,-0.5846177675725728,-1.8210836416901288
30.22,-0.9224707288553846,-2.038255986076309,-1.6665800465232175
30.23,-0.7393938505525743,-2.0211204630486836,-0.4380799198989369
30.24,0.05428749851199688,-0.13267121022619088,0.5352346975048667
30.25,0.5977903328926938,2.674931125080562,0.8956811272993104
30.26,0.44917352069745,1.8599560326786138,0.7749399767851531
30.27,-0.44785382543738705,-0.11861627102785488,0.3481552691381788
30.28,-1.0714820974861867,-2.0632893420396554,0.3156145712300239
30.29,-0.7981819190581132,-2.5891007446195013,0.5371305197462808
30.3,-0.04224696859300692,-0.3641587259216954,0.41142827963191164
30.31,0.6737572046483177,2.393621883679869,-0.29885748237465026
30.32,0.6862933186345445,1.82228456989886,-0.8773628662065949
30.33,-0.16618292594517636,-0.08036227881174707,-0.9402173378686659
30.34,-0.9348402524828596,-1.8372748777371046,-0.2277323672346191
30.35,-0.7713403939960968,-2.032059538236059,0.12984939826641254
30.36,0.045108793374702194,1.5938917832397959,-0.0767521733169288
30.37,0.6779050608011706,1.0207922334548545,-0.14976431700392562
30.38,0.283319220653661,0.6715764259184847,-0.3794532117713513
30.39,-0.27984990479223015,-0.9211876477338617,0.17367820828141603
30.4,-0.4128069811725794,-2.4279500281572166,1.024653088660582
30.41,-0.24449298792843305,-1.3627715497768775,1.3986450508763963
30.42,0.276751299871057,2.121556690179873,0.6740918513596252
30.43,0.5950662742409739,1.9644752722054681,-0.41144562241424776
30.44,0.021539835508735016,0.3600302371284443,-1.4869830447851096
30.45,-0.7202480009548727,-1.066941452473251,-1.4444322571176187
30.46,-0.6815757537442427,-1.923426140620545,-0.5386898803794646
30.47,-0.03499228653840526,-0.4113095581183146,0.30186389539170577
30.48,0.727607847627062,1.5032252613238346,0.5252735341857986
30.49,0.836833489178785,1.1767146357705804,0.09439937758818104
30.5,0.018053304531970557,0.1793900406659163,0.14157628555302942
30.51,-0.6414746955398171,-1.525879428830303,0.43548572793085794
30.52,-0.6020882459298439,-2.090295324126808,0.5523074596103034
30.53,-0.10417373920452148,0.48039666571466955,0.1878227109879932
30.54,0.516421632027154,2.0492922022629823,-0.4118406810799035
30.55,0.5517592641523721,0.8458582305505504,-0.8860434618222727
30.56,-0.05529155754653918,-0.4748736792098598,-0.644755633470122
30.57,-0.30343949670472303,-1.884883901276133,-0.074708557484016
30.58,-0.08234803995367548,-1.4288577679968175,0.23464187250191107
30.59,0.18715172472547292,0.8680443787897303,0.7096203950185166
30.6,0.40127137310213756,1.0619724607458307,0.6532121422125112
30.61,0.10292055253070043,0.6600667909382145,0.40732401341742924
30.62,-0.2755169330483867,-0.2725718216651205,-0.1127994766891007
30.63,-0.34302652022245683,-0.9965505981480389,-0.47430592077273503
30.64,-0.10518894489292258,-0.6267914550828909,-0.49190019954380565
30.65,0.2791143441769169,0.11668867952802611,-0.2388860616772045
30.66,0.459079364746925,0.4867685894156867,0.13239731156479398
30.67,0.2622690546771059,0.45483047797984205,0.18084140892226125
30.68,-0.11062631041335441,-0.06649545296254845,0.13989690204926725
30.69,-0.3445357808269406,-0.453059520178665,0.007695155518787647
30.7,-0.2903231469440263,-0.0679416009653365,-0.17891221603784893
30.71,-0.013136527237705236,0.20258522536861767,-0.24577555699908055
30.72,0.15096182359425442,0.31644208003406404,-0.08837752942817584
30.73,0.07957269608902448,-0.11420100351204962,0.47255899766957843
30.74,-0.08186295844381697,-0.483325554472948,0.7581558033101731
30.75,-0.21543729803849715,-0.22347024052846606,0.49489113080016034
30.76,-0.2271476666176744,0.4216194826349025,-0.1369014140275171
30.77,-0.19766645796248197,0.634604702929514,-0.5684482438997149
30.78,-0.1917060128809947,-0.08602149248670196,-0.4407912571177915
30.79,-0.1644077358273134,-0.6578390168614903,0.0408284502463163
30.8,-0.04404354231124482,-0.2986999487814721,0.22541442088529506
30.81,0.11871130569903679,0.9535242948310534,-0.06289457946019625
30.82,0.12334907744054203,0.2648676345225106,-0.12064108010386163
30.83,-0.2007715929329953,-0.6328438102285554,0.2619612181245287
30.84,-0.3822313117971455,-0.7108063534754406,0.30110210864160347
30.85,-0.10176416979375578,-0.545072699626809,0.15831348645784593
30.86,0.21387397638548775,0.47830856790815196,-0.3168589356586805
30.87,0.2821456743835177,0.8374545174676513,-0.6702452160916945
30.88,0.08994120062058511,0.09404296748268072,-0.7861179927215899
30.89,-0.24139282524741373,-0.435651869894071,-0.4253370059670321
30.9,-0.2989988362111922,-0.8584522823467325,0.48806217553445586
30.91,-0.06405644032817136,-0.5920792464359919,1.2855983816652796
30.92,0.2505098932897565,0.5153991888835181,1.180798782388486
30.93,0.41233745757589696,1.579386192705252,0.05396484714893107
30.94,0.228693197159976,0.6937091505714896,-1.1113529613896937
30.95,-0.2486255192481754,-0.7921489022303836,-1.3727917002907915
30.96,-0.4802846429020361,-1.4357876297092977,-0.516598905799187
30.97,-0.10590011416414022,-0.8764076364833117,0.3565921268487542
30.98,0.4298538599709414,1.0468886647640758,0.6676973956117789
30.99,0.6423008698283398,1.4077638589068093,0.7389862090977523
31.0,0.2314485187828967,0.17229988281869685,0.5925914706974261
31.01,-0.4457052874368523,-0.7734066484570212,0.33520160286248446
31.02,-0.6025902645914117,-1.1322211941372848,-0.02199392990872784
31.03,-0.2081803047267481,-0.2025732247900569,-0.5257528563899372
31.04,0.2826881570731926,1.081447851051235,-0.8779435706387014
31.05,0.40581398038746186,0.905010001612374,-0.765363397231503
31.06,0.0893238103888474,0.10473739734228321,-0.5003092864317187
31.07,-0.23978770313704817,-0.5735636544894146,-0.15459237273464033
31.08,-0.28001074332850623,-0.6061068839231052,0.38797888448632106
31.09,-0.14131551622108246,-0.5138614535503496,0.8133305017682486
31.1,-0.04784812154804445,0.320985470392005,0.800585172015569
31.11,0.02928398848844943,0.733218681642074,0.39153889465711866
31.12,-0.0019595337750795694,0.18737158066843035,0.18219942874765493
31.13,-0.14726584872726717,-0.4092226655305909,0.23251633450902587
31.14,-0.12252777021596135,-0.5944084522608709,0.04409287897556871
31.15,0.12020923852087163,-0.18960052336508926,-0.46418529534910324
31.16,0.3319997469314949,0.35532913522339826,-0.9322971275823988
31.17,0.28684033541201026,0.15004508165265762,-0.794305035096141
31.18,0.024665678442118602,-0.2529203014570917,-0.14102473985849837
31.19,-0.1315818423168,-0.45626831828251646,0.41931435692102403
31.2,-0.009935427980008182,-0.2611472971064964,0.5930884395305389
31.21,0.1742085424113758,0.17237370125296086,0.3792320527124393
31.22,0.17679225912944802,0.17545811777652828,0.17340672390182477
31.23,0.06358063817967408,-0.055984609003293995,0.03441309441205087
31.24,-0.0009700300007545425,-0.4213385096329918,0.016933712479345525
31.25,0.040669617539445826,-0.45392828300508686,0.08079755416940129
31.26,0.1715897552802174,0.2757369565188967,-0.09692606919202384
31.27,0.260161977619391,0.7043559510888509,-0.2570707517513395
31.28,0.14205534412447476,-0.09987006226860753,-0.1838091163464799
31.29,-0.12141292559728595,-0.651473819490374,0.2381722811365337
31.3,-0.13773950791099243,-0.5853440515291102,0.4160877279140786
31.31,0.1059393692603685,0.8138786718058866,0.020017353870388388
31.32,0.3005518751261275,1.3748376277254595,-0.5773150229331286
31.33,0.08936158681503159,-0.2178439047056031,-0.8235068738815905
31.34,-0.3639016083131859,-0.9305970345043509,-0.2979286900783752
31.35,-0.35534427740888763,-1.2972059037726562,0.7662111963210716
31.36,0.09067908427993138,-0.7791231168542875,1.3899912761245716
31.37,0.5038436957863851,1.0280671716554466,1.0020296469507135
31.38,0.581351349654398,1.886552431986157,-0.07846995934679823
31.39,0.12554511134569912,0.6238485954470545,-1.028558319607439
31.4,-0.4806409911670757,-1.0171032004518747,-1.293421991996151
31.41,-0.5271241073500867,-1.350718542798366,-0.9364332735160151
31.42,0.06684724789190238,0.15449310390637372,-0.35084637408823455
31.43,0.6481536831019276,1.0550083955132739,0.22142211319101948
31.44,0.5464334245402627,0.5699094404748242,0.6580595607717098
31.45,0.021394654965155274,-0.2049421487552383,0.7550634086237235
31.46,-0.3389859010193644,-1.0141214580412266,0.6740215421950851
31.47,-0.3473420946174185,-0.861592486146657,0.6338246673746878
31.48,-0.02153719269445309,0.06562182389201698,0.36084312723327255
31.49,0.290501798352093,1.081669771424873,-0.33022933694282136
31.5,0.28105350395642326,1.2120711914255522,-1.1072161336005852
31.51,0.024491671346529187,-0.03959764307991798,-1.0669408026283345
31.52,-0.23738024467338434,-1.2591395701370964,-0.13075997237792025
31.53,-0.2102497946778407,-0.8567927267028966,0.5363870401543196
31.54,0.19530570619340165,1.079292495350742,0.3719906976000023
31.55,0.4848394593146378,1.397942638322199,-0.24639758841134013
31.56,0.10539264386225156,0.16382462143003007,-0.46639693189120435
31.57,-0.38044134199537605,-1.1256027084814832,0.035201252394099325
31.58,-0.3367075665544787,-2.006642215667965,0.9187792663095673
31.59,0.058039104982331585,-1.0099641078387094,1.3969640664065504
31.6,0.4884278443751102,1.5899352563306635,0.8860977195615999
31.61,0.5504439889769143,2.261090521768766,-0.1042607470828692
31.62,-0.07723107584617561,0.731332877490948,-1.0192125354224848
31.63,-0.8378847652488295,-0.9181043330137992,-1.1649278698919088
31.64,-0.8352958375361572,-1.8750505669427067,-0.6529244848680968
31.65,-0.20221600106100074,-0.29415142018437623,-0.07750556308575685
31.66,0.5391162255432415,1.4281895908116886,0.4038692948464777
31.67,0.7749107539548136,1.1121358933557906,0.4140588570541238
31.68,0.13484880833490853,0.2784219769407018,0.2438834235179898
31.69,-0.6396906490167639,-0.6327876808135908,0.0717957360408483
31.7,-0.8822168177698828,-1.1608598688641008,0.2808601171928499
31.71,-0.611275361726259,-0.41588081545875577,0.6890281800269236
31.72,-0.07593338007442901,1.1410566681237115,0.34262517452212493
31.73,0.3684706239300488,2.4589433504444544,-0.7146218549653814
31.74,0.311799191108431,1.2385341023109677,-1.6131047954563917
31.75,-0.27899273561582344,-1.2155499972536734,-1.1877031918714231
31.76,-0.7638280512950786,-2.2204280130005203,-0.02592782112495773
31.77,-0.5628965091161595,-0.46809775879125204,0.7269038541722903
31.78,0.1141429332632179,1.6611434469151334,0.926489226064686
31.79,0.3585447097104251,1.4516732104510042,0.7387076574886717
31.8,-0.19410883717203992,0.2802196826792078,0.4658277588437547
31.81,-0.7200768211669982,-1.1107216460771834,0.166353224129353
31.82,-0.6438230623784925,-1.5083722434808604,-0.4136065808637085
31.83,-0.19164483149130646,0.5285903054163976,-0.7457893501375201
31.84,0.2325318933055547,1.0424817959927186,-0.7319963990992866
31.85,0.05610620027715829,0.52125354023803,-0.42882181377772266
31.86,-0.4313526595091661,-0.1745131834038106,0.07332689478852922
31.87,-0.523498970451998,-1.1586907896362575,0.2782452990655817
31.88,-0.32809233044438296,-0.3180542112317024,0.2874107112654069
31.89,-0.050640688677605517,0.4203700525098697,0.2758153612853076
31.9,0.03500132849975936,0.34344970446868883,0.2987253101397071
31.91,-0.13019751628499834,-0.038284771663446904,0.2599340412171318
31.92,-0.26994964746177863,-0.4361729929238921,-0.14462491295421673
31.93,-0.28512734688732366,-0.43860949241267444,-0.4081405510434304
31.94,-0.2163939837477341,-0.014679428335098832,-0.3390569032461028
31.95,-0.1503262691161011,0.3227810051695972,0.0045771362658907355
31.96,-0.09341726638155626,0.14683170100834358,0.3554961851395044
31.97,-0.07449340514372953,-0.14516308602696326,0.35023413309808205
31.98,-0.15554411490686992,-0.13094088300014123,0.2534494104602948
31.99,-0.23482289241495585,0.11745772024168777,-0.02101434625107851
32.0,-0.2209759901933281,0.38788761149222684,-0.40580308843573915
32.01,-0.15973427200995316,0.25639057337572846,-0.5856032919723205
32.02,-0.15402369916511066,-0.274616972533011,-0.33301050690550926
32.03,-0.18681943838831627,-0.5594781397243707,0.33584650583709075
32.04,-0.11275810709722453,-0.3550622426114835,0.7304196982106086
32.05,0.06870221270980786,0.7018443445311772,0.4141046154085424
32.06,0.10884807608949898,0.3785827344612541,-0.1320459295848176
32.07,-0.17176787246242597,-0.32299136464418793,-0.3868574663947176
32.08,-0.417224181325208,-0.7518817813554809,-0.13399906625043428
32.09,-0.31168574139429267,-0.7481532950218284,0.334233555324312
32.1,-0.011321165692920465,-0.11793884222645101,0.5371662355520215
32.11,0.2032077045666493,0.4627271342130326,0.3484998143919268
32.12,0.1642491447094147,0.5578454835334904,-0.37936342397528
32.13,-0.12222493894068368,0.4301557988351602,-0.9866948535034915
32.14,-0.34980222755547663,-0.3200440990603243,-1.0822919445209043
32.15,-0.4027991376617668,-1.0144828573127753,-0.6089898393817069
32.16,-0.23059313350012248,-0.5207690976811427,0.04395704702803588
32.17,0.10527548286031915,0.32539610640922173,0.6020398978110745
32.18,0.23235792703071229,0.4444560305360279,0.879750120220709
32.19,0.04212391925669792,0.060741545721678725,0.8125821536506995
32.2,-0.18610898653640648,-0.6296658493708429,0.5189533972664598
32.21,-0.27063612467286824,-0.8317451522356394,0.11193549694410532
32.22,-0.21572198506244375,-0.10766008888064482,-0.37202223473565976
32.23,-0.05331198645522314,0.4472557133814402,-0.6569753343570224
32.24,0.01703793858251494,0.46928500981129506,-0.7517309706312382
32.25,-0.09646220085659352,0.06393875540018423,-0.38617476482205326
32.26,-0.1682379060707085,-0.5585213158592367,0.07276740120541919
32.27,-0.08133695002205246,0.05927556034126813,0.16397744783289514
32.28,0.10652295489030665,-0.12164681711093067,0.13884036484733947
32.29,0.002752710035189204,-0.3330432513818515,0.20691426792789813
32.3,-0.2165052388311676,-0.25196554230519863,0.6273619728821846
32.31,-0.1535748311061652,-0.3456071168001721,0.583659637166412
32.32,-0.0207093660462295,-0.03449114803255604,0.27785206896247977
32.33,0.09614968754514194,0.29410309471554036,-0.2735050636313382
32.34,0.10671765377576756,0.1701008589798258,-0.5601786626134928
32.35,0.008602338331246268,-0.19201394390919962,-0.4561181687622786
32.36,-0.017872577714132424,-0.6245456572389738,-0.10503184451895525
32.37,0.10616738583711044,-0.6765766817664186,0.20334236461563493
32.38,0.24470222619294768,0.03864589433928323,0.12410061081238216
32.39,0.23920902285501539,0.31111430256828343,0.07420983378463233
32.4,0.02934185850347193,0.20237114122646163,-0.060100440590894075
32.41,-0.14328425622903201,-0.20577538485804994,-0.1428120604928424
32.42,-0.0809463084443517,-0.6888135958353261,0.039859869380802576
32.43,0.1103443384599602,-0.5118705668031408,0.27307364175691357
32.44,0.3106028206210626,0.21287044054774618,0.2706836413778077
32.45,0.4410462171164087,0.8014330016284796,-0.07933417788020047
32.46,0.2960789813066258,0.03470714606351177,-0.468624672570363
32.47,-0.12359714489724405,-0.47084930536858915,-0.3122638934172043
32.48,-0.28728563867041845,-0.7336031648002177,0.2320819269431798
32.49,-0.11428315151524962,-0.3914107564376785,0.7677595228685608
32.5,0.16636875782805405,0.42507038882463916,0.8878058627164505
32.51,0.3612101830225375,0.9553372939891032,0.08552226443998534
32.52,0.24864252036085005,0.9751510257893004,-0.8719919993729925
32.53,-0.02422771509063898,-0.1577204471411655,-1.2541713124316598
32.54,-0.18685801687633147,-1.3009863398184298,-0.7340600745502519
32.55,-0.11736524235182022,-0.9504995448285879,0.1027863425348221
32.56,0.25556404078315625,0.4332486068110798,0.6552883462399507
32.57,0.550747790712567,0.8918366961277158,0.9769970059014024
32.58,0.3678206632626577,0.6335230037690932,0.7688552550512412
32.59,-0.04574437040091425,-0.1810034387315225,0.3282196494380849
32.6,-0.28508232797991045,-0.7147160434648885,-0.24433770318970677
32.61,-0.21069184318812606,-0.3539390034140233,-0.5829147878409761
32.62,0.0969627669262546,0.4137190024774351,-0.755583231756604
32.63,0.3725781283613785,0.8520595870916461,-0.7595039376474645
32.64,0.3339300958543968,0.45766607679756177,-0.5342208470699161
32.65,0.08884196951390225,-0.3894500145192089,0.02750912924226067
32.66,-0.06540762380320161,-0.718278501185294,0.6053085676058988
32.67,-0.09161386278473495,0.17117589873844027,0.7850215108415458
32.68,-0.015010785887632693,0.3770300218035716,0.545252391557213
32.69,-0.11133374082664577,0.507035462745221,0.20523975024208885
32.7,-0.2513165181133835,0.16742478045204623,0.1066093627105068
32.71,-0.2821443684068091,-0.27709679499660456,0.09929845520977808
32.72,-0.1923198147078879,-0.11057083310984982,-0.1236738493669362
32.73,0.036054304467713676,0.26489273709702593,-0.4805811303170817
32.74,0.17969490133844143,0.2286459708974406,-0.6333179332955721
32.75,0.009438747362503937,-0.3266984018225308,-0.22457925266658196
32.76,-0.2950015403560537,-0.5210353710765352,0.47904778069511755
32.77,-0.3648399660049846,-0.3675104073798431,0.7630340784990916
32.78,-0.28169109306208684,0.349271405209201,0.4995254213308196
32.79,-0.17372261459395588,1.002791150343143,-0.09881216057469083
32.8,-0.12635674001708494,0.27137667528465864,-0.66180492684978
32.81,-0.2617364941150504,-0.39899404869584615,-0.6696386264882064
32.82,-0.2864817691870151,-0.9137096329992836,-0.06969515465867734
32.83,-0.15059661801954236,-0.3869191108060654,0.3374052505723955
32.84,-0.020727724072799332,1.7368893011850668,0.20482854408741977
32.85,-0.022290844192643794,0.842435880269301,-0.17824629849864262
32.86,-0.49013804147967344,-0.46504308775495196,-0.09002827604281181
32.87,-0.7881176065811231,-1.1240498600995166,0.46794160490947734
32.88,-0.4385231370102362,-1.2466554917253219,0.875775848809619
32.89,0.01846597398315602,0.3140344321600442,0.6051437567137478
32.9,0.27314157668716343,1.9686539371830367,-0.431910718767922
32.91,0.10705052050725154,1.0313646357399322,-1.3828509183227695
32.92,-0.5309856487840209,-0.4350008928820591,-1.3868839611925063
32.93,-0.8712386950377137,-1.4817306883937273,-0.4869332282966085
32.94,-0.47797326023871844,-1.187841190293062,0.32439039199299635
32.95,0.16724409007871804,1.084769178236965,0.6488415527969157
32.96,0.5188007023527208,0.8197288984331493,0.855005209159593
32.97,0.16118527835960106,0.00044274210043929174,0.6624926591822525
32.98,-0.37774054355669784,-0.9056244374918271,0.22600384640849225
32.99,-0.547101540712039,-1.3297627895223747,-0.10279559527708984
33.0,-0.37152086726274647,-0.5342685797243036,-0.22116522607204817
33.01,-0.04702241737926656,0.6377626474753788,-0.2715786456221223
33.02,0.16362836575895467,1.1985309360995902,-0.6200233657245092
33.03,0.07003412410494932,0.7870577114353013,-1.070406975613338
33.04,-0.21273949150242358,-0.6098573598811889,-0.8433466249358961
33.05,-0.352208528450345,-1.5013560051221246,-0.12749397859515144
33.06,-0.19584973510920578,-0.6289254568759354,0.5411923694058107
33.07,0.13481444178643423,0.40298757533111196,0.7707046391401541
33.08,0.1411873517664758,0.592535965053118,0.6739471337605685
33.09,-0.2284731483543743,0.20889776399158627,0.7034982745373832
33.1,-0.45694911772327357,-0.6806966275971194,0.5649037463248501
33.11,-0.33229268690238056,-0.9078698499404267,-0.004624264895336017
33.12,0.03763173854046349,-0.031939738991257016,-0.7311034264940875
33.13,0.3560584159234729,0.7731103199273893,-1.1322036636543664
33.14,0.27861999975951496,0.14931602405280597,-0.8306336515923693
33.15,-0.08238010090833588,-0.5157742640321318,-0.10031649443730933
33.16,-0.24011187881551116,-0.8348139957960394,0.5152317155976878
33.17,-0.1600975934060724,-0.0192450268826638,0.682890189358606
33.18,-0.029398541854228754,0.3857519228476092,0.711801517864077
33.19,-0.062171345598509176,0.29303856048722315,0.5568287872150439
33.2,-0.16083343917499918,0.10802995192311374,0.06889692228678726
33.21,-0.1133679005179572,-0.32287933332425267,-0.4622511261061371
33.22,0.019522854208279726,-0.18568644610078844,-0.806608972907391
33.23,0.1675117774912797,0.3708598007411864,-0.8554666821584861
33.24,0.20716412234346765,-0.05083034253995666,-0.47122835625748527
33.25,-0.001355939666332906,-0.6571310065620296,0.1941247874648805
33.26,-0.2521544396822537,-0.6301155742605727,1.0300449128402742
33.27,-0.24225058110478614,-0.31119063778890943,1.3172602171367522
33.28,-0.12928188276908648,0.4071534418211695,0.8824153815725717
33.29,-0.02579608470624689,0.7853204702542714,-0.16690983611878712
33.3,0.007321861107945391,0.23755351559341636,-1.2420827252152176
33.31,-0.08914021029637073,-0.5893021547215606,-1.473972547045792
33.32,-0.12143974399450423,-1.0708106010886267,-0.7700902241948442
33.33,0.020434075733058284,-0.7059912868558469,0.2338348071265175
33.34,0.15539061036673393,0.4218578906171051,0.7940067833819863
33.35,0.07914705429354887,0.6932606539124015,0.9020022567341628
33.36,-0.2124902031781746,0.15223170869376007,0.7212811688408497
33.37,-0.45039296118848593,-0.49989280533853364,0.390027578658768
33.38,-0.3636340456717153,-0.8241360782610844,0.0697110690361312
33.39,-0.04538095140477111,-0.4074790284974595,-0.15918040953823173
33.4,0.2552393237064771,0.3110073877048455,-0.4281175457063957
33.41,0.2908201382759017,0.5195132138190909,-0.5606592917283348
33.42,0.060639128536201764,0.007537995866457259,-0.478807753325632
33.43,-0.24719273634183914,-0.484389799209347,-0.22435484748047985
33.44,-0.34681087510767883,-0.12294603587333519,0.020971405301907248
33.45,-0.12084135688294206,0.4091061467465709,-0.02066755114736634
33.46,0.07521597575145658,0.12611335521537329,-0.1364096269534362
33.47,0.05403903050100163,-0.3019639875872287,-0.02449989117913398
33.48,0.01283560490840653,-0.795504428041956,0.5123506534751727
33.49,0.028274956119372887,-0.7967817109490005,1.0060212775359128
33.5,0.08624532955724887,0.33313437669670026,0.6585778337521934
33.51,0.1490347197036819,1.1444113830493632,-0.27046421249150254
33.52,0.004033578211881134,0.4244994439704934,-0.9554435875900209
33.53,-0.26943374699863,-0.6087400637176192,-0.9184389949272123
33.54,-0.2285588540858502,-1.1350298262105676,-0.3227532424473125
33.55,0.15821622667756016,-0.4603834139366969,0.22749874718442079
33.56,0.49345762734269616,0.45106087899795555,0.70226755046938
33.57,0.4438260582348163,0.4718841607785043,0.8583486797834631
33.58,0.04674541519832967,0.38852426776009813,0.3961077878749743
33.59,-0.27978528584000734,0.33359077312888846,-0.46241914805633605
33.6,-0.3148443548646852,-0.3109114126371247,-0.9593480830759699
33.61,-0.20041760353028137,-0.8584716017629146,-0.5807704229614403
33.62,0.07936821739327274,-0.4696712014256914,0.10424539617218295
33.63,0.4986431783953802,0.34673970877362853,0.38709706609013955
33.64,0.6684900027466174,0.6586220829664619,0.25600844546663953
33.65,0.35658510211744127,-0.10256590764790485,0.18128205129570746
33.66,-0.19897884483018036,-0.8282045957569275,0.45079914380464553
33.67,-0.45549814522971804,-0.8474155747364333,0.6370059095679456
33.68,-0.23826365585377002,-0.018362380091352493,0.2773923991321605
33.69,0.1752145720191265,1.0791416587747706,-0.5437775072460324
33.7,0.38502454517743107,1.0653508857285185,-1.2347647407980131
33.71,0.17018696682109408,0.02066304767307703,-1.2253681110303356
33.72,-0.13524223537043206,-0.8973643074282203,-0.6237615565914063
33.73,-0.1943059015527297,-0.8832376747304093,0.2594317947882591
33.74,-0.09514449258417608,-0.3035094369643893,1.1309691872822465
33.75,-0.03166177856375769,0.33108710226177174,1.664225509974172
33.76,-0.010979261758519267,0.5924786530582661,1.465902486150544
33.77,-0.025180097732818377,0.26392996397064644,0.5504706463402322
33.78,-0.08181172205166792,-0.11062446910013699,-0.641900547057662
33.79,-0.07311466993775229,-0.3718400523337676,-1.441137134265854
33.8,0.014483597376476684,-0.43824148861538353,-1.4066900729688046
33.81,0.11071078699293191,-0.0855015432609722,-0.9154152370242783
33.82,0.2045245857825766,0.5795355241310088,-0.30671273212253186
33.83,0.2512592158966587,0.3153156169005268,0.2392657103069865
33.84,0.06569652831401451,-0.5718136574838466,0.815672866691178
33.85,-0.155913411926848,-0.888279417003014,1.1366844083657635
33.86,-0.06799004847675613,-0.7280068722654349,1.069836309992571
33.87,0.16754714400010806,-0.09500032413668136,0.7053979926450272
33.88,0.24869435232664383,0.6323060016988452,0.1473000246885327
33.89,0.19213144041844057,0.4590947989476276,-0.5302965071488787
33.9,0.04444414952436167,-0.3085875462181222,-0.9814268611469725
33.91,-0.07734278798085022,-0.7300017382590327,-0.9450380945578418
33.92,0.004320723684736599,-0.10141728332156441,-0.7080891542719315
33.93,0.22813932800081718,0.8242295799649302,-0.32582994105648644
33.94,0.28666981755608373,0.2764277867859849,0.0988563594806171
33.95,-0.004811124027779279,-0.3637667771703056,0.38759946034940623
33.96,-0.1641664875116502,-0.7080692598822736,0.4213482738140253
33.97,-0.009032564396079384,-0.05868951309199555,0.20968949988755625
33.98,0.1816844799558176,0.3565493746546676,0.0438805438229318
33.99,0.15754543564296053,0.14519307341150334,0.12343562899045446
34.0,-0.0013725137828619893,-0.21186697091212886,0.3358981441029798
34.01,-0.009165580893390653,-0.6132858754043622,0.2943274519290596
34.02,0.1277629000472152,-0.0782071819033957,-0.17779950233628358
34.03,0.26672880196582094,0.535298005391143,-0.710306842669153
34.04,0.16164404539309302,0.16890489628479366,-0.7505792270725403
34.05,-0.1482683632770782,-0.3327811126483986,-0.27034577486399913
34.06,-0.22469878982833424,-0.7278115930624007,0.31840294787468226
34.07,-0.05243727507258231,-0.26298070479815105,0.4447986396874922
34.08,0.16309417613242297,0.7949028884188322,0.023262302067209806
34.09,0.24770111413638943,0.5232975444664646,-0.43662911335120436
34.1,0.020503491285375985,-0.14212344852396236,-0.5481549845325137
34.11,-0.171432815184841,-0.7091735986974662,-0.3200697417393573
34.12,-0.04889907432624779,-0.9641317110278448,0.058418032227015526
34.13,0.15315015513298524,-0.25192135986742137,0.482340724629331
34.14,0.2357705249822719,0.37607174004582694,0.8461763516934517
34.15,0.16616687594379223,0.252227181865775,0.8388802426495924
34.16,-0.04283577413712161,-0.17110973097669835,0.5190626418186163
34.17,-0.17538069730033523,-0.4258304915347946,0.05516078816742659
34.18,-0.040301697520580326,-0.3812107638159269,-0.5556846284365257
34.19,0.16314835418304538,0.21898245733814692,-0.9740233077447962
34.2,0.2830209895898835,0.3213459278921865,-0.9550657393935464
34.21,0.27172681913442387,-0.07055178778283533,-0.7428714808517132
34.22,0.09270250906040275,-0.02597382037943219,-0.1344702897460146
34.23,0.025039371372227608,-0.42048821122085006,0.5612519069671253
34.24,0.016391121831677763,-0.5343756519424384,0.995975677684077
34.25,0.015644999889255412,0.0027738001709417537,1.1210409393491003
34.26,0.1008678042555263,0.4607678821404907,0.628693315444366
34.27,0.15613115555721072,0.39341069039402343,0.06823536566426502
34.28,0.1526176306355646,-0.10908423872571316,-0.2733155746837092
34.29,0.1470179649973179,-0.4470593652698891,-0.47131058890954614
34.3,0.27459052533371353,-0.5052704082302582,-0.5468904338223328
34.31,0.42215724067509125,0.30978714104118055,-0.7073866416098531
34.32,0.4599777561958776,0.9298301016018773,-0.6206737901270486
34.33,0.2667169196246505,0.03635523279943109,-0.1076842301889181
34.34,-0.04825101144921548,-0.49963865777342076,0.4658192928504819
34.35,0.030036592103818302,-0.7078199668627709,0.6630347168424046
34.36,0.377135563209008,0.05496559081657393,0.3524110478683235
34.37,0.6132494805876854,0.8559194122647493,-0.15268854138346283
34.38,0.4885445621550286,0.549319572685185,-0.5822419881758464
34.39,0.12794208876602153,-0.12267721021844785,-0.6278197858124901
34.4,-0.0026488668413312266,-0.5056524602968778,-0.472200614739194
34.41,0.2546416140806237,-0.2058923446620451,-0.12240130832621005
34.42,0.5160508833811857,-0.30403474874932035,0.38004862520046373
34.43,0.485682251484014,0.24344869588808832,0.6521151358294062
34.44,0.39416454661662814,0.2733508310455591,0.5816284143634186
34.45,0.17502988229761995,0.26849345029395016,0.25568300426191193
34.46,-0.06940558046796935,0.22056249057038613,0.020166628481941562
34.47,-0.10471955444424275,0.002004779002432344,-0.09218920105230835
34.48,0.08589859341030973,0.1075677257314489,-0.4624642660403364
34.49,0.3533704064606529,0.6736174075066776,-0.699990911792983
34.5,0.4997941090739294,0.2328908194137005,-0.42922153591027873
34.51,0.33748649072278925,-0.500672708982495,0.06437536873707483
34.52,0.027014881518926614,-0.369591369759246,0.531852577209842
34.53,0.0585257512957219,0.4635260378585587,0.5667285762356714
34.54,0.1905034221428477,0.027449326703418264,0.5366863989903065
34.55,0.07583691859681665,0.15498090511538207,0.4317027525299174
34.56,0.06247514059518589,-0.1866128927314666,0.550005952132425
34.57,0.18046210595615683,-0.283206025446837,0.29656440415904145
34.58,0.2378037313779543,0.40736961602733957,-0.36111214999187546
34.59,0.21068197635473057,1.2795804738377141,-0.8685330398871803
34.6,0.03664275635819242,0.3391268350404275,-1.05483071140705
34.61,-0.31678543034755113,-0.39349192072236866,-0.22272801575296297
34.62,-0.296601035056309,-0.7143378174654609,0.5447841400338613
34.63,0.06321366212165885,0.2561277119301514,0.721637651150371
34.64,0.38803789179540443,1.7230096100451398,0.34416569664385704
34.65,0.3288864411370127,0.30512251819994485,0.0017130962051832288
34.66,-0.24827065009611932,-0.6506706801698366,0.22193101613799
34.67,-0.5226743891213971,-1.0410616717063934,0.522496617222365
34.68,-0.21559446259286075,-0.6021777972259954,0.36041024806276395
34.69,0.2003887959016852,0.7440855887317586,-0.05936227805177058
34.7,0.3361395255148293,1.6442461669168718,-0.6949036912342368
34.71,0.08062333292164198,0.707427645527841,-0.9604559107390548
34.72,-0.3646873241083577,-0.6182708756459812,-0.6800840998654121
34.73,-0.5092748664753057,-1.2343476401809856,-0.03832646944571749
34.74,-0.23128165927852487,-0.3660260170392921,0.5248651301839896
34.75,0.19081445500721114,0.6572753553897365,0.849203057346585
34.76,0.29997921095466895,0.9094230142737458,0.5513170504082493
34.77,-0.05824837988836405,0.5285218828875605,0.03738647424563213
34.78,-0.443015859649293,-0.4832849832827045,-0.36491672126417507
34.79,-0.6000884072007875,-0.9882803473001693,-0.028524393331641036
34.8,-0.3281269730427646,-0.4396121973310469,0.19159954238339247
34.81,0.12093500494686976,1.133615441799666,-0.11181003873139575
34.82,0.3129967630415341,1.157366051688502,-0.382296336956373
34.83,-0.012335902923243734,0.16257189460274715,-0.45135383076811536
34.84,-0.46197430596814965,-0.8845691777501847,0.19710801595320915
34.85,-0.5252233347667722,-0.9471577530132591,0.4901029769348396
34.86,-0.2657251964407674,0.2892932528714343,0.4762212851747679
34.87,0.14693737958470932,1.026387155653905,-0.08952151305447079
34.88,0.22197149508783218,0.8336414636452084,-0.6390805088051755
34.89,-0.05444087055389839,0.024277220514336048,-0.6481538302778752
34.9,-0.22123311435203755,-0.8484163948386917,-0.3463832989155695
34.91,-0.06575971880129526,-0.6892732696555475,-0.009181462073855999
34.92,0.22021787218990585,0.030270464365863482,0.4696637051012028
34.93,0.2869054132953786,0.3360675134599684,0.9070086088104159
34.94,0.15907123968607154,0.34153276836108376,0.9136388137780662
34.95,0.02256804300301184,0.04734513067481242,0.4306172444574932
34.96,-0.028402276705172293,0.04013636428721966,-0.39726431114548116
34.97,0.05398311303255278,0.2947959884464717,-1.1080830620793671
34.98,0.18964736988930375,0.2786659049773273,-1.2044290520577292
34.99,0.23326143752714065,0.019653009961520196,-0.6007964798624542
35.0,0.2352841788285141,-0.08492724078625519,0.07826475007600454
35.01,0.26076858723805574,-0.05489236517987663,0.6571334336312676
35.02,0.2406091584647022,0.2021403752590838,0.8082184512355738
35.03,0.10296356341403282,0.2321891847032951,0.567126966319162
35.04,-0.10295941862553541,0.3734742887286134,0.23840875857889343
35.05,-0.1343198852235564,0.07550200155045154,0.2090762331078415
35.06,0.04326295224776145,-0.2703476612883844,0.29646977040917644
35.07,0.26799989448044237,0.01823184961335672,0.012125204406054135
35.08,0.4327262574672758,0.5334329917300269,-0.6324261380408192
35.09,0.39334312234927377,0.7768616325142768,-1.1199908603584807
35.1,0.04871280301097648,-0.08741680363360893,-0.7541607499004588
35.11,-0.32645600434422106,-0.6466939754658313,0.28532841165704503
35.12,-0.34010322491137357,-0.6221236154449319,1.217142359470888
35.13,-0.09188538812394467,0.38411775635218004,1.2340818194236323
35.14,0.10639690540904145,1.4979826755873589,0.5420778312634598
35.15,0.0349669081627781,1.2660018891145735,-0.4192564652345486
35.16,-0.3373012541956219,0.10959438765583782,-1.0551094841838173
35.17,-0.612652905254087,-0.713384068305288,-1.0170100354988618
35.18,-0.44889439169893725,-0.818297279107551,-0.43232348578295976
35.19,-0.06265332955390035,0.30531107535690816,0.2077939622391607
35.2,0.14790695139282672,1.7761000484278202,0.4705795885515241
35.21,-0.103814587141324,0.8470061983901753,0.4769490817853149
35.22,-0.7720464194613941,0.03684985054030665,0.45429210443983714
35.23,-1.02213750665757,-0.7928717222926281,0.41250182902698107
35.24,-0.7034847384507268,-0.7405503890023575,0.3313864582737323
35.25,-0.2377883256321944,0.6140111412044096,-0.023977226677493566
35.26,0.033064414353972504,1.5755413446835134,-0.6996322736857467
35.27,-0.1807388728814729,1.1992518496410682,-1.3540078725077727
35.28,-0.700201742073667,-0.18592301306924072,-1.2128655622862843
35.29,-0.9923084595159403,-1.4073723908625373,-0.14789062506990952
35.3,-0.8568268555282361,-1.1368958754592515,1.0443182608088382
35.31,-0.41925650794440705,0.5411475722872774,1.451992996415497
35.32,-0.044035020295879586,1.7706223763437354,0.9492150618460565
35.33,-0.1456971899973162,0.8800844817289131,0.04649617073946294
35.34,-0.7140799616009139,-0.3704537523778791,-0.6151336904534705
35.35,-1.0369455649517332,-1.1973658398628608,-0.7312463936026362
35.36,-0.7484034875987107,-0.6270658840363578,-0.6611263861164951
35.37,-0.21818511233268034,0.7778693017171123,-0.2984978192719817
35.38,-0.02020912421715576,0.4240462117311509,0.2647871288872074
35.39,-0.3438901706599028,0.13712204762056587,0.5867936112014296
35.4,-0.6777229488120731,-0.5042924228745095,0.6036990933302698
35.41,-0.7701431183235522,-0.7754688686449105,0.3723564651664715
35.42,-0.6768569739984271,0.035846257557891725,-0.04864421261240001
35.43,-0.47404295612619496,0.7922236606935801,-0.43901296586521377
35.44,-0.4414657654680956,0.5571032369744211,-0.3112281835309929
35.45,-0.5908579834206104,-0.0691197689068341,0.12830135514711538
35.46,-0.6439893147072062,-0.7129559446464927,0.39541802198871173
35.47,-0.579592437706216,-0.29679044702670937,0.25155961456621706
35.48,-0.47049809982776547,0.5490497710487512,-0.08671294052026966
35.49,-0.43989215057154857,0.220709459030266,-0.3498085501366848
35.5,-0.6055784893979221,-0.14243977754519907,-0.24835388178007697
35.51,-0.6773354668920909,-0.4997835223823449,0.14501582640272326
35.52,-0.527858256604364,-0.6980406514145263,0.5585884437518485
35.53,-0.369142638228674,-0.23932779208616473,0.7088118383450681
35.54,-0.3000420050773279,0.2777647775451365,0.49042361727344647
35.55,-0.38348616667610114,0.19391926552029307,0.22685493045939145
35.56,-0.5846049255412821,-0.3783571852632807,0.19200677198196126
35.57,-0.6752047499450409,-0.9193178010334053,0.3375077732806665
35.58,-0.5442298928874943,-0.599309479141434,0.06509735975395597
35.59,-0.2955253076743554,0.7998317330662946,-0.7750221062417817
35.6,-0.14867139061799187,0.8962338623968872,-1.2244495355495943
35.61,-0.3604955135412587,-0.9174974636571467,-0.6075651565017085
35.62,-0.6500809320444257,-1.8133990714623742,0.6243778548790355
35.63,-0.4580267638359694,-1.5711214059491463,1.1911703217056078
35.64,0.015722207222723578,0.6513436268785346,0.607420196842872
35.65,0.21479887048314167,1.9362117565974124,-0.6844277936006242
35.66,-0.25017605847864177,0.3849479364128106,-1.9496062889357653
35.67,-0.903544078265079,-0.9723517279430232,-1.9787633615995779
35.68,-0.8937599604465523,-2.3621287719081936,-0.44928217511904045
35.69,-0.37312370239818576,-1.8506810442920005,1.4548503152232795
35.7,0.2596272899599655,0.0795191832370814,2.5919311862578565
35.71,0.624222427814936,1.0244737107105113,2.6145089570148112
35.72,0.38748531293364447,0.49569292299085443,1.7475369198166744
35.73,-0.26743508511664676,-0.761582524467883,0.572586126141276
35.74,-0.7331232262889203,-1.443010599271863,-0.7328402306757451
35.75,-0.5397820968194567,1.3788240549063424,-2.752161590859504
35.76,0.027828643010279902,2.1685460609370026,-4.473322555488667
35.77,0.02703202473784516,-0.8322996836950962,-3.990382674933603
35.78,-0.3909946247879406,-1.1654470117610558,-1.2286843513939871
35.79,-0.140600671750037,-2.243909103202617,2.2977793541358853
35.8,0.3878433476255292,-2.4976417847997916,4.564127732889155
35.81,0.5141603267500979,0.2667496460673662,4.512264130814605
35.82,0.6719628963684172,2.883957349072036,0.3476432581389233
35.83,0.2470698562458854,0.2497615384865779,-3.377928684668378
35.84,-1.1273276739378484,-1.6818440266403851,-2.1681207711004413
35.85,-1.6340596416581554,-0.904740966979942,1.4989133517709647
35.86,-0.6502395016547462,-1.5358769356588964,4.752973425172267
35.87,0.6536988373471819,0.5667280311939096,4.585008773119656
35.88,1.687518171752795,2.7997212733733114,-0.471277248483561
35.89,1.6614067472897514,-0.9831944283048673,-4.965670175715638
35.9,0.30208945327833436,-2.1820564019253452,-4.915008507169507
35.91,-0.8186822906847784,0.17925630569412387,-2.022199066226708
35.92,-0.5948041035922185,-0.570214430052963,1.368182689624163
35.93,0.23583305815252056,5.02560440079751,1.4034984587755213
35.94,0.850560199415667,2.891451286797559,-0.12331243456562502
35.95,0.3542085040998896,-3.4017746141872562,0.6873494616265483
35.96,-0.6894636688326853,-2.7996489802795876,3.4168910987711074
35.97,-0.4110889602998723,-1.9973615266019489,4.822654551273315
35.98,1.0016910397704397,2.708670377603524,2.12390010707606
35.99,1.4814804302186944,3.6683969866200576,-1.5939836363516353
36.0,0.28280198838692017,-0.008091629551039148,-4.1978244207490345
36.01,-1.1352155038696068,-1.7725896312246088,-4.604539195356356
36.02,-1.2379663357560977,-3.50242280245695,-1.0850626996556585
36.03,-0.2024894124243818,-3.174130258921411,2.6459937487220477
36.04,1.4803491832229707,6.64162572580482,1.4032779462211842
36.05,1.9947651830841866,2.5145076672783926,-2.023364542487285
36.06,-0.004247631292710885,-1.9871268367813104,-2.7268834511756195
36.07,-1.8307088674882688,-0.5214058038300667,-0.8214908305453397
36.08,-1.1282828219313674,-3.558385680707619,2.363319336319877
36.09,0.43822894730416345,-1.4127796990736163,3.468897007293572
36.1,1.3203620883835119,5.549808696854761,2.16245782322061
36.11,1.23927163063465,1.5946320361380302,-0.8684148086577435
36.12,-0.27498224488444434,-1.5138177536778445,-2.8574191616148212
36.13,-1.601367825838784,-0.5209074706659594,-2.0559362777369676
36.14,-1.0458383495977348,-2.0156211717411505,0.10470556433470901
36.15,0.004562237473303421,-0.5973334393713108,1.3017668296718192
36.16,0.627678086526013,4.314546006837077,0.5296230066994545
36.17,0.7975542064592618,1.7493419815790592,-1.0800438398565806
36.18,-0.014487003085424277,-2.204395829371097,-1.3550284231573353
36.19,-1.0896106950087432,-2.209013171404723,-0.19689704645728767
36.2,-1.0261406977933674,-1.0859120205894537,0.7937383018458066
36.21,-0.22231263883946595,2.0035688803374416,0.6964499992686268
36.22,0.1775530138963728,3.5040718358814376,-0.26980318249138524
36.23,-0.20751807223071816,-0.057885694028692924,-1.1593889642336255
36.24,-0.8948525252458168,-2.5182514782222856,0.01404595074586168
36.25,-0.9123038470707469,-3.2041423029992,2.057322985156075
36.26,-0.30960248880299823,-1.743493392584897,2.7361449179408197
36.27,0.2395940279522074,2.9056708716613846,1.3851667730413653
36.28,0.22574865183644277,4.003417255792211,-0.448093512921405
36.29,-0.6434371228564826,0.6904024309241756,-1.787949419124752
36.3,-1.6930614818461949,-1.8926298493188676,-2.1947286335982654
36.31,-1.6172004581938184,-1.1117034138980562,-2.26952165705998
36.32,-0.4268703701679093,1.1779827368810756,-1.3951588643497916
36.33,0.39409530061708026,-0.07115881470485008,0.6331790865356395
36.34,-0.004108227110242946,-0.8336941123895402,2.6418166351786674
36.35,-0.5338831432735694,-1.4622870584127758,3.019008499794322
36.36,-0.5591231390598899,0.20779847697085185,1.0776340262230175
36.37,-0.5450303689617849,2.8820292923996447,-1.0903814157508551
36.38,-0.9206707774519183,-0.31952587479557026,-2.320438961644787
36.39,-1.5657343782340463,-1.9277578088821514,-1.7026970540940511
36.4,-1.4213998000721193,-1.8377646266776457,-0.1432925273964003
36.41,-0.3633848571447723,-1.0094150719167188,0.563516599577683
36.42,0.4444861086083227,1.5430086828903966,0.8251869389399611
36.43,0.44237046093610954,1.3325776074176199,1.205614717027291
36.44,-0.554413964243758,-0.22666796094961872,1.3752198574549452
36.45,-1.641254718373806,-1.3270249522704014,0.59437980620278
36.46,-1.6635278181090327,-0.6203780290829211,-1.0996137182095271
36.47,-0.8068115563029742,1.549575954075658,-2.2308515934827495
36.48,-0.19350360825783364,0.10280228128755553,-2.3855641889148833
36.49,-0.31525062894948586,-1.0612931095084281,-1.3849013628973383
36.5,-0.4507780841377006,-2.468360213020026,1.1153555730800622
36.51,-0.4056041137772418,-2.818035842876691,3.1820246086603303
36.52,-0.37899265397182735,0.4432937879214389,3.3971338623953518
36.53,-0.01560744734584718,4.177237758358059,0.8360346458128913
36.54,-0.5352209205052074,-1.802315654431311,-1.7019549195952726
36.55,-1.718324626438471,-0.9559866825557353,-2.1772598541485957
36.56,-1.4325986191802602,-1.4209627688700952,-0.28495282209101513
36.57,0.04605363904972104,-2.667307753138041,1.6884705308752959
36.58,1.0633529245074809,2.605789212952679,1.0357458549410419
36.59,1.3867544211140144,1.6891128221887826,-1.179807298307869
36.6,0.3875187071346451,-3.2169737026959284,-2.3470665321761803
36.61,-1.1450567433119039,0.3509162142961646,-1.8642099022353769
36.62,-0.9220831867150588,-1.1549438783371264,0.1822765013157055
36.63,-0.09019261290354907,-2.207934569615044,2.1623845985822054
36.64,0.03394935427704324,1.1336096451118967,2.9644528273112596
36.65,0.4509841884895066,1.5783782078432584,2.699584708379766
36.66,0.8896138154300659,-0.03824573017399491,0.236683088447605
36.67,0.4712178581260445,0.18942723320295218,-2.786881032830226
36.68,-0.03157421615474015,-2.0327297803005213,-1.9573614585857884
36.69,-0.1432400999091282,-3.5502778614138197,0.21252253899028717
36.7,0.10573117802370954,-2.09540483864448,2.2167848222647724
36.71,0.9748229121346885,4.014963607483351,0.28379049990948335
36.72,1.5017472795817535,3.4419367833065504,-2.4217262911313635
36.73,0.35898051539170983,-2.0475062933599495,-2.285391098253201
36.74,-1.254545599636045,-1.113069170837023,-0.22548788953703447
36.75,-0.6993158475215243,-2.496696084286662,1.523457543001629
36.76,0.8665032253816618,-1.8412072938236645,1.417736599152429
36.77,1.5426064227490257,4.02202212410712,0.5247690971015655
36.78,1.2487711852517973,2.204267260886172,-0.19978045292161145
36.79,-0.10658405457906128,-1.7831869153391349,-1.08823840470685
36.8,-1.2293592900724508,-2.292278892735567,0.06367447567040752
36.81,-0.6650343990753214,-3.33135427599355,1.554601790190114
36.82,0.4914812367771475,-1.505284743574956,2.0319739175150056
36.83,1.1964667108602742,5.134817589817633,0.5455810788683375
36.84,1.1378714373159662,3.0099951217869214,-2.331722159904657
36.85,-0.2880555469093127,-2.676214556111148,-3.9208434929066347
36.86,-1.4585818654834228,-1.0286588862780242,-2.930930289741734
36.87,-0.6133297069507834,-1.559831239755196,-0.39043201805229666
36.88,0.6105042853890779,-0.7978723024132051,2.796914576035558
36.89,0.9046717205906403,1.8280462871054057,3.7980125563949105
36.9,0.8044055244572701,1.773780351963342,2.670162137123259
36.91,0.16204942263145408,-0.5730135149116458,0.18722917795894337
36.92,-0.9408350443990059,-1.1073182149100578,-0.8834844159013915
36.93,-1.1255125291022006,-1.981965785886565,-0.4839586225179707
36.94,-0.30187818011546796,-1.7124937326755143,-0.07846527906488959
36.95,0.6930980010495239,3.85038626105425,-1.174220731978138
36.96,1.175535137685053,2.426163288358805,-1.5624872729434494
36.97,0.5466630631084911,-1.0620930236252344,-1.1516586815068315
36.98,-0.6201048260930295,-2.6947023635112566,0.6162064605488109
36.99,-0.8657967722726545,-2.6383229506947954,1.792656960463948
37.0,-0.07533328633478631,0.8348390528161772,1.3196787198031579
37.01,0.7623065564414675,2.558409044332381,0.3655235030207833
37.02,0.6311619036611694,1.422991458260698,-0.9585333579879209
37.03,-0.2715285479581479,0.010377952450645184,-1.6436484565470242
37.04,-0.6628127838982226,-2.12643154769778,-0.9962517609557034
37.05,-0.25733588713837485,-2.6385228941053667,-0.09165238604321208
37.06,0.41655392478074893,0.6232155406907584,0.6780701803587017
37.07,1.096592457838848,2.3456619889827452,0.8746955966409081
37.08,0.8225211920979681,0.5454731616897449,0.8481743264967851
37.09,-0.3365908014535258,-0.46739153635326014,0.7664323958045062
37.1,-0.8739935600181861,-1.6467315599876993,0.3040878745145754
37.11,-0.5692008116335073,-1.0445630566412263,-0.33389046218065543
37.12,0.1205535214605406,1.226366650343434,-0.7030764185877908
37.13,0.6156806561374255,1.020238608231031,-0.6819666004663212
37.14,0.49401694358350623,0.15308052836292244,-0.3207291230303563
37.15,0.12208643773558772,-0.7539474972288609,-0.016994686407536597
37.16,0.05376755023551234,-0.15977375306853508,-0.579006810680728
37.17,0.2758108143347712,0.014709424813726169,-0.9826927319786785
37.18,0.20730209341076378,-1.1339382148650157,-0.6357702743442418
37.19,-0.11223922081251833,-0.5645047750085452,0.2914912994348285
37.2,-0.008599604537702303,-0.33657529549190646,1.232059645995557
37.21,0.23151266899986983,0.13960246333290852,1.4566979524455308
37.22,0.2375000634003167,0.8026736295721079,1.061264515013638
37.23,0.1291600503926623,0.4232024217749591,0.23650256700910766
37.24,-0.14085025844309546,-0.1454848478231276,-0.37759189957785
37.25,-0.315667396413716,-0.2755394095388045,-0.6990547055824713
37.26,-0.08099512507489512,-0.3854939500278105,-0.9480226371445792
37.27,0.25889534816982024,-0.08326734945559812,-0.9857478864214864
37.28,0.39172264196804857,0.5621208620332243,-0.8747951979610775
37.29,0.34702111187548773,0.6834272656018454,-0.6795316715592379
37.3,0.08825892677474292,-0.559155253333881,0.03519513139116248
37.31,-0.28023006199717104,-1.0714480272819893,1.1300719290913177
37.32,-0.2850533893670479,-0.7249971844879551,1.8268617836726142
37.33,0.17079045931344788,0.5453821158887131,1.1278740772307518
37.34,0.5552197101867495,1.9767492438871905,-0.235347099079734
37.35,0.32288670648466855,-0.22211589154952038,-0.6292618356111394
37.36,-0.2635920475102442,-1.6249163925935308,-0.09551710624555662
37.37,-0.30632793003101894,-2.0305441251260268,0.6356346827150864
37.38,0.3428624932621389,-0.12097501118885967,0.14338659923175234
37.39,1.0596563442701032,2.7439650831965094,-0.9610816706965043
37.4,0.7902201349570273,0.26004310041613987,-1.096899406062163
37.41,-0.42231012377593735,-0.7629927055592922,-0.4190741515479706
37.42,-0.8976411472363421,-1.5009665011902988,0.4254240273364636
37.43,-0.20217435416597818,-0.6888145772099545,0.21108740850494012
37.44,0.694045147360706,1.1643506896965379,-0.08622982712828525
37.45,0.8926737576707044,0.40335702077786206,-0.07022950121207507
37.46,0.2951209502908789,-0.10383100406067089,0.13700797282792074
37.47,-0.20207273174102416,-1.06090673507577,0.355657896818575
37.48,-0.20394773238817168,-1.3904226946619809,0.20758184128622917
37.49,-0.0232389486326178,-0.1734023245796532,0.1833674391308535
37.5,0.11779500283729243,1.2540908361317105,0.17541348102478835
37.51,0.1823565324416526,1.3350691786200144,-0.2709664510837103
37.52,0.060077818312652444,0.4481042432440491,-0.8376836879184373
37.53,-0.11436547627042411,-0.4626613673885539,-1.0450720878079025
37.54,-0.12217568249021996,-1.2116136666028572,-0.4129499971821828
37.55,0.06089161073764751,-0.566242719084868,0.2635927367997159
37.56,0.3588392440562331,0.9752565690311953,0.33969453368403724
37.57,0.4284767380888647,0.7429984310308164,0.3723873334684188
37.58,-0.03683346276628918,-0.23599039862474022,0.720623652262797
37.59,-0.4474834791031886,-1.0410100178516513,1.2856476595766302
37.6,-0.25685810294395844,-1.2498707995023484,1.0291159375435368
37.61,0.19911186807208422,0.40902588041532656,-0.10477285131674807
37.62,0.5249976989203641,1.706649488994472,-1.3031159774439278
37.63,0.3606058847031819,0.4481622615744744,-1.6668847479787505
37.64,-0.14537859574243614,-0.8447922306043272,-0.9852352642874103
37.65,-0.33286859761140747,-0.7959386808833084,-0.15234063259427544
37.66,0.021088090771692325,0.6892563241837979,0.08325274872349755
37.67,0.399722541222381,0.5649167487196539,0.5042584115802756
37.68,0.23291957899117774,-0.4366222653370905,1.046423677038904
37.69,-0.08727404056966526,-0.8665593617703508,1.3270283588298748
37.7,-0.016781942132452002,-1.078974340346436,0.8987812199521367
37.71,0.17753346800272177,-0.1907235418138098,0.03853020496675136
37.72,0.28736227157755173,0.717827828536431,-0.6600454979575271
37.73,0.2197868713309281,0.6630659784495012,-1.1271908893781428
37.74,-0.06997744474235143,0.22279186454062236,-1.0811240172238268
37.75,-0.2262561059304153,-0.36838901656127687,-0.6688614648610992
37.76,-0.07323281013834201,-0.3316386382084145,-0.15380851009431384
37.77,0.16828884399069022,0.4489136041572559,0.31891287608861113
37.78,0.2630831639089689,0.294362593333036,0.4502745948093995
37.79,0.04268406560881888,-0.2084211895577533,0.5460771078087598
37.8,-0.25556632560843934,-0.40484106142895493,0.7845719492547589
37.81,-0.3151339686610896,-0.4649287284116231,0.9872376885900024
37.82,-0.17651376117484743,0.24908628529499005,0.6447083099544513
37.83,0.05664716814101091,1.3210084816577943,-0.42584525655460315
37.84,0.16278665406354692,0.9568247582221724,-1.4027732440407046
37.85,-0.09555200254279807,-0.3406089326298611,-1.449078355150738
37.86,-0.29859247910991715,-1.1919943917186975,-0.5187524892064703
37.87,-0.07901800624686728,-1.0829645732463216,0.48873253678665507
37.88,0.3192155085711421,0.5188142432325034,0.8542786964002775
37.89,0.5117213193348132,1.2469286074169628,0.7086188455683866
37.9,0.22535418932177947,0.24139786526649742,0.3474056982149456
37.91,-0.2765896671052587,-0.5809164968384439,-0.025105132708248185
37.92,-0.402237451320444,-0.8981622516537298,-0.23885382657980198
37.93,-0.08244753830798135,-0.5087008757292015,-0.10718443796792787
37.94,0.3604036108295259,0.3584124488376478,0.11036205278734926
37.95,0.6537627159327887,1.0571704694292514,-0.17369689524978157
37.96,0.5675594731206286,0.774719990668806,-0.5879286053334943
37.97,0.11247717250819173,-0.42313910215142025,-0.4047029261916072
37.98,-0.3276995163825219,-1.0168571221462253,0.12032725068322087
37.99,-0.30055208697802815,0.40917059462824346,0.32659118623980693
38.0,0.19751772061120343,1.285902386711534,0.19273604620576384
38.01,0.44226413118931196,0.3035938237635922,0.19475011350355104
38.02,0.1869750150997136,-0.49415891432796444,0.5488618168874504
38.03,0.08088639701886297,-1.216102601281878,0.9070433312239603
38.04,0.3676461058618268,-0.2656748250150518,0.3807178108092768
38.05,0.7282242509328523,1.5165607384918376,-0.7138293053277587
38.06,0.638812250341495,0.6797402322808284,-1.3506592578560055
38.07,-0.09336813133812938,-0.6678038122527105,-1.1883525616296935
38.08,-0.5530314859680254,-1.2008937785565397,-0.28045739296585115
38.09,-0.1331317395077749,-1.388383373993451,0.6320124177015221
38.1,0.4472576682850836,0.06297098765832954,1.183003841143706
38.11,0.6541492703424585,1.9127724864913231,1.097354191013022
38.12,0.4657095242392496,1.8257478010394665,0.17674479559095868
38.13,-0.1387606447555646,0.27189708427201453,-0.6935000679724147
38.14,-0.6704818533997112,-1.1787391492876078,-0.8442870708876926
38.15,-0.5985096169794992,-1.5987460284849115,-0.2211845320824667
38.16,-0.0350635201631227,-0.23027810947047533,0.36011475996518205
38.17,0.619606684416903,2.447645670093113,0.12374532508534597
38.18,0.8206399654334642,1.9306916280131468,-0.3593880425843985
38.19,0.1084549285981593,-0.5497150476229193,-0.17687322783440917
38.2,-0.7840218339783264,-2.008781442801442,0.8391120120342013
38.21,-0.7555050827954108,-2.1571093627983986,1.3224937065384288
38.22,0.08198000016280937,0.8421488330538351,0.5296008974098635
38.23,0.7754553334084469,2.5399211601216507,-0.57233423452
38.24,0.5655453521009737,1.3483178833156189,-1.5464577632150727
38.25,-0.3023574331781576,-0.5050487560763159,-1.4056286270064795
38.26,-0.7503332216290444,-2.282038371110712,-0.23659727082944193
38.27,-0.4197418557409654,-2.3457574455141477,0.8686778110670907
38.28,0.22273764440038707,0.6162643687326725,1.3421180142923943
38.29,0.7163968467033044,2.663296718306805,1.0108050172545031
38.3,0.47855760196599717,1.6342574779371928,0.20083150574228903
38.31,-0.3860139161450218,-0.4823104287057469,-0.5027613187465854
38.32,-0.8872789554082542,-2.1541922545570302,-0.5799975501891974
38.33,-0.5690938440719715,-1.973346453011187,-0.266483314864687
38.34,0.2357432503822931,1.3626367234246595,-0.18350212136045796
38.35,0.942366279717592,2.633668930289308,-0.3759247291396253
38.36,0.6945482989931184,0.9190334938087412,-0.47941482561815896
38.37,-0.3612578141270548,-0.8107548026372018,-0.05131201286973602
38.38,-0.8661797170557279,-2.292569022065912,0.5802948027993113
38.39,-0.4591204610964574,-1.2495088374345404,0.7592129844539127
38.4,0.3096308009598485,1.4162787324372514,0.42378295158024115
38.41,0.6858790905075847,1.873845215208884,-0.24850211679688688
38.42,0.2692699484426987,0.774304916188366,-0.8882928950990464
38.43,-0.3263560004781286,-1.0508177010566555,-0.7428469135297378
38.44,-0.46011553160328095,-2.314484678317431,0.07220723475860769
38.45,-0.14466450437612427,-1.4804489976212751,0.9808895036951231
38.46,0.40833858813787355,1.5952399599553155,0.9988916982180863
38.47,0.766889384449217,2.719286092293911,0.17370372867162542
38.48,0.3123069775517894,0.8913301358330163,-0.5209126404048793
38.49,-0.5870865447432467,-1.1480317970613179,-0.47439606553383407
38.5,-0.801002723683689,-2.261414812046829,-0.09602539069722094
38.51,-0.1313240694361344,-0.2543643060006793,-0.21139644704360128
38.52,0.7993070412097607,1.9935907802585155,-0.3548418080605293
38.53,1.048209733794132,1.0184388405661466,-0.3802258252822705
38.54,0.24354097934714347,-0.27986168954029733,0.05321500089770631
38.55,-0.4496189260560154,-1.7001287438243744,0.7548826635686554
38.56,-0.3421611396091134,-2.143551998687448,0.810995928813532
38.57,0.19294855445724923,0.7695795014503171,0.24664824218070747
38.58,0.6109365309912664,2.013403584500192,-0.22867277571565342
38.59,0.3491547275995516,1.299156624552419,-0.41815582259927464
38.6,-0.29430895216088826,-0.15353918395441823,-0.29045582229542766
38.61,-0.4809165632465219,-1.685680523471613,-0.10380967518834477
38.62,-0.17592108393792932,-1.4414324855335892,0.10170535604715548
38.63,0.2726510689005661,0.9067298439463727,0.14725833948357037
38.64,0.6452915971707852,1.5833001136692078,-0.048333070261108724
38.65,0.3948262983093986,0.7101381939937002,-0.2215949262288901
38.66,-0.309061534562489,-0.29923428616650355,-0.011393903130521327
38.67,-0.5991462233004066,-1.3703125087039798,0.40204672160023247
38.68,-0.38767416060086113,-0.8963111497537286,0.6274456428024091
38.69,0.12004208986136522,0.6309054052580803,0.485491591512068
38.7,0.5234622376759145,1.3842240802574532,-0.012272146685531837
38.71,0.4040377831623767,0.9264836344905788,-0.6654470870118812
38.72,-0.10955154890662078,-0.21347953784636742,-0.6776755455547436
38.73,-0.39415428499103744,-1.178158165787163,-0.4420253869088686
38.74,-0.22920868179351914,0.09491331897716115,-0.3640687151030114
38.75,0.2474113750856372,1.1142718258916529,-0.4101913010901316
38.76,0.4246149360029615,0.30648434302979954,-0.2211645335326375
38.77,0.09008328663951859,-0.20207712710773748,0.36423276035157537
38.78,-0.1162583208789918,-1.1682007857949221,1.2853649848171278
38.79,-0.07668138732149231,-1.2262225811489775,1.769240412238298
38.8,0.09204795464741335,0.4323722470942799,1.1064032592602424
38.81,0.37922179063270034,2.2125519167851597,-0.3949399464854527
38.82,0.27316361718189575,1.117360800525165,-1.5390930170368256
38.83,-0.2512220185162769,-0.29156302540718915,-1.7035571301865353
38.84,-0.4668731608852483,-1.2410173780998563,-0.9196821661474831
38.85,-0.03499849514290332,-0.5749002613430967,-0.12227580632901303
38.86,0.594966284345577,1.6095410436535813,0.4585931150102202
38.87,0.8081173403453734,0.5182943884772966,0.7336381759814353
38.88,0.21099684249238104,-0.25780906533586617,0.8514427966703313
38.89,-0.3506282423377518,-0.7998390346831243,0.7776314553794746
38.9,-0.3455074742600262,-0.8736787268738917,0.41402048124290736
38.91,-0.08268261878438388,0.017087275141294045,0.3952530173419185
38.92,0.2473560772739692,0.8812099259097637,0.33144138606052237
38.93,0.4516032345627407,1.031207014586565,-0.2488969644602857
38.94,0.3954947283945216,0.6022887938534041,-1.037768635867296
38.95,0.24151638217746893,-0.3142651363202775,-1.4044203658015602
38.96,-0.00439822173374127,-1.2536163275526946,-0.939907517301442
38.97,-0.23191410018158998,-0.5752664079938804,-0.04366668832845455
38.98,-0.10767050169542428,0.7053592421587274,0.6690561954482688
38.99,0.13404203993380998,1.5297105571744778,0.9894692999968009
39.0,0.03849715347324267,1.0407294247728403,0.6141575899088834
39.01,-0.3185510131437191,0.1175462740384956,0.09216340621521235
39.02,-0.43879747187911755,-0.9763123927935138,-0.12296066216565973
39.03,-0.22737603579088564,-1.107384647755516,-0.029728524999121084
39.04,0.19677393064958792,-0.15529791340916588,0.02836152859906875
39.05,0.4822424865921733,1.5608176610255622,-0.18040443028282113
39.06,0.3216031318343719,1.07708228150732,-0.3217816038134733
39.07,-0.25793724353078107,-0.2412425197399064,-0.16758921885414305
39.08,-0.6808125405662995,-0.9906282571716084,0.14700653660902277
39.09,-0.4942632125063345,-0.7306981412753438,0.23445738467361085
39.1,0.03315543126403545,0.5636104669386697,0.012898980786671514
39.11,0.42925564610699785,0.940173792547295,-0.043655897043601156
39.12,0.4007456987781961,0.3446112032521958,-0.21397220525936472
39.13,0.017248997232498856,-0.0935799329338443,-0.5318326977090954
39.14,-0.22998061262597705,0.2386150143271744,-0.6322450440400179
39.15,-0.2895871082345751,-1.1667548204977443,-0.1572253592434074
39.16,-0.42894703948291,-0.5751198270148072,0.6824680461061612
39.17,-0.1720779933188013,0.05669370522638427,1.3577562305089932
39.18,0.22345151683211442,0.44327110487489785,1.1529937213548893
39.19,0.19691240065532306,1.0563459832663509,0.2823998203462639
39.2,-0.06705106862812668,0.5969761460096461,-0.8530946873949348
39.21,-0.4026305791972645,-0.44539574840374313,-1.235824363892384
39.22,-0.5939054902105431,-0.7801071003222291,-0.5687316075523559
39.23,-0.31431553438339066,-0.5178335144384397,0.09726143905692863
39.24,0.15320707817709373,0.3760374640825027,0.47220597434826017
39.25,0.36086821936080027,2.172043150182699,0.187608599279306
39.26,0.1786584180275584,0.6392824647466916,-0.15417952860849823
39.27,-0.40774730069714177,-1.1436759718433804,-0.09370431242312785
39.28,-0.7156607131317312,-1.6875238710876892,0.22493044869578263
39.29,-0.35768640633711973,-1.0556912972166843,0.4489526659082775
39.3,0.16814175593155828,1.0790499132673295,0.13201712829886764
39.31,0.4434994360129974,2.0874299961151603,-0.4343475183271491
39.32,0.11528031870086117,0.47548472414221327,-0.599097404994919
39.33,-0.5449363975101982,-0.9800663739964367,-0.26099458537436215
39.34,-0.6485827720890321,-1.7352017652453227,0.21854769789152623
39.35,-0.14454572503484664,-0.5581719241209047,0.3711355524387788
39.36,0.4017162590321536,1.2632665210349006,0.2121258940714901
39.37,0.37185918055201916,0.9131026270478845,0.26932109209875293
39.38,-0.18737210949655414,0.10975618594640282,0.33026317142407446
39.39,-0.4951797832574094,-1.0598034090453732,0.05894129931199779
39.4,-0.34449859574692293,-1.1417690961654565,-0.33544139255712946
39.41,0.009230647950190553,0.3400353437173053,-0.6708666908384024
39.42,0.32471411472352085,0.8854311295599624,-0.8384010214751656
39.43,0.25516892370801303,0.6083475958254351,-0.7078443866685806
39.44,-0.04629641367692226,-0.08523662502339627,-0.3476496956535168
39.45,-0.27721095377380595,-1.1612179763509223,0.4548308139809859
39.46,-0.3586330318159325,-1.0171597308422027,1.239685063543562
39.47,-0.1949359304611326,-0.01608577538051384,1.513791616673001
39.48,0.12150721071786671,0.8797502173213455,0.7654478635101717
39.49,0.16507541515180413,1.3610321934286325,-0.4594280890127406
39.5,-0.1860988568933311,0.00169843618103388,-1.0646010562518984
39.51,-0.5750353268955446,-1.1743365118477327,-0.7955233666797127
39.52,-0.517298643684907,-1.2196129946526506,-0.22580175813556738
39.53,-0.017690187043914618,0.541240058573474,-0.23718910144656388
39.54,0.3668562400282251,1.865075893051127,-0.25978416677221894
39.55,0.07360616154873201,0.05849131330253976,0.11972482854330452
39.56,-0.6994170659658208,-0.7770330327811319,0.6831260458390955
39.57,-0.8426113730101864,-1.496302280367068,1.024213620128819
39.58,-0.3907472177496756,-0.9782866979309868,0.8020895660454128
39.59,0.04018058136743999,0.866934543691174,0.20704751112265016
39.6,0.24317771196217636,1.4774639808923868,-0.5115421249725545
39.61,0.04624672834543295,0.5255893092478541,-1.1023939239122273
39.62,-0.349050886852414,-0.8001492028699608,-1.1799679237051834
39.63,-0.47468730762555406,-1.3621809429356448,-0.7479982934189174
39.64,-0.20294889571167532,-0.4278673659655107,-0.018181942109126964
39.65,0.19435844037540334,0.716597853937628,0.6418722031635226
39.66,0.3077965542732733,0.3993901140363285,0.8492928499137095
39.67,0.010028208076807793,-0.02815422977948079,0.8267370057412343
39.68,-0.25666730150353406,-0.658692897773725,0.6682353999257034
39.69,-0.2589824086032413,-0.8291421247720946,0.457203682904578
39.7,-0.02905234980275935,0.028932057469691685,-0.0011707333807057796
39.71,0.3311139569629392,0.865836649486973,-0.7866273899372107
39.72,0.4170386028230099,0.6094345590490823,-1.1419506550735614
39.73,0.1501478040270324,-0.13285889766781775,-0.9077436398972285
39.74,-0.12224578224654362,-0.6887358071276529,-0.2581684532704421
39.75,-0.14089601615636155,-0.5279647097622765,0.401430273784518
39.76,0.0645381367552041,0.04215654552422539,0.9337020193941559
39.77,0.2585702296896832,0.47592359889896607,1.1376295805847199
39.78,0.2667362487812416,0.6688102877293322,0.6358616463424395
39.79,0.13485840128502827,0.41949260030327995,-0.2576556279766221
39.8,0.05739568706731608,-0.3711538851495566,-0.9911711155361859
39.81,0.05967711177893012,-0.8500751521260829,-0.937857888891488
39.82,0.23880356511784165,-0.6320876414923248,-0.41680718376228765
39.83,0.5120447672677945,0.09316965689987439,0.13045338463069495
39.84,0.5806582419572872,0.6719334957052572,0.64148347554256
39.85,0.4111703262198499,0.2449933312270651,0.8252009287191944
39.86,0.0998645241681572,-0.20254935830045687,0.7017937184592682
39.87,-0.01759072165455402,0.14281278993969465,-0.0009305665381135197
39.88,0.1844878274769754,0.5684874594339473,-0.8613087332383256
39.89,0.36238347957660255,0.0071219587776975846,-0.9997545978924345
39.9,0.3407111582371306,-0.22496698823721414,-0.4738224223774975
39.91,0.3730312461781888,-0.2637717715293742,0.11430937546463396
39.92,0.5307188328104528,0.14466897870653345,0.18304871151274366
39.93,0.5462830313742347,0.539743211556626,0.13375523701903658
39.94,0.311738110252875,-0.06673931546744336,0.2722151183616572
39.95,0.0114010906666882,-0.1942953292861655,0.3506596164107565
39.96,0.05740248291476584,-0.23303610289149096,0.3486292048502238
39.97,0.40133654012985576,-0.1148040864445603,0.0767685439042109
39.98,0.6527907848036276,0.2627649041425741,-0.23010450722326975
39.99,0.6859633338268263,0.19835751928924655,-0.355170744294276
40.0,0.524109903954949,-0.22924697166543925,-0.2785425806437448
40.01,0.31781329420777943,-0.43851227753680405,-0.17581230590795405
40.02,0.23443016048401166,-0.03294717783195805,-0.2565330670676749
40.03,0.2579774709573107,0.5444270894765155,-0.2618403010521788
40.04,0.2953507073591235,0.614999506864886,-0.24751669759517758
40.05,0.3069592605731609,0.1345718643520275,-0.2196775119832118
40.06,0.3000345061720647,-0.5832317303556108,0.1229195281219456
40.07,0.3126946760654518,-0.7624848641328905,0.6451231440482997
40.08,0.38285946344757626,-0.13393619115059158,0.8777006523759884
40.09,0.40288535098317646,0.8655603093111264,0.5252824393941871
40.1,0.19552097833327656,0.9551556195242676,0.10515584737290715
40.11,-0.18502319522527844,0.06503651151748291,0.14143400455741897
40.12,-0.3625858703438367,-0.5323603367431023,0.22171313278591553
40.13,-0.11629091191579183,0.1516270999214332,-0.2095224832541101
40.14,0.3475288609101874,1.5701850139863343,-1.0273438598650915
40.15,0.5003691925438899,1.0302894910951867,-1.4367332133135209
40.16,0.03260919828294673,-0.5651406100398447,-0.8877437736256928
40.17,-0.4288124422613055,-1.330003718117226,0.2608818229669962
40.18,-0.32769751010468917,-1.1178356380830037,1.111707801246029
40.19,-0.01305833469936471,0.739425564648059,1.23897864769977
40.2,0.10536647587447791,1.8537625961818744,0.7555283195447038
40.21,-0.194018116681623,1.053061552938595,0.052746825057901736
40.22,-0.6809166347144631,-0.32243159727909243,-0.2829598756231936
40.23,-0.7457613122875385,-1.503334772132105,-0.13496126504645495
40.24,-0.3338764494462435,-1.2116403498897135,0.12416933916830636
40.25,0.13890105183777374,0.6364735356789593,0.22013500477308298
40.26,0.2892987235896517,1.5266493785126762,0.17111630455486043
40.27,-0.10643635950826014,0.7966055423001869,-0.0921426593983598
40.28,-0.7293188673515837,-0.3215942079616679,-0.3580016011176232
40.29,-0.9375137782003834,-0.5417308981547981,-0.520572081452747
40.3,-0.5537590161705374,-0.2183048355355144,-0.5009167544302134
40.31,-0.03350051581382585,0.0018223692480193454,-0.4063057144026238
40.32,0.1510746216279735,0.4460763056128271,-0.2161652237678438
40.33,0.05827283309473219,0.07358443014366045,0.2844962363256348
40.34,-0.21282824144871643,-0.7386418094929378,0.9210329405885069
40.35,-0.49618896776075716,-0.7997829548490827,1.3648788941909964
40.36,-0.4993075752472345,-0.11348662147944999,1.1067572883668908
40.37,-0.2975382242389558,0.9110118964784812,0.12391539027668419
40.38,-0.14304359857489185,0.9140477080962306,-0.9350592267777456
40.39,-0.18074701727313913,-0.0053494541661905926,-1.287207469497638
40.4,-0.2451739048928472,-0.8464324354551981,-0.8137279768944009
40.41,-0.1340481266921631,-0.731484340647777,-0.2788360925427144
40.42,0.08151520320345876,0.570227257189261,0.16087671242854543
40.43,0.18036715077645513,0.5584313272288005,0.5127157241088931
40.44,-0.11904688752991133,-0.0361492797829954,0.7438062697306682
40.45,-0.44094267224749284,-0.4557756719648218,0.8477322187388406
40.46,-0.38066140723468944,-0.6033733547052512,0.5231510379939612
40.47,-0.14158270694709774,0.1956509965318891,-0.13940321946822803
40.48,0.055057268518174655,0.9677358785016925,-0.7426413432912232
40.49,0.10834708431475495,0.7188562717803493,-1.1242700202987121
40.5,-0.06661214542967678,-0.059444981075128744,-0.776633007022899
40.51,-0.2043531850282741,-0.6797732101340762,-0.13532415906915723
40.52,-0.10554097359627217,-0.08820642834076664,0.18111660050571327
40.53,0.08696723032301339,0.983751829183801,0.15328745670490734
40.54,0.058495443986741516,0.4400212996516355,0.057705253344354675
40.55,-0.2949279363234661,-0.38324807761755486,0.375081132430296
40.56,-0.4588118993641997,-0.7886069494805971,0.8112050207936983
40.57,-0.21288928558076503,-0.5166427948489501,0.6966247472582624
40.58,0.12669839908976246,0.2947954387587631,0.25963420221320854
40.59,0.2511171731471249,0.7816646867821879,-0.4027108837030215
40.6,0.045295653169949046,0.4884371890773841,-0.9184248801958861
40.61,-0.3407388610236432,0.09358036083442953,-1.0510021960749094
40.62,-0.5383747040560122,-0.13259069372204926,-0.6158319982235148
40.63,-0.40787244143056056,-0.35028253719222746,0.03261064508895839
40.64,-0.19502329604729116,0.07769294492017631,0.583516317062769
40.65,-0.009474252814493656,0.2581499767116097,0.964383576014511
40.66,0.018914951911922603,0.06865401550497782,0.8428652067055595
40.67,-0.19842393502374647,0.02804481752613272,0.4271607716451027
40.68,-0.3930375760365182,-0.12915863254253976,-0.10891569370347465
40.69,-0.45532198216523667,-0.22169838513147025,-0.35980653521895306
40.7,-0.30678104644837223,-0.14560563437013854,-0.551771130022966
40.71,-0.049418921723562464,0.1885366385984371,-0.783324236690995
40.72,0.07979614638814837,0.39521326413180685,-0.5760664934821498
40.73,-0.025303411549846333,-0.13656353874188304,0.08693713818144505
40.74,-0.294434826706124,-0.5451716648098905,0.9118599287083118
40.75,-0.38914009647142317,-0.42975220787355206,1.0415482140845442
40.76,-0.2566406748767,1.0781749312828905,0.22508473098474768
40.77,-0.16194051770317208,0.8030590311853932,-0.5351067088761311
40.78,-0.3052621677301151,-0.12416173346711012,-0.7894086515098376
40.79,-0.39816460102642065,-0.9189020403035982,-0.19758608894431517
40.8,-0.14171930651411807,-1.1257886879579524,0.24738896006616914
40.81,0.18404182597318036,0.6879292416947695,0.12740313295586966
40.82,0.3276728467823704,1.4810299811839984,-0.007456013241150181
40.83,0.02029250713358549,-0.004574068135180465,-0.12085549978002515
40.84,-0.6255598062325821,-0.9317844134137698,0.214953007612103
40.85,-0.6708878118371846,-1.3189530179587043,0.3770319987164306
40.86,-0.12625575565047276,-0.2848859725744226,0.0182163266639781
40.87,0.31309712366919806,1.1577623144273501,-0.1356801532112714
40.88,0.32967009856662177,0.7938352481404357,-0.1322698389401695
40.89,-0.08560910282695827,-0.39493715396172946,0.07650755308765692
40.9,-0.4305439993386846,-1.2838065548305995,0.15880296120132703
40.91,-0.3567482153379721,-0.9237971678643166,0.010942739249691191
40.92,0.016141184608599368,0.4183655756618563,-0.2554880818537097
40.93,0.20784127234293587,0.614606405659755,-0.5103660530996539
40.94,-0.08854850908742284,0.3726307390655642,-0.2779620652217377
40.95,-0.4130042059628313,-0.6256002518417624,0.5007118605565505
40.96,-0.44842527813336963,-1.2817090918212806,1.0685500892799502
40.97,-0.19972880806101856,-0.4866886193092328,0.6702283654398336
40.98,0.20364362473915396,2.1416820173482076,-0.5407574416267713
40.99,0.1547866494720353,0.9192641291009382,-1.3559706298731302
41.0,-0.45877888953208223,-0.5244925035240153,-1.43993664904442
41.01,-0.708184388217944,-1.9295939477734465,-0.30511749382765263
41.02,-0.3138540977695066,-2.0470263387014467,0.8799787882846359
41.03,0.2198696509103465,0.3746920838261185,1.245564260381418
41.04,0.5118648022322155,2.44354101587708,0.9853967286754377
41.05,0.256163583168814,0.9224819675518983,0.1660246508092159
41.06,-0.6204126192187812,-0.6278883787147798,-0.4624064807618373
41.07,-0.9532686785791864,-1.9578635952797812,-0.5493708646061065
41.08,-0.4237747043237666,-2.114427119350932,-0.22554891911707348
41.09,0.2849371543575548,0.03483650391294857,0.06166951836040602
41.1,0.7963662888473105,2.3379013561083273,-0.2671753207333328
41.11,0.6370660569759922,1.2664635427093187,-0.47665800003370434
41.12,-0.2487963429050445,-0.5498225561101255,-0.32291988399374405
41.13,-0.8169701818862771,-2.168184636400822,0.4185617340505464
41.14,-0.5505343402735057,-2.1642084478817436,0.9782480235441227
41.15,0.20342063326562398,0.446632895215779,0.5774229958772705
41.16,0.8332641036661761,1.8787629837095396,-0.04342238364910711
41.17,0.696853009482545,1.2229188642225544,-0.7082760036436064
41.18,-0.049936854556004606,-0.4293808978744873,-0.4282880871857908
41.19,-0.3882807228045349,-2.242807650880329,-0.07513438591694044
41.2,-0.14490622278436677,-1.763289666349308,0.10648450589280657
41.21,0.45991517892204126,0.6453064771941723,0.28250826156109476
41.22,0.8870898753850993,0.93432659097723,0.2258122291686156
41.23,0.5234943841282351,0.7476882244421987,0.18898542792908898
41.24,-0.0032465558957293084,-0.3615730946106894,-0.045116001434114233
41.25,-0.18180154790056166,-1.4845363374758263,-0.1515258459481615
41.26,-0.07879460371186449,-0.8934506067750835,-0.11760399791734219
41.27,0.28749755555095197,0.31080513713227065,0.1296429805283348
41.28,0.6841606226677607,0.7502415299237261,0.1026197169998086
41.29,0.5726106433249004,0.6749300282098415,0.031417758008385616
41.3,0.20076893892931388,-0.1927605710369121,-0.04558408945458122
41.31,-0.061662497091158355,-0.7134234193252761,-0.40652108546071325
41.32,-0.009293187685239086,0.2040280147800385,-0.5771529773729156
41.33,0.3065638032575278,-0.12332486520146312,-0.25071006257642414
41.34,0.32526051905888065,-0.04291537513262265,0.6189436435461887
41.35,0.2570547547536604,0.29053079334233795,0.9446317841563672
41.36,0.32507718146946357,0.3412896236056209,0.27840440907040775
41.37,0.30908453564863736,0.608737976672226,-0.6093262114390973
41.38,0.1427199301821447,-0.4527985715088601,-0.8749340462587423
41.39,-0.02813911399970851,-0.9173586496493878,-0.2708930909859439
41.4,0.14471784146053418,-0.5811251747802134,0.2050218550163526
41.41,0.4990705607623811,1.0375877339501505,0.18093905452192874
41.42,0.6946854219658734,0.8135205941323914,-0.045530748762371766
41.43,0.30117737043305365,-0.058189168208947005,-0.13491383309832158
41.44,-0.25588185339801456,-0.5165290078440178,0.3236026264837629
41.45,-0.20100850164994366,-0.7868804261575355,0.2833478129618926
41.46,0.1855886926971918,-0.12551650772930106,0.1903502922921622
41.47,0.5093446992587591,0.8031544789132289,-0.05571741838446614
41.48,0.5232601574791301,0.8730871860518863,-0.2541349209843867
41.49,0.258824141871558,0.575369284043573,-0.8191735166604287
41.5,-0.06666188720634257,0.4968075440326136,-0.9539439619077205
41.51,-0.13872180244027435,-1.275371164685777,-0.21841933782395473
41.52,-0.14190480973911485,-1.1655177802608563,0.9093554540230104
41.53,0.1448071988753838,-0.1735581121007277,1.6812311353506653
41.54,0.5546839665404074,0.7002094811082888,1.208281362855143
41.55,0.517876272403186,1.213375732127329,0.08460070102343856
41.56,0.11562791936495809,0.4540754389392987,-0.9271306804917105
41.57,-0.34123130050814293,-0.71450028739648,-0.9040536665956951
41.58,-0.38995078207770495,-1.0828243735128877,-0.4873952957407727
41.59,0.04438414089366427,-0.12456132397171377,-0.35286743224341627
41.6,0.5031314609675316,1.5508196722937369,-0.1588265200619194
41.61,0.5206850053768839,0.9364505239074867,-0.13784832644154657
41.62,0.0184317423332242,-0.0015783265344062325,-0.004669777479698024
41.63,-0.359467001959159,-1.0448564919954888,0.317390592545012
41.64,-0.4147888164331049,-1.0878589073304297,0.6927829279647186
41.65,-0.2288079074552129,0.1616496947157538,0.9671380923000064
41.66,0.12571226416941697,1.0743906781621357,0.7036232873232106
41.67,0.22560726694114625,1.235691237295223,-0.11891050355303907
