time,seconds_elapsed,z,y,x
1789317030739859700,0.043859619140625,-0.5915530323982239,-0.6396651864051819,0.9237211346626282
1789317030749815000,0.05381494140625,-0.6438586115837097,-0.9382539987564087,0.7555651664733887
1789317030759771000,0.06377099609375,-0.876214861869812,-0.8729010820388794,0.37081030011177063
1789317030769725700,0.0737255859375,-1.0917173624038696,-0.37258875370025635,-0.2908685803413391
1789317030779682000,0.08368212890625,-1.0111314058303833,-0.5231327414512634,-0.9585939049720764
1789317030789636900,0.093636962890625,-0.9810709953308105,-0.7207547426223755,-1.0446223020553589
1789317030799593000,0.103593017578125,-1.0551902055740356,-0.6102907657623291,-0.6258715987205505
1789317030809547800,0.1135478515625,-0.9623225927352905,-0.5136873126029968,-0.2880600094795227
1789317030819502800,0.1235029296875,-0.8160117268562317,0.2607751488685608,-0.26533207297325134
1789317030829459000,0.133458984375,-0.8418294787406921,-0.48656806349754333,-0.1067538782954216
1789317030839413800,0.143413818359375,-1.124965786933899,-1.0472347736358643,0.059960272163152695
1789317030849370000,0.1533701171875,-1.212155818939209,-1.2505956888198853,0.16271567344665527
1789317030859325000,0.163324951171875,-1.0566266775131226,-1.0875383615493774,0.20898810029029846
1789317030869280800,0.17328076171875,-1.064286470413208,-0.331932932138443,0.3486171066761017
1789317030879236000,0.183236083984375,-1.0533264875411987,-0.19688190519809723,0.3256526589393616
1789317030889192000,0.19319189453125,-0.9908511638641357,-0.749340295791626,0.04270405322313309
1789317030899147000,0.20314697265625,-1.0064711570739746,-1.4076435565948486,0.09934283047914505
1789317030909102800,0.213102783203125,-0.854394793510437,-1.4913196563720703,-0.22553059458732605
1789317030919058000,0.223057861328125,-0.638980507850647,-1.1255967617034912,-0.4073760211467743
1789317030929014000,0.233013916015625,-0.6419893503189087,-0.3514019846916199,-0.4727765917778015
1789317030938968800,0.24296875,-0.84422767162323,-0.06841394305229187,-0.6258202195167542
1789317030948924000,0.252923828125,-1.2414157390594482,-0.40523698925971985,-0.33555641770362854
1789317030958880000,0.2628798828125,-1.5280736684799194,-0.5204229354858398,-0.09605622291564941
1789317030968834800,0.272834716796875,-1.31187903881073,-0.7728394865989685,0.037159353494644165
1789317030978791000,0.282791015625,-0.839156985282898,-0.8179827332496643,0.13489283621311188
1789317030988746000,0.29274609375,-0.4840417802333832,-0.8076674938201904,0.2804529666900635
1789317030998701800,0.302701904296875,-0.42910343408584595,-0.9296040534973145,0.37882134318351746
1789317031008657000,0.312656982421875,-0.6251482963562012,-1.111412763595581,0.4639953672885895
1789317031018612700,0.32261279296875,-0.9061892628669739,-0.9528971314430237,0.4617476463317871
1789317031028568000,0.332568115234375,-1.015108585357666,-0.6153284311294556,0.32396209239959717
1789317031038524000,0.34252392578125,-0.8102614283561707,-0.41958874464035034,-0.06857772916555405
1789317031048478700,0.352478759765625,-0.6757840514183044,-0.09447909891605377,-0.3440324664115906
1789317031058435000,0.36243505859375,-0.5549106001853943,-0.4160350263118744,-0.4112946093082428
1789317031068390000,0.372389892578125,-0.4220825433731079,-0.8907802104949951,-0.539610743522644
1789317031078346000,0.382345947265625,-0.3752913177013397,-1.0405482053756714,-0.3393716812133789
1789317031088301000,0.392301025390625,-0.3512951731681824,-0.7897542715072632,-0.12988422811031342
1789317031098256000,0.402255859375,-0.4191892743110657,-0.42083775997161865,0.2062482386827469
1789317031108212000,0.4122119140625,-0.5223289728164673,-0.1092710942029953,0.3890819847583771
1789317031118167000,0.4221669921875,-0.555523693561554,-0.22611463069915771,0.3541881740093231
1789317031128123000,0.432122802734375,-0.5401204824447632,-0.7098399996757507,0.4257662296295166
1789317031138078000,0.442077880859375,-0.5282907485961914,-0.5992857813835144,0.33778709173202515
1789317031148033800,0.45203369140625,-0.2999108135700226,-0.5215311050415039,0.08336972445249557
1789317031157989000,0.461989013671875,-0.055331166833639145,-0.4413457214832306,-0.3120870590209961
1789317031167945000,0.471945068359375,-0.17849117517471313,-0.28820863366127014,-0.262184202671051
1789317031177899800,0.481899658203125,-0.4228556454181671,-0.31119462847709656,-0.15026433765888214
1789317031187856000,0.49185595703125,-0.5432713031768799,-0.40073275566101074,-0.08168794214725494
1789317031197811000,0.50181103515625,-0.4973093867301941,-0.4376026391983032,0.11315185576677322
1789317031207767000,0.51176708984375,-0.3573128581047058,-0.3334176540374756,0.2182961106300354
1789317031217721900,0.521721923828125,-0.18569210171699524,-0.3459635376930237,0.15265345573425293
1789317031227677700,0.531677734375,-0.11349513381719589,-0.3922143876552582,-0.10171277821063995
1789317031237633000,0.541633056640625,-0.3212035894393921,-0.45576804876327515,-0.06228095293045044
1789317031247588900,0.5515888671875,-0.6172826290130615,-0.5188508629798889,0.14553402364253998
1789317031257543700,0.561543701171875,-0.6422212719917297,-0.6203993558883667,0.2316119223833084
1789317031267499000,0.5714990234375,-0.4509349465370178,-0.5775197744369507,0.3018812835216522
1789317031277454800,0.581454833984375,-0.2615676820278168,-0.24158412218093872,0.027297135442495346
1789317031287410000,0.591409912109375,-0.28843072056770325,-0.2973906695842743,-0.029824474826455116
1789317031297366000,0.601365966796875,-0.45128384232521057,-0.6222020387649536,0.041913360357284546
1789317031307320800,0.61132080078125,-0.5905706286430359,-0.7229605913162231,0.08112947642803192
1789317031317277000,0.62127685546875,-0.5543598532676697,-0.5568355321884155,0.017670074477791786
1789317031327232000,0.63123193359375,-0.40529555082321167,-0.2220173478126526,-0.24678927659988403
1789317031337188000,0.64118798828125,-0.4250389039516449,-0.12506817281246185,-0.15357758104801178
1789317031347143000,0.651142822265625,-0.5308412313461304,-0.3608900308609009,-0.05241207405924797
1789317031357098800,0.6610986328125,-0.5430960655212402,-0.8031556010246277,-0.019453858956694603
1789317031367054000,0.67105419921875,-0.49290236830711365,-0.9066218137741089,0.08673302829265594
1789317031377010200,0.68101025390625,-0.48435336351394653,-0.42946428060531616,0.08527415245771408
1789317031386965000,0.690965087890625,-0.484881192445755,-0.3798581063747406,0.27670562267303467
1789317031396921000,0.700921142578125,-0.5360288023948669,-0.4965599775314331,0.39710527658462524
1789317031406876200,0.710876220703125,-0.560384213924408,-0.6821373105049133,0.41285520792007446
1789317031416832000,0.72083203125,-0.4704444706439972,-0.8164849877357483,0.2083478718996048
1789317031426787000,0.730787109375,-0.4281976819038391,-0.6521732807159424,0.02267654985189438
1789317031436743000,0.740742919921875,-0.4377882480621338,-0.5552254319190979,-0.0652003064751625
1789317031446698200,0.7506982421875,-0.4943748414516449,-0.5504328012466431,-0.1202438548207283
1789317031456653000,0.760653076171875,-0.6057738065719604,-0.44280433654785156,-0.1276588886976242
1789317031466609000,0.77060888671875,-0.6984747052192688,-0.3905762732028961,-0.04511634632945061
1789317031476564200,0.780564208984375,-0.6308674216270447,-0.5485690832138062,-0.050332680344581604
1789317031486520000,0.79052001953125,-0.4361320436000824,-0.8341350555419922,-0.12005423754453659
1789317031496475000,0.800474853515625,-0.32694190740585327,-0.9414277076721191,-0.03657239302992821
1789317031506431000,0.810430908203125,-0.4557190537452698,-0.6196445822715759,0.1620648056268692
1789317031516386000,0.820385986328125,-0.6967108845710754,-0.29542845487594604,0.5126185417175293
1789317031526342100,0.830342041015625,-0.63405841588974,-0.4647729992866516,0.35423609614372253
1789317031536297000,0.840296875,-0.4742639660835266,-0.7007634043693542,0.042151980102062225
1789317031546253000,0.850253173828125,-0.5563111901283264,-0.44241762161254883,-0.06599845737218857
1789317031556208000,0.8602080078125,-0.5647480487823486,-0.5784100890159607,-0.11619558185338974
1789317031566164000,0.8701640625,-0.4196827709674835,-1.0245311260223389,0.01745648868381977
1789317031576119300,0.880119384765625,-0.36261653900146484,-0.7943722009658813,0.18783114850521088
1789317031586075100,0.8900751953125,-0.45750096440315247,-0.27401795983314514,0.4294682741165161
1789317031596030000,0.900030029296875,-0.41226425766944885,-0.13624359667301178,0.17084604501724243
1789317031605986000,0.909986083984375,-0.355769544839859,-0.4543624520301819,-0.05826863273978233
1789317031615941000,0.919941162109375,-0.4619506001472473,-0.7215166687965393,0.04797258600592613
1789317031625897200,0.929897216796875,-0.5216525197029114,-0.7022457718849182,0.10892142355442047
1789317031635852000,0.93985205078125,-0.38471519947052,-0.6245123147964478,0.28645652532577515
1789317031645807900,0.949807861328125,-0.13112792372703552,-0.38124457001686096,0.16601772606372833
1789317031655763200,0.95976318359375,-0.045281194150447845,-0.28611937165260315,-0.01708817295730114
1789317031665718000,0.969718017578125,-0.17820516228675842,-0.4586104452610016,-0.1409430056810379
1789317031675674000,0.979674072265625,-0.39243942499160767,-0.6592308878898621,-0.11557985842227936
1789317031685629200,0.989629150390625,-0.51764315366745,-0.7639591693878174,0.2475309669971466
1789317031695585000,0.9995849609375,-0.350503146648407,-0.5277418494224548,0.1834598332643509
1789317031705540000,1.0095400390625,-0.22351191937923431,-0.30287864804267883,0.47111693024635315
1789317031715496000,1.019495849609375,-0.11258726567029953,-0.15101560950279236,0.24285951256752014
1789317031725451000,1.029450927734375,-0.07418235391378403,-0.64630526304245,0.011560515500605106
1789317031735407000,1.039406982421875,-0.2889135479927063,-0.857081949710846,0.11811518669128418
1789317031745362000,1.04936181640625,-0.4444650709629059,-0.5642455220222473,0.028113126754760742
1789317031755318300,1.059318359375,-0.4026228189468384,-0.4055120646953583,0.21461856365203857
1789317031765273000,1.069273193359375,-0.19191564619541168,-0.16980767250061035,-0.008268582634627819
1789317031775229000,1.07922900390625,-0.05108156055212021,-0.49603772163391113,0.11748428642749786
1789317031785184300,1.089184326171875,-0.0537194199860096,-0.7984769344329834,0.17049051821231842
1789317031795140000,1.09914013671875,-0.17745734751224518,-0.7713103294372559,0.2813131511211395
1789317031805095200,1.10909521484375,-0.21183794736862183,-0.6290903091430664,0.29704365134239197
1789317031815051000,1.119051025390625,-0.19696925580501556,-0.3146732449531555,0.09635449945926666
1789317031825006000,1.129006103515625,-0.3468615412712097,-0.061654042452573776,0.3205881416797638
1789317031834962200,1.138962158203125,-0.2944324314594269,-0.2619847357273102,0.1551821231842041
1789317031844917000,1.1489169921875,-0.10351360589265823,-0.7129442095756531,-0.006807838566601276
1789317031854872000,1.1588720703125,-0.02955283224582672,-0.5989755392074585,-0.10978268831968307
1789317031864828200,1.168828125,-0.04466893523931503,-0.5523704886436462,0.06860675662755966
1789317031874783000,1.178782958984375,-0.08536283671855927,-0.5923845171928406,0.43020012974739075
1789317031884739000,1.188739013671875,-0.10058679431676865,-0.3098912835121155,0.506959080696106
1789317031894694100,1.198694091796875,-0.012396481819450855,-0.1913425326347351,0.31644877791404724
1789317031904650000,1.20864990234375,0.04298342019319534,-0.32912036776542664,0.04243054613471031
1789317031914605000,1.21860498046875,-0.04621436819434166,-0.38567018508911133,0.012515258975327015
1789317031924561000,1.228560791015625,-0.03873887285590172,-0.4321841597557068,-0.03377580642700195
1789317031934516200,1.23851611328125,0.07244996726512909,-0.4234548509120941,-0.04993347078561783
1789317031944472000,1.24847216796875,0.12595340609550476,-0.3732127249240875,0.1683245599269867
1789317031954427000,1.258427001953125,0.14223703742027283,-0.28146976232528687,0.34022256731987
1789317031964383200,1.26838330078125,0.12468627095222473,0.029161080718040466,0.265916645526886
1789317031974338000,1.278338134765625,0.1590450406074524,-0.014287326484918594,-0.016230635344982147
1789317031984294100,1.288294189453125,0.1172667071223259,-0.5591250658035278,0.21812354028224945
1789317031994249200,1.298249267578125,0.008177235722541809,-0.40616321563720703,0.5035043954849243
1789317032004205000,1.308205078125,0.16315722465515137,-0.02821352891623974,0.5150029063224792
1789317032014160100,1.31816015625,0.5996469259262085,-0.019246665760874748,0.0633920207619667
1789317032024116000,1.328115966796875,0.7714903354644775,-0.2164582759141922,-0.2787858247756958
1789317032034071000,1.338071044921875,0.41683876514434814,-0.2543151080608368,0.09738007932901382
1789317032044027100,1.348027099609375,0.15049417316913605,-0.18343746662139893,0.32062089443206787
1789317032053982000,1.35798193359375,0.223758265376091,0.14322958886623383,0.22560462355613708
1789317032063937300,1.367937255859375,0.4787772297859192,0.5481389760971069,-0.08769789338111877
1789317032073893000,1.37789306640625,0.6637691855430603,0.39155417680740356,-0.34813880920410156
1789317032083848000,1.387847900390625,0.6310301423072815,-0.2504407465457916,0.045332327485084534
1789317032093804000,1.397803955078125,0.5633472204208374,-0.47153398394584656,0.4919484257698059
1789317032103759000,1.407759033203125,0.706074059009552,-0.2625373601913452,0.662969708442688
1789317032113715200,1.417715087890625,0.9472078084945679,0.24028903245925903,0.4063810706138611
1789317032123670000,1.427669921875,0.9070585370063782,0.6744945645332336,0.13359934091567993
1789317032133626000,1.437626220703125,0.6525330543518066,0.472658634185791,-0.0032751555554568768
1789317032143581200,1.447581298828125,0.480694442987442,-0.002654106356203556,-0.16416923701763153
1789317032153537000,1.457537109375,0.43531179428100586,0.017784323543310165,0.014913169667124748
1789317032163492000,1.4674921875,0.6465678215026855,0.6009777188301086,-0.14249110221862793
1789317032173448200,1.4774482421875,1.0100916624069214,0.43576931953430176,-0.06980544328689575
1789317032183403000,1.487403076171875,1.1741344928741455,-0.04378423094749451,0.2641618847846985
1789317032193359000,1.497359130859375,1.0372653007507324,0.009364207275211811,0.3250694274902344
1789317032203314200,1.507314208984375,0.8536595106124878,0.07367555052042007,0.3656163215637207
1789317032213270300,1.517270263671875,0.7431952953338623,0.36462855339050293,0.061224475502967834
1789317032223225000,1.52722509765625,0.5660697817802429,0.5530511736869812,0.1467505544424057
1789317032233181000,1.537180908203125,0.5212687849998474,0.6054009795188904,0.14823953807353973
1789317032243136300,1.54713623046875,0.6683804392814636,0.5416054725646973,-0.13585424423217773
1789317032253092000,1.557092041015625,0.8231218457221985,0.04496641084551811,0.06483998149633408
1789317032263047000,1.567046875,0.8804261088371277,-0.04277249798178673,0.1748594343662262
1789317032273002200,1.577002197265625,0.8794096112251282,0.2458486557006836,0.11915275454521179
1789317032282958000,1.5869580078125,0.809702455997467,0.5634332895278931,-0.12765170633792877
1789317032292913200,1.5969130859375,0.6382995247840881,0.2542029917240143,-0.021680528298020363
1789317032302869000,1.606868896484375,0.37992095947265625,0.22744594514369965,0.056822270154953
1789317032312824000,1.616823974609375,0.24240490794181824,0.6089403033256531,0.04830281808972359
1789317032322780200,1.6267802734375,0.41399210691452026,0.48765328526496887,0.09019140899181366
1789317032332735000,1.63673486328125,0.5877665877342224,0.39087986946105957,-0.015797605738043785
1789317032342691000,1.646691162109375,0.6232425570487976,0.09875107556581497,0.0913405641913414
1789317032352646100,1.656646240234375,0.6250998377799988,-0.13117772340774536,0.07751955837011337
1789317032362602000,1.66660205078125,0.5432220101356506,0.1607966125011444,-0.15185637772083282
1789317032372556500,1.676556640625,0.398165762424469,0.2653491199016571,-0.14876843988895416
1789317032382512600,1.6865126953125,0.22746111452579498,0.1530928760766983,0.13008609414100647
1789317032392467500,1.696467529296875,0.1148725226521492,0.4189847409725189,0.1250612437725067
1789317032402423300,1.70642333984375,0.1970914900302887,0.4100751280784607,0.0338602289557457
1789317032412378600,1.716378662109375,0.42377790808677673,-0.07895234227180481,-0.06438431888818741
1789317032422334500,1.72633447265625,0.4683302044868469,-0.14635002613067627,-0.16382968425750732
1789317032432289300,1.736289306640625,0.34076452255249023,0.026080070063471794,-0.052925530821084976
1789317032442244600,1.74624462890625,0.2965070307254791,0.03363625705242157,-0.04661969840526581
1789317032452200400,1.756200439453125,0.20218506455421448,0.08753091096878052,-0.03845737874507904
1789317032462155300,1.7661552734375,0.009591374546289444,0.05919621139764786,0.29282599687576294
1789317032472111400,1.776111328125,-0.02678261138498783,0.15514057874679565,0.293637752532959
1789317032482066400,1.78606640625,0.048717204481363297,0.4223182201385498,0.024274446070194244
1789317032492022500,1.7960224609375,0.12363006174564362,0.19680121541023254,-0.09812656790018082
1789317032501977300,1.805977294921875,0.15296638011932373,-0.42366817593574524,-0.0735679566860199
1789317032511933400,1.815933349609375,0.05579562112689018,-0.34549480676651,-0.09938757121562958
1789317032521888500,1.825888427734375,0.01677738130092621,-0.0479092039167881,-0.11925395578145981
1789317032531844400,1.83584423828125,0.026697658002376556,0.037338584661483765,-0.15673954784870148
1789317032541799400,1.84579931640625,-0.1335117220878601,0.11090947687625885,-0.05372128635644913
1789317032551755500,1.855755615234375,-0.2920244038105011,-0.08801640570163727,0.163854718208313
1789317032561710300,1.86571044921875,-0.26665058732032776,-0.2099873274564743,0.02689632959663868
1789317032571666400,1.87566650390625,-0.20994924008846283,-0.2276105284690857,0.034214429557323456
1789317032581621500,1.88562158203125,-0.1557440608739853,-0.29417356848716736,0.07671661674976349
1789317032591577600,1.89557763671875,-0.1811801791191101,-0.3805393576622009,0.26662397384643555
1789317032601532400,1.905532470703125,-0.21948681771755219,-0.1383245885372162,0.1350182741880417
1789317032611488300,1.91548828125,-0.23703758418560028,-0.03205620497465134,-0.21546517312526703
1789317032621443600,1.925443603515625,-0.3319355845451355,-0.2038724422454834,-0.36913010478019714
1789317032631399400,1.9353994140625,-0.44992268085479736,-0.4878844618797302,-0.19941803812980652
1789317032641354500,1.9453544921875,-0.4332323968410492,-0.5067780017852783,0.002161954063922167
1789317032651309600,1.9553095703125,-0.2811850607395172,-0.11118058115243912,-0.09916573017835617
1789317032661265400,1.965265380859375,-0.20648552477359772,0.01588895171880722,-0.018914569169282913
1789317032671220500,1.975220458984375,-0.31212887167930603,-0.20121513307094574,0.18586361408233643
1789317032681176300,1.98517626953125,-0.4174438416957855,-0.43987804651260376,0.12961071729660034
1789317032691131400,1.99513134765625,-0.40587612986564636,-0.5873777270317078,0.06017385795712471
1789317032701087500,2.00508740234375,-0.32301586866378784,-0.42811620235443115,0.022849123924970627
1789317032711042300,2.015042236328125,-0.24900183081626892,-0.1264365017414093,-0.03651886433362961
1789317032720998400,2.024998291015625,-0.2612563669681549,0.10362546145915985,-0.08157581835985184
1789317032730953500,2.034953369140625,-0.30094626545906067,-0.10034604370594025,-0.09916599839925766
1789317032740909600,2.04490966796875,-0.31498458981513977,-0.5962892174720764,-0.06349029392004013
1789317032750864400,2.054864501953125,-0.3260684013366699,-0.5622646808624268,-0.0023411849979311228
1789317032760820500,2.064820556640625,-0.2476484179496765,-0.10601777583360672,0.05872802808880806
1789317032770775600,2.074775634765625,-0.10125365108251572,0.3212217092514038,-0.1793908029794693
1789317032780731400,2.0847314453125,-0.045886266976594925,0.0706949457526207,-0.32855337858200073
1789317032790686500,2.0946865234375,-0.16957812011241913,-0.5067116618156433,-0.030674023553729057
1789317032800642600,2.104642578125,-0.25091370940208435,-0.653918445110321,0.23106996715068817
1789317032810597400,2.114597412109375,-0.08665047585964203,-0.3907453715801239,0.21430563926696777
1789317032820553500,2.124553466796875,0.12263990193605423,0.00782596506178379,0.27142778038978577
1789317032830508500,2.134508544921875,0.2214847207069397,0.45539334416389465,-0.18165022134780884
1789317032840463400,2.14446337890625,0.07865433394908905,0.0014154701493680477,-0.27766597270965576
1789317032850419500,2.15441943359375,-0.1678617000579834,-0.7575779557228088,0.16823241114616394
1789317032860374500,2.16437451171875,-0.21567796170711517,-0.5685383081436157,0.29320791363716125
1789317032870330600,2.17433056640625,0.06835988163948059,0.14190679788589478,0.17665758728981018
1789317032880285400,2.184285400390625,0.451334685087204,0.6297675371170044,-0.3253690302371979
1789317032890241300,2.1942412109375,0.41671040654182434,0.22290845215320587,-0.2807672321796417
1789317032900196600,2.204196533203125,0.08320380747318268,-0.36024633049964905,-0.0802152082324028
1789317032910152400,2.21415234375,-0.12188223004341125,-0.5629898309707642,0.045226335525512695
1789317032920107300,2.224107177734375,-0.015334481373429298,-0.1621321737766266,0.14144395291805267
1789317032930063400,2.2340634765625,0.23964428901672363,0.4925444424152374,0.0013915016315877438
1789317032940018400,2.244018310546875,0.32334664463996887,0.4486449062824249,0.25517556071281433
1789317032949974500,2.253974609375,0.24710139632225037,0.21741248667240143,0.1433688849210739
1789317032959929300,2.263929443359375,0.16199369728565216,-0.2540876567363739,0.01629534922540188
1789317032969885400,2.273885498046875,0.1631319373846054,-0.4427095055580139,-0.1479247510433197
1789317032979840500,2.283840576171875,0.19706326723098755,-0.2699134945869446,-0.087186299264431
1789317032989796400,2.29379638671875,0.23199382424354553,0.05859034135937691,0.11542672663927078
1789317032999751700,2.303751708984375,0.2385220229625702,0.46803855895996094,0.04989591985940933
1789317033009707500,2.31370751953125,0.19517801702022552,0.4891209602355957,-0.2647176682949066
1789317033019662300,2.323662353515625,0.023127157241106033,-0.0896206945180893,-0.19711466133594513
1789317033029618400,2.333618408203125,-0.11844328790903091,-0.4482528865337372,0.08802413195371628
1789317033039573500,2.343573486328125,0.055802278220653534,-0.33666670322418213,0.16181926429271698
1789317033049529600,2.353529541015625,0.3844541907310486,0.21392187476158142,-0.052254948765039444
1789317033059484400,2.363484375,0.4672766327857971,0.3564736843109131,-0.10570751875638962
1789317033069439500,2.373439453125,0.21947883069515228,-0.028500083833932877,-0.018734006211161613
1789317033079395600,2.3833955078125,-0.13928411900997162,-0.3162767291069031,0.11827124655246735
1789317033089350400,2.393350341796875,-0.26298022270202637,-0.18253731727600098,0.24836879968643188
1789317033099306200,2.40330615234375,-0.03569354861974716,0.3243296146392822,-0.12067901343107224
1789317033109261600,2.413261474609375,0.1514742076396942,0.38978371024131775,-0.09514036029577255
1789317033119217400,2.423217529296875,0.1647639125585556,-0.014961372129619122,0.22948884963989258
1789317033129172500,2.43317236328125,0.130232036113739,-0.2142835259437561,0.1478957235813141
1789317033139128300,2.44312841796875,0.13255618512630463,-0.2096237987279892,-0.057984475046396255
1789317033149083400,2.45308349609375,0.14936818182468414,-0.1119140163064003,-0.20379866659641266
1789317033159039500,2.46303955078125,0.06730979681015015,-0.011891280300915241,-0.04728202894330025
1789317033168994300,2.472994384765625,-0.016213856637477875,0.1968906968832016,0.04201269894838333
1789317033178950700,2.48295068359375,0.008126636035740376,0.2316657155752182,0.033299632370471954
1789317033188905500,2.492905517578125,0.06406819820404053,-0.06375420838594437,0.14958256483078003
1789317033198861300,2.502861328125,0.11066632717847824,-0.20805573463439941,0.10919546335935593
1789317033208816600,2.512816650390625,0.1823413074016571,-0.20003642141819,0.08038591593503952
1789317033218772500,2.5227724609375,0.2344881296157837,0.1624128818511963,-0.12590360641479492
1789317033228727300,2.532727294921875,0.18300338089466095,0.25393322110176086,-0.20538750290870667
1789317033238683400,2.542683349609375,0.08541902899742126,-0.163629949092865,-0.006105296779423952
1789317033248638500,2.552638427734375,0.023559387773275375,-0.23221752047538757,0.09905334562063217
1789317033258593500,2.562593505859375,0.08989100903272629,0.022603578865528107,0.12500078976154327
1789317033268549400,2.57254931640625,0.23187343776226044,0.28246790170669556,0.02185230143368244
1789317033278504400,2.58250439453125,0.2361648678779602,0.2949504256248474,0.031747009605169296
1789317033288460500,2.59246044921875,0.1912088394165039,-0.13428190350532532,0.14027801156044006
1789317033298415400,2.602415283203125,0.16983510553836823,-0.2698914110660553,0.07128296792507172
1789317033308371500,2.612371337890625,0.21179987490177155,0.03074433095753193,-0.0787012055516243
1789317033318326500,2.622326416015625,0.28243783116340637,0.3154434263706207,-0.21172316372394562
1789317033328282400,2.632282470703125,0.26698777079582214,0.29056525230407715,-0.1289854198694229
1789317033338237400,2.642237548828125,0.2346295565366745,0.10842501372098923,-0.07360763847827911
1789317033348193300,2.652193359375,0.227029949426651,0.03374731168150902,-0.040815871208906174
1789317033358148600,2.662148681640625,0.2808516323566437,-0.11030226945877075,0.14558249711990356
1789317033368104400,2.6721044921875,0.3342331051826477,0.06856441497802734,0.20244364440441132
1789317033378060000,2.68206005859375,0.3845287561416626,0.41320115327835083,0.06908825784921646
1789317033388016000,2.69201611328125,0.4168834984302521,0.542004406452179,-0.3040509819984436
1789317033397971200,2.70197119140625,0.29180416464805603,0.23863227665424347,-0.39820730686187744
1789317033407927300,2.71192724609375,0.1085405945777893,-0.4128272533416748,0.20136001706123352
1789317033417882000,2.721882080078125,0.12227744609117508,-0.25782302021980286,0.5912696719169617
1789317033427838200,2.731838134765625,0.37817418575286865,0.737241804599762,0.3464812636375427
1789317033437793300,2.741793212890625,0.6392044425010681,0.9785394072532654,-0.1905137598514557
1789317033447749000,2.7517490234375,0.5490500926971436,0.06722643971443176,-0.3846643269062042
1789317033457704200,2.7617041015625,0.1866910457611084,-0.7426820993423462,-0.025922410190105438
1789317033467660300,2.771660400390625,0.04422258958220482,-0.4674185812473297,0.18486438691616058
1789317033477615000,2.781614990234375,0.2525339722633362,0.8016727566719055,0.017833592370152473
1789317033487571200,2.7915712890625,0.47077417373657227,0.9162434935569763,0.057378605008125305
1789317033497526300,2.8015263671875,0.37927061319351196,0.5408392548561096,0.08030229806900024
1789317033507481000,2.811481201171875,0.22764727473258972,-0.01500930916517973,-0.046902526170015335
1789317033517437200,2.821437255859375,0.24745480716228485,-0.25742992758750916,-0.27247360348701477
1789317033527392300,2.831392333984375,0.343178391456604,-0.18613871932029724,-0.18500261008739471
1789317033537348400,2.841348388671875,0.38032522797584534,-0.01811215840280056,0.3139699101448059
1789317033547303200,2.85130322265625,0.3624378442764282,0.7333746552467346,0.3467172086238861
1789317033557259000,2.861259033203125,0.3553740680217743,0.9406460523605347,0.056533850729465485
1789317033567214300,2.87121435546875,0.2656223475933075,0.23647218942642212,-0.14010091125965118
1789317033577170200,2.881170166015625,0.06125297024846077,-0.36199575662612915,0.012132829055190086
1789317033587125000,2.891125,0.10439751297235489,-0.45699283480644226,0.19658710062503815
1789317033597081000,2.9010810546875,0.40231069922447205,0.2926475703716278,-0.033725474029779434
1789317033607036200,2.9110361328125,0.6228787302970886,0.7494665384292603,-0.15072479844093323
1789317033616992300,2.9209921875,0.5192314386367798,0.4911138117313385,-0.18257540464401245
1789317033626947000,2.930947021484375,0.14329537749290466,0.02269625850021839,-0.05004585534334183
1789317033636903200,2.940903076171875,-0.03996605798602104,-0.30601903796195984,0.0680789202451706
1789317033646858200,2.950858154296875,0.13038437068462372,0.2110150307416916,-0.21281400322914124
1789317033656814000,2.96081396484375,0.3434132933616638,0.5323776006698608,-0.09661069512367249
1789317033666769200,2.97076904296875,0.3525561988353729,0.39691218733787537,0.2598515450954437
1789317033676725200,2.980725341796875,0.249181866645813,0.15454669296741486,0.36137497425079346
1789317033686680000,2.99068017578125,0.22045594453811646,-0.18205368518829346,0.28705573081970215
1789317033696636200,3.00063623046875,0.2380373328924179,-0.010296046733856201,-0.05534927546977997
1789317033706591200,3.01059130859375,0.20757529139518738,0.21558262407779694,-0.14717693626880646
1789317033716547300,3.02054736328125,0.13333861529827118,0.31284260749816895,-0.07463429123163223
1789317033726502100,3.030502197265625,0.08453698456287384,0.35982421040534973,-0.04583939537405968
1789317033736458000,3.0404580078125,0.12557123601436615,0.4140640199184418,-0.17800594866275787
1789317033746413300,3.050413330078125,0.18528969585895538,0.6333524584770203,-0.553124189376831
1789317033756368100,3.0603681640625,0.16518229246139526,-0.22763103246688843,-0.12438374012708664
1789317033766324200,3.07032421875,0.09199730306863785,-0.6637833118438721,0.3970738649368286
1789317033776279300,3.080279296875,0.14602617919445038,-0.24437671899795532,0.6115347743034363
1789317033786235100,3.090235107421875,0.31979984045028687,0.844224214553833,0.31480586528778076
1789317033796190200,3.100190185546875,0.3178812861442566,0.7545078992843628,-0.023319704458117485
1789317033806146000,3.11014599609375,-0.00276196445338428,-0.14629969000816345,0.1848936825990677
1789317033816101000,3.12010107421875,-0.2581804096698761,-0.4799881875514984,0.24851873517036438
1789317033826057200,3.13005712890625,-0.07399486750364304,-0.00018482338055036962,-0.09850020706653595
1789317033836012000,3.140011962890625,0.34205055236816406,0.6611286997795105,-0.5625064969062805
1789317033845968100,3.149968017578125,0.5060855746269226,0.7336670756340027,-0.7481551766395569
1789317033855923200,3.159923095703125,0.2945344150066376,0.08187568932771683,-0.3340088725090027
1789317033865879000,3.169879150390625,-0.0028506475500762463,-0.24398736655712128,0.06557421386241913
1789317033875834000,3.179834228515625,0.008648082613945007,-0.0020447750575840473,0.18546760082244873
1789317033885790200,3.189790283203125,0.24185630679130554,0.27167758345603943,0.14214248955249786
1789317033895745300,3.199745361328125,0.2649456560611725,0.33210310339927673,0.5051925778388977
1789317033905701000,3.209701171875,0.22148126363754272,0.2555990219116211,0.637852132320404
1789317033915656200,3.21965625,0.23892736434936523,0.20812870562076569,0.31497180461883545
1789317033925612300,3.2296123046875,0.281127005815506,0.2653685510158539,-0.1823998987674713
1789317033935567000,3.239567138671875,0.3100348114967346,0.0264838058501482,-0.4123913049697876
1789317033945523200,3.249523193359375,0.2492883950471878,0.045393846929073334,-0.4038388133049011
1789317033955478300,3.259478271484375,0.223536416888237,0.33631595969200134,-0.28682512044906616
1789317033965434000,3.26943408203125,0.326213538646698,0.4196116626262665,-0.09144788980484009
1789317033975389200,3.27938916015625,0.3763613700866699,0.25403282046318054,0.019035743549466133
1789317033985345000,3.289344970703125,0.24212367832660675,0.03652898222208023,0.3688632547855377
1789317033995300000,3.299300048828125,0.2049155980348587,0.12250594049692154,0.26601943373680115
1789317034005255200,3.309255126953125,0.26569879055023193,0.2073739618062973,0.1933596134185791
1789317034015211000,3.3192109375,0.28801074624061584,0.40342575311660767,-0.017372598871588707
1789317034025167000,3.3291669921875,0.22890588641166687,0.2872767746448517,-0.12135811895132065
1789317034035122200,3.3391220703125,0.1302461475133896,0.09417682886123657,0.016646621748805046
1789317034045077000,3.349076904296875,0.16205814480781555,0.271969735622406,-0.22345386445522308
1789317034055033000,3.359033203125,0.24369361996650696,0.20989437401294708,-0.21915045380592346
1789317034064988200,3.36898828125,0.16470026969909668,0.2626180350780487,-0.0288217943161726
1789317034074944300,3.3789443359375,0.03881504014134407,0.1865570992231369,0.2726200819015503
1789317034084899000,3.388899169921875,0.09478749334812164,0.038661107420921326,0.16208158433437347
1789317034094855200,3.398855224609375,0.1442202925682068,0.05597911402583122,0.05618710443377495
1789317034104810200,3.408810302734375,0.11332735419273376,0.0448918417096138,0.13265737891197205
1789317034114766000,3.41876611328125,0.021731926128268242,0.22453829646110535,-0.007851265370845795
1789317034124721200,3.42872119140625,-0.04322097450494766,0.049790460616350174,0.08901163190603256
1789317034134677200,3.43867724609375,0.03984168916940689,-0.1043786033987999,-0.18080146610736847
1789317034144632000,3.448632080078125,0.01606818288564682,0.02528112195432186,-0.16285602748394012
1789317034154588200,3.458588134765625,-0.03910186141729355,0.23087476193904877,-0.09048036485910416
1789317034164543200,3.468543212890625,-0.05522916838526726,0.24617888033390045,-0.15570011734962463
1789317034174499300,3.478499267578125,-0.06659180670976639,-0.044268928468227386,-0.02875974215567112
1789317034184454100,3.4884541015625,-0.06361386179924011,-0.20130221545696259,0.07732248306274414
1789317034194410000,3.498409912109375,-0.06732790917158127,-0.06127987056970596,0.21754829585552216
1789317034204365300,3.508365234375,-0.025002555921673775,0.1611715853214264,0.14730902016162872
1789317034214321200,3.518321044921875,-0.05242592468857765,0.18612299859523773,0.13970276713371277
1789317034224276000,3.52827587890625,-0.12420663982629776,0.08097340911626816,0.04887326806783676
1789317034234232000,3.538232177734375,-0.13885562121868134,-0.06184712052345276,-0.09079275280237198
1789317034244187100,3.548187255859375,-0.06690046936273575,-0.08107221871614456,-0.17466820776462555
1789317034254143200,3.558143310546875,0.015548866242170334,0.11619877815246582,-0.2869367003440857
1789317034264098000,3.56809814453125,0.021949507296085358,0.10896722972393036,-0.15858031809329987
1789317034274054100,3.57805419921875,-0.0054395063780248165,-0.017377391457557678,-0.07599010318517685
1789317034284009200,3.58800927734375,-0.06441707164049149,0.13923779129981995,-0.09852204471826553
1789317034293964000,3.597964111328125,-0.08916422724723816,0.13532373309135437,-0.0270736962556839
1789317034303920400,3.60792041015625,-0.1035895124077797,-0.39115044474601746,0.3731195330619812
1789317034313875200,3.617875244140625,-0.13783536851406097,-0.29792463779449463,0.6716383099555969
1789317034323831000,3.6278310546875,0.0046181874349713326,0.3013814091682434,0.3503068685531616
1789317034333786400,3.637786376953125,0.17460589110851288,0.6295201182365417,-0.2808127701282501
1789317034343742200,3.6477421875,0.06785468012094498,0.0828472152352333,-0.4733973741531372
1789317034353697000,3.657697021484375,-0.22418463230133057,-0.49915334582328796,-0.21931211650371552
1789317034363653000,3.667653076171875,-0.3123331367969513,-0.40535494685173035,0.036908481270074844
1789317034373608200,3.677608154296875,-0.0353689081966877,0.5707870721817017,-0.12918807566165924
1789317034383564000,3.68756396484375,0.2176942378282547,0.49487578868865967,-0.1895608752965927
1789317034393519000,3.69751904296875,0.06800168752670288,0.01332858856767416,0.1494579315185547
1789317034403475000,3.707474853515625,-0.14430418610572815,-0.28045135736465454,0.22707043588161469
1789317034413430000,3.717429931640625,-0.11738548427820206,-0.36079227924346924,0.06769941747188568
1789317034423386000,3.72738623046875,0.03578862547874451,-0.25535985827445984,0.06154245510697365
1789317034433341000,3.7373408203125,0.07197406142950058,0.10487049072980881,0.192749485373497
1789317034443297000,3.747297119140625,0.03274329751729965,0.45559707283973694,0.1508299857378006
1789317034453252000,3.757252197265625,-0.00199284334667027,0.3692624568939209,-0.10979334264993668
1789317034463208200,3.767208251953125,-0.05902470275759697,-0.2331584244966507,-0.20925495028495789
1789317034473163000,3.7771630859375,-0.16725583374500275,-0.41366827487945557,-0.10667131841182709
1789317034483119000,3.787119140625,-0.1269209235906601,0.22562167048454285,-0.1511484980583191
1789317034493074200,3.79707421875,0.10605879127979279,0.8703532814979553,-0.38676929473876953
1789317034503030000,3.807030029296875,0.16814054548740387,0.08026767522096634,-0.18583618104457855
1789317034512985000,3.816985107421875,-0.02708381600677967,-0.554695725440979,0.26729536056518555
1789317034522941200,3.826941162109375,-0.086653932929039,-0.4708964228630066,0.39954686164855957
1789317034532896000,3.83689599609375,0.09103909879922867,0.3148631453514099,0.1297643929719925
1789317034542852000,3.84685205078125,0.2201526015996933,0.2586909532546997,0.06766773015260696
1789317034552807200,3.85680712890625,0.0416443832218647,-0.03798626363277435,0.2660473883152008
1789317034562763000,3.866762939453125,-0.1825285255908966,0.03299470245838165,0.18120600283145905
1789317034572718000,3.876718017578125,-0.08772186189889908,-0.0018618159228935838,-0.1305156648159027
1789317034582674000,3.886673828125,0.14090491831302643,0.06934525072574615,-0.4603063464164734
1789317034592629200,3.896629150390625,0.16635462641716003,0.24201582372188568,-0.35339295864105225
1789317034602585000,3.906585205078125,0.10756001621484756,0.16855944693088531,-0.04324760660529137
1789317034612540000,3.916539794921875,0.092704638838768,0.11779320985078812,-0.0007123955874703825
1789317034622495200,3.9264951171875,0.11495241522789001,0.010182064026594162,0.07040918618440628
1789317034632451000,3.936451171875,0.11319499462842941,0.06428311765193939,0.13768702745437622
1789317034642406000,3.946406005859375,0.08036275207996368,0.24819515645503998,0.1798214316368103
1789317034652362000,3.956362060546875,0.13820447027683258,0.049366217106580734,0.2141684889793396
1789317034662317000,3.966317138671875,0.194713294506073,-0.039983633905649185,0.08875863254070282
1789317034672273200,3.976273193359375,0.1574207842350006,0.09724559634923935,0.06780674308538437
1789317034682228000,3.98622802734375,0.14332254230976105,0.32921090722084045,-0.19135797023773193
1789317034692184000,3.99618408203125,0.09122631698846817,0.34790390729904175,-0.32412081956863403
1789317034702139100,4.00613916015625,0.05078142136335373,-0.04601196572184563,-0.045708633959293365
1789317034712095000,4.016094970703125,0.1185745820403099,-0.06457766145467758,-0.023036077618598938
1789317034722050300,4.02605029296875,0.25695881247520447,0.317734032869339,-0.11925182491540909
1789317034732006100,4.036006103515625,0.35809555649757385,0.22588425874710083,-0.03675907850265503
1789317034741961000,4.0459609375,0.23296374082565308,-0.16578364372253418,0.3408939242362976
1789317034751917000,4.0559169921875,0.03761342167854309,-0.04688947647809982,0.47118616104125977
1789317034761872100,4.0658720703125,0.03075231984257698,0.3932916224002838,0.1654725819826126
1789317034771828200,4.075828125,0.16174308955669403,0.6211503744125366,-0.31088384985923767
1789317034781783000,4.085782958984375,0.16566166281700134,0.17939452826976776,-0.2705542743206024
1789317034791739000,4.09573876953125,0.056890182197093964,-0.16526591777801514,-0.0018282600212842226
1789317034801694200,4.105694091796875,0.05707979574799538,-0.06247136741876602,0.13230344653129578
1789317034811650000,4.115650146484375,0.25683286786079407,0.21138814091682434,0.00446905056014657
1789317034821604900,4.12560498046875,0.363309770822525,0.5764364004135132,-0.3951622247695923
1789317034831561200,4.135561279296875,0.15881973505020142,0.2571204900741577,-0.17277976870536804
1789317034841516000,4.14551611328125,-0.07221613824367523,-0.19860203564167023,0.06804589927196503
1789317034851472100,4.15547216796875,-0.13149677217006683,-0.3325430750846863,0.40357649326324463
1789317034861427000,4.165427001953125,0.0788721814751625,0.2166667878627777,0.3063008189201355
1789317034871383300,4.17538330078125,0.3366267681121826,0.7481306791305542,-0.12016156315803528
1789317034881338000,4.185338134765625,0.3050137162208557,0.3441168963909149,-0.017913753166794777
1789317034891294000,4.1952939453125,0.11686589568853378,0.09371424466371536,-0.05560067668557167
1789317034901249300,4.205249267578125,-0.0022916500456631184,-0.2066224217414856,0.19661958515644073
1789317034911205000,4.215205078125,0.05145919695496559,0.03217524662613869,-0.043359722942113876
1789317034921160000,4.225159912109375,0.11108231544494629,0.5057162046432495,-0.416136771440506
1789317034931116000,4.235115966796875,0.12282632291316986,0.31493425369262695,-0.3885490894317627
1789317034941071000,4.245071044921875,0.08122028410434723,-0.06916016340255737,-0.18744152784347534
1789317034951027200,4.255027099609375,0.08954107016324997,-0.48799869418144226,0.23463355004787445
1789317034960982000,4.26498193359375,0.19237476587295532,-0.12402847409248352,0.23403219878673553
1789317034970937900,4.274937744140625,0.24241423606872559,0.3221468925476074,0.48237118124961853
1789317034980893200,4.28489306640625,0.22744274139404297,0.5614044666290283,0.3852504789829254
1789317034990849000,4.29484912109375,0.11972373723983765,0.2830575406551361,0.21257485449314117
1789317035000804000,4.30480419921875,0.027960261330008507,-0.163426473736763,0.1796611100435257
1789317035010759200,4.31475927734375,0.10371547937393188,-0.02377084270119667,-0.19063732028007507
1789317035020715000,4.324715087890625,0.28374916315078735,0.14774098992347717,-0.31429988145828247
1789317035030671000,4.334671142578125,0.38196998834609985,0.427085280418396,-0.3971577286720276
1789317035040626200,4.344626220703125,0.33281391859054565,0.31415021419525146,-0.19620786607265472
1789317035050581000,4.3545810546875,0.24057692289352417,0.04454350098967552,-0.017131049185991287
1789317035060537000,4.364537109375,0.131521537899971,0.29528704285621643,-0.08131243288516998
1789317035070492000,4.374491943359375,0.13462145626544952,0.32409098744392395,0.0019049590919166803
1789317035080448300,4.3844482421875,0.18335969746112823,0.13913126289844513,0.1831969916820526
1789317035090403000,4.394403076171875,0.18768760561943054,-0.05470425635576248,0.60364830493927
1789317035100359200,4.404359130859375,0.2817502021789551,0.1159692108631134,0.6002160310745239
1789317035110314200,4.414314208984375,0.4269515872001648,0.4486462473869324,0.1396058350801468
1789317035120270000,4.42427001953125,0.424358993768692,0.376728892326355,-0.1913854032754898
1789317035130225200,4.43422509765625,0.24734614789485931,0.19236332178115845,-0.41561558842658997
1789317035140181000,4.444180908203125,0.09927572309970856,-0.060753628611564636,-0.29443830251693726
1789317035150136000,4.454135986328125,0.13580816984176636,0.11726696789264679,-0.10173408687114716
1789317035160092200,4.464092041015625,0.32464173436164856,0.6042275428771973,-0.08586803823709488
1789317035170047000,4.474046875,0.46068423986434937,0.675898551940918,-0.027899807319045067
1789317035180003000,4.484003173828125,0.3582409620285034,0.44488051533699036,0.03730955347418785
1789317035189958100,4.493958251953125,0.183149054646492,-0.12602530419826508,0.28979718685150146
1789317035199914000,4.5039140625,0.13344886898994446,-0.19491702318191528,0.3230150640010834
1789317035209869000,4.513869140625,0.2460515797138214,0.22279472649097443,0.2258557677268982
1789317035219825200,4.5238251953125,0.362638920545578,0.6295177340507507,0.12595446407794952
1789317035229780200,4.5337802734375,0.3170224130153656,0.6865613460540771,0.019402725622057915
1789317035239736000,4.543736083984375,0.22286956012248993,0.18180574476718903,-0.035295672714710236
1789317035249691100,4.553691162109375,0.12463274598121643,0.05345390364527702,-0.16969981789588928
1789317035259647200,4.563647216796875,0.18914009630680084,0.17662324011325836,-0.25354811549186707
1789317035269602000,4.57360205078125,0.36840254068374634,0.3193513751029968,-0.33921828866004944
1789317035279558100,4.58355810546875,0.3911682963371277,0.45313578844070435,-0.2175499051809311
1789317035289513200,4.59351318359375,0.3037455081939697,0.1570117175579071,0.1647804230451584
1789317035299469000,4.603468994140625,0.17143620550632477,0.11298087984323502,0.36153343319892883
1789317035309424000,4.613424072265625,0.08533993363380432,0.3465598225593567,0.43878453969955444
1789317035319380000,4.6233798828125,0.16463634371757507,0.4049709141254425,0.3096182942390442
1789317035329335000,4.6333349609375,0.23572304844856262,0.32660767436027527,0.15460528433322906
1789317035339291100,4.643291015625,0.21743884682655334,0.11003515869379044,0.23269928991794586
1789317035349246000,4.653245849609375,0.24926574528217316,0.0245511494576931,0.15700745582580566
1789317035359202000,4.6632021484375,0.29586413502693176,0.46924179792404175,-0.24734507501125336
1789317035369157000,4.6731572265625,0.2669779062271118,0.766001284122467,-0.6007894277572632
1789317035379112700,4.68311279296875,0.156102254986763,0.29915502667427063,-0.5683297514915466
1789317035389067800,4.69306787109375,0.023030750453472137,-0.19181284308433533,-0.13797731697559357
1789317035399023900,4.70302392578125,0.055991362780332565,0.06761366128921509,0.218453511595726
1789317035408978700,4.712978759765625,0.3139345049858093,0.5588241219520569,0.2962236702442169
1789317035418934500,4.7229345703125,0.3446234166622162,0.3772950768470764,0.3327119052410126
1789317035428889900,4.732889892578125,0.06397392600774765,0.23933029174804688,0.42233315110206604
1789317035438845700,4.742845703125,-0.031690552830696106,-0.22322535514831543,0.3261573314666748
1789317035448800500,4.752800537109375,0.0493377223610878,-0.21707665920257568,0.06853298842906952
1789317035458756600,4.762756591796875,0.12942829728126526,0.17944273352622986,-0.055277638137340546
1789317035468711700,4.772711669921875,0.18374000489711761,0.3458021581172943,-0.12194055318832397
1789317035478667800,4.782667724609375,0.1004222109913826,0.45896491408348083,-0.2306760847568512
1789317035488622600,4.79262255859375,-0.01636059768497944,0.3071436882019043,-0.35626837611198425
1789317035498578700,4.80257861328125,-0.08973947167396545,-0.08238755166530609,-0.34747886657714844
1789317035508533800,4.81253369140625,-0.16825531423091888,-0.1538904905319214,0.021258683875203133
1789317035518489600,4.822489501953125,-0.08680147677659988,0.1518547683954239,0.2659813463687897
1789317035528444700,4.832444580078125,0.13157081604003906,0.49430638551712036,0.20194457471370697
1789317035538400800,4.84240087890625,0.15876780450344086,0.09616275131702423,0.2971842885017395
1789317035548355600,4.85235546875,-0.0804133489727974,-0.1499929577112198,0.2722030282020569
1789317035558311700,4.862311767578125,-0.26630306243896484,-0.23758992552757263,0.18770891427993774
1789317035568266800,4.872266845703125,-0.2049480825662613,-0.019171297550201416,-0.10484226047992706
1789317035578222800,4.882222900390625,-0.10725268721580505,0.31499043107032776,-0.27520254254341125
1789317035588177700,4.892177734375,-0.13232554495334625,0.23891563713550568,-0.01805330254137516
1789317035598132700,4.9021328125,-0.16104641556739807,0.06549831479787827,0.05606326833367348
1789317035608088800,4.9120888671875,-0.09282287955284119,-0.046603456139564514,-0.12033093720674515
1789317035618044700,4.922044677734375,-0.009493636898696423,0.06398990005254745,-0.45807355642318726
1789317035627999700,4.931999755859375,-0.117940753698349,-0.4406586289405823,-0.032107867300510406
1789317035637955600,4.94195556640625,-0.3050224781036377,-0.33611568808555603,0.36304211616516113
1789317035647910700,4.95191064453125,-0.3080472946166992,0.4363139271736145,0.26918965578079224
1789317035657865700,4.96186572265625,-0.13301077485084534,0.6106926798820496,0.11137312650680542
1789317035667821600,4.971821533203125,-0.12673823535442352,-0.11605070531368256,-0.05158516392111778
1789317035677776600,4.981776611328125,-0.3604109287261963,-0.49551600217819214,0.19714875519275665
1789317035687732700,4.991732666015625,-0.28697264194488525,-0.4787900149822235,0.2352529913187027
1789317035697687600,5.0016875,0.06562907993793488,0.2683960497379303,-0.27648353576660156
1789317035707643600,5.0116435546875,0.20674465596675873,0.563591718673706,-0.6288157105445862
1789317035717598700,5.0215986328125,-0.03539607301354408,0.06768476963043213,-0.4199243187904358
1789317035727554600,5.031554443359375,-0.38915786147117615,-0.3609299659729004,0.04868151992559433
1789317035737509600,5.041509521484375,-0.4057767987251282,-0.27676793932914734,0.1835908740758896
1789317035747465700,5.0514658203125,-0.1257491409778595,-0.0175052247941494,0.2274256944656372
1789317035757420800,5.0614208984375,0.036367062479257584,0.22769494354724884,0.455627977848053
1789317035767376600,5.071376708984375,0.03670581802725792,0.2707177698612213,0.36042290925979614
1789317035777331700,5.081331787109375,-0.04699334129691124,-0.14872689545154572,0.2018875777721405
1789317035787287800,5.091287841796875,-0.15253974497318268,-0.3366225063800812,0.01071016862988472
1789317035797242600,5.10124267578125,-0.2104720175266266,-0.15508891642093658,-0.09062018245458603
1789317035807198700,5.11119873046875,-0.15436799824237823,0.38627099990844727,-0.3666115403175354
1789317035817153800,5.12115380859375,-0.0206323079764843,0.49927160143852234,-0.5071558952331543
1789317035827109600,5.131109619140625,0.05950620397925377,0.08091721683740616,-0.5329384803771973
1789317035837064700,5.141064697265625,-0.0830882266163826,-0.20936787128448486,-0.2643336355686188
1789317035847020500,5.1510205078125,-0.22554577887058258,-0.23507456481456757,0.3429328501224518
1789317035856975600,5.1609755859375,-0.1014227643609047,0.2871638536453247,0.39947575330734253
1789317035866931700,5.170931640625,0.0572824627161026,0.009891512803733349,0.5870121121406555
1789317035876886500,5.180886474609375,0.026701917871832848,-0.07118096947669983,0.5753740668296814
1789317035886842600,5.190842529296875,-0.07910893112421036,0.05844120681285858,0.3238973915576935
1789317035896797700,5.200797607421875,-0.07743141055107117,0.0555543377995491,-0.04905622452497482
1789317035906753800,5.21075390625,-0.031560856848955154,0.056772734969854355,-0.4447934329509735
1789317035916708600,5.22070849609375,-0.06954259425401688,-0.10747852176427841,-0.24034149944782257
1789317035926664700,5.230664794921875,-0.057011086493730545,0.18042117357254028,-0.32911717891693115
1789317035936619800,5.240619873046875,0.05312526971101761,0.2434600591659546,-0.3804040551185608
1789317035946575600,5.25057568359375,0.10734429955482483,0.0850571021437645,-0.30582648515701294
1789317035956530700,5.26053076171875,-0.0014743260107934475,-0.03530872240662575,-0.018912171944975853
1789317035966486800,5.27048681640625,-0.0862366184592247,-0.13780580461025238,0.4277271032333374
1789317035976441600,5.280441650390625,-0.03561445325613022,0.18587026000022888,0.4442794620990753
1789317035986397700,5.290397705078125,0.08533993363380432,0.16393807530403137,0.4827706515789032
1789317035996352800,5.300352783203125,0.13283102214336395,0.12991724908351898,0.22275371849536896
1789317036006308600,5.31030859375,0.0394267663359642,0.22359846532344818,-0.10851262509822845
1789317036016263700,5.320263671875,-0.001966211711987853,0.020352410152554512,-0.26736512780189514
1789317036026219500,5.330219482421875,0.03213157132267952,-0.025246767327189445,-0.39914578199386597
1789317036036174800,5.3401748046875,0.05724624544382095,0.050933755934238434,-0.1627926379442215
1789317036046130700,5.350130615234375,0.1251256912946701,0.34566232562065125,-0.07223398238420486
1789317036056085500,5.36008544921875,0.19169646501541138,0.6072028279304504,-0.17420002818107605
1789317036066041600,5.37004150390625,0.2140987068414688,0.17909039556980133,-0.10861143469810486
1789317036075996700,5.37999658203125,0.1290607750415802,-0.3659055531024933,0.15262629091739655
1789317036085952800,5.389952880859375,0.011283546686172485,-0.34805649518966675,0.6071996688842773
1789317036095907600,5.399907470703125,0.11004234850406647,0.3404824733734131,0.46068185567855835
1789317036105863700,5.40986376953125,0.2757114768028259,0.8350959420204163,-0.05798766762018204
1789317036115818800,5.41981884765625,0.2447895109653473,0.2363632619380951,-0.06226417422294617
1789317036125774600,5.429774658203125,0.08278542757034302,-0.3318868577480316,-0.03308684751391411
1789317036135729700,5.439729736328125,0.03189987689256668,-0.21925058960914612,-0.06568872928619385
1789317036145685800,5.449685791015625,0.2278885543346405,0.31737104058265686,-0.20191261172294617
1789317036155640600,5.459640625,0.36296355724334717,0.6142352223396301,-0.3048778772354126
1789317036165596700,5.4695966796875,0.23088380694389343,0.4422016441822052,-0.13778769969940186
1789317036175551700,5.4795517578125,0.0464058481156826,0.044070787727832794,0.09399653971195221
1789317036185507800,5.4895078125,0.060145627707242966,-0.19307439029216766,0.22644245624542236
1789317036195462700,5.499462646484375,0.23314909636974335,0.09480880200862885,0.11796898394823074
1789317036205418500,5.50941845703125,0.3250872790813446,0.36876392364501953,0.2558045983314514
1789317036215373800,5.519373779296875,0.30542248487472534,0.3598889410495758,0.39987123012542725
1789317036225329700,5.52932958984375,0.24398896098136902,0.30226612091064453,0.1833634376525879
1789317036235284500,5.539284423828125,0.21071675419807434,0.1486952006816864,-0.08318623155355453
1789317036245240600,5.549240478515625,0.21395330131053925,0.2615501284599304,-0.39470070600509644
1789317036255195600,5.559195556640625,0.2289104163646698,0.3372632563114166,-0.3392726182937622
1789317036265151700,5.56915185546875,0.318595826625824,0.17111581563949585,-0.10142222791910172
1789317036275106600,5.5791064453125,0.3580276370048523,0.21506117284297943,0.25327566266059875
1789317036285062700,5.589062744140625,0.4144509732723236,0.5850868821144104,0.2559010088443756
1789317036295017700,5.599017822265625,0.4491732716560364,0.852447509765625,-0.16054227948188782
1789317036304973600,5.6089736328125,0.32081183791160583,0.36048975586891174,-0.2561873197555542
1789317036314929000,5.618928955078125,0.12164707481861115,-0.09472784399986267,-0.09074375033378601
1789317036324884700,5.628884765625,0.12310941517353058,-0.11122559010982513,0.20170249044895172
1789317036334839600,5.638839599609375,0.34697845578193665,0.34688204526901245,0.3430026173591614
1789317036344795600,5.648795654296875,0.5213984847068787,0.7098780870437622,0.4145013093948364
1789317036354750700,5.658750732421875,0.5061630606651306,0.594589352607727,0.32176443934440613
1789317036364706800,5.668706787109375,0.30260035395622253,0.25788480043411255,0.2318500131368637
1789317036374661600,5.67866162109375,0.16185547411441803,0.01273097563534975,0.0868518054485321
1789317036384618000,5.688617919921875,0.20923976600170135,0.1287475973367691,-0.11828616261482239
1789317036394573000,5.698572998046875,0.2840791344642639,0.6614594459533691,-0.12073706835508347
1789317036404529200,5.708529052734375,0.3834083676338196,1.0752116441726685,-0.33520862460136414
1789317036414484000,5.71848388671875,0.3583562970161438,0.8695449829101562,-0.4695970416069031
1789317036424440000,5.728440185546875,0.20671296119689941,0.11965849250555038,-0.09892737865447998
1789317036434395100,5.73839501953125,0.18273891508579254,-0.38549336791038513,0.3481198847293854
1789317036444351000,5.74835107421875,0.34099939465522766,-0.02136547677218914,0.6157955527305603
1789317036454306000,5.75830615234375,0.5873071551322937,0.5988280177116394,0.6116588711738586
1789317036464262000,5.768261962890625,0.6025415062904358,1.0868256092071533,0.14879266917705536
1789317036474217000,5.778217041015625,0.2526008188724518,0.8295125961303711,-0.1188126727938652
1789317036484173000,5.788173095703125,-0.07431231439113617,0.009883256629109383,-0.10831236094236374
1789317036494127900,5.7981279296875,-0.10841595381498337,-0.009211075492203236,-0.26509663462638855
1789317036504084200,5.808084228515625,0.2008950263261795,0.46508166193962097,-0.2660471200942993
1789317036514039000,5.8180390625,0.5408595204353333,0.7566671967506409,-0.08927422016859055
1789317036523995100,5.8279951171875,0.5318630933761597,0.6506754755973816,0.27761003375053406
1789317036533950200,5.8379501953125,0.3141174614429474,0.30665260553359985,0.3685532510280609
1789317036543906000,5.847906005859375,0.09657474607229233,0.007429953198879957,0.2931482493877411
1789317036553861000,5.857861083984375,0.011679825372993946,0.0615089014172554,0.18366409838199615
1789317036563817000,5.86781689453125,0.051274374127388,0.291883260011673,0.11242188513278961
1789317036573772000,5.87777197265625,0.06723256409168243,0.39592576026916504,0.3820706605911255
1789317036583728000,5.88772802734375,0.08492261171340942,0.9123063087463379,-0.022647788748145103
1789317036593683000,5.897682861328125,0.0934218242764473,0.6110947728157043,-0.3560768961906433
1789317036603639000,5.90763916015625,-0.049132391810417175,-0.08075503259897232,-0.2865188419818878
1789317036613594000,5.917593994140625,-0.2390109896659851,-0.26002997159957886,0.07689904421567917
1789317036623550000,5.927550048828125,-0.16312314569950104,0.15413391590118408,0.08813705295324326
1789317036633505000,5.937505126953125,-0.016675915569067,0.5366738438606262,0.07809986174106598
1789317036643460900,5.9474609375,-0.03055844083428383,0.47581180930137634,-0.031252194195985794
1789317036653416200,5.957416259765625,-0.24917466938495636,-0.18135353922843933,0.10581830888986588
1789317036663372000,5.9673720703125,-0.5319427251815796,-0.608418345451355,0.4870367646217346
1789317036673326800,5.977326904296875,-0.5465243458747864,-0.3469821810722351,0.3818778693675995
1789317036683283200,5.987283203125,-0.3889261782169342,0.24334900081157684,0.001933721243403852
1789317036693238000,5.997238037109375,-0.3526882827281952,0.4227227568626404,-0.26423218846321106
1789317036703194000,6.007194091796875,-0.5216535925865173,-0.07720556855201721,-0.16505126655101776
1789317036713149200,6.017149169921875,-0.6754423379898071,-0.3890334963798523,-0.3086595833301544
1789317036723105000,6.02710498046875,-0.6761960387229919,-0.5274089574813843,-0.21676240861415863
1789317036733060000,6.03706005859375,-0.5117426514625549,-0.46329760551452637,-0.22814182937145233
1789317036743016000,6.047015869140625,-0.5060021877288818,-0.2960391044616699,0.038661107420921326
1789317036752971000,6.056970947265625,-0.6807231307029724,-0.21099932491779327,0.5747098922729492
1789317036762927000,6.066927001953125,-0.739935040473938,-0.18388114869594574,0.426301509141922
1789317036772882000,6.0768818359375,-0.8177156448364258,-0.22576521337032318,0.16200168430805206
1789317036782838000,6.086838134765625,-0.898553192615509,-0.39350682497024536,-0.00021358551748562604
1789317036792793000,6.09679296875,-0.8762255311012268,-0.485962450504303,-0.1742202639579773
1789317036802749200,6.106749267578125,-0.8150918483734131,-0.3351084887981415,-0.23249901831150055
1789317036812704000,6.1167041015625,-0.6594745516777039,-0.4409100115299225,-0.3218368887901306
1789317036822660000,6.12666015625,-0.647053062915802,-0.5913338661193848,-0.20986242592334747
1789317036832615200,6.136615234375,-0.7474590539932251,-0.6542699933052063,0.011147992685437202
1789317036842571000,6.146571044921875,-0.793414831161499,-0.4887702167034149,-0.06490762531757355
1789317036852525800,6.15652587890625,-0.8355843424797058,-0.23061910271644592,-0.23626713454723358
1789317036862482200,6.166482177734375,-1.0008829832077026,-0.39492014050483704,0.09013122320175171
1789317036872437000,6.17643701171875,-1.1024712324142456,-0.6118892431259155,0.3668336570262909
1789317036882393000,6.18639306640625,-0.9440866112709045,-0.5055236220359802,0.1226516142487526
1789317036892348200,6.19634814453125,-0.7221680283546448,-0.39283275604248047,-0.08211830258369446
1789317036902304000,6.206303955078125,-0.6039042472839355,-0.6481944918632507,-0.17482560873031616
1789317036912259000,6.216259033203125,-0.6958882212638855,-0.9422889947891235,0.10263210535049438
1789317036922215000,6.22621484375,-0.76459139585495,-0.7011250853538513,0.18222732841968536
1789317036932170200,6.236170166015625,-0.6072760820388794,-0.3756881356239319,-0.2818748354911804
1789317036942126000,6.2461259765625,-0.5896946787834167,-0.20450307428836823,-0.6116164922714233
1789317036952081000,6.256080810546875,-0.8580198884010315,-0.0323914960026741,-0.5868049263954163
1789317036962037000,6.266037109375,-1.0675965547561646,-0.49965137243270874,0.09594810009002686
1789317036971992000,6.275991943359375,-0.9012142419815063,-0.7277013063430786,0.4601718485355377
1789317036981948200,6.2859482421875,-0.4300200939178467,-0.4238165318965912,0.294162392616272
1789317036991903000,6.295903076171875,0.019466908648610115,-0.11418595910072327,-0.20463304221630096
1789317037001859000,6.305859130859375,0.035344406962394714,-0.2923801839351654,-0.49246880412101746
1789317037011814100,6.315814208984375,-0.40369951725006104,-1.0983390808105469,0.4538865387439728
1789317037021770000,6.32577001953125,-0.612162172794342,-0.9361919164657593,0.5442276000976562
1789317037031725000,6.33572509765625,-0.38000965118408203,1.0189582109451294,-0.27158090472221375
1789317037041681200,6.34568115234375,-0.051536425948143005,0.6430988311767578,-0.8015140295028687
1789317037051636000,6.355635986328125,-0.3556249439716339,-0.28450337052345276,-0.6722356677055359
1789317037061592000,6.365592041015625,-0.813072919845581,-0.8568358421325684,0.4695222079753876
1789317037071547100,6.375547119140625,-0.23292753100395203,-1.1047687530517578,0.10494505614042282
1789317037081503200,6.385503173828125,0.5018191933631897,0.17596250772476196,-0.2710306942462921
1789317037091458000,6.3954580078125,0.6084403991699219,-0.21795949339866638,0.12276054173707962
1789317037101414000,6.405413818359375,0.03237844631075859,-0.360993891954422,0.6289526224136353
1789317037111369200,6.415369140625,-0.3349606692790985,-0.5782622694969177,0.8282667994499207
1789317037121325000,6.425324951171875,0.002177666872739792,0.17292091250419617,-0.42573320865631104
1789317037131280000,6.43527978515625,0.2264712154865265,0.031248733401298523,-0.8309714794158936
1789317037141236000,6.445236083984375,-0.03632897883653641,0.05861937254667282,-0.4828590750694275
1789317037151191000,6.45519091796875,-0.2349933385848999,-0.07331789284944534,0.16245149075984955
1789317037161147100,6.465147216796875,0.10171837359666824,-0.4049528241157532,0.27943190932273865
1789317037171103000,6.47510302734375,0.533778965473175,0.04351845011115074,-0.20622481405735016
1789317037181058000,6.48505810546875,0.5212181806564331,-0.16522997617721558,0.1632283329963684
1789317037191014100,6.49501416015625,0.1939750611782074,-0.14583629369735718,0.3548816442489624
1789317037200969000,6.504968994140625,-0.025963423773646355,-0.1640603095293045,0.4364044666290283
1789317037210924000,6.514924072265625,0.11102612316608429,0.3762141168117523,-0.23020070791244507
1789317037220880100,6.524880126953125,0.2180662900209427,0.1561342030763626,-0.5655326247215271
1789317037230836200,6.534836181640625,0.0017305220244452357,-0.23124094307422638,0.05648964270949364
1789317037240791000,6.544791015625,-0.03935433179140091,-0.08791281282901764,0.1803836226463318
1789317037250747000,6.554746826171875,0.2690242826938629,-0.03656653314828873,0.12116983532905579
1789317037260702200,6.5647021484375,0.513681173324585,0.3180922269821167,-0.2679435610771179
1789317037270658000,6.574657958984375,0.4091576933860779,0.09672228246927261,-0.26058071851730347
1789317037280612900,6.58461279296875,0.051906608045101166,-0.31166255474090576,0.2843414545059204
1789317037290569000,6.59456884765625,-0.06575051695108414,0.1280471831560135,-0.09745225310325623
1789317037300524000,6.60452392578125,0.10525558143854141,0.15067926049232483,-0.2819584608078003
1789317037310480100,6.614480224609375,0.17320959270000458,-0.09581653773784637,-0.07058175653219223
1789317037320435000,6.62443505859375,0.04952281340956688,0.04250271990895271,0.28403279185295105
1789317037330391000,6.63439111328125,0.0897916704416275,0.1090729609131813,0.4388149082660675
1789317037340346000,6.64434619140625,0.2990913689136505,0.17576757073402405,-0.022527946159243584
1789317037350302000,6.654302001953125,0.27750831842422485,-0.0712060034275055,-0.04235012084245682
1789317037360257000,6.664257080078125,0.13080595433712006,-0.20294804871082306,-0.2091612070798874
1789317037370213000,6.674213134765625,-0.032040756195783615,-0.041061948984861374,-0.2127479463815689
1789317037380168000,6.68416796875,-0.029877204447984695,0.06107454001903534,-0.057802312076091766
1789317037390124000,6.6941240234375,0.06710793077945709,0.09930794686079025,-0.10523534566164017
1789317037400079000,6.7040791015625,0.10216312110424042,-0.05156039446592331,0.021865351125597954
1789317037410035200,6.71403515625,0.10217031091451645,-0.2610907256603241,0.060197826474905014
1789317037419990000,6.723989990234375,-0.10357033461332321,-0.16821511089801788,0.23524340987205505
1789317037429945900,6.73394580078125,-0.49599403142929077,0.41352421045303345,0.4700591266155243
1789317037439901200,6.743901123046875,-0.5997670292854309,0.7356836199760437,0.43183794617652893
1789317037449857000,6.75385693359375,-0.16918769478797913,0.14280588924884796,-0.17487114667892456
1789317037459811800,6.763811767578125,0.2261202186346054,-0.7108115553855896,-0.6786221861839294
1789317037469768000,6.773767822265625,0.13734027743339539,-1.1579536199569702,-0.32009783387184143
1789317037479723000,6.783722900390625,-0.055397745221853256,-0.884949266910553,-0.0011233213590458035
1789317037489679000,6.79367919921875,-0.18560367822647095,0.21063552796840668,0.03050491213798523
1789317037499634000,6.803634033203125,-0.2890579104423523,0.49043574929237366,0.1805969476699829
1789317037509590300,6.81359033203125,-0.5055393576622009,0.25148630142211914,0.059004731476306915
1789317037519545000,6.823545166015625,-0.689636766910553,-0.03663018345832825,0.18982400000095367
1789317037529501000,6.8335009765625,-0.3563852906227112,-0.6719458699226379,0.22642594575881958
1789317037539456300,6.843456298828125,0.19222989678382874,-0.7342697381973267,0.09524688869714737
1789317037549412000,6.853412109375,0.43681034445762634,-0.08391594141721725,0.002296177437528968
1789317037559367000,6.863366943359375,0.2707883417606354,0.1812390238046646,0.07213065028190613
1789317037569323000,6.873322998046875,-0.11148045212030411,-0.023633956909179688,-0.01864985004067421
1789317037579278000,6.883278076171875,-0.4994063377380371,-0.15660718083381653,-0.13233833014965057
1789317037589234200,6.893234130859375,-0.5596745014190674,-0.13738049566745758,-0.19085517525672913
1789317037599189000,6.90318896484375,-0.2859790325164795,0.09623279422521591,-0.2264251559972763
1789317037609144800,6.913144775390625,0.04652169719338417,0.14791542291641235,0.16378094255924225
1789317037619100200,6.92310009765625,0.3418484032154083,0.10567769408226013,0.12622611224651337
1789317037629056000,6.933055908203125,0.3722955286502838,-0.20256082713603973,0.10627051442861557
1789317037639011000,6.943010986328125,0.2134057581424713,-0.6495130062103271,0.16860578954219818
1789317037648967000,6.952966796875,0.059471581131219864,-0.6370672583580017,0.011787683703005314
1789317037658922000,6.962921875,-0.10162463039159775,0.042161568999290466,0.02509656548500061
1789317037668878000,6.972878173828125,-0.2216586172580719,0.9660118818283081,-0.1977788507938385
1789317037678833000,6.9828330078125,-0.258263498544693,0.633682906627655,0.032893236726522446
1789317037688789200,6.992789306640625,-0.13248135149478912,-0.2231190949678421,0.2562373876571655
1789317037698744000,7.002744140625,0.146407812833786,-0.6302972435951233,0.25541019439697266
1789317037708700000,7.012699951171875,0.4938374161720276,-0.3824717402458191,-0.06772258877754211
1789317037718655200,7.0226552734375,0.580630362033844,0.09848129749298096,-0.3839878737926483
1789317037728611000,7.032611083984375,0.2187882661819458,0.1751590371131897,-0.05711228772997856
1789317037738566100,7.042566162109375,-0.26436692476272583,0.4110027253627777,-0.0710318312048912
1789317037748522000,7.05252197265625,-0.4792448878288269,0.3028607964515686,-0.03976046293973923
1789317037758477000,7.06247705078125,-0.3037407100200653,0.08185438811779022,-0.15411126613616943
1789317037768433200,7.07243310546875,0.011625496670603752,-0.27659910917282104,0.0945720449090004
1789317037778388000,7.082387939453125,0.26454776525497437,-0.44318434596061707,0.6093395352363586
1789317037788344000,7.092343994140625,0.4489506185054779,-0.03555746003985405,0.3659428358078003
1789317037798299100,7.102299072265625,0.3797087073326111,0.0839066207408905,0.14465412497520447
1789317037808255000,7.1122548828125,0.05974775180220604,0.044504083693027496,-0.32345423102378845
1789317037818210000,7.1222099609375,-0.37705540657043457,-0.11329406499862671,-0.49719753861427307
1789317037828166000,7.132165771484375,-0.543117105960846,-0.2957616150379181,-0.36145541071891785
1789317037838122200,7.142122314453125,-0.3068009614944458,-0.26351073384284973,-0.155861496925354
1789317037848077000,7.1520771484375,0.0361018106341362,-0.029148031026124954,0.2945996820926666
1789317037858033000,7.162032958984375,0.26560264825820923,0.34634461998939514,0.3055439293384552
1789317037867988200,7.17198828125,0.16693519055843353,0.14058294892311096,0.37678882479667664
1789317037877944000,7.181944091796875,-0.06651697307825089,-0.37200233340263367,0.1121441125869751
1789317037887899100,7.191899169921875,-0.30925452709198,-0.6206943988800049,-0.034093521535396576
1789317037897855000,7.20185498046875,-0.38804173469543457,-0.28645679354667664,-0.024539964273571968
1789317037907810000,7.21181005859375,-0.1916554570198059,0.2052048146724701,-0.19449597597122192
1789317037917766100,7.22176611328125,-0.015294001437723637,0.19768324494361877,0.12170406430959702
1789317037927721000,7.231720947265625,0.10181663930416107,0.31718647480010986,-0.22773303091526031
1789317037937677000,7.241677001953125,0.018980082124471664,0.05428161472082138,-0.34662559628486633
1789317037947632000,7.251632080078125,-0.1513679474592209,-0.3693847060203552,-0.1370507925748825
1789317037957588000,7.261587890625,-0.09437070786952972,-0.5391764044761658,-0.159951850771904
1789317037967543000,7.27154296875,0.06012938171625137,-0.36774152517318726,0.109731025993824
1789317037977499100,7.2814990234375,0.23157623410224915,0.0851505771279335,-0.01871429942548275
1789317037987454000,7.291453857421875,0.09596221894025803,-0.07215461879968643,0.5140276551246643
1789317037997410000,7.30141015625,-0.17534172534942627,0.11892452090978622,0.5397971868515015
1789317038007364900,7.31136474609375,-0.26105743646621704,0.05590774118900299,0.23786263167858124
1789317038017321200,7.3213212890625,-0.19137901067733765,0.016087356954813004,-0.036135900765657425
1789317038027276000,7.331276123046875,-0.05026263743638992,0.1695658564567566,-0.42929357290267944
1789317038037232000,7.341232177734375,0.10299695283174515,0.09739286452531815,-0.5879213213920593
1789317038047187200,7.351187255859375,0.25327035784721375,0.028606077656149864,-0.9250847101211548
1789317038057143000,7.36114306640625,0.27544862031936646,-0.5827624797821045,-0.4818558394908905
1789317038067098000,7.37109814453125,0.09076106548309326,-0.4417973756790161,0.07301988452672958
1789317038077054000,7.381053955078125,-0.0849045068025589,0.1927361637353897,0.5067856907844543
1789317038087009000,7.391009033203125,-0.019411249086260796,0.46371838450431824,0.534600555896759
1789317038096965000,7.400965087890625,0.04956462234258652,0.4107811450958252,0.179939404129982
1789317038106920000,7.410919921875,-0.08343897014856339,-0.1487407386302948,0.46323901414871216
1789317038116876000,7.4208759765625,-0.11592074483633041,-0.3377665877342224,0.4708077311515808
1789317038126831000,7.4308310546875,0.20458057522773743,-0.22479556500911713,-0.07110666483640671
1789317038136787000,7.440786865234375,0.5173293948173523,-0.06042845547199249,-0.5428992509841919
1789317038146742000,7.450741943359375,0.3458218574523926,0.2899484634399414,-0.6549102067947388
1789317038156698000,7.460697998046875,-0.09996335208415985,0.28960785269737244,-0.30039072036743164
1789317038166653200,7.470653076171875,-0.32849904894828796,0.30480995774269104,-0.23706580698490143
1789317038176609000,7.480609130859375,-0.2422294169664383,0.8483028411865234,-0.31962671875953674
1789317038186564000,7.490564208984375,-0.016529440879821777,-0.10820183902978897,-0.17522108554840088
1789317038196520200,7.500520263671875,0.027526166290044785,-0.49551013112068176,0.14177951216697693
1789317038206475000,7.51047509765625,0.13581295311450958,-0.6260191798210144,0.5276758074760437
1789317038216431000,7.52043115234375,0.2840743362903595,-0.5619829297065735,0.8179305195808411
1789317038226386200,7.53038623046875,0.17424024641513824,0.4405515491962433,0.478864848613739
1789317038236342000,7.540342041015625,-0.08296173065900803,1.0099084377288818,-0.21510538458824158
1789317038246297000,7.550297119140625,-0.36896178126335144,0.489176869392395,-0.8478671312332153
1789317038256253000,7.5602529296875,-0.6797524094581604,-0.37794196605682373,-0.6119161248207092
1789317038266209000,7.570208984375,-0.665885865688324,-0.6550902128219604,0.03543415665626526
1789317038276164000,7.5801640625,-0.15128405392169952,0.14835777878761292,0.01085664238780737
1789317038286120000,7.590119873046875,0.3874284029006958,1.7972968816757202,-0.25947338342666626
1789317038296075000,7.600074951171875,0.39206525683403015,0.17502374947071075,-0.06995618343353271
1789317038306031000,7.610031005859375,-0.33904942870140076,-0.8256928324699402,0.24352610111236572
1789317038315986200,7.619986083984375,-0.6912809610366821,-0.8079207539558411,0.006530603393912315
1789317038325942000,7.62994189453125,-0.3244132399559021,-0.3792541027069092,-0.08788298070430756
1789317038335897000,7.63989697265625,-0.11274146288633347,-0.27446112036705017,0.25673457980155945
1789317038345853200,7.649853271484375,-0.30834612250328064,0.54655522108078,0.680518627166748
1789317038355808000,7.65980810546875,-0.27765825390815735,0.4301556348800659,0.5485550165176392
1789317038365764000,7.66976416015625,-0.1507253348827362,0.01025849673897028,-0.1401376724243164
1789317038375719200,7.67971923828125,-0.21230000257492065,-0.22769494354724884,-0.7137444615364075
1789317038385675300,7.68967529296875,-0.32742738723754883,-0.5985736846923828,-0.7037667036056519
1789317038395630300,7.69963037109375,-0.3607310354709625,-0.3941832482814789,-0.3972403109073639
1789317038405586200,7.709586181640625,-0.2631749212741852,0.17891542613506317,-0.028619926422834396
1789317038415541500,7.71954150390625,-0.1767026036977768,0.31755638122558594,0.12308171391487122
1789317038425497300,7.729497314453125,-0.3567253649234772,0.19207143783569336,0.21397513151168823
1789317038435452200,7.7394521484375,-0.5701396465301514,-0.2386019229888916,0.26167023181915283
1789317038445408300,7.749408203125,-0.6540609002113342,-0.569937527179718,0.35183075070381165
1789317038455363300,7.75936328125,-0.5773229598999023,-0.3345327079296112,0.3163081705570221
1789317038465319400,7.7693193359375,-0.35501134395599365,0.02003416232764721,0.019593674689531326
1789317038475274200,7.779274169921875,-0.21487314999103546,-0.13433250784873962,-0.1135643795132637
1789317038485230000,7.78922998046875,-0.35506540536880493,-0.40451526641845703,-0.08876342326402664
1789317038495185400,7.799185302734375,-0.5753466486930847,-0.5141682624816895,-0.14767414331436157
1789317038505141200,7.809141357421875,-0.6239586472511292,-0.4705190360546112,-0.39050355553627014
1789317038515096000,7.819095947265625,-0.615739107131958,-0.44152894616127014,-0.16994376480579376
1789317038525052400,7.829052490234375,-0.5843223333358765,-0.2871268391609192,0.03585680201649666
1789317038535007200,7.83900732421875,-0.5652703046798706,-0.1991216242313385,0.11049056053161621
1789317038544963300,7.84896337890625,-0.5045915246009827,-0.5043449401855469,0.0840887799859047
1789317038554918400,7.85891845703125,-0.5417836308479309,-0.9913417100906372,0.28587594628334045
1789317038564874500,7.86887451171875,-0.5990418791770935,-1.0546727180480957,0.30665579438209534
1789317038574829300,7.878829345703125,-0.634801983833313,-0.6716593503952026,0.31248199939727783
1789317038584785200,7.88878515625,-0.6703125834465027,-0.07933983206748962,0.2633826434612274
1789317038594740500,7.898740478515625,-0.6594005227088928,0.11927153170108795,-0.10341320931911469
1789317038604696300,7.9086962890625,-0.639659583568573,-0.2634023427963257,-0.46711233258247375
1789317038614652400,7.91865234375,-0.690908670425415,-0.9415470361709595,-0.08035316318273544
1789317038624607200,7.928607177734375,-0.560227632522583,-1.099011778831482,0.22672422230243683
1789317038634563300,7.938563232421875,-0.22960682213306427,-0.4745848774909973,0.10339110344648361
1789317038644518400,7.948518310546875,0.06178640201687813,0.4780736267566681,-0.352070152759552
1789317038654474200,7.95847412109375,-0.15241430699825287,-0.1345258504152298,-0.37783437967300415
1789317038664429300,7.96842919921875,-0.7518500685691833,-0.698392927646637,-0.0968831330537796
1789317038674385400,7.978385498046875,-1.0275607109069824,-0.94367915391922,0.3791196346282959
1789317038684340200,7.98834033203125,-0.6409807801246643,-0.6622961759567261,0.5772199034690857
1789317038694296300,7.99829638671875,-0.014962970279157162,0.0687556266784668,0.34151819348335266
1789317038704251400,8.00825146484375,0.3135315477848053,0.11215636879205704,0.35086801648139954
1789317038714207500,8.01820751953125,0.22182586789131165,-0.42184844613075256,0.3230086863040924
1789317038724162300,8.028162353515626,-0.006972155533730984,-0.8728023171424866,-0.06159785017371178
1789317038734118100,8.0381181640625,-0.13200411200523376,-0.7318307757377625,-0.5638697743415833
1789317038744073500,8.048073486328125,-0.13221876323223114,-0.20315471291542053,-0.8169196248054504
1789317038754029300,8.058029296875,-0.15216955542564392,0.06551216542720795,-0.37927860021591187
1789317038763984100,8.067984130859376,-0.15999366343021393,0.26616722345352173,0.16535460948944092
1789317038773940200,8.077940185546876,0.03399099037051201,0.0025063008069992065,0.5451541543006897
1789317038783895300,8.087895263671875,0.3456974923610687,-0.2253100872039795,0.3364272713661194
1789317038793851400,8.097851318359375,0.42277735471725464,-0.1900349110364914,0.13004162907600403
1789317038803806200,8.10780615234375,0.2453272044658661,-0.28568020462989807,0.37330299615859985
1789317038813762300,8.11776220703125,0.09217919409275055,0.049855973571538925,0.12387214601039886
1789317038823717400,8.12771728515625,0.11001252382993698,0.23932044208049774,-0.26186037063598633
1789317038833673200,8.137673095703125,0.15145370364189148,0.0974607765674591,-0.23156557977199554
1789317038843628300,8.147628173828124,0.13193246722221375,0.10652191191911697,0.09255283325910568
1789317038853584400,8.15758447265625,0.2759737968444824,0.05451783537864685,0.37412992119789124
1789317038863539200,8.167539306640625,0.6200898885726929,0.14424265921115875,0.07449021190404892
1789317038873495300,8.177495361328125,0.7165629267692566,0.17942248284816742,-0.09320877492427826
1789317038883451100,8.187451171875,0.46035322546958923,0.17767038941383362,-0.14087696373462677
1789317038893406500,8.197406494140624,0.25396889448165894,-0.08401660621166229,-0.14826563000679016
1789317038903362300,8.2073623046875,0.330177366733551,-0.03616253286600113,-0.48668256402015686
1789317038913317000,8.217317138671875,0.4448906481266022,0.2959491014480591,-0.5514216423034668
1789317038923273200,8.227273193359375,0.4960033595561981,0.32496771216392517,-0.1293361485004425
1789317038933228300,8.237228271484375,0.6147238612174988,-0.001324123702943325,0.24045388400554657
1789317038943184400,8.247184326171874,0.6651798486709595,-0.2013605386018753,0.5506263971328735
1789317038953139200,8.25713916015625,0.6327870488166809,-0.30239421129226685,0.8139864206314087
1789317038963095300,8.26709521484375,0.5111806988716125,0.07324705272912979,0.7051123976707458
1789317038973050400,8.27705029296875,0.35544463992118835,0.625840961933136,0.30388373136520386
1789317038983006200,8.287006103515624,0.24833737313747406,0.7352649569511414,-0.23182737827301025
1789317038992961300,8.296961181640626,0.20692814886569977,0.35931476950645447,-0.6133521199226379
1789317039002917400,8.30691748046875,0.24183286726474762,0.06058318540453911,-0.7747215628623962
1789317039012872200,8.3168720703125,0.4204827845096588,0.04390673711895943,-0.8089317083358765
1789317039022828300,8.326828369140625,0.699421226978302,-0.33930137753486633,-0.38669097423553467
1789317039032783400,8.336783447265624,0.743736207485199,-0.3608234226703644,0.1250777542591095
1789317039042739500,8.346739501953126,0.5259793996810913,0.17644160985946655,0.42692920565605164
1789317039052694300,8.3566943359375,0.27557966113090515,0.802384614944458,0.31788501143455505
1789317039062650000,8.366650146484375,0.029631661251187325,0.24671711027622223,0.1288330852985382
1789317039072605400,8.37660546875,-0.2912699282169342,-0.24022752046585083,0.25548529624938965
1789317039082561300,8.386561279296876,-0.2886675000190735,-0.4177634119987488,0.489848256111145
1789317039092517400,8.396517333984375,0.1853645294904709,-0.0527055561542511,0.15150323510169983
1789317039102472200,8.40647216796875,0.6528214812278748,0.21764791011810303,-0.22822731733322144
1789317039112428300,8.41642822265625,0.6552627682685852,0.0716632679104805,-0.17920517921447754
1789317039122383400,8.42638330078125,0.38424408435821533,-0.23062628507614136,-0.21794511377811432
1789317039132339200,8.436339111328126,0.24168425798416138,-0.484281450510025,-0.49510374665260315
1789317039142294500,8.44629443359375,0.22478064894676208,0.9376444220542908,-0.8527990579605103
1789317039152250400,8.45625048828125,0.17089425027370453,0.009891512803733349,-0.6731171607971191
1789317039162205200,8.466205078125,-0.08001361042261124,-0.22861160337924957,-0.08011294156312943
1789317039172161300,8.476161376953126,0.01768498681485653,-0.6775217652320862,0.8710739016532898
1789317039182116400,8.486116455078125,0.45286548137664795,-0.612463653087616,1.196882963180542
1789317039192072400,8.496072509765625,0.7065795063972473,1.6472162008285522,0.3402300179004669
1789317039202027300,8.50602734375,0.6568441987037659,1.0046324729919434,-0.1375402808189392
1789317039211983000,8.515983154296874,0.12717686593532562,-0.16310369968414307,-0.7806977033615112
1789317039221938400,8.5259384765625,-0.4136919677257538,-0.9789735078811646,-0.6295979022979736
1789317039231894300,8.535894287109375,-0.2059720754623413,-1.5098943710327148,0.055815327912569046
1789317039241849000,8.54584912109375,0.38388562202453613,0.25038668513298035,0.052913814783096313
1789317039251805200,8.55580517578125,0.7318949699401855,1.856669306755066,0.3494618535041809
1789317039261760300,8.56576025390625,0.4850393831729889,1.1273627281188965,0.35892006754875183
1789317039271716400,8.57571630859375,-0.38465872406959534,0.46151089668273926,0.1477886587381363
1789317039281671200,8.585671142578125,-0.7844828367233276,-0.6886039972305298,-0.07638824731111526
1789317039291627500,8.59562744140625,-0.5217646360397339,-1.3110345602035522,-0.055582303553819656
1789317039301582300,8.605582275390624,-0.05560467392206192,-0.5028567314147949,0.5504351854324341
1789317039311538200,8.6155380859375,0.4812135100364685,1.3747466802597046,0.014401043765246868
1789317039321493500,8.625493408203125,0.42764854431152344,2.086611032485962,-0.6943992972373962
1789317039331449300,8.635449462890625,-0.23831084370613098,-0.8466511368751526,-0.9466142058372498
1789317039341404200,8.645404052734374,-1.280744194984436,-3.1212563514709473,-0.42936867475509644
1789317039351360300,8.6553603515625,-1.8697856664657593,-2.4286346435546875,0.5964673757553101
1789317039361316000,8.665316162109375,-1.029140830039978,0.9634669423103333,0.6826353073120117
1789317039371271400,8.675271484375,0.1394905149936676,-0.010936536826193333,0.9915883541107178
1789317039381227500,8.6852275390625,0.26854729652404785,-0.5481097102165222,0.5981318354606628
1789317039391182300,8.695182373046874,-0.2566815912723541,-1.1496530771255493,-0.06155843660235405
1789317039401138400,8.705138427734376,-0.6082436442375183,-2.074777603149414,-0.5336559414863586
1789317039411093500,8.715093505859375,-0.6809694766998291,-1.189961314201355,-0.9869989156723022
1789317039421049300,8.72504931640625,-0.631135880947113,1.2235687971115112,-0.8270089626312256
1789317039431004400,8.73500439453125,-0.7223542332649231,1.0846292972564697,-0.31012219190597534
1789317039440960500,8.74496044921875,-1.0829824209213257,0.8597802519798279,0.010098440572619438
1789317039450915600,8.75491552734375,-1.0960394144058228,-0.47066977620124817,0.6548771858215332
1789317039460871400,8.764871337890625,-0.5441498756408691,-1.6050797700881958,0.8632458448410034
1789317039470826500,8.774826416015625,0.08121762424707413,-0.8384994864463806,0.5580616593360901
1789317039480782600,8.784782470703124,0.5293706655502319,-0.20193445682525635,0.37082573771476746
1789317039490737400,8.7947373046875,0.3980861306190491,-0.13184112310409546,0.08975305408239365
1789317039500693500,8.804693603515625,-0.2968441843986511,-0.06306205689907074,-0.44833943247795105
1789317039510648600,8.814648681640625,-0.8975577354431152,-0.6880761384963989,-0.6663433909416199
1789317039520604400,8.8246044921875,-1.05522882938385,-1.1936115026474,-0.43675175309181213
1789317039530559500,8.8345595703125,-0.7218894958496094,-0.6170360445976257,-0.21153807640075684
1789317039540515300,8.844515380859375,-0.11229404807090759,-0.01534912921488285,0.404337614774704
1789317039550470400,8.854470458984375,0.36915674805641174,0.31720566749572754,0.5066882371902466
1789317039560426500,8.864426513671875,0.32027068734169006,-0.12544474005699158,0.5254377126693726
1789317039570382300,8.87438232421875,-0.02269466035068035,-1.0988788604736328,0.48368650674819946
1789317039580337400,8.88433740234375,-0.2652982473373413,-1.38772451877594,0.03987551108002663
1789317039590293500,8.89429345703125,-0.3324679732322693,-0.7368040084838867,-0.05825585126876831
1789317039600248600,8.90424853515625,-0.12457308918237686,0.2879534959793091,-0.292182594537735
1789317039610204400,8.914204345703125,0.03814658522605896,0.9398679137229919,-0.4662278890609741
1789317039620159500,8.924159423828126,-0.024564731866121292,0.7071603536605835,-0.4494502544403076
1789317039630115600,8.934115478515626,0.018488729372620583,-0.44000133872032166,-0.5847870111465454
1789317039640070400,8.9440703125,0.08539905399084091,-1.1703975200653076,-0.30001094937324524
1789317039650026500,8.954026611328125,0.19784623384475708,-0.3384004235267639,-0.16330237686634064
1789317039659981600,8.963981689453124,0.4241446256637573,0.27143365144729614,0.10337352752685547
1789317039669937400,8.9739375,0.4841059446334839,-0.07342761009931564,0.5655006766319275
1789317039679892500,8.983892578125,0.3139004111289978,-0.5908235907554626,1.0213440656661987
1789317039689848300,8.993848388671875,0.20776598155498505,-0.6554324626922607,0.9189844727516174
1789317039699803400,9.003803466796874,0.24255910515785217,-0.17803364992141724,0.39831727743148804
1789317039709759500,9.013759521484374,0.2255665510892868,0.37130776047706604,0.013803696259856224
1789317039719714300,9.02371435546875,0.2673925459384918,0.31368201971054077,-0.3086901903152466
1789317039729670400,9.03367041015625,0.3846949338912964,0.2061728686094284,-0.8444297909736633
1789317039739625500,9.04362548828125,0.4835911691188812,0.07525879889726639,-1.0754380226135254
1789317039749581600,9.05358154296875,0.5813097357749939,-0.3005334734916687,-0.7596246004104614
1789317039759536400,9.063536376953126,0.649215817451477,-0.2759474217891693,-0.4041959345340729
1789317039769492500,9.073492431640625,0.5485177040100098,0.018570488318800926,0.3726412057876587
1789317039779448600,9.083448486328125,0.43170320987701416,0.45320478081703186,0.7727150917053223
1789317039789403400,9.0934033203125,0.2982143759727478,0.5944234132766724,0.9238324761390686
1789317039799359500,9.103359375,0.21916164457798004,0.4088847041130066,0.866714596748352
1789317039809314600,9.113314453125,0.37495604157447815,0.20513556897640228,0.11837564408779144
1789317039819270400,9.1232705078125,0.5755115151405334,-0.11145941913127899,-0.3298508822917938
1789317039829225500,9.1332255859375,0.7553630471229553,-0.004512726329267025,-0.8215090036392212
1789317039839181300,9.143181396484374,0.8251828551292419,-0.07704471796751022,-0.7829546928405762
1789317039849136400,9.153136474609376,0.7023608088493347,0.1354033648967743,-0.5153597593307495
1789317039859092500,9.163092529296875,0.488056480884552,0.6962442994117737,-0.3471478521823883
1789317039869047300,9.17304736328125,0.3164817988872528,0.2726278007030487,0.20332862436771393
1789317039879003600,9.183003662109375,0.22409754991531372,0.0256973747164011,0.47500860691070557
1789317039888958500,9.19295849609375,0.26565083861351013,0.1391506940126419,0.5898773670196533
1789317039898914600,9.20291455078125,0.46538206934928894,0.2760225236415863,0.43367448449134827
1789317039908869600,9.21286962890625,0.5403575301170349,0.5867657661437988,0.029157353565096855
1789317039918825500,9.222825439453125,0.4675549566745758,0.22133851051330566,0.11548345535993576
1789317039928780500,9.232780517578124,0.48776060342788696,-0.2941807508468628,-0.05589202791452408
1789317039938736400,9.242736328125,0.36681821942329407,0.06360907107591629,-0.005745237227529287
1789317039948691500,9.25269140625,0.3411400020122528,0.7185450792312622,-0.15574245154857635
1789317039958647600,9.2626474609375,0.45687219500541687,0.7709689140319824,-0.4623950719833374
1789317039968602400,9.272602294921874,0.3420276343822479,0.702785313129425,-0.4311436712741852
1789317039978558500,9.282558349609374,0.23030483722686768,0.41136038303375244,-0.34323540329933167
1789317039988514300,9.292514404296876,0.2724014222621918,0.16953736543655396,-0.18772169947624207
1789317039998469400,9.302469482421875,0.41835305094718933,0.21475757658481598,0.04669187217950821
1789317040008425500,9.312425537109375,0.5551380515098572,0.4191884696483612,0.25140026211738586
1789317040018380300,9.32238037109375,0.6228758096694946,0.4771313965320587,0.3259642422199249
1789317040028336600,9.332336669921874,0.6807284951210022,0.029739253222942352,0.23350143432617188
1789317040038291500,9.34229150390625,0.487793892621994,-0.14362773299217224,0.2546791732311249
1789317040048247600,9.35224755859375,0.18972918391227722,0.06589086353778839,0.3413655757904053
1789317040058202600,9.36220263671875,0.11363735049962997,0.3481220304965973,0.11585815995931625
1789317040068158500,9.372158447265624,0.12295734882354736,0.4249110817909241,0.13329121470451355
1789317040078113500,9.382113525390626,0.12910312414169312,0.724013090133667,-0.16011349856853485
1789317040088069400,9.3920693359375,0.18512432277202606,0.6273531317710876,-0.3900684118270874
1789317040098024400,9.4020244140625,0.2936955392360687,0.0613831989467144,-0.39284661412239075
1789317040107980500,9.41198046875,0.28776174783706665,-0.3028821051120758,-0.0031047132797539234
1789317040117935400,9.421935302734376,0.35040995478630066,-0.4430519938468933,0.43127521872520447
1789317040127891500,9.431891357421875,0.44430527091026306,0.045997053384780884,0.562403678894043
1789317040137846500,9.441846435546875,0.38186320662498474,0.7286722660064697,0.5801565647125244
1789317040147802400,9.45180224609375,0.2156425416469574,0.9225741028785706,0.06942594796419144
1789317040157757400,9.46175732421875,-0.16743852198123932,0.48377278447151184,0.11454229056835175
1789317040167713300,9.47171337890625,-0.26301059126853943,0.0353768989443779,-0.07295170426368713
1789317040177669600,9.481669677734375,0.025135712698101997,0.02143232151865959,-0.316650390625
1789317040187624400,9.49162451171875,0.39880889654159546,0.4773031771183014,-0.39618197083473206
1789317040197580500,9.50158056640625,0.6966632008552551,0.26688602566719055,-0.26804235577583313
1789317040207535600,9.51153564453125,0.6074851751327515,-0.2002582550048828,0.2651842534542084
1789317040217491500,9.521491455078126,0.29553738236427307,-0.0424976572394371,0.39835962653160095
1789317040227446500,9.531446533203125,0.07958297431468964,0.19574260711669922,0.22903957962989807
1789317040237402400,9.54140234375,-0.14147697389125824,0.2726949155330658,0.33342671394348145
1789317040247357400,9.551357421875,-0.338092565536499,0.3494240343570709,0.670436441898346
1789317040257313500,9.5613134765625,-0.24093671143054962,0.7282576560974121,0.3083786070346832
1789317040267268400,9.571268310546875,0.06707543879747391,0.9702588319778442,-0.451402872800827
1789317040277224400,9.581224365234375,0.3359023630619049,0.5208919048309326,-1.1918058395385742
1789317040287179500,9.591179443359374,0.2700005769729614,-0.32489126920700073,-1.0965754985809326
1789317040297135400,9.60113525390625,0.11157872527837753,-0.8925485610961914,-0.38055241107940674
1789317040307090400,9.61109033203125,0.10337699204683304,0.05872563272714615,0.24627289175987244
1789317040317046500,9.621046630859375,0.2193877398967743,0.7447159886360168,0.7544101476669312
1789317040327001600,9.631001708984375,0.01980646140873432,0.18559490144252777,1.0923540592193604
1789317040336957400,9.64095751953125,-0.45521944761276245,0.15841840207576752,1.1412127017974854
1789317040346912500,9.65091259765625,-0.4922530949115753,-0.12037088721990585,0.6706771850585938
1789317040356868600,9.66086865234375,-0.2216959148645401,-0.05403074622154236,0.07176047563552856
1789317040366824400,9.670824462890625,0.10423079878091812,0.2314273715019226,-0.42501333355903625
1789317040376779500,9.680779541015625,0.2759482264518738,0.1676585078239441,-0.5569295883178711
1789317040386734800,9.69073486328125,0.2238416224718094,0.09179170429706573,-0.5534908771514893
1789317040396690000,9.70068994140625,0.09317494928836823,0.3832744061946869,-0.9507567286491394
1789317040406646000,9.71064599609375,-0.16242672502994537,0.7854671478271484,-0.8032304048538208
1789317040416600800,9.720600830078125,-0.30183520913124084,0.21093115210533142,-0.5321994423866272
1789317040426557000,9.730556884765624,-0.329918771982193,-0.23969914019107819,0.15069442987442017
1789317040436512000,9.740511962890626,-0.17533187568187714,-0.1388697326183319,0.8438803553581238
1789317040446467800,9.7504677734375,0.15985916554927826,0.19667871296405792,1.0477906465530396
1789317040456423000,9.7604228515625,0.3656885027885437,0.35960930585861206,0.960720419883728
1789317040466379000,9.77037890625,0.25050172209739685,0.26009097695350647,0.4510452151298523
1789317040476333800,9.780333740234376,-0.16153377294540405,-0.19018085300922394,0.19786381721496582
1789317040486290000,9.7902900390625,-0.4721510410308838,-0.21115565299987793,-0.1809612661600113
1789317040496245000,9.800244873046875,-0.4265230894088745,0.3051985204219818,-0.6655905246734619
1789317040506201000,9.810201171875,-0.026265425607562065,0.23034799098968506,-0.8912689089775085
1789317040516156000,9.820156005859374,0.29026803374290466,-0.07467503845691681,-0.8865106701850891
1789317040526111700,9.83011181640625,0.2764957845211029,-0.45282259583473206,-0.22423124313354492
1789317040536067800,9.84006787109375,0.1923510730266571,0.8032413125038147,-0.21423959732055664
1789317040546023000,9.85002294921875,0.0008700547041371465,-0.12058606743812561,0.29054662585258484
1789317040555979000,9.85997900390625,-0.44763901829719543,-0.9720460772514343,0.7866575717926025
1789317040565933800,9.869933837890626,-0.6000834107398987,-0.5544160604476929,0.7198218107223511
1789317040575890000,9.879889892578126,-0.19175425171852112,0.12616166472434998,0.38661989569664
1789317040585845000,9.889844970703125,0.2662503123283386,0.7906408309936523,-0.21371281147003174
1789317040595800800,9.89980078125,0.3134543299674988,0.23967544734477997,-0.1762799620628357
1789317040605756000,9.909755859375,0.07658931612968445,-0.43156763911247253,-0.3158927261829376
1789317040615712000,9.9197119140625,-0.23449426889419556,-0.22292309999465942,-0.5943956971168518
1789317040625666800,9.929666748046875,-0.242793470621109,0.32297325134277344,-0.7741739749908447
1789317040635623000,9.939622802734375,-0.08383417874574661,0.08096569031476974,-0.5262840390205383
1789317040645578000,9.949577880859374,-0.07010771334171295,-0.0062491074204444885,0.23058155179023743
1789317040655534000,9.9595341796875,0.04306704178452492,-0.1112373098731041,0.6510645747184753
1789317040665489000,9.969489013671875,0.21108081936836243,-0.32142356038093567,0.7646989822387695
1789317040675444700,9.97944482421875,0.24909797310829163,-0.1230231299996376,0.39126071333885193
1789317040685400000,9.989400146484375,0.025172997266054153,0.10521110892295837,0.08967023342847824
1789317040695356000,9.99935595703125,-0.2746206521987915,0.13806812465190887,-0.14373372495174408
1789317040705310700,10.009310791015626,-0.376650333404541,0.1006709486246109,-0.3794698119163513
1789317040715266800,10.019266845703125,-0.17323224246501923,-0.37277063727378845,-0.1682358831167221
1789317040725223000,10.029222900390625,0.08923932909965515,-0.38997307419776917,0.15529504418373108
1789317040735178000,10.039177978515625,0.2960881292819977,0.06070142984390259,0.17407752573490143
1789317040745133800,10.0491337890625,0.24000726640224457,0.47399526834487915,0.09458056837320328
1789317040755089000,10.0590888671875,-0.03700302541255951,0.4605604112148285,-0.25965607166290283
1789317040765045000,10.069044921875,-0.22172920405864716,-0.6460850238800049,-0.18202492594718933
1789317040774999800,10.078999755859375,-0.26901814341545105,-0.991193413734436,0.17221170663833618
1789317040784956000,10.088955810546874,-0.033904705196619034,-0.104249969124794,0.13840022683143616
1789317040794911000,10.098910888671876,0.38184988498687744,0.23851723968982697,0.19314415752887726
1789317040804867000,10.1088671875,0.4969716966152191,0.11422164738178253,0.05915120244026184
1789317040814822000,10.11882177734375,0.12333844602108002,-0.38275110721588135,0.5162095427513123
1789317040824777700,10.12877783203125,-0.14818041026592255,-0.39775481820106506,0.2391393482685089
1789317040834733000,10.138733154296874,-0.18465639650821686,0.4420807361602783,-0.2815113067626953
1789317040844689000,10.14868896484375,-0.1426575481891632,0.5223204493522644,-0.3588572144508362
1789317040854643700,10.158643798828125,-0.1488747000694275,0.5644873380661011,-0.5848325490951538
1789317040864600000,10.16860009765625,-0.10946603864431381,0.12063320726156235,-0.21473786234855652
1789317040874556000,10.178555908203125,0.14567597210407257,-0.1708255410194397,-0.17989173531532288
1789317040884511000,10.188510986328126,0.2953847646713257,-0.25859612226486206,0.08936316519975662
1789317040894466800,10.198466796875,0.24413463473320007,-0.3018629252910614,0.48963600397109985
1789317040904422000,10.208421875,0.02046852372586727,0.01948981173336506,0.6391298770904541
1789317040914378000,10.2183779296875,-0.24790380895137787,0.5812258720397949,0.4720844626426697
1789317040924332800,10.228332763671874,-0.3198821246623993,0.3786892592906952,0.19955597817897797
1789317040934289000,10.238288818359376,-0.2778438627719879,-0.2373632788658142,0.21058200299739838
1789317040944244000,10.248243896484375,-0.03137017413973808,-0.4734882116317749,-0.021635254845023155
1789317040954200000,10.258199951171875,0.3261461555957794,-0.3878454566001892,-0.25859108567237854
1789317040964155000,10.26815478515625,0.5100550055503845,0.06497607380151749,-0.6610559821128845
1789317040974110700,10.27811083984375,0.282466858625412,0.20989491045475006,-0.599016547203064
1789317040984066000,10.288066162109375,-0.09485327452421188,0.08171270787715912,-0.434999942779541
1789317040994022000,10.29802197265625,-0.2834354341030121,0.2814095616340637,-0.4795103967189789
1789317041003976700,10.307976806640625,-0.2514306306838989,-0.36409565806388855,-0.033190976828336716
1789317041013933000,10.31793310546875,-0.1229778528213501,-0.49739646911621094,0.487454891204834
1789317041023888000,10.327887939453126,0.09571001678705215,-0.2112688273191452,1.0508575439453125
1789317041033844000,10.337843994140625,0.4140850603580475,0.18710970878601074,0.8938748240470886
1789317041043799000,10.347799072265625,0.4116378724575043,0.5280052423477173,0.37254586815834045
1789317041053755000,10.3577548828125,0.059064120054244995,0.19912108778953552,0.09594517201185226
1789317041063711000,10.3677109375,-0.2003842294216156,-0.2068336009979248,-0.6139760613441467
1789317041073665800,10.377665771484375,-0.2686658203601837,-0.6457443833351135,-0.4296746850013733
1789317041083622000,10.387621826171875,0.005241101142019033,-0.11569730192422867,-0.5580582022666931
1789317041093577000,10.397576904296875,0.2577649652957916,0.6875725388526917,-0.21230320632457733
1789317041103533000,10.407532958984374,0.3257930278778076,1.176198959350586,-0.047201868146657944
1789317041113488000,10.41748779296875,0.16296841204166412,0.752036988735199,-0.23995055258274078
1789317041123444000,10.42744384765625,-0.18118469417095184,-0.2815469801425934,-0.1164613664150238
1789317041133399000,10.43739892578125,-0.3270915746688843,-0.5948130488395691,-0.13873843848705292
1789317041143355000,10.44735498046875,-0.042501918971538544,-0.5637422204017639,0.09869275242090225
1789317041153309700,10.457309814453126,0.36299365758895874,-0.25326529145240784,0.4704756438732147
1789317041163266000,10.46726611328125,0.4946904182434082,0.49444806575775146,0.4457433819770813
1789317041173220900,10.477220947265625,0.2810590863227844,0.8832035660743713,0.12816941738128662
1789317041183177000,10.487177001953125,-0.09257867187261581,0.7018739581108093,-0.6398558616638184
1789317041193132000,10.497132080078124,-0.4990263283252716,-0.18773101270198822,-0.5340303778648376
1789317041203088000,10.507087890625,-0.4766903817653656,-0.7998804450035095,-0.11880920827388763
1789317041213044000,10.5170439453125,-0.0015014902455732226,-0.3072872459888458,0.15687642991542816
1789317041222998800,10.526998779296875,0.4660228192806244,1.1471891403198242,0.2198234349489212
1789317041232955000,10.536954833984375,0.6452634334564209,1.6976075172424316,-0.3493494689464569
1789317041242910000,10.546909912109374,0.23140446841716766,0.2292046844959259,-0.09949170053005219
1789317041252866000,10.556865966796876,-0.3378547430038452,-0.8904374837875366,0.11697588860988617
1789317041262820900,10.56682080078125,-0.40918484330177307,-0.8607315421104431,0.2143586277961731
1789317041272777000,10.57677685546875,0.04193546622991562,0.27377936244010925,0.2240951508283615
1789317041282732000,10.58673193359375,0.5783533453941345,1.3902665376663208,-0.016210395842790604
1789317041292688000,10.59668798828125,0.675000786781311,1.1562169790267944,-0.08127860724925995
1789317041302643000,10.606642822265625,0.2698266804218292,0.269359290599823,-0.08964333683252335
1789317041312599000,10.61659912109375,-0.04334214702248573,-0.9132311940193176,0.14106763899326324
1789317041322553900,10.626553955078125,0.0845569595694542,-0.899669885635376,0.15293069183826447
1789317041332510000,10.636510009765624,0.38488322496414185,1.107917070388794,-0.08319954574108124
1789317041342465000,10.646465087890626,0.5049737095832825,1.3673795461654663,-0.021588649600744247
1789317041352420900,10.6564208984375,0.25353825092315674,0.5181150436401367,0.25582510232925415
1789317041362377000,10.666376953125,-0.022002236917614937,-0.5154145956039429,0.47888004779815674
1789317041372331800,10.676331787109374,0.0120675815269351,-0.5016980171203613,0.3027620017528534
1789317041382288000,10.686287841796876,0.30964627861976624,1.4071522951126099,-0.42310118675231934
1789317041392243000,10.696242919921875,0.39310601353645325,0.7535017728805542,-0.46418124437332153
1789317041402199000,10.706198974609375,0.08326346427202225,0.08848166465759277,-0.3566715717315674
1789317041412153900,10.71615380859375,-0.06351346522569656,-0.7011112570762634,0.11626376211643219
1789317041422110000,10.72610986328125,0.11388342827558517,-0.17517341673374176,0.27837249636650085
1789317041432065000,10.73606494140625,0.2697609066963196,0.749710738658905,0.23738059401512146
1789317041442020900,10.746020751953125,0.1036294549703598,0.586757481098175,0.5517587661743164
1789317041451976000,10.755975830078125,-0.22650930285453796,0.44090256094932556,0.4383262097835541
1789317041461932000,10.76593212890625,-0.39041247963905334,0.03362986445426941,0.347920686006546
1789317041471886800,10.775886962890626,-0.3272750675678253,0.16145919263362885,0.001264735241420567
1789317041481843000,10.785843017578125,-0.11442404985427856,0.386591374874115,-0.20490014553070068
1789317041491798000,10.795798095703125,0.1278008371591568,0.3407309651374817,-0.3265687823295593
1789317041501754000,10.805754150390625,0.14921531081199646,0.296213299036026,-0.3837530016899109
1789317041511710000,10.8157099609375,-0.04651929810643196,0.009120527654886246,-0.07770944386720657
1789317041521664800,10.825664794921876,-0.2111561894416809,-0.06730979681015015,-0.03762167692184448
1789317041531620900,10.835620849609375,-0.39541923999786377,0.38915228843688965,0.14353080093860626
1789317041541576000,10.845575927734375,-0.4133763909339905,0.9255645871162415,-0.06338083744049072
1789317041551532000,10.855531982421875,-0.3568041920661926,0.6561786532402039,-0.09519735723733902
1789317041561486800,10.86548681640625,-0.2572539150714874,-0.24455595016479492,0.22212281823158264
1789317041571443000,10.87544287109375,-0.0809640884399414,-0.6109440922737122,0.30859750509262085
1789317041581398000,10.88539794921875,0.1167103722691536,-0.16081631183624268,0.06716439127922058
1789317041591353900,10.895353759765625,0.1735672652721405,0.025827335193753242,0.0979023277759552
1789317041601309200,10.90530908203125,-0.0548347532749176,-0.11291563510894775,0.3741650879383087
1789317041611265000,10.91526513671875,-0.35553041100502014,0.04964584857225418,0.16769099235534668
1789317041621219800,10.9252197265625,-0.5657283663749695,0.2320478856563568,0.11753355711698532
1789317041631176000,10.935176025390625,-0.47930213809013367,0.626653254032135,-0.5946958661079407
1789317041641131000,10.945131103515624,-0.4159338176250458,0.30767980217933655,-0.3624192178249359
1789317041651087000,10.955087158203124,-0.2566682696342468,-0.2393348217010498,-0.11128497868776321
1789317041661043000,10.96504296875,-0.06203966960310936,-0.5608084797859192,0.20435553789138794
1789317041670997800,10.974997802734375,0.17823071777820587,-0.4553941488265991,0.1322603076696396
1789317041680953900,10.984953857421875,0.16424433887004852,0.02918504923582077,-0.02569843828678131
1789317041690909000,10.994908935546874,-0.08518733084201813,0.1463092714548111,-0.07685589790344238
1789317041700865000,11.004864990234376,-0.43076950311660767,-0.008094144985079765,-0.12278158217668533
1789317041710819800,11.01481982421875,-0.7441596388816833,0.009770872071385384,0.09401731193065643
1789317041720776000,11.02477587890625,-0.6370337009429932,-0.17009982466697693,0.4011452794075012
1789317041730731000,11.03473095703125,-0.2419138252735138,-0.07039054483175278,0.40831905603408813
1789317041740686800,11.044686767578124,0.04241403564810753,0.2603711187839508,0.33820176124572754
1789317041750642200,11.05464208984375,0.20222286880016327,0.37631452083587646,-0.2729516327381134
1789317041760598000,11.064597900390625,0.07748520374298096,0.03225407749414444,-0.8181601166725159
1789317041770552800,11.074552734375,-0.2839078903198242,-0.4329269230365753,-0.969912052154541
1789317041780509000,11.084509033203124,-0.5726174712181091,-0.45276641845703125,-0.7606357932090759
1789317041790464000,11.094464111328126,-0.5193393230438232,-0.2314734309911728,-0.1472216695547104
1789317041800420000,11.104420166015625,-0.2359297126531601,0.18854674696922302,0.44435587525367737
1789317041810376000,11.1143759765625,0.05288984626531601,0.5915831327438354,0.6067962050437927
1789317041820330800,11.124330810546875,0.16582731902599335,0.2958340644836426,0.4992726445198059
1789317041830287000,11.134287109375,0.00806165486574173,-0.4717334508895874,0.10479272156953812
1789317041840242000,11.144241943359376,-0.329878568649292,-1.1737011671066284,0.22919777035713196
1789317041850198000,11.154197998046875,-0.3192325830459595,-1.1736156940460205,0.17605385184288025
1789317041860152800,11.16415283203125,-0.12564314901828766,0.3600335419178009,-0.2343296855688095
1789317041870109000,11.17410888671875,-0.08842307329177856,1.091021180152893,-0.395479679107666
1789317041880064000,11.18406396484375,-0.20178824663162231,0.1431121528148651,-0.38999515771865845
1789317041890019800,11.194019775390625,-0.43262919783592224,-1.0365369319915771,0.08100563287734985
1789317041899975200,11.20397509765625,-0.4121206998825073,-0.6254332661628723,-0.1436365246772766
1789317041909931000,11.213930908203125,-0.11858736723661423,0.7116179466247559,-0.3746955692768097
1789317041919885800,11.2238857421875,0.02149330824613571,-0.25642964243888855,-0.27039259672164917
1789317041929842000,11.233842041015626,-0.4510982036590576,-0.26218315958976746,0.11263493448495865
1789317041939797800,11.2437978515625,-0.6210273504257202,-0.5639001131057739,0.42358800768852234
1789317041949753000,11.253753173828125,-0.2866509258747101,-0.7555691599845886,0.19749389588832855
1789317041959709000,11.263708984375,-0.11714233458042145,-0.23364737629890442,0.20854388177394867
1789317041969663700,11.273663818359376,-0.13410267233848572,-0.08091109246015549,0.45559096336364746
1789317041979620000,11.2836201171875,-0.15874037146568298,-0.09523064643144608,0.1391323208808899
1789317041989575000,11.293574951171875,-0.24841487407684326,-0.15588174760341644,-0.24092845618724823
1789317041999531000,11.303531005859375,-0.2752488851547241,-0.5511994957923889,-0.44166314601898193
1789317042009486000,11.313486083984374,-0.292559415102005,-0.530867874622345,-0.42438989877700806
1789317042019442000,11.32344189453125,-0.28942516446113586,-0.22897326946258545,0.12252325564622879
1789317042029397000,11.33339697265625,-0.10671979188919067,0.1636136919260025,0.22345972061157227
1789317042039352800,11.343352783203125,-0.10385981947183609,0.5031459331512451,0.19037021696567535
1789317042049308200,11.35330810546875,-0.2235955446958542,0.39940810203552246,-0.14466184377670288
1789317042059264000,11.363263916015624,-0.2718765139579773,-0.46711260080337524,-0.2816343307495117
1789317042069220000,11.37322021484375,-0.24923326075077057,-0.8582169413566589,-0.0821571871638298
1789317042079175000,11.3831748046875,-0.030307838693261147,-0.4589768946170807,-0.026039855554699898
1789317042089130800,11.393130859375,0.2365235835313797,0.033544644713401794,0.11045966297388077
1789317042099086000,11.403086181640624,0.23255415260791779,0.6007992625236511,-0.10572083294391632
1789317042109042000,11.4130419921875,-0.09278612583875656,0.32742738723754883,0.027596473693847656
1789317042118996700,11.422996826171875,-0.2863342761993408,-0.5131477117538452,0.06890183687210083
1789317042128953000,11.432953125,-0.26449957489967346,-0.7560080289840698,0.23488494753837585
1789317042138908000,11.442907958984375,0.008611598052084446,-0.1269180029630661,0.22784647345542908
1789317042148864000,11.452864013671874,0.4063161015510559,0.4380521774291992,-0.08021148294210434
1789317042158819000,11.462819091796876,0.4799825847148895,0.4651668965816498,-0.28281545639038086
1789317042168775000,11.47277490234375,0.22272814810276031,-0.19523340463638306,-0.2871555984020233
1789317042178730000,11.48272998046875,-0.03771808370947838,-1.029232382774353,0.07876724749803543
1789317042188685800,11.492685791015624,-0.028448419645428658,-0.8833979368209839,0.36540886759757996
1789317042198642000,11.502641845703126,0.22635191679000854,0.2334471046924591,0.26866263151168823
1789317042208597000,11.512596923828125,0.28589725494384766,1.1993372440338135,0.23357947170734406
1789317042218553000,11.522552978515625,0.14523762464523315,0.7733156681060791,0.10070423781871796
1789317042228508000,11.5325078125,-0.07743300497531891,-0.36319631338119507,-0.006432333029806614
1789317042238464000,11.542464111328124,-0.20427723228931427,-0.547010600566864,-0.21495677530765533
1789317042248419000,11.552419189453126,0.046899065375328064,-0.2844114899635315,-0.4437979459762573
1789317042258375000,11.562375,0.2864610552787781,0.08437853306531906,-0.15538425743579865
1789317042268330000,11.572330078125,0.3468919098377228,0.5214943289756775,-0.09364313632249832
1789317042278286000,11.5822861328125,0.2085801064968109,0.36286503076553345,-0.04107366502285004
1789317042288241000,11.592240966796876,-0.04808070883154869,0.12905864417552948,-0.3640565276145935
1789317042298197000,11.602197021484375,-0.3747245967388153,-0.2227150946855545,-0.0977577194571495
1789317042308152000,11.612152099609375,-0.35311412811279297,-0.39032354950904846,0.1399989128112793
1789317042318108000,11.62210791015625,-0.0705878809094429,0.16266082227230072,0.2230173647403717
1789317042328064000,11.63206396484375,0.2913479506969452,0.7204253077507019,-0.0004889564006589353
1789317042338018800,11.642018798828126,0.35107120871543884,0.13130316138267517,-0.12651559710502625
1789317042347975000,11.651974853515625,0.053110089153051376,-0.741712749004364,0.1646169126033783
1789317042357930000,11.661929931640625,-0.20726770162582397,-0.7034249901771545,0.17709781229496002
1789317042367886000,11.671885986328125,-0.1940554976463318,0.47289058566093445,0.017469272017478943
1789317042377841000,11.6818408203125,-0.044495563954114914,0.8489917516708374,-0.2639581561088562
1789317042387796500,11.69179638671875,-0.1945367306470871,0.44092172384262085,-0.0187824759632349
1789317042397751300,11.701751220703125,-0.3297973573207855,0.04458824172616005,-0.06578380614519119
1789317042407707400,11.711707275390625,-0.22928352653980255,-0.0873628705739975,-0.2979182302951813
1789317042417662500,11.721662353515624,0.010793792083859444,-0.06763363629579544,-0.37926289439201355
1789317042427618300,11.731618408203126,0.16277799010276794,-0.1676585078239441,-0.12297199666500092
1789317042437573400,11.741573486328125,0.06525330245494843,0.07532031834125519,0.2273617833852768
1789317042447529200,11.751529296875,-0.011270231567323208,0.4370836019515991,0.1102767065167427
1789317042457485300,11.7614853515625,-0.03062981367111206,0.08941110223531723,-0.12706208229064941
1789317042467440400,11.7714404296875,-0.2202940136194229,-0.4123223125934601,0.10293810069561005
1789317042477396200,11.781396240234375,-0.3197298049926758,-0.7135359644889832,0.6652810573577881
1789317042487351300,11.791351318359375,-0.055937834084033966,-0.48897287249565125,0.7046061158180237
1789317042497307400,11.801307373046875,0.21662844717502594,0.2548392117023468,0.34998568892478943
1789317042507262200,11.81126220703125,0.21200253069400787,0.4873614013195038,-0.09753561019897461
1789317042517218300,11.82121826171875,-0.17885097861289978,0.10288243740797043,-0.20741844177246094
1789317042527173400,11.83117333984375,-0.5324510931968689,-0.31111234426498413,-0.2127692550420761
1789317042537129500,11.84112939453125,-0.44200509786605835,-0.25784993171691895,-0.44136035442352295
1789317042547084300,11.851084228515624,-0.058932557702064514,0.3774769902229309,-0.7289639115333557
1789317042557040400,11.861040283203126,0.1252836138010025,0.3296716511249542,-0.3942660689353943
1789317042566995500,11.870995361328125,0.05231007561087608,0.054188936948776245,-0.03737267106771469
1789317042576951300,11.880951416015625,-0.1344078779220581,-0.365029901266098,0.5397647023200989
1789317042586907400,11.890907470703125,-0.17394037544727325,-0.2874474823474884,0.5017176866531372
1789317042596862200,11.9008623046875,-0.18605002760887146,-0.048947568982839584,0.4978358745574951
1789317042606818600,11.910818603515626,-0.2227582484483719,0.18284492194652557,0.5075923800468445
1789317042616773400,11.9207734375,-0.2369859218597412,0.4326725900173187,0.1419622004032135
1789317042626729200,11.930729248046875,-0.1978939026594162,0.06924272328615189,-0.06617902219295502
1789317042636684500,11.9406845703125,-0.2314220368862152,-0.15235385298728943,-0.19598016142845154
1789317042646640400,11.950640380859374,-0.18806444108486176,-0.35498765110969543,-0.22085541486740112
1789317042656595200,11.96059521484375,-0.08191563934087753,-0.20899608731269836,-0.25365543365478516
1789317042666551300,11.97055126953125,0.012989302165806293,0.2800111472606659,-0.614173173904419
1789317042676506400,11.98050634765625,-0.05017209053039551,0.1401403248310089,-0.5533851385116577
1789317042686462500,11.99046240234375,-0.22201469540596008,-0.3845639228820801,-0.18432191014289856
1789317042696417300,12.000417236328126,-0.31531214714050293,-0.6122777462005615,0.2846660912036896
1789317042706373400,12.010373291015625,-0.2156289666891098,-0.08375748246908188,0.4284251034259796
1789317042716329200,12.0203291015625,-0.07626627385616302,0.048470862209796906,0.4281233847141266
1789317042726284300,12.0302841796875,-0.1579800397157669,-0.06966989487409592,0.5650655031204224
1789317042736240400,12.040240478515624,-0.24981196224689484,-0.5681116580963135,0.7717406749725342
1789317042746195200,12.0501953125,-0.20581653714179993,-0.3934823274612427,0.2920808494091034
1789317042756151600,12.060151611328125,-0.14286766946315765,0.19262750446796417,-0.2939511835575104
1789317042766106400,12.0701064453125,-0.12153255939483643,0.3114878535270691,-0.7482036352157593
1789317042776062200,12.080062255859374,-0.22498278319835663,0.1278647482395172,-0.9327002763748169
1789317042786017500,12.090017578125,-0.3152245283126831,-0.191144660115242,-0.6824552416801453
1789317042795973400,12.099973388671875,-0.1473146229982376,-0.5233473777770996,-0.4273492097854614
1789317042805928200,12.10992822265625,0.01575632579624653,-0.37648868560791016,0.03972664102911949
1789317042815884300,12.11988427734375,0.10205046832561493,-0.016199477016925812,0.407694011926651
1789317042825840000,12.129840087890624,0.07503189891576767,0.08321712911128998,0.5304566621780396
1789317042835795500,12.13979541015625,-0.06688395887613297,-0.13229624927043915,0.39729514718055725
1789317042845751300,12.149751220703125,-0.22448396682739258,-0.4833562672138214,0.25679025053977966
1789317042855706400,12.159706298828125,-0.3509971797466278,-0.3955659568309784,0.30137261748313904
1789317042865662500,12.169662353515625,-0.24133485555648804,0.13590110838413239,-0.016328373923897743
1789317042875617300,12.1796171875,0.04132373631000519,-0.05393087491393089,-0.00863290298730135
1789317042885573400,12.189573486328126,0.25132039189338684,0.06590843945741653,-0.4961317181587219
1789317042895528200,12.199528076171875,0.23891191184520721,0.13817624747753143,-0.8837372660636902
1789317042905484500,12.209484619140625,0.2028319388628006,-0.42353636026382446,-0.9288994073867798
1789317042915439400,12.219439453125,0.09082257747650146,-0.8947046995162964,-0.38991206884384155
1789317042925395200,12.229395263671876,0.06942541152238846,-0.7493216395378113,0.26639679074287415
1789317042935351300,12.239351318359375,0.16754718124866486,0.5774574875831604,0.6368736624717712
1789317042945306400,12.249306396484375,0.21375009417533875,0.6775124669075012,0.5385135412216187
1789317042955262500,12.259262451171875,-0.04537786915898323,0.01113414391875267,0.5051292181015015
1789317042965217300,12.26921728515625,-0.26391687989234924,-0.7042529582977295,0.5882803201675415
1789317042975173000,12.279173095703126,0.012052934616804123,-0.9843405485153198,0.3372608423233032
1789317042985128400,12.28912841796875,0.4779979884624481,-0.26296666264533997,-0.16914002597332
1789317042995084300,12.299084228515625,0.6309124231338501,0.6671990752220154,-0.5352122783660889
1789317043005039400,12.309039306640624,0.404000461101532,0.648247241973877,-0.7715659737586975
1789317043014995500,12.318995361328126,-0.042571961879730225,-0.33964064717292786,-0.4357735812664032
1789317043024950300,12.3289501953125,-0.39418086409568787,-0.7000725865364075,-0.07647959142923355
1789317043034906400,12.33890625,-0.2989523410797119,0.10383132100105286,-0.0062765381298959255
1789317043044862200,12.3488623046875,0.10449658334255219,0.5167618989944458,0.2208508849143982
1789317043054817500,12.358817626953124,0.2246248573064804,0.42139676213264465,0.342169851064682
1789317043064773400,12.3687734375,0.013137106783688068,-0.1826813966035843,0.8601685166358948
1789317043074728200,12.378728271484375,0.03857642039656639,-0.7480052709579468,0.43474188446998596
1789317043084684300,12.388684326171875,0.08516549319028854,-0.364543080329895,-0.21855764091014862
1789317043094639400,12.398639404296874,0.058161575347185135,0.3094678521156311,-0.7589127421379089
1789317043104595500,12.408595458984376,-0.024230238050222397,0.004357996862381697,-0.6609784960746765
1789317043114550300,12.41855029296875,-0.1969359666109085,-0.42333582043647766,0.0468580536544323
1789317043124506000,12.428506103515625,-0.20159010589122772,-0.057078465819358826,0.16230635344982147
1789317043134461400,12.43846142578125,0.0067540425807237625,0.10941863805055618,0.015591742470860481
1789317043144417300,12.448417236328124,0.037884797900915146,-0.1115795224905014,0.04211336374282837
1789317043154373400,12.458373291015626,-0.04861733689904213,-0.4412495791912079,0.11398781836032867
1789317043164328400,12.468328369140625,-0.049500972032547,-0.6839596629142761,0.15942135453224182
1789317043174284300,12.4782841796875,-0.02082991413772106,-0.290162056684494,-0.01176344882696867
1789317043184239400,12.4882392578125,-0.021619541570544243,-0.16859407722949982,0.009403089061379433
1789317043194195200,12.4981953125,-0.13706357777118683,-0.40399008989334106,0.38746383786201477
1789317043204150500,12.508150634765625,-0.2818465828895569,-0.031920913606882095,0.26048246026039124
1789317043214106400,12.5181064453125,-0.2593141198158264,-0.25368553400039673,0.32931745052337646
1789317043224061200,12.528061279296875,-0.16099900007247925,-0.3158476948738098,0.09869355708360672
1789317043234017300,12.538017333984374,-0.21786388754844666,0.1414700448513031,-0.047561127692461014
1789317043243972400,12.547972412109376,-0.08183734118938446,0.16963936388492584,-0.521602988243103
1789317043253928400,12.557928466796875,-0.07984849065542221,0.19346188008785248,-0.773474395275116
1789317043263884300,12.56788427734375,-0.04262416064739227,-0.4173167943954468,-0.6365735530853271
1789317043273839400,12.57783935546875,0.054729290306568146,-1.2336281538009644,-0.050196323543787
1789317043283795500,12.58779541015625,0.04121854156255722,-0.7861174941062927,0.6489439010620117
1789317043293750300,12.597750244140625,0.08914106339216232,1.728806972503662,0.395292192697525
1789317043303706400,12.607706298828125,0.1662432998418808,0.9968411326408386,0.13346804678440094
1789317043313661400,12.617661376953125,-0.20083323121070862,-0.5657798051834106,-0.08458492159843445
1789317043323617300,12.6276171875,-0.5922369360923767,-1.5132968425750732,0.5020290017127991
1789317043333572400,12.637572265625,-0.1423659324645996,-1.7488811016082764,0.7270565629005432
1789317043343528200,12.647528076171875,0.6362829804420471,0.13421373069286346,0.16328079998493195
1789317043353483500,12.6574833984375,0.9701778888702393,1.6498509645462036,-0.26478850841522217
1789317043363439400,12.667439453125,0.6335124969482422,1.2101880311965942,-1.08953857421875
1789317043373395500,12.6773955078125,-0.25807228684425354,0.030552849173545837,-1.373450756072998
1789317043383351000,12.68735107421875,-0.6466488242149353,-1.0261976718902588,-1.2937787771224976
1789317043393307100,12.69730712890625,-0.20632387697696686,-0.8492136001586914,-0.6861743927001953
1789317043403262200,12.70726220703125,0.440569669008255,0.0761413723230362,0.4372982382774353
1789317043413218300,12.71721826171875,0.8319225311279297,1.0575377941131592,1.1724377870559692
1789317043423173000,12.727173095703124,0.7745543122291565,0.583240270614624,1.1334290504455566
1789317043433129000,12.73712890625,0.2860466539859772,-0.41911497712135315,0.9112732410430908
1789317043443084300,12.747084228515625,-0.17326658964157104,-1.1705328226089478,0.6711940765380859
1789317043453040000,12.7570400390625,-0.2885172963142395,-0.5666223764419556,0.3613422214984894
1789317043462995000,12.766994873046874,-0.007003314793109894,0.8795483708381653,-0.025054486468434334
1789317043472951300,12.776951416015624,0.4680580198764801,1.5256102085113525,-0.5854229927062988
1789317043482907100,12.7869072265625,0.5066573619842529,1.340872049331665,-1.003100872039795
1789317043492862200,12.7968623046875,0.30006715655326843,0.541545569896698,-1.5773061513900757
1789317043502818000,12.806818115234375,0.08471808582544327,-0.6481952667236328,-1.3654072284698486
1789317043512773400,12.8167734375,0.1288253515958786,-1.5434520244598389,-0.3318479657173157
1789317043522729200,12.826729248046876,0.37079164385795593,-0.9933492541313171,0.8883410692214966
1789317043532684000,12.83668408203125,0.584520161151886,1.4120678901672363,1.6889455318450928
1789317043542640000,12.84664013671875,0.6967703104019165,1.576021432876587,1.4717833995819092
1789317043552595200,12.85659521484375,0.19862893223762512,0.338318407535553,1.1419142484664917
1789317043562551300,12.86655126953125,-0.41398385167121887,-0.759051501750946,0.45465564727783203
1789317043572506000,12.876506103515625,-0.4538114368915558,-1.0273053646087646,-0.30654340982437134
1789317043582462000,12.8864619140625,0.12345083057880402,0.4696287512779236,-1.1809923648834229
1789317043592418300,12.896418212890625,0.749038577079773,1.7572822570800781,-1.7125976085662842
1789317043602373000,12.906373046875,0.6042507290840149,0.5860762596130371,-1.238152265548706
1789317043612329200,12.9163291015625,-0.003968376200646162,-0.7346758842468262,-0.3876068592071533
1789317043622284300,12.9262841796875,-0.32688677310943604,-1.472460150718689,0.5446856617927551
1789317043632240000,12.936240234375,-0.14073315262794495,0.6719456315040588,0.8380363583564758
1789317043642195200,12.9461953125,0.26319754123687744,1.0865495204925537,1.1382334232330322
1789317043652151000,12.956151123046874,0.08691306412220001,0.24034975469112396,1.348660945892334
1789317043662106400,12.9661064453125,-0.37548866868019104,-0.3000527620315552,1.0596688985824585
1789317043672062200,12.976062255859375,-0.40580981969833374,-0.7610283493995667,0.36930587887763977
1789317043682017000,12.98601708984375,-0.03741022199392319,-0.12736861407756805,-0.8638258576393127
1789317043691973000,12.99597314453125,0.14133156836032867,0.5879588723182678,-1.2579388618469238
1789317043701929200,13.00592919921875,0.05325576290488243,0.6562673449516296,-1.142866849899292
1789317043711884300,13.01588427734375,-0.17077040672302246,0.175977423787117,-0.7428134083747864
1789317043721840000,13.025840087890625,-0.3710470497608185,-0.24339188635349274,-0.23887330293655396
1789317043731795200,13.035795166015625,-0.3702899217605591,-0.28758010268211365,0.12544819712638855
1789317043741751300,13.045751220703124,-0.33817750215530396,-0.12246333062648773,0.8879991173744202
1789317043751706000,13.0557060546875,-0.1099826917052269,0.649211585521698,0.5321669578552246
1789317043761662200,13.065662109375,-0.12977397441864014,0.32110559940338135,0.30910271406173706
1789317043771617300,13.0756171875,-0.2779623866081238,-0.5901793837547302,0.15162627398967743
1789317043781573000,13.085572998046874,-0.28347885608673096,-1.6699085235595703,0.4045807719230652
1789317043791528200,13.095528076171876,-0.22536547482013702,-0.9292354583740234,0.5564395189285278
1789317043801484000,13.105484130859375,0.02406538836658001,0.8164122700691223,-0.08215079456567764
1789317043811440000,13.115440185546875,0.02352876216173172,1.3248978853225708,-0.5556184649467468
1789317043821395200,13.125395263671875,-0.32980507612228394,0.4759705364704132,-0.7328411936759949
1789317043831351300,13.135351318359374,-0.642489492893219,-0.7030694484710693,-0.5854616165161133
1789317043841306000,13.14530615234375,-0.475084513425827,-0.9590660929679871,-0.5290481448173523
1789317043851262200,13.15526220703125,0.05850192531943321,-0.3860531747341156,-0.45332592725753784
1789317043861217300,13.16521728515625,0.38583263754844666,0.13268347084522247,-0.06798837333917618
1789317043871173000,13.175173095703125,0.3241676986217499,0.28125885128974915,0.2349027842283249
1789317043881128200,13.185128173828126,-0.02161288447678089,-0.39003247022628784,0.9745385050773621
1789317043891084300,13.195084228515626,-0.21450111269950867,-0.7047296762466431,0.9206230640411377
1789317043901040000,13.2050400390625,-0.18440526723861694,-0.2014169991016388,0.3457385003566742
1789317043910995200,13.2149951171875,-0.07966899871826172,0.3831236958503723,-0.22890402376651764
1789317043920951000,13.224950927734374,-0.010978348553180695,0.3290143609046936,-0.5956114530563354
1789317043930906000,13.234906005859376,-0.10636559128761292,-0.2107902616262436,-0.07878908514976501
1789317043940862200,13.2448623046875,0.05705449730157852,-0.30487707257270813,-0.4218423068523407
1789317043950817000,13.254817138671875,0.1998603790998459,-0.12622317671775818,-0.48759788274765015
1789317043960773000,13.264773193359375,0.27284085750579834,0.17676785588264465,-0.6550832986831665
1789317043970728200,13.274728271484374,0.21093779802322388,0.1097792312502861,-0.5663654208183289
1789317043980684300,13.284684326171876,0.015453258529305458,-0.011083277873694897,0.13946202397346497
1789317043990639000,13.29463916015625,-0.0013315805699676275,-0.539606511592865,0.5828738212585449
1789317044000595200,13.30459521484375,0.02568592131137848,-0.5848746299743652,0.8103517293930054
1789317044010551300,13.31455126953125,0.1308184713125229,0.0036479979753494263,0.40431898832321167
1789317044020506000,13.324506103515626,0.1823764592409134,0.1432381123304367,0.19566723704338074
1789317044030462200,13.334462158203126,0.12593954801559448,-0.2851361334323883,0.33044421672821045
1789317044040417300,13.344417236328125,0.09433183073997498,-0.5776113867759705,0.2529670000076294
1789317044050373000,13.354373046875,0.062061771750450134,0.007168963085860014,-0.09973005205392838
1789317044060328200,13.364328125,0.04514457657933235,1.033250331878662,-0.7370226383209229
1789317044070284000,13.374283935546876,-0.10869771987199783,0.21986232697963715,-0.4983679950237274
1789317044080239000,13.384239013671875,-0.2471248358488083,-0.6226571798324585,-0.25259843468666077
1789317044090195200,13.3941953125,-0.12045131623744965,-0.7405750155448914,-0.04808603599667549
1789317044100150000,13.40414990234375,0.2664026618003845,0.6810126304626465,-0.3079061508178711
1789317044110106000,13.414106201171874,0.47503069043159485,0.27527472376823425,-0.22894902527332306
1789317044120062200,13.424062255859376,0.1827636957168579,-0.5605325698852539,0.32548514008522034
1789317044130017300,13.434017333984375,-0.11017896980047226,-1.082132339477539,0.8278406858444214
1789317044139973000,13.44397314453125,-0.09360531717538834,-0.6529117822647095,0.8153006434440613
1789317044149928200,13.45392822265625,0.019648801535367966,0.6787601113319397,0.3418537378311157
1789317044159884300,13.46388427734375,0.016472982242703438,1.2223457098007202,-0.03943395987153053
1789317044169839000,13.473839111328125,-0.11373987793922424,0.6280490159988403,-0.43841198086738586
1789317044179795200,13.483795166015625,-0.2370743304491043,-0.4239848256111145,-0.4762006402015686
1789317044189750300,13.493750244140625,-0.010493387468159199,-1.07645583152771,-0.561208188533783
1789317044199706000,13.5037060546875,0.3380310535430908,-0.7507355213165283,-0.2923453152179718
1789317044209661200,13.5136611328125,0.5092360973358154,0.6310802102088928,-0.09049367904663086
1789317044219617000,13.523616943359375,0.43891584873199463,0.7295330166816711,0.07591313868761063
1789317044229573400,13.533573486328125,-0.0012900352012366056,-0.17698489129543304,0.3842906653881073
1789317044239528200,13.543528076171874,-0.472627729177475,-0.5379678606987,0.343702495098114
1789317044249484000,13.553484130859376,-0.4794289171695709,-0.5982879400253296,0.379044771194458
1789317044259439000,13.563439208984375,-0.07689505070447922,0.03581232577562332,0.1028696596622467
1789317044269395200,13.573395263671875,0.27262964844703674,0.6094870567321777,-0.006385994143784046
1789317044279350300,13.583350341796875,0.4708902835845947,0.21194793283939362,-0.2393563985824585
1789317044289306000,13.59330615234375,0.32467713952064514,-0.30914825201034546,-0.5532967448234558
1789317044299261200,13.60326123046875,0.00040959418402053416,-0.7277540564537048,-0.395108699798584
1789317044309217300,13.61321728515625,-0.14247192442417145,-0.9084934592247009,0.07718080282211304
1789317044319172000,13.623172119140625,-0.08869791030883789,0.0663212314248085,0.17348656058311462
1789317044329128200,13.633128173828124,-0.013528325594961643,1.415379524230957,0.19374710321426392
1789317044339084000,13.643083984375,0.027515247464179993,0.7668449878692627,-0.006470948923379183
1789317044349039000,13.6530390625,-0.1663799285888672,-0.3427205979824066,0.018264757469296455
1789317044358995200,13.6629951171875,-0.17527620494365692,-1.3127775192260742,0.31844374537467957
1789317044368950000,13.672949951171875,0.18398821353912354,-0.9193945527076721,0.03917669877409935
1789317044378906400,13.68290625,0.5198367834091187,0.32158735394477844,-0.15770813822746277
1789317044388861000,13.69286083984375,0.4948992133140564,0.9843149781227112,-0.25496357679367065
1789317044398816800,13.702816650390625,-0.0005422196118161082,0.8364698886871338,-0.24668355286121368
1789317044408771800,13.712771728515625,-0.47524988651275635,-0.006683202926069498,-0.05122164264321327
1789317044418728000,13.72272802734375,-0.49348506331443787,-0.23374591767787933,-0.3079330623149872
1789317044428683800,13.732683837890624,-0.13248880207538605,0.18096525967121124,-0.3463371694087982
1789317044438638800,13.742638916015625,0.3548598289489746,0.19066742062568665,0.17184047400951385
1789317044448594700,13.7525947265625,0.6275411248207092,0.18121905624866486,0.37965625524520874
1789317044458549800,13.7625498046875,0.477029949426651,0.180329829454422,0.46581029891967773
1789317044468505900,13.772505859375,0.21442094445228577,0.21910758316516876,-0.09574463218450546
1789317044478460700,13.782460693359376,-0.0957568883895874,0.12055198103189468,-0.3999013304710388
1789317044488417000,13.7924169921875,-0.3028528094291687,-0.026276344433426857,-0.023388946428894997
1789317044498371800,13.802371826171875,-0.1054939329624176,-0.0008514125947840512,0.3500019609928131
1789317044508327700,13.81232763671875,0.28182315826416016,0.4127718508243561,0.41580280661582947
1789317044518283000,13.822282958984376,0.4823860824108124,0.9382622838020325,-0.017042366787791252
1789317044528238800,13.83223876953125,0.41968515515327454,0.507259726524353,-0.5613176822662354
1789317044538195000,13.84219482421875,0.18763940036296844,-0.5954351425170898,-0.6088566780090332
1789317044548149800,13.852149658203125,-0.05038780719041824,-0.7040718793869019,-0.36151373386383057
1789317044558105900,13.86210595703125,0.10583987832069397,-0.3219921588897705,0.09385672211647034
1789317044568061000,13.87206103515625,0.39267778396606445,0.4637884497642517,0.5276036262512207
1789317044578016800,13.882016845703125,0.45950713753700256,0.7759807109832764,0.6583384871482849
1789317044587971800,13.891971923828125,0.23133894801139832,0.33758655190467834,0.5946175456047058
1789317044597928000,13.901927978515625,-0.05788007751107216,-0.3027036786079407,0.35213354229927063
1789317044607882800,13.9118828125,-0.10891956090927124,-0.6234755516052246,0.05467629432678223
1789317044617838800,13.9218388671875,0.042218826711177826,-0.09706156700849533,-0.2463328093290329
1789317044627793700,13.931793701171875,0.22727149724960327,0.7190790772438049,-0.462799072265625
1789317044637750000,13.94175,0.3005395829677582,0.8478074669837952,-0.5759011507034302
1789317044647705900,13.951705810546875,0.1830635666847229,0.12608470022678375,-0.4361879527568817
1789317044657660700,13.96166064453125,-0.06393024325370789,-0.4192374646663666,-0.0065801385790109634
1789317044667616800,13.97161669921875,-0.06479897350072861,0.039252862334251404,-0.09853669255971909
1789317044677571800,13.98157177734375,0.07983890920877457,0.2249651998281479,0.2686336040496826
1789317044687528000,13.99152783203125,0.08166290819644928,0.4303670823574066,0.33156514167785645
1789317044697482800,14.001482666015624,-0.17491188645362854,0.5329867005348206,0.7198029160499573
1789317044707438800,14.01143896484375,-0.1727089285850525,0.1294725090265274,0.5728432536125183
1789317044717394000,14.021393798828125,-0.09408868104219437,0.15462392568588257,-0.04436080530285835
1789317044727349800,14.031349853515625,-0.08270473033189774,-0.005354018881917,-0.04530196636915207
1789317044737304800,14.041304931640624,0.10058040171861649,-0.0704139769077301,-0.5062946081161499
1789317044747261000,14.051260986328124,0.13077957928180695,0.05217878147959709,-0.41800230741500854
1789317044757217000,14.061217041015626,0.1380084753036499,0.17873352766036987,-0.3795135021209717
1789317044767171800,14.071171875,0.13428670167922974,0.052560944110155106,-0.4566519558429718
1789317044777127700,14.081127685546875,-0.08284375071525574,-0.1203162893652916,0.04848418012261391
1789317044787083000,14.0910830078125,-0.20648632943630219,-0.018081532791256905,0.17579366266727448
1789317044797038800,14.101038818359376,-0.17853938043117523,-0.13072232902050018,0.5963672399520874
1789317044806993700,14.11099365234375,0.021018465980887413,-0.10772246867418289,0.6787856817245483
1789317044816949800,14.12094970703125,0.17003405094146729,0.08358410745859146,0.35260704159736633
1789317044826904800,14.13090478515625,0.02834242582321167,0.12836489081382751,0.32165178656578064
1789317044836861000,14.14086083984375,-0.06487274169921875,0.04056686908006668,-0.2229052484035492
1789317044846816800,14.150816650390626,-0.1774192601442337,0.04045448079705238,-0.5790263414382935
1789317044856771800,14.160771728515625,-0.2474404275417328,0.2067108303308487,-0.7148265242576599
1789317044866728000,14.17072802734375,-0.17896495759487152,0.17292118072509766,-0.6967753767967224
1789317044876682800,14.180682861328124,-0.046903859823942184,-0.23104627430438995,-0.15506282448768616
1789317044886638800,14.190638916015626,0.09256242215633392,-0.13674692809581757,0.05219050124287605
1789317044896594000,14.200593994140625,0.09851539134979248,0.2252861112356186,0.14619742333889008
1789317044906550000,14.210550048828125,0.02672562003135681,0.1387845128774643,0.14296062290668488
1789317044916504800,14.2205048828125,-0.16916798055171967,0.04759068787097931,-0.0007382282637991011
1789317044926460700,14.230460693359374,-0.413562536239624,-0.11213905364274979,0.339182049036026
1789317044936416000,14.240416015625,-0.3842374086380005,-0.07144276052713394,0.4048004746437073
1789317044946371800,14.250371826171875,-0.10907748341560364,-0.0030945930629968643,0.3107815682888031
1789317044956328000,14.260327880859375,0.1324714869260788,0.280337929725647,-0.09098103642463684
1789317044966282800,14.27028271484375,0.14926831424236298,0.3157646059989929,-0.5486045479774475
1789317044976238800,14.28023876953125,-0.022168951109051704,-0.15957793593406677,-0.5524038076400757
1789317044986194000,14.29019384765625,-0.09675876796245575,-0.2091425657272339,-0.6172232627868652
1789317044996149800,14.300149658203125,0.009519468992948532,-0.2356276959180832,-0.3360730707645416
1789317045006104800,14.310104736328125,0.03815590590238571,-0.6954072713851929,0.3268473744392395
1789317045016061000,14.32006103515625,-0.05054253712296486,-0.5153051614761353,1.0426353216171265
1789317045026015700,14.330015625,0.07480792701244354,-0.2246943563222885,1.1174850463867188
1789317045035971800,14.339971923828125,0.1033594086766243,0.33017709851264954,0.706375002861023
1789317045045927000,14.349927001953125,-0.13012711703777313,0.6899038553237915,-0.02286163903772831
1789317045055883000,14.359883056640625,-0.3812173902988434,0.14445838332176208,-0.6215083003044128
1789317045065838800,14.3698388671875,-0.4548362195491791,-0.3687969446182251,-0.9194331765174866
1789317045075793700,14.379793701171875,-0.17570525407791138,-0.6489591002464294,-0.8374602794647217
1789317045085749800,14.389749755859375,0.200467050075531,-0.5042951107025146,-0.3858145475387573
1789317045095704800,14.399704833984375,0.4251664876937866,-0.07404253631830215,-0.01810283772647381
1789317045105661000,14.409660888671874,0.3230898976325989,1.309567928314209,-0.045227132737636566
1789317045115615700,14.41961572265625,-0.014276141300797462,0.24149757623672485,-0.019167834892868996
1789317045125571800,14.42957177734375,-0.5947259664535522,-1.1642719507217407,0.5067260265350342
1789317045135527000,14.43952685546875,-0.818905234336853,-1.2475700378417969,0.9744748473167419
1789317045145482800,14.449482666015625,-0.323640376329422,-0.5234043598175049,1.083784580230713
1789317045155438800,14.45943896484375,0.2298925817012787,1.1582551002502441,0.6374496817588806
1789317045165394000,14.469393798828126,0.49614396691322327,1.3078073263168335,-0.18332667648792267
1789317045175350000,14.47935009765625,0.16392181813716888,-0.0329853817820549,-0.5612555742263794
1789317045185304800,14.489304931640625,-0.32117775082588196,-0.7855217456817627,-1.147520899772644
1789317045195260700,14.4992607421875,-0.39325061440467834,-1.1757621765136719,-0.9221307039260864
1789317045205216000,14.509216064453126,-0.0370166078209877,0.1690657138824463,-0.797529399394989
1789317045215171800,14.519171875,0.2652657628059387,0.5366762280464172,0.0070397998206317425
1789317045225126700,14.529126708984375,0.2287740558385849,0.3166525065898895,0.7409332394599915
1789317045235082800,14.539082763671875,0.032647956162691116,0.27935707569122314,0.3880699574947357
1789317045245037800,14.549037841796874,-0.29184862971305847,-0.16862709820270538,0.46067121624946594
1789317045254994000,14.558993896484376,-0.35983115434646606,-0.5123625993728638,0.17671191692352295
1789317045264949800,14.56894970703125,-0.19426481425762177,-1.085422396659851,0.622090220451355
1789317045274904800,14.57890478515625,0.02363928221166134,-0.4299119710922241,0.8945850729942322
1789317045284861000,14.58886083984375,0.3359798789024353,1.428961157798767,-0.09654971212148666
1789317045294815700,14.598815673828126,0.3015555739402771,1.3022987842559814,-0.6761001348495483
1789317045304771800,14.608771728515626,-0.15165451169013977,0.11950668692588806,-1.27259361743927
1789317045314727000,14.618726806640625,-0.596088171005249,-1.3282701969146729,-0.7555305361747742
1789317045324683000,14.62868310546875,-0.45656007528305054,-1.7319530248641968,0.19836661219596863
1789317045334637800,14.638637939453124,0.1937931776046753,0.036490898579359055,0.3630453050136566
1789317045344593700,14.64859375,0.6738426089286804,1.7907776832580566,0.4736644923686981
1789317045354549000,14.658549072265625,0.5366365313529968,1.3278188705444336,-0.06534332036972046
1789317045364504800,14.6685048828125,-0.31629911065101624,0.109273761510849,-0.1180398240685463
1789317045374461000,14.6784609375,-0.7992194294929504,-1.4609744548797607,0.1479116976261139
1789317045384415700,14.688415771484374,-0.48815181851387024,-1.5529475212097168,0.1636935919523239
1789317045394371800,14.698371826171876,0.16912591457366943,0.29209309816360474,0.15523725748062134
1789317045404326700,14.70832666015625,0.6996830105781555,1.9885536432266235,-0.2683086693286896
1789317045414282800,14.71828271484375,0.5706744194030762,1.2915940284729004,-0.6318027377128601
1789317045424237800,14.72823779296875,-0.19326134026050568,-0.4777489900588989,-0.3313542306423187
1789317045434193700,14.738193603515626,-0.7117795944213867,-1.6254297494888306,-0.10237856954336166
1789317045444148700,14.748148681640625,-0.6287824511528015,-0.9064359068870544,0.235603466629982
1789317045454104600,14.7581044921875,0.032941438257694244,0.6637601256370544,0.44367092847824097
1789317045464060700,14.768060791015625,0.511215329170227,1.161171555519104,0.6576921343803406
1789317045474015700,14.778015625,0.31180980801582336,0.6892518997192383,0.805675745010376
1789317045483971600,14.7879716796875,-0.13733015954494476,-0.04659599810838699,0.10997390747070312
1789317045493926700,14.7979267578125,-0.4452027678489685,-0.3397948443889618,-0.8587781190872192
1789317045503882800,14.8078828125,-0.41441529989242554,-0.3716183006763458,-1.2602230310440063
1789317045513837800,14.817837890625,-0.20068436861038208,-0.44727444648742676,-0.473295122385025
1789317045523793700,14.827793701171874,0.15708228945732117,-0.26933667063713074,0.41561585664749146
1789317045533748700,14.837748779296875,0.4004233181476593,0.6854848861694336,0.5281980633735657
1789317045543704800,14.847704833984375,0.4286442995071411,2.077594041824341,-0.2182825356721878
1789317045553659600,14.85765966796875,0.1630922555923462,-0.3945648968219757,-0.47527384757995605
1789317045563615700,14.86761572265625,-0.5693295001983643,-1.6954642534255981,0.08140990138053894
1789317045573571600,14.877571533203126,-0.7296041250228882,-1.6203961372375488,0.9042829871177673
1789317045583526700,14.887526611328125,-0.0021369203459471464,-0.5699250102043152,1.2069193124771118
1789317045593482800,14.897482666015625,0.7355040907859802,2.285393476486206,0.3691767156124115
1789317045603437600,14.9074375,0.7753215432167053,2.083552598953247,-0.44189217686653137
1789317045613393700,14.9173935546875,0.06695772707462311,0.06336645781993866,-1.1121376752853394
1789317045623348700,14.9273486328125,-0.6990451812744141,-1.8248573541641235,-0.7870871424674988
1789317045633304600,14.9373046875,-0.6843525171279907,-1.8945895433425903,-0.06980784237384796
1789317045643259600,14.947259765625,0.11838976293802261,1.6775165796279907,-0.1685304194688797
1789317045653215700,14.9572158203125,0.7688532471656799,1.6789264678955078,0.25449833273887634
1789317045663170800,14.9671708984375,0.5402941107749939,1.1884071826934814,-0.0754777118563652
1789317045673126700,14.977126708984375,-0.17334409058094025,-0.2692098915576935,0.07603538036346436
1789317045683082800,14.987082763671875,-0.37826287746429443,-1.9247056245803833,0.3180887699127197
1789317045693037800,14.997037841796875,-0.09296775609254837,-1.3364735841751099,0.16725397109985352
1789317045702993700,15.00699365234375,0.23754437267780304,0.4290914535522461,0.6199839115142822
1789317045712948700,15.01694873046875,0.5323325991630554,1.7498350143432617,0.20774440467357635
1789317045722904600,15.026904541015625,0.25345757603645325,1.3495664596557617,0.02802950330078602
1789317045732859600,15.036859619140625,-0.28152647614479065,-0.20675423741340637,-0.19099046289920807
1789317045742815700,15.046815673828124,-0.5708669424057007,-1.1028307676315308,-0.5794188976287842
1789317045752770600,15.0567705078125,-0.33466294407844543,-1.052463173866272,-0.3153094947338104
1789317045762726700,15.0667265625,0.2585487365722656,0.07908044010400772,-0.20248040556907654
1789317045772682800,15.076682861328125,0.5851374864578247,1.1326879262924194,-0.12214402109384537
1789317045782637600,15.086637451171875,0.4558897614479065,0.6939483880996704,-0.0758950337767601
1789317045792593700,15.09659375,-0.05987318605184555,-0.4600679874420166,-0.07223744690418243
1789317045802548700,15.106548828125,-0.595122218132019,-1.440700888633728,0.6458884477615356
1789317045812504800,15.1165048828125,-0.5680962204933167,-0.7970020771026611,0.6665860414505005
1789317045822459600,15.126459716796875,-0.11693167686462402,1.0605524778366089,0.317549467086792
1789317045832415700,15.136415771484375,0.29076313972473145,1.3012220859527588,-0.19541050493717194
1789317045842370800,15.146370849609376,0.1183793768286705,0.5415692329406738,-0.6574327349662781
1789317045852326700,15.15632666015625,-0.3108827769756317,-0.9660390615463257,-0.23478081822395325
1789317045862281700,15.16628173828125,-0.3308016359806061,-1.4598079919815063,-0.24802418053150177
1789317045872237600,15.176237548828125,-0.0395900197327137,-0.6076321601867676,-0.08629840612411499
1789317045882194000,15.18619384765625,0.253558486700058,0.5485759973526001,0.12528787553310394
1789317045892148700,15.196148681640626,0.20524422824382782,0.791929304599762,0.4106559753417969
1789317045902104600,15.2061044921875,-0.12962697446346283,0.0803382471203804,0.634053111076355
1789317045912060000,15.216059814453125,-0.4211949110031128,-0.1727675199508667,0.025407088920474052
1789317045922015700,15.226015625,-0.41054677963256836,0.19976717233657837,-0.8123288154602051
1789317045931970600,15.235970458984376,-0.26563459634780884,-0.18577252328395844,-0.8597946166992188
1789317045941926700,15.2459267578125,-0.11897299438714981,-0.591763436794281,-0.24321743845939636
1789317045951881700,15.2558818359375,0.1217927485704422,-0.7889878153800964,0.5228877067565918
1789317045961837800,15.265837890625,0.42754679918289185,0.1544678658246994,0.3651531934738159
1789317045971793700,15.275793701171875,0.40925729274749756,1.2544841766357422,-0.14300616085529327
1789317045981748700,15.285748779296876,-0.1102207824587822,-0.5517563819885254,0.07072370499372482
1789317045991704600,15.29570458984375,-0.8136473894119263,-1.5129636526107788,0.6321127414703369
1789317046001659600,15.30565966796875,-0.7325075268745422,-1.4477391242980957,0.916786253452301
1789317046011615700,15.31561572265625,0.006256830412894487,0.3613731265068054,0.3532142639160156
1789317046021570600,15.325570556640624,0.5029968023300171,1.8635258674621582,-0.4864697754383087
1789317046031527000,15.33552685546875,0.3514198064804077,0.7354249954223633,-0.8553546071052551
1789317046041481700,15.345481689453125,-0.181712806224823,-1.0489599704742432,-0.845647931098938
1789317046051437600,15.3554375,-0.4623636305332184,-2.1145756244659424,-0.16586779057979584
1789317046061393000,15.365392822265624,-0.09011924266815186,-0.6041396856307983,-0.05061923339962959
1789317046071348700,15.3753486328125,0.40692809224128723,1.5093507766723633,-0.012011389248073101
1789317046081304800,15.385304931640626,0.28232595324516296,0.8224640488624573,0.3662530779838562
1789317046091259600,15.395259765625,-0.31916919350624084,-0.039324503391981125,0.43276074528694153
1789317046101215500,15.405215576171875,-0.4585321545600891,-1.3339797258377075,0.3431187570095062
1789317046111170800,15.4151708984375,-0.10376740992069244,-1.2210310697555542,-0.004575577098876238
1789317046121126700,15.425126708984376,0.3191753327846527,-0.0006348976166918874,-0.17538459599018097
1789317046131081700,15.435081787109375,0.4653796851634979,0.467987984418869,0.24549178779125214
1789317046141037800,15.445037841796875,0.27568671107292175,0.49719059467315674,0.14626772701740265
1789317046150992600,15.45499267578125,-0.09684505313634872,0.12083613872528076,-0.1763870120048523
1789317046160948700,15.46494873046875,-0.35938960313796997,-0.21241772174835205,-0.6136019229888916
1789317046170904600,15.474904541015626,-0.3420092761516571,-0.4924001097679138,-0.6607475876808167
1789317046180860000,15.48485986328125,-0.10957922786474228,-0.7673171758651733,0.20349347591400146
1789317046190815700,15.494815673828125,0.24705639481544495,0.0793270468711853,0.4094466269016266
1789317046200770600,15.5047705078125,0.5337116122245789,0.6936485171318054,0.16729897260665894
1789317046210726700,15.5147265625,0.4060042202472687,0.3482900559902191,-0.05474873259663582
1789317046220681700,15.524681640625,-0.06721818447113037,-0.341383159160614,-0.19395428895950317
1789317046230637800,15.534637939453125,-0.43447208404541016,-1.033049464225769,0.43302759528160095
1789317046240592600,15.544592529296875,-0.26251789927482605,-0.4150286316871643,0.24361558258533478
1789317046250548500,15.554548583984374,0.07300683110952377,0.6772546172142029,-0.015340073965489864
1789317046260503800,15.56450390625,0.2573758661746979,0.8568046689033508,-0.104258231818676
1789317046270459600,15.574459716796875,0.2548360228538513,0.3004583716392517,-0.5638865232467651
1789317046280415700,15.584415771484375,0.05220834165811539,-0.7060599327087402,-0.3086475729942322
1789317046290370800,15.594370849609374,0.0015933692920953035,-1.0530935525894165,-0.1080377846956253
1789317046300327000,15.604326904296874,0.04146062582731247,-0.28995537757873535,0.15375228226184845
1789317046310281700,15.61428173828125,0.1555408537387848,0.6691375970840454,0.36181625723838806
1789317046320237600,15.624237548828125,0.23312778770923615,1.1875053644180298,-0.04078364744782448
1789317046330193000,15.63419287109375,0.05775916948914528,0.2922494411468506,0.03166178986430168
1789317046340148700,15.644148681640624,-0.12276267260313034,-0.7598027586936951,0.00830693170428276
1789317046350103600,15.654103515625,-0.1084122285246849,-0.6097522974014282,-0.2255830615758896
1789317046360059600,15.6640595703125,0.20353874564170837,0.23123322427272797,-0.32711660861968994
1789317046370015700,15.674015625,0.44532954692840576,0.49241742491722107,-0.33909738063812256
1789317046379970800,15.683970703125,0.23203615844249725,0.2888150215148926,0.08089938014745712
1789317046389927000,15.693927001953124,-0.05089646950364113,0.22567281126976013,-0.024168718606233597
1789317046399881700,15.7038818359375,-0.15285718441009521,1.0783536434173584,-0.44442832469940186
1789317046409838000,15.713838134765625,-0.05956638976931572,-0.39838865399360657,-0.1634211540222168
1789317046419793000,15.72379296875,-0.12042681127786636,-0.773543119430542,0.45384764671325684
1789317046429749000,15.7337490234375,0.042748529464006424,-0.5020064115524292,1.0507347583770752
1789317046439704000,15.7437041015625,0.4703773558139801,0.21961544454097748,0.7491487860679626
1789317046449660000,15.753659912109375,0.5377087593078613,1.132193684577942,-0.03449006751179695
1789317046459615000,15.763614990234375,0.21754190325737,0.5370927453041077,-0.5215870141983032
1789317046469570800,15.77357080078125,-0.26737791299819946,-0.385917603969574,-0.6577538847923279
1789317046479527000,15.78352685546875,-0.3559333384037018,-0.7869086861610413,-0.4122583866119385
1789317046489482000,15.79348193359375,0.1299196481704712,0.04147021099925041,-0.3780761957168579
1789317046499437800,15.803437744140625,0.6602357029914856,0.7839393019676208,-0.08792027086019516
1789317046509393000,15.813392822265625,0.7869585156440735,0.38690483570098877,0.19020269811153412
1789317046519348700,15.8233486328125,0.4633125364780426,-0.12877023220062256,0.26393842697143555
1789317046529304000,15.833303955078126,0.11589917540550232,-0.6464783549308777,0.4156017303466797
1789317046539260000,15.843260009765626,-0.0765770673751831,-0.4138304591178894,0.6379037499427795
1789317046549214700,15.853214599609375,-0.01731826923787594,0.24487100541591644,0.7988830804824829
1789317046559171000,15.863171142578125,0.2039022594690323,1.0312150716781616,0.5067489743232727
1789317046569127000,15.873126953125,0.3681167662143707,1.607245683670044,-0.41271698474884033
1789317046579082000,15.88308203125,0.3939768671989441,0.5443759560585022,-1.0196242332458496
1789317046589037800,15.893037841796875,0.13275857269763947,-0.6990744471549988,-0.8233910799026489
1789317046598993000,15.902992919921875,-0.006907707080245018,-1.1404396295547485,-0.08778578042984009
1789317046608949000,15.912948974609375,0.2188764214515686,-0.20096905529499054,0.3839484751224518
1789317046618903800,15.92290380859375,0.49830567836761475,2.0832653045654297,0.15858139097690582
1789317046628860000,15.93285986328125,0.4181138873100281,1.4041296243667603,0.05013187602162361
1789317046638815000,15.94281494140625,-0.17342345416545868,0.15966209769248962,0.013508884236216545
1789317046648770800,15.952770751953125,-0.5225114226341248,-1.1565083265304565,0.37271445989608765
1789317046658727000,15.962726806640624,-0.22576814889907837,-1.1643593311309814,0.5212794542312622
1789317046668682000,15.972681884765626,0.36323148012161255,0.39646878838539124,0.21280014514923096
1789317046678638000,15.98263818359375,0.7539156079292297,1.165672779083252,-0.0414089597761631
1789317046688593000,15.992593017578125,0.5654841661453247,0.7818875908851624,-0.5182034969329834
1789317046698549000,16.002549072265627,-0.13042432069778442,-0.4298035800457001,-0.14392441511154175
1789317046708504000,16.012504150390626,-0.5258496999740601,-1.0180226564407349,-0.02742816135287285
1789317046718460000,16.0224599609375,-0.3439387381076813,0.669990599155426,-0.38498178124427795
1789317046728415000,16.0324150390625,0.020710071548819542,0.8701404929161072,-0.0675249844789505
1789317046738370800,16.042370849609377,0.11059708148241043,0.3033790588378906,0.21944980323314667
1789317046748326000,16.052325927734376,-0.07501325756311417,-0.346016526222229,0.6892119646072388
1789317046758282000,16.062281982421876,0.004606469534337521,-0.5661352872848511,0.3444143831729889
1789317046768237800,16.07223779296875,0.1969471573829651,0.4044204354286194,-0.5972332954406738
1789317046778193000,16.08219287109375,0.08670905977487564,-0.05482703074812889,-0.41035690903663635
1789317046788149000,16.09214892578125,-0.2216532975435257,-0.4470374286174774,0.024177242070436478
1789317046798103800,16.102103759765626,-0.36688053607940674,-0.29594138264656067,0.3618287742137909
1789317046808060000,16.112059814453126,-0.12647351622581482,1.5252426862716675,-0.27530694007873535
1789317046818015000,16.122014892578125,0.07924208790063858,1.4330693483352661,-0.8778266310691833
1789317046827971000,16.13197119140625,-0.2263798713684082,-0.4427641034126282,-0.5381302833557129
1789317046837926000,16.14192578125,-0.58527010679245,-1.5174641609191895,0.2932329475879669
1789317046847882000,16.151882080078124,-0.3159041702747345,-1.7016626596450806,1.0872559547424316
1789317046857837800,16.161837890625,0.29980483651161194,-0.03140639141201973,1.002118468284607
1789317046867793000,16.17179296875,0.5833108425140381,1.6926343441009521,0.33176836371421814
1789317046877749000,16.1817490234375,0.1779811829328537,0.955187201499939,-0.25768372416496277
1789317046887703800,16.191703857421874,-0.7354034185409546,-0.3469446301460266,-0.4664854109287262
1789317046897660000,16.201659912109374,-1.1259064674377441,-1.5104576349258423,-0.23936784267425537
1789317046907615000,16.211614990234374,-0.5721372961997986,-0.4114927351474762,-0.6243831515312195
1789317046917570800,16.22157080078125,0.14443200826644897,1.2343800067901611,-0.3605147898197174
1789317046927526000,16.23152587890625,0.44102320075035095,0.394243448972702,0.01955798827111721
1789317046937482000,16.24148193359375,0.003522296901792288,-0.2418544441461563,0.2124888300895691
1789317046947438000,16.25143798828125,-0.38760897517204285,-1.2335975170135498,0.496832937002182
1789317046957393000,16.261392822265623,-0.37121134996414185,-1.1043713092803955,0.09274458140134811
1789317046967348700,16.2713486328125,-0.3254169821739197,0.011826299130916595,0.1674547791481018
1789317046977304000,16.281303955078126,-0.28011420369148254,0.8781952261924744,0.19374683499336243
1789317046987260000,16.291260009765626,-0.3241692781448364,0.8024764657020569,0.045996785163879395
1789317046997215000,16.301215087890625,-0.40421512722969055,-0.028481708839535713,-0.15199139714241028
1789317047007170800,16.3111708984375,-0.41110366582870483,-0.45066437125205994,-0.6217005848884583
1789317047017126000,16.3211259765625,-0.22061653435230255,-0.7089393138885498,-0.683513879776001
1789317047027082000,16.33108203125,0.00908777117729187,-0.614626944065094,-0.30434098839759827
1789317047037036800,16.341036865234376,0.04008563235402107,-0.13664093613624573,0.2221212089061737
1789317047046993000,16.350992919921875,0.02081340178847313,-0.18358154594898224,0.5951576232910156
1789317047056949000,16.360948974609375,-0.1726817637681961,-0.008842493407428265,0.5227428078651428
1789317047066903800,16.37090380859375,-0.44019415974617004,-0.025190308690071106,0.49310237169265747
1789317047076860000,16.38085986328125,-0.4921764135360718,-0.2686501145362854,0.22956395149230957
1789317047086815000,16.39081494140625,-0.3977143466472626,-0.021616345271468163,-0.15457412600517273
1789317047096771000,16.40077099609375,-0.17780807614326477,0.1412665843963623,-0.39621230959892273
1789317047106726000,16.410725830078125,0.1226729229092598,-0.24194419384002686,-0.5948367118835449
1789317047116681700,16.420681640625,0.1686910092830658,-0.5454564094543457,-0.34762588143348694
1789317047126637000,16.430636962890624,0.0638735219836235,-0.36927658319473267,-0.10243529826402664
1789317047136593000,16.440593017578124,-0.03452788293361664,0.3428468406200409,-0.04103744775056839
1789317047146549000,16.450549072265623,-0.24844495952129364,0.12713158130645752,0.24379535019397736
1789317047156503800,16.46050390625,-0.44882839918136597,-0.03622245416045189,0.3589988946914673
1789317047166460200,16.470460205078126,-0.4172648787498474,-0.3232704699039459,0.6563003659248352
1789317047176415000,16.4804150390625,-0.09776357561349869,-0.3253863453865051,0.6399024724960327
1789317047186370800,16.490370849609373,0.24717330932617188,0.02791924960911274,0.2629126012325287
1789317047196326100,16.500326171875,0.3553599715232849,0.015380820259451866,0.0589677132666111
1789317047206282000,16.510281982421876,0.25182291865348816,0.0007275756215676665,-0.6172690987586975
1789317047216236800,16.52023681640625,-0.06059224158525467,-0.3000018894672394,-0.6970014572143555
1789317047226193000,16.53019287109375,-0.23847195506095886,-0.18507450819015503,-0.8503491878509521
1789317047236148700,16.540148681640623,-0.256764680147171,1.4588271379470825,-0.8670703768730164
1789317047246104000,16.55010400390625,0.02942180447280407,0.45588311553001404,-0.49477270245552063
1789317047256060000,16.560059814453126,-0.00424374733120203,-0.551344633102417,0.027479827404022217
1789317047266014700,16.5700146484375,-0.08531302958726883,-0.9323204755783081,0.82024085521698
1789317047275970800,16.579970703125,0.29342442750930786,-1.1227556467056274,1.0569018125534058
1789317047285926000,16.58992578125,0.4868069291114807,0.17273874580860138,0.6826035976409912
1789317047295882000,16.599882080078125,0.3196701407432556,0.8330644965171814,0.49819302558898926
1789317047305836800,16.6098369140625,-0.01930898241698742,0.3817391097545624,0.07142172008752823
1789317047315793000,16.61979296875,-0.4152142405509949,0.12187850475311279,-0.3314463794231415
1789317047325748000,16.629748046875,-0.3496868908405304,0.2520681917667389,-1.0414187908172607
1789317047335703800,16.639703857421875,0.08812692761421204,-0.08227569609880447,-1.103408932685852
1789317047345660000,16.649659912109374,0.45932817459106445,-0.7362801432609558,-0.1745113581418991
1789317047355615000,16.659614990234374,0.5378559827804565,-0.5466657280921936,0.7003223896026611
1789317047365571000,16.669571044921874,0.4243587255477905,0.8400118947029114,0.8541460633277893
1789317047375526000,16.67952587890625,0.2735753655433655,1.21161949634552,0.38188424706459045
1789317047385481700,16.689481689453125,-0.21753312647342682,-0.18162864446640015,0.14801689982414246
1789317047395436800,16.699436767578124,-0.843773603439331,-0.40864288806915283,0.3135935962200165
1789317047405393000,16.709392822265624,-0.506808340549469,-0.38395458459854126,0.10192316770553589
1789317047415347700,16.71934765625,0.3902745246887207,0.2924901843070984,-0.4518148601055145
1789317047425303800,16.7293037109375,0.9157508611679077,0.8440337777137756,-0.7944656610488892
1789317047435260000,16.739260009765626,0.765032947063446,0.2321634590625763,-0.5161494016647339
1789317047445214700,16.749214599609374,0.29270216822624207,-0.37359941005706787,-0.4031466543674469
1789317047455170800,16.7591708984375,-0.20924510061740875,0.5767024755477905,-0.20004121959209442
1789317047465126000,16.7691259765625,-0.44167619943618774,-0.7967445254325867,0.44417107105255127
1789317047475081700,16.779081787109376,-0.5461664199829102,-0.6411453485488892,1.2144256830215454
1789317047485036800,16.789036865234376,-0.0989079400897026,-0.08944252878427505,1.5590184926986694
1789317047494992600,16.79899267578125,0.5344415903091431,0.2382485270500183,1.193833827972412
1789317047504948000,16.808947998046875,0.5672567486763,0.12967224419116974,0.8473408818244934
1789317047514903800,16.81890380859375,0.16943590342998505,-0.37768763303756714,0.3222363591194153
1789317047524860000,16.82885986328125,-0.08225918561220169,5.396642684936523,-2.3846797943115234
1789317047534814700,16.838814697265626,-0.4809245467185974,-1.392297387123108,-3.817927837371826
1789317047544770800,16.848770751953126,-1.3506783246994019,-2.0855352878570557,-2.7974655628204346
1789317047554726000,16.858725830078125,-1.2233589887619019,0.12944799661636353,-0.5536764860153198
1789317047564681700,16.868681640625,0.5964980125427246,-1.5955016613006592,2.1119136810302734
1789317047574636800,16.87863671875,1.729341983795166,1.2307676076889038,1.7896463871002197
1789317047584593000,16.888593017578124,1.1490813493728638,2.011337995529175,2.328400135040283
1789317047594547700,16.898547607421875,0.18662500381469727,-0.885316789150238,2.6164886951446533
1789317047604503800,16.90850390625,-0.8995774388313293,-1.7297492027282715,1.0775772333145142
1789317047614459600,16.918459716796875,-1.6412066221237183,-0.48146384954452515,0.6091163158416748
1789317047624414700,16.928414794921874,-0.9328600764274597,0.48859816789627075,-0.16191940009593964
1789317047634370800,16.938370849609374,0.10544786602258682,1.3150769472122192,-0.8385255336761475
1789317047644325600,16.94832568359375,0.49410533905029297,1.356107234954834,-0.8171725869178772
1789317047654281700,16.95828173828125,0.567021369934082,-0.5562126636505127,-0.5519758462905884
1789317047664236800,16.96823681640625,0.37336212396621704,-2.383314847946167,0.34125134348869324
1789317047674193000,16.97819287109375,0.2238759696483612,1.8806880712509155,-0.07336316257715225
1789317047684147700,16.988147705078124,0.291289359331131,1.2118169069290161,-0.13358202576637268
1789317047694103800,16.998103759765623,-0.45096105337142944,-0.8127253651618958,-0.05842948704957962
1789317047704059000,17.008058837890626,-1.4229499101638794,-0.5191715359687805,0.30305016040802
1789317047714014700,17.0180146484375,-0.8372762799263,-0.9628621339797974,0.04441433772444725
1789317047723970800,17.027970703125,0.39376142621040344,1.6109142303466797,-1.4046156406402588
1789317047733926000,17.03792578125,0.7223190665245056,0.5849739909172058,0.06485249847173691
1789317047743881700,17.0478818359375,0.11138271540403366,-1.8511230945587158,3.4450814723968506
1789317047753836800,17.0578369140625,-0.30127355456352234,-2.3591630458831787,4.331066131591797
1789317047763792600,17.067792724609376,0.10676159709692001,1.5449987649917603,2.3535563945770264
1789317047773747700,17.077747802734375,0.39315155148506165,1.0793403387069702,0.5255484580993652
1789317047783703800,17.087703857421875,-0.4869864284992218,0.015388810075819492,-0.8034821152687073
1789317047793658600,17.09765869140625,-1.4274564981460571,-0.810242235660553,-0.86515873670578
1789317047803615000,17.107614990234374,-0.9678289294242859,-1.8248416185379028,-1.177714228630066
1789317047813570800,17.11757080078125,0.3991822898387909,5.77392578125,-3.832855224609375
1789317047823526000,17.12752587890625,0.9181910753250122,-0.44112253189086914,-4.660028457641602
1789317047833481700,17.137481689453125,-0.5159187316894531,-2.5811471939086914,-2.2713077068328857
1789317047843436800,17.147436767578125,-1.5745636224746704,-2.5222439765930176,1.2849032878875732
1789317047853393000,17.157392822265624,-0.563003420829773,-1.1485790014266968,3.142585039138794
1789317047863347700,17.16734765625,0.986422598361969,2.424278736114502,2.4342458248138428
1789317047873303800,17.1773037109375,0.9993863701820374,1.2170525789260864,1.9237279891967773
1789317047883259000,17.1872587890625,-0.4485391676425934,-0.38897305727005005,1.993909239768982
1789317047893214700,17.197214599609374,-1.3969459533691406,-2.02816104888916,1.0867854356765747
1789317047903170800,17.2071708984375,-0.9941979646682739,-2.0351996421813965,-0.800675094127655
1789317047913125600,17.217125732421874,0.1737678050994873,1.6452116966247559,-3.019346237182617
1789317047923082000,17.22708203125,0.5450177788734436,1.6516571044921875,-3.340754270553589
1789317047933036800,17.237036865234376,0.24479296803474426,0.5258470177650452,-3.223249912261963
1789317047942992600,17.24699267578125,-0.14828453958034515,-1.8382642269134521,-1.6997194290161133
1789317047952948000,17.256947998046876,-0.19399318099021912,-0.5380951762199402,-0.5446140170097351
1789317047962903800,17.26690380859375,0.2814553678035736,0.5303483009338379,0.5455011129379272
1789317047972859000,17.27685888671875,0.1636057049036026,-0.8836275339126587,1.6590116024017334
1789317047982814700,17.286814697265626,-0.7013775706291199,0.4407731294631958,1.8997446298599243
1789317047992770800,17.296770751953126,-0.6824925541877747,-1.5009692907333374,1.8766307830810547
1789317048002726000,17.306725830078125,-0.26615604758262634,-2.7415692806243896,1.5762970447540283
1789317048012681700,17.316681640625,0.02430187724530697,-1.3208115100860596,1.0302430391311646
1789317048022636800,17.32663671875,0.5571373105049133,1.159765362739563,-0.6392800807952881
1789317048032593000,17.336593017578124,0.6860100626945496,1.8760550022125244,-2.1788995265960693
1789317048042547700,17.346547607421876,0.03550979122519493,0.11381365358829498,-2.789109945297241
1789317048052503800,17.35650390625,-0.9080473780632019,-1.3689910173416138,-2.264158010482788
1789317048062459000,17.366458984375,-0.9689224362373352,3.308340311050415,-2.4469475746154785
1789317048072415000,17.3764150390625,0.046973101794719696,-1.366414189338684,-1.9254378080368042
1789317048082370800,17.386370849609374,-0.17373770475387573,-2.6202778816223145,0.25760143995285034
1789317048092325600,17.39632568359375,-0.6516501903533936,-1.4304141998291016,2.8176450729370117
1789317048102281700,17.40628173828125,0.2515597939491272,-1.4133116006851196,3.6218578815460205
1789317048112236800,17.41623681640625,1.037076473236084,1.3724459409713745,2.5016331672668457
1789317048122193000,17.42619287109375,0.8369260430335999,2.4170918464660645,1.1060787439346313
1789317048132147700,17.436147705078124,-0.09656169265508652,0.005591306835412979,-0.11219657957553864
1789317048142103800,17.446103759765624,-1.2492635250091553,-1.0326976776123047,-0.8959174752235413
1789317048152059000,17.456058837890627,-1.1572353839874268,-1.361121416091919,-1.2341862916946411
1789317048162014700,17.4660146484375,0.146201953291893,-0.2926531732082367,-1.9631414413452148
1789317048171969800,17.4759697265625,1.1924493312835693,1.889910101890564,-2.1471779346466064
1789317048181926000,17.48592578125,1.462750792503357,1.5350170135498047,-1.5680841207504272
1789317048191882000,17.495882080078125,0.875025749206543,-0.19996531307697296,-0.6335223317146301
1789317048201836800,17.5058369140625,-0.028598621487617493,-1.0355275869369507,0.6840973496437073
1789317048211792600,17.515792724609376,-0.17766612768173218,-1.2368865013122559,1.4430559873580933
1789317048221748000,17.525748046875,0.1385328471660614,-0.8724449276924133,1.8839677572250366
1789317048231703800,17.535703857421876,0.42445486783981323,0.7932470440864563,1.6418001651763916
1789317048241658600,17.54565869140625,0.7258826494216919,1.3915711641311646,0.945764422416687
1789317048251614700,17.55561474609375,0.8062448501586914,0.09545248746871948,0.5347480773925781
1789317048261569800,17.56556982421875,0.5205259919166565,-0.39930450916290283,-0.18886765837669373
1789317048271526000,17.57552587890625,0.2778848707675934,0.15347051620483398,-0.8912377953529358
1789317048281481700,17.585481689453125,0.3893416225910187,0.48540452122688293,-1.0850621461868286
1789317048291436800,17.595436767578125,0.4873557984828949,0.5814189314842224,-0.39611539244651794
1789317048301393000,17.605392822265625,0.5518826246261597,0.6733259558677673,0.08019949495792389
1789317048311347700,17.61534765625,0.5618287324905396,0.9217783808708191,-0.20193365216255188
1789317048321303800,17.6253037109375,0.48146650195121765,0.7463881969451904,-0.6144482493400574
1789317048331259000,17.6352587890625,0.37964531779289246,-0.13838957250118256,-0.5106012225151062
1789317048341215000,17.645215087890627,0.2750057280063629,-0.6470498442649841,0.26235705614089966
1789317048351169800,17.655169677734374,0.3734508156776428,-0.018518555909395218,0.7597261071205139
1789317048361125600,17.665125732421874,0.7021056413650513,1.4475723505020142,0.30229753255844116
1789317048371081700,17.675081787109374,0.9129694104194641,0.9725198149681091,-0.29936566948890686
1789317048381036800,17.685036865234373,0.4936981201171875,-0.0730944499373436,-0.4198950231075287
1789317048390993000,17.694992919921877,-0.0356685146689415,-1.0149847269058228,0.1419622004032135
1789317048400947700,17.70494775390625,0.0009930927772074938,-0.9001862406730652,0.18132291734218597
1789317048410903800,17.71490380859375,0.22781266272068024,0.42778462171554565,0.3234576880931854
1789317048420859000,17.72485888671875,0.34908103942871094,1.7529051303863525,0.1102636530995369
1789317048430815000,17.73481494140625,0.20911912620067596,1.395924687385559,-0.10809770971536636
1789317048440769800,17.744769775390626,-0.17664428055286407,-0.11930109560489655,-0.07205715030431747
1789317048450726100,17.75472607421875,-0.479049950838089,-0.9573102593421936,-0.16095666587352753
1789317048460682000,17.764681884765626,-0.408478319644928,-0.6634429693222046,0.05091244727373123
1789317048470636800,17.77463671875,0.03116058185696602,0.32083553075790405,-0.08059471100568771
1789317048480593000,17.784593017578125,0.1540372371673584,0.8870800733566284,-0.10719223320484161
1789317048490548000,17.7945478515625,-0.22012624144554138,0.7254993915557861,0.06570311635732651
1789317048500504000,17.804504150390624,-0.47604137659072876,1.132322072982788,-0.7553070783615112
1789317048510459000,17.814458984375,-0.6406092643737793,0.7060942649841309,-0.7693262696266174
1789317048520414700,17.824414794921875,-0.6895667314529419,-1.7416961193084717,-0.1916852742433548
1789317048530370000,17.8343701171875,-0.7959074974060059,-1.974191427230835,0.908866286277771
1789317048540326000,17.844325927734374,-0.3533306419849396,-0.937481164932251,1.5162683725357056
1789317048550282000,17.854281982421874,0.270967572927475,0.7289261221885681,1.033861756324768
1789317048560237000,17.864237060546873,0.22388716042041779,1.8213049173355103,0.29098203778266907
1789317048570193000,17.87419287109375,-0.44397053122520447,0.6255515217781067,-0.5458225607872009
1789317048580148000,17.88414794921875,-1.2822470664978027,-1.3136526346206665,-0.6344025135040283
1789317048590103800,17.894103759765624,-1.534846544265747,-1.9214470386505127,-0.11653672903776169
1789317048600059100,17.90405908203125,-0.8003481030464172,-0.2373712807893753,-0.41542622447013855
1789317048610015000,17.914014892578123,0.1856212615966797,1.3659443855285645,-0.645112931728363
1789317048619969800,17.9239697265625,0.49475887417793274,1.0438917875289917,-0.6492344737052917
1789317048629926000,17.93392578125,-0.05054200440645218,-0.21792301535606384,-0.4331391751766205
1789317048639881700,17.9438818359375,-0.7476949691772461,-1.9329582452774048,0.42823338508605957
1789317048649837000,17.953837158203125,-0.9204339981079102,-1.9503414630889893,0.7651490569114685
1789317048659793000,17.96379296875,-0.6176539063453674,-0.2260057032108307,0.7354686856269836
1789317048669747700,17.973747802734376,-0.20072057843208313,0.9895963072776794,0.5057518482208252
1789317048679704000,17.9837041015625,-0.14278511703014374,1.248678207397461,-0.21076177060604095
1789317048689659000,17.993658935546875,-0.4110996723175049,0.2765684723854065,-0.7451100945472717
1789317048699615000,18.003614990234375,-0.48668229579925537,-0.7092863321304321,-1.8278552293777466
1789317048709570000,18.013570068359375,-0.45180395245552063,-0.5423617959022522,-1.794482707977295
1789317048719526000,18.02352587890625,-0.24746306240558624,-1.355163335800171,-0.5204298496246338
1789317048729481000,18.03348095703125,-0.08849257975816727,-0.9438765048980713,0.8263152241706848
1789317048739436800,18.043436767578125,0.07631713896989822,-0.43422096967697144,1.8218075037002563
1789317048749393000,18.053392822265625,0.2202085256576538,-0.14409539103507996,1.7695757150650024
1789317048759348000,18.063347900390625,0.01691693253815174,-0.07258498668670654,1.394993543624878
1789317048769304000,18.073303955078124,-0.3312612771987915,-0.28720220923423767,0.8347140550613403
1789317048779259000,18.0832587890625,-0.41375723481178284,-0.38577431440353394,-0.14640967547893524
1789317048789215000,18.093215087890623,-0.18258552253246307,-0.09122738242149353,-1.1778956651687622
1789317048799170000,18.103170166015627,0.17479658126831055,0.003908987622708082,-1.778337001800537
1789317048809126000,18.1131259765625,0.3651297688484192,-0.26268887519836426,-1.7535635232925415
1789317048819082000,18.12308203125,0.2506687045097351,-0.4662470519542694,-0.9346417188644409
1789317048829037000,18.133037109375,0.17774122953414917,-0.14881370961666107,-0.2263260781764984
1789317048838993000,18.142992919921873,0.20899182558059692,-0.19740894436836243,0.3527572453022003
1789317048848948000,18.152947998046876,0.022961242124438286,0.8822437524795532,0.8536145091056824
1789317048858903800,18.16290380859375,-0.015278289094567299,0.4125654697418213,0.8139309883117676
1789317048868859000,18.17285888671875,-0.062198393046855927,-1.3010109663009644,0.7695419788360596
1789317048878815000,18.18281494140625,-0.1876671016216278,-1.7097810506820679,1.0741080045700073
1789317048888769800,18.192769775390627,0.11536520719528198,-1.4417752027511597,1.3945562839508057
1789317048898726000,18.202725830078126,0.6664597988128662,0.12249502539634705,0.6258069276809692
1789317048908681000,18.212680908203126,0.7941200137138367,1.6125285625457764,-0.4346771538257599
1789317048918637000,18.222636962890626,0.30121976137161255,1.6616284847259521,-1.393916130065918
1789317048928593000,18.232593017578125,-0.36947205662727356,0.25010597705841064,-1.7488038539886475
1789317048938548000,18.2425478515625,-0.5054988861083984,-1.627193570137024,-1.317652702331543
1789317048948504000,18.252504150390624,-0.15179245173931122,-1.6131757497787476,-0.2797144651412964
1789317048958459000,18.262458984375,0.6675708293914795,0.32580259442329407,0.4275745153427124
1789317048968415000,18.2724150390625,1.3375121355056763,0.6133065819740295,0.560904860496521
1789317048978370000,18.2823701171875,0.9831394553184509,0.4781375527381897,0.6081847548484802
1789317048988326000,18.292325927734375,0.24050794541835785,-0.46806707978248596,0.5527873039245605
1789317048998281000,18.302281005859374,-0.090481698513031,-1.2275795936584473,0.052497830241918564
1789317049008236800,18.31223681640625,-0.05904361233115196,-0.8103637099266052,0.0390709713101387
1789317049018193000,18.32219287109375,0.29850414395332336,-0.07808361947536469,0.2824532687664032
1789317049028148000,18.33214794921875,0.6851751208305359,0.46431148052215576,0.5859692096710205
1789317049038103800,18.342103759765624,0.935537576675415,1.7024781703948975,-0.38410213589668274
1789317049048059000,18.352058837890624,0.8672330975532532,2.6969850063323975,-2.0462334156036377
1789317049058015000,18.362014892578124,0.27047330141067505,-1.3636043071746826,-2.382464647293091
1789317049067969800,18.3719697265625,-0.35421186685562134,-1.9114100933074951,-1.4090948104858398
1789317049077926000,18.38192578125,0.20214776694774628,-0.7389185428619385,0.08206983655691147
1789317049087881000,18.391880859375,1.3869407176971436,-0.07252613455057144,1.42701256275177
1789317049097837000,18.401837158203126,1.6256904602050781,-0.1907137632369995,2.3194973468780518
1789317049107793000,18.41179296875,0.9579451680183411,0.30732905864715576,2.0858330726623535
1789317049117748000,18.421748046875,0.30968010425567627,0.11790533363819122,0.852146565914154
1789317049127703800,18.431703857421876,-0.20448683202266693,0.2905985414981842,-0.6859469413757324
1789317049137659000,18.441658935546876,-0.49070101976394653,0.44662222266197205,-1.443296194076538
1789317049147615000,18.451614990234376,-0.21298204362392426,0.6816241145133972,-1.560546636581421
1789317049157569800,18.46156982421875,0.39107242226600647,1.153764247894287,-1.111735224723816
1789317049167526000,18.47152587890625,0.983660101890564,-0.12579575181007385,-0.15051893889904022
1789317049177481000,18.48148095703125,1.2396154403686523,-1.3745146989822388,0.5983744859695435
1789317049187436800,18.491436767578126,0.9433544874191284,-0.7999480962753296,1.0330688953399658
1789317049197393000,18.501392822265625,0.4974382817745209,1.0827206373214722,0.917898952960968
1789317049207348000,18.511347900390625,0.08518067747354507,1.3562922477722168,0.6126700639724731
1789317049217304000,18.521303955078125,-0.5022878646850586,1.6767778396606445,0.1929689198732376
1789317049227259000,18.5312587890625,-0.581450879573822,1.2289470434188843,-0.34961578249931335
1789317049237214700,18.541214599609376,0.11132226139307022,-0.005005411338061094,-1.0525838136672974
1789317049247170000,18.551170166015623,0.9379439949989319,-0.6298666000366211,-1.344914197921753
1789317049257126000,18.5611259765625,1.4674140214920044,-1.0191432237625122,-0.6135052442550659
1789317049267081000,18.5710810546875,1.4386694431304932,-1.0732253789901733,0.7770411372184753
1789317049277036800,18.581036865234374,0.7851781845092773,-0.06575770676136017,2.162322759628296
1789317049286993200,18.5909931640625,0.07466278225183487,1.2330718040466309,2.5087358951568604
1789317049296948000,18.600947998046873,-0.42751672863960266,2.466643810272217,1.5536338090896606
1789317049306903800,18.61090380859375,-0.5890475511550903,2.8002049922943115,-0.34706100821495056
1789317049316859000,18.62085888671875,-0.4706122577190399,0.13911688327789307,-1.5867347717285156
1789317049326815000,18.63081494140625,-0.12667565047740936,-1.5098093748092651,-2.050835371017456
1789317049336769800,18.640769775390623,0.6456471681594849,-1.6029430627822876,-1.5779634714126587
1789317049346726000,18.650725830078127,1.6557426452636719,0.15454882383346558,-0.9429560899734497
1789317049356681000,18.660680908203126,1.906034231185913,2.0964267253875732,-0.4784584641456604
1789317049366637000,18.670636962890626,1.0864757299423218,0.323718398809433,0.4303404688835144
1789317049376593000,18.680593017578126,-0.22953732311725616,-1.270949125289917,1.4044557809829712
1789317049386547700,18.690547607421873,-0.9326949119567871,-1.0223129987716675,1.7996121644973755
1789317049396504000,18.700504150390625,-0.5205428004264832,2.0499463081359863,1.1947646141052246
1789317049406459100,18.710459228515624,0.3156495690345764,2.1906843185424805,0.1365051120519638
1789317049416415000,18.7204150390625,0.3205313980579376,1.5234363079071045,-0.5012098550796509
1789317049426370000,18.7303701171875,0.18299192190170288,-0.825026273727417,-0.09613984823226929
1789317049436326100,18.740326171875,0.410163551568985,-2.8274569511413574,0.4288879632949829
1789317049446281200,18.75028125,0.5951080918312073,-0.6562689542770386,0.41784197092056274
1789317049456237000,18.760237060546874,1.1024326086044312,4.092423915863037,-0.7141804099082947
1789317049466193200,18.770193115234374,0.836018979549408,1.0445045232772827,-0.7345687747001648
1789317049476148200,18.780148193359373,-0.8110345602035522,0.12344098091125488,-0.6626048684120178
1789317049486104000,18.79010400390625,-1.6025614738464355,-0.7043150067329407,-0.3448767066001892
1789317049496059100,18.80005908203125,-0.597138524055481,-1.1918548345565796,-0.7344548106193542
1789317049506015000,18.810014892578124,0.6304858326911926,1.472328543663025,-0.8065090179443359
1789317049515970000,18.819969970703124,1.3820581436157227,0.8995774388313293,0.3034621477127075
1789317049525926100,18.829926025390623,1.1412782669067383,-0.8096163868904114,1.6638362407684326
1789317049535881000,18.839880859375,0.21133461594581604,-0.8682341575622559,2.037432909011841
1789317049545837000,18.849837158203126,-0.2443341165781021,0.6121185421943665,1.3382691144943237
1789317049555793200,18.859793212890626,-0.2261795997619629,0.31753456592559814,0.7298824191093445
1789317049565748000,18.869748046875,-0.5256488919258118,0.6619281768798828,0.516146719455719
1789317049575704000,18.8797041015625,-0.4950949549674988,0.7216487526893616,0.2313075214624405
1789317049585659100,18.8896591796875,0.17300640046596527,0.2408064901828766,-0.7702122926712036
1789317049595615200,18.899615234375,0.7146632671356201,0.25430259108543396,-1.5008600950241089
1789317049605570000,18.909570068359375,0.9153742790222168,0.15398770570755005,-1.585372805595398
1789317049615526100,18.919526123046875,0.8224592208862305,1.2208598852157593,-1.4558625221252441
1789317049625481200,18.929481201171875,0.39633244276046753,0.7573997974395752,-0.6494046449661255
1789317049635437000,18.93943701171875,-0.2653757333755493,-1.137645959854126,0.574195921421051
1789317049645393200,18.94939306640625,-0.6887930631637573,-1.3474092483520508,1.8600102663040161
1789317049655348000,18.959347900390625,-0.2829539477825165,0.17009343206882477,2.16059947013855
1789317049665304000,18.969303955078125,0.5055497288703918,2.7437424659729004,1.3114715814590454
1789317049675259100,18.979259033203125,0.7304039001464844,1.3728702068328857,0.41240382194519043
1789317049685215000,18.989215087890624,0.13865508139133453,-0.5205619931221008,-0.08417399972677231
1789317049695170000,18.999170166015624,-0.2748320996761322,-2.075968027114868,-0.05338253080844879
1789317049705126100,19.009126220703124,0.0070885359309613705,-1.7442586421966553,-0.13885748386383057
1789317049715081000,19.0190810546875,0.5135887265205383,0.6261382102966309,-0.2711643874645233
1789317049725037000,19.029037109375,0.7073087096214294,2.4101974964141846,-0.31104576587677
1789317049734992100,19.0389921875,0.3382595479488373,1.7224010229110718,-0.14645680785179138
1789317049744948200,19.0489482421875,-0.40297460556030273,0.1067219153046608,0.03193476423621178
1789317049754904000,19.058904052734373,-0.78968745470047,0.20271235704421997,-0.4279177784919739
1789317049764859100,19.068859130859376,-0.3162354528903961,0.5246107578277588,-0.5761831402778625
1789317049774815000,19.07881494140625,0.24025681614875793,-0.7983635067939758,0.13906627893447876
1789317049784770000,19.08877001953125,0.25376302003860474,-0.3362850844860077,1.1432510614395142
1789317049794726100,19.09872607421875,0.4483277201652527,-0.1344241201877594,1.4591368436813354
1789317049804681000,19.108680908203127,0.6279091835021973,0.5907791256904602,0.31534916162490845
1789317049814637300,19.11863720703125,0.26101455092430115,1.3899199962615967,-0.6992456912994385
1789317049824592100,19.128592041015626,-0.3688134551048279,0.3510459065437317,-1.1528619527816772
1789317049834548000,19.1385478515625,-1.0234730243682861,-0.7172220349311829,-0.1523277461528778
1789317049844504000,19.148504150390625,-0.8965369462966919,-0.7864924669265747,0.7901609539985657
1789317049854459100,19.158459228515625,-0.04831986129283905,1.7426197528839111,0.5912832617759705
1789317049864415200,19.168415283203124,0.591387152671814,3.021012783050537,-0.08755248785018921
1789317049874370000,19.1783701171875,0.2850690186023712,0.4621572494506836,-0.6533751487731934
1789317049884326000,19.188325927734375,-0.644737184047699,-2.090179920196533,-0.007865379564464092
1789317049894281200,19.19828125,-0.9051011204719543,-3.4764811992645264,1.018038272857666
1789317049904237000,19.208237060546875,-0.24261637032032013,0.3905254006385803,0.5722938776016235
1789317049914193200,19.218193115234374,0.6863493323326111,4.097297668457031,-0.27849581837654114
1789317049924148000,19.22814794921875,0.40836966037750244,1.0844727754592896,-0.8311733603477478
1789317049934104000,19.23810400390625,-1.1234134435653687,-0.7724496126174927,-0.7529142498970032
1789317049944059100,19.24805908203125,-1.587213158607483,-3.1516494750976562,0.21924953162670135
1789317049954015000,19.258014892578124,-0.640326738357544,-1.5643285512924194,-0.07250455766916275
1789317049963970300,19.26797021484375,0.36246687173843384,1.764680027961731,0.502021312713623
1789317049973926100,19.277926025390624,0.721176266670227,1.3207974433898926,1.1809931993484497
1789317049983881000,19.287880859375,-0.04442419111728668,0.7713454365730286,1.0624054670333862
1789317049993837000,19.297837158203127,-0.8819025754928589,-0.4866447448730469,0.5392422080039978
1789317050003792100,19.307792236328126,-0.9518148303031921,-1.2862210273742676,-0.8399386405944824
1789317050013748200,19.317748291015626,-0.7415518760681152,-0.46875256299972534,-1.2510446310043335
1789317050023704000,19.3277041015625,-0.2590494155883789,0.34857022762298584,-0.8646897673606873
1789317050033659000,19.337658935546877,0.2199067920446396,0.5208711624145508,-0.3732348382472992
1789317050043615000,19.347614990234376,0.24612748622894287,0.9326573610305786,-0.26832813024520874
1789317050053570000,19.357570068359376,0.03886084631085396,1.863226056098938,-0.7915708422660828
1789317050063526100,19.367526123046876,-0.3846456706523895,-0.9138256311416626,-0.7044305801391602
1789317050073481000,19.37748095703125,-1.1386475563049316,-1.900063157081604,0.4239043891429901
1789317050083437000,19.38743701171875,-1.1789186000823975,-1.7251781225204468,1.9092262983322144
1789317050093392100,19.39739208984375,-0.3595712184906006,-0.35872194170951843,2.2271008491516113
1789317050103348000,19.407347900390626,0.2431253045797348,1.9698454141616821,1.5193208456039429
1789317050113304000,19.417303955078125,0.19980871677398682,2.1968390941619873,0.25434574484825134
1789317050123259100,19.427259033203125,-0.3883221745491028,0.7782744765281677,-1.7606866359710693
1789317050133215200,19.43721533203125,-1.0826295614242554,-1.1643329858779907,-2.586747169494629
1789317050143170000,19.447170166015624,-1.0933866500854492,-2.4984307289123535,-2.0003676414489746
1789317050153126000,19.4571259765625,-0.49790140986442566,-1.6265476942062378,-0.6327095627784729
1789317050163081200,19.467081298828123,0.29371097683906555,2.5564942359924316,0.44389382004737854
1789317050173037000,19.477037109375,0.8514708876609802,2.403017282485962,0.7629727721214294
1789317050182992000,19.486991943359374,0.06066228076815605,0.12764132022857666,1.2197051048278809
1789317050192948200,19.4969482421875,-1.164825677871704,-1.9369274377822876,1.8102147579193115
1789317050202904000,19.506904052734374,-1.304119348526001,-2.5932669639587402,1.3071972131729126
1789317050212859100,19.516859130859373,-0.5312468409538269,5.052696228027344,-0.6272114515304565
1789317050222815000,19.52681494140625,0.3161776661872864,2.97590708732605,-1.3192870616912842
1789317050232770000,19.53677001953125,-0.08314575254917145,-1.0137267112731934,-1.5497435331344604
1789317050242726100,19.54672607421875,-0.8772383332252502,-3.0747387409210205,-0.47999057173728943
1789317050252681000,19.556680908203123,-0.35584625601768494,-4.224915027618408,0.34125906229019165
1789317050262637000,19.566636962890627,0.6141997575759888,-1.1749619245529175,0.1972302496433258
1789317050272592100,19.576592041015626,0.9614093899726868,10.392239570617676,-0.8701929450035095
1789317050282548200,19.58654833984375,0.12679550051689148,-3.6998109817504883,-2.567288637161255
1789317050292504000,19.596504150390626,-2.354836940765381,-0.7566772699356079,-0.5494551062583923
1789317050302459000,19.606458984375,-2.091714859008789,-1.5094083547592163,2.107022762298584
1789317050312415200,19.616415283203125,0.5343611240386963,-3.9686872959136963,2.787970542907715
1789317050322370000,19.6263701171875,1.7253429889678955,0.12527109682559967,2.260115146636963
1789317050332326100,19.636326171875,1.392668604850769,4.2235107421875,1.0738470554351807
1789317050342281200,19.64628125,0.49661535024642944,2.751746892929077,-1.1183862686157227
1789317050352237000,19.656237060546875,-1.4959570169448853,-0.4558793902397156,-3.3703677654266357
1789317050362192100,19.666192138671875,-2.704972743988037,-2.0392942428588867,-2.3199684619903564
1789317050372148000,19.67614794921875,-2.0559134483337402,-2.435063123703003,-0.6464261412620544
1789317050382104000,19.68610400390625,-0.33914637565612793,-1.209370493888855,1.5689678192138672
1789317050392059000,19.696058837890625,1.116961121559143,1.0486042499542236,2.7281289100646973
1789317050402014700,19.7060146484375,1.8041845560073853,0.9237014651298523,2.292224884033203
1789317050411969800,19.7159697265625,0.9130709171295166,0.5770907402038574,1.1396985054016113
1789317050421926000,19.72592578125,-0.7367605566978455,2.4887375831604004,-1.9650615453720093
1789317050431881000,19.735880859375,-2.034578323364258,-2.3604397773742676,-2.4057095050811768
1789317050441836800,19.7458369140625,-2.591440439224243,-2.979767084121704,-1.3966729640960693
1789317050451792000,19.7557919921875,-1.7830579280853271,-1.3506487607955933,1.1371327638626099
1789317050461748000,19.765748046875,0.5362535715103149,0.9332395195960999,1.7684438228607178
1789317050471703800,19.775703857421874,2.2026443481445312,3.3219799995422363,0.40605002641677856
1789317050481659000,19.785658935546873,1.7618975639343262,2.0602688789367676,-0.7047975659370422
1789317050491614700,19.79561474609375,-0.018261028453707695,-1.2235896587371826,-1.645859956741333
1789317050501569800,19.80556982421875,-1.6626348495483398,-3.8135504722595215,-0.7694607377052307
1789317050511526000,19.81552587890625,-2.16866135597229,-3.554661989212036,1.643940806388855
1789317050521480700,19.825480712890624,-1.480064034461975,-0.049367815256118774,3.9010465145111084
1789317050531436800,19.835436767578123,0.4228937327861786,6.0023393630981445,2.4793903827667236
1789317050541392000,19.845391845703126,1.495253562927246,3.2695837020874023,-0.02913072146475315
1789317050551347700,19.85534765625,0.537958025932312,-2.7779934406280518,-3.3266687393188477
1789317050561303800,19.8653037109375,-0.6348856091499329,-2.4036593437194824,-3.247885227203369
1789317050571259000,19.8752587890625,-0.2711614668369293,-3.606771469116211,-1.4393354654312134
1789317050581215000,19.885215087890625,0.5762891173362732,-1.7133252620697021,0.7732783555984497
1789317050591169800,19.895169677734376,1.0985515117645264,6.561347484588623,1.5222437381744385
1789317050601125600,19.905125732421876,1.1479119062423706,2.939546823501587,0.48304709792137146
1789317050611081000,19.9150810546875,-0.8334386348724365,-1.8300234079360962,-0.597592294216156
1789317050621036800,19.925036865234375,-2.0512001514434814,-2.0133724212646484,-0.6412100791931152
1789317050630993000,19.934992919921875,-0.9235365986824036,-3.518778085708618,-0.11870827525854111
1789317050640947700,19.94494775390625,0.30831095576286316,-1.5540239810943604,1.8143905401229858
1789317050650904000,19.954904052734374,1.3052873611450195,2.6347548961639404,2.175182342529297
1789317050660859000,19.96485888671875,2.0088212490081787,3.4588623046875,0.6783177852630615
1789317050670814700,19.974814697265625,0.96490478515625,0.4111550450325012,-1.8372650146484375
1789317050680770000,19.98477001953125,-0.9578599333763123,-1.6778197288513184,-2.7623353004455566
1789317050690726000,19.994725830078124,-1.5439341068267822,-3.3241424560546875,-2.179229974746704
1789317050700680700,20.0046806640625,-0.8060072660446167,-2.0692906379699707,-0.8974975347518921
1789317050710636800,20.01463671875,0.38349467515945435,3.654674530029297,0.35876932740211487
1789317050720592600,20.024592529296875,1.3759578466415405,3.505462169647217,0.8790343403816223
1789317050730548000,20.0345478515625,0.8461248874664307,0.5279799103736877,0.7703201174736023
1789317050740503800,20.04450390625,-0.3647066056728363,-2.256929874420166,0.8158617615699768
1789317050750458600,20.054458740234374,-0.6586204767227173,-3.831058979034424,0.6493521928787231
1789317050760414700,20.064414794921873,-0.22170203924179077,-2.136948585510254,0.4998827874660492
1789317050770369800,20.074369873046876,0.3654211163520813,1.6110042333602905,0.5281897783279419
1789317050780326000,20.084325927734376,0.6524598002433777,2.585789203643799,0.37493258714675903
1789317050790280700,20.09428076171875,0.20587752759456635,1.884059190750122,-0.6596863269805908
1789317050800237000,20.104237060546875,-0.6578846573829651,0.5368605256080627,-1.6961121559143066
1789317050810193000,20.11419287109375,-0.8204280734062195,-1.3204535245895386,-2.577646493911743
1789317050820147700,20.124147705078126,-0.45194828510284424,-2.0589358806610107,-1.6527657508850098
1789317050830103800,20.134103759765626,0.04169870913028717,-1.6597360372543335,0.5070019364356995
1789317050840059000,20.144058837890626,0.6297885775566101,-0.25111478567123413,2.0022084712982178
1789317050850015000,20.154014892578125,0.8895416259765625,1.6198967695236206,2.2071447372436523
1789317050859969800,20.1639697265625,0.5491909384727478,1.9959638118743896,1.1334840059280396
1789317050869925600,20.173925537109376,-0.4865395426750183,-0.11471113562583923,-0.19654688239097595
1789317050879881000,20.183880859375,-1.5186939239501953,-1.4724500179290771,-0.8177646398544312
1789317050889836800,20.1938369140625,-1.2831165790557861,-1.9520155191421509,-0.7874833941459656
1789317050899793000,20.20379296875,-0.022190257906913757,-1.0276217460632324,-0.4430921971797943
1789317050909747700,20.213747802734375,1.131818413734436,0.9510949850082397,-0.19066502153873444
1789317050919703800,20.223703857421874,1.3690434694290161,2.028398036956787,-0.2755383551120758
1789317050929659000,20.233658935546874,0.6850894093513489,1.1202664375305176,-0.8756968975067139
1789317050939614700,20.24361474609375,-0.4140472412109375,-0.5504178404808044,-1.205106258392334
1789317050949570000,20.253570068359377,-0.9955708384513855,-1.8875467777252197,-0.6585131883621216
1789317050959526000,20.26352587890625,-0.7907825112342834,-2.3349695205688477,0.9362697005271912
1789317050969482000,20.27348193359375,-0.03500591963529587,-0.4203341603279114,2.1636176109313965
1789317050979436800,20.283436767578124,0.9927353858947754,1.9002405405044556,1.9716465473175049
1789317050989392600,20.293392578125,1.4813098907470703,3.004354238510132,0.2968021035194397
1789317050999348000,20.303347900390627,0.690610408782959,0.9514997601509094,-1.225232481956482
1789317051009303800,20.3133037109375,-0.5369688868522644,-1.7382497787475586,-1.8447396755218506
1789317051019258600,20.323258544921874,-1.1180528402328491,-3.1344075202941895,-0.6642283201217651
1789317051029215000,20.333215087890625,-0.4034561216831207,-1.9800522327423096,0.564262866973877
1789317051039169800,20.343169677734377,1.0221006870269775,3.298424005508423,0.5939880013465881
1789317051049126000,20.3531259765625,1.8694690465927124,4.044318675994873,0.35398682951927185
1789317051059081700,20.363081787109376,1.169241189956665,1.390869140625,-0.37316131591796875
1789317051069036800,20.373036865234376,-0.3171635866165161,-1.6857436895370483,-0.6573584079742432
1789317051078993000,20.382992919921875,-0.8764045238494873,-3.8393330574035645,-0.1235741376876831
1789317051088947700,20.39294775390625,-0.2947285771369934,-2.27134108543396,0.4530830681324005
1789317051098903800,20.40290380859375,0.913947343826294,3.5570952892303467,0.4623476564884186
1789317051108859000,20.41285888671875,1.645793080329895,3.967329502105713,0.33386826515197754
1789317051118815000,20.42281494140625,0.8079958558082581,2.349947690963745,-0.47713807225227356
1789317051128770800,20.432770751953125,-0.5248659253120422,-0.9203436970710754,-0.6044453978538513
1789317051138725600,20.4427255859375,-0.7794955372810364,-3.519568920135498,-0.44870588183403015
1789317051148682000,20.452681884765624,-0.09206068515777588,-2.5804696083068848,0.19224640727043152
1789317051158636800,20.46263671875,0.9510438442230225,0.6819282174110413,1.0613147020339966
1789317051168593000,20.472593017578124,1.5453356504440308,3.043196201324463,1.2448896169662476
1789317051178548000,20.4825478515625,0.9257755279541016,3.266982316970825,0.6859610676765442
1789317051188503800,20.49250390625,-0.35848385095596313,0.9521751403808594,-0.23629482090473175
1789317051198459000,20.502458984375,-1.2525267601013184,-1.823036789894104,-1.071219563484192
1789317051208414700,20.512414794921874,-1.2299295663833618,-2.1701319217681885,-1.0768803358078003
1789317051218370800,20.522370849609374,-0.09500987082719803,-0.29490113258361816,-0.7848061323165894
1789317051228326000,20.532325927734377,1.2051794528961182,2.6598827838897705,-0.31524530053138733
1789317051238281700,20.54228173828125,1.517074704170227,3.997166156768799,-0.3997655212879181
1789317051248236800,20.55223681640625,0.48829299211502075,-0.5568089485168457,-0.8187214732170105
1789317051258193000,20.56219287109375,-1.0355342626571655,-1.8597761392593384,-0.31456512212753296
1789317051268148000,20.57214794921875,-1.0813491344451904,-2.275688648223877,0.5508341193199158
1789317051278103800,20.582103759765626,-0.10409390926361084,-1.034606695175171,1.4106082916259766
1789317051288060000,20.592059814453126,0.4230538010597229,1.6020327806472778,2.029675006866455
1789317051298015000,20.602014892578126,0.5133740901947021,2.603792190551758,1.5886328220367432
1789317051307970800,20.611970703125,0.10498553514480591,0.8882028460502625,0.6543972492218018
1789317051317926000,20.62192578125,-0.7534716725349426,-0.385203093290329,-0.7231089472770691
1789317051327881700,20.6318818359375,-1.1198527812957764,-0.9365836977958679,-1.7936424016952515
1789317051337836800,20.6418369140625,-0.8049116730690002,-0.7041680216789246,-1.6632812023162842
1789317051347793000,20.65179296875,-0.1255033314228058,0.5341283679008484,-1.1852086782455444
1789317051357747700,20.661747802734375,0.34849005937576294,1.1563924551010132,-0.2619338631629944
1789317051367703800,20.671703857421875,0.23339436948299408,0.776008665561676,0.39154860377311707
1789317051377660000,20.681659912109374,-0.2742440700531006,-0.13342809677124023,0.4254218637943268
1789317051387614700,20.69161474609375,-0.812634289264679,-1.1773121356964111,0.5061936974525452
1789317051397570800,20.70157080078125,-0.9982504844665527,-0.6775454878807068,0.1695171296596527
1789317051407526100,20.711526123046873,-0.8125250935554504,0.174241304397583,0.38289839029312134
1789317051417482000,20.72148193359375,-0.4721323847770691,0.017190437763929367,0.9363783597946167
1789317051427436800,20.731436767578124,-0.3988025188446045,0.14759159088134766,0.9322861433029175
1789317051437393000,20.741392822265624,-0.505692720413208,0.5244659185409546,0.09228705614805222
1789317051447348000,20.751347900390623,-0.5587168335914612,0.8979068398475647,-1.114186406135559
1789317051457304000,20.761303955078127,-0.7982202172279358,-0.5387646555900574,-1.3987771272659302
1789317051467260000,20.771260009765626,-1.2115707397460938,-1.636694312095642,-0.44815754890441895
1789317051477214700,20.781214599609374,-1.1518491506576538,-1.9064334630966187,0.9775153994560242
1789317051487170800,20.7911708984375,-0.5159488320350647,-0.7061057090759277,1.470052719116211
1789317051497126000,20.8011259765625,-0.05855811759829521,1.3185547590255737,1.2219337224960327
1789317051507082000,20.81108203125,-0.21558129787445068,1.0634135007858276,0.6663170456886292
1789317051517036800,20.821036865234376,-0.9622427225112915,-0.2497943937778473,-0.16449972987174988
1789317051526993200,20.8309931640625,-1.5460022687911987,-1.2838788032531738,-0.8893035054206848
1789317051536948000,20.840947998046875,-1.2367935180664062,-1.304358720779419,-1.8315837383270264
1789317051546903800,20.85090380859375,-0.5750225186347961,-0.5703111290931702,-1.4605622291564941
1789317051556860000,20.86085986328125,0.020687168464064598,0.3314168155193329,-0.7617319822311401
1789317051566815000,20.87081494140625,0.12092535942792892,0.30132389068603516,0.2365795224905014
1789317051576771000,20.88077099609375,-0.17059330642223358,-0.1269555538892746,0.5398083925247192
1789317051586726000,20.890725830078125,-0.5531744956970215,1.8856916427612305,-0.2549494802951813
1789317051596681700,20.900681640625,-0.8677899837493896,-1.1385862827301025,-0.5222546458244324
1789317051606637000,20.910636962890624,-1.2496459484100342,-1.2060120105743408,-0.46927347779273987
1789317051616593000,20.920593017578124,-1.0579545497894287,-1.5898677110671997,0.6574530005455017
1789317051626549000,20.930549072265624,-0.2770656943321228,-1.593654990196228,1.4970052242279053
1789317051636503800,20.94050390625,0.2710663974285126,0.052010469138622284,1.708552598953247
1789317051646460000,20.9504599609375,0.5809850692749023,0.7628121376037598,1.308218240737915
1789317051656415000,20.9604150390625,0.4799429178237915,0.39703336358070374,-0.3604290187358856
1789317051666370800,20.970370849609374,-0.3359101116657257,-0.3946165442466736,-1.5054357051849365
1789317051676326100,20.980326171875,-0.9998611807823181,-1.8862781524658203,-1.175145149230957
1789317051686282000,20.990281982421877,-1.033130407333374,-1.7006653547286987,-0.37784475088119507
1789317051696236800,21.00023681640625,-0.23296880722045898,0.5420987010002136,-0.5419825911521912
1789317051706193000,21.01019287109375,0.6162711977958679,2.269205093383789,-0.7254242897033691
1789317051716148700,21.020148681640624,0.5745093822479248,1.5334521532058716,-0.9784227609634399
1789317051726104000,21.03010400390625,-0.21362359821796417,-0.29862186312675476,-0.6072403788566589
1789317051736060000,21.040059814453127,-0.6214302778244019,-1.7638885974884033,-0.14808426797389984
1789317051746014700,21.0500146484375,-0.21648304164409637,-1.6501390933990479,-0.2701835632324219
1789317051755971000,21.05997119140625,0.085533007979393,-1.2745318412780762,0.7303101420402527
1789317051765926000,21.06992578125,0.2594459354877472,-0.010978348553180695,1.3400983810424805
1789317051775882000,21.079882080078125,0.3614639341831207,-0.019290341064333916,1.9637491703033447
1789317051785837000,21.089837158203125,0.4075999855995178,3.891860008239746,0.3682999908924103
1789317051795793000,21.09979296875,0.20991940796375275,-1.6321067810058594,-3.31760311126709
1789317051805749000,21.1097490234375,-1.2330271005630493,-3.1486153602600098,-1.5947844982147217
1789317051815703800,21.119703857421875,-1.7212939262390137,-0.8945262432098389,-0.5256299376487732
1789317051825660000,21.129659912109375,-0.22473324835300446,-1.8767900466918945,1.877354383468628
1789317051835615000,21.139614990234374,1.1973963975906372,-0.7430254220962524,3.427541732788086
1789317051845570800,21.14957080078125,1.6781980991363525,2.8511621952056885,1.8170812129974365
1789317051855526000,21.15952587890625,1.2791434526443481,3.872739791870117,-0.45011043548583984
1789317051865481700,21.169481689453125,-0.5477626919746399,-1.7892264127731323,-2.6584060192108154
1789317051875438000,21.17943798828125,-2.354459047317505,-0.8716563582420349,-2.326711893081665
1789317051885393000,21.189392822265624,-1.8967102766036987,-1.8897191286087036,-0.7959455847740173
1789317051895349000,21.199348876953124,-0.1491045355796814,-2.5442054271698,1.6249819993972778
1789317051905304000,21.209303955078123,1.0370359420776367,0.5693801045417786,2.9290521144866943
1789317051915260000,21.219260009765627,1.714595079421997,1.3732004165649414,3.6091573238372803
1789317051925215000,21.229215087890626,2.0216898918151855,3.0151937007904053,0.7902690768241882
1789317051935170800,21.2391708984375,0.6722585558891296,-0.7580741047859192,-2.730915069580078
1789317051945126000,21.2491259765625,-1.6674387454986572,-3.0131609439849854,-0.6106016039848328
1789317051955082000,21.25908203125,-2.7161660194396973,-2.7296829223632812,0.8244933485984802
1789317051965037800,21.269037841796877,-1.3505712747573853,-2.977705717086792,2.8288137912750244
1789317051974993000,21.278992919921876,0.9570016264915466,3.1551709175109863,1.5745176076889038
1789317051984949000,21.288948974609376,2.490095853805542,7.548364639282227,-1.3543169498443604
1789317051994903800,21.29890380859375,1.3003560304641724,-2.471494197845459,-4.576786041259766
1789317052004860000,21.30885986328125,-1.030578851699829,-2.3321640491485596,-4.617795467376709
1789317052014815000,21.31881494140625,-1.5824018716812134,-2.875892400741577,-1.178972601890564
1789317052024771000,21.32877099609375,-1.1710516214370728,-5.9137282371521,6.17310094833374
1789317052034726000,21.338725830078126,-0.21209122240543365,-0.09240396320819855,8.202192306518555
1789317052044682000,21.348681884765625,2.098034143447876,12.181415557861328,3.159193277359009
1789317052054637800,21.358637939453125,1.3599562644958496,-3.495708465576172,-2.832627296447754
1789317052064593000,21.368593017578124,-1.7948925495147705,-2.578294038772583,-3.7363510131835938
1789317052074549000,21.378549072265624,-2.957645893096924,-2.674292802810669,-1.7436103820800781
1789317052084503800,21.38850390625,-0.8520147204399109,-6.330872535705566,1.674660086631775
1789317052094460000,21.3984599609375,1.7571041584014893,8.469474792480469,0.40183186531066895
1789317052104415000,21.4084150390625,3.069424629211426,8.834437370300293,-1.8581689596176147
1789317052114370800,21.418370849609374,0.66312175989151,-4.440800189971924,-3.270887851715088
1789317052124326000,21.428325927734374,-2.96732497215271,-1.2309937477111816,-1.184493899345398
1789317052134282000,21.438281982421874,-2.2731285095214844,-1.9286322593688965,-1.042216420173645
1789317052144238000,21.448238037109373,0.28201597929000854,0.09930634498596191,0.662365198135376
1789317052154193000,21.45819287109375,1.663273572921753,2.4377613067626953,1.4533069133758545
1789317052164148700,21.468148681640624,1.31668221950531,1.6013331413269043,2.95416522026062
1789317052174104000,21.47810400390625,0.4716668725013733,-1.0051020383834839,2.474745273590088
1789317052184060000,21.488059814453123,-0.30418944358825684,-2.1770827770233154,0.10168828070163727
1789317052194015000,21.498014892578126,-0.3295278251171112,-1.835810661315918,-2.1027631759643555
1789317052203970800,21.507970703125,-0.15112054347991943,-0.632548451423645,-2.547928810119629
1789317052213926000,21.51792578125,-0.11721077561378479,1.0366607904434204,-1.740483045578003
1789317052223882000,21.527882080078125,0.12693344056606293,1.579986333847046,-1.1757701635360718
1789317052233837800,21.537837890625,0.15055514872074127,2.9247336387634277,-0.745529055595398
1789317052243793000,21.54779296875,0.09418455511331558,-0.9746202826499939,-0.7323394417762756
1789317052253749000,21.5577490234375,-0.4491857886314392,-2.8687901496887207,0.8179031014442444
1789317052263703800,21.567703857421876,-0.5323169231414795,-2.1904945373535156,2.0165083408355713
1789317052273660000,21.577659912109375,0.18809694051742554,-0.24423903226852417,1.989563226699829
1789317052283615000,21.587614990234375,0.695995569229126,1.9851125478744507,1.4484959840774536
1789317052293571000,21.597571044921875,0.5239311456680298,1.537474274635315,0.33547279238700867
1789317052303526000,21.60752587890625,-0.2663099765777588,-0.2467631846666336,-0.6812147498130798
1789317052313481700,21.617481689453125,-0.9671716690063477,-1.340573787689209,-1.1879833936691284
1789317052323437800,21.627437744140625,-0.6977135539054871,-1.3849526643753052,-1.4512094259262085
1789317052333393000,21.637392822265625,0.20472411811351776,1.356195092201233,-1.4069935083389282
1789317052343349000,21.647348876953124,0.7979962229728699,0.9681626558303833,-0.6781944632530212
1789317052353303800,21.6573037109375,0.47796496748924255,0.29419514536857605,-0.1733904331922531
1789317052363260000,21.667260009765624,-0.20033469796180725,-0.9250109195709229,0.7425990104675293
1789317052373215000,21.677215087890627,-0.4094061553478241,-2.367788553237915,1.766326665878296
1789317052383170800,21.6871708984375,-0.32771873474121094,-1.17598295211792,2.1344685554504395
1789317052393126000,21.6971259765625,0.19272205233573914,2.799374580383301,0.9736016392707825
1789317052403082200,21.707082275390626,0.37710654735565186,1.9090756177902222,-0.11594311147928238
1789317052413038000,21.7170380859375,-0.19431275129318237,0.0026498453225940466,-1.2745335102081299
1789317052422993000,21.726992919921877,-0.7257513403892517,-2.209918737411499,-0.9483455419540405
1789317052432949000,21.736948974609376,-0.38496845960617065,-2.9893531799316406,-0.31527379155158997
1789317052442904000,21.746904052734376,0.47958603501319885,-0.2569785416126251,-0.26288434863090515
1789317052452860200,21.756860107421875,1.0862737894058228,3.3994598388671875,0.07281455397605896
1789317052462815000,21.76681494140625,0.9724194407463074,1.2756812572479248,-0.33427438139915466
1789317052472770800,21.776770751953126,-0.4770062267780304,-0.6344320774078369,0.23748499155044556
1789317052482726100,21.78672607421875,-1.1984273195266724,-2.252031087875366,0.2589380741119385
1789317052492682000,21.796681884765626,-0.5675092339515686,-2.3370234966278076,-0.16782735288143158
1789317052502638000,21.80663818359375,0.3899320662021637,2.2872934341430664,-0.38070154190063477
1789317052512593200,21.81659326171875,1.151002287864685,1.7372283935546875,-0.2638159394264221
1789317052522549200,21.82654931640625,0.7297567129135132,0.18484069406986237,0.00887738075107336
1789317052532504000,21.836504150390624,-0.19946064054965973,-1.231727957725525,0.39964860677719116
1789317052542460000,21.8464599609375,-0.30936798453330994,-2.371796131134033,0.2461453229188919
1789317052552415200,21.856415283203123,0.03256753087043762,-0.1750333309173584,-0.20734652876853943
1789317052562371000,21.86637109375,0.40853238105773926,1.4507343769073486,0.014072941616177559
1789317052572326000,21.876325927734374,0.4874460995197296,0.8266875147819519,0.4119555950164795
1789317052582282000,21.886281982421874,0.05944308638572693,-0.10840663313865662,0.838919997215271
1789317052592237800,21.89623779296875,-0.1561427265405655,-0.5487925410270691,0.45181700587272644
1789317052602193200,21.906193115234377,0.23815478384494781,1.2045456171035767,-0.9613907337188721
1789317052612149000,21.91614892578125,0.45478641986846924,-0.1427539587020874,-1.0426172018051147
1789317052622103800,21.926103759765624,0.11164051294326782,-0.8727314472198486,-0.09304258972406387
1789317052632060200,21.93606005859375,0.019420037046074867,-1.2569925785064697,1.0716309547424316
1789317052642015000,21.946014892578123,0.45414993166923523,-0.42648154497146606,0.970125138759613
1789317052651971000,21.95597119140625,0.7339954376220703,1.8970918655395508,0.19154280424118042
1789317052661926100,21.965926025390626,0.5824338793754578,1.2517269849777222,-0.6017204523086548
1789317052671882200,21.97588232421875,-0.16959862411022186,-0.17954738438129425,-0.7330734133720398
1789317052681838000,21.985838134765626,-0.7036838531494141,-1.281702995300293,-0.2583996057510376
1789317052691793000,21.99579296875,-0.34958329796791077,-1.3874757289886475,0.04092319682240486
1789317052701749000,22.0057490234375,0.3875730335712433,-0.03779398277401924,0.2586086392402649
1789317052711704000,22.0157041015625,0.9436202645301819,1.2244428396224976,0.16423581540584564
1789317052721660200,22.02566015625,0.8432795405387878,1.239498257637024,-0.22772717475891113
1789317052731615000,22.035614990234375,0.14524801075458527,0.026037992909550667,-0.3648703694343567
1789317052741571000,22.045571044921875,-0.50994873046875,-1.2183215618133545,-0.377056747674942
1789317052751526100,22.055526123046874,-0.7231241464614868,-1.2881768941879272,0.17037039995193481
1789317052761482000,22.06548193359375,-0.2239776998758316,-0.4235805571079254,0.5947525501251221
1789317052771438000,22.07543798828125,0.443263977766037,1.0498324632644653,0.5309850573539734
1789317052781393200,22.08539306640625,0.7241907119750977,2.002342462539673,-0.24913819134235382
1789317052791349000,22.095348876953125,0.44110628962516785,0.7030777335166931,-0.9967857599258423
1789317052801304000,22.105303955078124,-0.2216586172580719,-1.0743902921676636,-1.2672721147537231
1789317052811260000,22.115260009765624,-0.5891634225845337,-1.3970471620559692,-0.916265606880188
1789317052821215200,22.12521533203125,-0.22325971722602844,-0.6221141815185547,-0.16318413615226746
1789317052831171000,22.135171142578123,0.18741357326507568,-0.031629566103219986,0.8985167145729065
1789317052841126000,22.1451259765625,0.2091715931892395,0.8562848567962646,1.5315370559692383
1789317052851082000,22.15508203125,0.20749033987522125,0.46080729365348816,1.2233449220657349
1789317052861038000,22.1650380859375,-0.04863011837005615,-0.43722233176231384,0.692848265171051
1789317052870993200,22.1749931640625,-0.3175039291381836,-0.9300644993782043,0.18783967196941376
1789317052880949000,22.184948974609377,-0.18133783340454102,-0.6719786524772644,-0.6009929180145264
1789317052890904000,22.194904052734376,0.0029891319572925568,0.29825887084007263,-0.9025501012802124
1789317052900860200,22.204860107421876,0.16513702273368835,0.5521308183670044,-0.8545458316802979
1789317052910815000,22.21481494140625,0.04608520492911339,0.7809101939201355,-0.9149998426437378
1789317052920771000,22.22477099609375,-0.2788049876689911,0.9214563965797424,-0.8164937496185303
1789317052930726100,22.23472607421875,-0.49620816111564636,-1.127324104309082,-0.27729684114456177
1789317052940682000,22.244681884765626,-0.6170714497566223,-1.7795578241348267,0.5002497434616089
1789317052950638000,22.25463818359375,-0.3049449920654297,-0.9887153506278992,1.1815265417099
1789317052960593000,22.264593017578125,0.3436923921108246,1.3201302289962769,1.0513906478881836
1789317052970549000,22.274549072265625,0.5461549758911133,1.680619716644287,0.48196956515312195
1789317052980504000,22.284504150390624,-0.15725113451480865,0.11036698520183563,-0.1404966562986374
1789317052990460200,22.294460205078124,-0.9592471718788147,-1.5758593082427979,-0.5009366273880005
1789317053000415000,22.3044150390625,-0.9994465112686157,-2.60343861579895,-0.2536085546016693
1789317053010371000,22.31437109375,-0.36707812547683716,-1.5096213817596436,0.2245074063539505
1789317053020326100,22.324326171875,0.4826694428920746,0.6421368718147278,0.5133211016654968
1789317053030282000,22.334281982421874,0.8258430361747742,1.9865306615829468,0.35622042417526245
1789317053040238000,22.344238037109374,0.26266172528266907,1.6450865268707275,-0.2642715871334076
1789317053050193200,22.354193115234374,-0.7149386405944824,-0.22340938448905945,-0.8560717701911926
1789317053060149000,22.36414892578125,-1.305929183959961,-1.9944822788238525,-0.5758273601531982
1789317053070104000,22.37410400390625,-0.9184781908988953,-2.1521706581115723,-0.12013918906450272
1789317053080060000,22.384059814453124,0.08089591562747955,-0.42886480689048767,0.4020952582359314
1789317053090015000,22.394014892578124,1.0069977045059204,2.616590738296509,0.1436554342508316
1789317053099971000,22.40397119140625,1.1062661409378052,1.449880599975586,-0.10756933689117432
1789317053109926000,22.41392578125,0.07489527761936188,-0.7379611134529114,-0.0856027826666832
1789317053119882000,22.423882080078126,-0.9509815573692322,-2.404975175857544,0.39551591873168945
1789317053129838000,22.433838134765626,-0.9349114894866943,-2.015113115310669,0.3422231078147888
1789317053139793200,22.443793212890625,-0.20413555204868317,0.5811142325401306,0.25491324067115784
1789317053149749000,22.4537490234375,0.5655826926231384,2.2091736793518066,0.1392902433872223
1789317053159704000,22.4637041015625,0.6920956373214722,1.8720136880874634,-0.5381990075111389
1789317053169660200,22.47366015625,0.19765208661556244,-0.08276039361953735,-1.0996702909469604
1789317053179615000,22.483614990234376,-0.22346557676792145,-2.133970260620117,-1.1789973974227905
1789317053189571000,22.493571044921875,-0.15674221515655518,-2.1441280841827393,-0.8677180409431458
1789317053199526100,22.503526123046875,0.220885768532753,-0.08095716685056686,0.39681845903396606
1789317053209482000,22.51348193359375,0.6116865277290344,0.6912391781806946,1.488010048866272
1789317053219438000,22.52343798828125,0.4469900131225586,1.6131024360656738,1.6090675592422485
1789317053229393000,22.533392822265625,0.07889321446418762,1.1273467540740967,0.797235906124115
1789317053239349200,22.543349365234373,-0.1785774677991867,-0.3633430600166321,-0.5912089943885803
1789317053249304000,22.553303955078125,-0.4102969765663147,-0.8933523297309875,-1.0864403247833252
1789317053259260000,22.563260009765624,-0.14869840443134308,-0.5750185251235962,-0.8274590373039246
1789317053269215200,22.57321533203125,0.534373939037323,0.45051923394203186,-0.5208237767219543
1789317053279171000,22.583171142578124,0.9413661956787109,1.8833619356155396,-0.050333745777606964
1789317053289126100,22.593126220703127,0.9947487115859985,0.6720630526542664,-0.16063441336154938
1789317053299082000,22.60308203125,0.31179705262184143,-0.686273455619812,0.16243764758110046
1789317053309038000,22.6130380859375,-0.2689933776855469,-1.3092949390411377,0.5416861772537231
1789317053318993200,22.6229931640625,-0.23325055837631226,-1.0477073192596436,1.00033438205719
1789317053328949000,22.632948974609373,0.137406587600708,0.5230360627174377,1.150351881980896
1789317053338904000,22.642904052734377,0.6247203350067139,2.457496404647827,0.1911771446466446
1789317053348860000,22.65285986328125,0.7285420894622803,1.549994945526123,-0.7786211967468262
1789317053358815000,22.66281494140625,0.24473623931407928,-0.3960181772708893,-1.3838434219360352
1789317053368771000,22.67277099609375,-0.16615302860736847,-2.0112791061401367,-1.0005136728286743
1789317053378726000,22.682725830078127,0.09118423610925674,-1.211685061454773,-0.6318227052688599
1789317053388682200,22.69268212890625,0.6186792254447937,1.0516988039016724,0.11651808768510818
1789317053398637000,22.702636962890626,0.7606451511383057,0.7659570574760437,0.7410067319869995
1789317053408593000,22.712593017578126,0.05450771749019623,1.011601209640503,1.1311100721359253
1789317053418549000,22.722549072265625,-0.4278639853000641,0.1288972645998001,0.9296229481697083
1789317053428504000,22.732504150390625,-0.5253740549087524,-0.8621512651443481,0.6623140573501587
1789317053438460200,22.742460205078125,-0.351473867893219,-0.7587534785270691,0.5729072093963623
1789317053448415000,22.7524150390625,0.14317527413368225,0.0341758131980896,0.1811215877532959
1789317053458370800,22.762370849609376,0.5522980690002441,1.5890346765518188,-0.8429980874061584
1789317053468326100,22.772326171875,0.5268645882606506,1.6327680349349976,-1.8057249784469604
1789317053478282000,22.782281982421875,-0.08234387636184692,-0.20227161049842834,-1.6910483837127686
1789317053488237000,22.792237060546874,-0.6335907578468323,-1.508476972579956,-0.9000858664512634
1789317053498193200,22.802193115234374,-0.6147012710571289,-1.860525369644165,0.8739003539085388
1789317053508149200,22.812149169921874,-0.0187811441719532,1.6954013109207153,1.518710970878601
1789317053518104000,22.82210400390625,0.6849083304405212,2.5516860485076904,1.4968477487564087
1789317053528060000,22.832059814453125,0.4108714163303375,0.5370914340019226,1.296713948249817
1789317053538015200,22.84201513671875,-0.4889627695083618,-0.9529823660850525,0.584814727306366
1789317053547971000,22.85197119140625,-0.8046464323997498,-2.5950467586517334,0.6346355676651001
1789317053557926000,22.86192578125,-0.27359479665756226,-1.8540704250335693,0.18606388568878174
1789317053567882000,22.871882080078127,0.47917619347572327,1.6704944372177124,-0.6042603254318237
1789317053577837000,22.881837158203126,0.7522330284118652,2.6226534843444824,-0.9757958054542542
1789317053587793200,22.891793212890626,0.23728765547275543,1.7045685052871704,-1.8446725606918335
1789317053597749000,22.9017490234375,-0.6607552766799927,-0.550666868686676,-1.7168341875076294
1789317053607703800,22.911703857421877,-1.0175869464874268,-2.0173592567443848,-0.8687585592269897
1789317053617660200,22.92166015625,-0.4557984173297882,0.7003461122512817,-0.16110099852085114
1789317053627615000,22.931614990234376,0.45694997906684875,-0.41946250200271606,1.0806350708007812
1789317053637571000,22.941571044921876,0.3634208142757416,0.06686265021562576,1.6373101472854614
1789317053647526100,22.951526123046875,-0.08803744614124298,0.472811758518219,1.5937919616699219
1789317053657482200,22.961482177734375,-0.1491636484861374,-1.0069319009780884,1.258542537689209
1789317053667437000,22.97143701171875,-0.23684529960155487,-1.1732710599899292,0.27998584508895874
1789317053677393000,22.981392822265626,-0.3734590709209442,-0.26116475462913513,-0.36831170320510864
1789317053687349000,22.991348876953126,-0.2914094626903534,0.9186906814575195,-1.2227531671524048
1789317053697304000,23.001303955078125,-0.18568997085094452,1.101278305053711,-1.8462390899658203
1789317053707260200,23.01126025390625,-0.38282832503318787,0.5469033122062683,-1.538132905960083
1789317053717215000,23.021215087890624,-0.4106338620185852,0.6492595076560974,-1.3574150800704956
1789317053727171000,23.031171142578124,-0.19134066998958588,-0.8521444201469421,-0.5659765601158142
1789317053737126100,23.041126220703124,-0.24473677575588226,-1.8313660621643066,0.7420487999916077
1789317053747082000,23.05108203125,-0.28627702593803406,-1.7240586280822754,2.023061513900757
1789317053757036800,23.061036865234374,-0.018820293247699738,-0.8437509536743164,2.6362953186035156
1789317053766993200,23.0709931640625,0.36589515209198,2.036951780319214,1.4033114910125732
1789317053776949000,23.080948974609374,0.2333429753780365,1.2449015378952026,-0.04705699160695076
1789317053786904000,23.090904052734373,-0.7050926685333252,-0.20731110870838165,-1.3318332433700562
1789317053796860000,23.10085986328125,-1.4147523641586304,-1.6481441259384155,-1.279463291168213
1789317053806815200,23.110815185546876,-0.9251110553741455,-2.608055591583252,-0.6668605804443359
1789317053816771000,23.12077099609375,0.17129452526569366,-0.3973718583583832,-0.44493457674980164
1789317053826726000,23.130725830078124,1.056595802307129,3.713237762451172,-0.5659036040306091
1789317053836682000,23.140681884765623,1.0188136100769043,0.7772814035415649,-0.5830304026603699
1789317053846637000,23.150636962890626,-0.47142210602760315,-1.5661866664886475,0.15794914960861206
1789317053856593200,23.16059326171875,-1.4725635051727295,-2.7134554386138916,0.9151071310043335
1789317053866549000,23.170549072265626,-0.8280502557754517,-1.0127516984939575,0.6309334635734558
1789317053876504000,23.180504150390625,0.12468307465314865,-0.21545851230621338,0.9388462901115417
1789317053886460200,23.190460205078125,0.411880761384964,0.6140474677085876,1.4871126413345337
1789317053896415000,23.2004150390625,0.38850539922714233,0.5399655103683472,0.9792014360427856
1789317053906371000,23.21037109375,0.21106617152690887,0.07615415751934052,-0.3313449025154114
1789317053916326100,23.220326171875,0.1191820502281189,0.33378222584724426,-1.921422004699707
1789317053926282000,23.230281982421875,-0.12562450766563416,-1.354690432548523,-1.892435908317566
1789317053936237000,23.240237060546875,-0.4663623869419098,-1.3021214008331299,-0.8535487055778503
1789317053946193000,23.25019287109375,-0.2215057611465454,0.6892005205154419,0.2808244824409485
1789317053956149000,23.26014892578125,0.5329014658927917,1.933699131011963,0.6942959427833557
1789317053966104000,23.27010400390625,0.6918061375617981,0.5216618776321411,0.2680008113384247
1789317053976060200,23.28006005859375,0.055517587810754776,-0.5484300851821899,0.15667323768138885
1789317053986015000,23.290014892578125,-0.06496168673038483,-2.2079477310180664,0.09773880988359451
1789317053995971000,23.29997119140625,0.10270959883928299,-2.456536293029785,0.8690555095672607
1789317054005926100,23.309926025390624,0.3441419303417206,-0.15916834771633148,1.3304604291915894
1789317054015882000,23.319882080078123,0.7541856169700623,2.219801425933838,0.676260232925415
1789317054025837000,23.329837158203127,0.5349606275558472,2.352410316467285,-0.29020386934280396
1789317054035793200,23.339793212890626,-0.2611120343208313,0.8036360144615173,-1.121647834777832
1789317054045748000,23.349748046875,-0.7363275289535522,-1.1262582540512085,-1.5289487838745117
1789317054055704000,23.3597041015625,-0.43965646624565125,-1.6638453006744385,-1.062563419342041
1789317054065660000,23.369659912109373,0.5585759282112122,-0.33245038986206055,-0.4854159653186798
1789317054075615000,23.379614990234376,1.3594446182250977,0.6644477844238281,0.07617519795894623
1789317054085571000,23.389571044921876,1.1720411777496338,0.8409906029701233,0.7441644072532654
1789317054095526000,23.39952587890625,0.49305152893066406,-0.28127241134643555,1.0533396005630493
1789317054105482000,23.40948193359375,-0.21986179053783417,-1.5481431484222412,1.353375792503357
1789317054115437000,23.41943701171875,-0.5031880140304565,-0.5369135141372681,0.6175111532211304
1789317054125393200,23.42939306640625,-0.14777560532093048,2.050626516342163,-0.6440580487251282
1789317054135349000,23.439348876953126,0.24228987097740173,1.2757904529571533,-0.9732064008712769
1789317054145304000,23.449303955078125,0.1746772676706314,-0.0467001274228096,-0.5255939960479736
1789317054155260200,23.45926025390625,0.056045692414045334,-1.2328866720199585,0.6497934460639954
1789317054165215000,23.469215087890625,0.5025736689567566,-1.1727453470230103,0.5807906985282898
1789317054175171000,23.479171142578124,0.9725291728973389,0.7645328044891357,0.11648320406675339
1789317054185126100,23.489126220703124,0.9222654700279236,1.2351011037826538,-0.23070591688156128
1789317054195082000,23.49908203125,0.10559114068746567,0.6965769529342651,-0.3358834683895111
1789317054205037000,23.509037109375,-0.7149921655654907,-0.06307563930749893,-0.13118891417980194
1789317054214993000,23.518992919921875,-0.6544817090034485,-0.570835530757904,-0.28245165944099426
1789317054224948000,23.528947998046874,-0.019456522539258003,0.4526319205760956,-0.7236045598983765
1789317054234904000,23.538904052734374,0.6028698682785034,1.6838165521621704,-0.7684831023216248
1789317054244860000,23.54885986328125,0.8063164949417114,0.5179675221443176,-0.48067474365234375
1789317054254815000,23.55881494140625,0.3687375485897064,0.4142831861972809,-0.2426896095275879
1789317054264771000,23.56877099609375,-0.005938316695392132,-0.6633489727973938,0.1551501750946045
1789317054274726100,23.57872607421875,-0.2352583259344101,-1.8155360221862793,0.9747278690338135
1789317054284682000,23.588681884765624,-0.34866663813591003,-0.8067841529846191,1.7091437578201294
1789317054294637000,23.598636962890627,-0.07669104635715485,0.7440885305404663,1.9250534772872925
1789317054304593200,23.60859326171875,0.26854410767555237,2.450550079345703,0.8491957783699036
1789317054314548000,23.6185478515625,0.06642642617225647,2.1046829223632812,-0.5930537581443787
1789317054324504000,23.628504150390626,-0.49328693747520447,0.022915968671441078,-1.6972475051879883
1789317054334460000,23.6384599609375,-0.7270874381065369,-1.8735407590866089,-1.9429347515106201
1789317054344415000,23.6484150390625,-0.29352402687072754,-2.6345765590667725,-0.9596533179283142
1789317054354371000,23.65837109375,0.5008516311645508,-1.4828912019729614,0.3445685803890228
1789317054364326000,23.668325927734376,0.998593807220459,1.2317066192626953,1.212138295173645
1789317054374282200,23.6782822265625,0.9035756587982178,3.7849743366241455,0.9161649346351624
1789317054384237000,23.688237060546875,-0.014957644045352936,1.3494282960891724,0.17581017315387726
1789317054394193000,23.69819287109375,-1.397064447402954,-1.1194264888763428,-0.18176846206188202
1789317054404148000,23.70814794921875,-1.6097562313079834,-2.578019857406616,-0.29114875197410583
1789317054414104000,23.71810400390625,-0.5780710577964783,-2.184739828109741,0.269766241312027
1789317054424060000,23.728059814453125,0.7579013109207153,0.374144583940506,0.8217849135398865
1789317054434015000,23.738014892578125,1.6226505041122437,2.783242702484131,0.35437458753585815
1789317054443970800,23.747970703125,1.2252801656723022,2.3937056064605713,-0.4882304072380066
1789317054453926000,23.75792578125,-0.26582077145576477,0.054007839411497116,-0.9458863735198975
1789317054463882000,23.767882080078124,-1.5061675310134888,-2.441926956176758,-0.3862358629703522
1789317054473836800,23.7778369140625,-1.4955428838729858,-1.9960906505584717,0.04109976440668106
1789317054483793000,23.78779296875,-0.3041798770427704,1.530003309249878,0.1718290150165558
1789317054493748000,23.797748046875,0.8142426013946533,1.732338547706604,0.8444257974624634
1789317054503703800,23.807703857421874,0.8722467422485352,1.544641375541687,0.5284540057182312
1789317054513659000,23.817658935546874,0.33066633343696594,0.3119616210460663,-0.4893808662891388
1789317054523615000,23.827614990234373,-0.16695116460323334,-0.6798437833786011,-1.644464373588562
1789317054533571000,23.837571044921877,-0.3909544348716736,-1.1438406705856323,-1.907239556312561
1789317054543526000,23.84752587890625,-0.47879987955093384,-1.5818002223968506,-0.2940257787704468
1789317054553481700,23.857481689453124,-0.1627388447523117,0.515916109085083,1.060821533203125
1789317054563437000,23.86743701171875,0.4918874502182007,1.8060895204544067,1.318100094795227
1789317054573393000,23.877392822265627,0.5902310609817505,0.6038640737533569,1.084163784980774
1789317054583348000,23.887347900390626,0.01519013848155737,-0.5843265652656555,0.42567646503448486
1789317054593303800,23.8973037109375,-0.42728474736213684,-2.10724139213562,0.6277603507041931
1789317054603259000,23.9072587890625,-0.3021092712879181,-1.5966897010803223,0.49799859523773193
1789317054613215000,23.917215087890625,0.3101575970649719,1.867951512336731,-0.6370922923088074
1789317054623170800,23.9271708984375,0.6474453210830688,1.9815902709960938,-1.1870651245117188
1789317054633126100,23.937126220703124,0.24889343976974487,0.9094399213790894,-1.972995400428772
1789317054643082000,23.94708203125,-0.4871821701526642,-0.7038558721542358,-1.562933325767517
1789317054653036800,23.957036865234375,-0.5677734017372131,-1.3662407398223877,-0.9609236121177673
1789317054662993000,23.966992919921875,0.028018850833177567,-0.47676628828048706,0.06490655988454819
1789317054672948000,23.976947998046874,0.5343342423439026,0.05215161666274071,1.3592501878738403
1789317054682904000,23.986904052734374,0.5389295220375061,1.8679167032241821,1.493610143661499
1789317054692859000,23.99685888671875,0.18924076855182648,0.5029499530792236,1.1988056898117065
1789317054702814700,24.006814697265625,-0.49892911314964294,-1.053661584854126,0.9056446552276611
1789317054712770800,24.016770751953125,-0.7483149766921997,-1.6247998476028442,0.30877381563186646
1789317054722726000,24.026725830078124,-0.3739432394504547,-0.5204147100448608,-0.460147887468338
1789317054732682000,24.036681884765624,0.24065494537353516,1.630313754081726,-1.3193984031677246
1789317054742636800,24.04663671875,0.3858829736709595,1.3441429138183594,-1.4147995710372925
1789317054752593000,24.056593017578123,-0.10399750620126724,-0.3021090030670166,-0.6915369033813477
1789317054762548000,24.0665478515625,-0.5923855304718018,-1.8386573791503906,0.41244614124298096
1789317054772503800,24.07650390625,-0.5516700744628906,-1.1524717807769775,1.1466096639633179
1789317054782459100,24.086459228515626,0.07780051976442337,1.0084812641143799,0.9003266096115112
1789317054792415000,24.0964150390625,0.18471179902553558,0.0787573978304863,1.0101391077041626
1789317054802371000,24.10637109375,-0.33061864972114563,-0.33370155096054077,0.7948582172393799
1789317054812326000,24.116325927734376,-0.540427029132843,-0.6893872022628784,-0.1757257580757141
1789317054822281700,24.12628173828125,-0.3152626156806946,0.607611894607544,-1.854626178741455
1789317054832237000,24.136237060546875,-0.15945464372634888,0.3998541831970215,-2.2430107593536377
1789317054842193000,24.14619287109375,-0.40816059708595276,-0.3699338436126709,-1.5809656381607056
1789317054852147700,24.156147705078126,-0.6596239805221558,-1.289162278175354,0.14290042221546173
1789317054862104000,24.16610400390625,-0.3420489430427551,-1.860593557357788,1.5128456354141235
1789317054872059000,24.176058837890626,0.12505245208740234,0.15516109764575958,1.7664473056793213
1789317054882015000,24.186014892578125,0.41398707032203674,0.757032573223114,1.7786885499954224
1789317054891970800,24.195970703125,0.19464725255966187,-0.0004266384057700634,1.2084378004074097
1789317054901926000,24.20592578125,-0.3761744201183319,-0.9217855334281921,0.7406234741210938
1789317054911882000,24.215882080078124,-0.45997053384780884,-1.3072917461395264,-0.2014542818069458
1789317054921836800,24.2258369140625,0.05212844908237457,0.5987185835838318,-1.8044391870498657
1789317054931793000,24.23579296875,0.3552536964416504,0.8604074120521545,-2.079172372817993
1789317054941748000,24.245748046875,0.24652110040187836,0.5719481706619263,-2.022312879562378
1789317054951704000,24.2557041015625,-0.057365819811820984,0.9310043454170227,-1.3437024354934692
1789317054961659000,24.265658935546874,0.09965042769908905,0.8788689970970154,-0.8557197451591492
1789317054971614700,24.27561474609375,0.09431105852127075,-2.177612781524658,0.33544111251831055
1789317054981571000,24.285571044921873,-0.32685187458992004,-1.8617602586746216,2.003391981124878
1789317054991526000,24.29552587890625,0.05650455504655838,-1.124644160270691,2.8891124725341797
1789317055001482000,24.30548193359375,0.6969069242477417,-0.08899378776550293,2.8029403686523438
1789317055011437000,24.31543701171875,0.7408871650695801,1.1465035676956177,1.9493260383605957
1789317055021393000,24.325392822265623,0.38649818301200867,1.588767647743225,0.05462782457470894
1789317055031348000,24.335347900390627,-0.20512571930885315,1.358432412147522,-2.286780834197998
1789317055041303800,24.3453037109375,-0.8035848736763,-0.6637308597564697,-3.0753138065338135
1789317055051259000,24.3552587890625,-0.8064666986465454,-2.2308833599090576,-2.224846124649048
1789317055061215000,24.365215087890626,-0.162118062376976,-1.6535428762435913,-0.5382214188575745
1789317055071169800,24.375169677734377,0.8583996891975403,2.9707958698272705,0.3266628086566925
1789317055081126000,24.3851259765625,1.5238263607025146,2.310171365737915,0.5919051170349121
1789317055091082000,24.39508203125,0.5812098979949951,0.2549467980861664,0.5642253160476685
1789317055101037000,24.405037109375,-0.8183726072311401,-1.5774147510528564,0.7524434328079224
1789317055110993000,24.414992919921875,-1.0083491802215576,-3.1432693004608154,1.0246578454971313
1789317055120947700,24.42494775390625,-0.3350810706615448,-1.6059298515319824,1.1856486797332764
1789317055130904000,24.434904052734375,0.7168673276901245,2.012551784515381,0.8564949631690979
1789317055140859000,24.44485888671875,1.3651952743530273,2.712172031402588,0.22026552259922028
1789317055150815000,24.45481494140625,0.8039710521697998,1.2758359909057617,-0.5493856072425842
1789317055160770000,24.46477001953125,-0.28350815176963806,-0.34087157249450684,-1.6264007091522217
1789317055170726000,24.474725830078125,-0.7935940623283386,-1.3824304342269897,-2.0811538696289062
1789317055180682000,24.484681884765624,-0.4420735538005829,-0.3865961730480194,-1.6148090362548828
1789317055190636800,24.49463671875,0.18814194202423096,-0.06176057085394859,0.11621102690696716
1789317055200593000,24.504593017578124,0.7176159024238586,1.2983027696609497,1.0633655786514282
1789317055210548000,24.5145478515625,0.8357755541801453,2.878159999847412,0.7885206937789917
1789317055220503800,24.52450390625,0.546856164932251,0.14721527695655823,-0.10894938558340073
1789317055230459000,24.534458984375,-0.31024229526519775,-1.658408761024475,-0.6128641963005066
1789317055240415000,24.5444150390625,-0.7465596795082092,-2.092174768447876,-0.11335612088441849
1789317055250370000,24.5543701171875,-0.30610933899879456,-1.4121544361114502,0.9835759401321411
1789317055260326000,24.564325927734377,0.49116119742393494,3.129403591156006,0.8830509185791016
1789317055270282000,24.574281982421876,1.0141098499298096,3.479968786239624,0.4391597807407379
1789317055280237000,24.584237060546876,0.46287283301353455,0.6719573736190796,-0.512108325958252
1789317055290193000,24.59419287109375,-0.7140536904335022,-1.8305994272232056,-0.528771698474884
1789317055300148000,24.60414794921875,-0.9140376448631287,-3.5836400985717773,0.12419252097606659
1789317055310103800,24.614103759765626,-0.19167862832546234,-1.6349852085113525,0.2519369125366211
1789317055320059000,24.624058837890626,0.7151860594749451,2.4373674392700195,0.3930839002132416
1789317055330015000,24.634014892578126,1.132035732269287,2.679687738418579,0.2241305708885193
1789317055339969800,24.6439697265625,0.28445568680763245,1.403559684753418,-0.3034704029560089
1789317055349926000,24.65392578125,-0.8147035837173462,-0.7809725403785706,-0.6605827212333679
1789317055359882000,24.663882080078125,-0.9308581352233887,-1.8006998300552368,-1.245992660522461
1789317055369836800,24.6738369140625,-0.2312779575586319,-0.905504584312439,-0.9320365786552429
1789317055379793000,24.68379296875,0.5140958428382874,-0.25225648283958435,0.14478035271167755
1789317055389748000,24.693748046875,0.7622965574264526,0.7461415529251099,1.202368974685669
1789317055399706600,24.70370654296875,0.6098228693008423,1.0589479207992554,1.300764799118042
1789317055409661700,24.71366162109375,0.13591016829013824,0.32966524362564087,0.5505304932594299
1789317055419617500,24.723617431640626,-0.5762734413146973,-0.7689475417137146,0.30571597814559937
1789317055429572900,24.73357275390625,-0.9645655155181885,-1.2813999652862549,0.7924296855926514
1789317055439528700,24.74352880859375,-0.5433876514434814,-0.7154014706611633,1.0982370376586914
1789317055449484800,24.75348486328125,0.33212387561798096,2.0088677406311035,0.15769855678081512
1789317055459439900,24.76343994140625,0.7881995439529419,2.7198805809020996,-0.8582355976104736
1789317055469395700,24.773395751953124,0.48661917448043823,0.6814296841621399,-1.9624897241592407
1789317055479350800,24.783350830078124,-0.34398534893989563,-1.532238483428955,-1.7832406759262085
1789317055489306600,24.793306640625,-0.6929720640182495,-2.780094623565674,-0.4242972135543823
1789317055499261700,24.80326171875,-0.16938184201717377,-1.6412962675094604,0.6458791494369507
1789317055509217800,24.8132177734375,0.6532206535339355,2.753016948699951,1.0660606622695923
1789317055519172600,24.823172607421874,1.076467514038086,3.0049996376037598,0.8403578400611877
1789317055529128700,24.833128662109374,0.26164305210113525,1.3107978105545044,0.011493138037621975
1789317055539083800,24.843083740234373,-0.8159770965576172,-1.2426751852035522,-0.48255598545074463
1789317055549039600,24.85303955078125,-0.888096034526825,-3.2015442848205566,-0.4812861979007721
1789317055558995700,24.86299560546875,-0.1889704465866089,-2.2669625282287598,0.11658067256212234
1789317055568950500,24.872950439453124,0.8168991208076477,0.7261598706245422,0.7812292575836182
1789317055578907000,24.882906982421876,1.5429660081863403,3.6689631938934326,0.4168078899383545
1789317055588861700,24.89286181640625,1.0702238082885742,2.395587921142578,-0.4186862111091614
1789317055598817800,24.90281787109375,-0.4201277792453766,-0.12162230163812637,-1.1468874216079712
1789317055608772900,24.91277294921875,-1.2704471349716187,-2.6066017150878906,-1.0941253900527954
1789317055618728700,24.922728759765626,-0.9294442534446716,-2.605595588684082,-0.3397727608680725
1789317055628683800,24.932683837890625,0.11544350534677505,-0.1504845768213272,0.9914363026618958
1789317055638639600,24.9426396484375,1.3022487163543701,2.0504796504974365,1.4269683361053467
1789317055648595700,24.952595703125,1.5265330076217651,2.5949084758758545,0.8191513419151306
1789317055658550800,24.96255078125,0.6321524381637573,1.029074788093567,-0.5232653617858887
1789317055668506600,24.972506591796876,-0.5421077609062195,-1.7765811681747437,-1.306800127029419
1789317055678461700,24.982461669921875,-1.1054999828338623,-3.0519723892211914,-0.8618178367614746
1789317055688417800,24.992417724609375,-0.7401276230812073,-1.929364562034607,0.5468175411224365
1789317055698372600,25.00237255859375,0.37786394357681274,1.6393492221832275,1.1275871992111206
1789317055708328700,25.01232861328125,1.2729579210281372,3.0998830795288086,0.8634154796600342
1789317055718283800,25.02228369140625,0.8883719444274902,1.6448659896850586,0.2507917284965515
1789317055728239900,25.032239990234373,-0.2992194592952728,-0.8214128613471985,-0.3182632029056549
1789317055738195700,25.04219580078125,-0.8840927481651306,-3.1475071907043457,-0.21014603972434998
1789317055748150800,25.05215087890625,-0.44191616773605347,-2.1882481575012207,-0.3129368722438812
1789317055758106600,25.062106689453124,0.4235435426235199,1.2907394170761108,0.0468793585896492
1789317055768061700,25.072061767578123,0.9955138564109802,2.047701358795166,0.2877524197101593
1789317055778017800,25.082017822265627,0.6557232737541199,1.7818816900253296,-0.3574715852737427
1789317055787972600,25.09197265625,-0.20204710960388184,-0.2776435911655426,-0.4084511399269104
1789317055797928700,25.1019287109375,-0.7176342606544495,-2.0178110599517822,-0.3466607332229614
1789317055807883800,25.1118837890625,-0.6022086143493652,-1.7800379991531372,0.17746266722679138
1789317055817839600,25.121839599609373,0.08576150983572006,-0.08775834739208221,0.8384491205215454
1789317055827795700,25.131795654296877,0.8160476684570312,2.224229335784912,0.5150548219680786
1789317055837750800,25.141750732421876,0.7651439905166626,2.0786290168762207,-0.01296160463243723
1789317055847707000,25.151706787109376,0.021526064723730087,0.5655161142349243,-1.056278944015503
1789317055857661700,25.16166162109375,-0.7321101427078247,-1.213026762008667,-1.4121686220169067
1789317055867617500,25.171617431640627,-0.7415406703948975,-2.153965950012207,-0.7713108062744141
1789317055877572900,25.18157275390625,-0.12542849779129028,-1.347097396850586,0.32534798979759216
1789317055887528700,25.19152880859375,0.5496362447738647,0.9469619989395142,1.4209107160568237
1789317055897483800,25.20148388671875,0.9398007988929749,2.4540717601776123,1.3629800081253052
1789317055907439600,25.211439697265625,0.5816304087638855,1.0609681606292725,0.7683312892913818
1789317055917394700,25.221394775390625,-0.4127063453197479,-0.9641210436820984,0.324496328830719
1789317055927350800,25.231350830078124,-0.8548936247825623,-2.0323712825775146,-0.2778792977333069
1789317055937306600,25.241306640625,-0.35156843066215515,-0.9825090765953064,-0.8410369157791138
1789317055947261700,25.25126171875,0.5060200691223145,1.3132596015930176,-1.0119670629501343
1789317055957217800,25.2612177734375,0.9331218600273132,1.390956997871399,-0.8234856128692627
1789317055967172600,25.271172607421875,0.472514271736145,0.336600661277771,-0.041541051119565964
1789317055977128700,25.281128662109374,-0.1650182455778122,-1.2156115770339966,0.811725378036499
1789317055987083800,25.291083740234374,-0.3746441900730133,-1.314132571220398,0.7751990556716919
1789317055997039900,25.301039794921873,-0.17348070442676544,-0.08994320780038834,0.7977911829948425
1789317056006994700,25.31099462890625,0.27523770928382874,0.8661417365074158,0.563217282295227
1789317056016950500,25.320950439453124,0.2919016182422638,1.0996695756912231,0.4478480815887451
1789317056026906600,25.33090673828125,0.05036596953868866,0.7891162037849426,-0.16329412162303925
1789317056036861700,25.34086181640625,-0.025142371654510498,0.39811408519744873,-1.3141469955444336
1789317056046817800,25.35081787109375,0.002895388752222061,-0.7837621569633484,-1.511602759361267
1789317056056772600,25.360772705078126,-0.06561575829982758,-1.5053819417953491,-0.39093101024627686
1789317056066728700,25.370728759765626,-0.04308781400322914,-0.9927912950515747,1.1068308353424072
1789317056076683800,25.380683837890626,0.23336561024188995,0.3853468894958496,1.8273156881332397
1789317056086639600,25.3906396484375,0.41752931475639343,2.2390177249908447,1.345746636390686
1789317056096594700,25.4005947265625,0.18067044019699097,1.8839590549468994,0.09200369566679001
1789317056106550800,25.41055078125,-0.5239524245262146,0.3416942059993744,-1.0767173767089844
1789317056116507000,25.4205068359375,-0.9389877319335938,-1.1322506666183472,-1.3167017698287964
1789317056126461700,25.430461669921876,-0.43009838461875916,-1.4022531509399414,-1.309110164642334
1789317056136417500,25.44041748046875,0.4573259949684143,0.18800584971904755,-0.7500138282775879
1789317056146372900,25.450372802734375,1.0299652814865112,0.4618792235851288,0.22771704196929932
1789317056156328700,25.46032861328125,0.8004778027534485,0.6100226044654846,0.7441369891166687
1789317056166283500,25.470283447265626,0.10108693689107895,-0.030972296372056007,1.1748601198196411
1789317056176239600,25.480239501953125,-0.4676963686943054,-0.6177769303321838,0.9838523864746094
1789317056186194700,25.490194580078125,-0.7140352725982666,0.024474183097481728,0.42357364296913147
1789317056196150800,25.50015087890625,-0.4147513806819916,0.7245520949363708,-0.11939164251089096
1789317056206106600,25.510106689453124,0.1832318753004074,0.8410012125968933,-0.8175065517425537
1789317056216061700,25.520061767578124,0.5141535997390747,0.36774739623069763,-1.0799440145492554
1789317056226017800,25.530017822265624,0.5266664624214172,-0.2815227508544922,-1.0742155313491821
1789317056235972600,25.53997265625,0.4045826494693756,-0.4364500343799591,-1.0241189002990723
1789317056245928700,25.5499287109375,0.2406459003686905,-0.41467946767807007,-0.3146522045135498
1789317056255883800,25.5598837890625,0.03181971609592438,-0.6188448667526245,0.8898230791091919
1789317056265839900,25.56983984375,-0.09726104140281677,0.02112259529531002,1.6407437324523926
1789317056275794700,25.579794677734377,0.08791440725326538,1.841170072555542,0.8377071619033813
1789317056285750500,25.58975048828125,0.27466192841529846,3.330709457397461,-0.8189648985862732
1789317056295705900,25.599705810546876,-0.09570682048797607,-0.7538809776306152,-2.0193545818328857
1789317056305661700,25.60966162109375,-0.7268770337104797,-1.8944990634918213,-0.9462770819664001
1789317056315617800,25.61961767578125,-0.2533624768257141,-2.8337419033050537,0.7664987444877625
1789317056325572600,25.629572509765627,0.7344143390655518,-1.8131181001663208,1.9662795066833496
1789317056335528700,25.63952880859375,1.3788594007492065,2.8397624492645264,1.4244062900543213
1789317056345483800,25.64948388671875,1.4089581966400146,6.0854105949401855,0.18840453028678894
1789317056355439600,25.659439697265626,-0.04748096689581871,-1.7873659133911133,-1.993452548980713
1789317056365394700,25.669394775390625,-2.0756616592407227,-0.9901829957962036,-1.6075053215026855
1789317056375350800,25.679350830078125,-1.7333506345748901,-2.125218152999878,-0.1992177665233612
1789317056385305600,25.6893056640625,0.08311539143323898,-2.0174312591552734,0.9220761060714722
1789317056395259000,25.6992587890625,1.200865626335144,1.6155667304992676,1.8201686143875122
1789317056405214700,25.709214599609375,1.6941747665405273,3.1100637912750244,1.8262214660644531
1789317056415169800,25.719169677734374,1.416340947151184,1.4430053234100342,0.28354623913764954
1789317056425126000,25.7291259765625,-0.19881083071231842,0.3534773886203766,-1.2402431964874268
1789317056435080700,25.739080810546874,-1.5723252296447754,-1.4379229545593262,-1.7250226736068726
1789317056445036800,25.749036865234373,-1.7451907396316528,-2.1527047157287598,-1.0497291088104248
1789317056454992000,25.758991943359376,-0.93382728099823,-0.4607873260974884,0.2284747213125229
1789317056464947700,25.76894775390625,0.4775383472442627,1.5036438703536987,1.0589375495910645
1789317056474902800,25.77890283203125,1.5019956827163696,1.9747989177703857,0.9729984402656555
1789317056484858600,25.788858642578123,1.2855526208877563,1.6216496229171753,-0.11454682052135468
1789317056494815000,25.79881494140625,0.19469864666461945,0.28882142901420593,-1.6087799072265625
1789317056504769800,25.808769775390626,-0.8899471759796143,-1.6205356121063232,-2.0116171836853027
1789317056514725600,25.8187255859375,-1.3008577823638916,-1.9963274002075195,-1.2007724046707153
1789317056524681000,25.828680908203125,-0.824577271938324,-0.24370932579040527,0.4225352704524994
1789317056534636800,25.83863671875,0.28061434626579285,1.4016072750091553,1.1791497468948364
1789317056544592000,25.848591796875,0.9891009330749512,3.02419114112854,-0.04848497733473778
1789317056554547700,25.858547607421876,0.4562508761882782,1.5187042951583862,-0.7135381102561951
1789317056564502800,25.868502685546876,-0.6315318942070007,-1.9189695119857788,-0.16541080176830292
1789317056574459000,25.878458984375,-1.3273133039474487,-3.5839900970458984,0.7745844125747681
1789317056584414700,25.888414794921875,-0.9651961326599121,-0.6679500937461853,0.8179259896278381
1789317056594369800,25.898369873046875,0.29088056087493896,3.478055715560913,0.3134732246398926
1789317056604326000,25.908325927734374,0.8804396986961365,1.7488975524902344,-0.684496283531189
1789317056614280700,25.91828076171875,-0.011711517348885536,0.4957980215549469,-2.1832597255706787
1789317056624236800,25.92823681640625,-1.0446950197219849,-1.2307438850402832,-2.5839858055114746
1789317056634192000,25.93819189453125,-1.0848219394683838,-2.463114023208618,-2.1235179901123047
1789317056644148000,25.94814794921875,-0.48620158433914185,-1.5716255903244019,-0.8004862666130066
1789317056654102800,25.958102783203124,0.2892022430896759,2.794189691543579,1.1921496391296387
1789317056664058600,25.96805859375,1.119046926498413,3.051312208175659,1.2448285818099976
1789317056674014700,25.9780146484375,-0.02509603276848793,-1.6157467365264893,0.24449336528778076
1789317056683969800,25.9879697265625,-1.539093255996704,-0.4308515191078186,1.08144211769104
1789317056693926000,25.99792578125,-0.8918876051902771,-2.053582191467285,0.7566301822662354
1789317056703880700,26.007880615234374,0.24789182841777802,-2.0778274536132812,0.7247396111488342
1789317056713836800,26.0178369140625,0.578022837638855,-1.6099088191986084,2.9365599155426025
1789317056723792000,26.0277919921875,0.9945993423461914,-2.1499462127685547,4.168580055236816
1789317056733747700,26.037747802734376,1.2453428506851196,0.3096713125705719,2.5867788791656494
1789317056743702800,26.047702880859376,0.9714529514312744,8.989836692810059,-0.7253081798553467
1789317056753659000,26.057658935546876,-0.6170567870140076,-2.122354745864868,-3.5677478313446045
1789317056763615000,26.067614990234375,-2.694897413253784,-1.6536197662353516,-4.067745685577393
1789317056773569800,26.07756982421875,-2.4723665714263916,-0.9869736433029175,-2.5585217475891113
1789317056783525600,26.087525634765626,-0.006207029335200787,-2.042246103286743,0.36379072070121765
1789317056793481000,26.09748095703125,2.0282020568847656,0.8179859519004822,1.275114893913269
1789317056803436800,26.107436767578125,2.417966604232788,3.4935462474823,1.8528327941894531
1789317056813391600,26.1173916015625,1.5463591814041138,2.1531271934509277,2.1063249111175537
1789317056823347700,26.12734765625,-0.4550383388996124,-1.6348074674606323,0.5777434706687927
1789317056833302800,26.137302734375,-1.8856266736984253,-2.4051003456115723,0.6378982067108154
1789317056843259000,26.1472587890625,-1.6100512742996216,-2.9667768478393555,2.3643205165863037
1789317056853214700,26.157214599609375,-0.4298451244831085,-0.08595965057611465,3.5742743015289307
1789317056863169800,26.167169677734375,0.97199946641922,4.032410621643066,2.6503806114196777
1789317056873126000,26.1771259765625,1.669774055480957,3.0982842445373535,1.4845261573791504
1789317056883080700,26.187080810546874,0.9796739220619202,-0.1904442459344864,0.5565189123153687
1789317056893036800,26.197036865234374,-0.15260659158229828,-2.8812875747680664,-0.15546256303787231
1789317056902992000,26.206991943359377,-0.14326395094394684,-0.0740867406129837,-3.56756854057312
1789317056912948000,26.216947998046876,0.2630572021007538,3.5884954929351807,-5.40221643447876
1789317056922902800,26.22690283203125,0.1724173128604889,0.6196022629737854,-6.208834171295166
1789317056932858600,26.236858642578124,-0.7812995314598083,0.3058869540691376,-4.432614326477051
1789317056942814700,26.246814697265624,-0.7456550002098083,-2.3770039081573486,0.7420411109924316
1789317056952769800,26.256769775390627,0.5140023231506348,-1.464157223701477,4.013792037963867
1789317056962726000,26.266725830078126,1.4283275604248047,1.1239978075027466,5.730291366577148
1789317056972680700,26.2766806640625,1.477858066558838,1.043060541152954,5.135861396789551
1789317056982636800,26.28663671875,0.45894575119018555,0.48339569568634033,3.353161096572876
1789317056992592000,26.296591796875,-0.6078164577484131,-0.9391922354698181,0.9790962338447571
1789317057002547700,26.306547607421876,-0.9881563186645508,-1.4361599683761597,-1.4327294826507568
1789317057012502800,26.316502685546876,-0.33760493993759155,0.5955216884613037,-3.8194897174835205
1789317057022459000,26.326458984375,0.710553765296936,2.595094680786133,-5.378557205200195
1789317057032414700,26.336414794921875,1.0246232748031616,1.4944552183151245,-5.266106605529785
1789317057042369800,26.346369873046875,0.558509349822998,0.09165029227733612,-3.5943379402160645
1789317057052325600,26.35632568359375,-0.05231087654829025,-0.9565020203590393,-0.45578351616859436
1789317057062281000,26.366281005859374,-0.23719391226768494,0.24889451265335083,2.3733632564544678
1789317057072236800,26.37623681640625,-0.09467777609825134,-0.1742548942565918,4.22407341003418
1789317057082191600,26.386191650390625,-0.09058742225170135,-0.6121137142181396,4.305504322052002
1789317057092147700,26.396147705078125,-0.000020772657080669887,-0.2130475640296936,2.9542906284332275
1789317057102102800,26.406102783203124,0.26979926228523254,-0.5000036954879761,1.4019873142242432
1789317057112059000,26.416058837890624,0.38477084040641785,-0.7998980283737183,0.2028881311416626
1789317057122014700,26.4260146484375,0.27542784810066223,-0.038183603435754776,-1.031324863433838
1789317057131969800,26.4359697265625,0.17427939176559448,1.475504994392395,-2.5098798274993896
1789317057141926000,26.44592578125,-0.011520834639668465,1.4790898561477661,-3.2037301063537598
1789317057151880700,26.455880615234374,-0.326921671628952,0.5694650411605835,-2.578004837036133
1789317057161836800,26.4658369140625,-0.5123602151870728,0.5107724666595459,-0.9176272749900818
1789317057171792000,26.4757919921875,-0.13397590816020966,1.040356993675232,0.5667036175727844
1789317057181747700,26.485747802734377,0.29590409994125366,0.9954808354377747,1.5947977304458618
1789317057191702800,26.495702880859376,0.24364222586154938,0.9247848391532898,1.7441582679748535
1789317057201658600,26.50565869140625,-0.11198432743549347,-0.022537799552083015,1.652600884437561
1789317057211614700,26.51561474609375,-0.28066709637641907,-1.0931376218795776,1.4186434745788574
1789317057221569800,26.52556982421875,-0.20995989441871643,-1.1778324842453003,1.0946468114852905
1789317057231526000,26.53552587890625,-0.07678478956222534,0.16593250632286072,0.5633067488670349
1789317057241480700,26.545480712890626,0.03347034379839897,1.494805932044983,-0.267077773809433
1789317057251436800,26.555436767578126,-0.0110470587387681,1.088118076324463,-1.0927178859710693
1789317057261392000,26.565391845703125,-0.4020662009716034,0.08349329233169556,-1.48195481300354
1789317057271347700,26.57534765625,-0.621269166469574,-0.5311336517333984,-1.7751209735870361
1789317057281302800,26.585302734375,-0.46148401498794556,-0.016441291198134422,-1.6142505407333374
1789317057291259000,26.5952587890625,-0.21461908519268036,0.6013391017913818,-0.707059919834137
1789317057301214700,26.605214599609376,-0.19295135140419006,-0.009119195863604546,0.48075222969055176
1789317057311169800,26.615169677734375,-0.42169424891471863,0.2552245855331421,1.197415828704834
1789317057321125600,26.625125732421875,-0.5103048086166382,-0.4339437186717987,1.2123268842697144
1789317057331080700,26.635080810546874,-0.6120293140411377,-0.5567785501480103,0.7762610912322998
1789317057341036800,26.645036865234374,-0.6789728999137878,-0.31180742383003235,0.4700721502304077
1789317057350991600,26.65499169921875,-0.6477643847465515,0.2105761468410492,0.07723939418792725
1789317057360948000,26.664947998046873,-0.6082622408866882,0.8963190913200378,-0.4235976040363312
1789317057370902800,26.67490283203125,-0.5630180835723877,0.5202469229698181,-0.4948989450931549
1789317057380859000,26.68485888671875,-0.5171400904655457,-0.2704448103904724,-0.42748209834098816
1789317057390814700,26.694814697265624,-0.3858872354030609,-0.8133466839790344,-0.1919984668493271
1789317057400769800,26.704769775390623,-0.23315869271755219,-0.28002792596817017,-0.03955353423953056
1789317057410725600,26.7147255859375,-0.15011920034885406,0.5503885746002197,0.14398859441280365
1789317057420680700,26.7246806640625,-0.14190493524074554,0.37869057059288025,0.4782960116863251
1789317057430636500,26.734636474609374,-0.3048965334892273,0.2964436411857605,0.274208664894104
1789317057440591600,26.744591552734374,-0.5058184266090393,0.01143721118569374,0.259085088968277
1789317057450547700,26.754547607421873,-0.5277823209762573,-0.1625220626592636,0.13795574009418488
1789317057460502500,26.76450244140625,-0.3931558132171631,-0.10071942210197449,0.015354721806943417
1789317057470458600,26.774458740234376,-0.23155492544174194,0.10638529807329178,-0.023238476365804672
1789317057480414700,26.784414794921876,-0.23974601924419403,0.7976457476615906,-0.4091331660747528
1789317057490369500,26.79436962890625,-0.35190263390541077,0.49935415387153625,-0.5093612670898438
1789317057500325600,26.80432568359375,-0.47534361481666565,-0.48008885979652405,-0.3399980366230011
1789317057510280700,26.81428076171875,-0.559784471988678,-0.8453251123428345,-0.0803864523768425
1789317057520236800,26.82423681640625,-0.4358002245426178,-0.5853143334388733,0.17480643093585968
1789317057530191600,26.834191650390625,-0.25903981924057007,0.12063320726156235,0.1622919738292694
1789317057540147700,26.844147705078125,-0.29520660638809204,0.1872689574956894,0.3199159502983093
1789317057550102800,26.854102783203125,-0.5981606245040894,-0.13649232685565948,0.37078791856765747
1789317057560058600,26.86405859375,-0.8184295892715454,-0.6256497502326965,0.09285350888967514
1789317057570014700,26.8740146484375,-0.7931540608406067,-0.8674187064170837,-0.306902140378952
1789317057579969500,26.883969482421875,-0.7523131966590881,-0.5267881751060486,-0.34071069955825806
1789317057589926000,26.89392578125,-0.576594352722168,-0.523472785949707,-0.10760103166103363
1789317057599880700,26.903880615234375,-0.3904383182525635,-0.46149811148643494,-0.18157245218753815
1789317057609836500,26.91383642578125,-0.44150176644325256,0.013167999684810638,-0.5138159394264221
1789317057619792000,26.9237919921875,-0.5813536643981934,-0.8369234204292297,-0.5803976058959961
1789317057629747700,26.933747802734374,-0.8471033573150635,-1.39795982837677,-0.18132451176643372
1789317057639702500,26.94370263671875,-0.9779574871063232,-1.1854279041290283,0.6252415180206299
1789317057649658600,26.95365869140625,-0.6518691182136536,-0.11943185329437256,0.7783125638961792
1789317057659614500,26.963614501953124,-0.26873451471328735,0.40994545817375183,0.6232356429100037
1789317057669569800,26.97356982421875,-0.198128804564476,0.05722387507557869,0.29442551732063293
1789317057679525600,26.983525634765623,-0.3362741470336914,-0.8481147885322571,0.11330018937587738
1789317057689480700,26.993480712890626,-0.36978498101234436,-1.4849152565002441,0.22051186859607697
1789317057699436500,27.0034365234375,-0.12711374461650848,-0.8615486025810242,0.004464789759367704
1789317057709391600,27.0133916015625,0.1479274183511734,0.3981409966945648,-0.16766010224819183
1789317057719347700,27.02334765625,0.2338617593050003,1.164231538772583,-0.5293805003166199
1789317057729302500,27.033302490234377,0.004066647030413151,0.6619481444358826,-0.46215033531188965
1789317057739259000,27.0432587890625,-0.20937666296958923,-0.3050680160522461,-0.38642945885658264
1789317057749214700,27.053214599609376,-0.1764003336429596,-0.45543569326400757,-0.6224286556243896
1789317057759169500,27.06316943359375,0.05469520390033722,-0.2829776406288147,-0.34956467151641846
1789317057769125600,27.073125732421875,0.30000215768814087,-0.17489351332187653,0.12166012078523636
1789317057779080700,27.083080810546875,0.31032323837280273,0.14082050323486328,0.5028316974639893
1789317057789036800,27.093036865234374,0.2324524223804474,0.21897149085998535,0.5485848188400269
1789317057798991600,27.10299169921875,0.09600535780191422,-0.38664811849594116,0.44525468349456787
1789317057808947500,27.112947509765625,-0.13572373986244202,-0.8952197432518005,0.5413969159126282
1789317057818902800,27.12290283203125,-0.1702878475189209,-0.8711013197898865,0.5136910080909729
1789317057828858600,27.132858642578125,0.10353358089923859,-0.41927024722099304,0.19680653512477875
1789317057838814700,27.142814697265624,0.26133599877357483,0.34931936860084534,-0.21129120886325836
1789317057848769800,27.152769775390624,0.10583189129829407,0.5122214555740356,-0.5090238451957703
1789317057858726000,27.162725830078124,-0.13230344653129578,-0.2562919557094574,-0.5685537457466125
1789317057868680700,27.1726806640625,-0.24940450489521027,-0.9078846573829651,-0.3559362590312958
1789317057878636500,27.182636474609374,-0.06905283778905869,-0.4757425785064697,-0.27093908190727234
1789317057888592000,27.192591796875,0.2948971390724182,-0.04915023595094681,-0.15028484165668488
1789317057898547700,27.202547607421874,0.3502264618873596,-0.30349570512771606,0.26384681463241577
1789317057908502500,27.21250244140625,0.04505749046802521,-0.2503691017627716,0.5715950727462769
1789317057918458600,27.222458740234377,-0.18510328233242035,-0.4676782488822937,0.7513368725776672
1789317057928413700,27.23241357421875,-0.24502386152744293,-0.19481369853019714,0.4933106303215027
1789317057938369800,27.242369873046876,-0.17110542953014374,0.23342473804950714,0.0474170483648777
1789317057948325600,27.25232568359375,-0.02189943939447403,0.05511278659105301,-0.13293567299842834
1789317057958280400,27.262280517578127,0.14199495315551758,-0.02202460914850235,-0.5472569465637207
1789317057968236800,27.27223681640625,0.18173277378082275,-0.33880895376205444,-0.4104138910770416
1789317057978191600,27.282191650390626,0.1557115614414215,-0.4516127407550812,-0.22101333737373352
1789317057988147700,27.292147705078126,0.16277240216732025,-0.1104695200920105,-0.4183916449546814
1789317057998102800,27.302102783203125,0.08805342763662338,0.18354985117912292,-0.2482987642288208
1789317058008059000,27.312058837890625,-0.00014034859486855567,0.38305097818374634,-0.14225035905838013
1789317058018013700,27.322013671875,-0.1603475958108902,-0.08818472176790237,0.527060329914093
1789317058027969500,27.331969482421876,-0.09595289081335068,-0.4142611026763916,0.76966392993927
1789317058037925600,27.341925537109375,0.13604918122291565,-0.0929350033402443,0.3883754312992096
1789317058047880700,27.351880615234375,0.2640598714351654,0.4984465539455414,-0.14838334918022156
1789317058057836800,27.3618369140625,0.19300460815429688,0.3705626130104065,-0.5664226412773132
1789317058067791600,27.37179150390625,-0.08352312445640564,-0.4338981807231903,-0.18431764841079712
1789317058077747500,27.38174755859375,-0.18356157839298248,-0.7815206050872803,0.08222696185112
1789317058087702800,27.391702880859373,-0.03394544869661331,-0.1439869999885559,0.09517472237348557
1789317058097658600,27.40165869140625,0.24282915890216827,0.4741305410861969,-0.046240463852882385
1789317058107613400,27.411613525390624,0.23792921006679535,0.02653573639690876,0.10276685655117035
1789317058117569800,27.42156982421875,-0.04200417548418045,-0.4783519208431244,0.35392796993255615
1789317058127524600,27.431524658203124,-0.11300777643918991,-0.880908191204071,0.36169135570526123
1789317058137480700,27.441480712890623,-0.04223347455263138,-0.3716670274734497,0.12503407895565033
1789317058147435800,27.451435791015626,0.057322945445775986,0.2650851905345917,-0.01458799745887518
1789317058157392000,27.461391845703126,0.07508942484855652,0.5370602607727051,-0.19717831909656525
1789317058167346700,27.4713466796875,-0.01287265494465828,0.5051542520523071,-0.5973653793334961
1789317058177302500,27.481302490234373,-0.11929123848676682,-0.24158333241939545,-0.5949451327323914
1789317058187258600,27.491258544921877,-0.1705983728170395,-0.8781752586364746,-0.13107866048812866
1789317058197213700,27.501213623046876,0.024580443277955055,-1.0716642141342163,0.4529813230037689
1789317058207169800,27.511169677734376,0.22467918694019318,0.365701287984848,0.6308863162994385
1789317058217124600,27.52112451171875,0.3077407777309418,1.4641598463058472,0.4470456838607788
1789317058227080700,27.531080810546875,0.10966631025075912,-0.05145040899515152,0.36420539021492004
1789317058237035800,27.541035888671875,-0.315872460603714,-0.9906397461891174,0.12483008205890656
1789317058246991600,27.55099169921875,-0.2916920483112335,-1.2933825254440308,-0.08159073442220688
1789317058256946700,27.56094677734375,0.14473135769367218,-0.7110352516174316,-0.16016916930675507
1789317058266902800,27.57090283203125,0.41486963629722595,0.3348746597766876,0.11161121726036072
1789317058276858600,27.580858642578125,0.39880597591400146,0.7528674006462097,0.1398063749074936
1789317058286813700,27.590813720703125,0.08705048263072968,0.7675299644470215,-0.39980918169021606
1789317058296769500,27.60076953125,-0.2970926761627197,0.10030077397823334,-0.7536522150039673
1789317058306724900,27.610724853515624,-0.44852665066719055,-0.7268751859664917,-0.7880903482437134
1789317058316680700,27.6206806640625,-0.31699633598327637,-0.9177873730659485,-0.15748150646686554
1789317058326635500,27.630635498046875,0.1650611311197281,-0.17300640046596527,0.3183308243751526
1789317058336591600,27.640591552734374,0.6187178492546082,0.3717607855796814,0.5016583204269409
1789317058346546700,27.650546630859374,0.5315954685211182,0.11799082159996033,0.6624463796615601
1789317058356502800,27.660502685546874,-0.05480945110321045,-0.2735505700111389,0.7321320176124573
1789317058366458600,27.670458740234373,-0.3916628360748291,-0.7592155337333679,0.31175124645233154
1789317058376413700,27.68041357421875,-0.4392836391925812,-0.32970279455184937,-0.13117267191410065
1789317058386369800,27.690369873046876,-0.16235961019992828,0.4329138696193695,-0.6752293109893799
1789317058396324600,27.70032470703125,0.13287895917892456,0.25320082902908325,-0.47321468591690063
1789317058406281200,27.71028125,0.3054765462875366,-0.03376968204975128,-0.5196956396102905
1789317058416236300,27.720236328125,0.3625347912311554,-0.5626457929611206,-0.5143280625343323
1789317058426192400,27.7301923828125,0.2605687379837036,-0.7324007153511047,-0.23552490770816803
1789317058436147200,27.740147216796874,0.16261447966098785,-0.5276907086372375,0.1785859912633896
1789317058446103300,27.750103271484374,0.1148432269692421,-0.4167066812515259,1.0161017179489136
1789317058456058400,27.760058349609373,0.20787915587425232,0.18015778064727783,0.9498496651649475
1789317058466014500,27.770014404296877,0.3415674567222595,0.6113656163215637,0.2199249118566513
1789317058475970300,27.77997021484375,0.26766711473464966,0.4600861072540283,-0.4705997407436371
1789317058485925000,27.789925048828124,0.16027969121932983,-0.373737096786499,-0.7783663272857666
1789317058495881200,27.799881103515624,0.1386987566947937,-0.9055346846580505,-0.39295047521591187
1789317058505836300,27.809836181640627,0.4405891001224518,-0.5379095077514648,-0.07610888034105301
1789317058515792400,27.81979248046875,0.9175143837928772,0.13853977620601654,-0.00794527493417263
1789317058525747200,27.829747314453126,0.9536649584770203,1.2056769132614136,-0.07043635100126266
1789317058535703300,27.839703369140626,0.5731234550476074,0.7307138442993164,-0.1449366807937622
1789317058545658400,27.849658447265625,0.0910864993929863,-0.5058778524398804,0.013454821892082691
1789317058555614200,27.8596142578125,-0.04884849861264229,-1.2338718175888062,0.24944818019866943
1789317058565570300,27.8695703125,0.19473806023597717,-0.6745408773422241,0.561494767665863
1789317058575525400,27.879525390625,0.6880788207054138,0.39921876788139343,0.7118690609931946
1789317058585481500,27.8894814453125,1.0160452127456665,1.0763351917266846,0.4161820411682129
1789317058595436300,27.899436279296875,0.8314024209976196,1.0246198177337646,-0.274733304977417
1789317058605392100,27.90939208984375,0.3945678174495697,0.07091598212718964,-1.0595815181732178
1789317058615347500,27.919347412109374,0.01074079517275095,-0.7674979567527771,-1.215936541557312
1789317058625303300,27.92930322265625,0.02130981534719467,-0.728411853313446,-0.7985107898712158
1789317058635258000,27.939258056640625,0.40830013155937195,0.7118187546730042,-0.06382878124713898
1789317058645214200,27.949214111328125,0.8577722311019897,0.6342922449111938,0.6576950550079346
1789317058655170300,27.95917041015625,0.7527638077735901,0.262294739484787,1.101405382156372
1789317058665125400,27.96912548828125,0.4018228054046631,-0.2380298674106598,1.0641483068466187
1789317058675081200,27.979081298828124,0.23938356339931488,-0.7767018675804138,0.6641353964805603
1789317058685036300,27.989036376953123,0.16928249597549438,-0.22402989864349365,0.20203325152397156
1789317058694992400,27.998992431640627,0.29126858711242676,0.5420880317687988,-0.31811246275901794
1789317058704947200,28.008947265625,0.3820134103298187,0.8212876915931702,-0.6714614629745483
1789317058714903300,28.0189033203125,0.2747687101364136,0.5867066383361816,-0.6570202112197876
1789317058724858400,28.0288583984375,0.2645901143550873,-0.07867883145809174,-0.6168876886367798
1789317058734814500,28.038814453125,0.33454015851020813,0.5418273210525513,-0.7821674942970276
1789317058744770300,28.048770263671877,0.48783624172210693,0.25330042839050293,-0.40046432614326477
1789317058754725000,28.05872509765625,0.3962581157684326,-0.8117208480834961,0.40768203139305115
1789317058764681200,28.06868115234375,0.12846289575099945,-0.7368045449256897,1.2606863975524902
1789317058774636300,28.07863623046875,0.2675648629665375,-0.14579688012599945,1.1908694505691528
1789317058784592400,28.08859228515625,0.4459780156612396,1.0403910875320435,0.3982941210269928
1789317058794547200,28.098547119140626,0.345639169216156,0.8754523992538452,-0.2895500659942627
1789317058804503300,28.10850341796875,-0.009388175792992115,0.008917595259845257,-0.6246793270111084
1789317058814458400,28.118458251953125,-0.18018122017383575,-0.7609543204307556,-0.5298255085945129
1789317058824414200,28.128414306640625,0.05656500905752182,-0.5091364979743958,-0.35628780722618103
1789317058834370300,28.138370361328125,0.4497282803058624,0.7784326672554016,-0.25966379046440125
1789317058844325400,28.148325439453124,0.5320526957511902,0.6072958111763,0.05373380333185196
1789317058854281200,28.15828125,0.17684800922870636,0.15511448681354523,0.3638080358505249
1789317058864236300,28.168236328125,-0.15702450275421143,-0.393684446811676,0.5112038850784302
1789317058874192100,28.178192138671875,-0.21855071187019348,-0.3458372950553894,0.40797337889671326
1789317058884147500,28.1881474609375,0.009147425182163715,0.13168399035930634,0.0949864313006401
1789317058894103300,28.198103271484374,0.1350928395986557,0.6846947073936462,-0.1364571750164032
1789317058904058000,28.20805810546875,0.11600729823112488,0.548805832862854,-0.18571367859840393
1789317058914014500,28.218014404296873,0.053463492542505264,-0.03719450533390045,-0.23149287700653076
1789317058923970300,28.22797021484375,-0.0719093456864357,-0.27230289578437805,-0.11759347468614578
1789317058933925400,28.23792529296875,-0.07035379111766815,0.10228083282709122,-0.21329949796199799
1789317058943881200,28.247881103515624,-0.02714506722986698,0.5123000741004944,-0.06889624148607254
1789317058953836300,28.257836181640624,0.03520246222615242,0.4738900661468506,0.07159402221441269
1789317058963792400,28.26779248046875,-0.01962270401418209,0.09125933796167374,0.3424513638019562
1789317058973747200,28.277747314453126,-0.06551109999418259,-0.26441967487335205,0.4802955090999603
1789317058983703300,28.287703369140626,-0.004414722323417664,-0.08468319475650787,0.11851546168327332
1789317058993658400,28.297658447265626,0.04423057660460472,0.2140989750623703,-0.09541040658950806
1789317059003614200,28.3076142578125,0.08615858852863312,0.25408580899238586,-0.28750208020210266
1789317059013570300,28.3175703125,-0.03941558301448822,0.40358155965805054,-0.3353841304779053
1789317059023525000,28.327525146484376,-0.13766731321811676,0.9402018785476685,-0.551416277885437
1789317059033481500,28.3374814453125,-0.10183928161859512,0.47989657521247864,-0.7095609307289124
1789317059043436300,28.347436279296875,-0.11974770575761795,-0.6315036416053772,-0.12347853183746338
1789317059053392400,28.357392333984375,-0.10036495327949524,-0.9284863471984863,0.5743367671966553
1789317059063347500,28.367347412109375,-0.05357161536812782,0.13347309827804565,1.0278962850570679
1789317059073303300,28.37730322265625,0.16650189459323883,1.5435463190078735,0.6352981328964233
1789317059083258400,28.38725830078125,0.1120021715760231,0.757551908493042,0.09505993872880936
1789317059093214200,28.397214111328125,-0.3678200840950012,-0.10149812698364258,-0.20331929624080658
1789317059103170300,28.40717041015625,-0.45184630155563354,-1.0154342651367188,-0.35894379019737244
1789317059113125400,28.41712548828125,-0.14351002871990204,-0.9906666278839111,-0.09033415466547012
1789317059123081200,28.427081298828124,0.298610121011734,0.1257440745830536,0.014157097786664963
1789317059133036300,28.437036376953124,0.5121503472328186,1.3070405721664429,-0.13661271333694458
1789317059142992400,28.446992431640624,0.24581536650657654,1.800384283065796,-0.46971821784973145
1789317059152947200,28.456947265625,-0.26368144154548645,0.10093380510807037,-0.45348092913627625
1789317059162903300,28.4669033203125,-0.6123622059822083,-1.4061444997787476,0.023751668632030487
1789317059172858000,28.476858154296874,-0.32532429695129395,-1.4297147989273071,0.44334787130355835
1789317059182814500,28.486814453125,0.3653196394443512,0.1598101705312729,0.6390739679336548
1789317059192770300,28.496770263671873,0.8212025165557861,1.202716588973999,0.6276775002479553
1789317059202725400,28.506725341796876,0.5514341592788696,1.0138942003250122,0.4613111615180969
1789317059212681200,28.51668115234375,-0.13053403794765472,-0.1231783926486969,0.2745961546897888
1789317059222636300,28.52663623046875,-0.6153942346572876,-0.9218124747276306,0.07185874134302139
1789317059232592400,28.53659228515625,-0.5856610536575317,-0.03646080568432808,-0.4432770311832428
1789317059242547200,28.546547119140627,-0.06347084790468216,0.9648200869560242,-0.6527503728866577
1789317059252503300,28.55650341796875,0.42677608132362366,1.057395100593567,-0.5985076427459717
1789317059262458400,28.566458251953126,0.44356998801231384,0.4732695519924164,-0.3803097903728485
1789317059272414200,28.576414306640626,0.19140644371509552,-0.5975465178489685,-0.0447206012904644
1789317059282370300,28.586370361328125,-0.0811300054192543,-0.822860062122345,0.17274807393550873
1789317059292325400,28.596325439453125,-0.2377784699201584,0.34765303134918213,0.39522722363471985
1789317059302281500,28.606281494140624,-0.2006995528936386,0.5224472284317017,0.6980571150779724
1789317059312236300,28.616236328125,-0.2659302055835724,0.8430073857307434,0.6703935265541077
1789317059322192100,28.626192138671875,-0.24560177326202393,0.44905582070350647,0.4264373481273651
1789317059332147500,28.6361474609375,-0.06961236894130707,-0.16751496493816376,-0.20830872654914856
1789317059342103300,28.646103271484375,0.010581271722912788,-0.22882519662380219,-0.6172876954078674
1789317059352059400,28.656059326171874,0.12363698333501816,-0.5014042258262634,-0.43441537022590637
1789317059362014200,28.66601416015625,0.21856562793254852,-0.389644980430603,-0.23165293037891388
1789317059371970300,28.67597021484375,0.09178957343101501,0.24786919355392456,0.11152119934558868
1789317059381925400,28.68592529296875,-0.07310856133699417,0.9290844798088074,-0.06808717548847198
1789317059391881200,28.695881103515624,-0.29436424374580383,0.704063355922699,-0.18805938959121704
1789317059401836300,28.705836181640624,-0.4579387903213501,-0.14228390157222748,-0.04923412576317787
1789317059411792400,28.71579248046875,-0.34377893805503845,-0.8961970806121826,0.2902432680130005
1789317059421747200,28.725747314453123,-0.006859504152089357,-0.7617756724357605,0.659083902835846
1789317059431703300,28.735703369140627,0.4022345244884491,0.1253693699836731,0.5090587139129639
1789317059441659100,28.7456591796875,0.5796708464622498,1.0102230310440063,-0.17408870160579681
1789317059451614500,28.755614501953126,0.18083742260932922,0.6566540002822876,-0.7193283438682556
1789317059461570300,28.7655703125,-0.4984380304813385,-0.138115793466568,-0.9390980005264282
1789317059471525000,28.775525146484377,-0.7648676037788391,-1.1906795501708984,-0.2996588945388794
1789317059481481200,28.785481201171876,-0.43635815382003784,-0.7883889079093933,0.17962542176246643
1789317059491436300,28.795436279296876,0.14597424864768982,1.9287177324295044,0.2097329944372177
1789317059501392400,28.805392333984376,0.5940260887145996,1.6100478172302246,0.04977341368794441
1789317059511347200,28.81534716796875,0.23926611244678497,0.043540552258491516,-0.19589947164058685
1789317059521303300,28.82530322265625,-0.4080820381641388,-1.3823238611221313,-0.032455410808324814
1789317059531259400,28.83525927734375,-0.4090956151485443,-2.0985424518585205,0.09311795979738235
1789317059541214200,28.845214111328126,-0.13046640157699585,-0.7397579550743103,0.4727441072463989
1789317059551170300,28.85517041015625,0.24358177185058594,1.602617621421814,0.29497385025024414
1789317059561125400,28.86512548828125,0.3106207251548767,2.264786958694458,-0.2429351508617401
1789317059571081500,28.87508154296875,-0.21383585035800934,0.9659942984580994,-0.6351194381713867
1789317059581036300,28.885036376953124,-0.7545701861381531,-0.9793394207954407,-0.6895821690559387
1789317059590992100,28.8949921875,-0.661630392074585,-2.1950526237487793,-0.21534213423728943
1789317059600947500,28.904947509765623,-0.03657478839159012,-1.1468865871429443,0.26423192024230957
1789317059610903300,28.9149033203125,0.5664908289909363,0.7773956060409546,0.7023813128471375
1789317059620859400,28.924859375,0.6534052491188049,1.3096387386322021,0.7614097595214844
1789317059630814200,28.934814208984374,0.03852901607751846,0.749704897403717,0.45425406098365784
1789317059640770300,28.944770263671874,-0.6798219084739685,-0.6682363748550415,0.12894466519355774
1789317059650725400,28.954725341796873,-0.8926013112068176,-1.3397982120513916,-0.311685174703598
1789317059660681200,28.96468115234375,-0.5669872760772705,-0.43377113342285156,-0.4144914448261261
1789317059670636300,28.97463623046875,0.129745751619339,0.5699961185455322,-0.25514042377471924
1789317059680592400,28.98459228515625,0.5329056978225708,0.9974326491355896,-0.20133498311042786
1789317059690548200,28.99454833984375,0.37985706329345703,0.5263503789901733,-0.3211577832698822
1789317059700503300,29.00450341796875,-0.08562116324901581,-0.24428750574588776,-0.6139989495277405
1789317059710459100,29.014459228515626,-0.49984869360923767,-0.6172578930854797,-0.4607979655265808
1789317059720414500,29.02441455078125,-0.5267274379730225,-1.1243977546691895,0.33250126242637634
1789317059730370300,29.034370361328126,-0.2979254424571991,-0.3250468075275421,1.1048030853271484
1789317059740325000,29.0443251953125,0.1742599457502365,0.6249719858169556,1.2211596965789795
1789317059750281200,29.05428125,0.45376670360565186,0.8653342723846436,0.5775402784347534
1789317059760237300,29.0642373046875,0.19790349900722504,0.22643420100212097,-0.14082156121730804
1789317059770192400,29.0741923828125,-0.25352442264556885,-0.843267023563385,-0.5014743208885193
1789317059780148200,29.084148193359376,-0.4190950095653534,-1.0969760417938232,-0.599301278591156
1789317059790103300,29.094103271484375,-0.061701979488134384,-0.52839195728302,-0.5655752420425415
1789317059800059400,29.104059326171875,0.36301201581954956,1.0200899839401245,-0.6224108338356018
1789317059810014200,29.11401416015625,0.41138967871665955,1.0058597326278687,-0.3648543953895569
1789317059819970300,29.12397021484375,0.026519758626818657,-0.005339637864381075,-0.015920909121632576
1789317059829925400,29.13392529296875,-0.4084372818470001,-0.8480351567268372,0.32789531350135803
1789317059839881200,29.143881103515625,-0.4036862254142761,-0.795808732509613,0.3637704849243164
1789317059849837300,29.15383740234375,-0.10070743411779404,-0.10477115213871002,0.560014545917511
1789317059859792100,29.163792236328124,0.2329842448234558,0.4082319736480713,0.6707807779312134
1789317059869748500,29.17374853515625,0.2452012300491333,0.7756467461585999,0.35695093870162964
1789317059879703300,29.183703369140623,0.048898834735155106,0.5284934043884277,-0.3614431619644165
1789317059889659400,29.193659423828127,-0.17348363995552063,-0.2903660535812378,-0.9774235486984253
1789317059899614200,29.2036142578125,-0.3589155375957489,-0.882042407989502,-0.8178932666778564
1789317059909570300,29.2135703125,-0.29559677839279175,-0.6024366021156311,-0.22273747622966766
1789317059919526400,29.2235263671875,0.05265841633081436,0.54730224609375,0.2878171503543854
1789317059929481200,29.233481201171877,0.4065698981285095,1.0758891105651855,0.4509517252445221
1789317059939437300,29.243437255859376,0.27025091648101807,0.5818117260932922,0.2839853763580322
1789317059949392400,29.253392333984376,-0.16679909825325012,-0.16756369173526764,0.00020399813365656883
1789317059959348200,29.26334814453125,-0.2785208523273468,-1.0617139339447021,-0.17995645105838776
1789317059969303300,29.27330322265625,-0.12061935663223267,-0.7525440454483032,-0.13204485177993774
1789317059979259100,29.283259033203127,0.24092845618724823,0.18867723643779755,-0.057251572608947754
1789317059989215500,29.293215576171875,0.4957823157310486,1.153433918952942,-0.16442835330963135
1789317059999170300,29.30317041015625,0.3091368079185486,0.8274574875831604,-0.09582186490297318
1789317060009126100,29.313126220703126,-0.09116000682115555,-0.39258989691734314,0.10675494372844696
1789317060019081500,29.32308154296875,-0.31113046407699585,-1.1082763671875,0.39000794291496277
1789317060029037300,29.333037353515625,-0.11702249199151993,0.07148803025484085,0.17857320606708527
1789317060038992400,29.342992431640624,0.2255132794380188,1.0241161584854126,0.037638455629348755
1789317060048948200,29.3529482421875,0.30376067757606506,0.6314458847045898,0.031479362398386
1789317060058903300,29.3629033203125,0.02640817128121853,-0.04507346823811531,0.2105785459280014
1789317060068859400,29.372859375,-0.11102612316608429,-0.43656614422798157,-0.02965562976896763
1789317060078815200,29.382815185546875,-0.001449025934562087,0.10363904386758804,-0.5108773708343506
1789317060088770300,29.392770263671874,0.17514465749263763,0.49325764179229736,-0.5477603077888489
1789317060098726400,29.402726318359374,0.27153271436691284,-0.13074176013469696,-0.0046426886692643166
1789317060108681200,29.41268115234375,0.1371472030878067,-0.2505571246147156,0.494706928730011
1789317060118637300,29.42263720703125,0.04598373547196388,0.2875726521015167,0.3711610436439514
1789317060128592100,29.432592041015624,0.09977719187736511,0.7773019075393677,-0.2272464632987976
1789317060138548500,29.442548583984376,-0.02196868136525154,0.1577310413122177,-0.09916520118713379
1789317060148504300,29.45250439453125,-0.16629070043563843,-0.49916505813598633,0.3473723530769348
1789317060158459100,29.462459228515623,-0.004120975267142057,-0.4237595200538635,0.27644649147987366
1789317060168415200,29.472415283203127,0.24351412057876587,1.1845439672470093,-0.15743783116340637
1789317060178370300,29.482370361328126,0.34790152311325073,0.3471294641494751,-0.41323205828666687
1789317060188326400,29.492326416015626,-0.04796646162867546,-0.4922434985637665,-0.1422135978937149
1789317060198281200,29.50228125,-0.4254719316959381,-0.7200271487236023,0.36398860812187195
1789317060208237300,29.5122373046875,-0.24639034271240234,-0.5388155579566956,0.4893806278705597
1789317060218192400,29.5221923828125,0.04495096206665039,0.6323021054267883,0.24368828535079956
1789317060228148200,29.532148193359376,0.1258692443370819,1.557578206062317,-0.3375548720359802
1789317060238104300,29.542104248046876,-0.09610948711633682,0.9427736401557922,-0.736260712146759
1789317060248059400,29.552059326171875,-0.4040209650993347,-0.41933736205101013,-0.6544414758682251
1789317060258015500,29.562015380859375,-0.39196616411209106,-1.3387175798416138,-0.24756932258605957
1789317060267970300,29.57197021484375,-0.05405418202280998,-0.9329511523246765,0.2251524180173874
1789317060277926100,29.581926025390626,0.2428789585828781,0.3801957964897156,0.6762423515319824
1789317060287881500,29.591881591796874,0.3205423355102539,0.9301255345344543,0.7204700112342834
1789317060297837300,29.60183740234375,-0.1174376830458641,0.4965125620365143,0.8693905472755432
1789317060307793400,29.61179345703125,-0.5734725594520569,-0.31439122557640076,0.5002852082252502
1789317060317748200,29.621748291015624,-0.6316930055618286,-0.7897553443908691,-0.04823703691363335
1789317060327704000,29.6317041015625,-0.3253706395626068,-0.15404362976551056,-0.615450918674469
1789317060337659400,29.641659423828123,0.06807359308004379,0.8378371596336365,-0.9765220284461975
1789317060347615200,29.651615234375,0.3278529644012451,0.6503780484199524,-0.9069395065307617
1789317060357570300,29.6615703125,0.25473934412002563,-0.1762373447418213,-0.6718231439590454
1789317060367526400,29.6715263671875,-0.053476009517908096,-0.7650143504142761,-0.2296110838651657
1789317060377481200,29.681481201171874,-0.20163990557193756,-0.6409424543380737,0.06598354130983353
1789317060387437300,29.691437255859373,-0.22032278776168823,0.4231419265270233,0.5663095116615295
1789317060397393200,29.70139306640625,-0.1909497082233429,0.3773012161254883,0.9217029809951782
1789317060407348200,29.71134814453125,-0.2612430453300476,0.3838304877281189,0.7184164524078369
1789317060417304300,29.72130419921875,-0.2431681752204895,0.09286282956600189,0.1738748550415039
1789317060427259100,29.731259033203123,-0.08975917845964432,-0.26414164900779724,-0.5722991824150085
1789317060437215200,29.74121533203125,-0.06489750742912292,-0.3653481602668762,-0.6921281218528748
1789317060447170300,29.75117041015625,0.03153715282678604,-0.49446672201156616,-0.455365389585495
1789317060457126100,29.761126220703126,0.15829403698444366,-0.19079898297786713,-0.3287387490272522
1789317060467082200,29.771082275390626,0.04464816302061081,0.7712022066116333,-0.10384570807218552
1789317060477037300,29.781037353515625,-0.0908697172999382,0.4320129156112671,-0.11210177093744278
1789317060486993400,29.790993408203125,-0.42639365792274475,-0.159670889377594,0.13835760951042175
1789317060496948200,29.8009482421875,-0.5574361085891724,-0.2859204411506653,0.08585471659898758
1789317060506904000,29.810904052734376,-0.36594974994659424,-0.16777807474136353,0.02219212055206299
1789317060516859400,29.820859375,-0.06911036372184753,-0.06918066740036011,0.22412976622581482
1789317060526815200,29.830815185546875,0.2176865190267563,-0.0788697823882103,0.1330949366092682
1789317060536770000,29.84077001953125,0.18531712889671326,0.13150130212306976,-0.08828485757112503
1789317060546726100,29.85072607421875,0.016034360975027084,0.20139063894748688,-0.6535242795944214
1789317060556682000,29.860681884765626,-0.24179238080978394,-0.16172578930854797,-0.7448968291282654
1789317060566637300,29.87063720703125,-0.4438605308532715,-0.3148927092552185,-0.32737812399864197
1789317060576593200,29.88059326171875,-0.38580521941185,-0.2100195437669754,0.30453965067863464
1789317060586548200,29.89054833984375,-0.07020758092403412,0.13500921428203583,0.47575002908706665
1789317060596504300,29.90050439453125,0.10517115890979767,0.3714449107646942,0.5248624682426453
1789317060606459100,29.910459228515624,0.10575758665800095,0.11143837869167328,0.2854357361793518
1789317060616415200,29.920415283203123,-0.08754023164510727,0.22735698521137238,-0.0652218833565712
1789317060626371000,29.93037109375,-0.21481989324092865,1.289104700088501,-0.45936039090156555
1789317060636326400,29.940326416015626,-0.27217984199523926,-0.5334314107894897,-0.5677617192268372
1789317060646282200,29.9502822265625,-0.5136473178863525,-1.393325924873352,0.08398917317390442
1789317060656237000,29.960237060546874,-0.33393457531929016,-1.6914385557174683,0.9848609566688538
1789317060666193200,29.970193115234373,0.10705987364053726,-1.1890544891357422,1.7382042407989502
1789317060676148200,29.980148193359376,0.3371924161911011,0.29134076833724976,2.004336357116699
1789317060686104300,29.990104248046876,0.40039560198783875,1.7048797607421875,0.8334658145904541
1789317060696059100,30.00005908203125,-0.08653302490711212,0.8426547646522522,-0.18176314234733582
1789317060706015200,30.01001513671875,-0.9709703922271729,-0.9663402438163757,-0.41836583614349365
1789317060715971300,30.019971435546875,-1.345577359199524,-2.4823310375213623,0.12523648142814636
1789317060725926100,30.029926025390626,-0.7186492085456848,-0.16484886407852173,-0.3834323287010193
1789317060735882200,30.03988232421875,0.5445855259895325,5.737436294555664,-2.874039649963379
1789317060745837300,30.04983740234375,0.34038928151130676,-4.699289321899414,-2.240007162094116
1789317060755793200,30.059793212890625,-1.3042680025100708,-1.4515050649642944,0.3877573311328888
1789317060765748200,30.069748291015625,-0.6452413201332092,-1.225450873374939,1.8435434103012085
1789317060775704000,30.0797041015625,0.8484940528869629,-1.9205210208892822,2.784572124481201
1789317060785660200,30.08966015625,0.7401958107948303,0.42216137051582336,3.8595151901245117
1789317060795615200,30.099615234375,0.25767573714256287,0.9887765645980835,3.6025705337524414
1789317060805571300,30.1095712890625,-0.11757297068834305,2.3740079402923584,1.5463836193084717
1789317060815526100,30.119526123046874,-1.0573625564575195,3.1716160774230957,-0.7982189059257507
1789317060825482200,30.129482177734374,-1.8568344116210938,-1.1492611169815063,-2.551593542098999
1789317060835437300,30.139437255859374,-1.7868521213531494,-3.120818614959717,-2.9365110397338867
1789317060845393200,30.14939306640625,-0.4631330370903015,-2.8116796016693115,-1.3509635925292969
1789317060855348200,30.15934814453125,1.6490447521209717,3.8611795902252197,-1.4326552152633667
1789317060865304300,30.16930419921875,2.7346630096435547,2.0882620811462402,-1.1943097114562988
1789317060875260200,30.17926025390625,1.1653505563735962,-1.4897499084472656,-0.6962509751319885
1789317060885215200,30.18921533203125,-1.0401638746261597,-2.0755090713500977,1.2522348165512085
1789317060895171000,30.199171142578123,-1.4892655611038208,-3.9325499534606934,2.8699381351470947
1789317060905126100,30.209126220703126,-0.8337079286575317,-2.2790818214416504,3.696058988571167
1789317060915082200,30.219082275390626,0.17826268076896667,2.53918719291687,3.296827554702759
1789317060925037000,30.229037109375,1.0181390047073364,4.557436943054199,1.256514072418213
1789317060934993200,30.2389931640625,0.3541426360607147,3.4067625999450684,-1.4526050090789795
1789317060944949200,30.24894921875,-1.319517970085144,-0.2077135145664215,-1.7852438688278198
1789317060954904300,30.258904296875,-1.8340556621551514,-5.012063980102539,-0.1593363881111145
1789317060964860200,30.268860107421876,-0.7651216387748718,-5.377155303955078,0.32129308581352234
1789317060974815200,30.278815185546875,1.5143953561782837,6.586511135101318,-2.1997299194335938
1789317060984771300,30.288771240234375,2.857631206512451,3.354562759399414,-4.080634117126465
1789317060994726100,30.29872607421875,0.9268208146095276,-2.8634696006774902,-4.853691577911377
1789317061004682200,30.30868212890625,-2.0616796016693115,0.4601342976093292,-2.5394036769866943
1789317061014638000,30.31863818359375,-1.6501390933990479,-1.8470958471298218,0.3265320360660553
1789317061024593200,30.32859326171875,0.2526112198829651,-1.1360459327697754,2.413783311843872
1789317061034549200,30.33854931640625,1.091909646987915,2.366238594055176,3.162013292312622
1789317061044504000,30.348504150390625,0.8951488733291626,1.9652326107025146,3.918180227279663
1789317061054460200,30.358460205078124,0.5344095826148987,-1.3011562824249268,2.975379467010498
1789317061064415200,30.368415283203124,-0.13215218484401703,-2.2839934825897217,0.7727130055427551
1789317061074371000,30.37837109375,-0.3525599241256714,-1.4738836288452148,-0.8711263537406921
1789317061084327200,30.3883271484375,0.2023019641637802,-1.3179739713668823,-1.6613818407058716
1789317061094282200,30.3982822265625,0.24144750833511353,0.1909124255180359,-1.223878264427185
1789317061104238300,30.40823828125,0.06957854330539703,1.9368482828140259,-1.0039869546890259
1789317061114193200,30.418193115234374,0.6118655204772949,6.228991985321045,-3.527772903442383
1789317061124149200,30.428149169921873,0.505162239074707,-2.1618995666503906,-5.0698747634887695
1789317061134104300,30.438104248046876,-0.699359655380249,-0.9370129704475403,-3.652118444442749
1789317061144060200,30.44806005859375,-0.8945795297622681,1.4579964876174927,-0.6751132011413574
1789317061154016300,30.458016357421876,0.5454246997833252,-1.9763014316558838,2.683070421218872
1789317061163971000,30.46797119140625,0.9994009733200073,-0.9386494755744934,3.5741350650787354
1789317061173927400,30.477927490234375,0.7008800506591797,1.0507209300994873,3.7092607021331787
1789317061183882200,30.48788232421875,0.9108165502548218,1.6546342372894287,1.9289978742599487
1789317061193838000,30.497838134765626,0.4191826283931732,0.11450287699699402,-0.03450045362114906
1789317061203793400,30.50779345703125,-0.7276134490966797,-1.0998685359954834,-0.7228471636772156
1789317061213749200,30.517749267578125,-1.0431621074676514,-2.5592002868652344,0.10368750989437103
1789317061223705300,30.527705322265625,-0.2954830527305603,-1.7934011220932007,0.8294098377227783
1789317061233660200,30.53766015625,0.8095125555992126,2.8741893768310547,-0.19933921098709106
1789317061243616000,30.547615966796876,1.6074880361557007,3.952036142349243,-1.454586386680603
1789317061253571300,30.5575712890625,1.190254807472229,0.4903057813644409,-2.0598902702331543
1789317061263527200,30.567527099609375,-0.3126407265663147,-1.7644376754760742,-2.0686378479003906
1789317061273482200,30.577482177734375,-1.228434681892395,-2.1660826206207275,-1.2248988151550293
1789317061283438000,30.58743798828125,-0.631140947341919,0.2420557737350464,0.28860411047935486
1789317061293394400,30.59739453125,0.561426043510437,0.6638275384902954,1.3406211137771606
1789317061303349200,30.607349365234374,0.7423979640007019,2.751373767852783,1.6409796476364136
1789317061313305000,30.61730517578125,0.492309033870697,0.9669700860977173,1.5980793237686157
1789317061323260400,30.627260498046876,0.047030892223119736,-1.2162137031555176,0.45261433720588684
1789317061333216300,30.63721630859375,-0.1817261278629303,-1.2972403764724731,-1.233802080154419
1789317061343171000,30.647171142578124,-0.054790809750556946,-0.7986995577812195,-0.9909923076629639
1789317061353127200,30.657127197265623,0.32848653197288513,-1.0155781507492065,0.3364863991737366
1789317061363083000,30.6670830078125,0.49261635541915894,-0.3862166702747345,1.2400716543197632
1789317061373038300,30.677038330078126,0.18567639589309692,0.8875751495361328,2.0106542110443115
1789317061382994200,30.686994140625,0.27851471304893494,3.8013148307800293,-0.3442455232143402
1789317061392949000,30.696948974609374,-0.17934978008270264,0.401458203792572,-2.077054023742676
1789317061402904800,30.70690478515625,-1.0442936420440674,-2.2198777198791504,-2.150038957595825
1789317061412859600,30.716859619140624,-1.175365686416626,-2.2102620601654053,-1.2292325496673584
1789317061422815700,30.726815673828124,-0.10157109797000885,-1.4381804466247559,0.30176758766174316
1789317061432771600,30.736771484375,1.1439805030822754,1.8453227281570435,1.1863101720809937
1789317061442726700,30.7467265625,1.5307588577270508,2.8928189277648926,0.5553015470504761
1789317061452682800,30.756682861328127,0.3514682948589325,0.966471254825592,-0.2104930579662323
1789317061462637600,30.766637451171874,-1.2110378742218018,-1.9427834749221802,-0.11105301976203918
1789317061472593700,30.77659375,-1.6270973682403564,-3.6019725799560547,0.4284895658493042
1789317061482548700,30.786548828125,-0.8016591668128967,-2.270069122314453,0.8139107823371887
1789317061492504600,30.796504638671873,0.4152238368988037,1.7056471109390259,0.9128301739692688
1789317061502460700,30.806460693359377,1.2835320234298706,2.8484747409820557,0.38508617877960205
1789317061512415700,30.816415771484376,0.8472319841384888,1.6399788856506348,-0.4253782033920288
1789317061522371800,30.826371826171876,-0.30603981018066406,-0.4818723499774933,-2.3880205154418945
1789317061532326700,30.83632666015625,-1.065331220626831,-2.975334882736206,-1.6216362714767456
1789317061542282800,30.84628271484375,-1.0836796760559082,-3.2451224327087402,0.23567244410514832
1789317061552237800,30.85623779296875,-0.3013116419315338,-0.2353086620569229,1.402543067932129
1789317061562193700,30.866193603515626,0.74948650598526,2.3194615840911865,1.9154468774795532
1789317061572149800,30.876149658203126,0.923353910446167,2.8043577671051025,1.4359325170516968
1789317061582104600,30.8861044921875,0.17298190295696259,0.835635244846344,0.2001059353351593
1789317061592061000,30.89606103515625,-0.8009792566299438,-1.553516149520874,-1.1575043201446533
1789317061602015700,30.906015625,-1.242466926574707,-1.7985575199127197,-1.8663057088851929
1789317061611971600,30.9159716796875,-0.55716472864151,-0.7938957810401917,-1.8408914804458618
1789317061621927000,30.925927001953124,0.4105084240436554,-0.6658214330673218,-0.3784916400909424
1789317061631882800,30.9358828125,0.5633221864700317,0.33300086855888367,1.7238478660583496
1789317061641838800,30.9458388671875,0.4673490822315216,2.109598159790039,1.6978267431259155
1789317061651793700,30.955793701171874,0.27121633291244507,1.7786576747894287,0.19739669561386108
1789317061661749500,30.96574951171875,-0.6404622793197632,-1.983741283416748,-0.4442722499370575
1789317061671704800,30.975704833984373,-1.4270050525665283,-2.694523334503174,0.5394722819328308
1789317061681660700,30.98566064453125,-0.5824295878410339,-2.9561381340026855,1.253545880317688
1789317061691615700,30.99561572265625,0.5735735297203064,-0.15959978103637695,1.3276536464691162
1789317061701571600,31.005571533203124,1.2535693645477295,3.349390745162964,0.29715630412101746
1789317061711528000,31.01552783203125,1.2000044584274292,2.96699595451355,-1.7864912748336792
1789317061721482800,31.025482666015623,-0.26598748564720154,-0.3672155439853668,-3.0302226543426514
1789317061731438600,31.0354384765625,-1.4437414407730103,-2.2250359058380127,-2.821178674697876
1789317061741394000,31.045393798828126,-1.2656632661819458,-3.264267683029175,-0.6502208709716797
1789317061751349800,31.055349853515626,-0.0994512215256691,-1.041731357574463,1.5043424367904663
1789317061761304600,31.0653046875,1.226798415184021,2.018747568130493,2.7765238285064697
1789317061771260700,31.0752607421875,1.9285699129104614,4.180737018585205,2.1458210945129395
1789317061781216500,31.085216552734376,1.214674711227417,1.2904011011123657,0.010675281286239624
1789317061791171800,31.095171875,-0.5728848576545715,-2.10677170753479,-0.8861261010169983
1789317061801127700,31.105127685546876,-1.3856475353240967,-3.18361759185791,-1.406632661819458
1789317061811082500,31.11508251953125,-0.6386902332305908,-2.6283681392669678,-0.45127424597740173
1789317061821038800,31.125038818359375,0.832196831703186,0.18926472961902618,0.36961185932159424
1789317061830993700,31.13499365234375,1.828628420829773,2.7738656997680664,0.8157281279563904
1789317061840949800,31.14494970703125,1.8453551530838013,4.652257919311523,-0.10318311303853989
1789317061850905600,31.154905517578126,0.46814218163490295,0.005138569511473179,-2.195930004119873
1789317061860861000,31.16486083984375,-1.4613670110702515,-1.389135479927063,-2.116122245788574
1789317061870816800,31.174816650390625,-1.7411118745803833,-1.6716943979263306,-0.0543987937271595
1789317061880771600,31.184771484375,-0.38452744483947754,-3.025120258331299,2.6605324745178223
1789317061890727700,31.194727783203124,0.9405480623245239,0.6788701415061951,3.380847930908203
1789317061900683500,31.20468359375,1.9213173389434814,3.0905308723449707,2.8554892539978027
1789317061910638800,31.214638916015623,2.1515696048736572,1.4887046813964844,0.6685735583305359
1789317061920594700,31.2245947265625,0.6135537028312683,1.422620177268982,-2.578896999359131
1789317061930549500,31.234549560546874,-1.5968329906463623,0.003838680451735854,-3.0440685749053955
1789317061940505900,31.244505859375,-2.255293130874634,-1.6792943477630615,-2.4653213024139404
1789317061950460700,31.254460693359373,-1.1742135286331177,-1.7112886905670166,-0.8321529030799866
1789317061960416800,31.264416748046877,0.6867972612380981,2.292921781539917,0.5313627123832703
1789317061970372600,31.27437255859375,2.284470558166504,3.107546329498291,0.9972164034843445
1789317061980327700,31.28432763671875,2.0756845474243164,1.4897246360778809,0.5914872884750366
1789317061990283800,31.29428369140625,0.21195033192634583,-1.0256102085113525,0.15540637075901031
1789317062000238600,31.304238525390623,-1.2018592357635498,-3.1127431392669678,0.9821645021438599
1789317062010194700,31.314194580078127,-1.3673875331878662,-2.9345712661743164,1.7087496519088745
1789317062020149800,31.324149658203126,-0.5067654848098755,1.5522865056991577,1.5738930702209473
1789317062030105600,31.334105712890626,0.9648193120956421,5.236534118652344,0.11070574074983597
1789317062040061700,31.344061767578125,1.1732345819473267,2.2016148567199707,-2.1917407512664795
1789317062050016800,31.354016845703125,-0.20936334133148193,-1.427553653717041,-3.8759701251983643
1789317062059972900,31.363972900390625,-0.950843334197998,-2.9333131313323975,-1.7211815118789673
1789317062069927700,31.373927734375,-0.09078982472419739,-4.3958659172058105,0.7027738690376282
1789317062079883800,31.3838837890625,0.6479630470275879,1.0130547285079956,2.2820329666137695
1789317062089838800,31.3938388671875,1.2805373668670654,8.778664588928223,2.3661112785339355
1789317062099794700,31.403794677734375,0.8068253993988037,-1.4984867572784424,-0.20162765681743622
1789317062109750800,31.413750732421875,-1.956397533416748,-1.0793722867965698,-0.6594213247299194
1789317062119705600,31.42370556640625,-2.4267501831054688,-1.8971086740493774,-0.09504901617765427
1789317062129661700,31.43366162109375,-0.49303847551345825,-4.199773788452148,0.8277384042739868
1789317062139616800,31.44361669921875,0.7954481244087219,0.8307941555976868,1.0946720838546753
1789317062149572600,31.453572509765625,1.4314357042312622,5.534432411193848,0.17025135457515717
1789317062159527700,31.463527587890624,1.2867858409881592,2.584151268005371,-1.4163774251937866
1789317062169483800,31.47348388671875,-0.6993599534034729,-0.9218912720680237,-3.1469838619232178
1789317062179439900,31.48343994140625,-2.237499237060547,-2.220576763153076,-1.467002034187317
1789317062189394700,31.493394775390627,-1.816296100616455,-3.785405158996582,0.9119153618812561
1789317062199350500,31.5033505859375,-0.5344218611717224,3.125037908554077,1.8867769241333008
1789317062209305900,31.513305908203126,0.9080156683921814,4.719351291656494,1.6257601976394653
1789317062219261700,31.52326171875,0.9322012066841125,1.3141483068466187,0.9755997657775879
1789317062229216800,31.533216796875,-0.3314184248447418,-2.4213743209838867,0.2410333901643753
1789317062239172600,31.543172607421877,-1.0900301933288574,-4.938040256500244,0.4992465674877167
1789317062249128700,31.553128662109376,-0.855063796043396,-3.8411688804626465,0.6765236258506775
1789317062259083800,31.563083740234376,-0.04616536572575569,2.724534511566162,0.1388537585735321
1789317062269039600,31.57303955078125,0.6202675104141235,4.77789831161499,-0.1239704117178917
1789317062278994700,31.58299462890625,0.17439444363117218,2.4644227027893066,-1.5103881359100342
1789317062288950800,31.59295068359375,-1.1305060386657715,-0.7102890014648438,-2.2668726444244385
1789317062298905600,31.602905517578126,-1.5065821409225464,-3.0788488388061523,-2.4494333267211914
1789317062308861700,31.61286181640625,-0.6248971819877625,-1.6620615720748901,-1.6671135425567627
1789317062318817500,31.622817626953125,0.4394146502017975,-1.1519458293914795,0.9611667990684509
1789317062328772900,31.63277294921875,0.889887273311615,0.2643435001373291,2.569535970687866
1789317062338728700,31.642728759765625,0.6623609066009521,2.948080539703369,2.296292543411255
1789317062348683500,31.65268359375,0.14372122287750244,1.3057976961135864,0.6480019688606262
1789317062358639600,31.6626396484375,-0.7536442279815674,-2.324978828430176,-0.482074499130249
1789317062368594700,31.6725947265625,-1.5575462579727173,-2.265406847000122,-0.5309778451919556
1789317062378550800,31.68255078125,-0.9276551604270935,-1.637441635131836,-0.0358557365834713
1789317062388506600,31.692506591796874,0.4300861358642578,-0.2646785378456116,0.44639852643013
1789317062398461700,31.702461669921874,1.028941035270691,1.7238763570785522,0.9924477338790894
1789317062408417800,31.712417724609374,1.1869397163391113,3.0070724487304688,-0.6223194599151611
1789317062418372900,31.722372802734377,0.28488925099372864,0.7153109312057495,-2.2267892360687256
1789317062428328700,31.73232861328125,-1.163352370262146,-2.148759365081787,-1.9663034677505493
1789317062438283800,31.74228369140625,-1.7206952571868896,-3.271688938140869,-0.40149763226509094
1789317062448239900,31.752239990234376,-0.8020722270011902,-1.8000856637954712,1.2168315649032593
1789317062458194700,31.762194580078123,0.9221967458724976,3.191117763519287,0.8887666463851929
1789317062468150800,31.77215087890625,1.590667486190796,2.816286325454712,0.36100107431411743
1789317062478106600,31.782106689453126,0.6659502983093262,0.6487934589385986,-0.4695645570755005
1789317062488062000,31.79206201171875,-0.6926586627960205,-2.89078688621521,0.1291358768939972
1789317062498017800,31.802017822265626,-1.0805363655090332,-3.998217821121216,0.3319547772407532
1789317062507972600,31.81197265625,-0.22272469103336334,2.840334892272949,-0.5733088254928589
1789317062517929000,31.821928955078125,0.7512401938438416,1.0621416568756104,0.014673484489321709
1789317062527883800,31.8318837890625,0.3998986780643463,1.1158157587051392,-0.15262362360954285
1789317062537839900,31.84183984375,-0.38581961393356323,-0.7173330783843994,0.9001532196998596
1789317062547795700,31.851795654296875,-0.2609780728816986,-3.3883376121520996,1.42955482006073
1789317062557750800,31.861750732421875,0.18762795627117157,-1.924696922302246,0.9191836714744568
1789317062567707000,31.871706787109375,0.7765503525733948,1.4900479316711426,0.5497307777404785
1789317062577661700,31.88166162109375,1.016998052597046,1.1875981092453003,0.3658120632171631
1789317062587617800,31.89161767578125,0.1518087089061737,0.7212333083152771,0.09973857551813126
1789317062597572900,31.90157275390625,-0.6928434371948242,0.6794126033782959,-1.0570355653762817
1789317062607528700,31.91152880859375,-0.5418204069137573,0.9162325859069824,-2.639164686203003
1789317062617484800,31.92148486328125,-0.37665751576423645,-0.6828563213348389,-2.2260327339172363
1789317062627439600,31.931439697265624,-0.1388481706380844,-0.6282892227172852,-1.5279604196548462
1789317062637396000,31.94139599609375,0.40532299876213074,-0.5378972887992859,0.4318898916244507
1789317062647350800,31.951350830078123,1.1598562002182007,0.1848561316728592,1.7720788717269897
1789317062657307000,31.961306884765627,1.279163122177124,-0.21409684419631958,2.1426188945770264
1789317062667262000,31.971261962890626,0.44858604669570923,-0.5770441293716431,2.2797765731811523
1789317062677217800,31.9812177734375,-0.3942042887210846,-0.3130708336830139,1.2225924730300903
1789317062687174000,31.991173828125,-0.656322181224823,-0.17628315091133118,0.16343127191066742
1789317062697128700,32.00112866210937,-0.39123114943504333,0.1644003987312317,-0.8708539605140686
1789317062707084800,32.01108471679687,-0.10901037603616714,0.3870691657066345,-1.0602613687515259
1789317062717039900,32.021039794921876,0.2799038290977478,0.46366220712661743,-1.3514277935028076
1789317062726995700,32.03099560546875,0.5306721329689026,-0.20723360776901245,-1.0839393138885498
1789317062736950800,32.04095068359375,0.46248242259025574,-0.9088239669799805,-0.28137922286987305
1789317062746907000,32.05090698242188,0.1710369884967804,-0.530341386795044,0.5721447467803955
1789317062756863000,32.06086303710938,-0.06392518430948257,0.9981450438499451,0.7602818608283997
1789317062766817800,32.07081787109375,-0.3090483844280243,1.9760316610336304,0.4224793314933777
1789317062776773600,32.08077368164062,-0.4860857427120209,1.1044237613677979,-0.5866861343383789
1789317062786729000,32.09072900390625,-0.6873171329498291,-1.2322885990142822,-0.45880645513534546
1789317062796684800,32.100684814453125,-0.5060997009277344,-2.375241756439209,0.29339566826820374
1789317062806639900,32.11063989257813,0.3677750825881958,-1.528847575187683,0.37203508615493774
1789317062816595700,32.120595703125,1.1898775100708008,1.9857392311096191,0.09680190682411194
1789317062826551600,32.130551513671875,1.3148289918899536,3.1970067024230957,-0.47996392846107483
1789317062836507000,32.1405068359375,0.181806281208992,0.147603839635849,-0.8153834939002991
1789317062846462700,32.15046264648438,-1.5061837434768677,-1.3963472843170166,-0.5128393173217773
1789317062856417800,32.160417724609374,-1.6756579875946045,-2.7254817485809326,0.23522795736789703
1789317062866374000,32.170373779296874,-0.4479873776435852,-2.263612985610962,1.0554027557373047
1789317062876328700,32.18032861328125,0.9557549953460693,0.973943293094635,1.2558099031448364
1789317062886284800,32.19028491210938,1.7353647947311401,4.632254600524902,0.3678581714630127
1789317062896240600,32.20024072265625,1.1233147382736206,2.5877859592437744,-0.9097195863723755
1789317062906196000,32.21019604492187,-0.6913462281227112,-1.5733731985092163,-0.8628908395767212
1789317062916151800,32.22015185546875,-1.9149597883224487,-4.313816070556641,0.43020570278167725
1789317062926106600,32.23010668945312,-1.1049578189849854,-0.39222556352615356,-0.34149155020713806
1789317062936062700,32.24006274414062,0.8186538219451904,4.432042598724365,-0.7418555021286011
1789317062946017800,32.250017822265626,1.598728060722351,1.5170505046844482,-0.7337514758110046
1789317062955974000,32.259973876953126,0.33862119913101196,0.34641680121421814,-0.6965857148170471
1789317062965929700,32.2699296875,-0.6498326063156128,-2.694265842437744,0.5816881656646729
1789317062975884800,32.279884765625,-0.49917811155319214,-3.8014018535614014,0.9751867055892944
1789317062985841000,32.2898408203125,0.11627201735973358,3.879006862640381,0.37832653522491455
1789317062995795700,32.29979565429687,0.8991864919662476,2.519036054611206,0.5866962671279907
1789317063005751800,32.30975170898437,0.2587183713912964,1.094090223312378,0.06772977858781815
1789317063015707000,32.319706787109375,-0.765022873878479,-0.2949932813644409,-0.24746198952198029
1789317063025663000,32.3296630859375,-0.5036998987197876,-2.736360549926758,-0.7499783635139465
1789317063035617800,32.33961767578125,0.04930496588349342,-1.814807415008545,-0.557011067867279
1789317063045573600,32.34957373046875,0.6607617139816284,0.7653059363365173,0.20958411693572998
1789317063055529700,32.35952978515625,1.2390950918197632,1.0217816829681396,0.7336326837539673
1789317063065484800,32.36948486328125,0.6642509698867798,0.9286964535713196,1.2030627727508545
1789317063075441000,32.37944091796875,-0.050275687128305435,3.5756425857543945,-0.20105721056461334
1789317063085395700,32.389395751953124,-0.37750014662742615,-1.2109452486038208,-1.635107398033142
1789317063095351800,32.399351806640624,-1.181654691696167,-2.1536221504211426,-0.768912136554718
1789317063105307000,32.40930688476563,-1.0975682735443115,-1.3790926933288574,0.5390927791595459
1789317063115262700,32.4192626953125,0.3287278115749359,-1.3153225183486938,1.7595611810684204
1789317063125218800,32.42921875,1.3764179944992065,1.3528040647506714,1.527055263519287
1789317063135174000,32.439173828125,1.4828715324401855,5.235039710998535,-0.21755096316337585
1789317063145129700,32.44912963867188,0.39058026671409607,0.3374062478542328,-1.8428092002868652
1789317063155084800,32.45908471679687,-1.5597639083862305,-2.5474061965942383,-1.4537190198898315
1789317063165040600,32.46904052734375,-2.3147146701812744,-3.137510299682617,0.04902559891343117
1789317063174996000,32.478995849609376,-0.8640322685241699,0.07446464896202087,0.2668601870536804
1789317063184951800,32.488951904296876,1.0758321285247803,2.827023983001709,0.22110441327095032
1789317063194908000,32.498907958984375,1.5422736406326294,2.5226945877075195,-0.10017773509025574
1789317063204862700,32.50886279296875,0.5955227613449097,0.11285890638828278,-0.20124895870685577
1789317063214818800,32.51881884765625,-0.6444453001022339,-3.3083529472351074,0.9898613095283508
1789317063224774000,32.52877392578125,-1.1172142028808594,-2.9174752235412598,0.9506664872169495
1789317063234729700,32.53872973632812,-0.3955782353878021,1.046116590499878,0.35604360699653625
1789317063244684800,32.548684814453125,0.17233234643936157,1.2682607173919678,0.42768821120262146
1789317063254641000,32.558640869140625,-0.10830143839120865,1.5951967239379883,0.20228226482868195
1789317063264596700,32.5685966796875,-0.39878278970718384,-0.5126774311065674,0.7706487774848938
1789317063274551800,32.5785517578125,-0.22181308269500732,-1.6617621183395386,-0.26267316937446594
1789317063284507600,32.588507568359375,0.17476968467235565,3.139188051223755,-2.300403118133545
1789317063294462700,32.59846264648438,0.4513445496559143,1.2987568378448486,-3.1015870571136475
1789317063304418800,32.60841870117188,-0.22199152410030365,-2.037264347076416,-1.8871092796325684
1789317063314373600,32.61837353515625,-1.0244280099868774,-2.718177080154419,0.7561667561531067
1789317063324329700,32.628329833984374,-0.333462655544281,-2.763066530227661,2.433013677597046
1789317063334285800,32.638285888671874,0.9667090773582458,3.4537816047668457,1.3300081491470337
1789317063344241000,32.64824096679688,1.1909717321395874,3.9780633449554443,0.8191143274307251
1789317063354196700,32.65819677734375,-0.045395176857709885,-0.8340836763381958,-0.6717517375946045
1789317063364151800,32.66815185546875,-1.6265310049057007,-2.550922393798828,-0.09317122399806976
1789317063374108000,32.67810791015625,-1.3649400472640991,-3.6828718185424805,0.39827653765678406
1789317063384062700,32.68806274414062,0.16833628714084625,-1.6251972913742065,0.2679230570793152
1789317063394018800,32.69801879882812,1.33467698097229,3.9512789249420166,0.03478168323636055
1789317063403975000,32.70797485351562,1.546499252319336,3.588315963745117,-0.7085089683532715
1789317063413930000,32.717929931640626,0.16872777044773102,-0.6152903437614441,-1.5444456338882446
1789317063423886000,32.727885986328126,-1.4773129224777222,-2.7212820053100586,-0.3126561641693115
1789317063433841000,32.7378408203125,-1.3037222623825073,-4.127976894378662,0.4078732430934906
1789317063443797000,32.747796875,-0.17698116600513458,-0.731628954410553,1.0540910959243774
1789317063453752000,32.757751953125,1.110080361366272,5.830982685089111,0.9596229791641235
1789317063463708000,32.7677080078125,1.4424564838409424,1.975746512413025,0.615601658821106
1789317063473663000,32.7776630859375,-0.09641708433628082,-1.0035065412521362,-0.3856925666332245
1789317063483619000,32.787619140625,-1.3066773414611816,-3.022397041320801,-0.6829713582992554
1789317063493575200,32.7975751953125,-0.6984099745750427,-3.761932611465454,-0.9480558037757874
1789317063503530000,32.80753002929688,0.4537733495235443,-0.37894997000694275,-0.40633687376976013
1789317063513486000,32.81748608398438,1.2263147830963135,3.2668700218200684,0.9263752698898315
1789317063523441200,32.82744116210937,1.4055408239364624,1.7907774448394775,1.4407227039337158
1789317063533397000,32.83739697265625,0.2824210524559021,0.397678405046463,1.0836082696914673
1789317063543352000,32.84735205078125,-0.7142449021339417,-1.2622160911560059,0.024893365800380707
1789317063553308000,32.857307861328124,-0.7869340181350708,-2.8984947204589844,-0.1359807401895523
1789317063563264300,32.86726416015625,-0.33388635516166687,-1.8237282037734985,0.5184375643730164
1789317063573219000,32.87721899414063,0.5715218186378479,1.541579008102417,0.4956885874271393
1789317063583175000,32.8871748046875,1.378606915473938,6.082366943359375,-0.5286233425140381
1789317063593130000,32.8971298828125,0.9428066611289978,-0.4248165488243103,-2.342907667160034
1789317063603086000,32.90708618164062,-0.8693615198135376,-1.758092999458313,-2.1195154190063477
1789317063613041000,32.917041015625,-1.4211615324020386,-2.383427143096924,-0.7431026101112366
1789317063622997000,32.9269970703125,-0.2108059823513031,-3.0424416065216064,1.1302870512008667
1789317063632952800,32.93695288085937,0.9629436731338501,2.1687047481536865,1.796349287033081
1789317063642908200,32.946908203125,1.6428803205490112,5.337090969085693,1.6296825408935547
1789317063652864000,32.956864013671876,1.0291473865509033,-1.298662781715393,-0.7679869532585144
1789317063662819000,32.96681909179687,-1.1304486989974976,-1.2785226106643677,-1.0944446325302124
1789317063672775000,32.97677490234375,-1.6037359237670898,-2.6889586448669434,0.21514852344989777
1789317063682730000,32.98672998046875,-0.23309583961963654,-4.423723220825195,1.7124119997024536
1789317063692686000,32.99668603515625,0.9363335967063904,1.4757097959518433,1.7533440589904785
1789317063702642000,33.00664184570312,1.91672945022583,8.362892150878906,0.08965452015399933
1789317063712597200,33.01659716796875,1.4872121810913086,0.3428143560886383,-2.321169137954712
1789317063722553000,33.026552978515625,-1.2473043203353882,-1.9246004819869995,-2.7494356632232666
1789317063732508000,33.0365078125,-2.5417544841766357,-2.310453414916992,-1.9810703992843628
1789317063742464000,33.04646411132813,-0.8298575282096863,-2.805642604827881,-1.0164060592651367
1789317063752419000,33.05641918945312,1.1781136989593506,3.577975273132324,0.044740308076143265
1789317063762375200,33.06637524414062,2.035409688949585,2.8230319023132324,1.0000628232955933
1789317063772330000,33.076330078125,1.210206151008606,0.029270803555846214,0.9320235252380371
1789317063782285800,33.086285888671874,-0.45082417130470276,-2.3281097412109375,0.8006053566932678
1789317063792242200,33.0962421875,-1.1840184926986694,-3.4050114154815674,0.4085043966770172
1789317063802197000,33.10619702148438,-0.9418173432350159,-2.736461877822876,1.319966197013855
1789317063812153000,33.11615307617188,-0.24466140568256378,0.971486508846283,2.1783103942871094
1789317063822108000,33.12610791015625,0.9198781847953796,5.979625225067139,0.6673029661178589
1789317063832064300,33.13606420898437,1.0663222074508667,2.834413766860962,-1.3149211406707764
1789317063842019000,33.14601904296875,-0.5070333480834961,-1.029516339302063,-3.2475523948669434
1789317063851975000,33.15597485351562,-1.6480317115783691,-2.1953072547912598,-2.7405669689178467
1789317063861931000,33.16593090820312,-0.8796389102935791,-3.809321880340576,-0.8527188897132874
1789317063871886000,33.175885986328126,0.39519765973091125,-0.40119004249572754,1.0120313167572021
1789317063881842200,33.18584228515625,1.4758565425872803,5.196595668792725,1.9512253999710083
1789317063891797000,33.195796875,1.797626256942749,2.3097550868988037,1.7120823860168457
1789317063901752800,33.2057529296875,0.022755378857254982,0.024636104702949524,0.6782943606376648
1789317063911708200,33.215708251953124,-1.6618090867996216,-1.5801211595535278,-0.5136489272117615
1789317063921664000,33.2256640625,-1.5514540672302246,-3.139533519744873,-0.8749613165855408
1789317063931620000,33.2356201171875,-0.5094128847122192,-1.278705358505249,-0.2721002399921417
1789317063941575200,33.2455751953125,0.9414330124855042,3.927004098892212,-0.315979540348053
1789317063951531000,33.255531005859375,1.77836012840271,3.1742308139801025,-0.1738373041152954
1789317063961486000,33.26548608398438,0.8870651125907898,0.8772026300430298,-0.24464809894561768
1789317063971442000,33.27544189453125,-0.5978714227676392,-1.8628002405166626,0.1251608431339264
1789317063981397200,33.28539721679687,-1.0602917671203613,-3.1772725582122803,0.24094709753990173
1789317063991353000,33.29535302734375,-0.656981885433197,1.0486657619476318,0.301037073135376
1789317064001309200,33.30530908203125,0.24123819172382355,0.9521357417106628,0.9745787382125854
1789317064011264000,33.315263916015624,0.5570467710494995,1.1006474494934082,0.6647391319274902
1789317064021220000,33.32522021484375,0.24503958225250244,1.1205750703811646,-0.18071597814559937
1789317064031175200,33.33517504882813,0.1716143637895584,-0.32503455877304077,-1.3191840648651123
1789317064041131000,33.34513110351563,0.12966105341911316,-0.2781037986278534,-1.9568971395492554
1789317064051085800,33.3550859375,0.0013755226973444223,-1.0678261518478394,-1.032159686088562
1789317064061042200,33.36504223632812,-0.1400793492794037,-1.241889238357544,0.49849873781204224
1789317064070998000,33.374998046875,-0.05140753090381622,-0.34021109342575073,1.5123937129974365
1789317064080953000,33.384953125,0.08909738808870316,0.7638617157936096,2.106368064880371
1789317064090909000,33.39490893554687,0.16555513441562653,2.1849782466888428,1.3829326629638672
1789317064100864000,33.404864013671876,-0.0649917796254158,0.7521174550056458,0.10812833160161972
1789317064110820000,33.414820068359376,-0.7905386090278625,-0.36395105719566345,-0.8152799010276794
1789317064120775000,33.42477490234375,-0.9813998937606812,-1.5189776420593262,-0.7414650321006775
1789317064130731000,33.43473095703125,-0.2518860399723053,-1.6046555042266846,-0.7753612399101257
1789317064140686000,33.44468603515625,0.5275623798370361,2.785015106201172,-1.0078221559524536
1789317064150642200,33.45464208984375,1.0271047353744507,2.79478120803833,-0.9469841122627258
1789317064160598000,33.46459790039062,0.2657824158668518,-0.6187795996665955,-0.21173089742660522
1789317064170553000,33.474552978515625,-1.194745421409607,-2.0834338665008545,1.1682592630386353
1789317064180509200,33.48450927734375,-1.2043567895889282,-2.561372756958008,1.3374797105789185
1789317064190464000,33.49446411132813,-0.2664359509944916,1.793222188949585,0.7371184825897217
1789317064200420000,33.50442016601563,0.37330299615859985,1.8604304790496826,0.5155192613601685
1789317064210375200,33.51437524414062,0.060817278921604156,0.8550113439559937,0.304621160030365
1789317064220331000,33.5243310546875,-0.4738152325153351,-0.9446216225624084,0.10992463678121567
1789317064230287000,33.534287109375,-0.5320641398429871,-2.178524971008301,-0.27465924620628357
1789317064240242000,33.544241943359374,-0.12016288936138153,-1.2270532846450806,-1.1727619171142578
1789317064250198000,33.554197998046874,0.24886921048164368,2.5283515453338623,-1.4838920831680298
1789317064260153000,33.56415307617188,0.20111286640167236,1.2200769186019897,-0.84467613697052
1789317064270109000,33.57410888671875,-0.5695601105690002,-0.5255727171897888,0.18416477739810944
1789317064280064000,33.58406396484375,-1.1036938428878784,-1.3711329698562622,0.9562961459159851
1789317064290020000,33.59402001953125,-0.5799046754837036,-1.4377669095993042,0.8224768042564392
1789317064299976200,33.60397607421875,0.20849594473838806,0.4623689651489258,-0.046787478029727936
1789317064309931000,33.61393090820312,0.33189085125923157,1.2101092338562012,0.23105132579803467
1789317064319887000,33.62388720703125,0.07499434798955917,-0.042996734380722046,0.6495258212089539
1789317064329842200,33.63384228515625,-0.3012450635433197,-0.9302656054496765,0.19235266745090485
1789317064339798000,33.643798095703126,-0.33801984786987305,1.9500054121017456,-1.2470920085906982
1789317064349753000,33.65375317382812,-0.11372869461774826,0.704060435295105,-1.7906067371368408
1789317064359709000,33.663708984375,-0.5279937982559204,-1.273032307624817,-1.228203535079956
1789317064369664000,33.6736640625,-0.9718801379203796,-1.5528641939163208,0.3556361198425293
1789317064379620000,33.6836201171875,-0.2334609478712082,-1.8666855096817017,1.4534449577331543
1789317064389576000,33.69357592773437,0.799849808216095,0.2453833967447281,1.2477694749832153
1789317064399531000,33.703531005859375,1.016602635383606,1.515708327293396,0.8727317452430725
1789317064409487400,33.7134873046875,0.31452491879463196,0.532281756401062,0.5068027377128601
1789317064419442200,33.72344213867188,-0.8080922961235046,-0.7294424772262573,0.43034127354621887
1789317064429398000,33.73339794921875,-1.1415892839431763,-1.1235005855560303,-0.4467513859272003
1789317064439353300,33.743353271484374,-0.5730946660041809,-0.7957125902175903,-0.9231672286987305
1789317064449309200,33.75330908203125,0.1718391329050064,0.7224152088165283,-0.9858649373054504
1789317064459265300,33.76326538085937,0.708696186542511,1.6054413318634033,-1.0652854442596436
1789317064469220000,33.77322021484375,0.607522189617157,1.0404386520385742,-0.8789619207382202
1789317064479176200,33.78317626953125,0.0033870083279907703,-0.7372279763221741,-0.009065399877727032
1789317064489131300,33.79313134765625,-0.33337584137916565,-2.061163902282715,0.5890294313430786
1789317064499087000,33.80308715820313,-0.30585792660713196,-1.4713422060012817,1.033119559288025
1789317064509042200,33.81304223632812,0.04406120255589485,1.594680905342102,0.819648265838623
1789317064518998300,33.82299829101562,0.43552857637405396,2.306600332260132,0.25506290793418884
1789317064528954400,33.83295434570312,0.12919074296951294,0.7641567587852478,-0.2544187009334564
1789317064538909200,33.8429091796875,-0.5616694688796997,-1.0059247016906738,-0.013018596917390823
1789317064548865000,33.85286499023437,-0.46306511759757996,-2.8977835178375244,0.48321911692619324
1789317064558820400,33.8628203125,0.18552565574645996,-2.579453229904175,0.9497237205505371
1789317064568776200,33.872776123046876,0.8140154480934143,1.060692310333252,0.8766356706619263
1789317064578731000,33.88273095703125,1.199125051498413,3.4871957302093506,0.3393684923648834
1789317064588687000,33.89268701171875,0.5463200807571411,1.5697728395462036,-0.8982645273208618
1789317064598643000,33.902642822265626,-1.0906838178634644,0.12418719381093979,-1.8775548934936523
1789317064608598300,33.912598388671874,-1.6129099130630493,-2.202286958694458,-1.78335440158844
1789317064618554000,33.92255419921875,-0.7851648926734924,-2.5512611865997314,-1.407609462738037
1789317064628509200,33.93250927734375,0.4372934401035309,1.6312521696090698,-0.23053361475467682
1789317064638465300,33.94246533203125,1.6374070644378662,1.7097499370574951,0.7955299019813538
1789317064648420000,33.95242016601563,1.3253018856048584,0.6472663879394531,1.2124924659729004
1789317064658376200,33.96237622070313,0.0009853695519268513,-0.2269788235425949,1.1790181398391724
1789317064668332000,33.97233203125,-0.6504406332969666,-3.2417702674865723,1.3558547496795654
1789317064678287400,33.98228735351562,-0.8724073767662048,-2.731799840927124,1.4096055030822754
1789317064688243200,33.9922431640625,-0.40720319747924805,1.4640461206436157,1.0445066690444946
1789317064698198000,34.002197998046874,0.7468177676200867,2.5228271484375,0.13359108567237854
1789317064708154000,34.012154052734374,0.7478052377700806,1.534304141998291,-0.7532090544700623
1789317064718109200,34.02210913085938,-0.13417963683605194,0.752037525177002,-2.0674843788146973
1789317064728065300,34.03206518554688,-0.47210201621055603,-1.4920895099639893,-2.6972546577453613
1789317064738021000,34.04202124023438,-0.2558506727218628,-0.46402624249458313,-2.510935068130493
1789317064747976200,34.05197607421875,0.2234639823436737,1.6156651973724365,-1.020952582359314
1789317064757932300,34.06193237304687,0.43746814131736755,-0.7132920026779175,0.8796897530555725
1789317064767887000,34.07188720703125,-0.11748135834932327,0.7871939539909363,1.5787056684494019
1789317064777843200,34.08184326171875,-0.17133793234825134,-1.0825035572052002,1.392220139503479
1789317064787798300,34.09179833984375,-0.16619695723056793,-2.6260688304901123,1.4258625507354736
1789317064797754000,34.101754150390626,-0.358011931180954,-1.7402998208999634,1.9607806205749512
1789317064807710200,34.111710205078126,-0.07401777058839798,0.49934643507003784,1.8206700086593628
1789317064817665000,34.1216650390625,0.44656097888946533,4.4431304931640625,0.3227841854095459
1789317064827621000,34.13162109375,0.18987113237380981,1.6519825458526611,-1.0898152589797974
1789317064837576200,34.141576171875,-0.8535425662994385,-1.0578792095184326,-2.264855146408081
1789317064847532300,34.1515322265625,-1.3006263971328735,-2.9584925174713135,-1.8431905508041382
1789317064857487000,34.161487060546875,-0.3881128430366516,-3.222766399383545,-0.7481786012649536
1789317064867443200,34.171443115234375,0.870978593826294,3.6949450969696045,-0.35410428047180176
1789317064877399300,34.1813994140625,1.60732901096344,3.3775830268859863,0.4071193039417267
1789317064887354000,34.19135400390625,0.6014488339424133,0.5342003107070923,0.2532098889350891
1789317064897310200,34.20131030273438,-1.1813305616378784,-1.4391841888427734,0.3269112706184387
1789317064907265300,34.21126538085937,-1.394392728805542,-3.555229663848877,0.30581504106521606
1789317064917221000,34.22122119140625,-0.4423728883266449,-2.062915563583374,0.30900338292121887
1789317064927176200,34.23117626953125,0.8188924789428711,3.95047926902771,0.30650267004966736
1789317064937132000,34.241132080078124,1.4817298650741577,2.8145759105682373,-0.3472423851490021
1789317064947088100,34.251088134765624,0.3662927746772766,0.758385419845581,-0.6522299647331238
1789317064957043200,34.26104321289063,-0.7624915242195129,-2.452773094177246,-0.39083993434906006
1789317064966999000,34.2709990234375,-0.836915135383606,-4.441747665405273,0.4767630994319916
1789317064976954000,34.2809541015625,-0.22018589079380035,0.27890220284461975,0.9485878944396973
1789317064986910200,34.29091015625,0.9016968011856079,3.4252898693084717,1.0829377174377441
1789317064996865300,34.300865234375,1.1835143566131592,2.4216206073760986,-0.3098689019680023
1789317065006821000,34.31082104492187,-0.16903482377529144,0.9354220032691956,-1.251133680343628
1789317065016777200,34.32077709960937,-0.9981967210769653,-2.6996281147003174,-1.208186149597168
1789317065026732300,34.330732177734376,-0.720573902130127,-2.963564395904541,-1.5784350633621216
1789317065036688100,34.340688232421876,-0.07511579245328903,2.1622118949890137,-0.10391973704099655
1789317065046643200,34.35064331054687,1.0424299240112305,-0.081777423620224,1.2632004022598267
1789317065056599000,34.36059912109375,0.7056942582130432,0.2977752387523651,1.563104271888733
1789317065066554000,34.37055419921875,-0.024027038365602493,0.22694553434848785,1.4048278331756592
1789317065076510200,34.38051025390625,-0.05421024188399315,-1.671433448791504,0.3282953202724457
1789317065086466000,34.39046606445312,-0.3279115557670593,-1.26616632938385,-0.12490145862102509
1789317065096421000,34.400421142578125,-0.529155969619751,0.10727239400148392,0.40184783935546875
1789317065106377200,34.410377197265625,-0.11900947988033295,0.21764230728149414,0.6831530332565308
1789317065116332000,34.42033203125,0.10940798372030258,1.0673049688339233,0.031618114560842514
1789317065126288100,34.4302880859375,0.13437512516975403,1.7918660640716553,-1.0794947147369385
1789317065136243200,34.4402431640625,0.18811558187007904,0.8606220483779907,-2.174463987350464
1789317065146199300,34.45019921875,-0.20915775001049042,-1.630841851234436,-1.0964149236679077
1789317065156155100,34.46015502929688,-0.5363547801971436,-2.2214601039886475,0.48822054266929626
1789317065166110200,34.470110107421874,-0.040771931409835815,2.4582409858703613,0.8692461848258972
1789317065176066000,34.480066162109374,0.9989887475967407,3.463332414627075,0.44819775223731995
1789317065186021000,34.49002124023438,0.5809677839279175,-0.9327359199523926,-0.20655371248722076
1789317065195977200,34.49997729492188,-0.9821916222572327,-1.6181813478469849,0.3573554754257202
1789317065205932000,34.50993212890625,-0.9477553963661194,-3.8284215927124023,1.6803579330444336
1789317065215888400,34.51988842773437,0.2555508017539978,-2.728490114212036,1.4517772197723389
1789317065225844200,34.52984423828125,1.3022119998931885,5.801647186279297,0.27186453342437744
1789317065235799000,34.53979907226562,1.6974003314971924,3.6611886024475098,-0.6401554942131042
1789317065245755100,34.54975512695312,0.10863753408193588,0.013068131171166897,-2.048369884490967
1789317065255710200,34.559710205078126,-1.9519966840744019,-2.4172568321228027,-1.001225233078003
1789317065265666300,34.569666259765626,-1.6745450496673584,-4.477610111236572,-0.03219601884484291
1789317065275621000,34.57962109375,0.20402397215366364,3.6258695125579834,-0.8771530985832214
1789317065285577000,34.58957690429688,1.7293665409088135,3.6055641174316406,-0.27982446551322937
1789317065295533000,34.599532958984376,1.3191853761672974,0.8303906917572021,-0.19662144780158997
1789317065305488100,34.60948803710937,-0.41986891627311707,-1.4230949878692627,0.547220766544342
1789317065315444200,34.6194443359375,-1.010110855102539,-4.510470390319824,1.620775818824768
1789317065325399000,34.62939892578125,-0.19641771912574768,-2.845306873321533,0.9819372892379761
1789317065335355400,34.63935546875,0.8785163760185242,3.9272074699401855,0.051712993532419205
1789317065345310200,34.64931030273438,1.055467963218689,2.9105570316314697,-0.7566831707954407
1789317065355266000,34.65926611328125,-0.35325074195861816,1.061820387840271,-0.9690710306167603
1789317065365222100,34.66922216796875,-1.4580469131469727,-1.87168288230896,-0.4803311824798584
1789317065375177200,34.67917724609375,-0.9868601560592651,-3.1918139457702637,-1.0825001001358032
1789317065385133300,34.68913330078125,0.01866183429956436,0.1274532973766327,-0.47482484579086304
1789317065395088100,34.699088134765624,1.0451173782348633,0.9770981073379517,0.8794607520103455
1789317065405043700,34.70904370117187,1.11821711063385,1.3671494722366333,1.4265244007110596
1789317065414998500,34.71899853515625,0.35517194867134094,0.49840739369392395,1.4786901473999023
1789317065424954600,34.72895458984375,-0.1445920765399933,-1.6820218563079834,0.09623678773641586
1789317065434910500,34.73891040039062,-0.633148729801178,-1.8074398040771484,-0.8518938422203064
1789317065444865500,34.748865478515626,-0.7714863419532776,-0.2619786262512207,-0.7159698009490967
1789317065454821600,34.758821533203125,-0.15376585721969604,0.8286764025688171,-0.46785855293273926
1789317065464776400,34.7687763671875,0.45218345522880554,4.010799407958984,-0.8285107612609863
1789317065474732500,34.77873266601563,0.39442506432533264,0.6378060579299927,-0.7260724902153015
1789317065484687600,34.7886875,-0.44638681411743164,-1.7007607221603394,-0.7031501531600952
1789317065494643500,34.7986435546875,-0.8551101088523865,-2.7010161876678467,0.33111268281936646
1789317065504599600,34.808599609375,-0.15783409774303436,-2.702543020248413,1.4604357481002808
1789317065514554600,34.8185546875,0.6014504432678223,-0.06438910961151123,2.038452625274658
1789317065524510700,34.8285107421875,0.9904405474662781,3.8917009830474854,1.2144310474395752
1789317065534465500,34.83846557617188,0.4894823431968689,2.0776422023773193,0.25261202454566956
1789317065544421400,34.84842138671875,-0.8778386116027832,-0.47243544459342957,-0.9868900179862976
1789317065554376700,34.85837670898437,-1.7633854150772095,-2.343853712081909,-0.9986691474914551
1789317065564332500,34.86833251953125,-0.9914062023162842,-2.5247108936309814,-1.029236078262329
1789317065574288600,34.87828857421875,0.42299094796180725,1.7733616828918457,-0.9381850361824036
1789317065584243500,34.888243408203124,1.3287328481674194,2.97160005569458,-0.43918055295944214
1789317065594199600,34.898199462890624,0.8752039670944214,0.5307938456535339,0.12616805732250214
1789317065604154600,34.90815454101563,-0.3872270882129669,-1.8949488401412964,0.651691734790802
1789317065614110500,34.9181103515625,-0.8579251170158386,-2.2706856727600098,0.30176836252212524
1789317065624065500,34.9280654296875,-0.4112309515476227,-0.7333924770355225,0.36294862627983093
1789317065634021600,34.93802172851562,0.0995742604136467,-0.12521624565124512,0.529380202293396
1789317065643977700,34.94797778320312,0.16155880689620972,1.7449302673339844,0.12055490911006927
1789317065653932500,34.9579326171875,0.1547917127609253,0.8451999425888062,-0.12853240966796875
1789317065663888400,34.96788842773437,0.017282849177718163,-1.3037012815475464,-0.2639826536178589
1789317065673843700,34.97784375,-0.2799496352672577,-1.8935296535491943,0.14976738393306732
1789317065683799600,34.987799560546875,-0.11583498865365982,-1.0059036016464233,0.5450132489204407
1789317065693754400,34.99775439453125,0.4097648859024048,3.3460450172424316,0.10150638222694397
1789317065703710500,35.00771044921875,0.5474486947059631,2.455604076385498,-0.5220373868942261
1789317065713666600,35.01766650390625,-0.31321144104003906,-0.5741298794746399,-0.8337174654006958
1789317065723621600,35.02762158203125,-1.0977497100830078,-2.5558788776397705,-0.4009530246257782
1789317065733577500,35.03757739257812,-0.6237168312072754,-3.3082523345947266,0.4321863055229187
1789317065743532500,35.047532470703125,0.5910289287567139,-1.3292948007583618,0.9011420607566833
1789317065753488600,35.057488525390625,1.4417059421539307,2.7902510166168213,0.8294510841369629
1789317065763443500,35.067443359375,1.218794584274292,3.5284485816955566,0.29883915185928345
1789317065773399600,35.07739965820313,-0.06841341406106949,0.9396921396255493,-0.4723670184612274
1789317065783355400,35.08735546875,-1.4843019247055054,-1.7127052545547485,-0.3810778558254242
1789317065793310700,35.09731079101562,-1.4093602895736694,-2.657099962234497,-0.36520326137542725
1789317065803266600,35.1072666015625,0.003278883872553706,-0.6998270750045776,-0.1122564971446991
1789317065813221400,35.117221435546874,1.5352658033370972,1.5884888172149658,0.1391722708940506
1789317065823177500,35.127177490234374,1.807953953742981,1.9863882064819336,0.32395222783088684
1789317065833132500,35.13713256835938,0.8542736172676086,0.3222630023956299,0.6825780272483826
1789317065843088600,35.147088623046876,-0.25558969378471375,-1.9725210666656494,0.7503594756126404
1789317065853044500,35.15704443359375,-0.803440272808075,-1.0768544673919678,0.23608256876468658
1789317065862999600,35.16699951171875,-0.35576316714286804,1.5184001922607422,-0.39016613364219666
1789317065872955600,35.17695556640625,0.26004916429519653,1.3350048065185547,-0.5736454129219055
1789317065882910500,35.18691040039062,0.4462088942527771,1.440987229347229,-1.0829800367355347
1789317065892866600,35.19686645507812,0.491075724363327,0.010089651681482792,-0.9175862669944763
1789317065902821600,35.206821533203126,0.5439924597740173,-1.4462919235229492,-0.6017470955848694
1789317065912777700,35.21677783203125,0.37052372097969055,-0.545512318611145,0.2286827117204666
1789317065922733600,35.226733642578125,0.303580641746521,0.2612944543361664,1.4934557676315308
1789317065932688400,35.2366884765625,0.19026261568069458,1.064730167388916,1.6325933933258057
1789317065942644500,35.24664453125,-0.12095225602388382,1.5407692193984985,1.079720377922058
1789317065952599600,35.256599609375,-0.2128952294588089,0.6418130397796631,-0.2320052683353424
1789317065962555600,35.2665556640625,-0.21291546523571014,-0.7371904253959656,-0.7606027722358704
1789317065972510500,35.276510498046875,-0.007790278643369675,-0.9799844026565552,-0.7134312987327576
1789317065982466600,35.286466552734375,0.5106909871101379,-0.8540621995925903,-0.31216081976890564
1789317065992422700,35.296422607421874,0.7758722901344299,0.2722379267215729,-0.05667925626039505
1789317066002377500,35.30637744140625,0.6118535399436951,2.0650672912597656,-0.2638944983482361
1789317066012333600,35.31633349609375,0.21343079209327698,0.3893405795097351,-0.471201092004776
1789317066022288600,35.32628857421875,-0.7200338244438171,-0.5507981777191162,-0.02087572030723095
1789317066032244500,35.33624438476563,-1.0081214904785156,-0.8636476993560791,0.4125332236289978
1789317066042199600,35.346199462890624,-0.42134085297584534,-0.8697609901428223,0.7921990752220154
1789317066052155400,35.3561552734375,0.1471303254365921,3.8790814876556396,0.2076333463191986
1789317066062111700,35.36611181640625,0.49308454990386963,2.0060417652130127,-0.4095885753631592
1789317066072066600,35.37606665039063,-0.05295829102396965,-1.3607616424560547,-0.5693973898887634
1789317066082022400,35.3860224609375,-0.8285030126571655,-3.0702500343322754,0.4888807237148285
1789317066091977500,35.3959775390625,-0.5087780356407166,-3.0396108627319336,1.128520131111145
1789317066101933600,35.40593359375,0.23160046339035034,-0.19011454284191132,1.2088711261749268
1789317066111888600,35.415888671875,0.5305240750312805,4.214693546295166,0.5783482789993286
1789317066121844500,35.42584448242187,0.02936188317835331,3.376558303833008,-0.2518860399723053
1789317066131800600,35.43580053710937,-1.150183081626892,0.2632412314414978,-1.2831562757492065
1789317066141755600,35.445755615234376,-1.938446283340454,-2.5367937088012695,-0.8856408596038818
1789317066151711500,35.45571142578125,-1.1269938945770264,-3.2851486206054688,-0.6742545962333679
1789317066161666600,35.46566650390625,0.3853279948234558,-1.0323336124420166,-0.17082899808883667
1789317066171622400,35.475622314453126,1.3148348331451416,3.7856969833374023,0.29318952560424805
1789317066181577500,35.48557739257812,1.3865153789520264,2.866323947906494,0.12348359078168869
1789317066191533600,35.49553344726562,-0.06360800564289093,-0.2444819211959839,-0.09531506896018982
1789317066201488400,35.50548828125,-1.6275043487548828,-2.6686933040618896,0.26352086663246155
1789317066211444700,35.51544482421875,-1.578338861465454,-3.6291279792785645,0.3287011981010437
1789317066221400600,35.525400634765624,-0.6559908986091614,-1.2864559888839722,1.0330148935317993
1789317066231355400,35.53535546875,0.56807941198349,3.309175968170166,0.86276775598526
1789317066241311500,35.5453115234375,1.2091057300567627,3.596806526184082,0.15320312976837158
1789317066251266600,35.5552666015625,0.37556004524230957,1.2313820123672485,-1.0780987739562988
1789317066261222700,35.56522265625,-1.0216466188430786,-1.7471004724502563,-1.5458300113677979
1789317066271178500,35.57517846679688,-1.3426421880722046,-3.725048065185547,-1.0235211849212646
1789317066281133600,35.585133544921874,-0.5252571105957031,-1.972669243812561,-0.22680065035820007
1789317066291089400,35.59508935546875,0.6696404218673706,1.2969388961791992,0.7294920086860657
1789317066301044500,35.60504443359375,1.31494140625,2.423006296157837,1.004733920097351
1789317066311000600,35.61500048828125,0.7402807474136353,2.2359392642974854,0.033242907375097275
1789317066320955400,35.62495532226563,-0.4625769555568695,-0.09546101093292236,-0.772140383720398
1789317066330911700,35.63491186523437,-1.0464345216751099,-2.6344573497772217,-1.3481671810150146
1789317066340866600,35.64486645507812,-1.0607693195343018,-2.6418747901916504,-0.22674766182899475
1789317066350822400,35.65482250976562,-0.19868487119674683,1.876539707183838,0.39482906460762024
1789317066360778500,35.66477856445312,1.0239033699035645,2.5942323207855225,0.889742910861969
1789317066370733600,35.674733642578126,1.0029339790344238,1.0982506275177002,0.3153550326824188
1789317066380689700,35.684689697265625,-0.17715027928352356,-0.5509260296821594,-0.02183845266699791
1789317066390644500,35.69464453125,-0.7724197506904602,-3.473721504211426,0.5439946055412292
1789317066400600300,35.704600341796876,-0.5970852375030518,-3.805624485015869,1.2779066562652588
1789317066410555600,35.7145556640625,0.0011877698125317693,0.30492129921913147,1.5404434204101562
1789317066420511500,35.72451147460937,1.0846245288848877,5.842155456542969,0.18307794630527496
1789317066430467600,35.73446752929687,0.8906087279319763,1.9411786794662476,-2.139758825302124
1789317066440422700,35.744422607421875,-1.0811430215835571,-1.0654956102371216,-3.0325634479522705
1789317066450378800,35.754378662109374,-2.0249459743499756,-2.898831844329834,-1.7426838874816895
1789317066460333600,35.76433349609375,-0.930757999420166,-4.482446193695068,0.06660352647304535
1789317066470289400,35.774289306640625,0.4261486530303955,0.8232720494270325,1.602827787399292
1789317066480244700,35.78424462890625,1.7549283504486084,7.7064127922058105,1.4078007936477661
1789317066490200600,35.79420068359375,1.5380562543869019,-1.504199743270874,0.5038490295410156
1789317066500156700,35.80415673828125,-1.3335089683532715,-2.6064255237579346,0.7549893856048584
1789317066510111500,35.814111572265624,-2.4498369693756104,-2.9310107231140137,0.8463389873504639
1789317066520067300,35.8240673828125,-0.7840324640274048,-3.4787211418151855,0.11658067256212234
1789317066530022700,35.83402270507813,0.5886126756668091,2.043130874633789,-0.19546003639698029
1789317066539978500,35.843978515625,1.0228831768035889,3.80492901802063,-0.1682470589876175
1789317066549933300,35.85393334960938,0.6051791310310364,1.1949598789215088,-0.5685372352600098
1789317066559889700,35.8638896484375,-0.7067792415618896,-1.5272009372711182,-0.516152024269104
1789317066569845500,35.87384545898438,-1.2591150999069214,-2.7790634632110596,-1.0067685842514038
1789317066579800600,35.88380053710937,-0.6876841187477112,-2.4152963161468506,-0.6090401411056519
1789317066589756400,35.89375634765625,0.07060892134904861,1.0502783060073853,0.2711782455444336
1789317066599711700,35.903711669921876,0.5616428256034851,3.1433112621307373,0.5551937222480774
1789317066609667600,35.91366748046875,0.40866100788116455,1.4442460536956787,-0.16009406745433807
1789317066619622400,35.92362231445313,-0.4239038825035095,-1.1052433252334595,-0.7301200032234192
1789317066629578500,35.93357861328125,-0.9334267973899841,-2.9247665405273438,-0.4975205659866333
1789317066639534600,35.94353466796875,-0.6665657758712769,-2.8341197967529297,0.37866875529289246
1789317066649489700,35.95348974609375,-0.005890646018087864,0.02081473357975483,1.349095344543457
1789317066659445500,35.96344555664062,0.8208727836608887,4.066417694091797,1.20460045337677
1789317066669400600,35.973400634765625,0.8439573645591736,1.3068773746490479,0.8233303427696228
1789317066679356700,35.983356689453124,-0.3175438642501831,-1.0650215148925781,-0.36282506585121155
1789317066689311500,35.9933115234375,-1.1927016973495483,-2.4141554832458496,-1.0033129453659058
1789317066699267600,36.003267578125,-0.7378032207489014,-2.428942918777466,-1.2581098079681396
1789317066709223400,36.013223388671875,0.20371903479099274,-1.2857816219329834,-0.049005359411239624
1789317066719178500,36.02317846679688,0.9811772704124451,0.8547772169113159,0.6978139877319336
1789317066729134600,36.03313452148438,1.128919005393982,4.335988521575928,-0.16836504638195038
1789317066739089400,36.04308935546875,0.4493573009967804,0.8241612911224365,-1.6483707427978516
1789317066749045500,36.05304541015625,-0.9073712229728699,-2.8090929985046387,-1.8198248147964478
1789317066759000600,36.06300048828125,-1.4406228065490723,-2.115361452102661,-0.3745589554309845
1789317066768956700,36.072956787109376,-0.219671368598938,-2.323982000350952,1.3836629390716553
1789317066778912500,36.08291259765625,1.0532780885696411,0.6611422300338745,1.7917134761810303
1789317066788867600,36.09286767578125,1.456936001777649,3.464632749557495,1.4360400438308716
1789317066798823700,36.10282373046875,1.0926153659820557,1.9038996696472168,0.5287887454032898
1789317066808778500,36.11277856445312,-0.27912217378616333,-0.4084593951702118,-0.3948090970516205
1789317066818734600,36.12273461914062,-1.3014625310897827,-1.7862471342086792,-0.7959464192390442
1789317066828689700,36.132689697265626,-0.9310488104820251,-1.8349800109863281,-0.523396909236908
1789317066838645500,36.1426455078125,0.26134371757507324,0.39760008454322815,-0.21720927953720093
1789317066848601600,36.1526015625,1.4454243183135986,1.6263331174850464,0.2576291561126709
1789317066858556400,36.162556396484376,1.7211732864379883,1.009560465812683,0.47924622893333435
1789317066868512500,36.172512451171876,0.8185403943061829,-0.07912784069776535,0.5612497329711914
1789317066878467600,36.18246752929687,-0.19751307368278503,-0.3355809450149536,-0.29957154393196106
1789317066888423400,36.19242333984375,-0.45455899834632874,3.1438522338867188,-1.610456109046936
1789317066898378500,36.20237841796875,-0.4185141623020172,-0.4570714235305786,-1.2717437744140625
1789317066908334600,36.21233447265625,-0.4682881236076355,-1.0918822288513184,-0.7218167781829834
1789317066918289700,36.22228955078125,0.2962774634361267,-1.671668291091919,0.9548159241676331
1789317066928245500,36.23224560546875,1.5773024559020996,-1.253778100013733,1.5678178071975708
1789317066938201300,36.242201416015625,1.8299490213394165,2.075577974319458,1.0125519037246704
1789317066948156700,36.25215673828125,1.1867003440856934,2.436500072479248,0.28516435623168945
1789317066958112500,36.26211254882813,-0.04072319343686104,-0.3358802795410156,0.1518654227256775
1789317066968067600,36.272067626953124,-1.3290406465530396,-1.895499587059021,0.9440293312072754
1789317066978023400,36.2820234375,-1.22633957862854,-1.4108670949935913,0.9948549866676331
1789317066987978500,36.291978515625,0.19805769622325897,0.474977970123291,0.4995104670524597
1789317066997934600,36.3019345703125,1.5060734748840332,2.055851697921753,-0.48223721981048584
1789317067007890400,36.311890380859374,1.675889492034912,2.0746424198150635,-1.7673882246017456
1789317067017845500,36.32184545898438,0.8191326856613159,0.7115463018417358,-2.3998732566833496
1789317067027801600,36.33180151367188,-0.2342018485069275,-0.5201611518859863,-2.3899707794189453
1789317067037756400,36.34175634765625,-0.8744809031486511,-1.705112099647522,-1.0523390769958496
1789317067047712500,36.35171240234375,-0.9828132390975952,-1.2099922895431519,1.2416082620620728
1789317067057667600,36.36166748046875,-0.2613655626773834,0.47564801573753357,2.3100178241729736
1789317067067623700,36.371623779296876,0.6729339361190796,3.192725419998169,2.195136547088623
1789317067077578500,36.38157861328125,0.9719680547714233,1.638175129890442,1.3468832969665527
1789317067087534300,36.391534423828126,0.15010720491409302,-0.6704664826393127,0.26370301842689514
1789317067097490400,36.401490478515626,-0.7561926245689392,-2.3362367153167725,-0.31951913237571716
1789317067107445500,36.41144555664062,-0.8686081171035767,-2.334381341934204,-0.2541950047016144
1789317067117401600,36.42140161132812,-0.24428030848503113,-0.07877710461616516,-0.5387537479400635
1789317067127356400,36.4313564453125,0.41373324394226074,2.9492604732513428,-0.7563998103141785
1789317067137312800,36.441312744140625,0.639737606048584,3.6660079956054688,-1.5679938793182373
1789317067147267600,36.451267578125,-0.07384253293275833,0.1143990159034729,-1.6152937412261963
1789317067157223400,36.461223388671876,-0.9334318041801453,-2.5881762504577637,-0.9702606797218323
1789317067167179500,36.471179443359375,-0.8630548715591431,-3.4685537815093994,0.5426480770111084
1789317067177134600,36.48113452148438,0.02161155268549919,-1.7774759531021118,1.6609435081481934
1789317067187090700,36.49109057617188,0.8253114819526672,3.2546467781066895,1.7823820114135742
1789317067197045500,36.50104541015625,1.0865774154663086,4.4153265953063965,1.1123623847961426
1789317067207001300,36.51100146484375,0.056115999817848206,0.09360504895448685,-0.46256178617477417
1789317067216956700,36.52095678710938,-1.5541003942489624,-2.014446496963501,-1.0612432956695557
1789317067226912500,36.53091259765625,-1.5560261011123657,-3.6282618045806885,-0.5174338221549988
1789317067236868600,36.54086865234375,-0.27590030431747437,-2.3896865844726562,0.1729254424571991
1789317067246823400,36.55082348632813,0.9632219672203064,2.360767364501953,0.7920677661895752
1789317067256779500,36.56077954101563,1.6514488458633423,3.9572627544403076,0.8305714726448059
1789317067266734600,36.57073461914062,0.9402612447738647,1.9039007425308228,-0.3721402883529663
1789317067276690400,36.5806904296875,-0.8712193369865417,-0.6637004613876343,-1.1818448305130005
1789317067286645800,36.590645751953126,-1.7281014919281006,-3.3134560585021973,-0.8075671195983887
1789317067296601600,36.6006015625,-1.232772946357727,-3.224797487258911,0.0613323338329792
1789317067306557700,36.6105576171875,-0.07721222937107086,0.5921764969825745,1.0563849210739136
1789317067316512500,36.62051245117188,1.4242808818817139,5.091059684753418,0.6602998971939087
1789317067326468400,36.63046826171875,1.520341157913208,2.428966522216797,-0.20493264496326447
1789317067336423700,36.64042358398437,-0.27322542667388916,-0.5575226545333862,-0.8086009621620178
1789317067346379500,36.65037963867187,-1.6021792888641357,-3.8612170219421387,-0.09464368224143982
1789317067356334300,36.66033422851562,-1.2379450798034668,-4.081338882446289,-0.06877720355987549
1789317067366290700,36.670290771484375,-0.037400104105472565,3.2575252056121826,-0.04996489733457565
1789317067376245500,36.68024560546875,1.1435643434524536,2.472557544708252,0.2876051366329193
1789317067386201600,36.69020166015625,0.6648213863372803,1.2980201244354248,-0.06888292729854584
1789317067396157400,36.700157470703125,-0.511067807674408,-0.7506601214408875,-0.1754349321126938
1789317067406112500,36.71011254882813,-0.7456936240196228,-3.4177489280700684,-0.2792319059371948
1789317067416068900,36.72006884765625,-0.452561616897583,-2.5208230018615723,-0.22479769587516785
1789317067426023700,36.730023681640624,0.019398199394345284,0.8329803347587585,0.7263497710227966
1789317067435979800,36.739979736328124,0.7622976303100586,3.727731227874756,0.3481787443161011
1789317067445934800,36.74993481445313,0.29884183406829834,1.98787260055542,-0.1682145744562149
1789317067455891000,36.75989086914063,-0.8994075655937195,-0.5934920907020569,-0.6615028381347656
1789317067465846800,36.7698466796875,-1.2760897874832153,-3.496349334716797,-0.5125865936279297
1789317067475801900,36.7798017578125,-0.7612637877464294,-3.4849612712860107,0.28535717725753784
1789317067485758000,36.78975805664062,0.3041202127933502,0.57210373878479,0.4643634259700775
1789317067495712800,36.79971264648437,1.3075969219207764,5.224662780761719,-0.14215581119060516
1789317067505668900,36.8096689453125,0.9285649061203003,1.901265263557434,-0.9081698656082153
1789317067515623700,36.819623779296876,-0.9846282005310059,-1.454917073249817,-1.1071354150772095
1789317067525580000,36.829580078125,-2.0202202796936035,-3.7483878135681152,-0.16967585682868958
1789317067535535900,36.839535888671875,-1.231281042098999,-2.976134777069092,0.2756446301937103
1789317067545490700,36.84949072265625,0.2663360834121704,2.34169340133667,1.0214381217956543
1789317067555446800,36.85944677734375,1.4666608572006226,2.5161008834838867,0.8649020195007324
1789317067565401900,36.86940185546875,0.8214176893234253,1.87900710105896,-0.13094842433929443
1789317067575358000,36.87935791015625,-0.5100566148757935,-1.553294062614441,-0.1297747790813446
1789317067585312800,36.889312744140625,-1.1275895833969116,-4.8981804847717285,0.3626279830932617
1789317067595268600,36.8992685546875,-1.032969355583191,-3.261119842529297,1.021541953086853
1789317067605224000,36.90922387695313,0.27595141530036926,3.4173941612243652,0.27260062098503113
1789317067615179800,36.9191796875,1.2560356855392456,3.6356072425842285,-0.43272238969802856
1789317067625135900,36.92913598632813,0.36749863624572754,1.983514666557312,-1.454729676246643
1789317067635091000,36.93909106445312,-1.1836848258972168,-1.1073074340820312,-1.0796953439712524
1789317067645047000,36.94904711914062,-1.4007498025894165,-4.215329170227051,-0.3542177379131317
1789317067655001900,36.959001953125,-0.5830122828483582,-2.0534286499023438,0.15316878259181976
1789317067664957700,36.968957763671874,0.7204647064208984,1.830582618713379,0.8906223177909851
1789317067674913000,36.9789130859375,1.4062398672103882,3.068192958831787,0.8243716359138489
1789317067684868900,36.98886889648438,0.6186930537223816,2.156545639038086,-0.06442426145076752
1789317067694825000,36.998824951171876,-0.5443578362464905,-2.0356996059417725,-0.6938666701316833
1789317067704779800,37.00877978515625,-1.1705788373947144,-3.658520221710205,-0.699123203754425
1789317067714735900,37.01873583984375,-0.797095537185669,-2.8597233295440674,0.5136532187461853
1789317067724691000,37.02869091796875,0.4008062779903412,-0.1375514715909958,1.6056853532791138
1789317067734646800,37.03864672851562,1.4376438856124878,6.036525249481201,1.1051872968673706
1789317067744601600,37.0486015625,1.2915278673171997,2.7949957847595215,-0.08073985576629639
1789317067754558000,37.058557861328126,-0.5168700218200684,-1.8588666915893555,-1.4012296199798584
1789317067764513800,37.068513671875,-1.631516933441162,-3.106630563735962,-0.8167456984519958
1789317067774468900,37.07846875,-0.8256891369819641,-4.262049198150635,0.9860439300537109
1789317067784424700,37.0884248046875,0.6436154842376709,-0.6032424569129944,1.6882542371749878
1789317067794380000,37.098380126953124,1.8841142654418945,5.463939189910889,0.9587302803993225
1789317067804335900,37.1083359375,1.820180892944336,5.114056587219238,-0.8721418380737305
1789317067814290700,37.118290771484375,-0.34790655970573425,-1.0546964406967163,-3.6373445987701416
1789317067824246800,37.128246826171875,-2.132638692855835,-2.0477614402770996,-2.44415020942688
1789317067834201900,37.13820190429688,-1.2588660717010498,-3.339979648590088,-0.904220700263977
1789317067844158000,37.14815795898438,0.6833953857421875,-1.4205924272537231,1.2574506998062134
1789317067854113800,37.15811376953125,1.9407354593276978,3.793020725250244,2.4778943061828613
1789317067864068900,37.16806884765625,2.152851104736328,3.65493106842041,2.068525791168213
1789317067874025000,37.17802490234375,0.6080329418182373,1.0186958312988281,1.20392644405365
1789317067883979800,37.187979736328124,-1.4340823888778687,-1.6817049980163574,-0.928069531917572
1789317067893935900,37.197935791015624,-1.8720672130584717,-2.8671627044677734,-0.7490329742431641
1789317067903891000,37.20789086914063,-0.9186302423477173,-2.0400969982147217,0.1353445053100586
1789317067913846800,37.2178466796875,0.46761032938957214,1.2458940744400024,1.0298292636871338
1789317067923803000,37.227802978515626,1.7517719268798828,3.6796798706054688,0.657359778881073
1789317067933757700,37.2377578125,1.800620198249817,4.086021900177002,-2.0101161003112793
1789317067943713800,37.2477138671875,-0.12725062668323517,-2.2469329833984375,-2.8627493381500244
1789317067953668900,37.2576689453125,-1.828635334968567,-2.6493678092956543,-1.1420305967330933
1789317067963624700,37.26762475585937,-1.3244765996932983,-3.2070345878601074,0.9870766997337341
1789317067973579800,37.277579833984376,0.09044068306684494,0.5351004600524902,2.840874671936035
1789317067983535900,37.287535888671876,1.3608853816986084,5.356332778930664,2.3728911876678467
1789317067993492000,37.297491943359375,1.431823492050171,3.4506194591522217,0.33088231086730957
1789317068003446800,37.30744677734375,-0.4446386992931366,-1.4427297115325928,-1.7194989919662476
1789317068013403000,37.31740283203125,-1.853279709815979,-3.1856131553649902,-1.284462809562683
1789317068023358000,37.32735791015625,-1.4001744985580444,-4.958511829376221,0.4492765963077545
1789317068033313800,37.33731372070312,-0.25060024857521057,-0.5419673919677734,1.50173020362854
1789317068043268900,37.347268798828125,1.2204012870788574,8.478045463562012,0.3593304753303528
1789317068053224700,37.357224609375,1.3614503145217896,1.1085045337677002,-1.6682847738265991
1789317068063179800,37.3671796875,-0.9496983885765076,-2.560295343399048,-2.8076887130737305
1789317068073135900,37.37713598632813,-2.0407979488372803,-2.4462130069732666,-1.0769485235214233
1789317068083091700,37.387091796875,-0.5519033670425415,-4.271234035491943,0.7935982942581177
1789317068093046800,37.397046875,0.613135576248169,0.6200291514396667,1.9361481666564941
1789317068103003000,37.4070029296875,0.9785494804382324,6.049638748168945,2.063197135925293
1789317068112957700,37.416957763671874,0.7554234862327576,2.7387046813964844,0.8239588737487793
1789317068122913800,37.426913818359374,-1.0623575448989868,-1.8643519878387451,-1.3075162172317505
1789317068132868900,37.43686889648438,-2.0980679988861084,-1.9206352233886719,-1.2140368223190308
1789317068142825000,37.44682495117188,-0.9845796823501587,-3.430128335952759,-0.28387486934661865
1789317068152780800,37.45678076171875,0.2653043866157532,-1.1927374601364136,1.3566656112670898
1789317068162735900,37.46673583984375,0.9765414595603943,3.1649909019470215,1.70243239402771
1789317068172691700,37.47669165039063,1.304792046546936,3.17484974861145,0.7221912145614624
1789317068182646800,37.48664672851562,0.2708221673965454,1.4462535381317139,-1.7822446823120117
1789317068192603000,37.49660278320312,-1.5036073923110962,-1.6938649415969849,-2.335498809814453
1789317068202557700,37.5065576171875,-2.1099162101745605,-3.068931818008423,-1.4416370391845703
1789317068212514000,37.51651416015625,-1.3109709024429321,-2.612046480178833,0.6035876274108887
1789317068222468900,37.52646875,0.32875657081604004,1.4018861055374146,1.2025994062423706
1789317068232424700,37.5364248046875,1.6349170207977295,4.569431304931641,0.49127811193466187
1789317068242380800,37.546380859375,1.2467650175094604,1.065614938735962,-0.6071951389312744
1789317068252335900,37.5563359375,-0.5750917792320251,-2.2836437225341797,-1.3360974788665771
1789317068262292000,37.5662919921875,-1.6231311559677124,-3.398954391479492,0.12790097296237946
1789317068272246800,37.576246826171875,-1.0530189275741577,-2.891624689102173,1.220116376876831
1789317068282202600,37.58620263671875,0.0860627144575119,1.3816967010498047,1.792778491973877
1789317068292158000,37.59615795898438,1.0213358402252197,4.532507419586182,1.178066611289978
1789317068302113800,37.60611376953125,0.7259162068367004,2.787719249725342,-0.5419671535491943
1789317068312070000,37.61606982421875,-0.6576774716377258,-1.3039296865463257,-2.2284088134765625
1789317068322024700,37.62602465820312,-1.519513726234436,-3.6930179595947266,-1.8084914684295654
1789317068331981000,37.63598095703125,-0.9718388915061951,-3.5215320587158203,-0.8986932635307312
1789317068341935900,37.645935791015624,0.251160591840744,1.9292082786560059,0.46043843030929565
1789317068351891700,37.6558916015625,1.26736581325531,2.348902463912964,1.4633153676986694
1789317068361847000,37.66584692382813,0.7365685701370239,2.2270665168762207,0.8732433319091797
1789317068371803000,37.67580297851563,-0.5257332921028137,-0.9312880039215088,-0.4314291775226593
1789317068381757700,37.6857578125,-1.3199257850646973,-3.6571409702301025,-0.3715687692165375
1789317068391713800,37.6957138671875,-1.3281255960464478,-3.5945818424224854,0.6022861003875732
1789317068401669600,37.70566967773438,-0.3358190059661865,0.4357285797595978,0.9951018691062927
1789317068411625200,37.715625244140625,1.0004584789276123,4.196737766265869,0.7504404187202454
1789317068421581000,37.7255810546875,0.9812248945236206,1.9447948932647705,0.07179988920688629
1789317068431535900,37.735535888671876,-0.3109900951385498,-0.9998281598091125,-1.6182725429534912
1789317068441492000,37.745491943359376,-1.3316370248794556,-3.1715705394744873,-1.8427910804748535
1789317068451447000,37.75544702148437,-1.2374348640441895,-3.5271358489990234,-0.7479383945465088
1789317068461403100,37.76540307617187,-0.23015090823173523,-1.3549162149429321,0.675067126750946
1789317068471359000,37.77535888671875,0.7673147320747375,2.793855667114258,1.7388784885406494
1789317068481314000,37.78531396484375,1.132427453994751,2.983410596847534,1.358498215675354
1789317068491270100,37.795270263671874,0.3251535892486572,0.95928555727005,-0.06370174884796143
1789317068501225000,37.805224853515625,-0.8512498736381531,-2.1724328994750977,-0.8619938492774963
1789317068511181000,37.81518115234375,-1.307244062423706,-3.884087324142456,-0.31434327363967896
1789317068521136000,37.82513623046875,-0.4944552779197693,-1.715116262435913,0.0954652726650238
1789317068531092000,37.83509204101563,0.958850622177124,2.4647321701049805,0.4101385176181793
1789317068541047000,37.845047119140624,1.4928839206695557,1.8759287595748901,0.3914591073989868
1789317068551003000,37.8550029296875,0.5434324145317078,1.0078290700912476,-0.3001694083213806
1789317068560959000,37.864958984375,-0.4477868378162384,-1.621358871459961,-0.301935613155365
1789317068570914000,37.8749140625,-0.5868757367134094,-3.324111223220825,-0.2785911560058594
1789317068580870100,37.8848701171875,-0.2362689971923828,-1.955498218536377,0.4084213078022003
1789317068590825000,37.89482495117188,0.5417476892471313,0.8940868377685547,1.0264283418655396
1789317068600781000,37.90478100585938,1.3363689184188843,3.86472225189209,-0.05976453050971031
1789317068610736000,37.91473608398437,0.9933585524559021,2.180281162261963,-1.0875593423843384
1789317068620692000,37.92469189453125,-0.15367691218852997,-0.964008629322052,-1.684946894645691
1789317068630648000,37.93464794921875,-0.8650626540184021,-2.969202756881714,-0.9734373092651367
1789317068640603100,37.94460302734375,-0.34934094548225403,-2.5300703048706055,0.19371753931045532
1789317068650559000,37.95455908203125,0.608789324760437,-0.5896257162094116,1.6234869956970215
1789317068660514000,37.96451416015625,1.3248549699783325,2.0237693786621094,2.1228864192962646
1789317068670470000,37.974469970703126,1.4237738847732544,2.1960461139678955,1.9616676568984985
1789317068680425000,37.98442504882812,0.7365813255310059,0.7840652465820312,0.49126747250556946
1789317068690381000,37.99438110351562,-0.398765504360199,-0.04906395077705383,-1.261468768119812
1789317068700335900,38.0043359375,-0.7702975273132324,-0.4764096736907959,-2.321129322052002
1789317068710292200,38.014292236328124,-0.1771950125694275,-0.7441630959510803,-2.327827215194702
1789317068720248000,38.024248046875,0.5968517065048218,-0.2855081856250763,-0.7918187975883484
1789317068730203100,38.034203125,1.404922604560852,0.006107959896326065,0.9187167882919312
1789317068740159000,38.044158935546875,1.801378607749939,-0.07215914875268936,1.8874645233154297
1789317068750114000,38.05411401367188,1.41312837600708,1.0445295572280884,1.4296146631240845
1789317068760070100,38.06407006835938,0.6683538556098938,4.4916510581970215,-0.24106454849243164
1789317068770025000,38.07402490234375,-0.4644582271575928,-1.875266432762146,-1.5951224565505981
1789317068779981000,38.08398095703125,-1.6418536901474,-1.0934492349624634,-0.8563117384910583
1789317068789937000,38.09393701171875,-0.7385643124580383,-1.3403633832931519,0.6896157264709473
1789317068799892000,38.10389208984375,1.40156090259552,-1.0595653057098389,1.1675692796707153
1789317068809848000,38.11384814453125,2.5113608837127686,1.9507050514221191,1.0335919857025146
1789317068819803000,38.12380297851563,2.3556742668151855,5.394320011138916,0.02503504604101181
1789317068829759200,38.13375927734375,0.9386356472969055,-0.10486436635255814,-1.7521661520004272
1789317068839714000,38.14371411132812,-1.457280158996582,-1.8997750282287598,-1.1769357919692993
1789317068849670000,38.153669921875,-2.298473358154297,-2.1307029724121094,0.4849477708339691
1789317068859626000,38.1636259765625,-0.65960693359375,-1.5128177404403687,1.1269464492797852
1789317068869581000,38.1735810546875,1.2845735549926758,4.463339328765869,0.7761356830596924
1789317068879537200,38.183537109375,2.277576446533203,5.9832444190979,-0.9836702346801758
1789317068889492000,38.193491943359376,1.207889437675476,-2.725011110305786,-2.098026990890503
1789317068899448000,38.203447998046876,-0.8940109014511108,-3.0885508060455322,-0.21352426707744598
1789317068909403100,38.21340307617187,-1.0584105253219604,-3.4376204013824463,1.3124430179595947
1789317068919359000,38.22335888671875,-0.0014061490073800087,-0.38760125637054443,2.197557210922241
1789317068929314000,38.23331396484375,0.7814574837684631,4.989467620849609,1.7826448678970337
1789317068939270100,38.243270263671874,0.7081936597824097,4.2789835929870605,0.06179146096110344
1789317068949226200,38.253226318359374,-0.7085561156272888,-0.8561087846755981,-2.18719220161438
1789317068959181000,38.26318115234375,-1.8499259948730469,-2.398810863494873,-1.714759111404419
1789317068969137000,38.273136962890625,-1.1474541425704956,-3.6538054943084717,-0.869339644908905
1789317068979092200,38.28309228515625,0.019939886406064034,-1.9652142524719238,1.2015738487243652
1789317068989048000,38.29304809570313,0.8611032962799072,4.20762825012207,1.9543333053588867
1789317068999003000,38.3030029296875,1.258253574371338,5.053423881530762,1.0896797180175781
1789317069008959000,38.312958984375,-0.16400571167469025,-1.5437180995941162,-1.0405648946762085
1789317069018914800,38.32291479492188,-2.2246665954589844,-1.8666298389434814,-1.2658289670944214
1789317069028870100,38.3328701171875,-2.0372555255889893,-3.282381772994995,-0.6917659640312195
1789317069038826000,38.342825927734374,-0.6905523538589478,-2.9336631298065186,1.0014358758926392
1789317069048781000,38.35278100585938,0.29695045948028564,2.5342419147491455,1.7424404621124268
1789317069058737200,38.36273706054688,1.1831936836242676,6.422300338745117,0.6157622337341309
1789317069068692000,38.37269189453125,0.5654005408287048,-1.1780295372009277,-2.1017837524414062
1789317069078648000,38.38264794921875,-1.5513192415237427,-1.9363383054733276,-2.2094948291778564
1789317069088603100,38.39260302734375,-2.008894681930542,-2.495500087738037,-0.9203064441680908
1789317069098559200,38.402559326171875,-0.7370330095291138,-3.6770777702331543,1.5648505687713623
1789317069108515000,38.41251513671875,0.30741748213768005,0.7613916397094727,2.694520950317383
1789317069118470000,38.422469970703126,1.0157480239868164,6.470050811767578,1.8761602640151978
1789317069128426000,38.432426025390626,0.9713877439498901,0.8133049011230469,-1.2855645418167114
1789317069138381000,38.44238110351562,-0.9571406245231628,-2.244765043258667,-2.335484743118286
1789317069148337200,38.45233715820312,-1.9525657892227173,-1.7978882789611816,-1.550296664237976
1789317069158292000,38.4622919921875,-0.6908718943595886,-3.8371336460113525,0.6786418557167053
1789317069168248000,38.472248046875,0.7567681074142456,0.2894483208656311,1.3815659284591675
1789317069178204200,38.4822041015625,1.5012882947921753,6.026968002319336,0.9897270798683167
1789317069188159000,38.492158935546875,1.238879919052124,1.3289626836776733,-0.6081945896148682
1789317069198115000,38.502114990234375,-0.6972733736038208,-2.0521461963653564,-1.7319165468215942
1789317069208070100,38.51207006835938,-1.7077213525772095,-2.716050624847412,-0.682770311832428
1789317069218026200,38.52202612304688,-0.7594720125198364,-3.70491623878479,0.9415214657783508
1789317069227981000,38.53198095703125,0.4766882658004761,1.1154788732528687,1.6910403966903687
1789317069237937000,38.54193701171875,1.4105291366577148,6.575303077697754,1.1995189189910889
1789317069247892200,38.55189233398438,1.0625165700912476,0.5484772324562073,-0.9063674807548523
1789317069257848000,38.56184814453125,-0.9983077645301819,-1.9765925407409668,-1.8182045221328735
1789317069267804200,38.57180419921875,-1.666564702987671,-2.8092429637908936,-1.1823947429656982
1789317069277759000,38.58175903320313,-0.3170914053916931,-3.5776541233062744,-0.11567040532827377
1789317069287715000,38.59171508789063,0.8353854417800903,1.7631183862686157,1.1371502876281738
1789317069297670100,38.60167016601562,1.544241189956665,4.58198881149292,1.5480092763900757
1789317069307626000,38.6116259765625,1.206164002418518,1.8622527122497559,0.1936062127351761
1789317069317581000,38.6215810546875,-0.790664553642273,-1.0287061929702759,-1.4842430353164673
1789317069327537200,38.631537109375,-1.7292472124099731,-2.794663429260254,-1.101953148841858
1789317069337493000,38.64149291992187,-1.0129876136779785,-3.8937931060791016,0.19266292452812195
1789317069347448000,38.651447998046876,-0.018397649750113487,-0.3230222761631012,1.7997701168060303
1789317069357404000,38.66140380859375,1.2774184942245483,5.370253086090088,1.4961843490600586
1789317069367359200,38.67135913085937,1.7602344751358032,4.081820964813232,-0.16499029099941254
1789317069377315000,38.68131518554687,-0.02070607803761959,-1.125983476638794,-1.8383680582046509
1789317069387270000,38.69126977539062,-1.80675208568573,-2.9285316467285156,-1.0352513790130615
1789317069397226000,38.70122607421875,-1.470386028289795,-4.518923282623291,0.18901625275611877
1789317069407181000,38.71118115234375,-0.058453191071748734,-0.014090518467128277,0.7855632901191711
1789317069417137000,38.721136962890625,1.4343295097351074,5.990734100341797,0.7994253039360046
1789317069427092700,38.7310927734375,1.6416499614715576,2.3952841758728027,-0.7658178210258484
1789317069437047800,38.7410478515625,-0.5686869025230408,-0.9638363122940063,-2.0387589931488037
1789317069447004000,38.75100390625,-1.7888453006744385,-2.5633068084716797,-1.0625905990600586
1789317069456958700,38.76095874023437,-0.9410277009010315,-4.556917190551758,0.4279484152793884
1789317069466914800,38.77091479492187,0.09993698447942734,0.12670308351516724,2.0646870136260986
1789317069476870000,38.780869873046875,1.234411597251892,4.423403263092041,2.5320756435394287
1789317069486825700,38.79082568359375,1.4513897895812988,2.6926002502441406,1.1195966005325317
1789317069496781800,38.80078173828125,-0.3233698010444641,0.0551932156085968,-1.0042351484298706
1789317069506736600,38.810736572265625,-1.7214092016220093,-2.971585750579834,-1.4305115938186646
1789317069516693000,38.82069287109375,-1.5742884874343872,-4.709450721740723,-0.8431232571601868
1789317069526647800,38.83064770507813,-0.5361350774765015,-0.2989182472229004,-0.07089041918516159
1789317069536603600,38.84060375976563,1.0182385444641113,3.787963628768921,0.41027992963790894
1789317069546559000,38.85055908203125,1.457449197769165,2.1290173530578613,0.28538674116134644
1789317069556514800,38.860514892578124,-0.031809594482183456,0.6775974035263062,-0.32308271527290344
1789317069566470000,38.87046997070313,-1.2108732461929321,-2.5663952827453613,-0.8811832666397095
1789317069576425700,38.88042578125,-1.415431261062622,-4.2474141120910645,-0.6758522391319275
1789317069586381800,38.8903818359375,-1.0578778982162476,-2.392378807067871,0.8181001543998718
1789317069596337000,38.9003369140625,0.19402672350406647,3.0243160724639893,0.7582474946975708
1789317069606292700,38.91029272460938,1.2040777206420898,7.765992641448975,-0.7398054003715515
1789317069616247800,38.92024780273437,0.08761639893054962,-4.0086750984191895,-3.1806352138519287
1789317069626203600,38.93020361328125,-1.8842716217041016,-1.3740705251693726,-2.08149790763855
1789317069636158700,38.94015869140625,-1.27207350730896,-3.499128818511963,0.9203040599822998
1789317069646114800,38.95011474609375,0.5774105787277222,-4.286994934082031,3.008174180984497
1789317069656069600,38.96006958007813,1.460056185722351,2.9318642616271973,2.374204635620117
1789317069666026000,38.97002587890625,1.5471868515014648,6.6100568771362305,1.0922139883041382
1789317069675981800,38.97998193359375,0.22771145403385162,-0.7389174699783325,-2.8365790843963623
1789317069685936600,38.9899365234375,-2.429305076599121,-0.9826670289039612,-4.025486946105957
1789317069695892700,38.99989282226562,-2.7548317909240723,-2.1202890872955322,-2.3691494464874268
1789317069705847800,39.009847900390625,-0.5726099610328674,-4.368600845336914,-0.005285309627652168
1789317069715804000,39.019803955078125,1.2514395713806152,0.7557297348976135,0.9748733043670654
1789317069725758700,39.0297587890625,2.3677480220794678,4.439230918884277,1.1904563903808594
1789317069735714600,39.039714599609376,2.5502350330352783,1.0310637950897217,0.7346295118331909
1789317069745671000,39.0496708984375,0.58563631772995,-1.083103895187378,-0.5210160613059998
1789317069755625700,39.05962573242188,-1.745481252670288,-1.573461890220642,-0.5228655934333801
1789317069765581800,39.06958178710938,-2.089233160018921,-1.7351833581924438,-0.27901139855384827
1789317069775537000,39.079536865234374,-0.5918664932250977,2.81217885017395,-0.9257153272628784
1789317069785493000,39.089492919921874,0.9265502095222473,5.1931657791137695,-0.7605902552604675
1789317069795447800,39.09944775390625,1.3249173164367676,-1.3429226875305176,-2.026780843734741
1789317069805403600,39.109403564453125,0.7003448009490967,-1.358959436416626,-1.3484289646148682
1789317069815359700,39.11935986328125,1.055989146232605,-1.6599628925323486,-0.28847014904022217
1789317069825314800,39.12931469726563,1.2891443967819214,-3.5430755615234375,2.1137537956237793
1789317069835271000,39.13927099609375,0.376535028219223,-2.4898412227630615,5.507606029510498
1789317069845225700,39.14922583007812,-0.5046887397766113,-0.021948175504803658,7.70145845413208
1789317069855181600,39.159181640625,-0.3811279237270355,5.909407615661621,5.307989120483398
1789317069865137000,39.169136962890626,-0.35080569982528687,5.273869514465332,-1.3879891633987427
1789317069875092700,39.1790927734375,-2.084345817565918,-2.484346389770508,-4.357393741607666
1789317069885047600,39.18904760742188,-2.3766086101531982,-0.37674885988235474,-5.494508743286133
1789317069895004000,39.19900390625,-0.2372964471578598,-3.576071262359619,-2.100691795349121
1789317069904959700,39.208959716796876,2.326991558074951,-3.831219434738159,1.2026606798171997
1789317069914914800,39.21891479492187,3.61354660987854,2.5831894874572754,1.549322485923767
1789317069924870700,39.22887060546875,3.2042970657348633,6.2553486824035645,1.3467909097671509
1789317069934826000,39.238825927734375,1.220273494720459,0.0592084638774395,-2.2623331546783447
1789317069944781800,39.24878173828125,-2.581146717071533,-0.10802047699689865,-1.7515677213668823
1789317069954736600,39.258736572265626,-3.679231643676758,-1.3038275241851807,0.49462997913360596
1789317069964692700,39.268692626953126,-1.7801740169525146,-1.7395142316818237,2.214144468307495
1789317069974648800,39.27864892578125,-0.15887433290481567,-0.42678701877593994,3.667891025543213
1789317069984604000,39.28860400390625,0.7096163034439087,2.5955116748809814,3.3874897956848145
1789317069994559700,39.29855981445313,1.4804248809814453,0.8474758863449097,2.356470823287964
1789317070004514800,39.308514892578124,1.461410403251648,-3.4525201320648193,2.1354281902313232
1789317070014471000,39.318470947265624,0.29120680689811707,-3.4963958263397217,1.6605759859085083
1789317070024425700,39.32842578125,-0.3589850664138794,0.9785207509994507,-1.0975714921951294
1789317070034381800,39.3383818359375,-0.5225356221199036,4.064840316772461,-3.351470708847046
1789317070044337000,39.3483369140625,-0.7198771834373474,3.2392003536224365,-6.012115955352783
1789317070054292700,39.35829272460938,-1.5760531425476074,0.3939023017883301,-6.138612747192383
1789317070064248800,39.36824877929688,-2.078425168991089,-1.7291295528411865,-2.7807042598724365
1789317070074203600,39.37820361328125,-0.6131595373153687,-3.431623697280884,0.6569344401359558
1789317070084159700,39.38815966796875,1.5536245107650757,2.8738231658935547,2.62153697013855
1789317070094114800,39.39811474609375,2.9590237140655518,0.9786301851272583,3.4996449947357178
1789317070104071000,39.40807080078125,1.7658885717391968,-1.1505346298217773,3.5828897953033447
1789317070114025700,39.41802563476563,-0.4501780867576599,-0.9483410120010376,2.0240561962127686
1789317070123981800,39.42798193359375,-1.0787177085876465,-2.4865925312042236,-0.1426311880350113
1789317070133938000,39.43793798828125,-0.6538092494010925,-0.9593326449394226,-1.7066079378128052
1789317070143892700,39.44789282226562,0.09858729690313339,2.280656337738037,-2.2215700149536133
1789317070153848800,39.45784887695312,0.9302980899810791,2.112699031829834,-1.7826755046844482
1789317070163804000,39.467803955078125,0.9852385520935059,1.2627454996109009,-1.1067956686019897
1789317070173759700,39.477759765625,0.6118178367614746,0.1252543181180954,-0.42794522643089294
1789317070183714800,39.48771484375,0.43798398971557617,-1.4785047769546509,0.6944496035575867
1789317070193670700,39.497670654296876,0.2908150553703308,-2.0415968894958496,1.7767117023468018
1789317070203626800,39.507626708984375,0.13353276252746582,0.10964447259902954,1.9638853073120117
1789317070213581800,39.51758178710938,0.2932121753692627,1.884312391281128,1.3160390853881836
1789317070223537700,39.52753759765625,0.36502429842948914,1.6323184967041016,-0.009792177006602287
1789317070233492700,39.53749267578125,-0.14869573712348938,0.6684025526046753,-0.9744647741317749
1789317070243448800,39.54744873046875,-0.5493059754371643,-0.5374738574028015,-1.2495349645614624
1789317070253404000,39.55740380859375,-0.21796348690986633,-1.1564545631408691,-1.2521488666534424
1789317070263359700,39.56735986328125,0.446882963180542,0.7472483515739441,-0.8111171126365662
1789317070273315800,39.57731591796875,0.8819148540496826,0.20570975542068481,-0.014004498720169067
1789317070283271000,39.58727099609375,0.35303688049316406,-0.16381342709064484,0.8454841375350952
1789317070293226800,39.59722680664063,-0.4204140603542328,-0.2150486558675766,1.1428492069244385
1789317070303181800,39.60718188476562,-0.8040107488632202,-0.8925773501396179,1.2208929061889648
1789317070313137700,39.6171376953125,-0.8273096680641174,-0.7641253471374512,1.3546632528305054
1789317070323092700,39.6270927734375,-0.36047402024269104,-0.21591845154762268,1.1285052299499512
1789317070333048800,39.637048828125,0.11731383949518204,0.5255375504493713,0.5336465835571289
1789317070343003600,39.64700366210938,0.23900112509727478,0.6300570368766785,-0.3060198426246643
1789317070352959700,39.65695971679688,-0.06560111045837402,-0.10615067183971405,-1.1782485246658325
1789317070362915800,39.666915771484376,-0.586909830570221,-0.7647658586502075,-1.5210676193237305
1789317070372870700,39.67687060546875,-0.7803285717964172,-0.5338823199272156,-1.665003776550293
1789317070382826800,39.68682666015625,-0.5571162700653076,0.620978057384491,-1.4468480348587036
1789317070392781800,39.69678173828125,-0.22756019234657288,0.11136913299560547,-0.5692453384399414
1789317070402738000,39.706738037109375,-0.060439907014369965,-0.0976722314953804,0.0751967504620552
1789317070412693200,39.716693359375,-0.024394555017352104,0.5365356206893921,0.5055785179138184
1789317070422649000,39.72664916992188,0.05795837566256523,-0.8102774024009705,0.527361273765564
1789317070432605200,39.73660522460938,-0.20732921361923218,-1.276084303855896,0.837282121181488
1789317070442560300,39.74656030273437,-0.28210198879241943,-1.101631760597229,1.1421762704849243
1789317070452516400,39.75651635742187,0.0189015194773674,-0.3590191602706909,0.7631703615188599
1789317070462471200,39.76647119140625,0.16960102319717407,0.5161102414131165,0.45547857880592346
1789317070472427000,39.776427001953124,0.1543264538049698,0.5993055105209351,-0.044076379388570786
1789317070482382300,39.78638232421875,0.037101294845342636,0.08161336928606033,-0.7165863513946533
1789317070492338200,39.79633813476563,-0.09434115141630173,-0.44337981939315796,-0.985816478729248
1789317070502294300,39.806294189453126,-0.07086165249347687,-0.3428042232990265,-1.1292610168457031
1789317070512249300,39.81624926757812,0.04382364824414253,-0.030283337458968163,-0.6291046738624573
1789317070522205200,39.826205078125,0.1729230433702469,0.5172716379165649,0.004496747627854347
1789317070532160300,39.83616015625,0.21215513348579407,0.6421171426773071,0.3916955888271332
1789317070542116000,39.8461162109375,0.1496366262435913,0.11986355483531952,0.739326000213623
1789317070552071200,39.8560712890625,0.1056731641292572,-0.3616865575313568,0.7547212243080139
1789317070562027300,39.86602734375,0.10876163095235825,-0.6477814316749573,0.9987146854400635
1789317070571983000,39.875983154296875,0.2236008644104004,-0.20606635510921478,0.9437749981880188
1789317070581938200,39.88593823242188,0.4096178710460663,0.6243602633476257,0.1938387155532837
1789317070591894300,39.89589428710938,0.4014286398887634,0.7463349103927612,-0.560674250125885
1789317070601849300,39.905849365234374,0.10358738154172897,0.3664323091506958,-0.9623468518257141
1789317070611805200,39.91580517578125,-0.07009067386388779,-0.3934522271156311,-0.8339755535125732
1789317070621760300,39.92576025390625,0.06847013533115387,-0.6214669942855835,-0.42931807041168213
1789317070631716400,39.93571630859375,0.31051018834114075,0.1879832148551941,-0.1121039018034935
1789317070641671200,39.94567114257813,0.5619043707847595,0.4053661525249481,0.4038883447647095
1789317070651627300,39.95562719726563,0.5831888914108276,0.29276183247566223,0.6015444397926331
1789317070661583000,39.9655830078125,0.2609596848487854,0.3200016915798187,0.6250329613685608
1789317070671538200,39.9755380859375,0.0821438729763031,0.1339559406042099,0.20947439968585968
1789317070681494300,39.98549438476562,0.056403886526823044,0.20805306732654572,-0.29509076476097107
1789317070691449000,39.995448974609374,0.12407747656106949,0.4329186677932739,-0.5333600640296936
1789317070701405200,40.0054052734375,0.40201082825660706,0.17006227374076843,-0.5756510496139526
1789317070711361300,40.015361328125,0.6559916734695435,-0.08176729828119278,-0.37003105878829956
1789317070721316000,40.02531616210938,0.7508748173713684,0.07145314663648605,-0.239618718624115
1789317070731272200,40.035272216796876,0.6861951351165771,0.4435875713825226,-0.21584680676460266
1789317070741227300,40.04522729492187,0.38587793707847595,0.2772766053676605,0.06948533654212952
1789317070751183400,40.05518334960937,-0.0012423646403476596,0.11513351649045944,0.4958938956260681
1789317070761138200,40.06513818359375,-0.14787174761295319,0.31026118993759155,0.6530752778053284
1789317070771094300,40.07509423828125,0.010426275432109833,0.7735388278961182,0.4128943681716919
1789317070781049300,40.08504931640625,0.25629302859306335,0.9388774633407593,0.009325324557721615
1789317070791005200,40.095005126953126,0.34901392459869385,0.4014643430709839,-0.05747900530695915
1789317070800961300,40.104961181640626,0.2671701908111572,-0.08815862238407135,-0.03176805004477501
1789317070810916000,40.114916015625,0.1953769475221634,-0.18156872689723969,-0.0027574370615184307
1789317070820872200,40.1248720703125,0.22519317269325256,0.010176471434533596,0.046252716332674026
1789317070830827300,40.1348271484375,0.1870386004447937,0.6971447467803955,-0.09075120836496353
1789317070840783000,40.144783203125,0.10750648379325867,0.9211072325706482,-0.3205580413341522
1789317070850738200,40.15473828125,-0.030649788677692413,0.468031108379364,-0.4427182972431183
1789317070860694300,40.1646943359375,-0.23969648778438568,-0.03868374601006508,-0.10238070040941238
1789317070870650400,40.174650390625,-0.13297030329704285,-0.4943162500858307,0.2188633680343628
1789317070880605200,40.18460522460938,0.07752861082553864,-0.18868230283260345,0.5855428576469421
1789317070890561000,40.19456103515625,0.20010539889335632,0.4500286877155304,0.8192906379699707
1789317070900516400,40.20451635742187,0.20296455919742584,0.5172932147979736,0.6338586807250977
1789317070910472200,40.21447216796875,-0.03818893060088158,0.3157190680503845,0.25835245847702026
1789317070920428300,40.22442822265625,-0.3863133490085602,0.38002482056617737,-0.3147483468055725
1789317070930383000,40.234383056640624,-0.5391913056373596,0.14932823181152344,-0.5932382941246033
1789317070940339200,40.244339111328124,-0.4321780502796173,-0.192377969622612,-0.34680455923080444
1789317070950294300,40.25429418945313,-0.17063592374324799,0.1483822762966156,-0.0707913488149643
1789317070960250000,40.26425,0.15614406764507294,0.6521732807159424,0.0360884964466095
1789317070970205200,40.274205078125,0.2945948839187622,0.7839693427085876,-0.06560883671045303
1789317070980161300,40.28416137695312,0.10410349816083908,0.06830529123544693,0.061284661293029785
1789317070990117400,40.29411743164062,-0.27827024459838867,-0.4917258024215698,0.31522879004478455
1789317071000072200,40.304072265625,-0.4514816999435425,-0.032227709889411926,0.21886496245861053
1789317071010028000,40.31402807617187,-0.3053319454193115,0.897954523563385,-0.14870186150074005
1789317071019983400,40.3239833984375,-0.16884441673755646,0.6400721073150635,-0.19673515856266022
1789317071029939200,40.333939208984376,-0.1831599622964859,-0.05796343460679054,0.09252461045980453
1789317071039894000,40.34389404296875,-0.20454168319702148,-0.5503060221672058,0.5276502370834351
1789317071049850000,40.35385009765625,-0.10938108712434769,0.06833325326442719,0.2018100917339325
1789317071059806200,40.36380615234375,0.033060215413570404,0.6487953066825867,-0.3348618745803833
1789317071069761300,40.37376123046875,-0.11940575391054153,0.5745013952255249,-0.6405909061431885
1789317071079717000,40.38371704101562,-0.5079982280731201,0.05089380592107773,-0.42392730712890625
1789317071089672400,40.39367236328125,-0.6791934370994568,-0.639503538608551,0.13632908463478088
1789317071099628300,40.403628173828125,-0.5359209775924683,-0.5286148190498352,0.5122302770614624
1789317071109583000,40.4135830078125,-0.2931053638458252,0.30571359395980835,0.45065584778785706
1789317071119539200,40.42353930664063,-0.23427587747573853,0.7894421815872192,0.2442539483308792
1789317071129495000,40.4334951171875,-0.4248618185520172,0.38056838512420654,0.04390886798501015
1789317071139450400,40.44345043945312,-0.6375131011009216,-0.5998357534408569,-0.1126256138086319
1789317071149406200,40.45340625,-0.649588942527771,-1.174114465713501,-0.19452127814292908
1789317071159361000,40.463361083984374,-0.49239930510520935,-0.7113407254219055,-0.208366259932518
1789317071169317000,40.473317138671874,-0.28707757592201233,-0.12474965304136276,-0.10411202162504196
1789317071179272200,40.48327221679688,-0.3449496626853943,0.13073697686195374,0.2566898465156555
1789317071189228300,40.49322827148438,-0.5496748685836792,0.17424343526363373,0.12164787203073502
1789317071199184100,40.50318408203125,-0.714215874671936,0.2891114354133606,-0.4840244650840759
1789317071209139200,40.51313916015625,-0.877474844455719,0.24296337366104126,-0.7956135272979736
1789317071219095300,40.52309521484375,-0.8910790681838989,-0.8191145658493042,-0.5672429203987122
1789317071229050000,40.53305004882812,-0.7946954965591431,-1.0850977897644043,0.1271185427904129
1789317071239006200,40.54300610351562,-0.3777962923049927,-0.642275869846344,0.4635753929615021
1789317071248962000,40.55296215820312,-0.003385144053027034,0.17982648313045502,0.3775273263454437
1789317071258917000,40.562917236328126,-0.08988062292337418,0.6001854538917542,0.04891028627753258
1789317071268873200,40.572873291015625,-0.5453192591667175,-0.18591393530368805,0.03531910851597786
1789317071278828000,40.582828125,-0.9750074744224548,-1.0740704536437988,0.3634762167930603
1789317071288784400,40.59278442382813,-0.8043518662452698,-1.1660985946655273,0.23775716125965118
1789317071298739200,40.6027392578125,-0.33928218483924866,-0.06523039937019348,-0.027585022151470184
1789317071308695300,40.6126953125,0.02315831556916237,0.6267381906509399,-0.09471798688173294
1789317071318651100,40.62265112304687,0.1324821412563324,-0.004041346721351147,-0.15651237964630127
1789317071328606200,40.632606201171875,-0.16704784333705902,-0.4367605447769165,-0.31068170070648193
1789317071338562300,40.642562255859374,-0.34190833568573,-0.606778085231781,-0.6710795760154724
1789317071348517000,40.65251708984375,-0.28258588910102844,-0.6725501418113708,-0.6001548171043396
1789317071358473200,40.66247314453125,-0.263377845287323,-0.23839445412158966,-0.09481599181890488
1789317071368428300,40.67242822265625,-0.2170708030462265,0.3291033208370209,0.3279946446418762
1789317071378384100,40.68238403320313,-0.06746453046798706,0.41923215985298157,0.3727693259716034
1789317071388340200,40.69234033203125,0.025228390470147133,-0.07208644598722458,0.09311582893133163
1789317071398295000,40.702294921875,-0.07017828524112701,-0.9960989356040955,0.3297368884086609
1789317071408251400,40.71225146484375,-0.12624076008796692,-1.3271034955978394,0.6929510235786438
1789317071418205700,40.722205810546875,0.017661551013588905,-0.4553869664669037,0.6427757740020752
1789317071428161800,40.732161865234374,0.3331872820854187,1.0766161680221558,-0.12299197167158127
1789317071438116900,40.74211694335938,0.30735835433006287,0.7267183065414429,-0.7020201683044434
1789317071448073000,40.75207299804688,-0.20161060988903046,-0.15469583868980408,-0.733135461807251
1789317071458028800,40.76202880859375,-0.4985184669494629,-1.3229206800460815,-0.01215839572250843
1789317071467983600,40.77198364257813,-0.16489893198013306,-1.2491093873977661,0.2364407628774643
1789317071477940000,40.78193994140625,0.4055568277835846,0.6881483197212219,0.0647563561797142
1789317071487894800,40.791894775390624,0.836540162563324,0.9654678106307983,-0.15128059685230255
1789317071497851000,40.80185083007812,0.5167379379272461,0.1830182820558548,-0.15604498982429504
1789317071507806700,40.811806640625,-0.20761071145534515,-0.6911497116088867,0.3073660731315613
1789317071517761800,40.82176171875,-0.34432703256607056,-1.114917516708374,0.20115627348423004
1789317071527718000,40.8317177734375,-0.038052842020988464,0.008866728283464909,-0.037027258425951004
1789317071537672700,40.84167260742188,0.3666645586490631,0.9315212965011597,-0.09360425174236298
1789317071547628800,40.85162890625,0.5420872569084167,0.5633589625358582,0.1626536250114441
1789317071557584000,40.861583984375,0.4070127606391907,-0.12751348316669464,0.2663605809211731
1789317071567539700,40.87153979492187,0.2527041435241699,-0.4492614269256592,-0.05083095654845238
1789317071577495800,40.88149584960937,0.19457107782363892,-0.2633003294467926,-0.4252399802207947
1789317071587450600,40.89145068359375,0.17993861436843872,-0.07063475251197815,-0.30980977416038513
1789317071597407000,40.901406982421875,0.22850827872753143,-0.1919289529323578,0.27944204211235046
1789317071607361800,40.91136181640625,0.2856128513813019,0.27490267157554626,0.3265101909637451
1789317071617317600,40.921317626953126,0.31198903918266296,0.8048373460769653,-0.05772082135081291
1789317071627273000,40.93127294921875,0.3404257595539093,0.5280566215515137,-0.6508930921554565
1789317071637228800,40.94122875976562,0.1011631041765213,0.008156996220350266,-0.7216551303863525
1789317071647185000,40.95118481445313,-0.18325237929821014,-0.3145534098148346,-0.1702313870191574
1789317071657139700,40.9611396484375,-0.09871512651443481,-0.4117814302444458,0.5341089367866516
1789317071667095800,40.971095703125,0.29923516511917114,0.13758395612239838,0.6556670665740967
1789317071677051000,40.98105078125,0.5960631370544434,1.4478272199630737,0.1361762136220932
1789317071687006700,40.9910068359375,0.4649176299571991,0.7255896925926208,-0.284451961517334
1789317071696961800,41.0009619140625,-0.09216481447219849,-0.47831517457962036,-0.2759530246257782
1789317071706918000,41.01091796875,-0.4903193712234497,-1.1006247997283936,0.14888961613178253
1789317071716874000,41.0208740234375,-0.27733439207077026,-0.605510950088501,0.34024280309677124
1789317071726828800,41.030828857421874,0.20861420035362244,0.7328374981880188,0.25724804401397705
1789317071736784600,41.04078466796875,0.4676622748374939,1.2694652080535889,0.0897623747587204
1789317071746740000,41.050739990234376,0.28480082750320435,0.5291621088981628,-0.22622515261173248
1789317071756695800,41.06069580078125,-0.1988912671804428,-0.5233780145645142,-0.3551056385040283
1789317071766650600,41.07065063476563,-0.3932708501815796,-1.1254689693450928,-0.4107012450695038
1789317071776606700,41.08060668945313,-0.2338993102312088,-0.5462121963500977,-0.21586598455905914
1789317071786562600,41.0905625,-0.012378105893731117,0.5472140908241272,0.11794527620077133
1789317071796518000,41.10051782226562,0.10827720165252686,0.782885730266571,0.35100170969963074
1789317071806473700,41.1104736328125,0.012153602205216885,0.20031285285949707,0.35325926542282104
1789317071816428800,41.1204287109375,-0.24602948129177094,-0.5412927865982056,0.23399172723293304
1789317071826385000,41.130385009765625,-0.39288923144340515,-0.9941977262496948,0.21945619583129883
1789317071836339700,41.140339599609376,-0.3142290413379669,-0.7445894479751587,0.29419806599617004
1789317071846295800,41.1502958984375,-0.13177719712257385,0.39464637637138367,-0.05825451761484146
1789317071856251600,41.160251708984376,-0.10279375314712524,1.1379591226577759,-0.4761524200439453
1789317071866207000,41.17020703125,-0.3007936477661133,0.6444799304008484,-0.8727176189422607
1789317071876162800,41.18016284179687,-0.6941912770271301,-0.3680427372455597,-0.5482993125915527
1789317071886117600,41.19011767578125,-0.7284400463104248,-1.306886076927185,0.15726259350776672
1789317071896073700,41.20007373046875,-0.3252454698085785,-0.8803390264511108,0.4172765910625458
1789317071906029800,41.21002978515625,0.11243386566638947,0.7559688687324524,0.40395572781562805
1789317071915985000,41.21998486328125,0.28102555871009827,0.7760315537452698,0.14801982045173645
1789317071925940700,41.229940673828125,-0.10056176036596298,-0.29568570852279663,0.15950550138950348
1789317071935895800,41.23989575195313,-0.614103376865387,-1.1238877773284912,0.2561497688293457
1789317071945852000,41.24985180664063,-0.6528081297874451,-0.8422476053237915,-0.0759565457701683
1789317071955806700,41.259806640625,-0.2558373808860779,0.006821686867624521,-0.32333359122276306
1789317071965762800,41.2697626953125,0.08218568563461304,0.5568336844444275,-0.2954457700252533
1789317071975718700,41.27971875,0.14746642112731934,0.2558450996875763,-0.06892873346805573
1789317071985674000,41.289674072265626,0.025847043842077255,-0.30579641461372375,-0.024572720751166344
1789317071995629800,41.2996298828125,-0.019761454313993454,-0.7338138222694397,-0.26493871212005615
1789317072005584600,41.30958471679688,-0.007866444997489452,-0.8473081588745117,-0.20256109535694122
1789317072015540700,41.31954077148438,-0.07788867503404617,-0.33287596702575684,0.23144814372062683
1789317072025495800,41.32949584960937,-0.05830538272857666,0.22539423406124115,0.5012044906616211
1789317072035452000,41.33945190429687,0.01828339882194996,0.43301692605018616,0.361898809671402
1789317072045407700,41.34940771484375,0.01224361639469862,0.5122110843658447,-0.3125635087490082
1789317072055362800,41.35936279296875,-0.065732941031456,-0.13987907767295837,-0.5423160195350647
1789317072065319000,41.36931884765625,-0.04736964777112007,-0.7185352444648743,-0.5674818158149719
1789317072075273700,41.379273681640626,0.06639286875724792,-0.8084462285041809,0.02135935053229332
1789317072085229800,41.389229736328126,0.40401166677474976,-0.3576047420501709,0.25926271080970764
1789317072095185000,41.39918481445312,0.5929991602897644,0.29637494683265686,0.2564283311367035
1789317072105140700,41.409140625,0.4131561517715454,1.3135309219360352,-0.2723020911216736
1789317072115096800,41.41909692382813,0.004196076653897762,0.4470382034778595,-0.5836160182952881
1789317072125051600,41.4290517578125,-0.3477182984352112,-1.0818679332733154,-0.2044530063867569
1789317072135007700,41.4390078125,-0.33821454644203186,-1.2879379987716675,0.3254052698612213
1789317072144962800,41.448962890625,0.2309543937444687,-0.29212480783462524,0.4439622759819031
1789317072154919000,41.4589189453125,0.7651426792144775,1.0022255182266235,0.37015780806541443
1789317072164873700,41.46887377929688,0.7298851013183594,0.940316915512085,0.2763836681842804
1789317072174829800,41.47882983398438,0.22008922696113586,-0.24290291965007782,0.2296382486820221
1789317072184786000,41.48878588867188,-0.2817651033401489,-0.8932700157165527,0.022597720846533775
1789317072194740700,41.49874072265625,-0.22819162905216217,-0.49991580843925476,-0.5018447637557983
1789317072204696800,41.50869677734375,0.11208871752023697,0.30476176738739014,-0.5238312482833862
1789317072214652000,41.51865185546875,0.3519825339317322,0.8647968173027039,-0.3559328019618988
1789317072224607700,41.528607666015624,0.39798200130462646,0.3822597563266754,0.018493257462978363
1789317072234563800,41.538563720703124,0.2921985685825348,-0.10958029329776764,-0.01637284830212593
1789317072244518700,41.5485185546875,0.1535501480102539,-0.25564536452293396,-0.18331070244312286
1789317072254474800,41.55847485351563,0.07435039430856705,-0.48840004205703735,0.017554491758346558
1789317072264429800,41.56842993164062,0.048538241535425186,-0.48170191049575806,0.4449159502983093
1789317072274385700,41.5783857421875,0.05269383639097214,0.17592282593250275,0.6549858450889587
1789317072284340700,41.5883408203125,0.160344660282135,0.8960594534873962,0.2313530594110489
1789317072294296800,41.598296875,0.23709909617900848,0.6491655111312866,-0.3368547260761261
1789317072304253000,41.6082529296875,0.08111163228750229,-0.4274085760116577,-0.2873170077800751
1789317072314207700,41.618207763671876,-0.1252703070640564,-0.9933923482894897,0.1510813981294632
1789317072324163600,41.62816357421875,0.058523762971162796,-0.5486657619476318,0.1310853213071823
1789317072334119000,41.63811889648437,0.39547330141067505,0.8320061564445496,-0.14086949825286865
1789317072344074800,41.64807470703125,0.484466552734375,0.6736044883728027,-0.3865671455860138
1789317072354029800,41.65802978515625,0.09370092302560806,-0.26900750398635864,0.021684255450963974
1789317072363985700,41.66798559570312,-0.22219552099704742,-0.9474973082542419,0.3553737998008728
1789317072373942000,41.67794189453125,-0.10037374496459961,-0.6057248115539551,0.24634186923503876
1789317072383896800,41.687896728515625,0.3159257471561432,0.8417993783950806,-0.18387103080749512
1789317072393852700,41.697852783203125,0.42716652154922485,0.41966357827186584,-0.23108674585819244
1789317072403808000,41.70780810546875,0.08334069699048996,-0.04667642340064049,-0.10812406986951828
1789317072413763800,41.71776391601563,-0.11983532458543777,-0.6520611643791199,0.09052430838346481
1789317072423720000,41.72771997070313,0.0014511564513668418,-0.4553994834423065,-0.10487634688615799
1789317072433674800,41.7376748046875,0.18708066642284393,0.11187566816806793,0.019788086414337158
1789317072443630800,41.747630859375,0.3064691126346588,0.2809283435344696,0.328826367855072
1789317072453586000,41.7575859375,0.2199384868144989,0.49690642952919006,0.31460800766944885
1789317072463541800,41.767541748046874,0.07643885165452957,0.25914475321769714,0.27179956436157227
1789317072473496800,41.77749682617188,0.0931624323129654,-0.12724609673023224,-0.1918591856956482
1789317072483452700,41.78745263671875,0.07297114282846451,-0.12090671062469482,-0.3552646338939667
1789317072493409000,41.797408935546876,0.12970420718193054,-0.010491522960364819,-0.2743370234966278
1789317072503363800,41.80736376953125,0.24530163407325745,0.10102328658103943,-0.07705936580896378
1789317072513319700,41.81731958007813,0.2731899917125702,0.32500284910202026,0.04978300258517265
1789317072523275000,41.82727490234375,0.20387031137943268,0.3282013237476349,0.032953955233097076
1789317072533230800,41.83723095703125,0.016924388706684113,0.5213603973388672,-0.26642343401908875
1789317072543186000,41.84718603515625,-0.08387546241283417,0.1962994784116745,-0.3125309944152832
1789317072553141800,41.857141845703126,-0.025054486468434334,-0.3839162290096283,0.01739710010588169
1789317072563097900,41.867097900390625,0.08684141933917999,-0.4114759564399719,0.47315555810928345
1789317072573053000,41.87705297851563,0.24331970512866974,0.14341148734092712,0.5882981419563293
1789317072583008800,41.8870087890625,0.33584803342819214,0.6312136650085449,0.22648879885673523
1789317072592963800,41.8969638671875,0.18162332475185394,0.3527623116970062,-0.03808693215250969
1789317072602920000,41.906919921875,-0.11595270037651062,-0.23477016389369965,-0.14138828217983246
1789317072612874800,41.916874755859375,-0.2389952689409256,-0.36730265617370605,-0.21771927177906036
1789317072622830800,41.926830810546875,-0.05192498117685318,0.4990795850753784,-0.46767717599868774
1789317072632786700,41.93678662109375,0.3177734315395355,0.5969424843788147,-0.6062957644462585
1789317072642742000,41.94674194335938,0.3494272530078888,0.03809971362352371,-0.4075818955898285
1789317072652697900,41.95669775390625,0.06324315071105957,-0.22508850693702698,0.00532445777207613
1789317072662652700,41.96665258789063,-0.07667933404445648,-0.1144099310040474,0.25957563519477844
1789317072672608800,41.97660888671875,-0.05548962578177452,-0.23722906410694122,0.5151626467704773
1789317072682564600,41.98656469726563,-0.1421760469675064,-0.12103880941867828,0.9507924318313599
1789317072692520000,41.99652001953125,-0.2034686952829361,0.3141975998878479,0.9790970683097839
1789317072702475800,42.006475830078124,-0.09755611419677734,0.6203175783157349,0.2913562059402466
1789317072712430800,42.01643090820313,-0.05940127372741699,0.6309473514556885,-0.6261664032936096
1789317072722387000,42.026386962890626,-0.20044521987438202,0.04313601925969124,-0.929480791091919
1789317072732341800,42.036341796875,-0.2983536720275879,-0.764369547367096,-0.46280866861343384
1789317072742297900,42.0462978515625,-0.09542452543973923,-0.8824224472045898,-0.09950528293848038
1789317072752253700,42.05625366210938,0.15403378009796143,0.39194780588150024,-0.03199947997927666
1789317072762209000,42.066208984375,0.29704445600509644,1.1183907985687256,-0.2023048996925354
1789317072772164900,42.07616479492187,0.01930871605873108,0.035644013434648514,-0.17626823484897614
1789317072782119700,42.08611962890625,-0.6028270125389099,-0.7165916562080383,0.32642045617103577
1789317072792075800,42.09607568359375,-0.7588499188423157,-0.9049983024597168,0.5773760080337524
1789317072802030800,42.10603076171875,-0.3875807523727417,-0.22251403331756592,0.49475887417793274
1789317072811987000,42.11598706054688,-0.005754292011260986,1.0129759311676025,0.19759297370910645
1789317072821942800,42.12594287109375,0.047815192490816116,0.8610548377037048,-0.0353768989443779
1789317072831897900,42.13589794921875,-0.21492482721805573,-0.4012632668018341,0.10686066746711731
1789317072841854000,42.14585400390625,-0.44601210951805115,-1.1651731729507446,0.1268242597579956
1789317072851808800,42.155808837890625,-0.37714141607284546,-0.4072117209434509,-0.2192641794681549
1789317072861764900,42.165764892578125,-0.1376233696937561,1.403188943862915,-0.5722680687904358
1789317072871720700,42.175720703125,-0.005019525997340679,0.4057357907295227,-0.4974428117275238
1789317072881675800,42.18567578125,-0.258000910282135,-0.5881631374359131,-0.03641686215996742
1789317072891631900,42.1956318359375,-0.3565767705440521,-1.0099668502807617,0.35535624623298645
1789317072901586700,42.20558666992188,-0.025769811123609543,-0.6555144786834717,0.1614709198474884
1789317072911542800,42.21554272460938,0.14558595418930054,0.49300676584243774,0.11685098707675934
1789317072921497900,42.225497802734374,0.04868418350815773,0.8245399594306946,0.07632539421319962
1789317072931454000,42.235453857421874,-0.2707502841949463,0.17979666590690613,0.25624269247055054
1789317072941409800,42.24540991210937,-0.45751163363456726,-0.5133477449417114,0.23048274219036102
1789317072951364900,42.25536474609375,-0.27903109788894653,-0.5476553440093994,-0.17481441795825958
1789317072961321000,42.265321044921876,0.04188699647784233,-0.1306472271680832,-0.31687942147254944
1789317072971275800,42.27527587890625,0.2775157690048218,-0.1265329122543335,-0.07574056833982468
1789317072981231900,42.28523193359375,0.17762857675552368,-0.30700308084487915,0.5146891474723816
1789317072991187000,42.29518701171875,0.02088024839758873,-0.30694422125816345,0.6239581108093262
1789317073001142800,42.30514282226562,-0.03720888867974281,0.10459405183792114,0.023737553507089615
1789317073011099000,42.31509887695312,-0.139180526137352,0.35001340508461,-0.4642353057861328
1789317073021053700,42.3250537109375,-0.20668020844459534,-0.0424201600253582,-0.6309462785720825
1789317073031009800,42.335009765625,-0.16532158851623535,-0.5073977112770081,-0.3256513476371765
1789317073040964900,42.34496484375,0.07704418152570724,-0.3035513460636139,-0.23707087337970734
1789317073050920700,42.354920654296876,0.35572826862335205,0.3468745946884155,-0.2413276731967926
1789317073060875800,42.36487573242187,0.4219062328338623,0.455442875623703,-0.3703697919845581
1789317073070831900,42.37483178710937,0.09737981855869293,-0.18703220784664154,0.0009531453251838684
1789317073080788000,42.3847880859375,-0.27298519015312195,-0.541409432888031,0.47591060400009155
1789317073090742800,42.39474267578125,-0.22176781296730042,-0.6264588236808777,0.7744544148445129
1789317073100699000,42.404698974609374,0.06318775564432144,0.06822965294122696,0.6809468269348145
1789317073110654000,42.41465405273438,0.2879524230957031,0.7575332522392273,0.2714379131793976
1789317073120609800,42.42460986328125,0.32418978214263916,0.5561470985412598,-0.3026711940765381
1789317073130564900,42.43456494140625,0.12833108007907867,0.06616117805242538,-0.9141129851341248
1789317073140520700,42.44452075195313,-0.07271468639373779,-0.4787950813770294,-1.0844343900680542
1789317073150477000,42.45447705078125,-0.11839242279529572,-0.882029116153717,-0.39609888195991516
1789317073160431900,42.464431884765624,0.03773166611790657,-0.5919179320335388,0.5298678278923035
1789317073170387700,42.4743876953125,0.3447672426700592,0.25098082423210144,0.9389320611953735
1789317073180343000,42.48434301757813,0.5211441516876221,1.3243292570114136,0.500536322593689
1789317073190299000,42.494298828125,0.33421260118484497,0.6536955237388611,-0.17936789989471436
1789317073200253700,42.50425366210938,-0.1646810919046402,-0.916408121585846,-0.225906103849411
1789317073210209800,42.51420971679688,-0.4792901575565338,-1.5693475008010864,0.1641055792570114
1789317073220165600,42.52416552734375,-0.17429722845554352,-0.6973138451576233,0.346609890460968
1789317073230121000,42.53412084960937,0.5320937037467957,1.0580389499664307,0.03151771053671837
1789317073240076800,42.54407690429687,0.775646448135376,1.4677916765213013,-0.22087006270885468
1789317073250031900,42.554031982421876,0.35619381070137024,0.5026684403419495,-0.33771491050720215
1789317073259987700,42.56398779296875,-0.19473886489868164,-0.9666041731834412,-0.14670901000499725
1789317073269944000,42.573944091796875,-0.3069106638431549,-1.2659813165664673,-0.13147813081741333
1789317073279899000,42.58389892578125,-0.03849679231643677,-0.21070078015327454,0.09259118884801865
1789317073289854700,42.593854736328126,0.3815143406391144,0.6858364343643188,0.5089303255081177
1789317073299810000,42.60381005859375,0.6266465783119202,0.7302901744842529,0.5884438157081604
1789317073309766000,42.61376586914062,0.4321495592594147,0.24164751172065735,0.38857385516166687
1789317073319720700,42.623720703125,0.10431788116693497,-0.2507419288158417,-0.34193098545074463
1789317073329676800,42.6336767578125,-0.11709972470998764,-0.5405649542808533,-0.7294539213180542
1789317073339632600,42.64363256835937,-0.1542380452156067,-0.2972617745399475,-0.5302409529685974
1789317073349588000,42.653587890625,0.025672873482108116,0.0927128940820694,0.02894456684589386
1789317073359543800,42.663543701171875,0.24602387845516205,0.5170676112174988,0.5479016900062561
1789317073369498600,42.67349853515625,0.4302717447280884,0.7772923111915588,0.21768198907375336
1789317073379455000,42.683455078125,0.3204411268234253,0.5945912003517151,-0.3932998776435852
1789317073389409800,42.693409912109374,0.026765568181872368,-0.3443014621734619,-0.6214243769645691
1789317073399366000,42.70336596679687,-0.19046369194984436,-1.2480555772781372,-0.15903359651565552
1789317073409321700,42.71332177734375,-0.1637822687625885,-1.154990792274475,0.8589956760406494
1789317073419277300,42.72327734375,0.24123258888721466,0.37753716111183167,0.8257184028625488
1789317073429233700,42.73323364257813,0.5083697438240051,1.48671555519104,0.6399384140968323
1789317073439188500,42.7431884765625,0.41129860281944275,1.0426051616668701,0.06809409707784653
1789317073449144300,42.75314428710937,-0.10759489983320236,0.06207961589097977,-0.4527389705181122
1789317073459099600,42.763099609375,-0.4379301965236664,-0.7589221000671387,-0.49695223569869995
1789317073469055500,42.773055419921874,-0.06273528933525085,-0.901005208492279,-0.6461822390556335
1789317073479011600,42.783011474609374,0.39698490500450134,-0.2695113718509674,-0.1124381273984909
1789317073488966400,42.79296630859375,0.6421768069267273,0.45960167050361633,0.4879835247993469
1789317073498922200,42.802922119140625,0.6555549502372742,0.7178534865379333,0.4470696449279785
1789317073508877600,42.81287768554687,0.28876256942749023,0.7574320435523987,0.08680440485477448
1789317073518833400,42.82283349609375,-0.20141008496284485,0.3214922845363617,-0.35655465722084045
1789317073528788500,42.83278857421875,-0.4946046769618988,-0.5962750911712646,-0.11129003763198853
1789317073538744600,42.84274462890625,-0.32275593280792236,-0.6070470809936523,0.18497677147388458
1789317073548700700,42.85270068359375,0.2096075564622879,1.0061910152435303,-0.0954013541340828
1789317073558655500,42.862655517578126,0.6695985794067383,1.3582755327224731,-0.3432689309120178
1789317073568611300,42.872611328125,0.5648415684700012,0.07676775008440018,-0.22447678446769714
1789317073578566700,42.88256665039062,-0.050392601639032364,-0.976331889629364,0.46118491888046265
1789317073588522500,42.8925224609375,-0.3342059552669525,-0.7727281451225281,0.5456271171569824
1789317073598477300,42.90247729492187,-0.10372480005025864,1.3027385473251343,0.09436618536710739
1789317073608433400,42.91243334960937,0.12529534101486206,0.5846405625343323,-0.025054486468434334
1789317073618389200,42.92238916015625,-0.14148150384426117,0.2286241203546524,0.06198028102517128
1789317073628344600,42.932344482421875,-0.30965185165405273,-0.3594878613948822,0.39115098118782043
1789317073638300400,42.942300537109375,0.02490960992872715,-0.6565206050872803,0.029798908159136772
1789317073648255200,42.952255126953126,0.31209078431129456,0.4143007695674896,-0.48938512802124023
1789317073658211600,42.96221166992188,0.3033830523490906,0.785197913646698,-0.6318946480751038
1789317073668166400,42.97216650390625,-0.0068025123327970505,0.08743371069431305,-0.21730142831802368
1789317073678122500,42.98212255859375,-0.32555148005485535,-0.6577978730201721,0.4283079504966736
1789317073688078300,42.99207836914063,-0.24345900118350983,-0.472661554813385,0.34617337584495544
1789317073698033700,43.00203369140625,0.06304740905761719,0.7899071574211121,-0.10547395795583725
1789317073707989500,43.011989501953124,0.2679688632488251,0.5426576733589172,-0.29006484150886536
1789317073717944300,43.0219443359375,0.023437416180968285,-0.09385965019464493,0.0005944175645709038
1789317073727900400,43.031900390625,-0.2859257459640503,-0.6232529282569885,0.5483291745185852
1789317073737855500,43.04185546875,-0.19425682723522186,-0.5355401039123535,0.5229343175888062
1789317073747811600,43.0518115234375,0.02219265326857567,0.7660101056098938,-0.041431594640016556
1789317073757767400,43.06176733398438,0.06313129514455795,1.2566766738891602,-0.3708273470401764
1789317073767722500,43.071722412109374,-0.1426468938589096,0.5203052163124084,-0.4786243736743927
1789317073777678600,43.0816787109375,-0.4607119560241699,-0.5301041007041931,0.1645924150943756
1789317073787633400,43.09163330078125,-0.3533327579498291,-0.7951114773750305,0.4039730429649353
1789317073797589500,43.101589599609376,0.08865769952535629,0.34824931621551514,-0.00649704784154892
1789317073807544600,43.11154467773437,0.41706380248069763,1.4916199445724487,-0.42304128408432007
1789317073817500400,43.12150048828125,0.305067241191864,0.5511225461959839,-0.5485523343086243
1789317073827456500,43.13145654296875,-0.2167099416255951,-0.8684110045433044,0.2764270603656769
1789317073837411300,43.14141137695312,-0.34732839465141296,-1.1712079048156738,0.3994256854057312
1789317073847367400,43.15136743164062,-0.10607609897851944,0.06145004555583,0.26352351903915405
1789317073857322500,43.161322509765625,0.2233247011899948,1.0326231718063354,0.1961607187986374
1789317073867278600,43.171278564453125,0.22361232340335846,0.7595484256744385,0.2187778800725937
1789317073877233400,43.1812333984375,-0.15398290753364563,-0.1511293351650238,0.7143120169639587
1789317073887189500,43.191189453125,-0.2360021471977234,-0.5219199061393738,0.0914423018693924
1789317073897145600,43.2011455078125,-0.0669792965054512,-0.2366410344839096,-0.47257474064826965
1789317073907100400,43.21110034179687,0.09962353110313416,0.5285013914108276,-1.0071725845336914
1789317073917056500,43.22105639648437,0.002042910782620311,0.5568331480026245,-0.8996679782867432
1789317073927011600,43.231011474609375,-0.16867797076702118,-0.14340350031852722,-0.24163180589675903
1789317073936967400,43.240967529296874,-0.24088504910469055,-0.21006721258163452,-0.04831719771027565
1789317073946922500,43.25092260742188,-0.13622361421585083,-0.42762884497642517,0.48692038655281067
1789317073956878300,43.26087841796875,0.0030810111202299595,-0.28904005885124207,0.831153929233551
1789317073966834400,43.27083447265625,0.05478175729513168,0.22764860093593597,0.7574096918106079
1789317073976789500,43.28078955078125,0.027761057019233704,0.3046081066131592,0.40611129999160767
1789317073986745300,43.29074536132813,-0.13600443303585052,0.40583646297454834,-0.47357767820358276
1789317073996700400,43.300700439453124,-0.38748326897621155,-0.0264182910323143,-0.6891011595726013
1789317074006656500,43.31065649414062,-0.45916491746902466,-0.28813937306404114,-0.6556233763694763
1789317074016611600,43.320611572265626,-0.26837873458862305,0.031853802502155304,-0.5971726179122925
1789317074026567400,43.3305673828125,0.0751352310180664,0.15504710376262665,-0.2684501111507416
1789317074036523300,43.340523193359374,0.28499045968055725,0.1391536295413971,-0.16817276179790497
1789317074046478600,43.350478515625,0.1255030632019043,-0.28076615929603577,0.39723604917526245
1789317074056434400,43.36043432617188,-0.11453217267990112,-0.392795205116272,0.5165440440177917
1789317074066389500,43.37038940429687,-0.2894880175590515,0.1974901705980301,0.34300023317337036
1789317074076345300,43.38034545898437,-0.3267733156681061,0.19372819364070892,0.21429871022701263
1789317074086300400,43.390300537109376,-0.3809223175048828,0.12275680899620056,0.03545679524540901
1789317074096256500,43.400256591796875,-0.3005795478820801,-0.19047699868679047,0.015728097409009933
1789317074106212400,43.41021240234375,-0.007296795025467873,-0.1220737099647522,-0.4616467356681824
1789317074116167400,43.42016748046875,0.2071923315525055,-0.0015811186749488115,-0.7446504831314087
1789317074126123500,43.43012353515625,0.20341624319553375,-0.4205773174762726,-0.5335981249809265
1789317074136078300,43.44007836914062,-0.10911263525485992,-0.7315729856491089,0.28962409496307373
1789317074146034400,43.45003442382812,-0.30058884620666504,-0.6007028818130493,0.8357963562011719
1789317074155989500,43.459989501953125,-0.2583348751068115,0.17754095792770386,0.6608881950378418
1789317074165945600,43.469945556640624,-0.11995995789766312,0.8776095509529114,-0.020783042535185814
1789317074175901400,43.4799013671875,-0.19600385427474976,0.504115879535675,-0.3057250380516052
1789317074185856300,43.489856201171875,-0.3431222140789032,-0.31025585532188416,-0.3852877616882324
1789317074195812400,43.499812255859375,-0.34689590334892273,-0.8998752236366272,-0.08116196095943451
1789317074205767400,43.50976733398438,-0.14203250408172607,-0.47913438081741333,0.12335948646068573
1789317074215723500,43.5197236328125,0.17368923127651215,0.12359943240880966,0.13652588427066803
1789317074225678300,43.52967822265625,0.22086340188980103,0.5481249094009399,0.06744854897260666
1789317074235634700,43.539634765625,0.015743542462587357,0.5313661694526672,-0.29226595163345337
1789317074245590500,43.54959057617187,-0.25350791215896606,-0.5268126726150513,-0.140394926071167
1789317074255545300,43.55954541015625,-0.4495629072189331,-0.9896881580352783,0.12730655074119568
1789317074265501400,43.56950146484375,-0.3030325770378113,-0.4821370840072632,0.24780261516571045
1789317074275456500,43.57945654296875,0.05968330428004265,0.3642061948776245,0.36996394395828247
1789317074285412600,43.58941259765625,0.3509044945240021,0.6527679562568665,0.10965964943170547
1789317074295367400,43.59936743164062,0.15057618916034698,0.14592871069908142,0.18628652393817902
1789317074305323300,43.6093232421875,-0.2292635440826416,-0.25525546073913574,-0.02955389767885208
1789317074315279400,43.619279296875,-0.3179934024810791,-0.49521639943122864,-0.43124300241470337
1789317074325234400,43.629234375,-0.1860974282026291,-0.4567025601863861,-0.2802921235561371
1789317074335190500,43.6391904296875,0.0063037024810910225,0.21067148447036743,-0.24342331290245056
1789317074345145300,43.649145263671876,0.10698184370994568,0.27342382073402405,0.22934876382350922
1789317074355101400,43.659101318359376,0.14678624272346497,0.2786870300769806,-0.040467798709869385
1789317074365056500,43.66905639648437,-0.004507666453719139,0.0973433330655098,-0.2686178684234619
1789317074375012400,43.67901245117187,-0.2005927562713623,-0.43659862875938416,-0.10044325143098831
1789317074384968400,43.68896850585938,-0.1954813450574875,-0.7714237570762634,0.10234634578227997
1789317074394923500,43.698923583984374,-0.08472421020269394,-0.24871288239955902,0.4138110280036926
1789317074404879600,43.708879638671874,0.17880436778068542,1.316160798072815,-0.20819208025932312
1789317074414834200,43.718834228515625,0.26496562361717224,0.5793153047561646,-0.4025386571884155
1789317074424790000,43.7287900390625,-0.15814782679080963,-0.5014402270317078,-0.07847057282924652
1789317074434745000,43.7387451171875,-0.4850093126296997,-0.9966866970062256,0.292067289352417
1789317074444701200,43.748701171875,-0.2308979332447052,-0.6388252377510071,0.2871561348438263
1789317074454656000,43.75865600585937,0.25073954463005066,1.1464298963546753,-0.25405916571617126
1789317074464612400,43.7686123046875,0.35483506321907043,0.4624760150909424,-0.3082273304462433
1789317074474568200,43.77856811523438,-0.12620188295841217,-0.2783847451210022,-0.18046964704990387
1789317074484523000,43.78852294921875,-0.533706784248352,-0.6111912131309509,-0.051000066101551056
1789317074494479000,43.79847900390625,-0.4253161549568176,-0.4457226097583771,0.012430571019649506
1789317074504434200,43.80843408203125,-0.09946001321077347,0.6007617115974426,-0.15688735246658325
1789317074514390300,43.81839038085938,0.03405703604221344,0.7226160168647766,0.1289350837469101
1789317074524345000,43.82834497070313,-0.07574642449617386,0.18048349022865295,0.3437347412109375
1789317074534301200,43.83830126953125,-0.22593672573566437,-0.3425978422164917,0.1933841109275818
1789317074544257300,43.84825732421875,-0.18328912556171417,-0.539161741733551,-0.20761364698410034
1789317074554212000,43.85821215820312,-0.13266083598136902,-0.014779744669795036,-0.43930280208587646
1789317074564168200,43.86816821289062,-0.11024368554353714,0.2511398196220398,-0.21472401916980743
1789317074574123300,43.878123291015626,-0.08980711549520493,0.14366981387138367,-0.0032653016969561577
1789317074584079400,43.888079345703126,-0.06052513048052788,-0.013383716344833374,-0.015240738168358803
1789317074594034200,43.8980341796875,-0.00800226628780365,-0.13675065338611603,-0.12431050091981888
1789317074603990000,43.90798999023438,0.012858008034527302,-0.23539307713508606,-0.11765206605195999
1789317074613946000,43.91794604492188,-0.0901637151837349,-0.10273011028766632,0.14945313334465027
1789317074623901200,43.92790112304687,-0.14419712126255035,0.13150689005851746,0.4197024703025818
1789317074633857300,43.93785717773437,-0.05373300239443779,0.29978030920028687,0.31130701303482056
1789317074643812000,43.94781201171875,0.049963030964136124,0.2928238809108734,-0.09026145190000534
1789317074653768000,43.95776782226562,0.08038352429866791,0.15461567044258118,-0.46370694041252136
1789317074663723300,43.96772314453125,0.10675440728664398,-0.27684465050697327,-0.5277495980262756
1789317074673679000,43.97767919921875,0.006884803995490074,-0.5874504446983337,0.1743590235710144
1789317074683635200,43.98763525390625,0.015960857272148132,-0.16544754803180695,0.4640425145626068
1789317074693590300,43.99759033203125,0.11814794689416885,0.446061909198761,0.5289852619171143
1789317074703546400,44.00754638671875,0.1453409492969513,0.7280110120773315,0.19665606319904327
1789317074713501200,44.017501220703124,-0.1204417273402214,0.2369249314069748,0.21644975244998932
1789317074723457000,44.02745703125,-0.3692470192909241,-0.4603974223136902,0.42526713013648987
1789317074733412400,44.03741235351563,-0.2656223475933075,-0.2082621306180954,-0.01315042283385992
1789317074743368200,44.0473681640625,0.055333297699689865,0.5130683779716492,-0.4759329855442047
1789317074753324300,44.05732421875,0.23133042454719543,0.8869279623031616,-0.9834113717079163
1789317074763279000,44.06727905273438,0.04481647163629532,0.05848062038421631,-0.5656543374061584
1789317074773235200,44.07723510742188,-0.14421257376670837,-0.7468709945678711,-0.15982481837272644
1789317074783190300,44.08719018554687,-0.19024397432804108,-0.4689682722091675,0.12274535745382309
1789317074793146000,44.09714599609375,-0.05534474924206734,-0.0681561529636383,0.6247410774230957
1789317074803101200,44.10710107421875,0.1055125743150711,-0.01883360929787159,0.9192385077476501
1789317074813057300,44.117057373046876,0.04609585553407669,0.039081357419490814,1.0193592309951782
1789317074823012000,44.12701220703125,-0.08732931315898895,0.48732277750968933,0.1949646919965744
1789317074832968200,44.13696826171875,-0.23215387761592865,0.22861027717590332,-0.46223074197769165
1789317074842924000,44.14692407226563,-0.3603057265281677,-0.6054028272628784,-0.3697381019592285
1789317074852879400,44.15687939453125,-0.3251996636390686,-0.7024081945419312,-0.17803284525871277
1789317074862835200,44.16683520507812,-0.01798113062977791,0.06891462206840515,-0.2690359950065613
1789317074872790000,44.1767900390625,0.35880982875823975,1.1688389778137207,-0.9536835551261902
1789317074882746000,44.18674609375,0.190714031457901,0.046897999942302704,-0.5714027881622314
1789317074892701200,44.196701171875,-0.2881503105163574,-1.1495281457901,0.20859608054161072
1789317074902657300,44.2066572265625,-0.4261675477027893,-1.3384370803833008,0.6787590384483337
1789317074912613000,44.216613037109376,-0.09359733015298843,1.5276696681976318,0.3999426066875458
1789317074922568200,44.22656811523437,0.27785372734069824,0.9109749794006348,-0.043530967086553574
1789317074932524300,44.23652416992188,-0.17342744767665863,0.01943787932395935,-0.23047848045825958
1789317074942479000,44.24647900390625,-0.6771571636199951,-0.6179308891296387,-0.21914806962013245
1789317074952435200,44.256435302734374,-0.44726723432540894,-1.1458327770233154,-0.261248916387558
1789317074962390300,44.26639038085938,0.09716197103261948,-0.4328608810901642,-0.2456475794315338
1789317074972346000,44.27634619140625,0.5468148589134216,0.3494586646556854,-0.026993267238140106
1789317074982302200,44.28630224609375,0.5621946454048157,0.3099314868450165,0.2035408765077591
1789317074992257000,44.29625708007813,0.09468735754489899,-0.0102579640224576,0.13167627155780792
1789317075002213000,44.30621313476563,-0.4044012725353241,-0.21736480295658112,-0.25039705634117126
1789317075012168200,44.316168212890624,-0.5463682413101196,-0.10514985769987106,-0.44434654712677
1789317075022124000,44.3261240234375,-0.49376338720321655,-0.451182097196579,-0.22123731672763824
1789317075032079000,44.3360791015625,-0.3687410056591034,-0.46103712916374207,0.5703694820404053
1789317075042035200,44.34603515625,0.0531202107667923,-0.46204674243927,0.9940275549888611
1789317075051991300,44.3559912109375,0.5038535594940186,-0.2092304527759552,0.5528280138969421
1789317075061946000,44.36594604492188,0.5859146118164062,0.2818751037120819,-0.4655333459377289
1789317075071902200,44.37590209960938,0.084989994764328,-0.3443397879600525,-0.8441083431243896
1789317075081857300,44.38585717773437,-0.6181796193122864,-1.1427123546600342,-0.34712547063827515
1789317075091813000,44.39581323242187,-0.8247069716453552,-1.0517514944076538,0.12019458413124084
1789317075101768200,44.405768310546875,-0.3793151080608368,1.030719518661499,0.0026527747977524996
1789317075111724000,44.41572412109375,0.1322786808013916,1.0302963256835938,0.09010060131549835
1789317075121679000,44.42567919921875,0.14088787138462067,0.06818065047264099,0.3379964232444763
1789317075131635200,44.43563525390625,-0.010881143622100353,-1.3667795658111572,0.8328359723091125
1789317075141591000,44.445591064453126,0.02863510698080063,-1.1044565439224243,0.46508753299713135
1789317075151546000,44.45554614257812,0.22642888128757477,0.6140559911727905,-0.10834351927042007
1789317075161502200,44.46550219726562,0.28871703147888184,0.0073077138513326645,-0.3434279263019562
1789317075171457000,44.47545703125,-0.14903075993061066,0.018316423520445824,-0.33392632007598877
1789317075181413000,44.4854130859375,-0.36119335889816284,-0.21233995258808136,-0.14065352082252502
1789317075191368200,44.4953681640625,-0.034990739077329636,-0.3785203993320465,-0.4636068046092987
1789317075201324300,44.50532421875,0.16018034517765045,0.0003904194163624197,-0.20621229708194733
1789317075211280100,44.515280029296875,0.19544433057308197,-0.018327608704566956,0.4471737742424011
1789317075221235200,44.52523510742188,0.1687687784433365,-0.19558387994766235,0.7126147747039795
1789317075231191000,44.53519091796875,0.0711282417178154,-0.010880877263844013,0.4279257655143738
1789317075241146000,44.54514599609375,-0.01531450729817152,0.05248797684907913,-0.21782900393009186
1789317075251102200,44.55510229492187,-0.1715584397315979,-0.2705840766429901,-0.27082350850105286
1789317075261057000,44.56505712890625,-0.1751723438501358,-0.4685847759246826,-0.1640360802412033
1789317075271013400,44.575013427734376,0.048649828881025314,-0.18575868010520935,-0.34889328479766846
1789317075280969200,44.58496923828125,0.23955319821834564,0.22918738424777985,-0.5255007743835449
1789317075290924000,44.59492407226563,0.17512787878513336,0.2134198695421219,-0.38261929154396057
1789317075300880100,44.60488012695313,-0.04369235411286354,-0.35692375898361206,0.13367018103599548
1789317075310835200,44.61483520507812,-0.24269360303878784,-0.38901567459106445,0.5160915851593018
1789317075320791300,44.62479125976562,-0.15862560272216797,-0.028147481381893158,0.5669822096824646
1789317075330746000,44.63474609375,0.20176640152931213,0.2005205750465393,0.06209532916545868
1789317075340702000,44.64470190429687,0.22904783487319946,0.33489036560058594,-0.11072065681219101
1789317075350657300,44.6546572265625,0.13883325457572937,-0.08407599478960037,-0.3158802092075348
1789317075360613000,44.664613037109376,0.09279251843690872,-0.5937187075614929,-0.4311271607875824
1789317075370569200,44.6745693359375,0.024531442672014236,-0.11965715885162354,-0.5339155793190002
1789317075380524000,44.68452392578125,0.08830296248197556,0.30389702320098877,-0.5802599191665649
1789317075390480400,44.69448046875,0.013545369729399681,0.3005625009536743,0.026448119431734085
1789317075400435200,44.704435302734375,-0.08263415843248367,0.2999502420425415,0.43832701444625854
1789317075410391000,44.71439111328125,0.014154701493680477,0.2266390025615692,0.3285254240036011
1789317075420345900,44.724345947265626,0.18823862075805664,0.15203534066677094,-0.01655101403594017
1789317075430302000,44.734302001953125,0.17345593869686127,0.277873158454895,-0.3874633014202118
1789317075440257800,44.7442578125,0.0034226945135742426,-0.17522747814655304,-0.016655676066875458
1789317075450212600,44.754212646484376,-0.00281948852352798,-0.4426208436489105,0.12077967822551727
1789317075460169000,44.7641689453125,0.06446447968482971,0.0903506651520729,0.01715341955423355
1789317075470123800,44.77412377929687,0.1950395256280899,0.4816473126411438,-0.22701503336429596
1789317075480080000,44.78407983398437,0.06485329568386078,0.5622103214263916,-0.20763415098190308
1789317075490035000,44.794034912109375,-0.1563456654548645,0.04032585024833679,0.18650808930397034
1789317075499991000,44.803990966796874,-0.10758984088897705,-0.430597186088562,0.23797261714935303
1789317075509945900,44.81394580078125,0.06844989955425262,-0.04939604550600052,0.12440025061368942
1789317075519901700,44.823901611328125,0.3303643465042114,0.11600197106599808,-0.08292364329099655
1789317075529857800,44.83385791015625,0.32477274537086487,-0.3171633183956146,0.24060435593128204
1789317075539812900,44.84381274414063,0.14167430996894836,-0.5968769788742065,0.46743378043174744
1789317075549769000,44.85376904296875,-0.0441482849419117,-0.11733541637659073,0.28344130516052246
1789317075559723800,44.863723876953124,-0.13276177644729614,1.1598516702651978,-0.2251308560371399
1789317075569679600,44.8736796875,-0.18451738357543945,0.896843433380127,-0.6254628300666809
1789317075579635000,44.88363500976563,-0.399176687002182,0.18636588752269745,-0.597663938999176
1789317075589590800,44.8935908203125,-0.35958266258239746,-0.5010090470314026,-0.30207863450050354
1789317075599547000,44.903546875,0.108516626060009,-0.8588523864746094,-0.07506944984197617
1789317075609502000,44.913501953125,0.46012526750564575,-0.617306649684906,0.6660547256469727
1789317075619457800,44.92345776367188,0.5560962557792664,-0.018724951893091202,1.0188231468200684
1789317075629412900,44.93341284179687,0.2674998939037323,0.5705795884132385,1.0327844619750977
1789317075639368700,44.94336865234375,-0.1801719069480896,1.170143723487854,0.19538867473602295
1789317075649324000,44.953323974609376,-0.6706726551055908,0.3358035683631897,-0.25673937797546387
1789317075659280000,44.96327978515625,-1.0045368671417236,-0.3880694508552551,-0.2204069346189499
1789317075669236000,44.973236083984375,-0.7251470685005188,-0.5350724458694458,-0.10111383348703384
1789317075679190800,44.983190673828126,0.08175185322761536,-0.07870227098464966,-0.21632803976535797
1789317075689147000,44.99314697265625,0.7910001277923584,0.5011200904846191,-0.5888275504112244
1789317075699102000,45.00310205078125,0.8960615396499634,0.11441579461097717,-0.6358906626701355
1789317075709057800,45.01305786132812,0.3913733661174774,-0.729386031627655,-0.39031288027763367
1789317075719012900,45.023012939453125,-0.25657692551612854,-1.158638596534729,0.04072319343686104
1789317075728969000,45.032968994140624,-0.5473331212997437,-0.4345296025276184,0.22935809195041656
1789317075738923800,45.042923828125,-0.4955674111843109,0.6221439838409424,0.38579243421554565
1789317075748880000,45.0528798828125,-0.2866637110710144,1.1066843271255493,0.34161460399627686
1789317075758835700,45.062835693359375,-0.12336268275976181,0.5700325965881348,0.291472852230072
1789317075768790800,45.07279077148438,0.024164991453289986,-0.572415828704834,0.2721351087093353
1789317075778747000,45.08274682617188,0.22633859515190125,-1.0115183591842651,-0.12084279954433441
1789317075788701700,45.09270166015625,0.36030304431915283,-0.6267701387405396,-0.2781812846660614
1789317075798657800,45.10265771484375,0.36550474166870117,0.15083958208560944,-0.6524403691291809
1789317075808612900,45.11261279296875,0.14618490636348724,0.402089923620224,-0.7980311512947083
1789317075818569000,45.12256884765625,-0.19875571131706238,0.18531766533851624,-0.5617046356201172
1789317075828523800,45.13252368164063,-0.4115279018878937,0.07666521519422531,-0.27163630723953247
1789317075838480000,45.14247998046875,-0.3445959985256195,-0.09356962889432907,0.37817153334617615
1789317075848436000,45.15243603515625,0.047924648970365524,-0.12953083217144012,0.6497220993041992
1789317075858390800,45.16239086914062,0.35310718417167664,0.23561306297779083,0.3399144411087036
1789317075868347000,45.17234692382812,0.3760782778263092,0.10282544791698456,-0.09866505861282349
1789317075878302000,45.182302001953126,0.09266575425863266,-0.30798178911209106,-0.4063563048839569
1789317075888257800,45.1922578125,-0.2760358452796936,-0.7857763171195984,-0.015105982311069965
1789317075898212900,45.202212890625,-0.28893032670021057,-0.6718012690544128,0.21791954338550568
1789317075908168700,45.212168701171876,0.005949768237769604,0.017042366787791252,0.23262764513492584
1789317075918124800,45.222124755859376,0.1270066797733307,0.7249465584754944,0.224395290017128
1789317075928080000,45.23207983398437,-0.007040865253657103,0.41263869404792786,0.07701276242733002
1789317075938035700,45.24203564453125,-0.23286759853363037,-0.664016842842102,0.06854257732629776
1789317075947990800,45.25199072265625,-0.415614515542984,-0.7608773708343506,-0.10527768731117249
1789317075957947000,45.26194677734375,-0.2536434531211853,-0.2753434181213379,-0.4311298131942749
1789317075967902000,45.27190185546875,0.0010596717474982142,0.3534776270389557,-0.6365074515342712
1789317075977857800,45.28185791015625,0.029262548312544823,0.26981788873672485,-0.5006966590881348
1789317075987814000,45.29181396484375,-0.08788777887821198,-0.5256414413452148,-0.043902210891246796
1789317075997769000,45.30176904296875,-0.20857425034046173,-0.9684915542602539,0.4339599609375
1789317076007724800,45.31172485351563,-0.1602645069360733,-0.8996608257293701,0.8425440192222595
1789317076017680000,45.321679931640624,0.01245320774614811,-0.15821999311447144,0.7174489498138428
1789317076027635700,45.3316357421875,0.032761674374341965,0.8208110332489014,0.1855970323085785
1789317076037590800,45.3415908203125,-0.15563832223415375,0.7353451251983643,-0.2843174636363983
1789317076047547000,45.351546875,-0.37851962447166443,-0.3959028720855713,-0.2604947090148926
1789317076057501700,45.36150170898438,-0.37966662645339966,-1.0660918951034546,-0.06663894653320312
1789317076067457800,45.37145776367188,0.03461816534399986,-0.683519184589386,-0.18857604265213013
1789317076077414000,45.38141381835938,0.526238739490509,0.11176487803459167,-0.3884713053703308
1789317076087368700,45.39136865234375,0.6427464485168457,0.30304163694381714,-0.4125095307826996
1789317076097324800,45.40132470703125,0.22197553515434265,-0.18754619359970093,0.14300429821014404
1789317076107280000,45.41127978515625,-0.1899036169052124,-0.6466488242149353,0.38814428448677063
1789317076117236000,45.421236083984375,-0.34252139925956726,-0.43575015664100647,0.48425349593162537
1789317076127190800,45.43119067382813,-0.14017228782176971,0.10288830101490021,0.24314208328723907
1789317076137147000,45.44114697265625,0.07172531634569168,0.2734496593475342,0.36136487126350403
1789317076147102000,45.45110205078125,0.21716053783893585,0.24520044028759003,0.15691131353378296
1789317076157057800,45.46105786132812,0.28501096367836,-0.1161457821726799,-0.20176507532596588
1789317076167014000,45.47101391601562,0.2935514450073242,-0.583912193775177,-0.43725723028182983
1789317076176968700,45.48096875,0.24941354990005493,-0.5980463624000549,-0.5478532314300537
1789317076186925000,45.490925048828124,0.07983038574457169,-0.2710413634777069,-0.017432253807783127
1789317076196880000,45.5008798828125,0.1136551946401596,0.1837701052427292,-0.0024525050539523363
1789317076206835700,45.510835693359375,0.10643749684095383,0.47555455565452576,-0.03500565513968468
1789317076216791000,45.520791015625,-0.054673898965120316,0.37994760274887085,0.03460005670785904
1789317076226747000,45.53074682617188,-0.1907755434513092,-0.10873793065547943,0.3053378164768219
1789317076236703000,45.54070288085938,-0.084513820707798,-0.5171688199043274,0.587274968624115
1789317076246657800,45.55065771484375,0.20944616198539734,0.010271811857819557,0.1527935415506363
1789317076256613600,45.56061352539062,0.46748489141464233,0.40072131156921387,-0.421224981546402
1789317076266569000,45.57056884765625,0.4985240399837494,0.30744969844818115,-1.0874767303466797
1789317076276524800,45.58052490234375,0.15365692973136902,-0.06508685648441315,-1.0481868982315063
1789317076286480000,45.59047998046875,-0.09476485848426819,-0.7084857821464539,-0.4469766914844513
1789317076296435700,45.60043579101563,-0.042439866811037064,-0.43876564502716064,-0.07192771881818771
1789317076306390800,45.61039086914062,0.17542694509029388,0.332532674074173,0.585863471031189
1789317076316347000,45.62034692382812,0.41318705677986145,0.37519916892051697,0.6239157915115356
1789317076326302700,45.630302734375,0.2300529032945633,0.5497169494628906,0.5346572995185852
1789317076336258000,45.640258056640626,0.04942534118890762,-0.20459787547588348,0.4617242217063904
1789317076346214000,45.6502138671875,0.012296346947550774,-0.7121748328208923,0.20561866462230682
1789317076356168700,45.66016870117188,0.06287723034620285,-0.19985079765319824,0.04529184848070145
1789317076366124800,45.670124755859376,0.24292290210723877,0.6664187908172607,-0.21261826157569885
1789317076376080000,45.68007983398437,0.39269933104515076,0.8398637771606445,-0.4379645586013794
1789317076386036000,45.69003588867187,0.3595041036605835,0.13378016650676727,-0.3181694447994232
1789317076395991800,45.69999169921875,0.27444353699684143,-0.5794457793235779,-0.08548880368471146
1789317076405946600,45.70994653320312,0.26641011238098145,-0.46756213903427124,0.17437367141246796
1789317076415903000,45.719903076171875,0.4912187159061432,0.1153084859251976,0.09081485867500305
1789317076425858300,45.7298583984375,0.6436429023742676,0.6565312743186951,-0.07168430835008621
1789317076435814100,45.73981420898438,0.42736998200416565,0.7438259720802307,0.16386988759040833
1789317076445769000,45.74976904296875,0.21339723467826843,0.005030444823205471,0.5170548558235168
1789317076455725300,45.75972534179687,0.21092449128627777,-0.19791361689567566,0.405304878950119
1789317076465680100,45.76968017578125,0.42170676589012146,0.3946831226348877,-0.07381030917167664
1789317076475636200,45.77963623046875,0.6694175004959106,0.6247290968894958,-0.5429897904396057
1789317076485592000,45.789592041015624,0.526674747467041,0.22160643339157104,-0.07202599197626114
1789317076495547100,45.79954711914063,0.345867395401001,-0.24420973658561707,0.26792919635772705
1789317076505503200,45.809503173828126,0.23218770325183868,-0.035057321190834045,0.43486571311950684
1789317076515458000,45.8194580078125,0.19919246435165405,1.0170273780822754,0.03484879434108734
1789317076525414100,45.8294140625,0.16440439224243164,0.8250771164894104,-0.03346341848373413
1789317076535369200,45.839369140625,-0.00809148233383894,0.24442598223686218,0.0706014633178711
1789317076545325300,45.8493251953125,-0.04295332729816437,0.04621942713856697,-0.07520820200443268
1789317076555281200,45.85928125,0.29520902037620544,-0.04181189462542534,-0.44304853677749634
1789317076565236000,45.869236083984376,0.6069887280464172,-0.007931159809231758,-0.6266553997993469
1789317076575192300,45.8791923828125,0.5118638277053833,-0.20269878208637238,-0.04110482707619667
1789317076585147100,45.88914721679687,0.2889745533466339,-0.3033502995967865,0.39082208275794983
1789317076595103200,45.89910327148438,0.15439783036708832,0.00009267800487577915,0.31150195002555847
1789317076605058300,45.909058349609374,-0.06759875267744064,0.7303079962730408,0.08648376166820526
1789317076615014100,45.91901416015625,-0.2955799996852875,0.7117763757705688,0.19101496040821075
1789317076624969200,45.92896923828125,-0.33534765243530273,0.2596912384033203,0.2855238914489746
1789317076634925000,45.938925048828125,-0.18819521367549896,0.12839312851428986,0.18234317004680634
1789317076644881200,45.948881103515625,0.1767665147781372,0.26627668738365173,-0.526831865310669
1789317076654836200,45.95883618164063,0.3741387128829956,0.06808584183454514,-0.7369488477706909
1789317076664792000,45.9687919921875,0.20540109276771545,-0.27314499020576477,-0.30456629395484924
1789317076674747100,45.9787470703125,-0.10182196646928787,-0.34856465458869934,0.20619817078113556
1789317076684703200,45.988703125,-0.30515486001968384,0.14750637114048004,0.41847795248031616
1789317076694658300,45.998658203125,-0.3053798973560333,0.510993242263794,0.4153745770454407
1789317076704614100,46.0086142578125,-0.2451048344373703,0.2606813907623291,0.4919303357601166
1789317076714570200,46.0185703125,-0.20045161247253418,-0.10200173407793045,0.570388674736023
1789317076724525300,46.028525390625,-0.021825404837727547,-0.192209392786026,0.23287399113178253
1789317076734481200,46.03848120117188,0.20702987909317017,0.15026673674583435,-0.4695424735546112
1789317076744436200,46.04843627929687,0.15292988717556,0.40985730290412903,-1.073755145072937
1789317076754392000,46.05839208984375,-0.18107710778713226,-0.18344518542289734,-0.8873607516288757
1789317076764347100,46.06834716796875,-0.43789637088775635,-0.7306070923805237,-0.23743972182273865
1789317076774303200,46.07830322265625,-0.33992719650268555,-0.6335862874984741,0.4014211893081665
1789317076784258000,46.088258056640626,0.023496005684137344,-0.0825292319059372,0.8876432776451111
1789317076794214100,46.098214111328126,0.3232528865337372,0.5613589286804199,0.6759148240089417
1789317076804170200,46.108170166015626,0.19937676191329956,0.6360262632369995,0.15244892239570618
1789317076814125000,46.118125,-0.23810844123363495,-0.10557329654693604,-0.12555019557476044
1789317076824081200,46.1280810546875,-0.5903053879737854,-0.749866783618927,-0.23554646968841553
1789317076834036200,46.1380361328125,-0.5671025514602661,-0.5243061184883118,-0.21954460442066193
1789317076843992300,46.147992431640624,-0.12582823634147644,0.24376951158046722,-0.31154245138168335
1789317076853947100,46.157947021484375,0.23000018298625946,0.8456308841705322,-0.4084239900112152
1789317076863903200,46.1679033203125,0.16614024341106415,0.4007870852947235,-0.12053786218166351
1789317076873859000,46.177859130859375,-0.047097738832235336,-0.8900492191314697,0.43045443296432495
1789317076883814100,46.18781420898438,-0.22573432326316833,-1.0883164405822754,0.7250761985778809
1789317076893770200,46.19777026367188,-0.11465015262365341,0.21632272005081177,0.3837692439556122
1789317076903725000,46.20772509765625,0.1661279946565628,0.7065499424934387,-0.12378931790590286
1789317076913681200,46.21768115234375,-0.028360001742839813,0.31530147790908813,-0.15240205824375153
1789317076923636200,46.22763623046875,-0.3778740465641022,-0.13032498955726624,-0.17291824519634247
1789317076933592000,46.237592041015624,-0.264126718044281,-0.9763121604919434,-0.0948633924126625
1789317076943547100,46.24754711914063,0.1080380529165268,-0.738587498664856,-0.11114595830440521
1789317076953503200,46.25750317382813,0.3995628356933594,0.13941462337970734,-0.043786630034446716
1789317076963459300,46.26745922851563,0.48484790325164795,0.49125948548316956,-0.1640336811542511
1789317076973414100,46.2774140625,0.2050096094608307,0.36803582310676575,-0.5051776766777039
1789317076983370000,46.28736987304688,-0.27645182609558105,-0.535277247428894,-0.05699244514107704
1789317076993325300,46.2973251953125,-0.4922562837600708,-0.8919349908828735,0.35256338119506836
1789317077003281200,46.30728125,-0.403398334980011,-0.03496650606393814,0.782067596912384
1789317077013236200,46.317236328125,-0.0004980111261829734,1.0226786136627197,0.5956894755363464
1789317077023192000,46.327192138671876,0.29460713267326355,0.920369029045105,0.039986565709114075
1789317077033148200,46.337148193359376,0.1773441582918167,-0.1970592737197876,-0.17428870499134064
1789317077043103200,46.34710327148437,-0.13207414746284485,-0.7155186533927917,-0.39268070459365845
1789317077053059000,46.35705908203125,-0.15810388326644897,-0.7599884271621704,-0.4266061782836914
1789317077063014100,46.36701416015625,0.02816612459719181,-0.08303976058959961,-0.4889475703239441
1789317077072970200,46.37697021484375,0.06653028726577759,0.5519766211509705,-0.07405265420675278
1789317077082925000,46.386925048828125,-0.04739814251661301,0.6589227914810181,0.32615041732788086
1789317077092881200,46.396881103515625,-0.16840125620365143,0.20682774484157562,0.4508425295352936
1789317077102836200,46.40683618164063,-0.21476289629936218,-0.3881022036075592,0.552169144153595
1789317077112792300,46.41679223632813,-0.12726368010044098,-0.19525551795959473,0.204182967543602
1789317077122748200,46.426748046875,0.042937614023685455,0.16678285598754883,-0.09948664158582687
1789317077132703000,46.43670288085937,0.14078721404075623,0.39667385816574097,-0.3923177123069763
1789317077142659000,46.4466591796875,0.1487564593553543,0.035355325788259506,-0.5082278251647949
1789317077152614100,46.4566142578125,0.10259854793548584,-0.6335681676864624,-0.1869800090789795
1789317077162570200,46.4665703125,0.14567464590072632,-0.7516764402389526,0.040405746549367905
1789317077172525000,46.47652514648438,0.22755166888237,0.07534455507993698,0.05126398801803589
1789317077182481200,46.48648120117188,0.2597431540489197,1.2638754844665527,-0.18058255314826965
1789317077192437200,46.49643725585938,0.07241321355104446,0.5857359170913696,-0.17710527777671814
1789317077202392000,46.50639208984375,-0.28234195709228516,-0.15198233723640442,0.19613169133663177
1789317077212348200,46.51634814453125,-0.20491932332515717,-0.36965447664260864,0.20024468004703522
1789317077222303200,46.52630322265625,0.32677945494651794,-0.06744162738323212,-0.09494595229625702
1789317077232259300,46.53625927734375,0.7547978758811951,0.34525325894355774,-0.2209686040878296
1789317077242214100,46.546214111328126,0.6895602941513062,0.3193300664424896,0.0199233740568161
1789317077252170000,46.556169921875,0.2711726427078247,0.03657558932900429,0.36849892139434814
1789317077262125300,46.56612524414062,0.009953032247722149,-0.07968923449516296,0.2640971541404724
1789317077272081200,46.5760810546875,0.06064790114760399,0.05559854581952095,-0.020475447177886963
1789317077282037200,46.58603735351563,0.14080239832401276,0.6426311731338501,-0.25814419984817505
1789317077291992000,46.59599194335937,0.1822880506515503,0.6719847917556763,-0.055278170853853226
1789317077301948200,46.6059482421875,0.27865132689476013,0.26933348178863525,-0.053893592208623886
1789317077311903200,46.6159033203125,0.3186064660549164,-0.07943437248468399,-0.05169488489627838
1789317077321859000,46.625859130859375,0.3844536542892456,-0.5721727013587952,0.17159518599510193
1789317077331814100,46.63581420898438,0.23300209641456604,-0.12652571499347687,0.5195515751838684
1789317077341770200,46.64577026367188,0.12114400416612625,0.6663921475410461,0.46515703201293945
1789317077351725000,46.65572509765625,0.11937619745731354,0.925078272819519,0.0036671727430075407
1789317077361681200,46.66568115234375,-0.09260822832584381,0.5950058698654175,-0.17992502450942993
1789317077371637000,46.67563696289063,-0.2876293957233429,-0.34548017382621765,0.16353219747543335
1789317077381592300,46.68559228515625,-0.2725068926811218,-0.5263482332229614,0.5225058197975159
1789317077391548200,46.695548095703124,0.08791227638721466,0.3654472231864929,0.12198156863451004
1789317077401503000,46.7055029296875,0.4264780879020691,1.1008410453796387,-0.7033776044845581
1789317077411459300,46.71545922851563,0.2423734962940216,0.5446071028709412,-1.0040029287338257
1789317077421414400,46.72541430664062,-0.26366546750068665,-0.4151647090911865,-0.5792676210403442
1789317077431370200,46.73537036132812,-0.46626198291778564,-1.0192277431488037,0.1289696991443634
1789317077441326300,46.74532641601562,-0.14564481377601624,-0.07900693267583847,0.2474292367696762
1789317077451281400,46.755281494140625,0.22458118200302124,0.5526440143585205,0.4763164818286896
1789317077461237200,46.7652373046875,0.19060057401657104,0.4134131371974945,0.7347514629364014
1789317077471192300,46.7751923828125,-0.10610486567020416,-0.045519549399614334,0.5834549069404602
1789317077481148200,46.785148193359376,-0.3289928138256073,-0.45715078711509705,0.299397349357605
1789317077491103500,46.795103515625,-0.24522334337234497,-0.19905877113342285,-0.4630930721759796
1789317077501059300,46.80505932617187,-0.1427811235189438,0.20370732247829437,-0.7472824454307556
1789317077511014100,46.81501416015625,-0.1370886117219925,0.5073830485343933,-0.7634798288345337
1789317077520970200,46.82497021484375,-0.042448125779628754,0.12118794023990631,-0.6476250886917114
1789317077530926300,46.83492626953125,0.015426892787218094,-0.27921032905578613,-0.3449755012989044
1789317077540881400,46.84488134765625,0.019592076539993286,-0.4669804871082306,0.10276366025209427
1789317077550837200,46.854837158203125,0.07577678561210632,-0.7151396870613098,0.6908482313156128
1789317077560792300,46.86479223632813,0.09062444418668747,-0.022127939388155937,0.6706857085227966
1789317077570748400,46.87474853515625,-0.01480557769536972,0.9851730465888977,0.3475608825683594
1789317077580703200,46.884703125,-0.18622846901416779,0.3559003174304962,0.082628034055233
1789317077590659300,46.894659423828124,-0.4685269892215729,-0.23133441805839539,-0.021614480763673782
1789317077600614400,46.90461450195313,-0.3936479687690735,-0.6005856990814209,-0.03189268708229065
1789317077610570200,46.9145703125,0.032402414828538895,-0.09534729272127151,-0.34128594398498535
1789317077620526300,46.9245263671875,0.34484925866127014,0.7232266664505005,-0.5515753030776978
1789317077630481200,46.93448120117188,0.3506554961204529,0.4057981073856354,-0.36630475521087646
1789317077640437200,46.94443725585938,0.05409412831068039,-0.3450130522251129,0.022282136604189873
1789317077650392300,46.95439233398437,-0.24824656546115875,-0.44785234332084656,0.2078986018896103
1789317077660348200,46.96434814453125,-0.22390606999397278,-0.25386184453964233,0.29661354422569275
1789317077670303200,46.97430322265625,-0.02298334613442421,0.29075887799263,0.16711841523647308
1789317077680259300,46.98425927734375,-0.028439629822969437,0.8334128260612488,0.24126455187797546
1789317077690214400,46.99421435546875,0.0046823699958622456,0.38057956099510193,0.08751094341278076
1789317077700170200,47.004170166015626,0.024821992963552475,-0.36047109961509705,-0.14136672019958496
1789317077710126300,47.014126220703126,-0.0057407100684940815,-0.5016769766807556,-0.2508511245250702
1789317077720081400,47.02408129882812,0.049322277307510376,-0.5469877123832703,-0.0261841993778944
1789317077730037200,47.03403735351562,0.1440328061580658,-0.23137623071670532,0.148762047290802
1789317077739992300,47.043992431640625,0.18318048119544983,0.22525149583816528,0.23027102649211884
1789317077749948200,47.0539482421875,0.14793699979782104,0.540509819984436,-0.05494553968310356
1789317077759903200,47.0639033203125,-0.09059541672468185,0.9996904730796814,-0.3946109712123871
1789317077769859300,47.073859375,-0.3307107985019684,-0.10646092891693115,-0.2407068908214569
1789317077779815200,47.083815185546875,-0.39387354254722595,-0.7458699345588684,-0.18513523042201996
1789317077789770200,47.09377026367188,-0.1514614224433899,-0.46023231744766235,0.003593935864046216
1789317077799726300,47.10372631835938,0.3170173764228821,0.1554439216852188,0.11575056612491608
1789317077809681200,47.11368115234375,0.5345025658607483,0.23643916845321655,0.37633129954338074
1789317077819637200,47.12363720703125,0.3373583257198334,-0.16894374787807465,0.5234472155570984
1789317077829592300,47.13359228515625,-0.07436584681272507,-0.24178600311279297,0.32962796092033386
1789317077839548400,47.14354833984375,-0.26996171474456787,-0.12346974015235901,-0.15059243142604828
1789317077849503200,47.15350317382813,-0.2753772437572479,-0.030046848580241203,-0.36396968364715576
1789317077859459300,47.16345922851563,-0.15895982086658478,0.18845140933990479,-0.45502957701683044
1789317077869415200,47.17341528320313,-0.018515894189476967,0.3316671550273895,-0.279257208108902
1789317077879370200,47.18337036132812,0.12576192617416382,0.22341284155845642,-0.20313313603401184
1789317077889326300,47.19332641601562,0.12805570662021637,-0.16401530802249908,0.017418937757611275
1789317077899281200,47.20328125,-0.02870647981762886,-0.1932448297739029,0.18083901703357697
1789317077909237500,47.213237548828126,-0.13523265719413757,0.016204269602894783,0.15814170241355896
1789317077919192300,47.2231923828125,-0.13863803446292877,0.14483708143234253,0.13343475759029388
1789317077929148200,47.233148193359376,-0.14425331354141235,0.24799036979675293,0.14227911829948425
1789317077939103500,47.243103515625,-0.1673562377691269,0.288033127784729,0.10172982513904572
1789317077949059300,47.25305932617187,-0.09428815543651581,0.00044767739018425345,0.06792125850915909
1789317077959015400,47.26301538085937,-0.04765194281935692,-0.1291915476322174,0.14042448997497559
1789317077968970200,47.27297021484375,-0.0015345134306699038,0.09257547557353973,0.0410800576210022
1789317077978926000,47.28292602539062,0.03110652044415474,0.451334148645401,-0.3290548622608185
1789317077988881400,47.29288134765625,0.04921122267842293,0.29826897382736206,-0.6882332563400269
1789317077998837200,47.302837158203126,-0.0741402730345726,-0.11379207670688629,-0.528034508228302
1789317078008792300,47.31279223632812,-0.11504589766263962,-0.19606538116931915,-0.27581480145454407
1789317078018748200,47.322748046875,0.08332791179418564,-0.021623270586133003,0.07782209664583206
1789317078028703200,47.332703125,0.27448827028274536,0.10336659848690033,0.4772794842720032
1789317078038659300,47.342659423828124,0.21124140918254852,0.15397146344184875,0.7646822333335876
1789317078048615200,47.352615234375,0.006990797817707062,0.21378818154335022,0.7439559102058411
1789317078058570500,47.36257055664063,-0.0393439419567585,0.06437712162733078,0.3243945837020874
1789317078068526300,47.3725263671875,-0.04806579649448395,-0.04186782240867615,-0.09455154091119766
1789317078078481200,47.38248120117188,-0.11880335211753845,0.11730451881885529,-0.17967654764652252
1789317078088437200,47.39243725585938,0.03393985703587532,0.26052266359329224,-0.34066569805145264
1789317078098392300,47.40239233398437,0.31779181957244873,0.5098344683647156,-0.8246643543243408
1789317078108348400,47.41234838867187,0.3484930098056793,0.4697677791118622,-1.0071276426315308
1789317078118303200,47.42230322265625,0.16926705837249756,-0.34978196024894714,-0.3900505602359772
1789317078128259000,47.432259033203124,0.01607617177069187,-0.883313775062561,0.47195103764533997
1789317078138215400,47.44221533203125,-0.051359329372644424,0.5166029334068298,0.7788678407669067
1789317078148170200,47.45217016601563,0.05985800549387932,1.6947689056396484,0.7055200934410095
1789317078158126300,47.46212622070313,0.015233547426760197,0.6611220240592957,0.22690105438232422
1789317078168081400,47.47208129882812,-0.3817841112613678,-0.1309710592031479,0.040046487003564835
1789317078178037500,47.48203759765625,-0.321137011051178,-0.8318149447441101,-0.1737678050994873
1789317078187992300,47.491992431640625,0.08200405538082123,-0.5424880385398865,-0.259382039308548
1789317078197948200,47.5019482421875,0.43565720319747925,0.06612522155046463,-0.06190624460577965
1789317078207903500,47.51190356445313,0.41325682401657104,0.36788612604141235,0.1766037940979004
1789317078217859300,47.521859375,-0.041120272129774094,0.30615779757499695,0.5097876191139221
1789317078227815400,47.5318154296875,-0.4826071262359619,0.3619467616081238,0.1626048982143402
1789317078237770200,47.54177026367187,-0.69748854637146,0.5799533724784851,-0.4368572235107422
1789317078247726000,47.55172607421875,-0.65945965051651,0.4631785750389099,-0.7133609652519226
1789317078257681400,47.561681396484374,-0.4280964732170105,-0.11850214749574661,-0.4147796034812927
1789317078267637200,47.57163720703125,-0.1278351992368698,-0.27559882402420044,-0.09627220779657364
1789317078277592000,47.581592041015625,0.09634970873594284,0.279927521944046,-0.07909189164638519
1789317078287548400,47.59154833984375,0.19092148542404175,-0.06160770356655121,0.013073457404971123
1789317078297503200,47.60150317382813,-0.1080271303653717,-0.744629442691803,0.515180766582489
1789317078307459300,47.61145922851563,-0.4982422888278961,-0.7222652435302734,0.8334362506866455
1789317078317415200,47.62141528320313,-0.4920451045036316,0.21357592940330505,0.3128673732280731
1789317078327370500,47.63137060546875,-0.2984687089920044,0.9140472412109375,-0.4408796429634094
1789317078337326300,47.64132641601562,-0.39069664478302,0.2039528638124466,-0.5234379172325134
1789317078347281200,47.65128125,-0.5827845931053162,-0.7230197191238403,-0.07680929452180862
1789317078357237200,47.6612373046875,-0.43994274735450745,-0.9789151549339294,0.15505483746528625
1789317078367192300,47.6711923828125,0.031019700691103935,-0.17651697993278503,-0.2215329259634018
1789317078377148400,47.6811484375,0.26213228702545166,0.29503509402275085,-0.382628858089447
1789317078387103200,47.69110327148437,-0.020556407049298286,0.17862114310264587,-0.2688189446926117
1789317078397059300,47.70105932617187,-0.47420433163642883,-0.29696643352508545,-0.08423445373773575
1789317078407014400,47.711014404296876,-0.6296272277832031,-0.36739373207092285,-0.12301407009363174
1789317078416970200,47.72097021484375,-0.4529871940612793,-0.08049936592578888,-0.16285869479179382
1789317078426926000,47.73092602539062,-0.33560702204704285,0.03129081055521965,0.29491153359413147
1789317078436881200,47.740881103515626,-0.18340417742729187,-0.06076721101999283,0.5868927836418152
1789317078446837000,47.7508369140625,-0.0928492471575737,-0.022291723638772964,0.47591033577919006
1789317078456792000,47.7607919921875,0.005285575985908508,-0.21265047788619995,-0.017546236515045166
1789317078466748000,47.77074780273438,-0.029099294915795326,-0.556416928768158,-0.2601117491722107
1789317078476703000,47.78070288085937,-0.2080450803041458,-0.49785879254341125,-0.21658582985401154
1789317078486659000,47.7906591796875,-0.2746584713459015,-0.20420986413955688,-0.1846609264612198
1789317078496614000,47.80061376953125,-0.16855944693088531,0.1387230008840561,-0.42694520950317383
1789317078506570000,47.810570068359375,-0.14810264110565186,0.05182857811450958,-0.24286137521266937
1789317078516526000,47.820526123046875,-0.20766717195510864,-0.24357430636882782,0.05276361107826233
1789317078526481200,47.83048120117188,-0.22430634498596191,-0.4256916642189026,0.30227330327033997
1789317078536437000,47.84043701171875,-0.10862581431865692,-0.2463834136724472,0.19733810424804688
1789317078546392000,47.85039208984375,0.037686657160520554,0.06936921924352646,-0.3225948214530945
1789317078556348200,47.86034814453125,-0.04267289489507675,0.008197209797799587,-0.43878161907196045
1789317078566303000,47.870302978515625,-0.23718032240867615,-0.005230448208749294,-0.46240758895874023
1789317078576259000,47.880259033203124,-0.30177611112594604,-0.2748025357723236,-0.1579637974500656
1789317078586214100,47.89021411132813,-0.15469343960285187,-0.6331838369369507,0.25386956334114075
1789317078596170000,47.900169921875,-0.013345632702112198,-0.45189929008483887,0.7056029438972473
1789317078606126000,47.9101259765625,0.2319517433643341,-0.4398205280303955,0.9469569325447083
1789317078616081000,47.92008081054688,0.3034954369068146,-0.023454193025827408,0.6140745878219604
1789317078626037200,47.93003735351562,0.14067323505878448,0.21606838703155518,0.10105817764997482
1789317078635992000,47.939991943359374,-0.06175391003489494,-0.016687899827957153,-0.5449978113174438
1789317078645948000,47.94994799804687,-0.2795408368110657,-0.11800520122051239,-0.887797474861145
1789317078655903000,47.95990307617188,-0.2378639578819275,-0.3031846284866333,-0.8061076998710632
1789317078665859000,47.969859130859376,0.026671025902032852,-0.2909674048423767,-0.38128742575645447
1789317078675814100,47.97981420898437,0.3441091775894165,0.02840687334537506,0.015984825789928436
1789317078685770000,47.98977001953125,0.4465236961841583,0.2453935146331787,0.40821757912635803
1789317078695726000,47.99972607421875,0.32243210077285767,0.06968613713979721,0.4584149718284607
1789317078705681200,48.00968115234375,0.04542873427271843,-0.42765918374061584,0.47735723853111267
1789317078715637000,48.01963696289062,-0.21924526989459991,-0.39511963725090027,0.37483352422714233
1789317078725592000,48.029592041015626,-0.2508460581302643,-0.053031258285045624,0.406049519777298
1789317078735548000,48.0395478515625,0.017786987125873566,0.12907490134239197,0.38639137148857117
1789317078745503000,48.0495029296875,0.2911490201950073,0.30670347809791565,0.10016628354787827
1789317078755459000,48.059458984375,0.3487750291824341,0.34359464049339294,-0.2422347366809845
1789317078765414000,48.06941381835937,0.2811557650566101,0.13224512338638306,-0.6922242641448975
1789317078775370200,48.079370361328124,0.1975405067205429,-0.3204898536205292,-0.8861303329467773
1789317078785326000,48.089326171875,0.156329944729805,-0.46969932317733765,-0.6856294870376587
1789317078795281000,48.099281005859375,0.2030434012413025,-0.10149253904819489,-0.29425185918807983
1789317078805237000,48.109237060546874,0.27836742997169495,0.4743928909301758,0.15966768562793732
1789317078815192000,48.11919213867188,0.28740835189819336,0.6480650901794434,0.524139940738678
1789317078825148200,48.12914819335938,0.2504596412181854,0.10632750391960144,0.6155433654785156
1789317078835103000,48.13910302734375,0.09588418155908585,-0.3622117340564728,0.7004462480545044
1789317078845059000,48.14905908203125,0.038969237357378006,-0.3641052544116974,0.6213918924331665
1789317078855014100,48.15901416015625,0.2208349108695984,0.11109562963247299,0.24274207651615143
1789317078864970000,48.168969970703124,0.4727321267127991,0.6856659650802612,-0.36558011174201965
1789317078874926000,48.17892602539062,0.5109943151473999,0.49894535541534424,-0.7181626558303833
1789317078884881000,48.188880859375,0.3138609826564789,-0.22583605349063873,-0.5869202017784119
1789317078894837200,48.198837158203126,0.11281150579452515,-0.5222264528274536,-0.18487663567066193
1789317078904792000,48.2087919921875,0.1537104696035385,0.7389438152313232,-0.23804478347301483
1789317078914748000,48.21874780273438,0.28979215025901794,1.384659767150879,-0.1821437031030655
1789317078924703200,48.228703125,0.18171733617782593,0.29549741744995117,-0.21616345643997192
1789317078934659000,48.2386591796875,-0.1394902467727661,-0.16813521087169647,-0.09388814866542816
1789317078944614000,48.24861376953125,0.05068368464708328,-0.7394914031028748,0.08710001409053802
1789317078954570000,48.258570068359376,0.45059460401535034,-0.6080558896064758,0.4372771978378296
1789317078964525800,48.26852587890625,0.5916771292686462,0.1614839732646942,0.8996027708053589
1789317078974481200,48.27848120117188,0.43768760561943054,0.6310032606124878,1.0493699312210083
1789317078984437000,48.28843701171875,0.09988957643508911,0.4475383460521698,0.8066762685775757
1789317078994392000,48.29839208984375,-0.26858991384506226,0.29021450877189636,0.08978341519832611
1789317079004348200,48.30834814453125,-0.44374948740005493,0.09878649562597275,-0.4675363004207611
1789317079014303000,48.318302978515625,-0.2981683015823364,0.024357536807656288,-0.7164201736450195
1789317079024259000,48.328259033203125,0.06921129673719406,0.13940343260765076,-0.7670897245407104
1789317079034214100,48.33821411132813,0.35464170575141907,0.6853996515274048,-0.9481859803199768
1789317079044170200,48.34817016601563,0.3100241720676422,0.7698567509651184,-0.8086877465248108
1789317079054125000,48.358125,0.0779493898153305,-0.5384437441825867,-0.14783206582069397
1789317079064081000,48.36808081054688,-0.308767169713974,-0.9731597900390625,0.7623168230056763
1789317079074037000,48.378037109375,-0.4179503619670868,-0.04381405934691429,1.183758020401001
1789317079083992000,48.387991943359374,-0.1824379861354828,1.0175533294677734,0.8637710213661194
1789317079093948200,48.3979482421875,-0.11238912492990494,1.054105520248413,0.3738292455673218
1789317079103903000,48.40790307617188,-0.3579091429710388,0.2570973038673401,0.15719442069530487
1789317079113858800,48.41785888671875,-0.4904155135154724,-0.8835942149162292,0.19108925759792328
1789317079123814100,48.42781420898437,-0.3001987040042877,-0.9429689049720764,-0.08233135938644409
1789317079133770000,48.43777001953125,0.017303090542554855,0.14821264147758484,-0.5673670172691345
1789317079143725000,48.44772509765625,0.12422581017017365,0.9621827602386475,-0.8758262991905212
1789317079153681200,48.45768115234375,-0.06752870976924896,0.5267447829246521,-0.8016306757926941
1789317079163636000,48.467635986328126,-0.42898306250572205,-0.3834320902824402,-0.36643630266189575
1789317079173592000,48.477592041015626,-0.5262648463249207,-0.9305670857429504,0.050215501338243484
1789317079183548000,48.4875478515625,-0.2852543890476227,-0.4855014681816101,0.1859765201807022
1789317079193503200,48.49750317382812,-0.09413262456655502,0.4790206551551819,0.3251860737800598
1789317079203459000,48.507458984375,-0.11895168572664261,0.37350326776504517,0.40138497948646545
1789317079213414000,48.51741381835937,-0.3948008418083191,-0.1391746699810028,0.47057071328163147
1789317079223370000,48.52736987304687,-0.5099684596061707,-0.6166557669639587,0.14199548959732056
1789317079233325000,48.537324951171875,-0.42904776334762573,-0.44267702102661133,-0.18253839015960693
1789317079243281200,48.54728125,-0.17489324510097504,-0.06463944911956787,-0.4197317659854889
1789317079253236000,48.55723608398438,-0.007742607966065407,-0.08163254708051682,-0.31960543990135193
1789317079263192000,48.56719213867188,-0.09258026629686356,-0.06640059500932693,-0.2100035697221756
1789317079273148200,48.57714819335938,-0.20966854691505432,-0.25854527950286865,-0.25534042716026306
1789317079283103000,48.58710302734375,-0.43331655859947205,-0.020122844725847244,-0.19854557514190674
1789317079293059000,48.59705908203125,-0.58287113904953,0.12058180570602417,-0.02239372208714485
1789317079303014100,48.60701416015625,-0.5054677128791809,-0.3475622236728668,0.21385210752487183
1789317079312970200,48.61697021484375,-0.41539108753204346,-0.05085465684533119,0.1685762256383896
1789317079322925000,48.62692504882813,-0.23369131982326508,-0.08400808274745941,0.15031494200229645
1789317079332881000,48.636880859375,-0.11573884636163712,-0.3363915979862213,0.16419853270053864
1789317079342836200,48.64683618164062,-0.16329039633274078,-0.24931155145168304,0.06057865917682648
1789317079352792000,48.6567919921875,-0.1646486073732376,-0.4528809189796448,-0.045047104358673096
1789317079362748200,48.666748046875,-0.20978997647762299,-0.30044105648994446,-0.3193196654319763
1789317079372703000,48.676702880859374,-0.3318631649017334,-0.06388603895902634,-0.25939109921455383
1789317079382659000,48.6866591796875,-0.30377933382987976,-0.19626832008361816,-0.13987533748149872
1789317079392614100,48.6966142578125,-0.21808385848999023,-0.5029057264328003,0.20052377879619598
1789317079402570000,48.706570068359376,-0.14228443801403046,-0.4619676172733307,0.4486723244190216
1789317079412525000,48.71652514648437,-0.07305716723203659,0.15577414631843567,0.13805001974105835
1789317079422481400,48.7264814453125,-0.0032418658956885338,0.3525388836860657,-0.32582205533981323
1789317079432436200,48.736436279296875,-0.1329420655965805,0.033133186399936676,-0.5168763995170593
1789317079442392300,48.746392333984375,-0.27186641097068787,-0.6375290751457214,-0.2274632453918457
1789317079452347400,48.75634741210938,-0.17143353819847107,-0.8757411241531372,0.15579065680503845
1789317079462303500,48.76630346679688,0.13254205882549286,-0.3163270652294159,0.26503700017929077
1789317079472259300,48.77625927734375,0.3913195729255676,0.14870665967464447,0.17954446375370026
1789317079482214400,48.78621435546875,0.20463968813419342,0.17130064964294434,0.3735605478286743
1789317079492170200,48.79617016601563,-0.1573808342218399,-0.2658716142177582,0.5938540101051331
1789317079502125300,48.806125244140624,-0.2915676534175873,-0.5796854496002197,0.5363366603851318
1789317079512081400,48.816081298828124,-0.10858506709337234,0.1296543926000595,-0.19997836649417877
1789317079522036200,48.8260361328125,0.18487291038036346,0.4285888969898224,-0.6678174734115601
1789317079531992300,48.835992431640626,0.3880763649940491,-0.16832590103149414,-0.7255662679672241
1789317079541948400,48.845948486328126,0.30979275703430176,-0.7066258192062378,-0.2614678144454956
1789317079551903200,48.8559033203125,0.24858984351158142,-0.7422573566436768,0.1690143197774887
1789317079561859300,48.865859375,0.2947341799736023,0.026031600311398506,0.12814785540103912
1789317079571814400,48.875814453125,0.25798386335372925,0.3782096207141876,0.1732972115278244
1789317079581770500,48.8857705078125,-0.047386422753334045,0.31930607557296753,0.3636477291584015
1789317079591725300,48.895725341796876,-0.22327037155628204,-0.12063826620578766,0.47348126769065857
1789317079601681200,48.90568115234375,-0.11112891882658005,-0.09904881566762924,0.1285097748041153
1789317079611636500,48.91563647460937,0.16641773283481598,0.09825333207845688,-0.1901899129152298
1789317079621592300,48.92559228515625,0.4200122058391571,-0.18774166703224182,-0.10028132796287537
1789317079631548400,48.93554833984375,0.39732977747917175,-0.05748326703906059,0.03753245994448662
1789317079641503200,48.94550317382812,0.36670130491256714,0.20947971940040588,-0.32240840792655945
1789317079651459300,48.95545922851562,0.22373083233833313,0.36372628808021545,-0.6222606301307678
1789317079661414400,48.965414306640625,0.029232453554868698,-0.007801730185747147,-0.4499216079711914
1789317079671370200,48.975370361328125,-0.0622660368680954,-0.44174519181251526,0.13358788192272186
1789317079681325300,48.9853251953125,0.057627610862255096,0.347206175327301,0.2092600166797638
1789317079691281400,48.99528149414063,0.38976186513900757,1.118056058883667,-0.10547875612974167
1789317079701236200,49.005236328125,0.4776001274585724,-0.09426099061965942,-0.2636100649833679
1789317079711192300,49.0151923828125,0.11062877625226974,-0.8254606127738953,0.24831606447696686
1789317079721148200,49.02514819335938,0.046477753669023514,-0.8113735914230347,0.49761509895324707
1789317079731103500,49.035103515625,0.3865807354450226,0.8999471068382263,0.17510336637496948
1789317079741059300,49.045059326171874,0.6149561405181885,0.7301229238510132,-0.13514024019241333
1789317079751014100,49.05501416015625,0.29274851083755493,-0.03748612105846405,-0.016883907839655876
1789317079760970200,49.06497021484375,-0.08635672926902771,-0.8869599103927612,0.4867810904979706
1789317079770925300,49.07492529296875,-0.037642717361450195,-0.9150522947311401,0.4336414635181427
1789317079780881400,49.08488134765625,0.12213069945573807,0.4937463402748108,0.200745090842247
1789317079790836200,49.09483618164062,0.37950631976127625,1.8910062313079834,-0.6632940769195557
1789317079800792300,49.10479223632812,0.2646505534648895,0.7874022126197815,-0.9595049619674683
1789317079810748400,49.11474853515625,-0.22972294688224792,-0.30649974942207336,-0.7709230780601501
1789317079820703200,49.124703125,-0.33956608176231384,-0.9482704401016235,-0.32465797662734985
1789317079830659300,49.134659423828126,0.15233734250068665,-0.5773738622665405,0.2102387249469757
1789317079840614400,49.14461450195312,0.6548734307289124,0.46049997210502625,0.7170137763023376
1789317079850570500,49.15457055664063,0.6101917028427124,0.6653260588645935,1.0031554698944092
1789317079860525300,49.164525390625,0.08762332797050476,0.6169359087944031,0.6739981174468994
1789317079870481200,49.17448120117187,-0.388680100440979,-0.22994771599769592,0.2733950614929199
1789317079880436500,49.1844365234375,-0.5777730345726013,-1.0821597576141357,0.3378869593143463
1789317079890392300,49.194392333984375,-0.43419966101646423,-0.5551543235778809,0.4187847375869751
1789317079900348400,49.204348388671875,0.07592805474996567,1.1266093254089355,-0.2115098536014557
1789317079910303200,49.21430322265625,0.49837037920951843,1.877859354019165,-1.0901747941970825
1789317079920259300,49.22425927734375,0.29401350021362305,0.5201374888420105,-1.5234143733978271
1789317079930214400,49.23421435546875,-0.32621538639068604,-1.2570933103561401,-0.8712571263313293
1789317079940170200,49.24417016601563,-0.6386721134185791,-1.8535566329956055,0.2095223367214203
1789317079950125300,49.254125244140624,-0.3450053334236145,0.07027629017829895,0.900196373462677
1789317079960081400,49.264081298828124,0.17475903034210205,1.1301459074020386,1.0380290746688843
1789317079970037200,49.274037353515624,0.10179160535335541,1.3339526653289795,0.8591376543045044
1789317079979992300,49.28399243164063,-0.3451344966888428,0.4431856870651245,0.3875698447227478
1789317079989948200,49.2939482421875,-0.5705186128616333,-1.0673578977584839,-0.17049956321716309
1789317079999903500,49.30390356445312,-0.3957582414150238,-1.8008675575256348,-0.3753746747970581
1789317080009859300,49.313859375,0.0199207104742527,-1.0631929636001587,-0.24061739444732666
1789317080019814100,49.32381420898437,0.4278205931186676,0.5779224634170532,-0.333278626203537
1789317080029770500,49.3337705078125,0.5077939629554749,1.4620985984802246,-0.7220404744148254
1789317080039725300,49.343725341796876,0.050689276307821274,0.612766444683075,-0.8683643937110901
1789317080049681400,49.353681396484376,-0.6073669195175171,-1.0146042108535767,-0.32978135347366333
1789317080059637200,49.36363720703125,-0.8307272791862488,-1.701603889465332,0.4443116784095764
1789317080069592300,49.37359228515625,-0.36432603001594543,0.003014165675267577,0.6205642223358154
1789317080079548400,49.38354833984375,0.35808277130126953,1.377927541732788,0.27954748272895813
1789317080089503200,49.39350317382812,0.4607953131198883,0.7828401923179626,-0.2614137530326843
1789317080099459300,49.40345922851562,-0.12266173958778381,-0.4459942579269409,-0.11108390986919403
1789317080109414400,49.413414306640625,-0.4059498906135559,-1.8758797645568848,0.15877872705459595
1789317080119370200,49.423370361328125,-0.2714235186576843,-1.329984188079834,0.17305034399032593
1789317080129325300,49.4333251953125,0.15813210606575012,1.0939980745315552,-0.09551054239273071
1789317080139281200,49.44328125,0.3624967038631439,1.0027104616165161,-0.19061309099197388
1789317080149237500,49.45323754882813,-0.07655522972345352,0.3208845555782318,-0.07821863889694214
1789317080159192300,49.4631923828125,-0.4294038414955139,-1.0798473358154297,0.1562119722366333
1789317080169148400,49.4731484375,-0.3673769533634186,-1.3290824890136719,0.10162010043859482
1789317080179103500,49.483103515625,-0.04439942166209221,-0.054668836295604706,0.008114918135106564
1789317080189059300,49.493059326171874,0.3145139813423157,0.7696865797042847,0.029282255098223686
1789317080199014400,49.50301440429688,0.31210917234420776,0.7616409063339233,-0.15344974398612976
1789317080208970200,49.51297021484375,-0.03356248885393143,-0.0213612150400877,-0.2102333903312683
1789317080218925300,49.52292529296875,-0.24968066811561584,-1.0642242431640625,-0.15687376260757446
1789317080228881400,49.53288134765625,-0.2932087182998657,-1.0900166034698486,0.26814571022987366
1789317080238836200,49.542836181640624,-0.07724259048700333,-0.11562726646661758,0.5543391108512878
1789317080248792300,49.55279223632812,0.2752222418785095,0.7944049835205078,0.2925437092781067
1789317080258748400,49.56274853515625,0.2377057671546936,0.8677332401275635,0.17479631304740906
1789317080268703200,49.572703125,-0.05529734492301941,-0.03213023766875267,0.029141107574105263
1789317080278659300,49.582659423828126,-0.2552972733974457,-0.9394753575325012,-0.11518038809299469
1789317080288614400,49.59261450195312,-0.15230484306812286,-0.8853915929794312,-0.17253102362155914
1789317080298570500,49.60257055664062,0.2151639759540558,-0.1366601139307022,-0.3464144170284271
1789317080308525300,49.612525390625,0.36068788170814514,0.5317272543907166,-0.11171641200780869
1789317080318481400,49.6224814453125,0.27092817425727844,0.3733759820461273,0.13562068343162537
1789317080328437200,49.63243725585937,0.06701924651861191,-0.4004614055156708,0.3513231575489044
1789317080338392300,49.642392333984375,-0.15028484165668488,-0.6434192061424255,0.4747105836868286
1789317080348348400,49.652348388671875,-0.11039069294929504,-0.22329780459403992,0.23747088015079498
1789317080358303200,49.66230322265625,0.12598136067390442,0.2028825432062149,-0.07767961174249649
1789317080368259300,49.67225927734375,0.2534586191177368,0.3586079478263855,-0.3168970048427582
1789317080378214400,49.68221435546875,0.19263575971126556,-0.049080461263656616,-0.24169838428497314
1789317080388170200,49.69217016601562,0.20676276087760925,-0.840579092502594,-0.012297945097088814
1789317080398125300,49.702125244140625,0.32243528962135315,-0.6829569935798645,-0.11604378372430801
1789317080408081400,49.712081298828124,0.40928712487220764,0.4496252238750458,-0.16153909265995026
1789317080418036200,49.7220361328125,0.383597195148468,-0.14139148592948914,-0.08340355008840561
1789317080427992300,49.73199243164063,0.03009638376533985,-0.5287330746650696,0.4857046604156494
1789317080437948400,49.74194848632813,-0.10993608832359314,-0.5044320225715637,0.8422204256057739
1789317080447903500,49.75190356445312,0.12143056094646454,0.25272414088249207,0.48368358612060547
1789317080457859600,49.76185961914062,0.4368250072002411,1.0687012672424316,-0.22824329137802124
1789317080467814400,49.771814453125,0.3882942199707031,0.6026560664176941,-0.7577782273292542
1789317080477770200,49.78177026367187,0.1303878277540207,-0.4259350597858429,-0.6956778764724731
1789317080487725600,49.7917255859375,0.12655767798423767,-1.0678410530090332,-0.34931591153144836
1789317080497681400,49.801681396484376,0.3752883970737457,0.7650135159492493,-0.3591858744621277
1789317080507636200,49.81163623046875,0.6530020236968994,0.7713185548782349,-0.04562794044613838
1789317080517592300,49.82159228515625,0.46040356159210205,0.07217779010534286,0.3755464553833008
1789317080527548400,49.83154833984375,0.02640923671424389,-0.18764525651931763,0.8167353272438049
1789317080537503500,49.84150341796875,0.054792940616607666,-0.12208063155412674,0.45541253685951233
1789317080547459300,49.85145922851562,0.3267086148262024,0.2979384958744049,-0.029814088717103004
1789317080557414700,49.86141455078125,0.43891558051109314,0.6165814399719238,-0.28610923886299133
1789317080567370500,49.87137060546875,0.4005495309829712,0.2894887924194336,-0.37029069662094116
1789317080577325300,49.8813251953125,0.24391146004199982,0.1231381744146347,-0.36159655451774597
1789317080587281400,49.89128149414063,0.28236910700798035,0.4956558346748352,-0.7104179263114929
1789317080597236500,49.901236572265624,0.424768328666687,0.12549826502799988,-0.5465331077575684
1789317080607192600,49.911192626953124,0.3446527123451233,-0.26754915714263916,0.08672823756933212
1789317080617148400,49.9211484375,0.24729607999324799,-0.20347243547439575,0.6994978785514832
1789317080627103200,49.931103271484375,0.3594314157962799,0.30400756001472473,0.5250206589698792
1789317080637059300,49.941059326171874,0.4293585419654846,0.614030659198761,0.18721222877502441
1789317080647014400,49.95101440429688,0.18631207942962646,0.2686285376548767,0.40293601155281067
1789317080656970500,49.96097045898438,-0.09429720789194107,-0.20925042033195496,0.704063892364502
1789317080666925300,49.97092529296875,-0.08851335197687149,0.12814384698867798,0.34236958622932434
1789317080676881400,49.98088134765625,0.21629874408245087,1.1022562980651855,-0.5389788150787354
1789317080686836500,49.99083642578125,0.45932310819625854,0.28070810437202454,-0.9570682048797607
1789317080696792300,50.000792236328124,0.25293320417404175,-0.5719396471977234,-0.47134169936180115
1789317080706747600,50.01074755859375,0.09468203037977219,-0.8654314875602722,0.18231149017810822
1789317080716703500,50.02070336914063,0.17742298543453217,0.20205029845237732,0.29844555258750916
1789317080726659600,50.03065966796875,0.27084293961524963,1.176882028579712,0.1750682145357132
1789317080736614400,50.04061450195312,0.11232627183198929,0.5956154465675354,0.17544372379779816
1789317080746570200,50.0505703125,-0.26204973459243774,0.13810540735721588,0.11921747028827667
1789317080756525600,50.060525634765625,-0.32860609889030457,-0.17058798670768738,-0.033960629254579544
1789317080766481400,50.0704814453125,-0.04194984585046768,-0.2263662964105606,-0.17960225045681
1789317080776436200,50.080436279296876,0.1734474152326584,0.003026416292414069,0.14663738012313843
1789317080786392600,50.090392578125,0.27670615911483765,0.258150577545166,0.3615978956222534
1789317080796347400,50.10034741210937,0.20647726953029633,0.5494607090950012,0.1747310608625412
1789317080806303500,50.11030346679688,-0.01944160833954811,0.7095691561698914,-0.3174637258052826
1789317080816259300,50.12025927734375,-0.25020477175712585,0.19261018931865692,-0.7014598250389099
1789317080826214400,50.13021435546875,-0.5338021516799927,-0.1483071744441986,-0.38834133744239807
1789317080836170500,50.14017041015625,-0.5167722702026367,-0.11673300713300705,0.0970996543765068
1789317080846125300,50.150125244140625,-0.21701113879680634,0.34747540950775146,0.42197972536087036
1789317080856081400,50.160081298828125,0.14153476059436798,0.7899875640869141,0.18494375050067902
1789317080866036500,50.17003637695313,0.23964747786521912,0.23035304248332977,0.06755746901035309
1789317080875992600,50.17999267578125,0.03803766146302223,-0.6720976829528809,0.14030037820339203
1789317080885947400,50.189947509765624,-0.20920860767364502,-0.7475501298904419,0.16012096405029297
1789317080895903200,50.1999033203125,-0.14548689126968384,0.32436156272888184,-0.19590532779693604
1789317080905858600,50.209858642578126,0.07362228631973267,0.315604031085968,-0.4302816092967987
1789317080915814400,50.219814453125,-0.0828421488404274,-0.01817421056330204,-0.044681183993816376
1789317080925770500,50.2297705078125,-0.24201342463493347,-0.432499498128891,0.4031567871570587
1789317080935725600,50.2397255859375,-0.08243122696876526,-0.7399696707725525,0.5031965374946594
1789317080945681400,50.24968139648438,0.050038401037454605,-0.01702931709587574,0.38292714953422546
1789317080955636500,50.25963647460937,0.1376417577266693,0.6092281937599182,-0.0732012465596199
1789317080965592300,50.26959228515625,-0.07478848844766617,0.6188685894012451,-0.275372713804245
1789317080975547400,50.27954736328125,-0.3765137195587158,0.3734590709209442,-0.5630899667739868
1789317080985503500,50.28950341796875,-0.3933179974555969,-0.3606404662132263,-0.6110023856163025
1789317080995458300,50.299458251953126,-0.14674070477485657,-0.8114691972732544,-0.2478577345609665
1789317081005414400,50.309414306640626,0.12456909567117691,-0.3142724335193634,0.2202753722667694
1789317081015369500,50.31936938476562,0.32527902722358704,0.3545287847518921,0.5365667939186096
1789317081025325600,50.32932568359375,0.2415175437927246,1.0756208896636963,0.17325647175312042
1789317081035281400,50.33928149414062,-0.1985463798046112,0.29073968529701233,0.14007695019245148
1789317081045236200,50.349236328125,-0.6899003982543945,-0.6307433247566223,0.294015109539032
1789317081055192600,50.359192626953124,-0.7446421980857849,-0.5303719639778137,0.1643143743276596
1789317081065147400,50.3691474609375,-0.20416244864463806,0.09265164285898209,-0.23052535951137543
1789317081075103500,50.379103515625,0.31647542119026184,0.7114789485931396,-0.5978655219078064
1789317081085058600,50.38905859375,0.37531957030296326,0.4362526834011078,-0.5710309743881226
1789317081095014400,50.39901440429688,0.04905063286423683,-0.531326174736023,-0.08211058378219604
1789317081104969500,50.408969482421874,-0.2723793387413025,-1.0197033882141113,0.3446503281593323
1789317081114925300,50.41892529296875,-0.31984803080558777,-0.4036071300506592,0.4084863066673279
1789317081124881400,50.42888134765625,-0.14432787895202637,0.6891717314720154,0.13593679666519165
1789317081134836500,50.43883642578125,-0.10998030006885529,1.163212537765503,-0.15287530422210693
1789317081144792300,50.448792236328124,-0.22859428822994232,0.47477424144744873,-0.25864994525909424
1789317081154747400,50.45874731445313,-0.30427226424217224,-0.6399783492088318,-0.2177850604057312
1789317081164703500,50.46870336914063,-0.1856532245874405,-1.0727580785751343,0.07968577742576599
1789317081174658600,50.47865844726562,0.1776280552148819,-0.6038832068443298,0.23883254826068878
1789317081184614400,50.48861450195312,0.4685989022254944,0.2453727424144745,0.13780446350574493
1789317081194569500,50.498569580078126,0.3040080964565277,0.7960297465324402,-0.06003723666071892
1789317081204525600,50.508525634765626,-0.13056227564811707,0.250190407037735,-0.12938302755355835
1789317081214480400,50.51848046875,-0.5005067586898804,-0.7374048233032227,0.157017320394516
1789317081224436500,50.5284365234375,-0.5194455981254578,-0.5756944417953491,0.302384614944458
1789317081234391600,50.5383916015625,-0.08604247123003006,0.7943940758705139,-0.0273264292627573
1789317081244347400,50.54834741210937,0.34491798281669617,0.7986084818840027,-0.37013277411460876
1789317081254303500,50.55830346679687,0.2785954177379608,0.19549520313739777,-0.5748960375785828
1789317081264258300,50.56825830078125,-0.01882801577448845,-0.9829642176628113,-0.11117738485336304
1789317081274214400,50.57821435546875,-0.1371282935142517,-1.2237789630889893,0.144575297832489
1789317081284169500,50.58816943359375,-0.0628037303686142,0.8317725658416748,0.14563043415546417
1789317081294125300,50.598125244140626,0.08965318650007248,0.5938018560409546,0.26758402585983276
1789317081304080400,50.60808032226562,-0.20308201014995575,0.22887952625751495,0.4468243718147278
1789317081314036500,50.61803637695313,-0.4601273834705353,-0.2862676978111267,0.597143828868866
1789317081323991600,50.627991455078124,-0.2679139971733093,-0.6716569662094116,0.2792412340641022
1789317081333947400,50.637947509765624,-0.08716312795877457,-0.0694136917591095,0.06655985116958618
1789317081343902500,50.64790234375,0.011997540481388569,0.6123248934745789,-0.15361885726451874
1789317081353858600,50.65785864257813,0.03344877064228058,0.7037627100944519,-0.611926794052124
1789317081363814400,50.667814453125,-0.14920678734779358,0.385732501745224,-0.8853809237480164
1789317081373769500,50.67776953125,-0.25718680024147034,-0.20270223915576935,-1.0485339164733887
1789317081383725300,50.68772534179688,-0.23176132142543793,-0.6728053092956543,-0.495418518781662
1789317081393680400,50.69768041992187,0.0011848403373733163,-0.48558855056762695,0.18639011681079865
1789317081403636500,50.70763647460937,0.29138603806495667,-0.05626806616783142,0.793196439743042
1789317081413591300,50.71759130859375,0.35503000020980835,0.44531726837158203,0.9042739272117615
1789317081423547400,50.72754736328125,0.10965672135353088,0.43251121044158936,0.7621788382530212
1789317081433502200,50.73750219726563,-0.27231940627098083,-0.0752449557185173,0.6836350560188293
1789317081443458000,50.7474580078125,-0.41294416785240173,-0.4037906229496002,0.3257006108760834
1789317081453413400,50.75741333007812,-0.21738505363464355,0.17391134798526764,-0.46956881880760193
1789317081463369200,50.767369140625,0.21514107286930084,0.6028600335121155,-1.1806468963623047
1789317081473325300,50.7773251953125,0.4790957570075989,0.3703514337539673,-1.4342491626739502
1789317081483280100,50.78728002929687,0.3900609612464905,-0.33060163259506226,-0.8600788116455078
1789317081493236000,50.79723608398437,0.28380030393600464,-0.9551467299461365,-0.06751193106174469
1789317081503191300,50.80719140625,0.154516339302063,0.4994218051433563,0.3876262903213501
1789317081513147100,50.817147216796876,0.0870872288942337,0.5531124472618103,0.662665843963623
1789317081523102200,50.82710229492187,-0.19560252130031586,1.2678390741348267,0.5825084447860718
1789317081533058000,50.83705810546875,-0.36361175775527954,0.3946160078048706,0.481628954410553
1789317081543013000,50.84701318359375,-0.23675236105918884,-0.8255290389060974,0.4077978730201721
1789317081552969200,50.85696923828125,0.03475584834814072,-0.9889826774597168,0.5033305287361145
1789317081562924000,50.866924072265626,0.5436851382255554,-0.4943942725658417,0.3698006868362427
1789317081572880400,50.87688037109375,0.7491783499717712,0.881817102432251,-0.17540724575519562
1789317081582836200,50.886836181640625,0.5048093795776367,1.1391503810882568,-0.6896607279777527
1789317081592791000,50.896791015625,-0.04651157557964325,0.10325847566127777,-0.9337330460548401
1789317081602747100,50.9067470703125,-0.5533590912818909,-0.6150410771369934,-0.7196449637413025
1789317081612702200,50.9167021484375,-0.47199708223342896,-0.22075048089027405,-0.4265587627887726
1789317081622658300,50.926658203125,0.05468694865703583,0.9285292029380798,0.03759291395545006
1789317081632613000,50.936613037109375,0.44871440529823303,0.5232746601104736,0.508441150188446
1789317081642569000,50.94656884765625,0.37993693351745605,0.4329511523246765,0.3293009400367737
1789317081652524300,50.95652416992188,0.06722617149353027,-0.20696330070495605,0.32742953300476074
1789317081662480100,50.96648022460938,-0.12724795937538147,-1.0276843309402466,0.45776915550231934
1789317081672435200,50.97643530273437,-0.2766885757446289,-0.664991557598114,0.8020192384719849
1789317081682391000,50.98639111328125,-0.20144788920879364,0.6791343092918396,0.6441842913627625
1789317081692347100,50.99634716796875,-0.053285591304302216,1.6181143522262573,0.0037795582320541143
1789317081702302200,51.00630224609375,-0.1301441490650177,0.9053623676300049,-0.4262743592262268
1789317081712258000,51.01625805664062,-0.3363540470600128,-0.4910637438297272,-0.6214401125907898
1789317081722213400,51.02621337890625,-0.4219682812690735,-1.351919412612915,-0.1933010220527649
1789317081732169200,51.036169189453126,-0.15734514594078064,-0.8188892602920532,0.13247787952423096
1789317081742124000,51.0461240234375,0.25659608840942383,1.770140290260315,-0.1820339858531952
1789317081752080100,51.056080078125,0.29785460233688354,1.0869503021240234,-0.38031458854675293
1789317081762035200,51.06603515625,-0.33633941411972046,0.017540644854307175,-0.5817710161209106
1789317081771991300,51.0759912109375,-0.8393351435661316,-1.3646156787872314,-0.014853781089186668
1789317081781946000,51.085946044921876,-0.6465443968772888,-1.92790949344635,0.6524782180786133
1789317081791902000,51.09590185546875,-0.1299409568309784,-0.34612810611724854,0.9173750877380371
1789317081801857300,51.10585717773437,0.3682217001914978,1.4851878881454468,0.7815365791320801
1789317081811813000,51.11581323242188,0.3163238763809204,1.4016070365905762,0.06076667830348015
1789317081821769200,51.12576928710938,-0.38121846318244934,-0.2249167412519455,-0.18175967037677765
1789317081831724300,51.135724365234374,-0.9469532370567322,-1.956545114517212,0.11557906121015549
1789317081841680100,51.14568017578125,-0.8201627731323242,-1.6518498659133911,0.09773854166269302
1789317081851635200,51.15563525390625,-0.06416034698486328,1.3949848413467407,-0.42564132809638977
1789317081861591000,51.165591064453125,0.505157470703125,1.5794532299041748,-0.7266743779182434
1789317081871546400,51.17554638671875,0.1818704605102539,0.4340241551399231,-0.8061060905456543
1789317081881502200,51.18550219726563,-0.5298089981079102,-1.132359266281128,-0.23489905893802643
1789317081891457000,51.19545703125,-0.6452500820159912,-1.991347312927246,0.11815699934959412
1789317081901413000,51.2054130859375,-0.29874008893966675,0.14479953050613403,0.20971061289310455
1789317081911368200,51.2153681640625,0.059608470648527145,0.7797288298606873,0.4538596272468567
1789317081921324300,51.22532421875,0.005265069659799337,0.7698716521263123,0.3669196665287018
1789317081931279000,51.23527905273438,-0.35200703144073486,0.2073316127061844,0.1580684632062912
1789317081941235000,51.24523486328125,-0.4814302921295166,-0.8105895519256592,-0.2518247961997986
1789317081951191300,51.25519140625,-0.29791104793548584,-1.5809621810913086,-0.10170425474643707
1789317081961146000,51.26514599609375,0.011410846374928951,-0.759721040725708,0.08255746215581894
1789317081971102200,51.27510229492187,0.3397301435470581,0.863427996635437,-0.28806453943252563
1789317081981057300,51.285057373046875,0.31834015250205994,1.1177233457565308,-0.6540651917457581
1789317081991013000,51.29501318359375,-0.07191147655248642,-0.16979488730430603,-0.7669698596000671
1789317082000968200,51.30496826171875,-0.6578881144523621,-1.2193520069122314,-0.09708952903747559
1789317082010924000,51.314924072265626,-0.6964850425720215,-1.1152801513671875,0.4323303699493408
1789317082020879400,51.32487939453125,-0.08871841430664062,0.7999906539916992,0.41281312704086304
1789317082030835200,51.33483520507812,0.4496598243713379,0.9252836108207703,0.29018068313598633
1789317082040790000,51.3447900390625,0.2900344729423523,0.3389042913913727,-0.1204150915145874
1789317082050746000,51.35474609375,-0.22754527628421783,-0.7981858849525452,0.055215850472450256
1789317082060702200,51.3647021484375,-0.32269683480262756,-1.72761070728302,0.10804258286952972
1789317082070657300,51.3746572265625,-0.08344322443008423,-0.8078832030296326,-0.05735303834080696
1789317082080613000,51.384613037109375,0.3104715943336487,0.823758602142334,-0.26709482073783875
1789317082090568200,51.39456811523438,0.38263311982154846,0.8380352854728699,-0.21594561636447906
1789317082100524300,51.40452416992188,-0.01335735060274601,0.046240199357271194,0.15870389342308044
1789317082110479000,51.41447900390625,-0.22987820208072662,-1.0505996942520142,0.3303299844264984
1789317082120435200,51.42443530273437,-0.07716242969036102,-0.8509913086891174,-0.01931990124285221
1789317082130390300,51.43439038085938,0.1946408599615097,0.12684689462184906,-0.10973209142684937
1789317082140346000,51.44434619140625,0.41103386878967285,0.27441370487213135,0.08239314705133438
1789317082150301200,51.45430126953125,0.34303751587867737,-0.08605366200208664,0.3401682376861572
1789317082160257000,51.46425708007813,0.19838552176952362,-0.12454832345247269,-0.012645221315324306
1789317082170212400,51.47421240234375,0.11883024871349335,0.635400116443634,-0.7580562829971313
1789317082180168200,51.48416821289062,0.008207063190639019,-0.20617526769638062,-0.7371688485145569
1789317082190124300,51.49412426757812,-0.159446120262146,-0.837803065776825,-0.0887780711054802
1789317082200079000,51.5040791015625,-0.039629168808460236,-0.5651648640632629,0.4086631238460541
1789317082210035200,51.51403515625,0.3051029145717621,0.4500177502632141,0.39466822147369385
1789317082219990300,51.523990234375,0.4562421143054962,1.1086922883987427,0.09586793929338455
1789317082229946000,51.533946044921876,0.23806795477867126,0.30656471848487854,0.14822489023208618
1789317082239901200,51.54390112304687,-0.15906502306461334,-0.5121234655380249,0.17162661254405975
1789317082249857300,51.55385717773437,-0.2540474534034729,-0.5370874404907227,-0.058578092604875565
1789317082259812000,51.56381201171875,0.10993502289056778,-0.19574207067489624,-0.3026871681213379
1789317082269768200,51.573768310546875,0.46418845653533936,0.464925080537796,-0.47296860814094543
1789317082279723300,51.58372314453125,0.5210200548171997,0.5593487620353699,-0.2710176408290863
1789317082289679000,51.59367919921875,0.36266475915908813,0.08844171464443207,-0.06809383630752563
1789317082299634200,51.60363427734375,0.18660369515419006,-0.22273880243301392,-0.1710955798625946
1789317082309590000,51.61359008789063,0.07006137818098068,-0.17870476841926575,-0.1026933565735817
1789317082319546000,51.62354614257813,0.062196262180805206,0.2967089116573334,0.07505001127719879
1789317082329501200,51.633501220703124,0.2471511960029602,0.38317427039146423,0.22976981103420258
1789317082339457300,51.643457275390624,0.41924014687538147,0.3527601957321167,0.03321414440870285
1789317082349412000,51.653412109375,0.4548335671424866,0.15411579608917236,-0.2806074321269989
1789317082359368200,51.6633681640625,0.3602290153503418,-0.22312283515930176,-0.26205185055732727
1789317082369323300,51.6733232421875,0.27169835567474365,-0.43603163957595825,0.01085877325385809
1789317082379279000,51.68327905273438,0.22682541608810425,0.16251833736896515,0.10334396362304688
1789317082389234200,51.69323413085937,0.23145772516727448,1.2856955528259277,0.026209766045212746
1789317082399190300,51.70319018554687,0.24477672576904297,0.42451292276382446,-0.0817238911986351
1789317082409145000,51.71314501953125,-0.06779102981090546,-0.21747080981731415,0.3326330780982971
1789317082419101200,51.72310107421875,-0.09963870793581009,-0.6941452026367188,0.6729781627655029
1789317082429056300,51.73305615234375,0.19164159893989563,-0.21461482346057892,0.5345606207847595
1789317082439012000,51.74301220703125,0.48084038496017456,1.750851035118103,-0.3279179632663727
1789317082448967200,51.75296728515625,0.4609244763851166,0.7681781649589539,-0.7029272317886353
1789317082458923000,51.76292309570312,-0.008220645599067211,-0.47426772117614746,-0.5854781270027161
1789317082468879000,51.77287915039062,-0.1995392143726349,-0.8441656231880188,-0.3589469790458679
1789317082478834200,51.782834228515625,0.13764254748821259,0.10765722393989563,-0.15141534805297852
1789317082488790300,51.792790283203125,0.36804458498954773,-0.1863328516483307,0.548197865486145
1789317082498745000,51.8027451171875,0.2519978880882263,-0.09381543844938278,1.155422329902649
1789317082508701200,51.812701171875,0.05559881404042244,0.19056275486946106,1.2029423713684082
1789317082518656300,51.82265625,-0.09922538697719574,0.5287996530532837,0.5916302800178528
1789317082528612000,51.83261206054687,-0.2467551827430725,0.402241975069046,-0.0661366730928421
1789317082538567200,51.842567138671875,-0.35012686252593994,-0.011422031559050083,-0.4103957712650299
1789317082548523300,51.852523193359374,-0.3345327079296112,0.15477173030376434,-0.6059969663619995
1789317082558478000,51.86247802734375,-0.023976439610123634,0.5469509363174438,-0.9552423357963562
1789317082568434200,51.87243408203125,0.2872275114059448,0.9299066066741943,-1.1393409967422485
1789317082578390000,51.88239013671875,0.22469516098499298,-0.26431262493133545,-0.4539799988269806
1789317082588345000,51.89234497070313,-0.08584859222173691,-1.1415258646011353,0.6850361227989197
1789317082598301200,51.90230126953125,-0.21919573843479156,-0.7460536956787109,1.1864286661148071
1789317082608256000,51.912256103515624,-0.14811383187770844,1.2090988159179688,1.012877106666565
1789317082618212000,51.92221215820312,-0.12543807923793793,0.9954816102981567,0.5388448238372803
1789317082628167200,51.93216723632813,-0.47612208127975464,0.07735710591077805,0.5518735647201538
1789317082638123300,51.942123291015626,-0.5923405289649963,-1.0062847137451172,0.5763826370239258
1789317082648078000,51.952078125,-0.24735306203365326,-0.9468110203742981,0.09283673018217087
1789317082658034200,51.9620341796875,0.28793805837631226,0.622767984867096,-0.793201208114624
1789317082667989200,51.9719892578125,0.4756040871143341,0.724163830280304,-1.1447017192840576
1789317082677945000,51.98194506835937,0.08804011344909668,-0.15806740522384644,-0.8242190480232239
1789317082687900200,51.991900146484376,-0.4442586898803711,-1.0999464988708496,0.07748760282993317
1789317082697856300,52.001856201171876,-0.5202099084854126,-0.5808583498001099,0.17933407425880432
1789317082707812000,52.01181201171875,-0.25254490971565247,1.2381283044815063,0.11822890490293503
1789317082717767200,52.02176708984375,-0.0332208052277565,0.46488964557647705,0.17844296991825104
1789317082727723000,52.031722900390626,-0.27761030197143555,-0.11251669377088547,0.33771491050720215
1789317082737678000,52.04167797851562,-0.35315725207328796,-0.7681012153625488,0.4165370464324951
1789317082747634200,52.05163427734375,-0.041781533509492874,-1.0383739471435547,0.15640105307102203
1789317082757589000,52.061589111328125,0.143082857131958,-0.4004363715648651,0.2334606945514679
1789317082767545300,52.07154541015625,0.1622522920370102,0.3983606994152069,0.11883583664894104
1789317082777500200,52.08150024414063,-0.05380437523126602,0.6296948194503784,-0.05686914175748825
1789317082787456300,52.09145629882813,-0.3240417242050171,0.33132681250572205,-0.5080272555351257
1789317082797411300,52.10141137695312,-0.5150894522666931,-0.09424766898155212,-0.8042386770248413
1789317082807367200,52.1113671875,-0.5159038305282593,-0.25406715273857117,-0.6162999272346497
1789317082817322200,52.121322265625,-0.24021713435649872,-0.17187641561031342,-0.21914033591747284
1789317082827278000,52.131278076171874,0.13305285573005676,0.1253075897693634,0.005931658670306206
1789317082837234200,52.141234130859374,0.30807074904441833,1.0464630126953125,-0.3667425811290741
1789317082847189200,52.15118920898438,0.13540735840797424,0.052859220653772354,-0.40666043758392334
1789317082857145000,52.16114501953125,-0.2937980592250824,-1.151917815208435,0.10180039703845978
1789317082867100200,52.17110009765625,-0.5635672211647034,-1.1561224460601807,0.735664427280426
1789317082877056000,52.18105590820313,-0.2807994484901428,-0.04983307048678398,0.6937686204910278
1789317082887011000,52.19101098632812,0.12739470601081848,0.809417188167572,0.3913762867450714
1789317082896967200,52.20096728515625,0.13395167887210846,0.7080416083335876,0.10335062444210052
1789317082906922000,52.210921875,-0.1567070484161377,-0.36455851793289185,0.10805882513523102
1789317082916878300,52.22087841796875,-0.2913077473640442,-1.2708966732025146,0.06234007328748703
1789317082926833200,52.23083325195312,-0.11252867430448532,-0.601328432559967,-0.543577253818512
1789317082936789200,52.24078930664062,0.1278008371591568,1.096771240234375,-1.0199089050292969
1789317082946744300,52.250744384765625,0.179377481341362,1.0655549764633179,-1.260114073753357
1789317082956700200,52.2607001953125,-0.05997838079929352,0.4293476343154907,-1.0954923629760742
1789317082966655200,52.2706552734375,-0.3286348879337311,-0.7785511612892151,-0.37307530641555786
1789317082976611000,52.280611083984375,-0.29714006185531616,-1.6394963264465332,0.5107660889625549
1789317082986567200,52.290567138671875,-0.009302687831223011,-0.9326997399330139,1.3624495267868042
1789317082996522200,52.30052221679688,0.42089635133743286,0.44431832432746887,1.4873762130737305
1789317083006478000,52.31047802734375,0.5303200483322144,0.7365499138832092,1.1906695365905762
1789317083016433200,52.32043310546875,0.09972579777240753,0.04632488638162613,0.8788556456565857
1789317083026389200,52.33038916015625,-0.37835022807121277,-1.1796150207519531,0.8021238446235657
1789317083036344000,52.340343994140625,-0.47165942192077637,-1.1533831357955933,0.39703816175460815
1789317083046300200,52.350300048828124,0.02672375552356243,0.47421470284461975,-0.7691483497619629
1789317083056255000,52.3602548828125,0.5469951629638672,1.6137975454330444,-1.7752865552902222
1789317083066211300,52.37021142578125,0.4396841526031494,1.049636721611023,-2.237179756164551
1789317083076166100,52.38016625976562,-0.05095106363296509,-0.3696773946285248,-1.7576572895050049
1789317083086122200,52.39012231445312,-0.26063665747642517,-1.5638254880905151,-0.5882318019866943
1789317083096077300,52.400077392578126,-0.021494640037417412,-0.2840636670589447,0.462948739528656
1789317083106033200,52.410033203125,0.37066221237182617,-0.03566825017333031,1.3347622156143188
1789317083115989200,52.4199892578125,0.19573967158794403,0.8542163968086243,1.6335729360580444
1789317083125944000,52.42994409179688,-0.14872343838214874,0.887580156326294,1.328249216079712
1789317083135900200,52.439900146484376,-0.34426629543304443,-0.3428758680820465,0.8346288204193115
1789317083145855200,52.44985522460937,-0.44957593083381653,-0.8526957035064697,0.3170738220214844
1789317083155811000,52.45981103515625,-0.23332726955413818,-0.8291275501251221,0.2200372964143753
1789317083165766100,52.46976611328125,0.28721338510513306,-0.17615611851215363,-0.09222393482923508
1789317083175722200,52.47972216796875,0.6887592077255249,0.843924343585968,-0.9173183441162109
1789317083185677000,52.489677001953126,0.6147433519363403,1.0655847787857056,-1.7567185163497925
1789317083195633200,52.499633056640626,0.08937275409698486,0.18187685310840607,-2.067112922668457
1789317083205588200,52.50958813476562,-0.5320513844490051,-0.946363091468811,-1.0820527076721191
1789317083215544300,52.51954443359375,-0.5811139941215515,-0.03187297657132149,0.005947105120867491
1789317083225499100,52.5294990234375,0.0449613481760025,0.930974006652832,0.813736617565155
1789317083235455200,52.539455322265624,0.5275663733482361,1.071136474609375,0.9260995984077454
1789317083245411000,52.5494111328125,0.3904931843280792,-0.08436094969511032,0.7155157327651978
1789317083255366100,52.5593662109375,-0.10168534517288208,-1.9219706058502197,1.312205195426941
1789317083265322200,52.569322265625,-0.2567465603351593,-1.1975034475326538,1.191356897354126
1789317083275277000,52.57927709960938,0.2575282156467438,5.332826137542725,-0.08738630264997482
1789317083285233200,52.58923315429688,0.231550931930542,-2.9919722080230713,-0.36437156796455383
1789317083295188200,52.599188232421874,-0.8844930529594421,-1.1871429681777954,-0.11828935891389847
1789317083305144000,52.60914404296875,-0.4928171634674072,-1.936385154724121,1.4487338066101074
1789317083315099100,52.61909912109375,0.8181763291358948,-4.013033390045166,3.294954776763916
1789317083325055200,52.62905517578125,1.052529215812683,-0.79813551902771,3.6143815517425537
1789317083335010000,52.63901000976563,0.7734365463256836,6.25644063949585,2.1302032470703125
1789317083344966100,52.64896606445313,0.1093701645731926,5.228921413421631,-0.5371774435043335
1789317083354921200,52.65892114257812,-1.950063705444336,-1.8479101657867432,-2.882707357406616
1789317083364877300,52.66887719726562,-2.865669012069702,-1.4509245157241821,-2.811245918273926
1789317083374833200,52.67883325195312,-0.8502719402313232,-3.3808252811431885,-1.2012898921966553
1789317083387277000,52.69127709960937,2.4339609146118164,0.7985222339630127,-0.021287977695465088
1789317083397233200,52.70123315429687,3.033094882965088,4.434637546539307,0.7854410409927368
1789317083407188200,52.711188232421875,1.8491933345794678,0.9555307626724243,1.5507779121398926
1789317083417144000,52.72114404296875,-0.8821523785591125,0.1775795817375183,1.0816503763198853
1789317083427098600,52.7310986328125,-2.469682455062866,-2.134687662124634,1.3687793016433716
1789317083437054700,52.7410546875,-2.2540576457977295,-4.216872215270996,2.3311822414398193
1789317083447009800,52.751009765625,-1.2914786338806152,-1.0912911891937256,3.0253512859344482
1789317083456965600,52.76096557617188,0.5496615171432495,1.8151477575302124,2.9399592876434326
1789317083466920700,52.77092065429687,1.9897677898406982,2.250422239303589,1.5678876638412476
1789317083476876800,52.78087670898437,1.5727369785308838,1.9202581644058228,-0.1908772736787796
1789317083486831600,52.79083154296875,-0.002554770326241851,0.08633675426244736,-1.5942672491073608
1789317083496787700,52.80078759765625,-1.2921745777130127,-1.6880409717559814,-3.686875581741333
1789317083506742800,52.81074267578125,-1.4149097204208374,0.5286023020744324,-5.789999961853027
1789317083516698600,52.82069873046875,-0.7006521224975586,3.154987096786499,-5.6863932609558105
1789317083526653700,52.83065380859375,-0.10018225759267807,-0.9901251792907715,-4.219040870666504
1789317083536609500,52.84060961914062,-0.3526206314563751,-0.5134720802307129,-0.3018360137939453
1789317083546566000,52.85056591796875,0.16548722982406616,-2.2160027027130127,3.5748958587646484
1789317083556520700,52.860520751953125,0.9234591126441956,-1.7929444313049316,4.682499408721924
1789317083566476800,52.870476806640625,0.803511917591095,0.21672138571739197,4.6846771240234375
1789317083576431900,52.88043188476563,0.36506399512290955,0.6415613889694214,3.060584545135498
1789317083586387700,52.8903876953125,-0.3962189853191376,-0.391964852809906,0.9407222270965576
1789317083596342800,52.9003427734375,-1.1517369747161865,-0.7209885120391846,-0.8296002149581909
1789317083606298600,52.91029858398438,-1.0317834615707397,-0.37101802229881287,-2.298391103744507
1789317083616253700,52.920253662109374,-0.0880129486322403,0.8226025104522705,-3.562420606613159
1789317083626209800,52.930209716796874,0.7291207909584045,1.5608938932418823,-4.036443710327148
1789317083636164600,52.94016455078125,0.8927786946296692,1.4218246936798096,-3.7621328830718994
1789317083646120700,52.95012060546875,0.4038683772087097,0.912213921546936,-2.6613926887512207
1789317083656075800,52.96007568359375,-0.09521706402301788,-1.5209577083587646,-1.048050045967102
1789317083666031600,52.97003149414063,-0.23595793545246124,0.4435904920101166,0.7143098711967468
1789317083675986700,52.979986572265624,0.11571887880563736,-2.067786693572998,2.5739033222198486
1789317083685942500,52.98994262695312,-0.0001203748834086582,-1.7083461284637451,2.8225600719451904
1789317083695899000,52.99989892578125,-0.38156014680862427,0.37895822525024414,3.2330665588378906
1789317083705854700,53.00985473632812,0.020365992560982704,0.48061296343803406,3.1585075855255127
1789317083715809800,53.019809814453126,0.9026374220848083,2.290074110031128,-0.304327130317688
1789317083725765600,53.029765625,0.5998085737228394,-0.29415571689605713,-2.2575855255126953
1789317083735720700,53.039720703125,-0.6715418696403503,-1.8683006763458252,-2.032318115234375
1789317083745676800,53.0496767578125,-1.1896806955337524,-2.4367053508758545,-0.8254438638687134
1789317083755631600,53.05963159179687,-0.32856324315071106,-1.6217739582061768,0.1807308942079544
1789317083765587700,53.06958764648437,1.0855369567871094,4.611970901489258,-0.2714693248271942
1789317083775542800,53.079542724609375,1.6164979934692383,2.8047192096710205,-0.981795608997345
1789317083785498600,53.08949853515625,0.10495597869157791,0.22325146198272705,-1.7964515686035156
1789317083795453700,53.09945361328125,-1.4641364812850952,-2.384158134460449,-1.0742720365524292
1789317083805409800,53.10940991210938,-1.240317702293396,-4.122131824493408,-0.01655500754714012
1789317083815364600,53.11936450195312,-0.05928116664290428,0.37269100546836853,0.7703004479408264
1789317083825320700,53.12932080078125,1.4426556825637817,2.2266337871551514,1.4801479578018188
1789317083835275800,53.13927587890625,1.55545175075531,1.5348721742630005,1.7855334281921387
1789317083845231900,53.14923193359375,0.17139652371406555,0.7982258200645447,1.7912557125091553
1789317083855187700,53.159187744140624,-0.6797683835029602,-1.755059838294983,1.042458415031433
1789317083865142800,53.16914282226563,-0.7576906085014343,-2.5418002605438232,0.16631734371185303
1789317083875098600,53.1790986328125,-0.35222968459129333,0.8566824793815613,-0.4269172251224518
1789317083885053700,53.1890537109375,0.5831174850463867,2.5696208477020264,-0.8561618328094482
1789317083895009800,53.199009765625,0.9565626978874207,1.8029807806015015,-1.8779658079147339
1789317083904964600,53.208964599609374,0.31756171584129333,0.46007758378982544,-2.17272686958313
1789317083914920700,53.21892065429687,-0.008196677081286907,-2.0962390899658203,-1.6725053787231445
1789317083924875800,53.228875732421876,0.3617781698703766,-3.6793627738952637,-0.6993064284324646
1789317083934831600,53.23883154296875,0.5939256548881531,-0.9345210790634155,1.0627690553665161
1789317083944786700,53.24878662109375,0.8606470823287964,1.1459534168243408,2.4113070964813232
1789317083954742800,53.25874267578125,0.6736961007118225,1.9129209518432617,2.025827646255493
1789317083964697600,53.26869750976562,-0.25644829869270325,3.194925308227539,0.532810628414154
1789317083974653700,53.27865380859375,-0.9473593831062317,0.05235268548130989,-0.5562357902526855
1789317083984608800,53.28860888671875,-1.1882760524749756,-2.538926839828491,-0.7737665176391602
1789317083994564900,53.29856494140625,-0.6674912571907043,-1.6162327527999878,-0.8070645928382874
1789317084004520700,53.308520751953125,0.8479049205780029,0.8098427653312683,-0.9343066811561584
1789317084014475800,53.31847583007813,1.8247185945510864,0.7382684350013733,-0.7925679087638855
1789317084024431600,53.328431640625,1.2266727685928345,0.10537089407444,-0.15835794806480408
1789317084034386700,53.33838671875,-0.036558810621500015,-1.2465239763259888,0.8064445853233337
1789317084044342800,53.3483427734375,-0.8515822291374207,-1.7254101037979126,0.9186046719551086
1789317084054297600,53.358297607421875,-0.8763336539268494,1.927566647529602,0.125524640083313
1789317084064253700,53.368253662109375,-0.4284062087535858,2.0040369033813477,0.10200625658035278
1789317084074208800,53.37820874023438,-0.3115070164203644,0.6617504954338074,-0.059779178351163864
1789317084084164600,53.38816455078125,-0.34600773453712463,0.09955908358097076,-0.45626741647720337
1789317084094119700,53.39811962890625,0.26397570967674255,-0.8811313509941101,-1.1366733312606812
1789317084104075800,53.40807568359375,0.7720133662223816,-1.4028984308242798,-0.7075233459472656
1789317084114030600,53.418030517578124,0.6934280395507812,0.12627644836902618,-0.1374390870332718
1789317084123986700,53.427986572265624,0.3492802381515503,1.2763404846191406,0.3750007748603821
1789317084133941800,53.43794165039063,-0.15674753487110138,0.7920467257499695,0.08319422602653503
1789317084143897900,53.44789794921875,-0.76966792345047,0.09493103623390198,-0.024448085576295853
1789317084153853700,53.45785375976563,-0.7133282423019409,-1.0396627187728882,0.15839096903800964
1789317084163808800,53.46780883789062,-0.13352690637111664,-1.4890828132629395,0.6599901914596558
1789317084173764600,53.4777646484375,0.4761420488357544,0.036790505051612854,0.8980445265769958
1789317084183719700,53.4877197265625,0.9799742698669434,2.0287117958068848,0.31629300117492676
1789317084193675800,53.49767578125,0.8718321323394775,1.3079652786254883,-0.4839980900287628
1789317084203630600,53.507630615234376,-0.15130989253520966,0.5065507888793945,-1.239043116569519
1789317084213586700,53.517586669921876,-0.9163159728050232,-1.1752878427505493,-0.7215467691421509
1789317084223541800,53.52754174804687,-0.6403070092201233,-2.6298460960388184,0.2059486359357834
1789317084233497600,53.53749755859375,0.031494542956352234,-0.6750002503395081,0.8224751949310303
1789317084243452700,53.54745263671875,0.996129035949707,3.981468439102173,0.3614729940891266
1789317084253408800,53.55740869140625,1.1792048215866089,1.7011135816574097,-0.28835269808769226
1789317084263363600,53.567363525390626,-0.09580082446336746,-0.2875806391239166,-0.7294510006904602
1789317084273319700,53.577319580078125,-0.8858371376991272,-2.7138442993164062,-0.2770494520664215
1789317084283274800,53.58727465820313,-0.48325908184051514,-2.935572624206543,0.3571232557296753
1789317084293230800,53.59723095703125,0.6147774457931519,3.085571527481079,0.09965628385543823
1789317084303186700,53.60718676757813,1.3244094848632812,1.7676057815551758,0.6681852340698242
1789317084313141800,53.617141845703124,0.5594209432601929,0.773407518863678,0.5093311667442322
1789317084323097600,53.62709765625,-0.526228666305542,-0.6480538845062256,0.6512371301651001
1789317084333052700,53.637052734375,-0.40667375922203064,-2.285961389541626,0.09584450721740723
1789317084343008800,53.6470087890625,0.1399853378534317,0.32933953404426575,-0.816963791847229
1789317084352963600,53.65696362304688,0.4286363124847412,1.3973193168640137,-0.07010824978351593
1789317084362919700,53.66691967773438,0.6549496054649353,0.7265012860298157,0.24688301980495453
1789317084372874800,53.67687475585937,0.34583544731140137,0.09944749623537064,0.25397953391075134
1789317084382830600,53.68683056640625,0.020648552104830742,-0.5293967127799988,0.16945721209049225
1789317084392785700,53.69678564453125,0.20493529736995697,-0.6342405676841736,-0.8001310229301453
1789317084402741800,53.70674169921875,0.09933111071586609,0.528255045413971,-0.5499571561813354
1789317084412696600,53.71669653320313,0.031251128762960434,1.740834355354309,0.04838697239756584
1789317084422652700,53.72665258789063,0.0011949603212997317,0.36199817061424255,0.7260400056838989
1789317084432608300,53.736608154296874,-0.2881103456020355,0.3548574149608612,0.7102791666984558
1789317084442564400,53.746564453125,0.0798141360282898,-0.09329639375209808,-0.186811164021492
1789317084452519200,53.75651928710938,0.4520758390426636,-0.5739974975585938,-0.5860437750816345
1789317084462475300,53.76647534179688,0.3217492699623108,-0.8281453251838684,0.2532069683074951
1789317084472431000,53.77643115234375,0.10896376520395279,-0.8675276637077332,1.373824954032898
1789317084482386400,53.78638647460937,0.10076496005058289,1.391010046005249,1.1161006689071655
1789317084492342300,53.79634228515625,0.2652183473110199,5.165760517120361,-0.6450706124305725
1789317084502297300,53.80629736328125,-0.2181544303894043,-0.816808819770813,-1.8704322576522827
1789317084512253200,53.81625317382812,-1.2844088077545166,-2.2342348098754883,-1.67411208152771
1789317084522208300,53.826208251953126,-1.128256916999817,-2.5019264221191406,-0.24085628986358643
1789317084532164400,53.836164306640626,0.45292142033576965,-0.9519991278648376,0.7406354546546936
1789317084542119200,53.846119140625,1.680614709854126,4.380096435546875,0.7583939433097839
1789317084552075300,53.8560751953125,1.3390392065048218,1.844558835029602,1.0060615539550781
1789317084562030300,53.8660302734375,-0.47648051381111145,-0.9626730680465698,1.0189930200576782
1789317084571986200,53.87598608398437,-1.6556310653686523,-3.169071674346924,0.855510413646698
1789317084581941200,53.885941162109376,-1.1613686084747314,-3.143247365951538,0.5612524151802063
1789317084591897300,53.8958974609375,0.1964416801929474,1.3446286916732788,-0.20900008082389832
1789317084601852200,53.90585205078125,0.9229602813720703,2.975539207458496,-0.379938542842865
1789317084611808300,53.91580834960938,0.6061162948608398,2.8810737133026123,-1.7151777744293213
1789317084621763300,53.925763427734374,-0.5524154901504517,0.25829893350601196,-1.8530703783035278
1789317084631719400,53.935719482421874,-1.1750413179397583,-2.5585711002349854,-1.727777361869812
1789317084641675300,53.94567529296875,-0.9387930631637573,-0.6827948093414307,-0.8137054443359375
1789317084651630300,53.95563037109375,0.08182349056005478,-0.3101522624492645,0.8947001695632935
1789317084661586200,53.965586181640624,0.4511528015136719,-0.062245000153779984,2.0933096408843994
1789317084671541200,53.97554125976563,0.12683917582035065,2.5101287364959717,1.7683799266815186
1789317084681497300,53.98549731445313,-0.011206049472093582,0.7942731380462646,0.7084423899650574
1789317084691452200,53.9954521484375,-0.5332401990890503,-1.7842094898223877,-0.3199644088745117
1789317084701408500,54.00540844726562,-1.1416923999786377,-2.1909193992614746,-0.2961299419403076
1789317084711363300,54.01536328125,-0.8477163910865784,-1.651692509651184,0.5622159242630005
1789317084721319200,54.025319091796874,0.23428680002689362,0.16305390000343323,0.535203754901886
1789317084731274200,54.03527416992188,1.028721809387207,2.3861656188964844,-0.455512136220932
1789317084741230300,54.04523022460938,0.7555662393569946,3.3224828243255615,-1.9527308940887451
1789317084751185200,54.05518505859375,-0.6428670883178711,-0.07112584263086319,-2.346531391143799
1789317084761141200,54.06514135742187,-1.7982169389724731,-2.6551871299743652,-1.1276702880859375
1789317084771096300,54.075096435546875,-1.493321180343628,-2.133772611618042,-0.13536395132541656
1789317084781052400,54.085052490234375,-0.06432013213634491,0.16389572620391846,1.0375068187713623
1789317084791008300,54.09500830078125,0.9919947385787964,1.057161808013916,1.4297255277633667
1789317084800963300,54.10496337890625,0.6952669620513916,1.5441173315048218,1.6096779108047485
1789317084810919200,54.114919189453126,-0.05804918706417084,-0.6235557198524475,1.8149187564849854
1789317084820874200,54.12487426757812,-0.6538752913475037,-2.411344051361084,0.998219907283783
1789317084830830300,54.13483032226563,-0.757335901260376,-1.0352205038070679,-0.36177313327789307
1789317084840785200,54.14478515625,-0.2860988676548004,1.069200038909912,-1.294621467590332
1789317084850741500,54.154741455078124,-0.01932576112449169,1.1164735555648804,-1.3157554864883423
1789317084860696300,54.1646962890625,-0.16220088303089142,0.6862406730651855,-1.009857416152954
1789317084870652200,54.174652099609375,-0.2683025598526001,-0.33282455801963806,-0.49787822365760803
1789317084880607500,54.184607421875,-0.019692212343215942,-1.009124994277954,-0.649440348148346
1789317084890563300,54.19456323242188,0.23742267489433289,-0.4462328851222992,-0.6635897159576416
1789317084900518100,54.20451806640625,0.24939624965190887,-0.05047489330172539,0.20166440308094025
1789317084910474200,54.21447412109375,-0.005775331053882837,-0.42806318402290344,1.0672780275344849
1789317084920429300,54.22442919921875,-0.31614652276039124,0.7751822471618652,1.1405035257339478
1789317084930385400,54.234385498046876,-0.09722668677568436,1.131062626838684,0.22651728987693787
1789317084940340200,54.24434033203125,-0.22179311513900757,-0.4700913429260254,-0.5571247935295105
1789317084950296300,54.25429638671875,-0.738814115524292,-0.7499815821647644,-0.46503984928131104
1789317084960252200,54.26425219726563,-0.4736141562461853,-1.6072269678115845,-0.01426335796713829
1789317084970207200,54.27420727539062,0.13274872303009033,-1.524700403213501,0.9196507930755615
1789317084980163300,54.28416333007812,0.5866155624389648,0.17377126216888428,1.4120479822158813
1789317084990118100,54.2941181640625,0.7969805002212524,1.320554256439209,0.8452945351600647
1789317085000074500,54.304074462890625,0.21262811124324799,0.9569627046585083,-0.06584665924310684
1789317085010029300,54.314029296875,-0.8588806390762329,0.04403270408511162,-0.7192100882530212
1789317085019985200,54.323985107421876,-1.2732218503952026,-0.99612957239151,-1.27243971824646
1789317085029940500,54.3339404296875,-0.7562251091003418,-1.3314270973205566,-1.104247808456421
1789317085039896300,54.34389624023437,0.23829245567321777,-0.34121859073638916,-0.7027815580368042
1789317085049851100,54.35385107421875,0.9527429342269897,0.5551289916038513,-0.1474328637123108
1789317085059807200,54.36380712890625,0.849686861038208,1.0586153268814087,0.17097440361976624
1789317085069762300,54.37376220703125,0.20842084288597107,1.4391850233078003,-0.18309472501277924
1789317085079718400,54.38371850585938,-0.5357806086540222,-0.98454350233078,-0.07213624566793442
1789317085089673200,54.39367309570312,-1.1360161304473877,-1.4430079460144043,0.3162011206150055
1789317085099629300,54.40362939453125,-0.7771085500717163,-1.2231230735778809,1.1580628156661987
1789317085109584400,54.41358447265625,0.39845284819602966,-0.26070109009742737,1.1850906610488892
1789317085119540200,54.423540283203124,1.2495365142822266,1.396820306777954,0.6380395889282227
1789317085129496300,54.433496337890624,1.1957457065582275,1.311292052268982,-0.022122878581285477
1789317085139451400,54.44345141601563,0.30704596638679504,0.03588183596730232,-0.6680718064308167
1789317085149407500,54.45340747070313,-0.710195004940033,-1.0559574365615845,-0.34574195742607117
1789317085159362300,54.4633623046875,-0.75396728515625,-0.8789381980895996,-0.23365430533885956
1789317085169318100,54.47331811523438,0.11708348244428635,0.915134847164154,-0.6341391205787659
1789317085179273500,54.4832734375,0.8135491013526917,1.549475073814392,-0.7249454855918884
1789317085189229300,54.49322924804687,0.8839151263237,1.0647605657577515,-0.8727519512176514
1789317085199184100,54.50318408203125,0.3953593075275421,-0.037405695766210556,-0.6998637914657593
1789317085209140200,54.51314013671875,-0.10462547838687897,1.2092828750610352,-0.5763837099075317
1789317085219095300,54.52309521484375,0.006460828706622124,-0.03184394910931587,-0.13858850300312042
1789317085229051400,54.53305151367187,0.0217130184173584,-0.8765301704406738,0.5064437389373779
1789317085239006200,54.54300610351562,0.0853378027677536,-0.012997024692595005,1.1160082817077637
1789317085248962300,54.55296240234375,0.6692217588424683,-0.1523274928331375,1.5648702383041382
1789317085258917400,54.56291748046875,0.8309592604637146,0.3977726697921753,1.4911373853683472
1789317085268873200,54.572873291015625,0.43779173493385315,1.7113502025604248,0.49293139576911926
1789317085278829300,54.582829345703125,-0.03537716716527939,0.9005250334739685,-0.38255536556243896
1789317085288784400,54.59278442382813,-0.5071310997009277,-0.739336371421814,-0.5048445463180542
1789317085298740500,54.60274047851563,-0.6041830778121948,-0.8473225235939026,-0.4682215452194214
1789317085308695300,54.6126953125,0.16450345516204834,3.906693696975708,-1.372567057609558
1789317085318651100,54.62265112304687,0.9634227752685547,1.7620872259140015,-1.9109461307525635
1789317085328606500,54.6326064453125,0.2830338478088379,-1.3870680332183838,-1.3614825010299683
1789317085338562300,54.642562255859374,-0.6531703472137451,-2.4360239505767822,0.4032670259475708
1789317085348517000,54.65251708984375,-0.27647048234939575,-3.5821611881256104,1.8401728868484497
1789317085358473200,54.66247314453125,0.326550155878067,0.14029212296009064,1.7871592044830322
1789317085368428300,54.67242822265625,0.48823705315589905,5.0194172859191895,1.5115021467208862
1789317085378384400,54.68238427734375,0.06540697067975998,1.9803636074066162,0.5643581748008728
1789317085388339200,54.692339111328124,-1.6103214025497437,-0.20471160113811493,-0.5224016904830933
1789317085398295300,54.70229541015625,-2.4121036529541016,-2.1914052963256836,-0.8306300640106201
1789317085408250400,54.71225048828125,-1.2553757429122925,-3.0712056159973145,-1.5441111326217651
1789317085418206200,54.72220629882813,0.2641853094100952,0.40085020661354065,-1.2812883853912354
1789317085428160800,54.73216088867188,1.2817972898483276,4.160593032836914,-0.99680095911026
1789317085438116900,54.74211694335938,0.9244620203971863,-0.12234961241483688,-0.5209468007087708
1789317085448072700,54.75207275390625,-1.0509179830551147,-2.5365097522735596,0.9275227785110474
1789317085458027500,54.76202758789063,-1.9529292583465576,-3.822108745574951,1.3845643997192383
1789317085467983600,54.77198364257813,-1.3634120225906372,-1.4267909526824951,1.2220548391342163
1789317085477938700,54.781938720703124,-0.5977017879486084,1.3197907209396362,1.7200462818145752
1789317085487894800,54.791894775390624,-0.17591963708400726,1.7806951999664307,1.6377787590026855
1789317085497849600,54.801849609375,-0.3542454242706299,0.843342125415802,0.720942497253418
1789317085507806000,54.81180590820313,-0.7077822089195251,-0.2966548502445221,-1.1010738611221313
1789317085517760800,54.8217607421875,-0.6955319046974182,-1.4147495031356812,-3.002734422683716
1789317085527716600,54.83171655273438,-0.7091148495674133,-1.9464930295944214,-2.7190942764282227
1789317085537671700,54.84167163085937,-0.6033652424812317,-1.7715762853622437,-0.5121383666992188
1789317085547627800,54.85162768554687,-0.023148195818066597,-0.4947359561920166,0.9734660387039185
1789317085557582600,54.86158251953125,0.5077593326568604,4.963592529296875,0.8309427499771118
1789317085567538700,54.87153857421875,0.5385127663612366,0.9609518647193909,0.028171982616186142
1789317085577493800,54.88149365234375,-0.9465329647064209,-1.739115834236145,-0.35889023542404175
1789317085587449900,54.89144995117187,-1.901936411857605,-2.518390655517578,0.09202340245246887
1789317085597405700,54.90140576171875,-1.015567660331726,-3.2544302940368652,1.1089032888412476
1789317085607360500,54.91136059570312,0.6163207292556763,0.07173836976289749,0.9759039282798767
1789317085617316600,54.92131665039062,1.7103602886199951,3.421067476272583,0.4064582884311676
1789317085627271700,54.931271728515625,1.4372260570526123,1.8605237007141113,-0.7301865816116333
1789317085637227800,54.941227783203125,-0.28077948093414307,-0.6448879241943359,-1.2002019882202148
1789317085647182600,54.9511826171875,-1.60148286819458,-3.3520429134368896,-0.11999830603599548
1789317085657139000,54.96113891601563,-1.2713994979858398,-3.329495906829834,0.28963473439216614
1789317085667093800,54.97109375,0.1117883175611496,2.3457701206207275,0.14568476378917694
1789317085677049600,54.98104956054687,1.3814373016357422,3.748800039291382,-0.21194741129875183
1789317085687005000,54.9910048828125,1.1712284088134766,1.7184531688690186,-1.549038290977478
1789317085696960800,55.000960693359374,-0.3512283265590668,-1.335634708404541,-0.9221009016036987
1789317085706915600,55.01091552734375,-0.9604629278182983,-3.818779706954956,-0.5637131929397583
1789317085716871700,55.02087158203125,-0.49104082584381104,-1.6123709678649902,-0.04093172028660774
1789317085726826800,55.03082666015625,0.4890189468860626,0.9571728706359863,1.0089540481567383
1789317085736782800,55.04078295898437,0.954066276550293,1.2302168607711792,1.4575275182724
1789317085746737700,55.050737548828124,0.5013073086738586,1.0151588916778564,1.3991971015930176
1789317085756693500,55.060693603515624,0.007545800413936377,-0.6453928351402283,0.6776836514472961
1789317085766648800,55.07064892578125,-0.20074188709259033,-1.542773723602295,-0.45913881063461304
1789317085776604700,55.08060473632813,-0.05204988643527031,-0.8564712405204773,-0.9957306385040283
1789317085786560800,55.090560791015626,0.46065255999565125,0.6210720539093018,-1.1960128545761108
1789317085796515600,55.100515625,0.75531405210495,1.7081466913223267,-0.9571573734283447
1789317085806472000,55.11047192382812,0.5931879878044128,0.8533902764320374,-0.5525081753730774
1789317085816426800,55.1204267578125,0.19284935295581818,-0.7284331321716309,0.10923567414283752
1789317085826382600,55.13038256835937,0.031615450978279114,-1.2732269763946533,0.42698514461517334
1789317085836338000,55.140337890625,0.26134052872657776,0.08359982073307037,0.37240126729011536
1789317085846293800,55.150293701171876,0.5956692099571228,0.8215774893760681,0.7313240170478821
1789317085856248600,55.16024853515625,0.6214787364006042,0.8905341625213623,0.8420768976211548
1789317085866204700,55.17020458984375,0.40551021695137024,0.43831583857536316,0.562253475189209
1789317085876159700,55.18015966796875,0.24392558634281158,-0.05812961608171463,-0.1797415316104889
1789317085886115800,55.19011572265625,0.17703843116760254,-0.22570955753326416,-0.5957885384559631
1789317085896070700,55.200070556640625,0.23519361019134521,-0.2604355812072754,-0.526674747467041
1789317085906026500,55.210026611328125,0.2439815104007721,0.09385032951831818,0.06465169787406921
1789317085915981800,55.21998193359375,0.3318367898464203,2.042001724243164,-0.22216302156448364
1789317085925937700,55.22993774414063,0.30331113934516907,0.9413065314292908,-0.4852644205093384
1789317085935892700,55.239892822265624,-0.216343492269516,-1.0138853788375854,-0.14252252876758575
1789317085945848600,55.2498486328125,-0.7748091816902161,-1.821097493171692,0.8747972846031189
1789317085955805000,55.25980493164062,-0.5024247765541077,-0.5994341373443604,0.7807402610778809
1789317085965759700,55.269759765625,0.3383775055408478,3.2940633296966553,-0.14674417674541473
1789317085975715600,55.279715576171874,0.48736831545829773,0.2987329065799713,-0.569267749786377
1789317085985671000,55.2896708984375,-0.5766662359237671,-1.5827573537826538,-0.3950354754924774
1789317085995626800,55.29962670898438,-1.1460490226745605,-3.17012357711792,0.4744653105735779
1789317086005581600,55.30958154296875,-0.6199460625648499,-2.7096633911132812,0.6793433427810669
1789317086015537700,55.31953759765625,0.11828296631574631,2.7391555309295654,0.2714749276638031
1789317086025492700,55.32949267578125,0.4745830297470093,2.395653247833252,0.45958569645881653
1789317086035448800,55.33944873046875,-0.4089451730251312,0.8433756828308105,-0.2678990960121155
1789317086045403600,55.34940356445313,-1.6708626747131348,-0.6535953879356384,-0.7059962749481201
1789317086055359500,55.359359375,-1.4723379611968994,-2.6251025199890137,-1.4273592233657837
1789317086065314800,55.36931469726562,-0.5089170336723328,-0.9396076798439026,-1.5321301221847534
1789317086075270700,55.37927075195312,0.3583533465862274,-0.2728573679924011,-0.0029640982393175364
1789317086085225700,55.389225830078125,0.6916210651397705,-0.16429173946380615,1.1463954448699951
1789317086095181800,55.399181884765625,0.1912304162979126,0.7054868340492249,1.2631831169128418
1789317086105136600,55.40913671875,-0.3820996880531311,0.614692747592926,0.6059013605117798
1789317086115092700,55.4190927734375,-0.7081776857376099,-1.1760919094085693,-0.07067283987998962
1789317086125047800,55.4290478515625,-1.156097650527954,-1.0931464433670044,0.1735001504421234
1789317086135004000,55.43900390625,-0.9337673783302307,-0.12857554852962494,0.6303550601005554
1789317086144958700,55.448958740234374,0.16499321162700653,0.5011613965034485,0.13431891798973083
1789317086154914600,55.45891455078125,0.8712342381477356,1.251814842224121,-0.730654776096344
1789317086164870700,55.46887060546875,0.7238213419914246,0.7450470328330994,-1.5307586193084717
1789317086174825700,55.47882568359375,0.12033040821552277,-0.8889729976654053,-1.5277899503707886
1789317086184781800,55.48878173828125,-0.4092136025428772,-2.099135398864746,-0.28368791937828064
1789317086194736600,55.49873657226563,-0.3978523015975952,-1.120088815689087,0.8309469819068909
1789317086204692500,55.5086923828125,0.362419992685318,4.008301258087158,0.6722910404205322
1789317086214647800,55.51864770507812,0.8316961526870728,1.3310036659240723,0.5273626446723938
1789317086224603600,55.52860375976562,-0.03141358122229576,-0.27717167139053345,-0.06655905395746231
1789317086234558700,55.538558837890626,-0.7426549792289734,-2.021946907043457,0.3601866662502289
1789317086244514800,55.548514892578126,-0.2961709499359131,-3.594133138656616,1.4016493558883667
1789317086254469600,55.5584697265625,0.5468186140060425,-1.295745611190796,1.5739988088607788
1789317086264425700,55.56842578125,1.3852983713150024,4.494927883148193,0.3364296853542328
1789317086274380800,55.578380859375,1.4016152620315552,3.585237741470337,-1.1429693698883057
1789317086284337000,55.5883369140625,-0.16020804643630981,-0.10371920466423035,-2.031100034713745
1789317086294291700,55.598291748046876,-1.6654930114746094,-3.0861361026763916,-1.234490156173706
1789317086304247600,55.60824755859375,-1.2726378440856934,-2.9104084968566895,-0.9163447022438049
1789317086314203000,55.61820288085938,0.3726278841495514,0.5353566408157349,-0.3002101480960846
1789317086324158700,55.62815869140625,1.4921579360961914,0.8438217639923096,0.9836310744285583
1789317086334113500,55.63811352539062,1.3047081232070923,1.6633191108703613,1.0098462104797363
1789317086344069600,55.64806958007812,0.45405352115631104,0.3295946717262268,0.8535265922546387
1789317086354025700,55.65802563476562,-0.3821457624435425,-1.7691706418991089,0.2812276780605316
1789317086363980800,55.667980712890625,-1.0083905458450317,-1.890138864517212,0.20717714726924896
1789317086373936600,55.6779365234375,-0.8233423233032227,-0.4674534797668457,0.36761051416397095
1789317086383891700,55.6878916015625,-0.07811584323644638,1.5096650123596191,0.1578705906867981
1789317086393847800,55.69784790039063,0.49505287408828735,2.4293813705444336,-0.4559158682823181
1789317086403802600,55.707802734375,0.5014700293540955,1.1451818943023682,-1.2071070671081543
1789317086413758700,55.7177587890625,-0.04235145077109337,-0.9782368540763855,-1.3435673713684082
1789317086423713800,55.7277138671875,-0.330661803483963,-3.0657246112823486,-0.418680340051651
1789317086433670100,55.737670166015626,-0.19845157861709595,-2.4240164756774902,0.6809271574020386
1789317086443625000,55.747625,0.2346913367509842,1.4967697858810425,1.1954154968261719
1789317086453581000,55.7575810546875,0.6867876648902893,2.467242479324341,0.9704462885856628
1789317086463536000,55.7675361328125,0.2722051441669464,1.8522799015045166,0.05585793778300285
1789317086473492200,55.7774921875,-0.5747122764587402,-0.41466376185417175,-0.33262136578559875
1789317086483447000,55.787447021484375,-0.8804351687431335,-2.3531553745269775,-0.6161500215530396
1789317086493403000,55.79740283203125,-0.3466024100780487,-1.845592737197876,-0.8027641177177429
1789317086503358200,55.80735815429688,0.5910550355911255,0.16601160168647766,-0.33974239230155945
1789317086513314000,55.81731396484375,1.1465387344360352,1.0076663494110107,0.2574158310890198
1789317086523268900,55.82726879882812,0.8730856776237488,0.6399336457252502,0.7870109677314758
1789317086533225000,55.83722485351562,0.21029731631278992,-0.5124755501747131,0.9841192364692688
1789317086543180000,55.847179931640625,-0.26911136507987976,-0.9926839470863342,0.30507948994636536
1789317086553136000,55.85713623046875,-0.28184980154037476,0.5085239410400391,-1.0706136226654053
1789317086563091000,55.86709106445313,0.1099264994263649,3.6683003902435303,-2.08432936668396
1789317086573047000,55.87704711914063,0.30997544527053833,0.6163913011550903,-1.985460877418518
1789317086583002000,55.88700219726562,-0.11119496077299118,-1.3365856409072876,-0.9926645159721375
1789317086592958000,55.8969580078125,-0.09799420833587646,-2.53163480758667,0.5708440542221069
1789317086602914000,55.9069140625,0.7227981686592102,-1.8494689464569092,0.9780344367027283
1789317086612869000,55.916869140625,1.2846907377243042,2.6041581630706787,0.8589951395988464
1789317086622825200,55.9268251953125,1.28769052028656,2.4666740894317627,0.7129763960838318
1789317086632780000,55.93678002929688,0.26954972743988037,0.4779367446899414,0.10420576483011246
1789317086642735900,55.94673583984375,-0.9021236896514893,-0.8404222726821899,-0.8302343487739563
1789317086652691200,55.95669116210937,-0.9470837116241455,-1.9002556800842285,-1.3749696016311646
1789317086662647000,55.96664697265625,-0.1559472531080246,-1.3665515184402466,-1.0998059511184692
1789317086672601900,55.97660180664062,0.7918637990951538,0.4849323332309723,-0.15018977224826813
1789317086682558000,55.98655786132812,1.479400396347046,2.685964345932007,-0.17125163972377777
1789317086692513000,55.996512939453126,1.220210313796997,3.3201613426208496,-0.528025209903717
1789317086702469000,56.00646923828125,-0.024652348831295967,-1.2295879125595093,-0.7935498356819153
1789317086712424000,56.016423828125,-1.3260917663574219,-2.97796893119812,-0.026928553357720375
1789317086722380300,56.02638037109375,-1.122480034828186,-2.9151198863983154,0.5484614968299866
1789317086732335000,56.036335205078124,0.21292372047901154,1.2549188137054443,0.4340060353279114
1789317086742291000,56.046291015625,1.6776564121246338,5.7773027420043945,-1.0510224103927612
1789317086752246000,56.05624609375,1.2370822429656982,-0.22645577788352966,-2.1840460300445557
1789317086762202000,56.0662021484375,-1.0339409112930298,0.3763115704059601,-2.6614601612091064
1789317086772157000,56.07615698242188,-1.3428539037704468,-2.120281219482422,-1.227595329284668
1789317086782113000,56.08611303710938,-0.11946354806423187,-0.42233872413635254,0.30759909749031067
1789317086792068000,56.096068115234374,0.6109080910682678,-1.1024171113967896,3.0645556449890137
1789317086802024200,56.106024169921874,0.45539575815200806,-2.871640205383301,6.589868068695068
1789317086811979000,56.11597900390625,0.37649375200271606,-1.9820464849472046,6.06253719329834
1789317086821934800,56.125934814453124,0.48894357681274414,2.711118221282959,2.3124616146087646
1789317086831890200,56.13589013671875,0.15741226077079773,5.079282760620117,-0.12352939695119858
1789317086841846000,56.14584594726563,-1.0008563995361328,-0.6761531829833984,-3.236262559890747
1789317086851802000,56.15580200195313,-2.322901725769043,-1.2137460708618164,-4.313295841217041
1789317086861757000,56.1657568359375,-1.9258556365966797,-2.066964626312256,-2.4488167762756348
1789317086871713300,56.17571337890625,0.42357444763183594,3.063404083251953,-2.425948143005371
1789317086881668000,56.185668212890626,2.21815824508667,2.880394220352173,-2.0720460414886475
1789317086891624000,56.1956240234375,1.4538893699645996,-1.5321261882781982,-0.46976855397224426
1789317086901579300,56.20557934570313,-0.530565083026886,-2.0238494873046875,1.739426612854004
1789317086911535000,56.21553515625,-1.2119548320770264,-3.7301759719848633,3.8377037048339844
1789317086921490000,56.22548999023437,-0.7705153226852417,-0.18389074504375458,4.521864414215088
1789317086931446000,56.23544604492187,0.05583610013127327,2.073941230773926,3.419795036315918
1789317086941401000,56.245401123046875,-0.07314904779195786,2.098064422607422,1.8466060161590576
1789317086951357200,56.255357177734375,-0.6886740326881409,0.31498536467552185,0.6351553797721863
1789317086961312000,56.26531201171875,-0.7506862282752991,-3.2823002338409424,0.7777511477470398
1789317086971267800,56.275267822265626,-0.21949560940265656,-3.8464176654815674,0.8072158098220825
1789317086981223200,56.28522314453125,0.48491421341896057,-0.341536283493042,1.0325310230255127
1789317086991179000,56.29517895507813,1.4370824098587036,4.879976272583008,-0.3699527680873871
1789317087001134000,56.305134033203124,1.1271381378173828,3.2903568744659424,-2.9569358825683594
1789317087011090000,56.31508984375,-0.88121497631073,-0.5749807357788086,-5.854321479797363
1789317087021045000,56.325044921875,-2.2107107639312744,-1.1895922422409058,-5.338265895843506
1789317087031001000,56.3350009765625,-1.3429356813430786,-2.925632953643799,-2.409686803817749
1789317087040956000,56.34495581054688,0.3740391135215759,-0.24009649455547333,1.4992907047271729
1789317087050912300,56.35491235351562,1.726263403892517,4.97784948348999,3.925062894821167
1789317087060867000,56.3648671875,1.9265003204345703,1.3264808654785156,4.2478227615356445
1789317087070823000,56.374822998046874,0.06205005571246147,-1.7177985906600952,3.1793088912963867
1789317087080778200,56.3847783203125,-1.4171963930130005,-2.5914530754089355,2.5047309398651123
1789317087090734000,56.394734130859376,-0.9784379005432129,-4.567923069000244,1.8899881839752197
1789317087100689000,56.40468896484375,-0.07362761348485947,0.16928410530090332,0.32052820920944214
1789317087110645000,56.41464501953125,0.7950907349586487,5.2007598876953125,-1.727819800376892
1789317087120600000,56.42460009765625,0.8892539739608765,3.0662174224853516,-3.804408073425293
1789317087130556200,56.43455615234375,-0.3574044704437256,0.35979437828063965,-5.177638053894043
1789317087140511000,56.444510986328126,-1.4831641912460327,-1.8813459873199463,-4.165672302246094
1789317087150467000,56.454467041015626,-1.0981310606002808,-0.893095850944519,-2.0517635345458984
1789317087160423200,56.464423095703125,0.3401666283607483,1.4541850090026855,0.29569584131240845
1789317087170378000,56.4743779296875,1.0530061721801758,0.7312813997268677,2.6618576049804688
1789317087180334000,56.484333984375,0.4168459475040436,-0.7096458673477173,3.9442138671875
1789317087190289000,56.49428881835937,-0.4801511764526367,-2.1363112926483154,4.240280628204346
1789317087200245200,56.504245361328124,-0.6718271374702454,-2.5995850563049316,3.1552608013153076
1789317087210200000,56.514199951171875,-0.37733903527259827,-0.17623841762542725,1.4270793199539185
1789317087220156000,56.524156005859375,-0.15449529886245728,1.5843137502670288,0.09528523683547974
1789317087230111200,56.534111328125,-0.1081554964184761,1.3038681745529175,-1.481039047241211
1789317087240067000,56.54406713867188,-0.3278055787086487,0.017654094845056534,-2.4209818840026855
1789317087250022000,56.55402197265625,-0.39923182129859924,-0.7001397013664246,-3.01890230178833
1789317087259978000,56.56397802734375,-0.04116341471672058,0.0938495323061943,-3.461348295211792
1789317087269933000,56.57393310546875,0.34615182876586914,1.0740270614624023,-2.2744646072387695
1789317087279889200,56.58388916015625,0.33571648597717285,-0.5384565591812134,-0.17013683915138245
1789317087289844000,56.59384399414063,-0.2779240310192108,-0.048410940915346146,1.744208574295044
1789317087299800000,56.60380004882813,-0.41100165247917175,-1.0307008028030396,2.791714668273926
1789317087309755100,56.61375512695312,-0.25645095109939575,-1.1245530843734741,2.7341573238372803
1789317087319711000,56.6237109375,-0.13595810532569885,-0.15229232609272003,2.417097330093384
1789317087329666000,56.633666015625,0.14645308256149292,0.10372612625360489,1.672256350517273
1789317087339622100,56.6436220703125,0.26944851875305176,0.5594713091850281,0.05606167018413544
1789317087349577000,56.65357690429688,0.15063585340976715,0.9509921669960022,-1.8081427812576294
1789317087359533000,56.663532958984376,-0.09886319935321808,0.2595961391925812,-3.0612924098968506
1789317087369488100,56.67348803710937,-0.34965333342552185,-0.6483454704284668,-2.9436049461364746
1789317087379444200,56.6834443359375,-0.2768952548503876,-0.6953553557395935,-1.8632407188415527
1789317087389399000,56.69339892578125,0.2013525515794754,1.9951281547546387,-0.7056950926780701
1789317087399355000,56.70335498046875,0.6989905834197998,0.6373021602630615,0.5108637809753418
1789317087409310200,56.71331030273438,0.2757580876350403,-0.16162005066871643,1.4064451456069946
1789317087419266000,56.72326611328125,-0.21915657818317413,-1.0306215286254883,1.8794572353363037
1789317087429221000,56.73322119140625,-0.2008500099182129,-1.8135708570480347,1.9559341669082642
1789317087439177000,56.74317700195313,0.006143113598227501,-0.7882943153381348,1.587518334388733
1789317087449132000,56.753132080078124,0.40283241868019104,0.29290831089019775,0.9169194102287292
1789317087459088100,56.763088134765624,0.5817190408706665,0.995831310749054,-0.25280535221099854
1789317087469043000,56.77304296875,0.25256142020225525,1.0980663299560547,-1.3560411930084229
1789317087478999000,56.7829990234375,-0.09949569404125214,0.052019525319337845,-2.107471227645874
1789317087488954000,56.7929541015625,-0.2707963287830353,-0.7631317377090454,-2.1416592597961426
1789317087498910200,56.80291015625,-0.17755214869976044,-0.037032853811979294,-1.340573787689209
1789317087508866000,56.81286596679688,0.3084217607975006,0.020058130845427513,-0.02809475176036358
1789317087518821000,56.822821044921874,0.45804187655448914,-0.03726295009255409,1.1963162422180176
1789317087528777200,56.83277709960937,0.24852405488491058,0.3789947032928467,1.8515381813049316
1789317087538732000,56.84273193359375,0.18634749948978424,-0.03067988157272339,1.6747053861618042
1789317087548688100,56.852688232421876,0.03269243240356445,-0.23880112171173096,0.9748514294624329
1789317087558643200,56.86264331054687,-0.18452030420303345,-0.15777525305747986,0.3508288562297821
1789317087568599000,56.87259912109375,-0.18464015424251556,-0.3175595998764038,0.14179788529872894
1789317087578554000,56.88255419921875,0.14718306064605713,-0.030314762145280838,-0.5789749622344971
1789317087588510000,56.89251000976562,0.4004659354686737,0.5643163919448853,-1.2068250179290771
1789317087598465000,56.902465087890626,0.3571386933326721,0.583177387714386,-1.2523866891860962
1789317087608421000,56.912421142578125,0.17867040634155273,-0.20308414101600647,-0.9472917318344116
1789317087618376000,56.9223759765625,-0.08939565718173981,-0.7197645306587219,-0.16838768124580383
1789317087628332000,56.93233203125,-0.17430655658245087,0.6179884076118469,0.1466759890317917
1789317087638287000,56.942287109375,-0.053697049617767334,0.2798340320587158,0.6043961644172668
1789317087648243200,56.9522431640625,-0.1410796195268631,0.019396867603063583,0.7268200516700745
1789317087658198000,56.962197998046875,-0.2825952172279358,0.021754564717411995,0.6505705714225769
1789317087668154000,56.972154052734375,-0.10544413328170776,-0.2691936492919922,0.1762607842683792
1789317087678109200,56.98210913085938,0.12229182571172714,-0.31977346539497375,-0.36060667037963867
1789317087688065000,56.99206494140625,0.05060911551117897,-0.11525974422693253,-0.29447558522224426
1789317087698020000,57.00202001953125,-0.051529236137866974,-0.1515043079853058,-0.14300136268138885
1789317087707976200,57.01197607421875,-0.061167482286691666,-0.3331947326660156,-0.081507109105587
1789317087717931000,57.021930908203124,-0.11740492284297943,0.12264442443847656,-0.3436007797718048
1789317087727887000,57.03188720703125,-0.21851316094398499,0.44675886631011963,-0.5800988078117371
1789317087737842200,57.04184228515625,-0.332451730966568,-0.06499870866537094,-0.25838547945022583
1789317087747798000,57.05179809570313,-0.3784937858581543,-0.6061237454414368,0.28816041350364685
1789317087757753000,57.06175317382812,-0.20863737165927887,-0.38062217831611633,0.40966901183128357
1789317087767709000,57.071708984375,0.11604591459035873,0.5570595264434814,0.01708630844950676
1789317087777664300,57.081664306640626,0.2509784400463104,0.4379725456237793,-0.3641374707221985
1789317087787620000,57.0916201171875,-0.03719024360179901,-0.516594648361206,-0.10933927446603775
1789317087797575000,57.10157495117188,-0.3615054786205292,-1.0279591083526611,0.2984466254711151
1789317087807531000,57.111531005859376,-0.2813169062137604,-0.631511390209198,0.2864440083503723
1789317087817486000,57.12148608398437,0.03363892063498497,0.36909735202789307,-0.009815080091357231
1789317087827442200,57.13144213867187,0.1767292320728302,0.7934302687644958,-0.2777178883552551
1789317087837397000,57.14139697265625,-0.014109959825873375,0.25893089175224304,-0.21708624064922333
1789317087847353000,57.15135302734375,-0.2512037456035614,-0.7040162086486816,0.06101807951927185
1789317087857308200,57.16130810546875,-0.20901340246200562,-0.8615546822547913,-0.06725360453128815
1789317087867264000,57.171263916015626,0.020301010459661484,0.7626755237579346,-0.4653210937976837
1789317087877219300,57.18121923828125,0.16198331117630005,0.35987961292266846,-0.34533554315567017
1789317087887175200,57.19117504882813,-0.010823086835443974,-0.27245602011680603,-0.07919761538505554
1789317087897130000,57.2011298828125,-0.22243653237819672,-0.7697097659111023,0.4055589437484741
1789317087907086000,57.211086181640624,-0.13026612997055054,-0.5633839964866638,0.28705093264579773
1789317087917042000,57.2210419921875,0.018036523833870888,0.16080619394779205,0.06656171381473541
1789317087926997200,57.23099731445313,0.026990605518221855,0.381620854139328,0.010686466470360756
1789317087936953000,57.240953125,-0.1649860292673111,0.2468063235282898,-0.0462212897837162
1789317087946908000,57.25090795898438,-0.32303425669670105,-0.2319866269826889,0.05404698848724365
1789317087956864000,57.26086401367188,-0.29795339703559875,-0.33992642164230347,0.02149171009659767
1789317087966819000,57.270819091796874,-0.1373802274465561,0.15030215680599213,-0.24315433204174042
1789317087976775200,57.28077514648437,0.10896988958120346,0.27860021591186523,-0.4129505455493927
1789317087986730000,57.29072998046875,0.23875212669372559,-0.06675852090120316,-0.4116879403591156
1789317087996686000,57.30068603515625,0.10429178178310394,-0.5504178404808044,0.0957731306552887
1789317088006641200,57.31064111328125,0.01290248241275549,-0.6188563108444214,0.37353605031967163
1789317088016597000,57.32059692382813,0.036324452608823776,0.9997413158416748,0.015022092498838902
1789317088026552300,57.33055224609375,0.11728481203317642,0.5674221515655518,-0.0846022367477417
1789317088036508200,57.34050805664062,-0.05789605528116226,-0.2510777711868286,-0.06309907138347626
1789317088046463000,57.350462890625,-0.20241142809391022,-0.6326027512550354,0.3030482828617096
1789317088056419000,57.360419189453125,0.1691884994506836,-0.5127493143081665,0.13261370360851288
1789317088066374100,57.3703740234375,0.5227465629577637,0.3974709212779999,-0.19265121221542358
1789317088076330200,57.38033032226563,0.4830132722854614,0.7256456017494202,-0.10559593141078949
1789317088086285000,57.39028515625,0.1802310198545456,0.18764153122901917,0.06804589927196503
1789317088096241000,57.40024096679687,-0.1305937021970749,-0.28733405470848083,0.22513990104198456
1789317088106196200,57.4101962890625,-0.09005505591630936,0.0051958272233605385,-0.2200934886932373
1789317088116152000,57.420152099609375,0.0740465298295021,0.6698595881462097,-0.45156213641166687
1789317088126107000,57.43010693359375,0.22000986337661743,0.254823237657547,-0.14729784429073334
1789317088136063000,57.44006298828125,0.25395718216896057,-0.36499741673469543,0.3203985095024109
1789317088146018000,57.45001806640625,0.18685376644134521,-0.21761861443519592,0.4572370648384094
1789317088155974100,57.45997412109375,0.2706967294216156,0.1566103845834732,0.08679002523422241
1789317088165929000,57.469928955078124,0.29404494166374207,0.023924773558974266,0.08613675087690353
1789317088175885300,57.47988525390625,0.09494009613990784,-0.20765012502670288,0.38889288902282715
1789317088185840000,57.48984008789063,-0.12382553517818451,-0.0756944939494133,0.541403591632843
1789317088195796000,57.4997958984375,-0.008930111303925514,0.2076629102230072,0.043715789914131165
1789317088205751300,57.50975122070312,0.18590249121189117,0.6635020971298218,-0.7268813252449036
1789317088215707100,57.51970703125,0.13404302299022675,0.16568191349506378,-0.8005411624908447
1789317088225662000,57.529661865234374,-0.03939587622880936,-0.8757056593894958,-0.07322733849287033
1789317088235618000,57.5396181640625,-0.09276029467582703,-0.8130673170089722,0.40919309854507446
1789317088245573000,57.54957299804688,0.03321254625916481,1.129065990447998,0.38349199295043945
1789317088255529200,57.559529296875,0.2460515797138214,1.0066975355148315,0.08834797143936157
1789317088265484000,57.56948413085937,-0.06277470290660858,-0.05955840274691582,0.12091284245252609
1789317088275439900,57.57943994140625,-0.5084426999092102,-0.7844639420509338,0.4742714464664459
1789317088285395200,57.589395263671875,-0.41528961062431335,-0.6432045102119446,0.2963176667690277
1789317088295351000,57.59935107421875,0.0545647069811821,0.502106785774231,-0.31358402967453003
1789317088305306000,57.60930615234375,0.34823521971702576,0.734470784664154,-0.4658888578414917
1789317088315262000,57.619261962890626,0.18979869782924652,0.236349418759346,-0.32660049200057983
1789317088325217000,57.62921704101562,-0.10877228528261185,-0.5952972173690796,0.02821432799100876
1789317088335173000,57.63917309570313,-0.16797089576721191,-0.3245288133621216,-0.2033563107252121
1789317088345128000,57.6491279296875,-0.011815646663308144,0.4943540692329407,-0.382332980632782
1789317088355084300,57.659084228515624,0.03789092227816582,-0.10250240564346313,0.14394305646419525
1789317088365039000,57.6690390625,-0.10485371202230453,-0.21209335327148438,0.6749762892723083
1789317088374995000,57.678994873046875,-0.05863029137253761,-0.2027355283498764,0.9232987761497498
1789317088384950300,57.6889501953125,0.18788574635982513,0.21033592522144318,0.3471957743167877
1789317088394906000,57.69890600585938,0.33450183272361755,0.4203280508518219,-0.4260500967502594
1789317088404862200,57.7088623046875,0.20518910884857178,0.05844733119010925,-0.8007621765136719
1789317088414817000,57.718817138671874,-0.044676922261714935,-0.3521455228328705,-0.7210849523544312
1789317088424772900,57.72877294921875,-0.11344293504953384,-0.6574735045433044,-0.0852816104888916
1789317088434728000,57.73872802734375,0.14114433526992798,-0.19636231660842896,0.09594330936670303
1789317088444684000,57.74868408203125,0.40608519315719604,1.0532711744308472,-0.03193343058228493
1789317088454638800,57.75863891601563,0.4534047842025757,0.5647275447845459,-0.07967192679643631
1789317088464594000,57.76859399414062,0.08246345072984695,-0.28312358260154724,0.10491230338811874
1789317088474550000,57.77855004882812,-0.194528728723526,-0.9713022708892822,0.445279985666275
1789317088484505900,57.788505859375,-0.037398237735033035,-0.7230343818664551,0.45444658398628235
1789317088494461000,57.7984609375,0.3249341547489166,0.2910374402999878,0.14606666564941406
1789317088504417000,57.8084169921875,0.4220886528491974,0.9471351504325867,-0.10371094942092896
1789317088514371800,57.81837182617188,0.201194629073143,0.702942430973053,-0.36501258611679077
1789317088524328000,57.828327880859376,-0.06749995052814484,0.19384589791297913,-0.8777976036071777
1789317088534283000,57.83828295898437,-0.21135352551937103,0.21311387419700623,-1.1154452562332153
1789317088544238800,57.84823876953125,-0.1877531260251999,-0.8028773069381714,-0.5840229392051697
1789317088554194000,57.85819384765625,-0.18927139043807983,-0.9299103021621704,0.6442058682441711
1789317088564149800,57.86814965820312,0.09101726114749908,-0.02870061993598938,1.1500840187072754
1789317088574105000,57.87810498046875,0.5061606764793396,1.3407721519470215,0.7352036833763123
1789317088584061000,57.88806103515625,0.49172765016555786,0.4499876797199249,0.23682719469070435
1789317088594015700,57.898015625,-0.12561970949172974,-0.9134905934333801,0.3913896083831787
1789317088603971800,57.90797192382813,-0.5338538289070129,-1.4368619918823242,0.4335719347000122
1789317088613927000,57.917927001953124,-0.25648611783981323,-0.19535377621650696,-0.17898252606391907
1789317088623883000,57.927883056640624,0.25674498081207275,1.2480709552764893,-0.7729145884513855
1789317088633837800,57.937837890625,0.26718002557754517,0.8768298029899597,-1.0270099639892578
1789317088643794000,57.9477939453125,-0.2824135720729828,-0.051589690148830414,-0.3803529441356659
1789317088653749000,57.9577490234375,-0.5258728265762329,-1.081469178199768,0.2862994074821472
1789317088663704800,57.96770483398438,-0.188137948513031,-1.0120254755020142,0.33643022179603577
1789317088673660000,57.977659912109374,0.25216060876846313,0.7300204038619995,0.2204303741455078
1789317088683616000,57.987615966796874,0.41966837644577026,0.6278623342514038,0.12578855454921722
1789317088693570800,57.99757080078125,-0.004332696553319693,-0.044744834303855896,0.34295177459716797
1789317088703527000,58.00752685546875,-0.40964797139167786,-0.8237732648849487,0.40444308519363403
1789317088713482000,58.01748193359375,-0.3182072639465332,-0.9295297861099243,-0.08478013426065445
1789317088723438000,58.02743798828125,-0.0683516263961792,0.05078541487455368,-0.41823986172676086
1789317088733393000,58.03739282226562,0.0982072576880455,0.5904044508934021,-0.20866559445858002
1789317088743348700,58.0473486328125,0.07527105510234833,0.33930376172065735,0.23817847669124603
1789317088753304000,58.057303955078126,0.02617088332772255,-0.25269296765327454,0.4793170690536499
1789317088763260000,58.067260009765626,0.1794419288635254,0.1983061581850052,-0.3680081069469452
1789317088773214700,58.07721459960938,0.24306218326091766,0.49103018641471863,-0.9494134783744812
1789317088783170800,58.0871708984375,-0.04948259890079498,-0.6077735424041748,-0.6852625012397766
1789317088793126000,58.0971259765625,-0.5088131427764893,-0.8630303740501404,0.3591453731060028
1789317088803082000,58.10708203125,-0.3365612328052521,-0.8994333744049072,1.3221033811569214
1789317088813036800,58.117036865234375,0.30865317583084106,0.4781191647052765,0.8546842932701111
1789317088822993000,58.126992919921875,0.6800240874290466,1.8299304246902466,0.04334188252687454
1789317088832948000,58.13694799804688,0.4318331778049469,0.7306201457977295,-0.7597455382347107
1789317088842903800,58.14690380859375,-0.37836116552352905,-0.597583532333374,-0.7133561968803406
1789317088852859100,58.156859130859374,-0.6449866890907288,-1.895268440246582,-0.022221149876713753
1789317088862815000,58.16681494140625,-0.05505446344614029,-1.218266487121582,-0.22494736313819885
1789317088872769800,58.176769775390625,0.5648407340049744,2.2934749126434326,-0.27394208312034607
1789317088882726000,58.186725830078124,0.7034556269645691,1.321082353591919,-0.30401715636253357
1789317088892681000,58.19668090820313,-0.14328286051750183,0.016696954146027565,-0.09791963547468185
1789317088902637000,58.20663696289063,-0.7808635830879211,-1.6683564186096191,0.6357897520065308
1789317088912592000,58.216591796875,-0.43574801087379456,-2.2689011096954346,0.8850597739219666
1789317088922547700,58.22654760742188,0.2965773344039917,-0.3322131037712097,0.8674064874649048
1789317088932503000,58.2365029296875,0.9815927147865295,1.908497929573059,0.20181433856487274
1789317088942459000,58.246458984375,0.8282340168952942,1.7699251174926758,-0.5830112099647522
1789317088952414000,58.2564140625,-0.23683784902095795,0.8777241110801697,-1.2986310720443726
1789317088962369800,58.26636987304688,-0.9944981336593628,-1.038589358329773,-1.2958611249923706
1789317088972324900,58.27632495117187,-0.7979221940040588,-2.0500802993774414,-0.8621440529823303
1789317088982281000,58.28628100585937,-0.085495725274086,-0.5847856998443604,0.16577911376953125
1789317088992235800,58.29623583984375,0.8233713507652283,1.9614835977554321,0.7073392868041992
1789317089002192100,58.306192138671875,1.086621880531311,1.4210318326950073,0.7147703170776367
1789317089012147000,58.31614697265625,0.28157415986061096,0.028965072706341743,0.6784147024154663
1789317089022102800,58.326102783203126,-0.5071918368339539,-1.806435465812683,0.5532203316688538
1789317089032058000,58.33605810546875,-0.5896118879318237,-2.2918808460235596,0.5816868543624878
1789317089042014000,58.34601391601562,0.09145081788301468,0.34543168544769287,-0.13652534782886505
1789317089051968800,58.35596875,0.8968045711517334,1.9000674486160278,-0.5492393970489502
1789317089061924900,58.3659248046875,0.8318729996681213,1.732864260673523,-1.026603102684021
1789317089071880000,58.3758798828125,-0.059779178351163864,0.6988736391067505,-0.9705525636672974
1789317089081836000,58.3858359375,-0.501132071018219,-1.3818836212158203,-0.4385552406311035
1789317089091790800,58.39579077148438,-0.16026876866817474,-1.7990164756774902,-0.21387261152267456
1789317089101747000,58.40574682617188,0.46631231904029846,-0.18201667070388794,0.754727840423584
1789317089111702000,58.415701904296874,1.0731213092803955,0.8629251718521118,1.0319656133651733
1789317089121657900,58.425657958984374,0.8498911261558533,1.5169637203216553,1.0230746269226074
1789317089131613000,58.43561303710938,0.21212424337863922,0.8139057159423828,0.3806307017803192
1789317089141569000,58.44556909179688,-0.3211098611354828,-0.5935029983520508,-0.5710946321487427
1789317089151523800,58.45552392578125,-0.5826708674430847,-1.155273675918579,-0.5293538570404053
1789317089161480000,58.46547998046875,-0.15391846001148224,-0.4975709021091461,-0.3978365957736969
1789317089171434800,58.47543481445312,0.5743788480758667,0.6401243209838867,-0.057076603174209595
1789317089181391000,58.48539111328125,1.0602002143859863,2.3084280490875244,-0.44234493374824524
1789317089191346000,58.495345947265626,0.8617794513702393,0.7800867557525635,-0.8478327989578247
1789317089201301800,58.5053017578125,-0.1081046313047409,-1.1179773807525635,-0.3211902678012848
1789317089211257000,58.51525708007812,-0.8118478655815125,-1.8148113489151,0.6692896485328674
1789317089221213000,58.525212890625,-0.4941932260990143,-0.8586649298667908,1.2803356647491455
1789317089231168000,58.53516796875,0.4052700102329254,2.476851463317871,0.8731823563575745
1789317089241123800,58.54512377929687,0.9334832429885864,2.2618930339813232,0.2714932858943939
1789317089251080000,58.55507983398437,0.4227568507194519,0.9723336696624756,-0.7122759819030762
1789317089261035000,58.565034912109375,-0.3904561698436737,-0.9966284036636353,-0.9454978108406067
1789317089270989800,58.57498974609375,-0.48316851258277893,-2.524721622467041,-0.5545039772987366
1789317089280946000,58.58494580078125,0.004629106726497412,-1.5462347269058228,0.14201146364212036
1789317089290901000,58.59490087890625,0.7141937613487244,2.4269423484802246,0.4011745750904083
1789317089300856800,58.60485693359375,1.106716513633728,2.7224373817443848,0.2824932038784027
1789317089310812000,58.61481201171875,0.4516976773738861,0.6274375319480896,-0.10209999978542328
1789317089320768000,58.62476806640625,-0.5681489109992981,-1.6596052646636963,-0.08762358874082565
1789317089330722800,58.63472290039063,-0.6789822578430176,-3.1570026874542236,0.3607611060142517
1789317089340679000,58.64467895507813,-0.02129863016307354,-1.581302523612976,0.8111160397529602
1789317089350634800,58.654634765625,0.7930667400360107,2.0855822563171387,0.8707883954048157
1789317089360590000,58.66459008789062,1.1905618906021118,2.9639084339141846,0.3625941872596741
1789317089370546000,58.6745458984375,0.5339547395706177,1.795374870300293,-0.7203166484832764
1789317089380501000,58.6845009765625,-0.5520591735839844,-0.5460894107818604,-1.3029981851577759
1789317089390456800,58.694456787109374,-0.9032883048057556,-2.3903064727783203,-1.190326452255249
1789317089400412000,58.70441186523438,-0.37496456503868103,-1.5184404850006104,-0.4477495551109314
1789317089410368000,58.71436791992188,0.6512451171875,1.0683355331420898,0.510469377040863
1789317089420322800,58.72432275390625,1.2264975309371948,1.996299386024475,0.8122282028198242
1789317089430279000,58.73427880859375,0.7424573302268982,1.7502931356430054,0.5047560930252075
1789317089440234000,58.74423388671875,-0.13832111656665802,-0.5987491607666016,0.43446117639541626
1789317089450189800,58.75418994140625,-0.7426789402961731,-2.4656565189361572,0.8595727682113647
1789317089460145000,58.764144775390626,-0.5165395140647888,-1.3958388566970825,0.8245223760604858
1789317089470101000,58.77410107421875,0.6338640451431274,2.2917208671569824,-0.1368342787027359
1789317089480055800,58.78405590820312,1.2805231809616089,2.473602056503296,-0.8511375188827515
1789317089490012000,58.79401196289062,0.5337401032447815,1.405657172203064,-1.545770287513733
1789317089499967000,58.803967041015625,-0.6912703514099121,-0.4214838445186615,-1.1257046461105347
1789317089509923000,58.813923095703124,-0.91282057762146,-2.0427916049957275,-0.6495702862739563
1789317089519878000,58.8238779296875,-0.3232611417770386,-0.6134093403816223,0.3247581124305725
1789317089529834000,58.833833984375,0.5446239113807678,0.8804636597633362,1.2127410173416138
1789317089539789000,58.8437890625,0.8456428647041321,1.437482476234436,1.4430572986602783
1789317089549745000,58.85374487304688,0.38160303235054016,1.1501727104187012,1.2025741338729858
1789317089559700000,58.863699951171874,-0.09939316660165787,-0.37419649958610535,0.10230693221092224
1789317089569655800,58.87365576171875,-0.4033900797367096,-1.6700541973114014,-0.4830161929130554
1789317089579611000,58.88361083984375,-0.41866862773895264,-1.1935776472091675,-0.31939584016799927
1789317089589567000,58.89356689453125,0.08163387328386307,0.442255437374115,-0.2402094006538391
1789317089599521800,58.90352172851563,0.564264178276062,2.8509013652801514,-0.7298294305801392
1789317089609478000,58.91347778320313,0.40036553144454956,1.8426166772842407,-1.0228863954544067
1789317089619433000,58.92343286132812,-0.3339870274066925,-0.5300049781799316,-0.7420123219490051
1789317089629388800,58.93338891601562,-0.8562542200088501,-2.1172356605529785,0.1902671456336975
1789317089639343900,58.94334375,-0.49158039689064026,-1.8813369274139404,1.0044130086898804
1789317089649300000,58.953300048828126,0.4365408420562744,0.719003438949585,1.186825156211853
1789317089659255000,58.96325512695312,1.094161033630371,1.604699730873108,0.9610799551010132
1789317089669211000,58.9732109375,0.62225341796875,1.4336304664611816,0.19154173135757446
1789317089679166000,58.983166015625,-0.4268362820148468,0.09559203684329987,-0.6300064325332642
1789317089689122000,58.9931220703125,-1.0483869314193726,-1.7664555311203003,-0.7539281249046326
1789317089699076900,59.003076904296876,-0.9106833934783936,-1.8918848037719727,-0.14889013767242432
1789317089709033000,59.013032958984375,-0.0633387565612793,0.023140739649534225,0.3258475959300995
1789317089718988000,59.02298803710938,0.844760000705719,2.6427340507507324,0.3076302707195282
1789317089728943900,59.03294384765625,1.0418347120285034,1.9647399187088013,0.022360699251294136
1789317089738899000,59.04289892578125,0.30289435386657715,-0.24865242838859558,-0.3027462959289551
1789317089748854800,59.05285473632812,-0.5749405026435852,-1.9596753120422363,-0.23751188814640045
1789317089758809900,59.062809814453125,-0.5769807696342468,-2.1203582286834717,-0.12638723850250244
1789317089768766000,59.072765869140625,-0.032703351229429245,-0.17424742877483368,0.34268251061439514
1789317089778720800,59.082720703125,0.4139396548271179,1.9902570247650146,0.7914605736732483
1789317089788676900,59.0926767578125,0.48099592328071594,2.3371267318725586,0.6302874088287354
1789317089798632000,59.1026318359375,0.0630364865064621,1.1218299865722656,-0.051238421350717545
1789317089808588000,59.11258813476562,-0.43116605281829834,-0.6007246971130371,-0.7279388308525085
1789317089818542800,59.12254296875,-0.4964371919631958,-1.6781142950057983,-0.6598197221755981
1789317089828499000,59.1324990234375,-0.06035175547003746,-1.041872501373291,-0.11330179125070572
1789317089838454000,59.1424541015625,0.560084879398346,0.9071975350379944,0.2950548231601715
1789317089848409900,59.15240991210938,0.7981552481651306,1.9649639129638672,0.06826373934745789
1789317089858365000,59.16236499023437,0.19794051349163055,0.9503016471862793,0.08748377859592438
1789317089868321000,59.17232104492187,-0.7863366603851318,-0.5599094033241272,0.48294374346733093
1789317089878275800,59.18227587890625,-1.1902689933776855,-1.1410870552062988,0.8114572167396545
1789317089888232000,59.19223193359375,-0.6031559109687805,0.23544500768184662,0.4534119665622711
1789317089898187000,59.20218701171875,0.47405359148979187,1.8762500286102295,-0.4037538468837738
1789317089908142800,59.212142822265626,0.7694796323776245,0.8785885572433472,-0.9381493330001831
1789317089918098000,59.22209790039062,-0.009888051077723503,-0.0643496960401535,-0.9758408069610596
1789317089928053800,59.2320537109375,-0.7613290548324585,-1.2527751922607422,-0.41084426641464233
1789317089938009000,59.242009033203125,-0.7886988520622253,-1.0332471132278442,-0.16793467104434967
1789317089947965000,59.25196484375,-0.3785822093486786,0.777812123298645,0.3162945806980133
1789317089957919700,59.261919677734376,0.029833529144525528,0.7438991665840149,0.671565592288971
1789317089967875800,59.271875732421876,-0.1696353703737259,0.8129200339317322,0.7887026071548462
1789317089977831000,59.28183081054687,-0.3886934220790863,-0.4618920087814331,0.9768703579902649
1789317089987787000,59.291787109375,-0.27559295296669006,-1.3312362432479858,0.27125734090805054
1789317089997741800,59.301741943359374,-0.14673590660095215,0.009196427650749683,-0.5678293704986572
1789317090007698000,59.311697998046874,-0.05621293932199478,0.7272456288337708,-0.939422070980072
1789317090017653000,59.32165307617188,-0.2823326289653778,0.3257029950618744,-0.8458905220031738
1789317090027608800,59.33160888671875,-0.6930029988288879,-0.09188278764486313,-0.14055418968200684
1789317090037564000,59.34156396484375,-0.572184681892395,-0.20667994022369385,-0.15646204352378845
1789317090047520000,59.35152001953125,-0.16515061259269714,0.26756751537323,-0.04753076657652855
1789317090057474800,59.361474853515624,0.04219831898808479,-0.10346993058919907,0.18793635070323944
1789317090067431000,59.37143090820312,-0.14924514293670654,-0.22487571835517883,0.6400907635688782
1789317090077386000,59.38138598632813,-0.26342177391052246,-0.5773237943649292,0.9635274410247803
1789317090087342000,59.391342041015626,-0.09602560102939606,-0.6810981035232544,0.5695324540138245
1789317090097297000,59.401296875,-0.0015539544401690364,-0.03452468663454056,-0.012573315761983395
1789317090107252700,59.41125268554688,-0.053042709827423096,0.6665881276130676,-0.765033483505249
1789317090117208000,59.4212080078125,-0.2971115708351135,0.2471056580543518,-0.8752252459526062
1789317090127164000,59.43116381835937,-0.6352803111076355,-0.4161719083786011,-0.2723199427127838
1789317090137118700,59.44111865234375,-0.6108077168464661,-0.5261556506156921,0.11270178109407425
1789317090147074800,59.45107470703125,-0.12766315042972565,0.33567121624946594,0.0907120630145073
1789317090157030000,59.46102978515625,0.2872573435306549,0.9569891095161438,-0.0797472894191742
1789317090166986000,59.47098608398438,0.040164198726415634,-0.1367541253566742,-0.05161445960402489
1789317090176940800,59.48094091796875,-0.6292570233345032,-0.7113074064254761,0.30162882804870605
1789317090186897000,59.49089697265625,-0.7051587104797363,-1.2083626985549927,0.39598461985588074
1789317090196852000,59.50085205078125,-0.3930346369743347,-0.65072101354599,0.41775810718536377
1789317090206807800,59.510807861328125,-0.15470249950885773,0.7604249119758606,0.35732537508010864
1789317090216763100,59.52076318359375,-0.039502136409282684,1.1038390398025513,0.02991129271686077
1789317090226719000,59.53071899414063,-0.23433846235275269,0.31272009015083313,-0.17084524035453796
1789317090236673800,59.540673828125,-0.4421345293521881,-0.521373450756073,-0.676788330078125
1789317090246630000,59.5506298828125,-0.4114415943622589,-0.8973875641822815,-0.9399270415306091
1789317090256585000,59.5605849609375,-0.21318231523036957,-0.5748111009597778,-0.5685694217681885
1789317090266541000,59.570541015625,0.0394081249833107,-0.24750646948814392,0.020189158618450165
1789317090276496000,59.58049584960938,0.05628324672579765,0.22620730102062225,0.5056991577148438
1789317090286451700,59.59045166015625,-0.12935106456279755,0.5401567220687866,0.5445317625999451
1789317090296407000,59.60040698242187,-0.3320258855819702,-0.22301843762397766,0.6697836518287659
1789317090306363000,59.61036279296875,-0.48661813139915466,-0.8336359858512878,0.8348735570907593
1789317090316318000,59.62031787109375,-0.3755621612071991,-0.48353123664855957,0.790951669216156
1789317090326273800,59.630273681640624,0.21690461039543152,0.06747491657733917,0.2199118584394455
1789317090336228900,59.64022875976563,0.7756302356719971,0.5881268978118896,-0.9446405172348022
1789317090346185000,59.65018505859375,0.5466705560684204,0.17277230322360992,-1.208627462387085
1789317090356139800,59.66013989257812,-0.07638691365718842,-0.3245338797569275,-0.9215427041053772
1789317090366096100,59.67009619140625,-0.3252638578414917,-0.5518402457237244,-0.745826005935669
1789317090376051000,59.680051025390625,-0.18315890431404114,0.11847391724586487,-0.05026103928685188
1789317090386006800,59.6900068359375,0.21050876379013062,0.6642035841941833,0.33154410123825073
1789317090395962000,59.69996215820313,0.35120248794555664,0.34592491388320923,0.6388353705406189
1789317090405918000,59.70991796875,0.168690487742424,0.05901644751429558,0.8131483197212219
1789317090415872800,59.71987280273437,0.20969916880130768,-0.7573071122169495,0.4109310805797577
1789317090425828900,59.72982885742187,0.25426316261291504,-0.9043107032775879,0.07384759187698364
1789317090435784000,59.739783935546875,0.19278089702129364,0.005081311333924532,-0.2028694897890091
1789317090445740000,59.749739990234374,0.14688877761363983,0.33380115032196045,-0.16834479570388794
1789317090455694800,59.75969482421875,-0.04238341003656387,0.5303946137428284,-0.042081139981746674
1789317090465651000,59.76965087890625,-0.12698350846767426,0.8160141110420227,-0.4717984199523926
1789317090475606000,59.77960595703125,0.022217687219381332,0.8421538472175598,-0.933739423751831
1789317090485561900,59.78956176757813,0.09407083690166473,-0.022549783810973167,-0.882636308670044
1789317090495517000,59.799516845703124,0.057192448526620865,-1.0010972023010254,-0.12950898706912994
1789317090505473000,59.80947314453125,0.129299134016037,-1.1948562860488892,0.7554892897605896
1789317090515427800,59.819427734375,0.30110177397727966,-0.16864147782325745,1.0965265035629272
1789317090525384000,59.82938403320313,0.41368693113327026,1.4862726926803589,0.5934218168258667
1789317090535338800,59.8393388671875,0.16739538311958313,1.108067512512207,-0.2464369386434555
1789317090545295000,59.84929516601562,-0.4865635335445404,0.06222262606024742,-0.7511496543884277
1789317090555250000,59.85925,-0.9166736006736755,-1.170453429222107,-0.1882340908050537
1789317090565205800,59.86920581054687,-0.5455184578895569,-1.317706823348999,0.29703328013420105
1789317090575161000,59.8791611328125,0.38033294677734375,0.0031257520895451307,0.17101648449897766
1789317090585117000,59.889116943359376,0.9950392842292786,1.8296509981155396,-0.01278477068990469
1789317090595072000,59.89907202148437,0.7740933299064636,0.5977196097373962,-0.40482792258262634
1789317090605027800,59.90902783203125,-0.24823030829429626,-1.0276097059249878,-0.07108083367347717
1789317090614983000,59.91898291015625,-0.757258951663971,-2.3524210453033447,0.5350644588470459
1789317090624939000,59.92893896484375,-0.36499127745628357,-1.549856424331665,0.547084629535675
1789317090634893800,59.938893798828126,0.29973265528678894,1.329763412475586,0.43397992849349976
1789317090644850000,59.948849853515625,0.6847506165504456,2.182224988937378,0.035886093974113464
1789317090654805000,59.95880493164063,0.26922374963760376,1.2082101106643677,-0.2892240881919861
1789317090664760800,59.9687607421875,-0.36850506067276,-0.5240799784660339,-0.6363362669944763
1789317090674716000,59.9787158203125,-0.39268842339515686,-1.90170156955719,-0.9174768328666687
1789317090684672000,59.988672119140624,0.032460469752550125,-1.189571499824524,-0.5878688097000122
1789317090694626800,59.998626708984375,0.5910243988037109,0.2782771587371826,0.12905678153038025
1789317090704583000,60.0085830078125,0.7513078451156616,1.0388288497924805,0.8021965622901917
1789317090714538000,60.0185380859375,0.4162787199020386,1.2647080421447754,0.6398822665214539
1789317090724494000,60.028494140625,-0.034686874598264694,0.13175350427627563,0.16448189318180084
1789317090734449000,60.03844897460937,-0.4237326383590698,-1.0241765975952148,-0.0037758296821266413
1789317090744405000,60.04840502929687,-0.4455234110355377,-1.295387864112854,0.5329192876815796
1789317090754360000,60.058360107421876,0.09594570100307465,-0.12266626209020615,0.6524004340171814
1789317090764316000,60.06831591796875,0.7803820967674255,1.8439463376998901,0.016687367111444473
1789317090774271000,60.07827099609375,0.9481282234191895,1.6861343383789062,-0.8146923780441284
1789317090784226800,60.08822680664063,0.27610883116722107,0.05921218916773796,-1.1776554584503174
1789317090794182000,60.09818188476562,-0.5311504602432251,-1.4787126779556274,-0.5200642347335815
1789317090804138000,60.10813793945312,-0.5179728269577026,-1.3169262409210205,-0.13908571004867554
1789317090814092800,60.1180927734375,0.13477486371994019,1.3037669658660889,0.3508903682231903
1789317090824049000,60.128048828125,0.7287498116493225,1.1360554695129395,0.6366336941719055
1789317090834004000,60.13800390625,0.44140857458114624,0.6686829924583435,0.8761587142944336
1789317090843959800,60.147959716796876,-0.08265812695026398,-0.31177547574043274,0.7596126198768616
1789317090853915000,60.15791479492187,-0.1874183565378189,-1.1222318410873413,0.04921495169401169
1789317090863871000,60.16787109375,-0.06981956213712692,-0.6415448784828186,-0.29874542355537415
1789317090873826000,60.177825927734375,0.11551780998706818,0.6098707914352417,-0.45378348231315613
1789317090883782000,60.187781982421875,0.1539091318845749,1.0927386283874512,-0.22216995060443878
1789317090893737000,60.19773706054688,0.07611767202615738,0.7976090312004089,-0.3755834698677063
1789317090903693000,60.20769311523438,-0.009671535342931747,0.040456078946590424,-0.7634544968605042
1789317090913647900,60.21764794921875,-0.08178514242172241,0.07644391059875488,-0.8826969861984253
1789317090923604000,60.22760400390625,-0.15817153453826904,-0.8064302206039429,-0.340968519449234
1789317090933559000,60.23755908203125,-0.3486493229866028,-0.6052611470222473,0.6855567693710327
1789317090943515000,60.247514892578124,-0.21639275550842285,0.13111940026283264,1.2577358484268188
1789317090953470000,60.25746997070313,0.1808275729417801,0.5725910663604736,1.0766606330871582
1789317090963425800,60.26742578125,0.25596946477890015,0.8579471707344055,0.20683786273002625
1789317090973380900,60.277380859375,-0.09046012163162231,0.0925792008638382,-0.33225172758102417
1789317090983337000,60.2873369140625,-0.4528298079967499,-0.8755642771720886,-0.4874604642391205
1789317090993291800,60.297291748046874,-0.5583658218383789,-0.7100560069084167,-0.300592839717865
1789317091003247900,60.30724780273437,-0.17688289284706116,0.3115791976451874,-0.36728188395500183
1789317091013203000,60.31720288085938,0.2349989265203476,1.6517348289489746,-0.6516145467758179
1789317091023159000,60.327158935546876,0.2293354570865631,0.6515287756919861,-0.39123088121414185
1789317091033113900,60.33711376953125,-0.12542715668678284,-0.6443939208984375,-0.16812776029109955
1789317091043070000,60.34707006835937,-0.4144560396671295,-1.4940924644470215,0.48534566164016724
1789317091053025000,60.35702490234375,-0.24796639382839203,-1.0851742029190063,0.7540138959884644
1789317091062980900,60.36698095703125,0.042764242738485336,0.28740087151527405,0.8199998140335083
1789317091072936000,60.37693603515625,0.07085952907800674,1.2054601907730103,0.8704217076301575
1789317091082892000,60.38689208984375,-0.160379558801651,1.0270153284072876,0.4563491642475128
1789317091092846800,60.39684692382812,-0.3982517719268799,0.11895861476659775,-0.31711456179618835
1789317091102803000,60.40680297851563,-0.41042080521583557,-0.5257607102394104,-1.1439694166183472
1789317091112758000,60.416758056640624,-0.20421065390110016,-0.6881706714630127,-1.2763502597808838
1789317091122713900,60.4267138671875,0.07680956274271011,-0.4581952691078186,-0.6792136430740356
1789317091132669000,60.4366689453125,0.17296485602855682,0.5977989435195923,0.07373680174350739
1789317091142624800,60.446624755859375,0.06793937087059021,0.9859208464622498,0.5222868919372559
1789317091152580000,60.456580078125,-0.1763763576745987,0.363688200712204,0.32053112983703613
1789317091162536000,60.46653588867188,-0.5506806969642639,-0.5888837575912476,0.5619658827781677
1789317091172490800,60.47649072265625,-0.6623337268829346,-1.2244317531585693,1.1524581909179688
1789317091182446800,60.48644677734375,-0.34067901968955994,-0.4756176769733429,1.272489309310913
1789317091192402000,60.49640185546875,0.349978506565094,1.798973560333252,0.10766840726137161
1789317091202358000,60.50635791015625,0.6610215902328491,1.1979095935821533,-0.9855658411979675
1789317091212312800,60.51631274414063,0.07022915780544281,-0.3812011480331421,-1.5289514064788818
1789317091222269000,60.52626904296875,-0.7613722085952759,-1.4418755769729614,-0.9415547251701355
1789317091232224000,60.53622412109375,-0.77512127161026,-1.4859919548034668,-0.2391824871301651
1789317091242179800,60.54617993164062,-0.20316936075687408,0.9457612037658691,0.31680938601493835
1789317091252135000,60.556135009765626,0.375082790851593,1.4137252569198608,0.7680639028549194
1789317091262091000,60.566091064453126,0.26896196603775024,0.9828539490699768,0.6759219765663147
1789317091272045800,60.5760458984375,-0.24498552083969116,-0.1999804973602295,0.4840862452983856
1789317091282002000,60.586001953125,-0.3565967381000519,-1.7982933521270752,0.0667758360505104
1789317091291957000,60.59595703125,-0.2205749899148941,-1.525437593460083,-0.21194793283939362
1789317091301913000,60.6059130859375,0.018102305009961128,0.143813356757164,-0.19316306710243225
1789317091311868000,60.615867919921875,0.18784473836421967,1.294260859489441,-0.14935460686683655
1789317091321823700,60.62582373046875,0.0024983114562928677,1.2242921590805054,-0.2424059808254242
1789317091331779000,60.63577905273438,-0.39499178528785706,0.16653038561344147,-0.36186739802360535
1789317091341735000,60.64573486328125,-0.5395889282226562,-0.9286000728607178,-0.4778307378292084
1789317091351689700,60.65568969726562,-0.28703415393829346,-1.22746741771698,-0.20527246594429016
1789317091361645800,60.66564575195312,0.09735611081123352,-0.24709899723529816,0.15366731584072113
1789317091371601000,60.675600830078125,0.24774880707263947,0.5154225826263428,0.8066467046737671
1789317091381557000,60.685556884765624,0.1872231513261795,0.575999915599823,0.699813723564148
1789317091391511800,60.69551171875,-0.14920254051685333,0.15565484762191772,0.14246340095996857
1789317091401468000,60.70546801757813,-0.5429450273513794,-0.35241344571113586,-0.2648777365684509
1789317091411423000,60.71542309570312,-0.6488094329833984,-0.2617165744304657,-0.8730065822601318
1789317091421378800,60.72537890625,-0.5366871356964111,-0.32244381308555603,-0.3532952070236206
1789317091431334100,60.735334228515626,-0.21640527248382568,0.10213515907526016,0.038829952478408813
1789317091441290500,60.74529052734375,0.21366408467292786,0.4753319025039673,-0.21385397017002106
1789317091451245300,60.75524536132812,0.3014863431453705,1.6741490364074707,-0.46529072523117065
1789317091461201200,60.765201171875,-0.08634208142757416,-0.07636427879333496,-0.657817006111145
1789317091471156500,60.775156494140624,-0.8087815046310425,-1.7740870714187622,0.06604879349470139
1789317091481112300,60.7851123046875,-0.9630400538444519,-2.1755266189575195,0.9549805521965027
1789317091491067400,60.7950673828125,-0.2831169366836548,-0.9941889047622681,1.13038969039917
1789317091501023200,60.805023193359375,0.3586079478263855,1.3894946575164795,0.9295263290405273
1789317091510978300,60.81497827148438,0.3673764169216156,1.7503339052200317,0.5027382373809814
1789317091520933400,60.824933349609374,-0.21474692225456238,0.20658992230892181,-0.09897531569004059
1789317091530889200,60.83488916015625,-0.8519098162651062,-1.1592968702316284,-0.6189740300178528
1789317091540844300,60.84484423828125,-0.7034162282943726,-1.3925999402999878,-1.4220105409622192
1789317091550800400,60.85480029296875,-0.15918245911598206,-0.5167922377586365,-1.3214073181152344
1789317091560755200,60.86475512695313,0.1757739633321762,0.7067142724990845,-0.47563469409942627
1789317091570711300,60.87471118164063,0.16307440400123596,1.1223196983337402,0.06319974362850189
1789317091580666400,60.88466625976562,-0.237657830119133,0.5935029983520508,0.4423244297504425
1789317091590622200,60.89462231445312,-0.5076267123222351,-0.6331444382667542,0.18074847757816315
1789317091600577300,60.904577392578126,-0.6109222173690796,-1.6477677822113037,0.4556562006473541
1789317091610533000,60.914533203125,-0.5127032399177551,-1.31802499294281,1.1048903465270996
1789317091620488400,60.92448852539062,-0.004334561061114073,-0.25814658403396606,1.1675002574920654
1789317091630444300,60.9344443359375,0.47283199429512024,0.8470897674560547,0.5938265919685364
1789317091640399000,60.94439916992187,0.4745979309082031,0.9798288941383362,-0.5616678595542908
1789317091650355500,60.95435546875,-0.13606169819831848,-0.31449562311172485,-1.2411667108535767
1789317091660310300,60.964310302734376,-0.7978308796882629,-1.326090693473816,-1.196076512336731
1789317091670266400,60.974266357421875,-0.8141446113586426,-1.4331045150756836,-0.5338340997695923
1789317091680221400,60.98422143554688,-0.21752646565437317,0.1969010829925537,0.16549043357372284
1789317091690177300,60.99417724609375,0.40051838755607605,1.298509955406189,0.633374810218811
1789317091700132400,61.00413232421875,0.47600674629211426,0.87769615650177,0.6581217050552368
1789317091710088200,61.01408813476562,0.06957268714904785,-0.2478276491165161,0.14032942056655884
1789317091720043300,61.024043212890625,-0.377621591091156,-1.534925103187561,-0.004845355171710253
1789317091729999400,61.033999267578125,-0.4419712722301483,-1.5391595363616943,-0.08503712713718414
1789317091739954200,61.0439541015625,-0.20313313603401184,-0.18448355793952942,0.06794708967208862
1789317091749910300,61.05391015625,0.08652344346046448,1.185834527015686,0.29111412167549133
1789317091759865300,61.063865234375,0.19216518104076385,1.4208457469940186,0.0031055121216923
1789317091769821400,61.07382153320312,0.011884089559316635,0.1372675746679306,-0.255045622587204
1789317091779776300,61.0837763671875,-0.14569754898548126,-1.3661565780639648,-0.513087272644043
1789317091789732000,61.093732177734374,-0.13200277090072632,-1.6325193643569946,-0.31173497438430786
1789317091799687400,61.1036875,0.11718867719173431,-0.49412664771080017,-0.03797268122434616
1789317091809643300,61.11364331054688,0.30836156010627747,0.9613471031188965,0.22507067024707794
1789317091819598000,61.12359814453125,0.17391960322856903,1.2567270994186401,0.3440258204936981
1789317091829554400,61.13355444335937,-0.22761452198028564,0.41890352964401245,0.21718157827854156
1789317091839509200,61.14350927734375,-0.4764517545700073,-0.7209166288375854,0.013349627144634724
1789317091849465300,61.15346533203125,-0.2619333565235138,-0.8527753353118896,-0.5171747207641602
1789317091859420400,61.16342041015625,0.20340265333652496,-0.3959462642669678,-0.5927530527114868
1789317091869376300,61.173376220703126,0.40467292070388794,0.07209976017475128,0.018549449741840363
1789317091879331300,61.18333129882812,0.33117738366127014,0.25727200508117676,0.4420911371707916
1789317091889287200,61.193287109375,0.22867019474506378,0.05631333962082863,0.09740804880857468
1789317091899242500,61.203242431640625,-0.005308212712407112,0.6129792332649231,-0.26453471183776855
1789317091909198300,61.2131982421875,-0.15739867091178894,-0.7003669142723083,-0.3576132655143738
1789317091919153200,61.223153076171876,-0.3200829327106476,-1.1128950119018555,0.08271325379610062
1789317091929109200,61.233109130859376,-0.08190871775150299,-0.5571719408035278,0.5125522613525391
1789317091939064300,61.24306420898437,0.48912495374679565,0.22371219098567963,0.23840618133544922
1789317091949020400,61.2530205078125,0.5309866666793823,0.5696789026260376,0.3667985200881958
1789317091958975200,61.262975341796874,0.141437828540802,0.2760030925273895,0.2594318389892578
1789317091968930300,61.27293041992188,-0.2672114670276642,-0.30892881751060486,0.027028154581785202
1789317091978886400,61.28288647460938,-0.3890793025493622,0.014100372791290283,-0.5900779366493225
1789317091988841200,61.29284130859375,-0.0781555250287056,0.24060381948947906,-1.0556738376617432
1789317091998797000,61.30279711914063,0.16917730867862701,-0.0484175980091095,-0.651976466178894
1789317092008752400,61.31275244140625,0.20645543932914734,-0.4197235107421875,0.14183595776557922
1789317092018708200,61.322708251953124,0.2049853652715683,-0.827938437461853,0.9024587273597717
1789317092028663300,61.33266333007813,0.2063494473695755,0.2530786097049713,0.7133505940437317
1789317092038619400,61.34261938476563,0.24630485475063324,1.1416550874710083,0.20491106808185577
1789317092048574200,61.35257421875,-0.03204901143908501,-0.404964804649353,0.14479899406433105
1789317092058530300,61.3625302734375,-0.5196972489356995,-1.181513786315918,0.6597619652748108
1789317092068485400,61.3724853515625,-0.23298504948616028,-1.1844192743301392,0.579879879951477
1789317092078441500,61.38244140625,0.5737253427505493,0.8539907932281494,-0.5110979080200195
1789317092088396300,61.392396240234376,0.904449999332428,1.276039719581604,-1.0781898498535156
1789317092098352000,61.40235205078125,0.31461039185523987,0.5233023762702942,-1.2153137922286987
1789317092108307500,61.41230737304687,-0.5806833505630493,-0.45345988869667053,-0.5583018660545349
1789317092118263300,61.42226318359375,-0.7021176218986511,-0.8266547918319702,-0.14907896518707275
1789317092128218000,61.43221801757812,-0.17042899131774902,1.0195451974868774,0.1037445068359375
1789317092138174200,61.44217431640625,0.32489338517189026,0.16941778361797333,0.6035604476928711
1789317092148129300,61.45212939453125,0.21163155138492584,-0.04373522847890854,0.9401217103004456
1789317092158085400,61.46208544921875,0.11564990133047104,-0.801260232925415,0.9739726185798645
1789317092168040200,61.47204028320313,0.11939803510904312,-1.2722282409667969,0.6801276803016663
1789317092177996300,61.48199633789063,0.0036719664931297302,-0.34534701704978943,0.3067556619644165
1789317092187951400,61.491951416015624,-0.03292412683367729,0.5836847424507141,-0.11128577589988708
1789317092197907200,61.5019072265625,-0.09816491603851318,0.7338577508926392,-0.36858975887298584
1789317092207862300,61.5118623046875,-0.16292260587215424,0.3445568382740021,-0.7149556875228882
1789317092217818400,61.521818359375,-0.14560993015766144,-0.0812051072716713,-1.076454520225525
1789317092227773200,61.53177319335938,-0.08730321377515793,-0.25746482610702515,-0.9709126353263855
1789317092237729300,61.54172924804688,0.05705929175019264,-0.17521841824054718,-0.7681291699409485
1789317092247684400,61.55168432617187,0.028860410675406456,-0.3295336961746216,0.176932692527771
1789317092257640400,61.56164038085937,-0.02347549796104431,-0.07748760282993317,0.7342204451560974
1789317092267595300,61.57159521484375,-0.03209135681390762,-0.16289038956165314,1.2221450805664062
1789317092277550300,61.58155029296875,-0.0246648658066988,0.004057858604937792,1.0628199577331543
1789317092287506400,61.59150634765625,0.013556554913520813,0.3878057897090912,-0.033115874975919724
1789317092297461200,61.60146118164062,-0.044985316693782806,-0.1823735386133194,-0.5845260620117188
1789317092307417300,61.61141723632812,-0.19628669321537018,-0.6905819177627563,-0.7014209628105164
1789317092317372400,61.621372314453126,-0.339406818151474,-0.7214916348457336,0.08123733103275299
1789317092327328300,61.631328369140626,-0.035406727343797684,0.040590036660432816,0.05501691251993179
1789317092337283300,61.64128344726562,0.3055284917354584,1.7247546911239624,-0.33577561378479004
1789317092347239200,61.6512392578125,0.32474851608276367,0.5703551173210144,-0.40708494186401367
1789317092357194200,61.6611943359375,-0.13437005877494812,-0.8574254512786865,-0.2405201941728592
1789317092367150300,61.671150390625,-0.49654293060302734,-1.7793079614639282,0.7318177819252014
1789317092377105200,61.681105224609375,-0.11589331179857254,-1.15901517868042,0.5563018321990967
1789317092387061200,61.691061279296875,0.3171292245388031,0.40032050013542175,0.47320857644081116
1789317092397016300,61.70101635742188,0.32762235403060913,1.434887170791626,0.1958017200231552
1789317092406972400,61.71097241210938,-0.10864339023828506,0.9983687400817871,-0.16057822108268738
1789317092416927200,61.72092724609375,-0.5422906875610352,-0.21074339747428894,-0.39612123370170593
1789317092426883300,61.73088330078125,-0.4406309127807617,-0.6914572715759277,-1.287673830986023
1789317092436838000,61.740837890625,-0.11968591809272766,-0.8251215815544128,-0.838412344455719
1789317092446793700,61.75079370117187,0.23644289374351501,-0.6235660910606384,0.07618345320224762
1789317092456748800,61.760748779296875,0.4051046073436737,0.0246675293892622,0.7772268056869507
1789317092466705000,61.770704833984375,0.24848198890686035,1.2229504585266113,1.040503740310669
1789317092476659700,61.78065966796875,0.08884864300489426,0.9838119149208069,0.08492154628038406
1789317092486615800,61.79061572265625,-0.4547201097011566,-0.807400107383728,-0.009787916205823421
1789317092496571000,61.80057080078125,-0.8853790760040283,-1.6514575481414795,0.5541644096374512
1789317092506526700,61.81052661132812,-0.44591063261032104,-1.2308834791183472,0.6614514589309692
1789317092516481800,61.820481689453125,0.3823460340499878,0.826074481010437,0.28738462924957275
1789317092526437600,61.830437744140625,0.9248865246772766,2.3038952350616455,-0.6831287741661072
1789317092536392700,61.84039282226563,0.587046205997467,0.7118078470230103,-1.5166326761245728
1789317092546348800,61.85034887695313,-0.4966142773628235,-1.0521224737167358,-1.2220960855484009
1789317092556303600,61.8603037109375,-0.971255362033844,-2.2386839389801025,-0.33030468225479126
1789317092566259000,61.870259033203126,-0.4240535497665405,-1.093412160873413,0.28737184405326843
1789317092576214800,61.88021484375,0.45718032121658325,1.8800420761108398,0.8829588294029236
1789317092586169600,61.89016967773438,0.8432998061180115,1.3514615297317505,0.9744991064071655
1789317092596126000,61.9001259765625,0.17607462406158447,0.33174970746040344,0.9119582176208496
1789317092606080800,61.91008081054687,-0.34644821286201477,-1.723375678062439,0.6162993907928467
1789317092616036900,61.92003686523437,-0.24967055022716522,-2.546611785888672,0.12852202355861664
1789317092625992000,61.929991943359376,0.16115373373031616,-0.06870449334383011,-0.4251568913459778
1789317092635947800,61.93994775390625,0.6033117175102234,1.8478507995605469,-0.73805832862854
1789317092645902800,61.94990283203125,0.49725478887557983,1.2926698923110962,-0.7063475251197815
1789317092655858700,61.959858642578126,-0.11921613663434982,0.025899240747094154,-0.570470929145813
1789317092665813800,61.96981372070312,-0.44386106729507446,-1.213786244392395,-0.41217291355133057
1789317092675769900,61.97976977539062,-0.1568644493818283,-0.2800034284591675,-0.41727766394615173
1789317092685724700,61.989724609375,0.4303862750530243,0.2854889929294586,-0.06300373375415802
1789317092695680800,61.9996806640625,0.5551601648330688,0.07732035219669342,0.6110588312149048
1789317092705635800,62.0096357421875,0.2160385549068451,0.05518229678273201,1.2216598987579346
1789317092715592000,62.01959204101563,0.12316587567329407,-0.5556520223617554,1.0727229118347168
1789317092725546800,62.02954663085937,0.10864339023828506,-0.4136648178100586,0.35815975069999695
1789317092735502600,62.03950268554688,0.06331745535135269,0.5760082006454468,-0.5242072939872742
1789317092745458000,62.0494580078125,0.04814835265278816,0.6378023028373718,-1.0477222204208374
1789317092755413800,62.059413818359374,-0.08162429183721542,0.1749774068593979,-0.8340181708335876
1789317092765368600,62.06936865234375,-0.1899840533733368,-0.0027832696214318275,-0.3476034998893738
1789317092775325000,62.07932495117188,0.07565028965473175,-0.09303274005651474,-0.23235441744327545
1789317092785279700,62.08927978515625,0.37174558639526367,0.8552936315536499,-0.20064841210842133
1789317092795234600,62.099234619140624,0.39751967787742615,0.2949139177799225,-0.09576807171106339
1789317092805191000,62.10919091796875,0.03329670429229736,-0.5640686750411987,0.246230810880661
1789317092815145700,62.11914575195313,-0.29345664381980896,-1.0046000480651855,0.8120579719543457
1789317092825101800,62.12910180664063,-0.12735582888126373,-0.7995073199272156,0.8054624199867249
1789317092835057000,62.13905688476562,0.02805027738213539,0.36019012331962585,0.7648206949234009
1789317092845013000,62.14901293945312,0.1082385927438736,1.3002668619155884,0.25638917088508606
1789317092854967800,62.1589677734375,0.08819643408060074,0.7367254495620728,-0.516362190246582
1789317092864923600,62.16892358398437,-0.22351084649562836,-0.36085033416748047,-0.6186358332633972
1789317092874879000,62.17887890625,-0.3476908504962921,-0.695835530757904,-0.9426165223121643
1789317092884834800,62.188834716796876,-0.13331997394561768,-0.25803661346435547,-0.8804431557655334
1789317092894789600,62.19878955078125,0.23609481751918793,0.9622696042060852,-0.6426188945770264
1789317092904745700,62.20874584960937,0.24669472873210907,-0.022580942139029503,-0.03666720166802406
1789317092914700800,62.21870068359375,-0.25568342208862305,-0.3718627691268921,0.6834424734115601
1789317092924657000,62.228656982421874,-0.40180495381355286,-0.4876660704612732,0.5355255007743835
1789317092934611700,62.23861181640625,-0.23342393338680267,-0.16165733337402344,1.1365820169448853
1789317092944567800,62.24856787109375,-0.18587400019168854,0.8579772710800171,1.5070195198059082
1789317092954523000,62.25852294921875,-0.21858160197734833,0.587797999382019,1.7360219955444336
1789317092964478700,62.26847875976563,-0.2501581907272339,-0.03237578272819519,1.0211960077285767
1789317092974433800,62.278433837890624,-0.19941750168800354,-0.45122337341308594,-0.15593953430652618
1789317092984390000,62.288389892578124,-0.10943248122930527,-0.7388796806335449,-0.8875167965888977
1789317092994344700,62.2983447265625,-0.022111693397164345,-0.40593552589416504,-1.5169367790222168
1789317093004299800,62.3082998046875,0.02971528470516205,-0.4976755678653717,-1.5075459480285645
1789317093014255900,62.318255859375,-0.006200904026627541,-0.21474958956241608,-1.665010690689087
1789317093024210700,62.328210693359374,-0.1492755115032196,0.477925568819046,-1.4198012351989746
1789317093034166800,62.33816674804687,-0.19148261845111847,0.20368921756744385,-0.5587202906608582
1789317093044121900,62.34812182617188,-0.26131123304367065,-0.2537859380245209,0.19597989320755005
