time,seconds_elapsed,z,y,x
1789222573017678800,0.049678955078125,-6.121237147438526,-7.646307364600896,0.4845843555759638
1789222573027672800,0.0596728515625,-6.112355337324738,-7.651247743612528,0.5175852558912709
1789222573037667800,0.069667724609375,-6.114045190107822,-7.650743301221728,0.5049426684718579
1789222573047661800,0.079661865234375,-6.136583769652247,-7.634874116438627,0.47056569403037424
1789222573057655800,0.08965576171875,-6.185156954163313,-7.596308531200886,0.4586047687321901
1789222573067650800,0.09965087890625,-6.2282005615979426,-7.561503175279498,0.4511870398215949
1789222573077644800,0.109644775390625,-6.234540286013484,-7.556044909873604,0.4550593512102961
1789222573087638500,0.119638427734375,-6.225989315289259,-7.561599621391296,0.4792273585874587
1789222573097633800,0.1296337890625,-6.205218329939246,-7.577233243852853,0.5011819276988506
1789222573107627500,0.13962744140625,-6.168696233227848,-7.60609167406857,0.5147161301957444
1789222573117621800,0.149621826171875,-6.135675422635674,-7.630957819777727,0.5406911504622548
1789222573127615700,0.15961572265625,-6.129880472621322,-7.633997333604097,0.5630537523852661
1789222573137610800,0.16961083984375,-6.1370578169047825,-7.628580569252371,0.5582616227379068
1789222573147604700,0.179604736328125,-6.136741590562463,-7.629569580289721,0.5481339772814885
1789222573157598700,0.1895986328125,-6.155543321666121,-7.615255808255076,0.5362325270855799
1789222573167593700,0.19959375,-6.187074770483374,-7.591033805668354,0.5164102207625284
1789222573177587700,0.209587646484375,-6.196337688869238,-7.58240450901091,0.5318936210984364
1789222573187581700,0.219581787109375,-6.186605983927846,-7.586071214824915,0.5897579637091607
1789222573197576700,0.22957666015625,-6.170654966080188,-7.5989447249233715,0.5911397369237616
1789222573207570700,0.23957080078125,-6.142997143825888,-7.626987162581086,0.5128721462968736
1789222573217565000,0.24956494140625,-6.127765087902546,-7.642313911050557,0.4646736768497154
1789222573227559700,0.2595595703125,-6.1208139535903925,-7.647911292666197,0.46418001158125693
1789222573237554000,0.269553955078125,-6.104921387931705,-7.658531470879912,0.49721364512238647
1789222573247547600,0.279547607421875,-6.094957627800107,-7.6592323126256465,0.598363075773418
1789222573257541600,0.289541748046875,-6.097093470785022,-7.647071334710716,0.7198155454691499
1789222573267536600,0.29953662109375,-6.118501000472903,-7.629592376643418,0.7236350306920707
1789222573277530600,0.309530517578125,-6.153496910530328,-7.613858216416835,0.5779509868636727
1789222573287524600,0.319524658203125,-6.202174724459648,-7.584928474530577,0.4150609201578423
1789222573297519600,0.32951953125,-6.246807646912336,-7.551568056720495,0.3487032918268814
1789222573307513600,0.339513671875,-6.239335703596472,-7.555017320391535,0.4034687916394323
1789222573317507800,0.3495078125,-6.1946355611264705,-7.583458986499905,0.5366789556788281
1789222573327502800,0.3595029296875,-6.151040749549866,-7.611164739549159,0.6365993559915571
1789222573337496800,0.369496826171875,-6.122908880043029,-7.635173976168036,0.6200778447795658
1789222573347490800,0.37949072265625,-6.143520875439047,-7.6218714270025485,0.5784550639282912
1789222573357485800,0.38948583984375,-6.161120245015621,-7.607998384472728,0.5738788055213168
1789222573367479800,0.399479736328125,-6.149427469134331,-7.616950921735167,0.5804939493447542
1789222573377473800,0.409473876953125,-6.157464645117521,-7.608640774029493,0.6038194049505516
1789222573387468000,0.419468017578125,-6.18432284142673,-7.584143461632729,0.6366369115229695
1789222573397463000,0.429463134765625,-6.208906663063168,-7.565662633046507,0.6169430538851768
1789222573407457000,0.43945703125,-6.231065303379297,-7.5523296887427565,0.5536473704081029
1789222573417451300,0.449451171875,-6.242197522768378,-7.5469953419774765,0.4982166481524706
1789222573427446000,0.459446044921875,-6.24525223416388,-7.543765274015069,0.5087443257771432
1789222573437440300,0.469440185546875,-6.239091957968473,-7.542663450253009,0.5935951672518626
1789222573447434200,0.479434326171875,-6.235996330040693,-7.535046545508504,0.7112042228598148
1789222573457429200,0.48942919921875,-6.233064952763915,-7.530242360097169,0.784052601449564
1789222573467423200,0.49942333984375,-6.212009305253624,-7.5491931442826985,0.7687695459913462
1789222573477417200,0.509417236328125,-6.196439395678043,-7.567905443537235,0.7080535037439316
1789222573487411200,0.5194111328125,-6.202699625116586,-7.568498733255267,0.6439838402196765
1789222573497406200,0.52940625,-6.20854835114479,-7.56618051944077,0.6141745390199125
1789222573507400000,0.53939990234375,-6.207857446271181,-7.561112714657187,0.6800478179000318
1789222573517394200,0.549394287109375,-6.228198808032274,-7.527838806086778,0.8435444356642663
1789222573527389000,0.559388916015625,-6.241310218539834,-7.502863939306139,0.9609650194954127
1789222573537383200,0.569383056640625,-6.22421529135406,-7.516578576403856,0.9646643124047666
1789222573547377200,0.579377197265625,-6.223839443778991,-7.525901116022467,0.8916440843794494
1789222573557372200,0.5893720703125,-6.236948516198992,-7.527195832008123,0.7824258770305663
1789222573567366100,0.5993662109375,-6.23434154857099,-7.535372124201059,0.7221786213386804
1789222573577360100,0.609360107421875,-6.244641408789158,-7.520075770869851,0.7894878513060509
1789222573587355100,0.619355224609375,-6.266833366852999,-7.486865575185417,0.9187107358075678
1789222573597349000,0.62934912109375,-6.258713188761472,-7.484187295886874,0.9928911667186766
1789222573607343000,0.639343017578125,-6.241137784582376,-7.4929294052690265,1.036627578723058
1789222573617337300,0.64933740234375,-6.244479496225714,-7.485071677505969,1.0726444293260573
1789222573627332000,0.65933203125,-6.226970143020153,-7.5039675166338675,1.0419690858814865
1789222573637326300,0.669326416015625,-6.19526918285489,-7.535522346326708,1.0024630049232393
1789222573647320000,0.679320068359375,-6.183882696443796,-7.542105816370248,1.0230440206591038
1789222573657315300,0.6893154296875,-6.187732942131161,-7.533757090219855,1.0605858158070594
1789222573667309000,0.69930908203125,-6.1944701414316885,-7.5256526942193505,1.0786477613940835
1789222573677303000,0.709302978515625,-6.212037362304329,-7.508036958029866,1.1001652542624623
1789222573687298000,0.719298095703125,-6.238638368982076,-7.485452201256155,1.1035334155213088
1789222573697292000,0.7292919921875,-6.248261937373877,-7.480209624427556,1.084471060720086
1789222573707286000,0.7392861328125,-6.239296540629863,-7.487299874949455,1.087152481823787
1789222573717281000,0.749281005859375,-6.234722072321176,-7.490437003931403,1.0917803608201444
1789222573727275000,0.75927490234375,-6.2245870472759,-7.503014745953679,1.0628615787193179
1789222573737269200,0.769269287109375,-6.209683492654562,-7.513983883735537,1.0725043632682412
1789222573747263200,0.77926318359375,-6.192454709956049,-7.518370135995745,1.1392999446250498
1789222573757258200,0.78925830078125,-6.155169812178611,-7.539877618926763,1.1977111439961938
1789222573767252200,0.799252197265625,-6.135213065820932,-7.5467480892181396,1.255445467019081
1789222573777246200,0.80924609375,-6.167007549488544,-7.509701091849803,1.320150286641717
1789222573787241200,0.8192412109375,-6.20457710942626,-7.476207403048872,1.3341405258104204
1789222573797235200,0.829235107421875,-6.228645382755994,-7.463801510462164,1.290746205241978
1789222573807229000,0.83922900390625,-6.256929812476039,-7.451511937731504,1.2231822698611765
1789222573817224200,0.84922412109375,-6.269907951992749,-7.449475463467836,1.1678805077474563
1789222573827218200,0.85921826171875,-6.260010827356576,-7.4586360905230045,1.162493992403522
1789222573837212200,0.869212158203125,-6.2213470424413675,-7.4865674690216775,1.1901813330132514
1789222573847206100,0.8792060546875,-6.18907792699933,-7.50556735304594,1.2377983127780259
1789222573857201200,0.889201171875,-6.202952138572931,-7.474056947016716,1.3536049586065113
1789222573867195100,0.899195068359375,-6.22828181014061,-7.4210127545714375,1.519035174781829
1789222573877189000,0.909189208984375,-6.257493876099586,-7.37365537559092,1.6258403296396136
1789222573887184100,0.91918408203125,-6.282444777482747,-7.3497723957002155,1.6377219060912727
1789222573897178000,0.92917822265625,-6.256762054693699,-7.386941558143496,1.567292425211519
1789222573907172000,0.939172119140625,-6.219508721098303,-7.433664730873703,1.4928922871351242
1789222573917167000,0.9491669921875,-6.216424783608317,-7.445609435689449,1.4454616967879235
1789222573927161300,0.959161376953125,-6.2380760589241975,-7.428397019603848,1.4407324763089417
1789222573937155300,0.9691552734375,-6.267056069692969,-7.392128605392575,1.5002778673417865
1789222573947150300,0.979150390625,-6.29178485275805,-7.355612938421964,1.574417600916326
1789222573957144300,0.989144287109375,-6.305447467407584,-7.337041508942842,1.6060941572926937
1789222573967138000,0.999137939453125,-6.300427593418956,-7.34333096447587,1.597026907609403
1789222573977132000,1.009132080078125,-6.273952258947491,-7.367917708721756,1.5879823081493376
1789222573987127000,1.019126953125,-6.246060627937316,-7.391122643220424,1.5900978389985858
1789222573997121000,1.02912109375,-6.226235399004817,-7.405795311695337,1.5995545263908804
1789222574007115000,1.039114990234375,-6.214917886176705,-7.405900525635481,1.642505048714578
1789222574017110000,1.049110107421875,-6.227043792778253,-7.3824483383774755,1.7011052678517997
1789222574027104300,1.059104248046875,-6.2534156668752425,-7.3546227583408355,1.7247291584149003
1789222574037098200,1.06909814453125,-6.288068462583422,-7.329531571704149,1.705442420273274
1789222574047093200,1.07909326171875,-6.306390301215648,-7.321288644015788,1.6728873274967073
1789222574057087200,1.089087158203125,-6.300495982480049,-7.331435359498858,1.6505150444298982
1789222574067081200,1.099081298828125,-6.296515388411283,-7.337722476944327,1.6377163531333208
1789222574077076200,1.109076171875,-6.287340732830763,-7.346010997340083,1.6358064278587698
1789222574087070200,1.1190703125,-6.264031168913841,-7.361060097911953,1.6574365142561494
1789222574097064200,1.129064208984375,-6.248965117207169,-7.366558110806346,1.6895710435330866
1789222574107058200,1.13905810546875,-6.247419641330838,-7.366476862263679,1.6956297590501606
1789222574117053000,1.149052978515625,-6.240425836920738,-7.37591279912889,1.6802939504913985
1789222574127047200,1.159047119140625,-6.2251201312392945,-7.390946702131629,1.6709825167886911
1789222574137041200,1.169041259765625,-6.227359434598684,-7.390513571411371,1.6645422546081243
1789222574147036200,1.1790361328125,-6.229950035613775,-7.389710438334942,1.6584014137655496
1789222574157030100,1.189030029296875,-6.218073719859123,-7.392756966423988,1.6891102941535412
1789222574167024000,1.199024169921875,-6.227019827380776,-7.381822315433621,1.7039118497051298
1789222574177019100,1.20901904296875,-6.253284733971953,-7.378552499982714,1.6198070408247411
1789222574187013000,1.21901318359375,-6.2563026204884045,-7.400113174405694,1.50578260223791
1789222574197007000,1.229007080078125,-6.250210733354091,-7.406600782859325,1.4991706367522477
1789222574207001000,1.2390009765625,-6.247258313289285,-7.394708685013652,1.5685767659336327
1789222574216996000,1.24899609375,-6.228487561845779,-7.402418528738617,1.6064027848504483
1789222574226990300,1.258990234375,-6.217521346673369,-7.4162132453352205,1.5851165434546768
1789222574236984300,1.268984375,-6.231856746017932,-7.416001063889265,1.5288148105181754
1789222574246979300,1.278979248046875,-6.2400739547431465,-7.418903799593449,1.480450008060783
1789222574256973300,1.288973388671875,-6.2319952777057885,-7.427388134822249,1.4719130658619104
1789222574266967000,1.298967041015625,-6.220232359197736,-7.43048084014058,1.5056757808625698
1789222574276962000,1.308962158203125,-6.207289875516295,-7.433004221138358,1.5460855326622724
1789222574286956000,1.3189560546875,-6.211892400875687,-7.426813549804687,1.5573106910318135
1789222574296950000,1.328949951171875,-6.238922446620464,-7.4129621345847845,1.5146670427002011
1789222574306945000,1.338945068359375,-6.260398365369439,-7.407880301275849,1.4495152099624276
1789222574316939000,1.34893896484375,-6.273484641435742,-7.403191266676783,1.4165246483780443
1789222574326933200,1.358933349609375,-6.295200214159489,-7.38407973897159,1.419930657429248
1789222574336927200,1.36892724609375,-6.3060986247926945,-7.371770292496681,1.435445621947199
1789222574346922200,1.378922119140625,-6.2892982966393225,-7.3823770267069335,1.454518132816255
1789222574356916200,1.388916259765625,-6.253766964530945,-7.406801858389377,1.4832659422643482
1789222574366910200,1.39891015625,-6.220557937890291,-7.425424141272902,1.5290883667625486
1789222574376905200,1.4089052734375,-6.207852770096063,-7.428575298780203,1.5649983229249715
1789222574386898700,1.418898681640625,-6.220231190153956,-7.419951262819766,1.5567374211885034
1789222574396892700,1.428892578125,-6.243868670850992,-7.405943195733427,1.528557182495296
1789222574406887700,1.4388876953125,-6.264291281154751,-7.397207516092061,1.4867279192864895
1789222574416881700,1.448881591796875,-6.282061915645003,-7.392159585052728,1.4359874737389384
1789222574426875600,1.458875732421875,-6.294490020063519,-7.393079622507095,1.3755527326509356
1789222574436869600,1.46886962890625,-6.311429464426636,-7.381550512754917,1.3597590973220766
1789222574446864600,1.47886474609375,-6.318367739257216,-7.367624278733134,1.4023995307832955
1789222574456858600,1.488858642578125,-6.2896700525611635,-7.3808870804101225,1.4604577519983053
1789222574466852600,1.4988525390625,-6.248104116463661,-7.409557294577359,1.4933293633781373
1789222574476847600,1.50884765625,-6.222296305990219,-7.434947171899676,1.4747801457308232
1789222574486841600,1.518841552734375,-6.215497731891274,-7.452644156631827,1.4128281319476663
1789222574496835600,1.528835693359375,-6.2160419217705725,-7.465511236989498,1.3406539993576705
1789222574506830600,1.53883056640625,-6.232264157775044,-7.460329450437426,1.2933448434330521
1789222574516824800,1.548824951171875,-6.269069163081049,-7.430766671344638,1.285638799100369
1789222574526818800,1.55881884765625,-6.300227686932683,-7.409187292221188,1.257562313042581
1789222574536813800,1.568813720703125,-6.336064139467477,-7.389475460535287,1.1917707941617817
1789222574546807800,1.578807861328125,-6.361283336398005,-7.376503166237473,1.1365131634507328
1789222574556801500,1.588801513671875,-6.312248964115977,-7.416559282293916,1.149151330423355
1789222574566796500,1.598796630859375,-6.211137783116102,-7.4950763541698455,1.1899504468668252
1789222574576790500,1.60879052734375,-6.133961019933223,-7.558915496873855,1.1864664041433484
1789222574586784500,1.618784423828125,-6.078227442273497,-7.6100705145716665,1.1455902769409119
1789222574596778800,1.62877880859375,-6.065102003240585,-7.621274045631289,1.1406564007353037
1789222574606773500,1.6387734375,-6.132418466666341,-7.564005513489246,1.1617414935357868
1789222574616767700,1.648767822265625,-6.207302150475979,-7.50927789800167,1.1182718427088112
1789222574626761700,1.65876171875,-6.240381997779012,-7.498202377235889,1.002491646495834
1789222574636756700,1.6687568359375,-6.264691678649187,-7.493626155361532,0.8772646266974509
1789222574646750700,1.678750732421875,-6.289339213171601,-7.481044321686029,0.8053435190204531
1789222574656744700,1.68874462890625,-6.269880479463935,-7.498665903094411,0.7930952281482517
1789222574666739700,1.69873974609375,-6.221600140419602,-7.538475350913405,0.795909481851384
1789222574676733700,1.708733642578125,-6.177293965703249,-7.572816596454381,0.8147880775835364
1789222574686727700,1.718727783203125,-6.1158437639623875,-7.615445193347335,0.878541807026416
1789222574696722700,1.72872265625,-6.090383159491419,-7.626973134055733,0.9523065698087215
1789222574706716400,1.73871630859375,-6.140253398075699,-7.592544794753193,0.9060543025258928
1789222574716710700,1.748710693359375,-6.189971660968661,-7.57093618953526,0.7318328771296888
1789222574726704600,1.75870458984375,-6.204001939886808,-7.568271354240179,0.6340493792477995
1789222574736699600,1.76869970703125,-6.213439630317688,-7.555643343335389,0.6897881445392966
1789222574746693600,1.778693603515625,-6.208029295706749,-7.555622300547361,0.737101172921434
1789222574756687600,1.7886875,-6.189613933572173,-7.574917368125915,0.6925942149359733
1789222574766682600,1.7986826171875,-6.177303902575373,-7.590970677304267,0.6232709417324512
1789222574776676600,1.808676513671875,-6.174735513392091,-7.595766679409146,0.5893650188688189
1789222574786670600,1.818670654296875,-6.19331220356822,-7.581400300404429,0.5793296182731166
1789222574796665600,1.82866552734375,-6.231929811254143,-7.549860083758831,0.5771021880146116
1789222574806659600,1.83865966796875,-6.244948867303132,-7.538805605781078,0.5808624173309653
1789222574816653800,1.84865380859375,-6.203026372852921,-7.572194665163755,0.5955765868600458
1789222574826648800,1.85864892578125,-6.155277364206314,-7.610017323079704,0.6087496278943494
1789222574836642800,1.868642822265625,-6.118584002581239,-7.64124540503621,0.5870902423372492
1789222574846636500,1.878636474609375,-6.077659871518612,-7.673982137989998,0.5851799152038991
1789222574856630500,1.888630615234375,-6.077179394525289,-7.671822914129495,0.6175811325930058
1789222574866625500,1.89862548828125,-6.123346102416515,-7.635096234756707,0.6167036921713501
1789222574876619500,1.90861962890625,-6.16910422950685,-7.6027815266072745,0.5570034759029746
1789222574886613500,1.918613525390625,-6.233948749861121,-7.552878554797172,0.5121375849446281
1789222574896608500,1.9286083984375,-6.295401289689541,-7.5019310423702,0.5092629062911496
1789222574906602500,1.9386025390625,-6.295594766435027,-7.501821152254939,0.5084804872091859
1789222574916596700,1.9485966796875,-6.260919174373149,-7.530584305402636,0.5114422596242278
1789222574926591700,1.958591796875,-6.216206756943464,-7.565982366520166,0.5339137652818113
1789222574936585700,1.968585693359375,-6.1640083676725625,-7.6053078302145,0.5785167309876531
1789222574946579700,1.978579833984375,-6.1235389946401115,-7.633987981253862,0.6283989522706717
1789222574956574700,1.98857470703125,-6.126815824353694,-7.6280895708650345,0.6668995094481855
1789222574966568700,1.998568603515625,-6.153429690513015,-7.604688237011432,0.6887716609731316
1789222574976562700,2.008562744140625,-6.176448747050761,-7.585377971863746,0.69563321730569
1789222574986556700,2.018556640625,-6.227804255756736,-7.544435720622539,0.6828820914778858
1789222574996551700,2.0285517578125,-6.274653100693225,-7.511245983204245,0.6166776078820229
1789222575006545700,2.038545654296875,-6.278363061127067,-7.514187297353148,0.5380772781694307
1789222575016539600,2.04853955078125,-6.264418122404813,-7.5274711418181655,0.5144140054440125
1789222575026534700,2.05853466796875,-6.244519243714213,-7.541202145528793,0.5537553608272224
1789222575036528600,2.068528564453125,-6.215808697536588,-7.558575889655947,0.6340681570135056
1789222575046522600,2.078522705078125,-6.175732123214006,-7.584571916177868,0.7106211622748524
1789222575056517600,2.088517578125,-6.151080497038364,-7.600662050235271,0.7513472865473478
1789222575066511600,2.09851171875,-6.163898477557301,-7.591249494245648,0.7413961667016148
1789222575076505600,2.108505615234375,-6.172354755735397,-7.589058706203103,0.6918096404295414
1789222575086500600,2.11850048828125,-6.1781409379214045,-7.587711383247375,0.6539143556687981
1789222575096494600,2.12849462890625,-6.208813724082708,-7.562511475539207,0.6553217382486909
1789222575106488800,2.13848876953125,-6.229551391685009,-7.543585825794935,0.6763029322832822
1789222575116482800,2.14848291015625,-6.235249895587563,-7.536106283694505,0.7065009405396878
1789222575126477800,2.158477783203125,-6.241088100221753,-7.528454892158508,0.7359260647274554
1789222575136471800,2.168471923828125,-6.230989900055527,-7.536825830140709,0.7358028036739677
1789222575146465500,2.178465576171875,-6.214084357962012,-7.552834715655446,0.7142999969180673
1789222575156460800,2.188460693359375,-6.190764857172965,-7.570511826643347,0.729500853985548
1789222575166454500,2.19845458984375,-6.169840142565965,-7.582327936643361,0.7821483752634376
1789222575176448500,2.208448486328125,-6.15854776417911,-7.588586997038125,0.8099416604656726
1789222575186443500,2.218443603515625,-6.144681151390075,-7.601030299025774,0.7985072432596236
1789222575196437500,2.2284375,-6.149951785269379,-7.597635395890474,0.7902055711213499
1789222575206431700,2.238431640625,-6.178043907287717,-7.577460038346052,0.7643695574667304
1789222575216426500,2.248426513671875,-6.219429226121306,-7.548383581465482,0.7148309619896114
1789222575226420700,2.258420654296875,-6.257825300011039,-7.519635041365027,0.6819684837643056
1789222575236414700,2.268414794921875,-6.267592076265812,-7.507168943023681,0.7280753512270748
1789222575246409700,2.27840966796875,-6.244369606110453,-7.51729870737195,0.8175934903930873
1789222575256403700,2.28840380859375,-6.188477623018622,-7.5565598736584185,0.8783681309599429
1789222575266397700,2.298397705078125,-6.124634973183274,-7.605790060773492,0.9006557314179837
1789222575276391700,2.3083916015625,-6.10166560100615,-7.622534274825453,0.9148938078679144
1789222575286386700,2.31838671875,-6.121860832294821,-7.605225997149944,0.9239836347091942
1789222575296380700,2.328380615234375,-6.166943836602568,-7.571768548706173,0.8986225450899451
1789222575306374700,2.338374755859375,-6.2237435821890825,-7.530934434014559,0.8487791214473545
1789222575316369400,2.348369384765625,-6.273425604724884,-7.492859262642264,0.819498520296812
1789222575326363600,2.35836376953125,-6.3042801771938795,-7.465542801171541,0.8319276476286351
1789222575336357600,2.368357666015625,-6.297846929275989,-7.465775440883636,0.8773222021035849
1789222575346352600,2.3783525390625,-6.2483385097414255,-7.501477453383803,0.9254676627218723
1789222575356346600,2.3883466796875,-6.197929341974854,-7.541028542527556,0.9428400916747748
1789222575366340600,2.398340576171875,-6.162908297476172,-7.56963095215559,0.9432006686154752
1789222575376335600,2.408335693359375,-6.154851832270622,-7.572400416868924,0.9731111651673913
1789222575386329900,2.418329833984375,-6.179260881862044,-7.545971259626746,1.0224640288140625
1789222575396323800,2.42832373046875,-6.217651695054769,-7.512775676989555,1.034114207662642
1789222575406318800,2.43831884765625,-6.265624575585126,-7.477166603469848,1.0021588343448937
1789222575416312800,2.448312744140625,-6.310242884990573,-7.44454385228455,0.9643599956959485
1789222575426307000,2.45830712890625,-6.319877559298276,-7.438734289222955,0.9459139461621642
1789222575436301800,2.4683017578125,-6.2966901604563,-7.4573676780223845,0.9538003154978155
1789222575446296000,2.478296142578125,-6.266724061259627,-7.479628025147319,0.9765783298213034
1789222575456289800,2.488289794921875,-6.235995745518803,-7.498339739879965,1.0284162882819772
1789222575466283800,2.49828369140625,-6.213949917927384,-7.50221044383347,1.128734126947075
1789222575476278800,2.50827880859375,-6.214913210001588,-7.489535671177506,1.2050308924250304
1789222575486272800,2.518272705078125,-6.197940447890758,-7.507497444325685,1.1804299004580825
1789222575496266800,2.528266845703125,-6.179255621165037,-7.53447488310039,1.1040268981266765
1789222575506261800,2.53826171875,-6.216130184575915,-7.512273572686314,1.0468333309169857
1789222575516255700,2.548255859375,-6.2523027371972795,-7.482279416438937,1.046223382325098
1789222575526250000,2.55825,-6.245211902153492,-7.476461085548997,1.1270499001871794
1789222575536245000,2.568244873046875,-6.246973651129007,-7.454584184783696,1.2549423398025332
1789222575546239000,2.578239013671875,-6.281071151041984,-7.418367208498716,1.2985994029603898
1789222575556233000,2.58823291015625,-6.310759017819166,-7.408722012796997,1.2064587332710623
1789222575566228000,2.59822802734375,-6.336406084772944,-7.402075998911261,1.1088829598557204
1789222575576222000,2.608221923828125,-6.341458107465505,-7.401548760166764,1.0832239102032035
1789222575586216000,2.6182158203125,-6.295372063595056,-7.433571791893243,1.1316769754659384
1789222575596211000,2.6282109375,-6.228260182830691,-7.475294964379072,1.2243855081710964
1789222575606204700,2.63820458984375,-6.1801949478417635,-7.504780586582422,1.2860239990256725
1789222575616198700,2.64819873046875,-6.177686764413118,-7.507035672032833,1.2849135535657406
1789222575626193700,2.658193603515625,-6.218970376437902,-7.478596344012022,1.251150400173664
1789222575636188000,2.66818798828125,-6.253758781224489,-7.457404502901435,1.2033284724213182
1789222575646182000,2.678181884765625,-6.299627967473864,-7.4252633977532385,1.162121432764083
1789222575656175900,2.68817578125,-6.35396336877346,-7.378096572908759,1.1667127060770988
1789222575666171000,2.6981708984375,-6.335659650319815,-7.383942376327514,1.2276834537379442
1789222575676164900,2.708164794921875,-6.273160816308856,-7.428050398123264,1.281369012826681
1789222575686158800,2.718158935546875,-6.235947814723849,-7.465014393383264,1.2477576889954507
1789222575696153900,2.72815380859375,-6.20554566219747,-7.503507497906685,1.1657497062638402
1789222575706147800,2.73814794921875,-6.192610192778706,-7.517914793443679,1.141455003767088
1789222575716141800,2.748141845703125,-6.191113816741108,-7.514647316080332,1.170711566454917
1789222575726136800,2.75813671875,-6.18484540399611,-7.5139587492942805,1.2076808224119244
1789222575736131000,2.768131103515625,-6.196712951922416,-7.501668592041731,1.2231540666799992
1789222575746124800,2.778124755859375,-6.2152943182736635,-7.4896210113734005,1.2025283350195735
1789222575756120000,2.7881201171875,-6.229720903033018,-7.486001651832461,1.1492346247926353
1789222575766113800,2.79811376953125,-6.247115105426311,-7.48139678838551,1.082883718463406
1789222575776107800,2.808107666015625,-6.254401170781255,-7.478703311517834,1.0591755836829542
1789222575786102800,2.818102783203125,-6.2452785376489155,-7.4761495353817935,1.1287507127556948
1789222575796096800,2.8280966796875,-6.2380199448227875,-7.471051919981837,1.2003671383976935
1789222575806090800,2.8380908203125,-6.2348810622751705,-7.480509484156966,1.156985896506533
1789222575816085800,2.848085693359375,-6.230097335129976,-7.492928820747137,1.1010380185090005
1789222575826079700,2.858079833984375,-6.215143511626124,-7.5040464270889755,1.109803727962449
1789222575836074000,2.868073974609375,-6.1868485605120656,-7.526863239052891,1.1133796867530792
1789222575846068700,2.87806884765625,-6.171739838707446,-7.54441643140018,1.0778683745194226
1789222575856063000,2.88806298828125,-6.169867030572891,-7.5472104460328815,1.0689932864073663
1789222575866057000,2.898056884765625,-6.177279937177896,-7.535151759448647,1.1104415874745697
1789222575876052000,2.908052001953125,-6.203005330064892,-7.511064781418442,1.1300523699387908
1789222575886046000,2.9180458984375,-6.222721253404021,-7.499961203601956,1.094857064851746
1789222575896040000,2.9280400390625,-6.227265911096334,-7.4988114490449425,1.076741124055162
1789222575906033700,2.93803369140625,-6.225495394292474,-7.497022812062501,1.0992043733410537
1789222575916029000,2.94802880859375,-6.207053144150972,-7.51188837276101,1.1020059867583214
1789222575926022700,2.958022705078125,-6.151046594768762,-7.558621482363343,1.0964763366166501
1789222575936017000,2.968016845703125,-6.11084142563045,-7.589006683754921,1.1112917014978825
1789222575946012000,2.978011962890625,-6.128923610287904,-7.572554730647802,1.1238698088463395
1789222575956006000,2.988005859375,-6.155355105617642,-7.554045260488986,1.103807264026627
1789222575965999900,2.997999755859375,-6.210720434486865,-7.5110273720175025,1.08710016711466
1789222575975995000,3.007994873046875,-6.292568696612119,-7.4413149533659215,1.0958054516177624
1789222575985988900,3.01798876953125,-6.326616512164473,-7.4113652207821605,1.102713477440551
1789222575995982800,3.02798291015625,-6.297787892565131,-7.439160990202426,1.0803410482432692
1789222576005977900,3.037977783203125,-6.229649591362476,-7.501419001194834,1.0443036663088947
1789222576015971800,3.047971923828125,-6.1510565316408865,-7.564199574756622,1.057253748774901
1789222576025965800,3.0579658203125,-6.105371469786763,-7.591752767592668,1.122547181940451
1789222576035960800,3.0679609375,-6.101151221743225,-7.5849407494902605,1.1895425236530601
1789222576045954800,3.077954833984375,-6.124972826835513,-7.559359733510017,1.2292981954582034
1789222576055949000,3.087948974609375,-6.1807145878016945,-7.512763986551761,1.2359347108632326
1789222576065944000,3.097944091796875,-6.2360729024082415,-7.4731123596429825,1.197650499850139
1789222576075937800,3.107937744140625,-6.266001592203974,-7.455002702456713,1.1534899441495536
1789222576085931800,3.117931884765625,-6.264194250521063,-7.457961552262306,1.144142708481103
1789222576095926800,3.1279267578125,-6.223495160385966,-7.488957579028606,1.1636214620634913
1789222576105920800,3.137920654296875,-6.162348910027742,-7.532467050409316,1.207389145988971
1789222576115914800,3.147914794921875,-6.106395552137494,-7.569460856285691,1.2592020430736244
1789222576125909800,3.15790966796875,-6.0954065406113855,-7.570633407196402,1.3045748241081834
1789222576135903700,3.16790380859375,-6.113522043016553,-7.547610259005427,1.3523375690191983
1789222576145898000,3.17789794921875,-6.137130882140994,-7.518540231865644,1.4062600056037307
1789222576155892700,3.187892822265625,-6.164541451635956,-7.487472308906912,1.451401023709029
1789222576165887000,3.197886962890625,-6.193176594489812,-7.463920168405771,1.4508090491652488
1789222576175881000,3.207880859375,-6.216839209628104,-7.454066882911324,1.3993490571714937
1789222576185876000,3.2178759765625,-6.227633575364947,-7.455313668102026,1.34359692094177
1789222576195870000,3.227869873046875,-6.219118844997882,-7.461879017966985,1.3465911343216894
1789222576205864000,3.237864013671875,-6.201620013186335,-7.463056245052814,1.418831025624275
1789222576215857700,3.247857666015625,-6.182473998689651,-7.460387902626395,1.513278949342668
1789222576225853000,3.25785302734375,-6.155767193549871,-7.466863820642232,1.5883515798531471
1789222576235846700,3.2678466796875,-6.142586224937439,-7.466506677767634,1.6402143074288964
1789222576245841000,3.2778408203125,-6.14416911021471,-7.459801627171039,1.6646109359301626
1789222576255835600,3.287835693359375,-6.1541305322587485,-7.452453017973899,1.6607273724950848
1789222576265830000,3.297829833984375,-6.183105866852403,-7.427769243094325,1.663680523212254
1789222576275823900,3.307823974609375,-6.1941848947495215,-7.413755330789089,1.684842553706467
1789222576285819000,3.31781884765625,-6.183565885579585,-7.412766904273629,1.727653813689947
1789222576295812900,3.327812744140625,-6.202299227622151,-7.383709152093529,1.784015313989669
1789222576305806800,3.337806884765625,-6.21653175111413,-7.364462599831819,1.8137813605695963
1789222576315801900,3.3478017578125,-6.1949272375494235,-7.376429516479373,1.838899727474153
1789222576325795800,3.3577958984375,-6.200546246474981,-7.35923931222558,1.8881746305137872
1789222576335789800,3.367789794921875,-6.235986393168568,-7.315503046351671,1.9406874925613402
1789222576345784800,3.377784912109375,-6.260083892592787,-7.295339379245043,1.9390106453903018
1789222576355778800,3.38777880859375,-6.273192380490899,-7.28406044486165,1.9390487854436038
1789222576365773000,3.39777294921875,-6.27444091924727,-7.268819621109962,1.9914917971253394
1789222576375768000,3.40776806640625,-6.27227701921165,-7.254191960820555,2.0507639241747557
1789222576385761800,3.41776171875,-6.272045548543334,-7.250245853543281,2.0653741949379443
1789222576395755800,3.427755859375,-6.274899184408784,-7.246696052107215,2.069161312261224
1789222576405750800,3.437750732421875,-6.298774565514922,-7.218174306499957,2.0961356822960076
1789222576415744800,3.447744873046875,-6.333609147530794,-7.183557751148939,2.1100411657907068
1789222576425738800,3.45773876953125,-6.342303910639882,-7.167936988168955,2.136875542832911
1789222576435733800,3.467733642578125,-6.315116043984889,-7.1775950433522455,2.1844503639563917
1789222576445727700,3.477727783203125,-6.29909371446669,-7.187125672763585,2.1993251308746635
1789222576455721700,3.4877216796875,-6.305170988553762,-7.191217910513282,2.168314052669704
1789222576465716700,3.497716796875,-6.30105361636281,-7.192228548860549,2.1769136848412454
1789222576475710700,3.507710693359375,-6.290374985960126,-7.182113982081413,2.2402688434205946
1789222576485704700,3.51770458984375,-6.3037576146245,-7.163629646363854,2.261731756557524
1789222576495699700,3.52769970703125,-6.328205827182531,-7.154342178058624,2.222517498152703
1789222576505693700,3.537693603515625,-6.344345645600557,-7.151433597135544,2.1855545258060096
1789222576515687700,3.547687744140625,-6.350844944491982,-7.152675706151127,2.1624971830844877
1789222576525682700,3.5576826171875,-6.346572674000263,-7.162368248125911,2.1428661615498363
1789222576535676700,3.5676767578125,-6.333829512283206,-7.174152209421992,2.141150589803606
1789222576545670700,3.577670654296875,-6.3036319424182174,-7.189874094688892,2.1772287421397865
1789222576555665700,3.587665771484375,-6.275149944299459,-7.208498131138086,2.197826270619035
1789222576565659600,3.59765966796875,-6.258412159988284,-7.233271922388672,2.1638931674875317
1789222576575654000,3.60765380859375,-6.253167245072126,-7.248473583173752,2.1278927565626797
1789222576585649000,3.61764892578125,-6.273971548169851,-7.232235565078258,2.1218932238869366
1789222576595643000,3.627642822265625,-6.3203761564701795,-7.202534838819504,2.0848782290920616
1789222576605636900,3.637636962890625,-6.375395448380709,-7.171922258412837,2.0219411497943103
1789222576615632000,3.6476318359375,-6.416919883424043,-7.148599835014343,1.9725734539046882
1789222576625625900,3.6576259765625,-6.418339102572203,-7.159333410474658,1.9285367437794803
1789222576635619600,3.66761962890625,-6.366833371740579,-7.214153380420804,1.894676267492771
1789222576645614600,3.677614501953125,-6.2964002375990145,-7.27594903459847,1.8937514077328144
1789222576655608600,3.687608642578125,-6.2518479791671036,-7.309971715709566,1.910259182680398
1789222576665602600,3.6976025390625,-6.2283712419897315,-7.33154232700467,1.9042768934004008
1789222576675597600,3.70759765625,-6.232353589624166,-7.335072254696488,1.8774673585385082
1789222576685591800,3.717591796875,-6.28126462778747,-7.307659347113966,1.8205014626048504
1789222576695585800,3.727585693359375,-6.322027430808544,-7.2976114158302545,1.7167473658807575
1789222576705579800,3.737579833984375,-6.32831863990724,-7.31477648564279,1.6176554157488048
1789222576715574800,3.74757470703125,-6.331275736147165,-7.3234887844085685,1.5658379886195062
1789222576725568800,3.75756884765625,-6.315676600477099,-7.344045250225067,1.5321946622148155
1789222576735563800,3.767563720703125,-6.278871010649204,-7.379142867091297,1.5147311939775943
1789222576745557800,3.777557861328125,-6.250869489523768,-7.401899473300576,1.519506153294444
1789222576755551700,3.7875517578125,-6.228395207387209,-7.422111071202158,1.5131908326677976
1789222576765545700,3.797545654296875,-6.212310918548702,-7.443475930792093,1.4738529478833078
1789222576775540700,3.807540771484375,-6.224968155547976,-7.442241420561075,1.4259009640105067
1789222576785534700,3.81753466796875,-6.2499354235440485,-7.429496505278348,1.3824895461767912
1789222576795528700,3.82752880859375,-6.265326469421386,-7.42759154843986,1.3217210430897772
1789222576805523700,3.837523681640625,-6.287911226195097,-7.418859960451722,1.262168930055201
1789222576815517700,3.847517578125,-6.293994930022954,-7.420501297917961,1.2215425398301332
1789222576825511700,3.85751171875,-6.261549288970231,-7.447590964895486,1.2234228006187826
1789222576835506700,3.867506591796875,-6.246373347148299,-7.455265737307071,1.253883478399366
1789222576845500700,3.877500732421875,-6.256511879324913,-7.44646517573595,1.2556326601542531
1789222576855494700,3.88749462890625,-6.27001901115179,-7.441546424034238,1.2168098852850495
1789222576865489700,3.89748974609375,-6.304468393242359,-7.419630360302329,1.1718117827817798
1789222576875483600,3.907483642578125,-6.324653103137016,-7.410208451962471,1.1215876892585306
1789222576885478000,3.917477783203125,-6.328778658634424,-7.414688227725028,1.0673996605403722
1789222576895472600,3.92747265625,-6.313746509197354,-7.430744459512829,1.0445246155831962
1789222576905467000,3.937466796875,-6.2924664052814245,-7.4428329567134375,1.0860473701260984
1789222576915460900,3.9474609375,-6.2916030664503575,-7.435452198812365,1.1402502310872078
1789222576925456000,3.957455810546875,-6.280177417072653,-7.4445736629009245,1.143718126393482
1789222576935449900,3.967449951171875,-6.288466521990299,-7.439273218405246,1.1326026389434933
1789222576945443600,3.977443603515625,-6.316019130304455,-7.416164145496487,1.1308369444452226
1789222576955438800,3.98743896484375,-6.309547888463735,-7.4236004329770795,1.1181046694483607
1789222576965432600,3.9974326171875,-6.300234116673469,-7.433582897809147,1.1042153333708644
1789222576975426600,4.007426513671875,-6.279224061870575,-7.454854818418622,1.0802184447769074
1789222576985421600,4.017421630859375,-6.241408418217301,-7.489169760474562,1.0618570047866553
1789222576995415800,4.027415771484375,-6.222620715638995,-7.5009455384641885,1.0886606944296509
1789222577005409800,4.037409912109375,-6.204543207156658,-7.507444252833723,1.1455635350644588
1789222577015404800,4.04740478515625,-6.203384684771299,-7.501596695849299,1.1893075458534061
1789222577025398800,4.057398681640625,-6.22615473498404,-7.482326178190112,1.1917054738406092
1789222577035392800,4.067392822265625,-6.254184313160181,-7.4639581623286,1.1596991009879856
1789222577045387800,4.0773876953125,-6.287079451546073,-7.443550749593973,1.1120141705535351
1789222577055381800,4.0873818359375,-6.30215427108109,-7.436174667868018,1.0754341331098227
1789222577065375700,4.097375732421875,-6.301399068799615,-7.435092133328318,1.087270262984559
1789222577075370800,4.107370849609375,-6.280801101928949,-7.444182617756724,1.1428334525134414
1789222577085364700,4.11736474609375,-6.241998785325884,-7.4695917843014,1.188710749004036
1789222577095359000,4.12735888671875,-6.195015500354766,-7.504756036663055,1.2127665281783788
1789222577105353700,4.137353759765625,-6.15556436445415,-7.533270183485746,1.2366267847806214
1789222577115347700,4.14734765625,-6.154729667195677,-7.532639484366774,1.2446055085748433
1789222577125341700,4.157341796875,-6.1634928193658585,-7.5299325634956356,1.2173162273719906
1789222577135336700,4.167336669921875,-6.2005240346431725,-7.502675723257661,1.1973863690212367
1789222577145330700,4.17733056640625,-6.26117870209217,-7.452207518780231,1.1969274462725967
1789222577155324700,4.18732470703125,-6.2921455027639865,-7.427361831337213,1.1889449230860918
1789222577165319700,4.197319580078125,-6.305255159705877,-7.416898889511823,1.1847984709311277
1789222577175313700,4.207313720703125,-6.273126914039254,-7.445163445487618,1.1780558648031205
1789222577185307600,4.2173076171875,-6.211027893000841,-7.491308526068925,1.214006226041168
1789222577195302700,4.227302734375,-6.159627960631251,-7.5191913892507545,1.300430710040778
1789222577205296600,4.237296630859375,-6.102814771041274,-7.550228332549334,1.3856710988223553
1789222577215291600,4.247291748046875,-6.061580843377113,-7.577228567677736,1.4188802715934812
1789222577225286000,4.257285888671875,-6.0805024014681575,-7.565775445771217,1.3988963449679315
1789222577235280000,4.26727978515625,-6.125853701323271,-7.54042356237173,1.3365266902945936
1789222577245275000,4.27727490234375,-6.170601190066337,-7.5083531843721865,1.3109909747608006
1789222577255268900,4.287268798828125,-6.21899258826971,-7.466155380111933,1.323267395748943
1789222577265262800,4.297262939453125,-6.2421484229296444,-7.451395033353567,1.2971812067255377
1789222577275256600,4.307256591796875,-6.242238439300656,-7.456451732221245,1.2673513011291622
1789222577285251600,4.31725146484375,-6.240524621120095,-7.448634336468577,1.3206380701586604
1789222577295245600,4.32724560546875,-6.223932382759451,-7.442939339697361,1.426781692367792
1789222577305240600,4.337240478515625,-6.187393919435143,-7.457739433944225,1.5062084264345466
1789222577315234600,4.347234619140625,-6.14858926474452,-7.4851283761292695,1.5290812063694
1789222577325228800,4.357228759765625,-6.132768010756373,-7.502260128194093,1.5085215256825089
1789222577335223600,4.3672236328125,-6.156891813665628,-7.487313903474807,1.4843193968400359
1789222577345217800,4.3772177734375,-6.184097215977311,-7.4642545149266715,1.48735613418743
1789222577355211800,4.387211669921875,-6.170583069887757,-7.47300480761528,1.4994930005744098
1789222577365206800,4.397206787109375,-6.1511991549819705,-7.4869456546843045,1.5095638743422926
1789222577375200800,4.40720068359375,-6.149485921323299,-7.487427885243296,1.5141411191299556
1789222577385195000,4.417195068359375,-6.144422208192944,-7.483973945397138,1.5513218258805572
1789222577395190000,4.42718994140625,-6.140472009262442,-7.471916427856684,1.623409303100407
1789222577405183700,4.437183837890625,-6.135715170124173,-7.467518485158681,1.6611906060926616
1789222577415177700,4.447177734375,-6.128491064089537,-7.472236745852231,1.6666314819723367
1789222577425172700,4.4571728515625,-6.139172032579779,-7.458290053564309,1.6896337335057556
1789222577435166700,4.467166748046875,-6.171354054260253,-7.420342307963967,1.7387639673776925
1789222577445161000,4.477160888671875,-6.182722420492768,-7.404220609724521,1.766871140834689
1789222577455156000,4.487156005859375,-6.159249190446734,-7.425747966399788,1.7584911427631973
1789222577465150000,4.49714990234375,-6.140502988922596,-7.441087574350833,1.7592120043836532
1789222577475144000,4.50714404296875,-6.112853349974751,-7.456465176224708,1.790121229649335
1789222577485139000,4.517138916015625,-6.066225454312563,-7.480686594289541,1.8467859506793318
1789222577495133000,4.5271328125,-6.066656246945262,-7.47125124194622,1.883207217364758
1789222577505127000,4.537126953125,-6.106850894689559,-7.439384277564287,1.8794449422217905
1789222577515122000,4.547121826171875,-6.139848908928037,-7.409341606000066,1.8905812532640993
1789222577525116000,4.557115966796875,-6.158788587197661,-7.383266084501146,1.9305660576499997
1789222577535110000,4.56710986328125,-6.167391580370068,-7.375065826910734,1.9344437758661805
1789222577545105000,4.57710498046875,-6.169816761690377,-7.379433374470472,1.9098988249354063
1789222577555099100,4.58709912109375,-6.173087746185064,-7.3738131965011355,1.9210025488823652
1789222577565092900,4.5970927734375,-6.152472828179597,-7.375233584693074,1.9807590984478591
1789222577575087900,4.607087890625,-6.133961604455113,-7.3761945386797185,2.033875333216041
1789222577585081900,4.617081787109375,-6.143325645127892,-7.367849319660663,2.0358596389010546
1789222577595075800,4.627075927734375,-6.15524696906805,-7.363268421611189,2.016333100654185
1789222577605070800,4.63707080078125,-6.169456696206331,-7.347950440970063,2.028748783982545
1789222577615064800,4.64706494140625,-6.165618140956759,-7.344521635565162,2.0526909467145797
1789222577625058800,4.657058837890625,-6.1180327984392635,-7.37908383038044,2.0710352894395587
1789222577635053800,4.6670537109375,-6.082849841377139,-7.406231365025043,2.0777561221271754
1789222577645047800,4.6770478515625,-6.105135907465219,-7.397905435228347,2.0417383216761054
1789222577655042000,4.6870419921875,-6.149315240931511,-7.3736846016854045,1.9962669025726616
1789222577665036800,4.697036865234375,-6.1729632430225605,-7.346083478054404,2.0248381864100695
1789222577675031000,4.707031005859375,-6.188116388490796,-7.318443775978684,2.077974002661556
1789222577685025000,4.71702490234375,-6.204995042577385,-7.305972416940331,2.071519127433747
1789222577695020000,4.72702001953125,-6.199608088842034,-7.328225749802589,2.00807059148252
1789222577705014000,4.737013916015625,-6.217972013050318,-7.31695967490077,1.9923127581194042
1789222577715007700,4.7470078125,-6.226469207760691,-7.301694301229715,2.0215693938724697
1789222577725003000,4.7570029296875,-6.188129247972369,-7.323958155485987,2.0584159002326428
1789222577734996700,4.766996826171875,-6.166439978733658,-7.336521868982911,2.0786676840141416
1789222577744990700,4.77699072265625,-6.170568456840515,-7.339952427953481,2.05415970409289
1789222577754985700,4.78698583984375,-6.188900816866755,-7.3390335595428935,2.00161805434227
1789222577764979700,4.796979736328125,-6.219419873771071,-7.325861943280697,1.9547243473507463
1789222577774974000,4.806973876953125,-6.228508020111918,-7.321924603831768,1.9404893396407366
1789222577784969000,4.816968994140625,-6.22253654448688,-7.317877958789468,1.9746138736911116
1789222577794963000,4.826962890625,-6.214764156919718,-7.322736504736542,1.9810662647008894
1789222577804958000,4.8369580078125,-6.195179751005768,-7.354833186221122,1.9226454937838018
1789222577814952000,4.846951904296875,-6.198002407211065,-7.3659893710076805,1.8701207951679826
1789222577824946000,4.85694580078125,-6.213236216700077,-7.35987234943211,1.8434652818240225
1789222577834941000,4.86694091796875,-6.222205120575428,-7.356898886579275,1.8249908829785881
1789222577844935000,4.876934814453125,-6.231136030527949,-7.351902977988123,1.8146208801336585
1789222577854929000,4.886928955078125,-6.217337222278117,-7.362938751265406,1.817202274928987
1789222577864924000,4.896923828125,-6.176916949084401,-7.395728091189265,1.8218939398765563
1789222577874918000,4.90691796875,-6.148842362722754,-7.421965525251626,1.8101269297152756
1789222577884912000,4.916912109375,-6.140272102776169,-7.439793442887067,1.7654826090857385
1789222577894907000,4.926906982421875,-6.158165486863255,-7.438218156394362,1.7088867155082523
1789222577904900900,4.93690087890625,-6.199513396295905,-7.413349088075757,1.6669371869206429
1789222577914894800,4.946894775390625,-6.216553962945937,-7.400842073202133,1.6590287518836557
1789222577924889900,4.956889892578125,-6.210848444780707,-7.402209854423999,1.6742286591030657
1789222577934883800,4.9668837890625,-6.184834882602095,-7.426274036100506,1.6639277759715914
1789222577944877800,4.9768779296875,-6.157824126079678,-7.455615281397104,1.6326003252938388
1789222577954872800,4.986872802734375,-6.158644210290908,-7.461267608070373,1.6034256687358022
1789222577964866800,4.99686669921875,-6.16639964672327,-7.461175838133692,1.573771265836805
1789222577974860800,5.00686083984375,-6.184880475309491,-7.448617385333776,1.5606883507713674
1789222577984855800,5.016855712890625,-6.215126560491323,-7.421051917538047,1.5718085874617098
1789222577994850000,5.02685009765625,-6.227940449357033,-7.408520352745056,1.5801806944876908
1789222578004844000,5.036843994140625,-6.220822726306319,-7.415145908364654,1.5771373812690377
1789222578014839000,5.046839111328125,-6.1898424816310404,-7.444445652607083,1.5609206982225179
1789222578024833000,5.0568330078125,-6.156147132778167,-7.475070507973432,1.5477598956152796
1789222578034827000,5.066826904296875,-6.124796301224827,-7.499223536977172,1.5552838613793254
1789222578044822000,5.076822021484375,-6.108219844955205,-7.503730200746655,1.5981427598968148
1789222578054816000,5.08681591796875,-6.118688631999492,-7.4841352734386914,1.6491704979531465
1789222578064809700,5.096809814453125,-6.134392981609702,-7.469839621582627,1.6556263960942625
1789222578074804700,5.1068046875,-6.164277832263708,-7.451272868278622,1.6280673580393195
1789222578084798700,5.116798828125,-6.1996834921658035,-7.427094120311737,1.6039244120381773
1789222578094793700,5.126793701171875,-6.211604816105962,-7.418114695042371,1.5993514050342141
1789222578104787700,5.13678759765625,-6.220401286023855,-7.408781634029745,1.608399950017035
1789222578114782000,5.146781982421875,-6.200536309602856,-7.4232947280287735,1.6181617578357457
1789222578124777000,5.15677685546875,-6.163019941157102,-7.450625218024849,1.6357751559376716
1789222578134771000,5.16677099609375,-6.149885149773955,-7.458002468794584,1.6515125310346483
1789222578144765000,5.176764892578125,-6.142083536112308,-7.4623074725121255,1.6610706329748033
1789222578154760000,5.186760009765625,-6.142980777212977,-7.4554130368232725,1.6884874860800803
1789222578164754000,5.19675390625,-6.1708519499570125,-7.428809107536077,1.7040455590873955
1789222578174748000,5.206747802734375,-6.207209211495519,-7.403767020738124,1.6808280573680996
1789222578184743000,5.216742919921875,-6.247318519043922,-7.374921450003981,1.6588941657185554
1789222578194737000,5.22673681640625,-6.262753404062986,-7.365429983559251,1.6427885418310761
1789222578204731000,5.23673095703125,-6.231672037100791,-7.394529821315407,1.6302090462431311
1789222578214726000,5.246725830078125,-6.187116271537542,-7.430039526113867,1.638439698971808
1789222578224720100,5.25672021484375,-6.148594525441527,-7.453986218890547,1.6742907645538447
1789222578234713900,5.2667138671875,-6.12139613739252,-7.4706176202178,1.6996360720820725
1789222578244709000,5.276709228515625,-6.097579208475351,-7.490772519496083,1.6965382521972059
1789222578254702800,5.286702880859375,-6.089252694156766,-7.502280586460232,1.6754622925512492
1789222578264696800,5.29669677734375,-6.103310445603728,-7.49443396461308,1.6593511157058178
1789222578274691800,5.30669189453125,-6.140091485512256,-7.471012172493338,1.6289967478439211
1789222578284685800,5.316685791015625,-6.171832777687907,-7.45133190498948,1.5989102371379733
1789222578294679800,5.3266796875,-6.1824336666792625,-7.441597861960529,1.6032888906136153
1789222578304674800,5.3366748046875,-6.171040166005492,-7.44532828066051,1.62964659005478
1789222578314668800,5.346668701171875,-6.150456812182068,-7.457949277302622,1.6496236485481262
1789222578324663800,5.356663818359375,-6.138535488241911,-7.4681842555910345,1.6477221988409756
1789222578334657800,5.36665771484375,-6.1248290344506495,-7.480757905960083,1.6416799960672854
1789222578344652000,5.376652099609375,-6.114213532412052,-7.486306772258877,1.6558970297291873
1789222578354647000,5.38664697265625,-6.102928168287873,-7.490081030100583,1.6802768532261252
1789222578364641000,5.39664111328125,-6.0948652733415365,-7.4958110981851815,1.6839872520513832
1789222578374635000,5.406635009765625,-6.111637544444203,-7.487016381832957,1.6621810784347355
1789222578384629800,5.416629638671875,-6.133784494322538,-7.472042100062966,1.6479238588929175
1789222578394623700,5.426623779296875,-6.162058987170457,-7.447641233778,1.6528909797810016
1789222578404617700,5.43661767578125,-6.204605750998854,-7.400658533328771,1.7039647489361465
1789222578414612700,5.44661279296875,-6.204963478395342,-7.382303376948833,1.7805640044920146
1789222578424606700,5.456606689453125,-6.1705894996285435,-7.398698631432652,1.8312459978505968
1789222578434600700,5.4666005859375,-6.147448278015852,-7.420290870037674,1.8216889188237486
1789222578444595700,5.476595703125,-6.125394267117977,-7.444069220510125,1.7988196460202335
1789222578454590000,5.48658984375,-6.100731535026431,-7.456514276063442,1.830806583520025
1789222578464583700,5.496583740234375,-6.080864220517873,-7.457137960919737,1.893295188397914
1789222578474578700,5.50657861328125,-6.079883977308869,-7.443470670095086,1.9493951151520013
1789222578484572700,5.51657275390625,-6.124477736794948,-7.398181914082169,1.9819347180984914
1789222578494566700,5.526566650390625,-6.183914845147728,-7.347524909034371,1.9858160895764827
1789222578504561700,5.536561767578125,-6.237790227720141,-7.2971391221433874,2.0030264598354695
1789222578514555600,5.5465556640625,-6.2790639028728,-7.258609777262807,2.014032422496378
1789222578524549600,5.556549560546875,-6.2890411070078605,-7.252423197582364,2.005169463213533
1789222578534544600,5.566544677734375,-6.280808116191626,-7.249779989597201,2.0402267480693754
1789222578544538600,5.57653857421875,-6.247350083225965,-7.249422846722602,2.1417000403799116
1789222578554533600,5.58653369140625,-6.196659760430455,-7.26063573013246,2.248323555060476
1789222578564527900,5.59652783203125,-6.173787418887019,-7.263795655468106,2.3004352889612316
1789222578574521900,5.60652197265625,-6.17533231024146,-7.256353522768617,2.319694846834987
1789222578584516900,5.616516845703125,-6.183149705994129,-7.24468997298181,2.335275570065528
1789222578594510800,5.6265107421875,-6.209114168334007,-7.22762427189052,2.3192096936665476
1789222578604504800,5.6365048828125,-6.2518479791671036,-7.207415012076496,2.266705307186395
1789222578614499800,5.646499755859375,-6.287271174725889,-7.1827651394665235,2.2468853389509023
1789222578624493800,5.656493896484375,-6.2885442634016275,-7.16214496076405,2.3083030997268854
1789222578634487600,5.666487548828125,-6.2363873751848935,-7.178567103254795,2.397089344421774
1789222578644482800,5.67648291015625,-6.173067872440814,-7.2173068760156625,2.4441958173811433
1789222578654476500,5.6864765625,-6.1312903394192455,-7.248682842010259,2.4564745764568445
1789222578664470800,5.696470703125,-6.1150184190541506,-7.264609894460439,2.4499768850006163
1789222578674465500,5.706465576171875,-6.138338504365086,-7.251293901291489,2.431031799903512
1789222578684459800,5.716459716796875,-6.181807059213519,-7.223655368259549,2.4030086514681575
1789222578694453800,5.726453857421875,-6.194466049778461,-7.212868601307273,2.402812544374168
1789222578704448800,5.73644873046875,-6.1805082515746355,-7.212572248709201,2.4393657668761906
1789222578714442800,5.74644287109375,-6.172894269439578,-7.219025954893231,2.43955339840278
1789222578724437800,5.756437744140625,-6.1650768736869095,-7.237727732753753,2.4036444651536644
1789222578734431700,5.766431640625,-6.149793379837274,-7.251811203163862,2.4003455697387457
1789222578744425700,5.77642578125,-6.108084235876798,-7.275370357927679,2.4352993942201135
1789222578754420700,5.786420654296875,-6.080450963541865,-7.283750063738227,2.4790078953042625
1789222578764414700,5.796414794921875,-6.092412034970522,-7.271300916531682,2.486177933064103
1789222578774408700,5.80640869140625,-6.102230249151587,-7.272113401958346,2.4595818948224184
1789222578784403700,5.81640380859375,-6.126369249629974,-7.266860888257622,2.414689298520237
1789222578794398000,5.82639794921875,-6.173501003161072,-7.258380060160159,2.3182293043270707
1789222578804391700,5.8363916015625,-6.218802034133672,-7.25297147911489,2.2116252249993384
1789222578814387000,5.846386962890625,-6.2203364040941,-7.250942019113898,2.2139619973838327
1789222578824380700,5.856380615234375,-6.147890176564455,-7.281693131208419,2.313174066764116
1789222578834374700,5.866374755859375,-6.071607731872796,-7.322915368434787,2.3834575633019206
1789222578844369700,5.87636962890625,-6.0315481086850165,-7.367367673623561,2.3479141023643315
1789222578854363600,5.88636376953125,-6.023388767626881,-7.396836344692111,2.2750807752132416
1789222578864357600,5.896357666015625,-6.048914838549495,-7.392652921527624,2.220290762013942
1789222578874352600,5.9063525390625,-6.071630528226494,-7.388654207280278,2.1710541451580823
1789222578884346600,5.9163466796875,-6.088026951754093,-7.386033211126923,2.1337360757634043
1789222578894341600,5.926341552734375,-6.1013037819564335,-7.380638074085116,2.1143943925641477
1789222578904335600,5.936335693359375,-6.1006684066623444,-7.38756991917491,2.091899652161449
1789222578914329900,5.946329833984375,-6.1047419397115705,-7.389991593363881,2.0713599913492797
1789222578924324900,5.956324951171875,-6.091293844595551,-7.407519651269912,2.048212339995801
1789222578934318800,5.96631884765625,-6.067637074676155,-7.433899708673358,2.022697374989092
1789222578944312800,5.976312744140625,-6.051586103585362,-7.450906373053789,2.0081553471565243
1789222578954307800,5.986307861328125,-6.015860125687718,-7.475999313256144,2.0221886948145924
1789222578964301800,5.9963017578125,-5.99603197414577,-7.488667071649432,2.034168470943719
1789222578974295600,6.006295654296875,-6.02357698367536,-7.481444134658575,1.9786106882423162
1789222578984290800,6.016290771484375,-6.068177757424116,-7.472171863922476,1.874633304156363
1789222578994284500,6.026284423828125,-6.090320031127333,-7.473263166290521,1.7968639819078147
1789222579004278800,6.03627880859375,-6.119219962397217,-7.458525031363964,1.7595291075088082
1789222579014273500,6.0462734375,-6.165566703030467,-7.4264160749197,1.733356993767619
1789222579024267800,6.056267822265625,-6.163960436877608,-7.428812030145526,1.7287917316786945
1789222579034262800,6.0662626953125,-6.127629478824138,-7.448177824872732,1.7740309494614601
1789222579044256800,6.0762568359375,-6.1116433896631,-7.461769127851724,1.7720605261713265
1789222579054250800,6.086250732421875,-6.072069504165649,-7.506675606548786,1.7176079282328485
1789222579064245800,6.096245849609375,-5.992330197018385,-7.57216602359116,1.7101668184466658
1789222579074239700,6.10623974609375,-5.9462605197608465,-7.602333782839775,1.736921846642345
1789222579084233700,6.116233642578125,-5.934736086183786,-7.6148992499023676,1.7212215886853635
1789222579094228700,6.126228759765625,-5.98276975699067,-7.586482718235254,1.679921902308613
1789222579104222700,6.13622265625,-6.065013155913353,-7.526384515625238,1.6551570250168441
1789222579114216700,6.146216796875,-6.0956853575527665,-7.507014044722914,1.6302582922123372
1789222579124211700,6.156211669921875,-6.121945003446936,-7.491845117163658,1.6013855412103235
1789222579134205700,6.166205810546875,-6.166880123716592,-7.465715235128998,1.5501855153270065
1789222579144200000,6.176199951171875,-6.157068923798203,-7.480224237474799,1.5189226543180643
1789222579154195000,6.18619482421875,-6.108751759874821,-7.514142873689532,1.546347398468852
1789222579164188700,6.196188720703125,-6.057005790546536,-7.550755571293831,1.5713561675190926
1789222579174184000,6.206183837890625,-6.008299919566512,-7.5857392063915725,1.5897420112982392
1789222579184177700,6.216177734375,-5.980058744466304,-7.600622302746772,1.624754726359993
1789222579194171600,6.226171630859375,-6.011484979343414,-7.566920524153113,1.6655753970481455
1789222579204166700,6.236166748046875,-6.077650519168377,-7.521212081423402,1.6321479053512216
1789222579214160600,6.24616064453125,-6.11682868334651,-7.509515213888883,1.5368677685923873
1789222579224154600,6.256154541015625,-6.138031045851111,-7.505202026864886,1.4720416606776416
1789222579234149600,6.266149658203125,-6.149948862659931,-7.478433262404799,1.5561328794240952
1789222579244143600,6.2761435546875,-6.139429806733131,-7.467298704928159,1.6484044820167123
1789222579254137900,6.286137939453125,-6.1406321682602165,-7.474119490858912,1.6126244358442723
1789222579264132900,6.2961328125,-6.161899412694573,-7.475104410243034,1.5245298266753553
1789222579274126800,6.306126953125,-6.14023410885334,-7.5112845616489645,1.4312619065217673
1789222579284120800,6.316120849609375,-6.045217153075337,-7.579026557010412,1.4778665674388407
1789222579294115800,6.32611572265625,-5.913615556743741,-7.626576243692636,1.7420852207548916
1789222579304109800,6.33610986328125,-5.8315171192497015,-7.644201332232355,1.9313149763211608
1789222579314104800,6.346104736328125,-5.88088583805263,-7.624726231911778,1.8571790421389043
1789222579324098800,6.356098876953125,-6.016918110308051,-7.5659297595500945,1.6503896644845604
1789222579334092500,6.366092529296875,-6.131213767051697,-7.510352833756804,1.474178088184446
1789222579344087800,6.376087890625,-6.184992118990421,-7.480021408379077,1.4019758985437452
1789222579354081500,6.38608154296875,-6.191245334166288,-7.466169993159174,1.4474701140008865
1789222579364075800,6.39607568359375,-6.158726627877354,-7.477657601857185,1.52482880962193
1789222579374070500,6.406070556640625,-6.126407828074694,-7.500431159201264,1.5430653080582617
1789222579384064500,6.416064453125,-6.1257853122621775,-7.507177126330137,1.5124262780360878
1789222579394058500,6.42605859375,-6.118782155501842,-7.522944019782543,1.4615759423732757
1789222579404053500,6.436053466796875,-6.131253514540195,-7.518642523196339,1.4311277587480842
1789222579414047200,6.446047119140625,-6.156009770134091,-7.49840637537539,1.4310253212869166
1789222579424042500,6.45604248046875,-6.161114399796724,-7.490114347848296,1.4523195998586713
1789222579434036200,6.4660361328125,-6.189146316060423,-7.465200855866074,1.46137647427842
1789222579444030200,6.4760302734375,-6.2077978250384325,-7.454173265895247,1.4383769992239772
1789222579454025200,6.486025146484375,-6.194568925631046,-7.470276259434223,1.4116183177664876
1789222579464019200,6.496019287109375,-6.204040518331527,-7.464427533406019,1.4009265356212854
1789222579474013400,6.506013427734375,-6.198022865477204,-7.471722366589307,1.388620011755824
1789222579484008200,6.51600830078125,-6.162852767896652,-7.493063260781764,1.4295590481266378
1789222579494002400,6.52600244140625,-6.121290338930487,-7.509941330346464,1.5168921714037655
1789222579503996400,6.535996337890625,-6.085745562818646,-7.5284198208451265,1.567478157041967
1789222579513991400,6.545991455078125,-6.098001233279705,-7.522942266216874,1.5459958085522054
1789222579523985400,6.5559853515625,-6.147108670797944,-7.495506562280655,1.483514364067465
1789222579533980400,6.56598046875,-6.172008718776702,-7.481442965614796,1.4507552731513975
1789222579543974400,6.575974365234375,-6.159701025867462,-7.49764182074368,1.4190947911269962
1789222579553968400,6.585968505859375,-6.143916012236476,-7.51496704955399,1.3956903885334728
1789222579563963400,6.59596337890625,-6.138604461824894,-7.502700273177028,1.4823666553370654
1789222579573957400,6.605957275390625,-6.148255502745509,-7.46636463894844,1.6194894993081688
1789222579583951400,6.615951416015625,-6.192269416517019,-7.415703542247414,1.6833112524859606
1789222579593946400,6.6259462890625,-6.216058872905373,-7.397910111403465,1.673896796800196
1789222579603940400,6.6359404296875,-6.195995159041881,-7.423782803806662,1.6332427148506043
1789222579613934300,6.645934326171875,-6.177331959626078,-7.453780467185378,1.5659246439896524
1789222579623929300,6.655929443359375,-6.197670983299613,-7.444757787296176,1.528018691704422
1789222579633923300,6.66592333984375,-6.213279471319914,-7.430833306840062,1.532403482659906
1789222579643918300,6.67591845703125,-6.175213067775965,-7.4516908014297485,1.5841212488070129
1789222579653912300,6.685912353515625,-6.162095227527618,-7.447681565788388,1.6525747534386812
1789222579663906300,6.69590625,-6.1910126944541926,-7.417637140658497,1.6794053310886023
1789222579673901300,6.7059013671875,-6.2382338798344135,-7.38324095005989,1.6560693175561725
1789222579683895300,6.715895263671875,-6.30897797962129,-7.327247260159254,1.6366513542503118
1789222579693889300,6.72588916015625,-6.312407369548082,-7.3265195304065935,1.6266560299366712
1789222579703884300,6.73588427734375,-6.263709681874513,-7.359778241407871,1.6643297809012234
1789222579713878300,6.745878173828125,-6.220025438448786,-7.379208333542943,1.740387184665352
1789222579723872500,6.75587255859375,-6.208154967913031,-7.387240833351016,1.7486770202353596
1789222579733867500,6.765867431640625,-6.232268833950162,-7.379457924389839,1.694938854176551
1789222579743861500,6.775861572265625,-6.241807646667957,-7.379148712310195,1.6608385777845978
1789222579753855500,6.78585546875,-6.243869839894772,-7.37281600215733,1.6810909460879861
1789222579763850500,6.7958505859375,-6.247680922615528,-7.36168202920258,1.7153738855704663
1789222579773844200,6.80584423828125,-6.236296774291992,-7.36626994151473,1.7369662703059612
1789222579783839500,6.815839599609375,-6.259049873369932,-7.339847798535227,1.7667223800137637
1789222579793833200,6.825833251953125,-6.284224062114953,-7.318278940805793,1.7668351927384733
1789222579803827200,6.8358271484375,-6.2970508104622365,-7.3131421624392265,1.7422648151054978
1789222579813822200,6.845822265625,-6.325061683937907,-7.291113285982608,1.7331024344846606
1789222579823816200,6.855816162109375,-6.327007557308674,-7.290357499179244,1.72917283995077
1789222579833810400,6.865810546875,-6.311936829426885,-7.302734165671468,1.73202647581622
1789222579843805400,6.875805419921875,-6.298743001332879,-7.307948685449361,1.7578695037335157
1789222579853799400,6.88579931640625,-6.247464649516344,-7.340429982337355,1.8048977968901394
1789222579863793400,6.89579345703125,-6.185899296963215,-7.378208801111579,1.862007046817243
1789222579873788400,6.905788330078125,-6.1477265104353425,-7.401362297683954,1.896225104369968
1789222579883782400,6.915782470703125,-6.1260986159950495,-7.417441910347342,1.903381113604456
1789222579893777400,6.92577734375,-6.155157537218928,-7.400160520678758,1.8767123023875056
1789222579903771400,6.935771484375,-6.2183086976587765,-7.358807935070991,1.8305641530662773
1789222579913765400,6.945765380859375,-6.269233413732051,-7.324799282485246,1.7928791500553487
1789222579923760400,6.955760498046875,-6.294149828323722,-7.309011346244811,1.7698650619536638
1789222579933754400,6.96575439453125,-6.307513167765737,-7.299996265140176,1.7594658330142496
1789222579943748400,6.975748291015625,-6.305645620328187,-7.303958739030361,1.749688535365462
1789222579953743400,6.985743408203125,-6.269321676537394,-7.335913966217636,1.7465271487250924
1789222579963737300,6.9957373046875,-6.23027619882822,-7.366630591520667,1.756927985099703
1789222579973732400,7.005732421875,-6.190750244125724,-7.397130359202623,1.7684607481136918
1789222579983726300,7.015726318359375,-6.14165040539205,-7.431611889997124,1.7948947276614606
1789222579993720300,7.02572021484375,-6.1320747677952046,-7.43516402952075,1.8128364809349178
1789222580003715300,7.03571533203125,-6.169970490947366,-7.411400292095541,1.7812901268094776
1789222580013709300,7.045709228515625,-6.221195066750049,-7.384703423827887,1.7126790935285388
1789222580023703300,7.055703369140625,-6.27393589233458,-7.349460845533013,1.6713870059363543
1789222580033698300,7.0656982421875,-6.310016675019264,-7.318765847539901,1.6702514260351657
1789222580043692300,7.0756923828125,-6.300302505734562,-7.3218842718213795,1.6931009712249039
1789222580053686300,7.085686279296875,-6.251520646908879,-7.3585156741261475,1.7149692502923308
1789222580063681300,7.095681396484375,-6.208972129514813,-7.398364869433641,1.6980113934896885
1789222580073675500,7.105675537109375,-6.179843065664172,-7.427691501682997,1.6761054127603767
1789222580083670300,7.115670166015625,-6.152908296987414,-7.450460967373847,1.6741354278616607
1789222580093664500,7.12566455078125,-6.143754099673032,-7.463803264027834,1.6481252266839146
1789222580103658500,7.135658447265625,-6.164423962736129,-7.453829567024111,1.6157602496519683
1789222580113653500,7.145653564453125,-6.202752232086658,-7.424760124406218,1.6028671580702065
1789222580123647500,7.1556474609375,-6.2530526787817475,-7.384788179501891,1.5920469272397457
1789222580133641200,7.16564111328125,-6.300078049328923,-7.3521408783972255,1.5573754268310964
1789222580143636500,7.175636474609375,-6.313477044606208,-7.351829328230023,1.5036648794315755
1789222580153630200,7.185630126953125,-6.278191796213388,-7.388101834094524,1.4733083196125925
1789222580163624200,7.195624267578125,-6.223798527246713,-7.429459680399298,1.4959442220516501
1789222580173619200,7.205619140625,-6.172975517982244,-7.4559782694906,1.5726247261501847
1789222580183613200,7.21561328125,-6.095861883163452,-7.504400062832236,1.6415945097409188
1789222580193608200,7.225608154296875,-6.027759237796068,-7.560107921528815,1.6374617938503622
1789222580203602400,7.2356025390625,-6.025272681677341,-7.5756719858855,1.573423329181969
1789222580213596400,7.245596435546875,-6.085919165819883,-7.543803852459788,1.4909702330313621
1789222580223591400,7.25559130859375,-6.187229668784141,-7.475588978889584,1.415674022898078
1789222580233585400,7.26558544921875,-6.2795578238695855,-7.404329330796003,1.3832728055089711
1789222580243579400,7.275579345703125,-6.3212318965166805,-7.366692550840973,1.3943629393219947
1789222580253574400,7.285574462890625,-6.302798414203524,-7.378458391958475,1.4154374376632273
1789222580263568400,7.295568359375,-6.237108675196766,-7.435878315269947,1.4059091463394462
1789222580273563400,7.3055634765625,-6.171610074847936,-7.493996742239594,1.3862263946175575
1789222580283557400,7.315557373046875,-6.115812199780344,-7.542951035022735,1.3678893584161995
1789222580293551400,7.32555126953125,-6.032367023852467,-7.609481901028752,1.3699302165940404
1789222580303546400,7.33554638671875,-5.967065407380462,-7.654836123493314,1.4028538504220545
1789222580313540400,7.345540283203125,-5.981864332583546,-7.634796959549188,1.4482989660404622
1789222580323534300,7.355534423828125,-6.048081894856691,-7.582125107547641,1.4499924720853565
1789222580333529600,7.365529541015625,-6.150177410718798,-7.5115470119774335,1.3864970282524822
1789222580343523300,7.3755234375,-6.269679988455772,-7.4347390821069474,1.2594256226964293
1789222580353518300,7.385518310546875,-6.329968160679936,-7.406688461142778,1.1148288626480847
1789222580363512300,7.39551220703125,-6.317752822229266,-7.421468097123503,1.0854453856449573
1789222580373506300,7.40550634765625,-6.250570214316249,-7.469160407146811,1.1455973642688244
1789222580383501300,7.415501220703125,-6.111542267376184,-7.570322441551089,1.2286819632560013
1789222580393495800,7.425495849609375,-5.97829582644701,-7.660090975281595,1.3241490008890628
1789222580403489800,7.43548974609375,-5.917953878208994,-7.695371547499299,1.38905182730183
1789222580413484800,7.44548486328125,-5.926138353708386,-7.692749382302164,1.3685318941034377
1789222580423478800,7.455478759765625,-6.009868776318431,-7.645455716207623,1.2644642013855278
1789222580433472800,7.46547265625,-6.125988725879788,-7.572486926108598,1.1402075609892606
1789222580443467800,7.4754677734375,-6.224447931066155,-7.50541888448596,1.0465746799807996
1789222580453461800,7.485461669921875,-6.2772694206714625,-7.470531695500016,0.9784826290726661
1789222580463456800,7.495456787109375,-6.2709226819932455,-7.483742474728822,0.9162512138262391
1789222580473450800,7.50545068359375,-6.234149240869283,-7.515237683188915,0.9093854927752166
1789222580483444700,7.51544482421875,-6.1741258570611475,-7.5548209210366,0.9875437412761151
1789222580493439700,7.525439697265625,-6.106468617373705,-7.596018608343601,1.087163880000636
1789222580503433700,7.535433837890625,-6.082887250778079,-7.60803111769855,1.134343637391925
1789222580513427700,7.545427734375,-6.094705114343762,-7.603874582540988,1.098202575887367
1789222580523422700,7.555422607421875,-6.115799924820661,-7.598706824514269,1.0134280510518698
1789222580533416700,7.565416748046875,-6.151494923058152,-7.579674207264184,0.937037542875856
1789222580543411700,7.57541162109375,-6.1851002555400125,-7.55941000239253,0.8776322909660637
1789222580553405700,7.58540576171875,-6.1928872561544175,-7.559135277104377,0.8234061952598393
1789222580563399700,7.595399658203125,-6.199332779031992,-7.55599756360054,0.8034615777313708
1789222580573394700,7.605394775390625,-6.217520762151479,-7.536926952427625,0.8411584173105656
1789222580583389000,7.615388916015625,-6.198786251065135,-7.547304554057121,0.8852227460950612
1789222580593383000,7.6253828125,-6.163226861906051,-7.5746145857870575,0.9001288579996675
1789222580603378000,7.6353779296875,-6.142209792840481,-7.59213972108364,0.8961387654501944
1789222580613372000,7.645371826171875,-6.124974580401182,-7.607301049858331,0.8854624000698328
1789222580623367000,7.655366943359375,-6.122309745106101,-7.611851552769541,0.864534397527203
1789222580633361000,7.66536083984375,-6.1508782524645325,-7.592557069712877,0.8307640106767415
1789222580643355000,7.67535498046875,-6.205424666166305,-7.551700743189453,0.7968075266696513
1789222580653350000,7.685349853515625,-6.27091449868679,-7.502738851621746,0.74493018604666
1789222580663343600,7.695343505859375,-6.326629371646046,-7.462256619107722,0.6774057789586484
1789222580673337600,7.705337646484375,-6.332957405623794,-7.45772832802832,0.6680700145322829
1789222580683332600,7.71533251953125,-6.29120617608726,-7.483810863789915,0.7639904219560325
1789222580693326600,7.72532666015625,-6.230587748995423,-7.5243690841495985,0.8567589412201195
1789222580703321600,7.735321533203125,-6.160521110078692,-7.58218239069283,0.8537431735955178
1789222580713315800,7.74531591796875,-6.133830087029933,-7.608913161230086,0.8068189253352582
1789222580723309800,7.755309814453125,-6.143267192938923,-7.606067124149203,0.7605265452377498
1789222580733304800,7.765304931640625,-6.158724289789795,-7.599349214071035,0.7002735904574394
1789222580743298800,7.775298828125,-6.200744399395584,-7.5695590559631585,0.6503204958952963
1789222580753292800,7.785292724609375,-6.243484639969468,-7.532044441083073,0.6764549079746007
1789222580763287800,7.795287841796875,-6.2679492191404105,-7.505123700931668,0.745873239050433
1789222580773281800,7.80528173828125,-6.3069619636237615,-7.468201791247725,0.7864972181227058
1789222580783276800,7.81527685546875,-6.304972251111269,-7.4708011600911615,0.7777105389464646
1789222580793270800,7.825270751953125,-6.249651930427551,-7.517824777072668,0.771076580824703
1789222580803264800,7.8352646484375,-6.199101308363676,-7.560783628833294,0.7589918099511415
1789222580813259800,7.845259765625,-6.159839557555317,-7.595670817819237,0.7297657885320484
1789222580823253800,7.855253662109375,-6.153018187102675,-7.602357748237252,0.7175695931732654
1789222580833247700,7.865247802734375,-6.199944188928604,-7.563485873529315,0.7243967357795685
1789222580843243000,7.875242919921875,-6.263578164449334,-7.51293408242166,0.7027086355846375
1789222580853236700,7.88523681640625,-6.32740561671555,-7.4623939817517995,0.6685841745994985
1789222580863230700,7.895230712890625,-6.358259604662656,-7.438010651123523,0.6472464222121983
1789222580873225700,7.905225830078125,-6.333592780917883,-7.460248786416649,0.6329823345381766
1789222580883219700,7.9152197265625,-6.298158479443192,-7.48941525966823,0.6420516300480812
1789222580893214700,7.925214599609375,-6.255608793005347,-7.521714185726642,0.6793747409440577
1789222580903208700,7.935208740234375,-6.200429926618933,-7.561160645452142,0.7442550632640719
1789222580913202700,7.94520263671875,-6.174265557792783,-7.577032168322801,0.7983844936627894
1789222580923197700,7.95519775390625,-6.177613114655017,-7.572652345803379,0.8138900327652693
1789222580933191700,7.965191650390625,-6.194997380176186,-7.561159476408362,0.7881986882783472
1789222580943186700,7.975186767578125,-6.219187818580865,-7.546250076568127,0.7390585175342858
1789222580953180700,7.9851806640625,-6.2330509242385626,-7.5418404434323305,0.6634108636148274
1789222580963175000,7.9951748046875,-6.230796423310041,-7.550610609865188,0.5795153866361826
1789222580973170000,8.005169921875,-6.230730956858396,-7.553445541030168,0.5420747868403792
1789222580983164000,8.015163818359374,-6.236438813111186,-7.546469856798648,0.5727240825282409
1789222580993158000,8.025157958984375,-6.235605284896493,-7.541553443184495,0.6423257708143443
1789222581003153000,8.03515283203125,-6.253333833810687,-7.522121012961864,0.6956264222387224
1789222581013147000,8.04514697265625,-6.262815363383293,-7.514901583102345,0.6883220905747264
1789222581023142000,8.055141845703124,-6.276804141247272,-7.506662162545323,0.6497293250691145
1789222581033135900,8.065135986328125,-6.291513050079345,-7.499201909667253,0.5909362867735326
1789222581043129600,8.075129638671875,-6.268935307568311,-7.522611426827311,0.5302519183060154
1789222581053124600,8.08512451171875,-6.246039585149288,-7.54363200302422,0.500991446628049
1789222581063118600,8.09511865234375,-6.235000304740667,-7.552657605522871,0.5025141626833006
1789222581073112800,8.10511279296875,-6.222952724072337,-7.560891765382886,0.5273976613860577
1789222581083107600,8.115107666015625,-6.204658942490815,-7.575223657596111,0.5371890606254339
1789222581093101800,8.125101806640625,-6.1917754955202335,-7.586721787688136,0.523416701991111
1789222581103096800,8.135096923828126,-6.206219031414389,-7.575062914076447,0.5211961033321917
1789222581113090800,8.1450908203125,-6.223574655362963,-7.559975235059857,0.5331821996042505
1789222581123084800,8.155084716796875,-6.232804840523004,-7.55107355120182,0.5512023153435438
1789222581133079800,8.165079833984375,-6.236034908485412,-7.548662982928753,0.5476594916375354
1789222581143073800,8.17507373046875,-6.225002642339468,-7.560277432876825,0.5117958588348701
1789222581153067800,8.18506787109375,-6.211708276480436,-7.574680052238702,0.45747423033230006
1789222581163062800,8.195062744140625,-6.211672036123275,-7.577439580079913,0.4097924417030066
1789222581173056800,8.205056884765625,-6.2207064064502715,-7.571322558504343,0.3850722803357988
1789222581183051800,8.2150517578125,-6.225801683762669,-7.5672835122466084,0.3821179240422323
1789222581193045800,8.225045654296874,-6.225633925980329,-7.567093542632461,0.3885460939262062
1789222581203040000,8.2350400390625,-6.22167846635282,-7.570240608486532,0.3905934549100697
1789222581213034800,8.24503466796875,-6.221085176634788,-7.571510190030932,0.37511812828276303
1789222581223028700,8.25502880859375,-6.233453659820556,-7.562967987135052,0.3405168070334941
1789222581233022700,8.265022705078126,-6.2524249022722245,-7.54915281227231,0.29642230230644345
1789222581243017700,8.275017822265625,-6.271900002592802,-7.534105465266108,0.2662646991256624
1789222581253011700,8.28501171875,-6.290008490735292,-7.51890263543725,0.26884419422484934
1789222581263006700,8.2950068359375,-6.2958525405883785,-7.513317528781294,0.2875435791988857
1789222581273000700,8.305000732421876,-6.285137669828534,-7.522443669044971,0.28330314688384534
1789222581282994700,8.31499462890625,-6.265726282393932,-7.539464361950754,0.25988122689994053
1789222581292989700,8.32498974609375,-6.239313491764665,-7.561997096276283,0.23989048694111406
1789222581302983700,8.334983642578125,-6.216813490664959,-7.5807275157094,0.2327672839976847
1789222581312977700,8.344977783203126,-6.212916483226418,-7.584057536914944,0.2283001485209912
1789222581322972700,8.35497265625,-6.21623247590661,-7.581634693682194,0.21829448547642677
1789222581332967000,8.364966796875,-6.232694950407743,-7.5687605990618465,0.1943149133434519
1789222581342961700,8.374961669921875,-6.249255624586343,-7.555905793663859,0.1596000304508023
1789222581352956000,8.384955810546876,-6.258788592085242,-7.548625573527812,0.1273061367605347
1789222581362950000,8.394949951171874,-6.256690158501267,-7.550659709703922,0.10840556665859184
1789222581372945000,8.40494482421875,-6.234945359683037,-7.568489965426921,0.11746488876375369
1789222581382939000,8.41493896484375,-6.208288238903879,-7.589872360673547,0.14620152836386113
1789222581392933000,8.42493310546875,-6.1837529325842855,-7.609401237007975,0.16909836502773687
1789222581402928000,8.43492822265625,-6.178994924402237,-7.6130656047344205,0.17785810139812527
1789222581412922000,8.444922119140625,-6.194568925631046,-7.600788306963444,0.16032808899702503
1789222581422917000,8.454917236328125,-6.219270820689201,-7.5812617687165735,0.12456597120692021
1789222581432911000,8.4649111328125,-6.255871243333816,-7.551462842780351,0.09932021506302989
1789222581442905000,8.474905029296876,-6.282609028133749,-7.529338689255714,0.09094058231771923
1789222581452900000,8.484900146484375,-6.280815130454301,-7.530866629475355,0.08834050108822994
1789222581462894000,8.49489404296875,-6.26507687857449,-7.54409728244841,0.07611718939365819
1789222581472889000,8.50488916015625,-6.242777953004837,-7.562650007227063,0.06659146448629907
1789222581482883300,8.51488330078125,-6.23033114388585,-7.5726342256248,0.09250709184892475
1789222581492877300,8.524877197265624,-6.2267310735672705,-7.574943671610951,0.1357491992640309
1789222581502872300,8.534872314453125,-6.221221954756975,-7.5787863185137505,0.16962615176150575
1789222581512866300,8.5448662109375,-6.22486761778295,-7.575231840902567,0.19304525873381642
1789222581522860000,8.554860107421876,-6.227709563210606,-7.572689755204319,0.20097349444981663
1789222581532855000,8.56485498046875,-6.220275613817572,-7.579388960582017,0.17727144235027953
1789222581542849000,8.57484912109375,-6.212267663928866,-7.586958519053459,0.12713456131960266
1789222581552844000,8.584843994140625,-6.215502408066391,-7.584724476391076,0.09935776146128773
1789222581562838000,8.594838134765626,-6.235708160749078,-7.567837054476142,0.11903406517608091
1789222581572832000,8.60483203125,-6.247850433963537,-7.55706139343977,0.15990909639997408
1789222581582827000,8.614826904296875,-6.242208628684282,-7.560892934426665,0.19521626436365766
1789222581592821200,8.6248212890625,-6.232165373575687,-7.568551924747228,0.21799122821353376
1789222581602815200,8.634815185546875,-6.209632054728269,-7.586989498713612,0.22010832996536045
1789222581612810200,8.644810302734374,-6.188310449758172,-7.604463780605792,0.21753930146126074
1789222581622804200,8.65480419921875,-6.187583304527402,-7.605222490018606,0.21162923716725782
1789222581632799200,8.66479931640625,-6.1886290141880504,-7.604545029148459,0.20531601716615258
1789222581642793200,8.674793212890625,-6.201119662448764,-7.593937125894427,0.22050487326858564
1789222581652787200,8.684787109375,-6.217062496989965,-7.579964714643359,0.2503046577213332
1789222581662782200,8.6947822265625,-6.232413795378804,-7.566804204297065,0.2662286779642105
1789222581672776200,8.704776123046875,-6.236073486930132,-7.563871073454618,0.26387104545477774
1789222581682771200,8.714771240234375,-6.206579681420326,-7.58779555439949,0.27224693360673263
1789222581692765200,8.72476513671875,-6.1819496825546025,-7.606524220266937,0.3076851623378694
1789222581702759200,8.73475927734375,-6.169602242156863,-7.615097402822971,0.3415794678289443
1789222581712754200,8.744754150390625,-6.149805070275068,-7.63078304773271,0.34846166509073223
1789222581722748200,8.754748046875,-6.157886085399985,-7.623852956208586,0.35733693586587906
1789222581732742100,8.7647421875,-6.182573951932787,-7.603004813969135,0.37480683384388686
1789222581742737200,8.774737060546874,-6.183142691731453,-7.60282653479278,0.3689975630432367
1789222581752731100,8.784731201171875,-6.189342130893468,-7.599410588869452,0.33375735936854034
1789222581762726100,8.79472607421875,-6.205410637640953,-7.588045729768276,0.2912504343601875
1789222581772720000,8.80472021484375,-6.2056391856998205,-7.587791462746262,0.2930007668925449
1789222581782714000,8.814714111328126,-6.192606101125478,-7.595746221143007,0.3558784806858748
1789222581792709000,8.824709228515625,-6.16018910164535,-7.6187705383777615,0.4204582491567358
1789222581802703000,8.834703125,-6.120212480565905,-7.649155155247449,0.45145124371573325
1789222581812698000,8.844697998046875,-6.1117573714315885,-7.655612368562817,0.456509002029337
1789222581822692000,8.854692138671876,-6.146874862042069,-7.627101728871464,0.46219650961384173
1789222581832686000,8.86468603515625,-6.1835325678318735,-7.598320455545187,0.4470240749232471
1789222581842681000,8.87468115234375,-6.205907481247186,-7.5819228629738085,0.4141750041687861
1789222581852675000,8.884675048828125,-6.225927940490841,-7.565140654999017,0.42053705001398917
1789222581862669300,8.89466943359375,-6.237267080628872,-7.553398779278993,0.46158225017301735
1789222581872664300,8.904664306640624,-6.238532570520043,-7.551519541403651,0.4750307471478358
1789222581882658300,8.914658203125,-6.233773393294215,-7.555957816112041,0.4668516784759238
1789222581892653300,8.9246533203125,-6.220694716012478,-7.564792279952764,0.49725843411218373
1789222581902647300,8.934647216796876,-6.2105012387782335,-7.568868735611439,0.558838034386374
1789222581912641000,8.94464111328125,-6.20823270932436,-7.5681749081283805,0.5924198763947933
1789222581922636000,8.954635986328125,-6.2116843110829585,-7.565688936531544,0.5879717378795146
1789222581932630000,8.964630126953125,-6.210391348662972,-7.567113416376709,0.58328171689976
1789222581942624000,8.9746240234375,-6.213636029672623,-7.563134575873613,0.6000947584042325
1789222581952619000,8.984618896484376,-6.211451086848974,-7.563052158287167,0.6233052823934704
1789222581962613000,8.994613037109374,-6.198503342470526,-7.5710910878360265,0.653853346196562
1789222581972608000,9.00460791015625,-6.197940447890758,-7.567544209009409,0.6987064872711897
1789222581982602200,9.014602294921875,-6.189371941509843,-7.572585125786065,0.7197253099024296
1789222581992596200,9.02459619140625,-6.168337921309471,-7.592666959828138,0.6880427621766925
1789222582002591200,9.03459130859375,-6.169695765659212,-7.5943819470524785,0.6562086040858179
1789222582012585200,9.044585205078125,-6.199713302782177,-7.569271471193432,0.6633766690842807
1789222582022580200,9.054580322265625,-6.234383634147048,-7.538804436737299,0.6850296979658306
1789222582032574200,9.06457421875,-6.257780291825533,-7.515999899733066,0.721328726511076
1789222582042568200,9.074568115234374,-6.2468053088247775,-7.521563379079103,0.7575520594716072
1789222582052563200,9.084563232421875,-6.210274444285035,-7.552834131133556,0.746707790178433
1789222582062557200,9.09455712890625,-6.178529644978046,-7.584248675572872,0.6894394041668623
1789222582072551200,9.10455126953125,-6.175565534475445,-7.587966819313168,0.6749337628219276
1789222582082546200,9.114546142578124,-6.162026253944635,-7.595616457283496,0.7116371343843638
1789222582092540200,9.1245400390625,-6.131969553855061,-7.616361139148474,0.7485881970975548
1789222582102535200,9.13453515625,-6.136826346236467,-7.611174676421284,0.7614270012088119
1789222582112529200,9.144529052734375,-6.161044257169961,-7.594068058797717,0.7362433139830827
1789222582122523100,9.154523193359376,-6.21134645743072,-7.557312153330445,0.6903607567954808
1789222582132518100,9.16451806640625,-6.264011879691481,-7.519733825564384,0.6214136234279721
1789222582142512000,9.17451220703125,-6.263003579431772,-7.525174555313587,0.5629471136730164
1789222582152507100,9.184507080078125,-6.234926654982567,-7.547701444420218,0.5729571240991354
1789222582162501000,9.194501220703126,-6.185263337147235,-7.5850477169960735,0.6163979141578078
1789222582172495000,9.2044951171875,-6.118683955824375,-7.637915383830666,0.6279648717023432
1789222582182490000,9.214489990234375,-6.104141051208972,-7.652751133912801,0.5875875243349
1789222582192484000,9.224484130859375,-6.124692256328463,-7.641130838745832,0.5211920847442001
1789222582202479000,9.23447900390625,-6.13247574981153,-7.637692680990695,0.4783038140017539
1789222582212473000,9.24447314453125,-6.127166537487507,-7.644243417808413,0.4401846938898787
1789222582222467000,9.254467041015625,-6.128065532153845,-7.64572167366743,0.40016244357042013
1789222582232462000,9.264462158203125,-6.142009886354208,-7.63589410713613,0.37310138163287193
1789222582242456300,9.274456298828126,-6.178780989390611,-7.6064973322600125,0.3664087155938148
1789222582252450300,9.2844501953125,-6.236943840023875,-7.55903590838313,0.3631503713849932
1789222582262445300,9.2944453125,-6.269718566900491,-7.533608621659875,0.32518644183482975
1789222582272439300,9.304439208984375,-6.247073604372144,-7.5546905726552005,0.26664427302777766
1789222582282434300,9.314434326171876,-6.202846924632787,-7.592382297667861,0.2253849003951065
1789222582292428300,9.32442822265625,-6.170671332693099,-7.61879333473146,0.2172165905792266
1789222582302422000,9.334422119140624,-6.139926650339365,-7.643700981494784,0.21335902010193095
1789222582312417300,9.344417236328125,-6.130624568986892,-7.651569815173745,0.19826438162159174
1789222582322411000,9.354410888671875,-6.149232823345065,-7.637379961779713,0.1665863274078816
1789222582332406000,9.364406005859376,-6.1712313046634195,-7.62060126093626,0.11278987355688586
1789222582342400000,9.37439990234375,-6.195451553684473,-7.601608975696563,0.04803456585602835
1789222582352394000,9.38439404296875,-6.227549404212832,-7.575487276968359,0.0018693346817250129
1789222582362389000,9.394388916015625,-6.256943841001391,-7.551214420977234,-0.013829848417133325
1789222582372383200,9.40438330078125,-6.2604983186125756,-7.548227514120936,-0.0282801554037258
1789222582382377200,9.414377197265624,-6.244818518921733,-7.561030297070741,-0.05868178277371917
1789222582392371500,9.424371337890625,-6.2243357028633355,-7.57761259855926,-0.08843372319648042
1789222582402365400,9.434365478515625,-6.189014214113354,-7.606272875854373,-0.10533917395845055
1789222582412360400,9.4443603515625,-6.15987229078114,-7.6298454746216535,-0.10871654143705964
1789222582422354400,9.4543544921875,-6.162950967574119,-7.6273852219879625,-0.10682919332049787
1789222582432348400,9.464348388671874,-6.194789290383458,-7.601395625206828,-0.11729953300105407
1789222582442343400,9.474343505859375,-6.228424433481693,-7.573197704726457,-0.15423678638460114
1789222582452337400,9.48433740234375,-6.246817583784461,-7.556895973744988,-0.2024230539373122
1789222582462332400,9.49433251953125,-6.23827654993236,-7.562741777163744,-0.2433650859828107
1789222582472326400,9.504326416015624,-6.220433434727788,-7.576693730148673,-0.2651550573833287
1789222582482320400,9.5143203125,-6.226046598434448,-7.572113416621089,-0.2642708584273234
1789222582492315400,9.5243154296875,-6.257658126750588,-7.545874813514947,-0.26809591487450524
1789222582502309400,9.534309326171876,-6.276910524231195,-7.52852620382905,-0.30342814421420916
1789222582512304400,9.544304443359374,-6.276195069438219,-7.527417950326204,-0.34313769358899443
1789222582522298400,9.55429833984375,-6.264469560331106,-7.536524216845631,-0.35722682655490934
1789222582532292400,9.564292236328125,-6.232556418719887,-7.563527374583482,-0.3444992642657831
1789222582542287400,9.574287353515626,-6.186254686272144,-7.602542457154393,-0.3193608774865046
1789222582552281300,9.58428125,-6.154943017685413,-7.628388261550665,-0.3078126246424392
1789222582562276400,9.5942763671875,-6.140763101163506,-7.6389862279325715,-0.32755938151124864
1789222582572270300,9.604270263671875,-6.149547296121717,-7.630153517657518,-0.36633594261854885
1789222582582264300,9.614264404296875,-6.18881664571464,-7.59659845405817,-0.4007806485339999
1789222582592259300,9.62425927734375,-6.2482823956400155,-7.546652227628231,-0.42117432500422
1789222582602253300,9.63425341796875,-6.29642887917161,-7.505546310257912,-0.4383500988738611
1789222582612247600,9.64424755859375,-6.3231350997895,-7.482954539221525,-0.4401618975361809
1789222582622242600,9.65424267578125,-6.32181115770936,-7.484103709256648,-0.439645545511879
1789222582632236500,9.664236572265626,-6.267639422538876,-7.527617272290587,-0.47124162053056057
1789222582642231600,9.6742314453125,-6.194788121339679,-7.586328404456377,-0.4925583666624501
1789222582652225500,9.6842255859375,-6.145877667698263,-7.628021181803941,-0.460300174473226
1789222582662219300,9.69421923828125,-6.131564480185508,-7.643031119409203,-0.397969646233879
1789222582672214500,9.704214599609376,-6.157818865382671,-7.624226465696096,-0.35046924205347896
1789222582682208300,9.714208251953124,-6.216514215457439,-7.57636405980289,-0.3522013996083289
1789222582692203300,9.724203369140625,-6.273257262420654,-7.525719329714775,-0.4244629912860691
1789222582702197200,9.734197265625,-6.319415202483534,-7.479630947756767,-0.5389849675988778
1789222582712191200,9.744191162109376,-6.351349386882782,-7.447067817804217,-0.6098562739619985
1789222582722186200,9.754186279296874,-6.353759955155849,-7.446250071680545,-0.5945481205951422
1789222582732180500,9.764180419921875,-6.318649478808045,-7.4805772886961694,-0.5348188243627547
1789222582742175200,9.77417529296875,-6.278781578800082,-7.517710795304179,-0.48094256500750776
1789222582752169500,9.78416943359375,-6.247009306964278,-7.546351783376932,-0.4447798396604135
1789222582762163500,9.79416357421875,-6.205083889904618,-7.581718864834309,-0.4299634153332561
1789222582772158500,9.804158447265625,-6.179411688509583,-7.601867334371804,-0.4437060364164412
1789222582782152400,9.81415234375,-6.194782276120781,-7.5878516685009,-0.4685649851998314
1789222582792147500,9.8241474609375,-6.224740776532888,-7.561852134847641,-0.4913057727854699
1789222582802141400,9.834141357421874,-6.261991772040725,-7.529647901335358,-0.5120943303247913
1789222582812135400,9.844135498046874,-6.298509777098894,-7.497021058496832,-0.5420576530424878
1789222582822130400,9.85413037109375,-6.315382585966587,-7.480788301098347,-0.5693217632714659
1789222582832124400,9.86412451171875,-6.328344943392277,-7.469362651720642,-0.5753789078859612
1789222582842118400,9.874118408203126,-6.332268838837742,-7.468044554859399,-0.5486885789569467
1789222582852113400,9.884113525390624,-6.30459698805809,-7.495195596635341,-0.49444757794253524
1789222582862107400,9.894107421875,-6.268068461605906,-7.529573667055368,-0.4326936440147459
1789222582872102400,9.904102294921875,-6.229668296062946,-7.562920056340098,-0.40479437768738713
1789222582882096400,9.914096435546876,-6.206536426800489,-7.581717111268639,-0.4084742717765271
1789222582892090400,9.92409033203125,-6.213177179989218,-7.575474417486786,-0.4230913376066833
1789222582902085400,9.93408544921875,-6.226420107921958,-7.5627055368065825,-0.4555869187483564
1789222582912079400,9.944079345703125,-6.246399650633335,-7.544419354009628,-0.48437367196734993
1789222582922074400,9.954074462890626,-6.302420228540897,-7.497824191573262,-0.4822118177583441
1789222582932068400,9.964068359375,-6.347936363568902,-7.461128491860627,-0.4534862932072952
1789222582942062300,9.974062255859375,-6.3423477497816085,-7.4683841620773075,-0.41018122182488437
1789222582952057300,9.984057373046875,-6.312149595394731,-7.495601254826783,-0.37830063077639786
1789222582962051300,9.99405126953125,-6.264951790890097,-7.536025035151839,-0.35931101241782304
1789222582972046300,10.00404638671875,-6.206629365780949,-7.5854691572785375,-0.3298483692312613
1789222582982040300,10.014040283203125,-6.167082952812314,-7.618932450941204,-0.2989069221964106
1789222582992034600,10.02403466796875,-6.159689335429668,-7.6253084157139055,-0.28859513407843185
1789222583002029300,10.034029296875,-6.175827400282025,-7.612794971099495,-0.2736615861776285
1789222583012023600,10.0440234375,-6.2040907872140405,-7.590765510120987,-0.2447811815921217
1789222583022018600,10.0540185546875,-6.24842326541543,-7.555308996814489,-0.2118813670311123
1789222583032012500,10.064012451171875,-6.269714475247263,-7.537987275135516,-0.19953613685676827
1789222583042006500,10.074006591796875,-6.258616742649674,-7.547153747409582,-0.20140920071965082
1789222583052001500,10.08400146484375,-6.250244635623693,-7.554532751744985,-0.18400865991711615
1789222583061995500,10.09399560546875,-6.25224545405209,-7.553788655379414,-0.14174503301219082
1789222583071990500,10.103990478515625,-6.246247674942016,-7.559336937156319,-0.1058272314700298
1789222583081984500,10.113984619140625,-6.241800632405281,-7.5633192847907535,-0.08064617459280415
1789222583091978200,10.123978271484376,-6.240771873879432,-7.5644322144687175,-0.050040128958201965
1789222583101973200,10.13397314453125,-6.242012813851237,-7.563558354243636,-0.01600716848168522
1789222583111967200,10.14396728515625,-6.2409296947896475,-7.5644602715194225,0.011038262061891145
1789222583121962200,10.153962158203125,-6.234550222885608,-7.569651410421729,0.03386910711773671
1789222583131956200,10.163956298828126,-6.22742314748466,-7.57531835014224,0.06428646634640171
1789222583141950500,10.173950439453124,-6.214355576118827,-7.5856971208155155,0.0968022043601144
1789222583151945500,10.183945556640625,-6.205278535693884,-7.59270086209774,0.12571684000878594
1789222583161939500,10.193939453125,-6.214048117604851,-7.585132472670078,0.14750658308044076
1789222583171933400,10.203933349609375,-6.237067758664488,-7.565839158657193,0.16566020727260036
1789222583181928400,10.213928466796874,-6.264896261310577,-7.5422975395500655,0.18762966342587023
1789222583191922400,10.22392236328125,-6.273635448083281,-7.534722135859727,0.19960100052021443
1789222583201917400,10.23391748046875,-6.260405379632115,-7.545779536446928,0.19727865851987153
1789222583211911400,10.243911376953125,-6.231856161496043,-7.56938779104948,0.1967681151818484
1789222583221905400,10.253905517578126,-6.201676127287745,-7.593115872639417,0.23277638061959294
1789222583231900400,10.263900390625,-6.180639184477925,-7.607707292571663,0.30476386806368827
1789222583241894400,10.273894287109375,-6.1768584968954325,-7.607740610319375,0.3729569681935012
1789222583251889400,10.283889404296875,-6.194845404484868,-7.5907666791647666,0.4177710558993742
1789222583261883400,10.29388330078125,-6.220771872901916,-7.568818466728925,0.4305493985276669
1789222583271877400,10.30387744140625,-6.2517614699274295,-7.545323609372973,0.39237814636975527
1789222583281872400,10.313872314453125,-6.291292685326933,-7.516021527042985,0.3153434220060706
1789222583291866400,10.323866455078125,-6.315174496173858,-7.49760324229896,0.27367488405061885
1789222583301861400,10.333861328125,-6.296566241815686,-7.51114427639544,0.32610461612567304
1789222583311855400,10.34385546875,-6.2564972662776706,-7.539114233338832,0.43403040904384105
1789222583321849300,10.353849365234375,-6.226421276965737,-7.557966817846894,0.5283961709041148
1789222583331844400,10.36384423828125,-6.205085643470287,-7.57177439392507,0.5792504155570641
1789222583341838300,10.37383837890625,-6.20440876712203,-7.570157021856308,0.6069756770243868
1789222583351833300,10.383833251953124,-6.234552560973167,-7.545033686515689,0.6109075731132179
1789222583361827300,10.393827392578125,-6.251290929806232,-7.534304202708602,0.570972526153177
1789222583371821300,10.4038212890625,-6.244193080499768,-7.541992419123649,0.546621015435271
1789222583381816300,10.41381640625,-6.241547534427046,-7.5416048811107865,0.5810865814756602
1789222583391810300,10.423810302734376,-6.238197639477253,-7.541111544635892,0.6220175076052546
1789222583401805000,10.43380517578125,-6.222401519930362,-7.553898545494675,0.6250714152831583
1789222583411799300,10.44379931640625,-6.224421627581119,-7.551471610608696,0.6342269277717918
1789222583421793300,10.453793212890625,-6.245032453933358,-7.5309373566240065,0.6744977094922214
1789222583431788300,10.463788330078126,-6.25717063549459,-7.517142055505514,0.7146864389523864
1789222583441782300,10.4737822265625,-6.257628900656104,-7.514958866247534,0.7333879976172
1789222583451777300,10.48377734375,-6.2531087928831575,-7.519784094446897,0.7224008127219974
1789222583461771300,10.493771240234375,-6.248168998393416,-7.527727162405848,0.6812436766210943
1789222583471765200,10.50376513671875,-6.225727449482679,-7.549184960976243,0.6484640543736517
1789222583481760300,10.51376025390625,-6.198896141180396,-7.570859617167711,0.6528033987522125
1789222583491754200,10.523754150390625,-6.187036776560545,-7.578127562344074,0.6803995539471507
1789222583501749200,10.533749267578125,-6.176353469982743,-7.583000721338391,0.7218980508316308
1789222583511743200,10.5437431640625,-6.181192726707458,-7.573539065510034,0.7776608545858412
1789222583521737200,10.5537373046875,-6.215898713907599,-7.541484469601511,0.8117894072242081
1789222583531732200,10.563732177734375,-6.242990718972683,-7.523929523688555,0.7654697007283567
1789222583541726500,10.5737265625,-6.246572084590793,-7.529679465517401,0.6742811441320925
1789222583551721200,10.58372119140625,-6.23833266403377,-7.539798123949765,0.6364302830349654
1789222583561715200,10.593715087890626,-6.212724760046601,-7.558340911856293,0.6662791125275195
1789222583571709200,10.603709228515624,-6.173111127060651,-7.586666842630505,0.7110306198585779
1789222583581704200,10.6137041015625,-6.149657186236977,-7.603671168923378,0.732319199341908
1789222583591698200,10.6236982421875,-6.148012926161289,-7.604938996902108,0.732955816745013
1789222583601693200,10.633693115234376,-6.160947811058163,-7.5956006751924745,0.7210772359680384
1789222583611687200,10.643687255859374,-6.173005328598618,-7.5882491433858865,0.6948826911993324
1789222583621681200,10.65368115234375,-6.168415078198909,-7.594978743901848,0.6613108956608921
1789222583631676200,10.66367626953125,-6.162584472349286,-7.601364645546674,0.6420174355175345
1789222583641670100,10.673670166015626,-6.152004041624068,-7.611676780724525,0.620976547184959
1789222583651665200,10.6836650390625,-6.155826814782619,-7.609860671213268,0.6051446622049436
1789222583661659100,10.6936591796875,-6.163665253323316,-7.603084893468022,0.6104935489522293
1789222583671653400,10.7036533203125,-6.141301445823908,-7.620901120665669,0.6137251147519797
1789222583681648000,10.713648193359376,-6.113386433938145,-7.64419256440401,0.6026719519484788
1789222583691642400,10.723642333984374,-6.085836163711548,-7.6676944360226384,0.5826175173699856
1789222583701637400,10.733637451171875,-6.066500764122605,-7.684072154849767,0.5683171528061851
1789222583711631400,10.74363134765625,-6.065124215072393,-7.68701229995489,0.5426761137343943
1789222583721625300,10.753625244140625,-6.07202917215526,-7.68488697836399,0.4933258439036086
1789222583731620400,10.763620361328124,-6.100914490377902,-7.66454035590589,0.451720087252371
1789222583741614300,10.7736142578125,-6.1415872770279645,-7.633558357664942,0.42434984976779666
1789222583751609300,10.783609375,-6.175443369400501,-7.607312740296125,0.4038212583389133
1789222583761603000,10.79360302734375,-6.181818749651312,-7.601869087937474,0.408774350701645
1789222583771597000,10.80359716796875,-6.156212014707923,-7.621739909577369,0.42487822102345524
1789222583781592000,10.813592041015625,-6.112532447457313,-7.6578697921007866,0.40541356903165576
1789222583791586000,10.8235859375,-6.067654610332847,-7.695638674002885,0.3620584114298224
1789222583801581000,10.8335810546875,-6.039474810031056,-7.718807952666282,0.3393125092776492
1789222583811575300,10.8435751953125,-6.040360360693931,-7.718309940016269,0.3348554568035528
1789222583821569300,10.8535693359375,-6.073828330531716,-7.6927119729012245,0.3180883002674207
1789222583831564300,10.863564208984375,-6.1155520875394345,-7.660733364838361,0.2890880869608372
1789222583841558300,10.873558349609375,-6.156468035295605,-7.629090856862068,0.2554604330493137
1789222583851553300,10.88355322265625,-6.1787646227777,-7.612792633011937,0.19659403725657612
1789222583861547300,10.89354736328125,-6.1720654174000025,-7.619554382231831,0.13560105949761345
1789222583871541200,10.903541259765625,-6.157382227531075,-7.631612484294176,0.1245989966936875
1789222583881536300,10.913536376953125,-6.143302264252305,-7.642267149299383,0.1611751708130352
1789222583891530200,10.9235302734375,-6.127194594538212,-7.654533341154456,0.18972687316713854
1789222583901525200,10.933525146484374,-6.10436959926784,-7.6731649763882155,0.1720676266294904
1789222583911519200,10.943519287109375,-6.079432141888141,-7.693715012463927,0.13281965775131246
1789222583921513200,10.95351318359375,-6.071334175628423,-7.700580806580185,0.10166655899346806
1789222583931508200,10.96350830078125,-6.080222415482997,-7.693937715303897,0.06779443793473765
1789222583941502200,10.973502197265624,-6.111169342410564,-7.669591794076561,0.03679697726317681
1789222583951497200,10.983497314453125,-6.157699622917175,-7.632352489006519,0.017495930893340846
1789222583961491500,10.993491455078125,-6.185772455713153,-7.609614587497711,-0.01919060484037036
1789222583971486200,11.003486328125,-6.192044375589489,-7.604123004344105,-0.07930025814287364
1789222583981480200,11.013480224609374,-6.180417066159844,-7.61302761081159,-0.12099994015526026
1789222583991474200,11.02347412109375,-6.154810331216454,-7.6338377591282125,-0.1149926899639424
1789222584001469200,11.03346923828125,-6.137005794456601,-7.648422749319672,-0.09576465060645714
1789222584011463200,11.043463134765625,-6.129857676267624,-7.654197241067886,-0.09223398312912322
1789222584021458200,11.053458251953124,-6.1333583778649565,-7.6512302079558365,-0.10482058431128971
1789222584031452200,11.0634521484375,-6.145237031707167,-7.640877740767598,-0.15311633098730817
1789222584041446100,11.073446044921875,-6.158724874311686,-7.628213489505648,-0.22551685621170325
1789222584051441200,11.083441162109375,-6.173546011346578,-7.614767147955298,-0.2702499145706184
1789222584061435100,11.09343505859375,-6.179502873924374,-7.609209513828158,-0.28991850990299134
1789222584071430100,11.10343017578125,-6.175156369152665,-7.612332614284753,-0.3003475311924703
1789222584081424100,11.113424072265625,-6.155185594269633,-7.628363127109408,-0.3035530309692025
1789222584091418400,11.12341845703125,-6.13200871682167,-7.6473589194804426,-0.29453674428816884
1789222584101413400,11.133413330078126,-6.127611358645558,-7.651174678376316,-0.2868730047272518
1789222584111407400,11.143407470703124,-6.138771050563454,-7.641178769540787,-0.31347503431830553
1789222584121402400,11.15340234375,-6.145829736903309,-7.632752301979065,-0.37451614380162207
1789222584131396400,11.163396240234375,-6.158088914495706,-7.620147671949863,-0.42624556385390455
1789222584141390300,11.173390380859376,-6.171567989271879,-7.607520830088854,-0.4558181336883455
1789222584151385300,11.18338525390625,-6.179066820594668,-7.600323612061143,-0.4739144930016249
1789222584161379300,11.19337939453125,-6.23652473782897,-7.5542130182713265,-0.4582677187975496
1789222584171374300,11.203374267578125,-6.330218336048722,-7.475674903607368,-0.4615233595926314
1789222584181368300,11.213368408203126,-6.369765918061137,-7.4389692670226095,-0.5081428162200377
1789222584191362000,11.223362060546876,-6.347783803355694,-7.456767958563566,-0.5221433575870469
1789222584201357000,11.233357177734375,-6.256816999751329,-7.531576239049434,-0.5458793302224949
1789222584211351000,11.24335107421875,-6.111934481564163,-7.645608860942721,-0.5994242752641439
1789222584221346000,11.253345947265625,-6.022817105218768,-7.716277557405829,-0.595919116687402
1789222584231340300,11.26334033203125,-6.09454144821465,-7.661884872961044,-0.567865171254985
1789222584241334300,11.273334228515624,-6.181974816995859,-7.586562213212251,-0.6305866715732962
1789222584251329300,11.283329345703125,-6.177400933209062,-7.581693145871162,-0.726655839817971
1789222584261323300,11.2933232421875,-6.1769718941420315,-7.580943788808583,-0.7380332661397755
1789222584271318300,11.303318359375,-6.263856396868825,-7.517875630477071,-0.6450073380485176
1789222584281312300,11.313312255859374,-6.323958691132068,-7.4680416322499505,-0.6374122067444026
1789222584291306200,11.32330615234375,-6.32914047768414,-7.463857040041685,-0.6349900210987777
1789222584301301200,11.33330126953125,-6.278661751812696,-7.508579394343495,-0.6082939930813387
1789222584311295200,11.343295166015626,-6.218049169939756,-7.559856577116251,-0.5956718639280647
1789222584321290200,11.353290283203124,-6.194680569311976,-7.576656905269623,-0.6249675895825028
1789222584331284200,11.3632841796875,-6.2378136085957285,-7.539535673621296,-0.6445663893479854
1789222584341279200,11.373279296875,-6.267565772780776,-7.515198520222306,-0.6401567562121897
1789222584351273200,11.383273193359376,-6.262454713377356,-7.520463308882713,-0.6282371858377009
1789222584361267500,11.393267333984374,-6.280642111974954,-7.504764219969511,-0.634380876224488
1789222584371262200,11.40326220703125,-6.339313496652245,-7.453997909328341,-0.6491519635725767
1789222584381256400,11.41325634765625,-6.412098162356019,-7.3919684463948006,-0.6435725560050457
1789222584391252200,11.423252197265626,-6.467389841467142,-7.347710202473402,-0.5953224294358864
1789222584401246200,11.43324609375,-6.474196014350652,-7.346856800514459,-0.5280633952857926
1789222584411240400,11.443240478515625,-6.443540763846039,-7.376533561375736,-0.48777909649666396
1789222584421235200,11.453235107421875,-6.400031292465329,-7.412976747632026,-0.507710781478323
1789222584431229400,11.4632294921875,-6.3336746139824385,-7.467153158977627,-0.5445899114664644
1789222584441224400,11.473224365234374,-6.22734832868278,-7.558600439575314,-0.5080161941656842
1789222584451218200,11.48321826171875,-6.058309274360537,-7.700618800503015,-0.4095808813115582
1789222584461212200,11.493212158203125,-5.896835686856508,-7.829701692011952,-0.30576840546373274
1789222584471207200,11.503207275390626,-5.921994093510508,-7.814340456750989,-0.19093619415797292
1789222584481201200,11.513201171875,-6.079701021957397,-7.692735353776812,-0.17157118488205597
1789222584491196200,11.523196044921875,-6.22000030400753,-7.575698873892426,-0.30127743245372546
1789222584501190100,11.533190185546875,-6.362797248092293,-7.4488231370389455,-0.4474615895576775
1789222584511184100,11.54318408203125,-6.4879182502329344,-7.336267017439007,-0.5064514655996114
1789222584521179100,11.55317919921875,-6.486865526309609,-7.335836224806308,-0.525797313517332
1789222584531173000,11.563173095703124,-6.401607748001814,-7.41254010978043,-0.4940172602338716
1789222584541168000,11.573168212890625,-6.3367638121694325,-7.476220262530446,-0.34921032803356644
1789222584551162400,11.583162353515625,-6.238284733238816,-7.563541987630725,-0.21682927176207303
1789222584561156400,11.59315625,-6.1186044608473775,-7.661400888836384,-0.1897510212277062
1789222584571151400,11.6031513671875,-6.062638243475556,-7.704765983310342,-0.22667815507603808
1789222584581145300,11.613145263671875,-6.083032212206721,-7.687874469742178,-0.2523840760775842
1789222584591140400,11.623140380859375,-6.132322020554542,-7.648508089515566,-0.2556049743528478
1789222584601134300,11.63313427734375,-6.206707107192278,-7.588831911709904,-0.2383487373918295
1789222584611128300,11.64312841796875,-6.302983707642555,-7.509811566486954,-0.21333233302440494
1789222584621123300,11.653123291015625,-6.372890772083402,-7.450085704320669,-0.22991660727430133
1789222584631117300,11.663117431640625,-6.403020537409186,-7.421967278817296,-0.2934442728763446
1789222584641112300,11.6731123046875,-6.390725703981518,-7.429916776517033,-0.3540435934089124
1789222584651106000,11.68310595703125,-6.310338746580481,-7.498322788745164,-0.35379334497489034
1789222584661101300,11.693101318359375,-6.185723355874419,-7.604931398117542,-0.26877869124058634
1789222584671095000,11.703094970703125,-6.072635905876755,-7.699028900963068,-0.13578348512612282
1789222584681089300,11.71308935546875,-6.01041121263206,-7.748845948055386,-0.02716264773205621
1789222584691084000,11.723083984375,-6.025113107201457,-7.737465891385078,-0.004435916356644884
1789222584701078300,11.733078369140625,-6.0904936341285705,-7.685676082915068,-0.08165496804285793
1789222584711073300,11.7430732421875,-6.1690919545471665,-7.620235934755206,-0.21141656253095714
1789222584721067300,11.7530673828125,-6.246759716117381,-7.553298241513967,-0.3099374713093042
1789222584731061200,11.763061279296876,-6.2829948125809425,-7.521955593267083,-0.33843861251994967
1789222584741056300,11.77305615234375,-6.262065421798825,-7.540868383529782,-0.3036693325589411
1789222584751050200,11.78305029296875,-6.203665839800238,-7.591685547575354,-0.22633549738451836
1789222584761045200,11.793045166015625,-6.142246617719531,-7.643477694132923,-0.14296463793502187
1789222584771039200,11.803039306640626,-6.091807054814696,-7.6843176540434355,-0.10745197399449534
1789222584781033200,11.813033203125,-6.08268091455102,-7.691223780170082,-0.12830712136346847
1789222584791028200,11.8230283203125,-6.1276458454370495,-7.654401823729276,-0.18023314170008525
1789222584801022200,11.833022216796875,-6.1746174399703735,-7.614866516676544,-0.24145846691019832
1789222584811017200,11.843017333984376,-6.211829857033491,-7.582861020606756,-0.2894460518193431
1789222584821011200,11.85301123046875,-6.240887024691701,-7.557868618169427,-0.3167653445679694
1789222584831006200,11.863006103515625,-6.244425135689974,-7.55446728529334,-0.32795860996190457
1789222584841000200,11.873000244140625,-6.222949801462889,-7.572332612329721,-0.32412257546298207
1789222584850994400,11.882994384765626,-6.194005446529388,-7.596931631535291,-0.3021723902657628
1789222584860989400,11.892989501953124,-6.180173905053734,-7.609588868534565,-0.26457093735244125
1789222584870983200,11.902983154296875,-6.170176827174425,-7.61871793140769,-0.23333743030214682
1789222584880978400,11.912978515625,-6.1568140722543,-7.629474303221702,-0.2348274496641941
1789222584890972200,11.92297216796875,-6.1539382245570415,-7.630396094241738,-0.276554604205396
1789222584900966100,11.932966064453124,-6.1635945261746645,-7.620608275198936,-0.32682978859506545
1789222584910961200,11.942961181640625,-6.164878136244416,-7.618166142743825,-0.3580629485854879
1789222584920955100,11.952955078125,-6.158420922929048,-7.622910706922411,-0.368066419672966
1789222584930950100,11.9629501953125,-6.155580731067061,-7.625374466687441,-0.36450653523430226
1789222584940944100,11.972944091796874,-6.149592888829112,-7.630784216776489,-0.3521635152833536
1789222584950938000,11.982938232421875,-6.145833828556538,-7.63458828523457,-0.3349208867225796
1789222584960933000,11.99293310546875,-6.157402685797214,-7.625454546186328,-0.33049883249662815
1789222584970927400,12.00292724609375,-6.1747472038298845,-7.610247624704241,-0.35638931628484277
1789222584980922000,12.012922119140624,-6.1859419670611615,-7.5987740445315834,-0.40390776757858693
1789222584990916400,12.022916259765625,-6.192631820088625,-7.589536845108866,-0.4697030858516693
1789222585000911400,12.032911376953125,-6.196300863990187,-7.581222021228075,-0.5489153003849089
1789222585010905300,12.0429052734375,-6.200635093802213,-7.573657723453641,-0.6018429537784308
1789222585020899300,12.0528994140625,-6.200857796642184,-7.574205420464277,-0.5925911413084716
1789222585030894300,12.062894287109375,-6.191599554431438,-7.584738504916429,-0.5533765541100875
1789222585040888300,12.072888427734375,-6.180833830267191,-7.594457350376248,-0.5402792451931163
1789222585050883300,12.08288330078125,-6.178267779171467,-7.594283747375011,-0.5711855113167316
1789222585060877300,12.092877197265626,-6.175968854579329,-7.5922934503406285,-0.6203854494240134
1789222585070871300,12.102871337890624,-6.171389710095524,-7.59130268573761,-0.6756177995633333
1789222585080866300,12.1128662109375,-6.172729434266686,-7.585881245210766,-0.7226406858924775
1789222585090860000,12.122860107421875,-6.179456696695089,-7.578803854170441,-0.7392107124213129
1789222585100855300,12.132855224609376,-6.193568808677792,-7.567670465737581,-0.7351515001583844
1789222585110849000,12.14284912109375,-6.206828103223443,-7.555950217327475,-0.7438322347421199
1789222585120843300,12.15284326171875,-6.205486040964722,-7.552177128529548,-0.791801900402084
1789222585130838300,12.16283837890625,-6.196319568690657,-7.552480495390296,-0.8579372642844915
1789222585140832300,12.172832275390626,-6.195845521438121,-7.548079630082845,-0.8991009762566536
1789222585150827300,12.1828271484375,-6.215460322490334,-7.531618324625492,-0.9017526598092168
1789222585160821200,12.1928212890625,-6.234948282292485,-7.516241891795397,-0.8954865851517766
1789222585170816300,12.202816162109375,-6.245751415857672,-7.506670345851779,-0.9004883389618247
1789222585180810200,12.212810302734376,-6.2540855289608235,-7.498261413946747,-0.9126144647590816
1789222585190804200,12.22280419921875,-6.244536194849014,-7.501898309144377,-0.9474524808410555
1789222585200799200,12.23279931640625,-6.2206479542613025,-7.516592604929208,-0.9872986074086278
1789222585210793200,12.242793212890625,-6.222142576733231,-7.516406726968288,-0.9792679342314601
1789222585220788200,12.252788330078126,-6.252627731367945,-7.495965996485948,-0.9410221555326134
1789222585230782200,12.2627822265625,-6.28572277624011,-7.4698881368994705,-0.9278177329793572
1789222585240776200,12.272776123046874,-6.309708047461509,-7.448080209717154,-0.94025226713866
1789222585250771200,12.282771240234375,-6.312697876927256,-7.4430685190349815,-0.9596679654221981
1789222585260765400,12.292765380859375,-6.299006620705128,-7.452418531182408,-0.9769071964494883
1789222585270760200,12.30276025390625,-6.280694134423136,-7.466862067076564,-0.9844975785132497
1789222585280754400,12.31275439453125,-6.266441152665019,-7.479974062106013,-0.9757487471293658
1789222585290748200,12.322748046875,-6.2704936429262155,-7.4800360214263195,-0.9488643204003572
1789222585300743400,12.332743408203125,-6.276276902502775,-7.478919584617018,-0.918958938414976
1789222585310737200,12.342737060546876,-6.280105520880222,-7.478922507226467,-0.8923916148111224
1789222585320732200,12.352732177734374,-6.297254224079847,-7.467095291310549,-0.870321456496045
1789222585330726100,12.36272607421875,-6.303572905707359,-7.461783740898967,-0.8701387203402817
1789222585340721200,12.37272119140625,-6.3033542945206165,-7.463470671072602,-0.8571520321909337
1789222585350715100,12.382715087890626,-6.294928996002674,-7.475960150289535,-0.8088688436023891
1789222585360709000,12.392709228515624,-6.276153568384051,-7.496870836371183,-0.7597469391673803
1789222585370704100,12.4027041015625,-6.261826936867833,-7.510998145923018,-0.7381191908575594
1789222585380698000,12.412697998046875,-6.262392169535159,-7.511761531510949,-0.7254471216153353
1789222585390693000,12.422693115234376,-6.28721564514637,-7.495296134400367,-0.6795860456071794
1789222585400687000,12.43268701171875,-6.304100144451856,-7.486186360749602,-0.6210660520993173
1789222585410681300,12.442681396484375,-6.292680924814939,-7.499915026372671,-0.569057742040418
1789222585420676400,12.45267626953125,-6.283420344516634,-7.511568054765463,-0.5151434156971052
1789222585430670300,12.46267041015625,-6.264993876466154,-7.52925159549415,-0.4802162600269541
1789222585440665300,12.472665283203124,-6.229075006344914,-7.560646850711107,-0.45346020891796796
1789222585450659000,12.4826591796875,-6.223082487931848,-7.568359032523632,-0.4044403766179457
1789222585460654300,12.492654296875,-6.237345991083979,-7.560107921528815,-0.3326653994133696
1789222585470648000,12.50264794921875,-6.256817584273219,-7.5462629360496996,-0.2766483834360726
1789222585480642000,12.51264208984375,-6.301488500648737,-7.510034853848815,-0.24699818178815766
1789222585490637000,12.522636962890624,-6.325646205827593,-7.4901406513333315,-0.2331844864964485
1789222585500631000,12.532631103515625,-6.320366219598054,-7.495577289429306,-0.19917216238258406
1789222585510626000,12.5426259765625,-6.3082023190736765,-7.506985987672209,-0.14876051953113636
1789222585520620000,12.5526201171875,-6.273405730980635,-7.536925198861956,-0.09762235250342637
1789222585530614000,12.562614013671874,-6.244445009434223,-7.561561042946576,-0.009347765391413122
1789222585540609000,12.572609130859375,-6.2327580787718295,-7.570567940744757,0.09802179101663641
1789222585550603300,12.582603271484375,-6.219338625228405,-7.580171050870418,0.17665866248048842
1789222585560598000,12.592597900390626,-6.23385756444633,-7.56763422538042,0.2008000923779793
1789222585570592300,12.60259228515625,-6.272559343284368,-7.536138432398438,0.1789090169568546
1789222585580587300,12.612587158203125,-6.302349501392245,-7.512004692617058,0.14336791237313298
1789222585590581200,12.622581298828125,-6.340124228513241,-7.479826178067922,0.15940016049714759
1789222585600575200,12.6325751953125,-6.350238210770487,-7.469573664122819,0.22435290873255578
1789222585610570200,12.6425703125,-6.311338863533735,-7.499201909667253,0.31520478072036057
1789222585620564200,12.652564208984375,-6.267602013137936,-7.530383229872584,0.42530342416558414
1789222585630559200,12.662559326171875,-6.235621651509404,-7.5512752112537616,0.5154107613964006
1789222585640553200,12.67255322265625,-6.21352847764492,-7.566355291485786,0.5592067946335301
1789222585650547200,12.682547119140626,-6.217611947566271,-7.561614234438538,0.5776445512630045
1789222585660542200,12.692542236328125,-6.231465700873732,-7.550808178263902,0.5696586305430159
1789222585670536000,12.702535888671875,-6.2465913738131515,-7.539027724099159,0.5599424519643187
1789222585680531200,12.71253125,-6.278907251006364,-7.509555545899271,0.5935351806929334
1789222585690525000,12.72252490234375,-6.307339564764499,-7.482334361496568,0.634448461567983
1789222585700520000,12.73252001953125,-6.314861776962876,-7.475420636585354,0.6410777435146272
1789222585710514200,12.74251416015625,-6.316454599112272,-7.473312850651144,0.649913522529602
1789222585720508200,12.752508056640625,-6.308183029851317,-7.476205064961314,0.6953940017223358
1789222585730503200,12.762503173828126,-6.280102013748884,-7.494231720039248,0.7531269365057349
1789222585740497200,12.7724970703125,-6.245637434089184,-7.517741774964332,0.8037138719920068
1789222585750492200,12.7824921875,-6.224231073445082,-7.530433498755097,0.8496557581514119
1789222585760486100,12.792486083984375,-6.221439396899938,-7.529739671272039,0.8758420465484261
1789222585770480000,12.802480224609376,-6.2415855283498765,-7.5150705099284645,0.8583170573823153
1789222585780475100,12.81247509765625,-6.268600376525521,-7.4962950823098415,0.8249825777310877
1789222585790469000,12.82246923828125,-6.2796788199007505,-7.486166487005352,0.8326608572740107
1789222585800464100,12.832464111328125,-6.269561915034055,-7.488810279512405,0.8835724946700036
1789222585810458000,12.8424580078125,-6.24411533908844,-7.503731369790434,0.9356360055148601
1789222585820452000,12.8524521484375,-6.236943840023875,-7.507828868237137,0.9504851996004581
1789222585830447000,12.862447021484375,-6.252018659558892,-7.500197934967279,0.9108680594831704
1789222585840441300,12.87244140625,-6.282503814193606,-7.479937821748853,0.8666424026571213
1789222585850436000,12.88243603515625,-6.313253757244349,-7.45299253167808,0.8752798826210201
1789222585860430300,12.892430419921874,-6.307770941919088,-7.453669992548227,0.9084072953928262
1789222585870425300,12.90242529296875,-6.281750949999689,-7.473599266377091,0.9248320682320743
1789222585880419300,12.91241943359375,-6.258028129106759,-7.494248671174049,0.9185383018501102
1789222585890413000,12.9224130859375,-6.256638136053085,-7.494110724008083,0.9290675138447433
1789222585900408300,12.932408203125,-6.277059577313065,-7.4747233019709585,0.9473264433085918
1789222585910402000,12.942402099609374,-6.275224763101339,-7.478889774000645,0.9263611774954944
1789222585920397000,12.95239697265625,-6.26296967716217,-7.491642872589826,0.9060179891034961
1789222585930391000,12.96239111328125,-6.257273511347174,-7.493217574560642,0.9319892465103418
1789222585940386000,12.972385986328124,-6.252063667744398,-7.493465411841869,0.9643956515312194
1789222585950380000,12.982380126953124,-6.269618613657355,-7.480261062353849,0.9528650804743171
1789222585960374000,12.9923740234375,-6.281683729982376,-7.4762705314129585,0.9034477732893079
1789222585970369000,13.002369140625,-6.281548705425858,-7.478027604213357,0.8897379584971815
1789222585980363000,13.012363037109376,-6.284698693889379,-7.472392228674888,0.9144996939837932
1789222585990358000,13.02235791015625,-6.263910757404566,-7.487564663365482,0.9328343190323561
1789222586000352300,13.032352294921875,-6.223470025944709,-7.51817490568459,0.9570014496266841
1789222586010346200,13.04234619140625,-6.183160227388143,-7.5484496324390165,0.97971085569337
1789222586020341200,13.05234130859375,-6.155545075231791,-7.573007735112309,0.9639509034384042
1789222586030335200,13.062335205078124,-6.168608554944396,-7.567959804072975,0.9190450823284685
1789222586040330200,13.072330322265625,-6.220254571029543,-7.530014981082082,0.8818711706448346
1789222586050324200,13.08232421875,-6.275618730854988,-7.48786861474812,0.84782722755
1789222586060319200,13.0923193359375,-6.322815366315841,-7.451166485294699,0.8200688675306737
1789222586070313200,13.102313232421874,-6.335465589052438,-7.439394798958301,0.829261789420247
1789222586080307200,13.11230712890625,-6.301157076737284,-7.465792392018437,0.8530877784267067
1789222586090302200,13.12230224609375,-6.237733529096841,-7.518221082913875,0.8587295837059616
1789222586100296200,13.132296142578125,-6.169972244513034,-7.5717048358201975,0.8781277463328093
1789222586110291200,13.142291259765624,-6.109282505750656,-7.615206123894453,0.9250317555226385
1789222586120285000,13.152284912109375,-6.076600717854499,-7.637503880420327,0.9559515752475708
1789222586130279200,13.162279052734375,-6.097098146960139,-7.622563500919938,0.9446198146983981
1789222586140274000,13.17227392578125,-6.146235979616642,-7.587386973598599,0.9086954646844416
1789222586150268200,13.18226806640625,-6.1892731573104856,-7.556941566452384,0.8694359058331698
1789222586160263200,13.19226318359375,-6.2214692075163125,-7.535653863751888,0.8231832732241601
1789222586170257200,13.202257080078125,-6.248052678537368,-7.51828654936552,0.779481640272215
1789222586180252200,13.212252197265625,-6.263201732352376,-7.507956294009089,0.7571556805651635
1789222586190246100,13.22224609375,-6.26815497084558,-7.501255335065722,0.7821750440746545
1789222586200240000,13.232240234375,-6.25873656963706,-7.503061507704854,0.8382534165840595
1789222586210235100,13.242235107421875,-6.2409004686951635,-7.512565833631157,0.8848164303164928
1789222586220229000,13.25222900390625,-6.215044727426767,-7.53190064869821,0.9022633127450942
1789222586230224100,13.26222412109375,-6.201860836204886,-7.542337287038564,0.9057876874789595
1789222586240218000,13.272218017578124,-6.216487911972403,-7.532701443687081,0.8854824930097908
1789222586250212000,13.282212158203125,-6.227099322357773,-7.529805137723684,0.8340637828744948
1789222586260207000,13.29220703125,-6.243152047014236,-7.519801630103587,0.803763483287394
1789222586270201000,13.302201171875,-6.262009307697415,-7.503196532261371,0.8121965267203748
1789222586280196000,13.312196044921874,-6.258768718340993,-7.502541867744922,0.8426593964580446
1789222586290190300,13.3221904296875,-6.259685833185911,-7.498460735911131,0.8716648339290172
1789222586300185000,13.33218505859375,-6.256602480217814,-7.5003165929108855,0.8778124698385595
1789222586310179300,13.342179443359376,-6.238595698884129,-7.514943668678402,0.8808723688658326
1789222586320173300,13.35217333984375,-6.215870656856894,-7.53285225033462,0.8885204724662006
1789222586330168300,13.362168212890625,-6.195466166731715,-7.551193962711095,0.8752388930235058
1789222586340162000,13.372162109375,-6.191922210514545,-7.5570374280422925,0.8495123310927302
1789222586350157300,13.3821572265625,-6.196831025344133,-7.555211966180801,0.8297187394075095
1789222586360151000,13.392151123046874,-6.206583188551664,-7.548204133245348,0.820558696874231
1789222586370145000,13.40214501953125,-6.223277718243002,-7.536341261494159,0.8029694103002548
1789222586380140000,13.41214013671875,-6.231688403713703,-7.5312442306160925,0.7853696753975004
1789222586390134000,13.422134033203125,-6.222851017263531,-7.539210094928741,0.7789852350573986
1789222586400129000,13.43212890625,-6.206746854680776,-7.55271488866806,0.7766489010643214
1789222586410123000,13.442123046875,-6.199751881226897,-7.558283044189214,0.7783503712199628
1789222586420118000,13.452117919921875,-6.2070069669216865,-7.553135159906745,0.770458668122068
1789222586430112000,13.462112060546875,-6.2235144496083254,-7.542841144907474,0.7374324507024139
1789222586440106200,13.472106201171876,-6.2451931974530215,-7.52858231793046,0.6988532753307372
1789222586450101200,13.482101318359375,-6.251973651373386,-7.523846521580219,0.6891543036151677
1789222586460095200,13.49209521484375,-6.246731659066676,-7.527274742463231,0.6991781233709305
1789222586470090200,13.50209033203125,-6.235287889510393,-7.537079512640833,0.695702190888673
1789222586480084200,13.512084228515626,-6.224824363163113,-7.545673153463006,0.6962479151379317
1789222586490079200,13.522079345703125,-6.226363409298658,-7.543715589654445,0.7036597257643937
1789222586500073200,13.5320732421875,-6.215210731643438,-7.554245166975259,0.6891420286554842
1789222586510067200,13.542067138671875,-6.203713186073303,-7.565074604025483,0.6737738521970809
1789222586520062200,13.552062255859376,-6.193675776183605,-7.573183676201105,0.6750143537774682
1789222586530056000,13.562055908203124,-6.178337921798229,-7.58535108385682,0.6789444597680121
1789222586540051200,13.57205126953125,-6.187412624135613,-7.57884477070272,0.668894555722922
1789222586550045000,13.582044921875,-6.207738203805684,-7.564029478886723,0.6479387883905321
1789222586560039200,13.5920390625,-6.237596166452765,-7.5405936582416295,0.6342112187460065
1789222586570034000,13.602033935546874,-6.259359669971466,-7.522711380070447,0.6321531902376561
1789222586580028200,13.612028076171875,-6.245597102078795,-7.534048766642808,0.63326283197999
1789222586590023200,13.622023193359375,-6.210539817222952,-7.562372359329461,0.6403988213397562
1789222586600017200,13.63201708984375,-6.170159291517734,-7.594021881568431,0.6560105972956866
1789222586610012200,13.64201220703125,-6.15834376603961,-7.602762237384915,0.6657322922997176
1789222586620006100,13.652006103515625,-6.170299576771259,-7.593402872887253,0.6618347734045237
1789222586630000000,13.662000244140625,-6.20017449055314,-7.569222371354699,0.6596234540306032
1789222586639995100,13.6719951171875,-6.228757610958814,-7.545928005006909,0.6572148585189134
1789222586649989000,13.681989013671876,-6.237316764989495,-7.53919197475016,0.6533315142795443
1789222586659984100,13.691984130859375,-6.250307763987779,-7.52914170537889,0.6450213665738701
1789222586669978000,13.70197802734375,-6.254891000124812,-7.5258245436549185,0.6392923214025795
1789222586679973000,13.71197314453125,-6.240528128251433,-7.537054378199577,0.6473087468586862
1789222586689967000,13.721967041015626,-6.215385503688454,-7.556749258750677,0.6594790771238506
1789222586699961000,13.731961181640624,-6.198619662326574,-7.568440865588188,0.6827931710854173
1789222586709956000,13.7419560546875,-6.201822257760167,-7.561669179496168,0.727285223762691
1789222586719950000,13.7519501953125,-6.224522749868035,-7.5401815703094,0.7558892408259212
1789222586729945000,13.761945068359376,-6.259171453922987,-7.514900998580456,0.7207082565251738
1789222586739939300,13.771939208984374,-6.291443491974473,-7.496414324775338,0.6260081846766173
1789222586749933000,13.78193310546875,-6.3005655405849215,-7.4924226247906685,0.5803990376029163
1789222586759928300,13.79192822265625,-6.278165492728352,-7.508471257793903,0.6147269122056662
1789222586769922000,13.801922119140626,-6.214845405462384,-7.558394687870145,0.6455681137364357
1789222586779917000,13.8119169921875,-6.131511873215437,-7.6274132790386675,0.6304901523962616
1789222586789911000,13.8219111328125,-6.0865422661542885,-7.662243769401312,0.643749373876676
1789222586799906000,13.831906005859375,-6.11373130185306,-7.636663922464847,0.68851118340604
1789222586809900000,13.841900146484376,-6.207212134104966,-7.561776731523871,0.6785548028632998
1789222586819894000,13.85189404296875,-6.308133345490694,-7.483195946761965,0.6161343678507953
1789222586829889000,13.861888916015625,-6.353244406849146,-7.448699802920222,0.568806141899526
1789222586839883000,13.871883056640625,-6.336794791829585,-7.463740720185637,0.5549722623363137
1789222586849878000,13.8818779296875,-6.294428645265102,-7.5009227421104905,0.5354670591384172
1789222586859872000,13.8918720703125,-6.243828338840603,-7.544300111544132,0.5182003921149299
1789222586869867000,13.901866943359375,-6.210341664302349,-7.569625691458582,0.5502930184789001
1789222586879861000,13.911861083984375,-6.204298877006769,-7.5713202204167835,0.5934393191030248
1789222586889855200,13.921855224609375,-6.208281809163093,-7.56750446152091,0.6004202274989336
1789222586899850200,13.931850341796874,-6.239101310318708,-7.54339001096189,0.5841768025759607
1789222586909844200,13.94184423828125,-6.2882935035109515,-7.5046666048139326,0.554737759460695
1789222586919839200,13.951839111328125,-6.327655207562446,-7.4750938888490195,0.5041194424554706
1789222586929833200,13.961833251953125,-6.342507324257492,-7.46601100320518,0.4490732625380158
1789222586939827200,13.9718271484375,-6.336202671155333,-7.47320822123289,0.41723782580550756
1789222586949822200,13.981822265625,-6.322450040134787,-7.484622180172801,0.42124512521810825
1789222586959816200,13.991816162109375,-6.292794322061538,-7.507047946992516,0.46406255921404804
1789222586969811200,14.001811279296875,-6.252962077888846,-7.536392114898562,0.5231097549337893
1789222586979805000,14.011804931640626,-6.2282935005784035,-7.553375398403405,0.5703291502157226
1789222586989800200,14.02180029296875,-6.213503343203663,-7.564750778898596,0.5807811687882989
1789222586999794000,14.0317939453125,-6.220430512118339,-7.560069927605986,0.5674190349226818
1789222587009788200,14.0417880859375,-6.237011644563078,-7.548654215100407,0.5365596036154776
1789222587019783000,14.051782958984376,-6.2007391386985775,-7.581784915807843,0.48759731018897146
1789222587029777200,14.061777099609374,-6.148002989289164,-7.626199227073788,0.46209809074066577
1789222587039772200,14.071772216796875,-6.15791472697258,-7.615036612546444,0.5115501404454932
1789222587049766100,14.08176611328125,-6.223926537540555,-7.556502590513229,0.5765348729880526
1789222587059760000,14.091760009765625,-6.296863178935647,-7.495874226549267,0.5759936057182029
1789222587069755100,14.101755126953124,-6.340210737752914,-7.461342426872253,0.5481548374064267
1789222587079749000,14.1117490234375,-6.340733884844184,-7.462532513439655,0.52543406969551
1789222587089744100,14.121744140625,-6.307424320438503,-7.493091317832469,0.49026894055102016
1789222587099738000,14.131738037109375,-6.2552417132586235,-7.538053910630941,0.46913156957402824
1789222587109733000,14.141733154296874,-6.222233762148022,-7.563032284542918,0.5047195637730881
1789222587119727000,14.15172705078125,-6.219507552054524,-7.5603306243687864,0.5740341787461191
1789222587129721000,14.16172119140625,-6.221074070718884,-7.554693495264649,0.6286748466026038
1789222587139716000,14.171716064453125,-6.232390999025106,-7.543186597344278,0.6542361349690705
1789222587149710000,14.1817099609375,-6.246179870402813,-7.532706704384088,0.6433934000458568
1789222587159705000,14.191705078125,-6.233472364521027,-7.545578460916876,0.6151856157585978
1789222587169699000,14.201698974609375,-6.2093883091002695,-7.566361721226572,0.6033803194135428
1789222587179694000,14.211694091796875,-6.191379189679027,-7.5807462204098695,0.6078699589829891
1789222587189688300,14.221688232421876,-6.19096242557168,-7.580367450225353,0.6167655784264207
1789222587199682000,14.23168212890625,-6.204468388354778,-7.569280823543667,0.6171996589947492
1789222587209677300,14.24167724609375,-6.209058054232597,-7.567025153571366,0.5984305880516767
1789222587219671000,14.251671142578125,-6.2163067101866005,-7.562269483476877,0.5830977751675993
1789222587229666000,14.261666015625,-6.224204185438156,-7.5552517136693,0.5897780931817367
1789222587239660000,14.271659912109374,-6.220286719733476,-7.558387673607468,0.5909172532794996
1789222587249655000,14.281655029296875,-6.211366331174969,-7.567039766618609,0.5737897024657577
1789222587259649000,14.29164892578125,-6.200520527511835,-7.576452322608232,0.5668381297621876
1789222587269643000,14.30164306640625,-6.194171450746059,-7.580756741803884,0.5785859602989628
1789222587279638000,14.311637939453124,-6.192700209149718,-7.582017555519938,0.5778074867397547
1789222587289632000,14.321632080078125,-6.208838858523965,-7.570832144638896,0.550637484535016
1789222587299627000,14.331626953125,-6.240372645428776,-7.547214537686109,0.5173745357500389
1789222587309621000,14.34162109375,-6.256779590350389,-7.5353130874902,0.4920837714206427
1789222587319615200,14.351615234375,-6.248156138911843,-7.543820219072699,0.4708548497026786
1789222587329610000,14.36160986328125,-6.2274775080204,-7.562464713788032,0.4450057208381593
1789222587339604200,14.371604248046875,-6.192597917819023,-7.5916007919013495,0.4355549151973799
1789222587349599200,14.38159912109375,-6.171371005395055,-7.607630135682225,0.4566406655849889
1789222587359593200,14.39159326171875,-6.182759829893707,-7.596997097986936,0.47906047758795317
1789222587369588200,14.401588134765625,-6.203098269045353,-7.581407899188995,0.4628456211723387
1789222587379582200,14.411582275390625,-6.2138821133881805,-7.5745000194966785,0.4301224052872509
1789222587389576200,14.421576171875,-6.21173808709681,-7.577268315166235,0.41196386745795605
1789222587399570700,14.43157080078125,-6.1983425989508625,-7.589296022090315,0.39180999109297987
1789222587409564400,14.441564453125,-6.174171449768543,-7.610589570009708,0.35904578561037775
1789222587419559700,14.4515595703125,-6.175981129539013,-7.610303154283762,0.3330619609829038
1789222587429553400,14.461553466796875,-6.209357913962006,-7.583548418349027,0.32257260607462374
1789222587439548400,14.47154833984375,-6.2393900641322135,-7.559477806931733,0.30770583979971705
1789222587449542400,14.48154248046875,-6.252312089547514,-7.549628028568625,0.28653575386321173
1789222587459536600,14.49153662109375,-6.246947347643971,-7.5542054194867605,0.282882985243015
1789222587469531600,14.50153173828125,-6.238278888019919,-7.560888842773437,0.2953432383654639
1789222587479525600,14.511525634765626,-6.221355810269713,-7.574393636512756,0.306087335219793
1789222587489520600,14.521520751953124,-6.200366798254847,-7.591483303001523,0.3085816727861762
1789222587499514600,14.5315146484375,-6.203377085986733,-7.589719215938448,0.2909759830666706
1789222587509509600,14.541509521484375,-6.218191793280839,-7.578988563087582,0.251804212096706
1789222587519503600,14.551503662109376,-6.232571616289019,-7.567823025950789,0.23127863460881634
1789222587529497600,14.56149755859375,-6.247890181452036,-7.554998031169176,0.23720535777667537
1789222587539492600,14.57149267578125,-6.2478890124082564,-7.554901585057378,0.24028021691106258
1789222587549486600,14.581486572265625,-6.236874281919002,-7.564253935292363,0.23206233233241363
1789222587559481600,14.591481689453126,-6.229862941852212,-7.570363358083367,0.22088919641105456
1789222587569475600,14.6014755859375,-6.2252767831057305,-7.574799294704198,0.196787386137899
1789222587579469600,14.611469482421874,-6.226044844868778,-7.575135979312658,0.1551465581732802
1789222587589464600,14.621464599609375,-6.233463596692681,-7.56940591122806,0.13571032855836673
1789222587599458800,14.631458740234375,-6.258060277810692,-7.548333897104859,0.17244272528588772
1789222587609453600,14.64145361328125,-6.2729614943444725,-7.53527626261115,0.19988531562061979
1789222587619447800,14.65144775390625,-6.258349616146087,-7.5484011171221725,0.15839408872714264
1789222587629442800,14.66144287109375,-6.244990368357301,-7.560519424939155,0.09498137300796806
1789222587639436800,14.671436767578125,-6.231108557999134,-7.572119261839985,0.08171949377958662
1789222587649430500,14.681430419921876,-6.217915898948908,-7.582445425543189,0.1201160243270453
1789222587659425500,14.691425537109374,-6.215269183832406,-7.584223541131615,0.14269735616780815
1789222587669419500,14.70141943359375,-6.2286144030958415,-7.5735741368234155,0.12537891329131087
1789222587679414500,14.71141455078125,-6.251255273970961,-7.555555665051937,0.07599976899249013
1789222587689408500,14.721408447265626,-6.26444442588985,-7.544981664067507,0.01905000677630305
1789222587699403500,14.731403564453124,-6.266001592203974,-7.543702730172872,-0.01267154408583883
1789222587709397500,14.7413974609375,-6.25593729430735,-7.5520315825790165,-0.021234581990481817
1789222587719391500,14.7513916015625,-6.231372761893272,-7.572312154063582,-0.021854405805701388
1789222587729386500,14.761386474609376,-6.210132989987731,-7.589768900299072,0.006711685262536048
1789222587739380500,14.77138037109375,-6.1957192647099495,-7.601405562078952,0.04565440642095636
1789222587749375500,14.78137548828125,-6.183834181126952,-7.611155387198925,0.02980189192815451
1789222587759369700,14.79136962890625,-6.185988728812337,-7.609357982388138,-0.03997309568179771
1789222587769363700,14.80136376953125,-6.216103296568989,-7.584302451586723,-0.09383687914796172
1789222587779358700,14.811358642578124,-6.2589347225576635,-7.5487652742594475,-0.11075724435127339
1789222587789352700,14.821352783203125,-6.28462270604372,-7.526932797157764,-0.1384788342904765
1789222587799347700,14.83134765625,-6.284729673549532,-7.525996977612376,-0.17865851279450579
1789222587809341700,14.841341796875,-6.267476340931654,-7.539781172814965,-0.20205920732729135
1789222587819336700,14.851336669921874,-6.246990017741918,-7.5568527191251516,-0.19871486533544958
1789222587829330700,14.86133056640625,-6.228960440054536,-7.572218630561232,-0.17873210775367915
1789222587839324700,14.87132470703125,-6.196710613834858,-7.598801517060399,-0.17140655063856391
1789222587849319700,14.881319580078125,-6.170038880008459,-7.620594246673583,-0.16600607983451335
1789222587859313700,14.891313720703126,-6.1713026163339615,-7.6195678262352935,-0.16612192476652562
1789222587869308700,14.90130859375,-6.198629599198699,-7.597076008442044,-0.17834235951742156
1789222587879302400,14.911302490234375,-6.235985808646679,-7.565553327453136,-0.2127583325287327
1789222587889297700,14.921297607421875,-6.267705473512411,-7.537117506563663,-0.2794785836270079
1789222587899291400,14.93129150390625,-6.287656959173083,-7.516891880136728,-0.3634401481118053
1789222587909285600,14.94128564453125,-6.2843713616311545,-7.517228564745188,-0.4102984915290028
1789222587919280600,14.95128076171875,-6.239664789420366,-7.555220734009146,-0.3944806350743398
1789222587929274600,14.961274658203125,-6.180404206678271,-7.607085945802926,-0.3244188184631988
1789222587939269600,14.97126953125,-6.162313254192471,-7.625641593191027,-0.21418856626125052
1789222587949263600,14.981263671875,-6.182995392215251,-7.610192679646611,-0.16099961331672966
1789222587959257600,14.991257568359375,-6.24450638423264,-7.55873955578506,-0.20486770714307204
1789222587969252600,15.001252685546875,-6.302278774243593,-7.506562793824076,-0.32121286202874033
1789222587979246600,15.01124658203125,-6.320271527051926,-7.485005626532435,-0.4463719311574474
1789222587989241600,15.02124169921875,-6.3240270801931615,-7.478587576183676,-0.4977896183794364
1789222587999235600,15.031235595703125,-6.322440687784552,-7.482840557453036,-0.45190001039654015
1789222588009230600,15.041230712890625,-6.321098625525832,-7.48900550982356,-0.3590131254497915
1789222588019224600,15.051224609375,-6.309298882138728,-7.501032632225751,-0.3124680127002299
1789222588029218600,15.061218505859374,-6.291885975044965,-7.514182036656141,-0.3458697123687714
1789222588039213600,15.071213623046875,-6.29087007600069,-7.5110986836880445,-0.4227804815592244
1789222588049207800,15.081207763671875,-6.290872998610139,-7.5081836730241776,-0.47168096179589625
1789222588059202600,15.09120263671875,-6.262560511839389,-7.530940279233455,-0.48544462566711005
1789222588069196800,15.10119677734375,-6.22020488666892,-7.565166373962163,-0.4976904323212802
1789222588079191800,15.11119189453125,-6.2019233800470825,-7.581618911591172,-0.4749607871841639
1789222588089185800,15.121185791015625,-6.2148512506812805,-7.573647786581516,-0.4311179556632414
1789222588099179500,15.131179443359375,-6.274920811718702,-7.525233007502555,-0.40819932729266584
1789222588109174500,15.141174560546874,-6.339132879388332,-7.469122997745871,-0.44494599000755697
1789222588119168500,15.15116845703125,-6.345077467006445,-7.459767140379547,-0.5121173093415796
1789222588129163500,15.16116357421875,-6.338705009365081,-7.463105929413437,-0.5415239480245858
1789222588139157500,15.171157470703125,-6.338569984808564,-7.463188931521773,-0.5419703035525977
1789222588149151500,15.1811513671875,-6.309076763820648,-7.489152809339761,-0.5277576172722503
1789222588159146500,15.191146484375,-6.271402574464679,-7.52194098021984,-0.5101968626730143
1789222588169140500,15.201140380859375,-6.236446996417642,-7.550742127290367,-0.5132409796092658
1789222588179135500,15.211135498046875,-6.219651928961277,-7.564649072089791,-0.5122440044611692
1789222588189129500,15.22112939453125,-6.258487563312054,-7.53460581600368,-0.4810582272764295
1789222588199124500,15.23112451171875,-6.328108796548843,-7.477805485895276,-0.45589521751254797
1789222588209118700,15.24111865234375,-6.381791871419549,-7.430422387951612,-0.4816061069501564
1789222588219112700,15.25111279296875,-6.395469099116325,-7.415570855778455,-0.5269387751700356
1789222588229107700,15.261107666015626,-6.367543565836549,-7.43868869651556,-0.5391508987503126
1789222588239101700,15.271101806640624,-6.317267669060826,-7.481922273564338,-0.5323034074757248
1789222588249096700,15.2810966796875,-6.2611518140852445,-7.528844183737039,-0.5337360340947285
1789222588259090700,15.291090576171875,-6.228791513228416,-7.557690338993072,-0.50383850662224
1789222588269085700,15.301085693359376,-6.243522049370408,-7.549792279219627,-0.4352636406332254
1789222588279079700,15.31107958984375,-6.2687260487318035,-7.531177595120668,-0.39346970446612684
1789222588289073700,15.32107373046875,-6.292441270840167,-7.5108134370058774,-0.40404297479819506
1789222588299068700,15.331068603515625,-6.307198110467195,-7.496966113439202,-0.4302749655004591
1789222588309062700,15.341062744140626,-6.300707579404115,-7.502094708499312,-0.43594153989478945
1789222588319057700,15.3510576171875,-6.287594999852776,-7.513696883487701,-0.4253232979098335
1789222588329051400,15.361051513671875,-6.270619899654388,-7.5277359302341935,-0.4276659885784611
1789222588339046700,15.371046630859375,-6.264902106529474,-7.532642991498112,-0.4250688482247293
1789222588349040400,15.381040283203125,-6.266556887999177,-7.532887906169891,-0.3952892115108669
1789222588359034600,15.39103466796875,-6.2756713378250595,-7.527119259640574,-0.3588929696688428
1789222588369029600,15.401029541015625,-6.2905398211330175,-7.5156205450266595,-0.339022696018219
1789222588379023600,15.411023681640625,-6.292382818651199,-7.514106048810482,-0.3384177158623934
1789222588389018600,15.4210185546875,-6.290724530050158,-7.515453956288098,-0.3392990287415683
1789222588399013000,15.43101318359375,-6.2733689061015845,-7.529701092827319,-0.34471458751689643
1789222588409007000,15.441007080078125,-6.22649025054872,-7.5674185368031255,-0.3679503555452451
1789222588419002000,15.451002197265625,-6.182272338637709,-7.603993240484595,-0.35942645549103613
1789222588428996000,15.46099609375,-6.175000886330008,-7.61358875182569,-0.2702001571447588
1789222588438991000,15.4709912109375,-6.216914612951874,-7.582700277087092,-0.1517002171116881
1789222588448985000,15.480985107421875,-6.278014686080813,-7.53313223631978,-0.09403561659045517
1789222588458980000,15.49097998046875,-6.320888782167434,-7.496715938070416,-0.12652445746408775
1789222588468974000,15.50097412109375,-6.328221609273553,-7.48885645674169,-0.2025519410139881
1789222588478968000,15.510968017578126,-6.3022489636272185,-7.509456177178024,-0.24517116729039698
1789222588488963000,15.520963134765625,-6.270383752810955,-7.5373326106190675,-0.20320633153580128
1789222588498957000,15.53095703125,-6.236917536538839,-7.567012878611683,-0.10751582387778907
1789222588508952000,15.5409521484375,-6.220725111150741,-7.581092841890454,-0.0023084646001567304
1789222588518946000,15.550946044921876,-6.222286369118094,-7.579516970875859,0.06679274551232811
1789222588528941000,15.560941162109375,-6.223110544982553,-7.578747155547141,0.07663062794166617
1789222588538935300,15.570935302734375,-6.239627964541316,-7.565292630690336,0.06149990893437061
1789222588548929300,15.58092919921875,-6.281409589216112,-7.530604763668775,0.06532420276314951
1789222588558924300,15.59092431640625,-6.303983240073919,-7.511548765543103,0.08258266821387224
1789222588568918300,15.600918212890624,-6.303697408869862,-7.511537075105309,0.10293926407671533
1789222588578913300,15.610913330078125,-6.285566124373674,-7.526317295607924,0.1287666195008438
1789222588588907000,15.620906982421875,-6.26190760088861,-7.545311918935179,0.16479252105997874
1789222588598901000,15.63090087890625,-6.240637433844804,-7.562173621886968,0.19585529291955753
1789222588608896000,15.64089599609375,-6.23202917997539,-7.568435604891181,0.22577081270646301
1789222588618890000,15.650889892578125,-6.249861773785948,-7.551954425689577,0.27856990781687196
1789222588628885000,15.660885009765625,-6.265645033851266,-7.5363956220299,0.3388641079230234
1789222588638879000,15.67087890625,-6.271463364741206,-7.530580798271298,0.3598482610996812
1789222588648874000,15.6808740234375,-6.2660594598710535,-7.536421340993046,0.33052276136148717
1789222588658868000,15.690867919921875,-6.260873581665754,-7.541670347562432,0.30831531346756963
1789222588668862200,15.7008623046875,-6.268464182925224,-7.53449300327897,0.32887510375231505
1789222588678857200,15.710857177734376,-6.2843649318903685,-7.519618090230226,0.36399306928683073
1789222588688851200,15.720851318359376,-6.320812209799885,-7.487761647242308,0.3887681391790509
1789222588698846200,15.73084619140625,-6.3513686761051416,-7.461305601993203,0.3992711572865024
1789222588708840200,15.740840087890625,-6.345017845773697,-7.465814019328356,0.41564514978658407
1789222588718835200,15.750835205078126,-6.328779827678203,-7.478446706408262,0.4356168014524504
1789222588728829200,15.7608291015625,-6.300583076241612,-7.502353067174553,0.43328525323234496
1789222588738823200,15.7708232421875,-6.276377440267801,-7.521962607529759,0.44446945853698994
1789222588748818200,15.780818115234375,-6.290861892694235,-7.507692090114951,0.4795814327221363
1789222588758812200,15.790812255859375,-6.305778306797146,-7.493654212412237,0.5026718374630436
1789222588768807200,15.80080712890625,-6.3189282957494255,-7.481611892440915,0.5167290043881163
1789222588778801200,15.81080126953125,-6.332167132028937,-7.469530994024872,0.5292974671253934
1789222588788795000,15.820794921875,-6.322846930497884,-7.477402165791392,0.5295781837629154
1789222588798790100,15.8307900390625,-6.322730610641837,-7.476896554356813,0.5380315758641809
1789222588808784100,15.8407841796875,-6.327562853103876,-7.471227276548743,0.5595412872849032
1789222588818779000,15.85077880859375,-6.320745574304461,-7.4765855887115,0.5650057632358745
1789222588828773000,15.860773193359375,-6.3168602573037145,-7.480723419168591,0.5535708711057901
1789222588838768000,15.87076806640625,-6.323877442589402,-7.474319981867074,0.5599107416518032
1789222588848762000,15.88076220703125,-6.325460327866673,-7.470352247279882,0.5939493875170127
1789222588858756000,15.890756103515624,-6.314136969819665,-7.477751125359535,0.6207352127097546
1789222588868751000,15.900751220703125,-6.3122963103890415,-7.47826433557868,0.6331432241883128
1789222588878745000,15.9107451171875,-6.315417072758078,-7.47442227319777,0.6472329051434993
1789222588888740000,15.920739990234376,-6.3144076034545895,-7.474456759989261,0.6566052752532064
1789222588898734000,15.930734130859374,-6.314791634336114,-7.474656666475534,0.6506085921216755
1789222588908729000,15.94072900390625,-6.3087383256465195,-7.480252879047393,0.6450044154390693
1789222588918723000,15.95072314453125,-6.317144919463992,-7.471553439763188,0.6632927901931107
1789222588928717000,15.960717041015625,-6.337568114289641,-7.452558231914043,0.6819023597255349
1789222588938712000,15.970712158203124,-6.35331104234457,-7.43835259642899,0.6904650939527899
1789222588948706000,15.9807060546875,-6.36957302583754,-7.42333915169239,0.7021076009515672
1789222588958701000,15.990701171875,-6.367973189425468,-7.423979203161597,0.7098173716112971
1789222588968695000,16.000695068359374,-6.344007207426428,-7.444317642313242,0.7113947039306163
1789222588978690000,16.01068994140625,-6.318911344614625,-7.464651405289769,0.7216112697795033
1789222588988684300,16.020684326171875,-6.293883286342025,-7.482112827700376,0.7585556835561991
1789222588998678300,16.03067822265625,-6.27753596265316,-7.490038944524526,0.8137829921942203
1789222589008673300,16.04067333984375,-6.272376387932896,-7.4889131553649895,0.8624717659089713
1789222589018667300,16.050667236328124,-6.28747575738728,-7.47419781679213,0.8799953668355941
1789222589028662300,16.060662353515625,-6.311691330233216,-7.455985283753275,0.8609426566455513
1789222589038656000,16.070656005859377,-6.3255807393759484,-7.448159120172262,0.826038662655279
1789222589048651300,16.0806513671875,-6.333959276142716,-7.444408827728033,0.7950611944589764
1789222589058645000,16.09064501953125,-6.3383174713522195,-7.442096459132433,0.7818659050602466
1789222589068639000,16.100638916015626,-6.34409839284122,-7.435094471415877,0.8013582487765699
1789222589078634000,16.110634033203127,-6.346435311356187,-7.427036252644657,0.8557327399775385
1789222589088628000,16.1206279296875,-6.3329474687516685,-7.433042215061187,0.9022435120660811
1789222589098623000,16.130623046875,-6.307184081941843,-7.453612709403037,0.9129490304756909
1789222589108617000,16.140616943359376,-6.2778247164666645,-7.477941679495572,0.9163432760238647
1789222589118611200,16.150611083984376,-6.264975171765685,-7.487268310767412,0.9280540990184992
1789222589128606200,16.160606201171873,-6.278818988201022,-7.476826411730051,0.9186291219387203
1789222589138600200,16.17060009765625,-6.305950740754604,-7.458338568881153,0.8823593925531953
1789222589148595200,16.18059521484375,-6.3229574051350355,-7.44773358823657,0.8496214905556291
1789222589158589200,16.190589111328126,-6.330206645610928,-7.445442846950888,0.8150143606200814
1789222589168584200,16.200584228515623,-6.324258550861478,-7.453870483556389,0.7835421677093952
1789222589178578200,16.210578125,-6.307013986071944,-7.466968450060486,0.7977084940973669
1789222589188572200,16.220572265625,-6.297068346118927,-7.471260009774565,0.8352145603448152
1789222589198567200,16.230567138671876,-6.288307532036304,-7.478893281131982,0.8329100097294896
1789222589208561200,16.24056103515625,-6.277389247658848,-7.488694544178247,0.8271792840577662
1789222589218556200,16.25055615234375,-6.268934138524532,-7.492986688414216,0.8520541245300323
1789222589228550100,16.260550048828126,-6.258713188761472,-7.5010717951923604,0.8560492585808038
1789222589238545200,16.270545166015626,-6.245038299152255,-7.517218627873063,0.8132118412427604
1789222589248539100,16.2805390625,-6.24909254297912,-7.516207405003905,0.7911092419628053
1789222589258533000,16.290533203125,-6.266026726645231,-7.500877149403095,0.8025839181140064
1789222589268528000,16.300528076171876,-6.2667228922158476,-7.50068191909194,0.7989649238992482
1789222589278522000,16.310522216796876,-6.263095349368452,-7.507081264740228,0.7666527730330824
1789222589288517000,16.32051708984375,-6.257436008432507,-7.514767727589607,0.7369901137623935
1789222589298511000,16.330510986328125,-6.261747441890836,-7.512296369040012,0.7254693334471434
1789222589308505000,16.340505126953126,-6.286302621954679,-7.488656550255417,0.7568410616580397
1789222589318500000,16.3505,-6.287655205607414,-7.484425196295976,0.7868700700230896
1789222589328494000,16.360494140625,-6.266939165315032,-7.50359050001502,0.769409597460553
1789222589338489000,16.370489013671875,-6.249498201170564,-7.522492184361815,0.7254468293543904
1789222589348483000,16.380483154296876,-6.2371770642578594,-7.532775093445181,0.7247833970095962
1789222589358478000,16.39047802734375,-6.233928876116871,-7.531069458571076,0.7690973166409879
1789222589368472000,16.40047216796875,-6.220158124917745,-7.541200976485014,0.7812176702845841
1789222589378466000,16.410466064453125,-6.2022086267292496,-7.557790876758098,0.763402466000244
1789222589388461000,16.4204609375,-6.204836052623391,-7.55694916523695,0.7502681860737502
1789222589398458000,16.4304580078125,-6.219727332285046,-7.546676777547598,0.7300961164649575
1789222589408452900,16.440452880859375,-6.234037597188353,-7.537357160538434,0.7038534217055886
1789222589418447000,16.450447021484376,-6.237280524632334,-7.537113999432325,0.6772284496303648
1789222589428442000,16.460442138671876,-6.227450620013475,-7.545096814879774,0.6787907305110246
1789222589438436000,16.47043603515625,-6.222953308594226,-7.545768430531025,0.7117722320061176
1789222589448430000,16.48043017578125,-6.218700327324867,-7.544294850847125,0.7627360379807651
1789222589458425000,16.490425048828126,-6.195802851340174,-7.560602427047491,0.787208800458163
1789222589468419000,16.500419189453126,-6.170705819484591,-7.583200627824664,0.7667028227198869
1789222589478414000,16.5104140625,-6.165424079689383,-7.591624757298827,0.7246778908085078
1789222589488408000,16.520407958984375,-6.180283795168996,-7.5816107282847165,0.7026048098839819
1789222589498401800,16.53040185546875,-6.218342599928379,-7.548626742571592,0.7216921529959887
1789222589508397000,16.54039697265625,-6.234231658455729,-7.534799292749166,0.7290692576352507
1789222589518390800,16.550390869140625,-6.22967940197885,-7.54003251722753,0.7137118948318064
1789222589528385800,16.5603857421875,-6.228061445388198,-7.540938526156544,0.7182518763490021
1789222589538380000,16.570380126953125,-6.232510826012492,-7.535633990007638,0.7351314072184264
1789222589548374800,16.580374755859374,-6.236272224372625,-7.53453158172369,0.7142356995102017
1789222589558369000,16.590369140625,-6.221802969515323,-7.550757909381389,0.6675385380040854
1789222589568363000,16.600363037109375,-6.206819335395098,-7.562980846616625,0.668656436118111
1789222589578358000,16.61035791015625,-6.204233410555124,-7.559691741943359,0.7272809129137545
1789222589588352000,16.62035205078125,-6.224013046780228,-7.540019657745957,0.7616806837089359
1789222589598347000,16.630346923828125,-6.255239959692955,-7.5169386418879025,0.7334804982062428
1789222589608341000,16.640341064453125,-6.2742527031987905,-7.506112711969018,0.6800140617609024
1789222589618336000,16.6503359375,-6.280971782320737,-7.504292510804533,0.6366984324518591
1789222589628330000,16.660330078125,-6.278091258448362,-7.508679932108521,0.6129371792446822
1789222589638324000,16.670323974609374,-6.260107857990264,-7.522337286061048,0.6291810425590724
1789222589648319000,16.680319091796875,-6.228773977571725,-7.543268430408835,0.686925594715029
1789222589658313000,16.69031298828125,-6.205877670630812,-7.55694741167128,0.7416341401759534
1789222589668308000,16.700307861328124,-6.204324011448025,-7.558986224022507,0.7338073190078139
1789222589678302000,16.710302001953124,-6.229985106927156,-7.544882879868149,0.6575766045033932
1789222589688297000,16.720296875,-6.262417888498306,-7.524202495411038,0.5821334236474708
1789222589698291000,16.730291015625,-6.283303440138697,-7.508763518738746,0.5558405696034431
1789222589708285200,16.74028515625,-6.2903182873368255,-7.503313436639308,0.5500637763002887
1789222589718280200,16.7502802734375,-6.2805357289910315,-7.51261551799178,0.5346630127465352
1789222589728274000,16.76027392578125,-6.27684447325766,-7.516455242285132,0.5239302775364368
1789222589738269200,16.770269287109375,-6.276680807128548,-7.516880774220824,0.5197724637372418
1789222589748263000,16.780262939453124,-6.257162452188134,-7.5344100011706345,0.5009660929910839
1789222589758258000,16.7902578125,-6.232128548696637,-7.555832143905758,0.49027416471540924
1789222589768252000,16.800251953125,-6.218682791668177,-7.565460972994566,0.5120250279482453
1789222589778246000,16.810245849609377,-6.21444150083661,-7.568130484464764,0.5239356478312984
1789222589788241000,16.820240966796874,-6.218365396282077,-7.567891415011882,0.47887609746437515
1789222589798235000,16.83023486328125,-6.232288707694411,-7.561433032652736,0.3920355069445446
1789222589808230000,16.84022998046875,-6.2395543147832155,-7.558394103348255,0.3302002148762345
1789222589818223900,16.850223876953127,-6.225360369735956,-7.570511242121458,0.32036183468997476
1789222589828217900,16.8602177734375,-6.194512811529636,-7.595190340825915,0.33388847493492063
1789222589838212900,16.870212890625,-6.173235630223155,-7.6115388335585585,0.3550137536153197
1789222589848207000,16.88020703125,-6.170566118752956,-7.613494059279561,0.35946138067394495
1789222589858201900,16.890201904296877,-6.182360601443052,-7.604869438797235,0.33876185312494633
1789222589868196000,16.900196044921874,-6.201878371861577,-7.590628147476911,0.29907559329420325
1789222589878191000,16.910191162109374,-6.2116919098675245,-7.584283162364363,0.2528142111231573
1789222589888185000,16.92018505859375,-6.2181608136206865,-7.579916199326515,0.22299869937831535
1789222589898179000,16.930178955078127,-6.229793383747339,-7.570753234183788,0.20918884001150725
1789222589908174000,16.940174072265624,-6.2382479083597655,-7.5633257145315405,0.22527557653542607
1789222589918168000,16.95016796875,-6.2187494271636,-7.579053445017338,0.23556434910399837
1789222589928163000,16.9601630859375,-6.185836753121018,-7.60629567220807,0.22379019681587814
1789222589938157000,16.970156982421877,-6.167269999817013,-7.621460508114099,0.22025774837341158
1789222589948152000,16.980152099609374,-6.173556532740593,-7.615679586625099,0.24289958736291153
1789222589958146000,16.99014599609375,-6.191013278976082,-7.601310869532823,0.2486055621858686
1789222589968139800,17.000139892578126,-6.213569978699088,-7.584076826137304,0.2090536875908263
1789222589978134800,17.010134765625,-6.248809049862623,-7.556130250069499,0.16628752712439746
1789222589988129000,17.02012890625,-6.267580385828018,-7.541095178022981,0.14034465556181966
1789222589998123800,17.030123779296876,-6.25687136028707,-7.549846639755367,0.1474844534470234
1789222590008118000,17.040117919921876,-6.20116350159049,-7.594847226476669,0.18506715599410234
1789222590018112000,17.050112060546876,-6.133872172605991,-7.647463548898696,0.24959879274060948
1789222590028107000,17.06010693359375,-6.088772801685333,-7.681497920447588,0.30302217549551275
1789222590038101000,17.07010107421875,-6.079165015384555,-7.688815549984574,0.31025088464003053
1789222590048096000,17.080095947265626,-6.133470021545887,-7.6463161324292415,0.29117528676474463
1789222590058090000,17.090090087890626,-6.212385737350583,-7.583696886909007,0.25336773508638144
1789222590068085000,17.1000849609375,-6.281531169769168,-7.527921808195114,0.2076937791481614
1789222590078079000,17.110078857421875,-6.335212491074204,-7.4834081282079215,0.18457005665954201
1789222590088074000,17.120073974609376,-6.337893108460307,-7.481427183523774,0.17245914669772608
1789222590098068000,17.13006787109375,-6.290793503633141,-7.520892932471632,0.18020428093178198
1789222590108062000,17.14006201171875,-6.223705003744364,-7.5747572091281405,0.24278598918691277
1789222590118057000,17.150056884765625,-6.1545928890734904,-7.62778211235106,0.3291149769227952
1789222590128051000,17.160051025390626,-6.119656600248813,-7.653188356286287,0.38586978738904
1789222590138046000,17.1700458984375,-6.139581782424449,-7.6362775534957645,0.40397009222507474
1789222590148040000,17.1800400390625,-6.201950852575898,-7.585581385481357,0.40640232434067874
1789222590158034200,17.1900341796875,-6.27072803620398,-7.530581382793188,0.37243484401553867
1789222590168029200,17.200029296875,-6.318418008139729,-7.494373174336552,0.2869736703564413
1789222590178023200,17.210023193359376,-6.3402990005582565,-7.478633753412962,0.20256127509791402
1789222590188018200,17.22001806640625,-6.339726169106364,-7.4795520373016595,0.1858884823143482
1789222590198012000,17.230011962890625,-6.336317237445711,-7.480992299237847,0.23712405443508178
1789222590208007200,17.240007080078126,-6.309951793089509,-7.500546310013532,0.31096929857507344
1789222590218001000,17.2500009765625,-6.258478210961818,-7.540304319906235,0.3816456668879837
1789222590227995000,17.259994873046875,-6.22623013830781,-7.565123119342327,0.41637017612550403
1789222590237990000,17.269989990234375,-6.2068070604354135,-7.58268624856174,0.38574068111665544
1789222590247983900,17.27998388671875,-6.214682323855161,-7.57904759979844,0.3258000436885282
1789222590257979000,17.289978759765624,-6.252886674565077,-7.549620429784059,0.2739086928064935
1789222590267972900,17.299972900390625,-6.286620601862668,-7.5230509872883555,0.22911957514509557
1789222590277968000,17.3099677734375,-6.314477161559462,-7.500496625652909,0.2007795062476769
1789222590287961900,17.3199619140625,-6.347637088361382,-7.472657601612806,0.19309574681203812
1789222590297956000,17.3299560546875,-6.3544543671607965,-7.467337283372879,0.17370536563284694
1789222590307950800,17.339950927734375,-6.338536667060851,-7.481015095591545,0.16659167943643405
1789222590317945000,17.349945068359375,-6.320643867495655,-7.495101488611102,0.20806009170990436
1789222590327940000,17.359940185546876,-6.293343772637844,-7.516675607037544,0.2525673784889281
1789222590337934000,17.36993408203125,-6.2692263994693755,-7.536673269927501,0.25640176902003586
1789222590347929000,17.37992919921875,-6.255320039191842,-7.5492071728080505,0.22543281292375175
1789222590357923000,17.389923095703125,-6.252960324323177,-7.552438409814238,0.1776263202025555
1789222590367917000,17.3999169921875,-6.266313142371177,-7.542620195633172,0.11218662870042026
1789222590377912000,17.409912109375,-6.2986833801001305,-7.516245983448624,0.05497029253649525
1789222590387906000,17.419906005859374,-6.339694604924321,-7.48173288847208,0.04822777317345608
1789222590397897500,17.4298974609375,-6.35776685270965,-7.466081730353832,0.08249990356755442
1789222590407891500,17.439891357421875,-6.349488269186019,-7.47274352633059,0.11169882691716775
1789222590417885200,17.44988525390625,-6.323885041373968,-7.494541516640782,0.10345821905005723
1789222590427880200,17.459880126953124,-6.306239494568109,-7.5097081061124795,0.07755315874721855
1789222590437874400,17.46987451171875,-6.295938465306162,-7.518675840944051,0.03258382568070665
1789222590447869200,17.479869140625,-6.28253362480998,-7.529913274273276,-0.023834243094862904
1789222590457863400,17.489863525390625,-6.2828942748159164,-7.529559054008126,-0.03695023387941764
1789222590467858400,17.4998583984375,-6.28383944671154,-7.528838338518142,0.01838364268890582
1789222590477852400,17.509852294921874,-6.280145852890611,-7.531582668790221,0.07369835561574437
1789222590487846400,17.519846435546874,-6.284850669580698,-7.527689168483018,0.07022147328541614
1789222590497841400,17.52984130859375,-6.292061916133761,-7.52190473986268,0.03609948738515377
1789222590507835400,17.53983544921875,-6.297133228048682,-7.51772716191709,0.016659291697887237
1789222590517830400,17.549830322265624,-6.31056554107368,-7.506469270321726,-0.007860853014371241
1789222590527824400,17.559824462890624,-6.329630307027697,-7.4902464497953645,-0.04872052512646187
1789222590537819400,17.5698193359375,-6.329447936198115,-7.4902908734589815,-0.0634655921173049
1789222590547813400,17.5798134765625,-6.3223933415114875,-7.496411986687779,-0.03918606892337557
1789222590557807400,17.589807373046874,-6.308706176942587,-7.507967984446883,-0.031977591999422295
1789222590567802400,17.59980224609375,-6.285511763837933,-7.527364758834242,-0.03890954440378118
1789222590577796400,17.60979638671875,-6.266621769928932,-7.543155033162236,-0.025281880053330676
1789222590587791400,17.619791259765623,-6.253258430486917,-7.554264456197619,-0.014979297013470203
1789222590597785600,17.62978564453125,-6.247908886152506,-7.558677011942863,-0.02048745798418531
1789222590607780400,17.6397802734375,-6.256399651122093,-7.551642875522375,-0.023026655322313308
1789222590617774600,17.649774658203125,-6.285813377133011,-7.527151408344507,-0.030239808421384077
1789222590627768600,17.6597685546875,-6.31953502947092,-7.498679931619763,-0.060609709495841525
1789222590637763600,17.669763671875,-6.35519437187314,-7.468052738165855,-0.10038703144378959
1789222590647757300,17.67975732421875,-6.39378099989891,-7.435009131219982,-0.10292474236101842
1789222590657752600,17.689752685546875,-6.387546489423513,-7.4401523393273346,-0.1173171873887535
1789222590667746300,17.699746337890623,-6.305152868375182,-7.509762466648221,-0.1374787264703773
1789222590677741300,17.7097412109375,-6.165640937310457,-7.624036496081948,-0.1712262256355956
1789222590687735300,17.7197353515625,-6.037832888042926,-7.726102201327681,-0.14930993357482367
1789222590697729300,17.729729248046876,-6.012036768007278,-7.747631896090507,0.0015812517269609087
1789222590707724300,17.739724365234373,-6.10755816617608,-7.671063035672903,0.15138807328944093
1789222590717718300,17.74971826171875,-6.237979612812399,-7.564051690718531,0.2076657403637655
1789222590727713300,17.75971337890625,-6.336151233229041,-7.483258490604162,0.1562449478692375
1789222590737707300,17.769707275390626,-6.428357223239541,-7.405812847352028,0.02322219159414526
1789222590747702300,17.779702392578123,-6.481782523956895,-7.358015907910466,-0.1283923154288903
1789222590757696500,17.789696533203124,-6.449685257950425,-7.3856702230334275,-0.1543286111202091
1789222590767690500,17.7996904296875,-6.373326240891218,-7.453253228440881,-0.010321108502172865
1789222590777685500,17.809685546875,-6.298929463815688,-7.514082083413005,0.1801087846680544
1789222590787679500,17.819679443359377,-6.228723124167323,-7.568503993952274,0.30187401010738685
1789222590797674500,17.829674560546874,-6.19003069767952,-7.597665206506848,0.35971385759767144
1789222590807668500,17.83966845703125,-6.200291394931077,-7.589767731255292,0.34956484055966136
1789222590817662500,17.849662353515626,-6.2397378546565765,-7.559746687000989,0.2937458861714229
1789222590827657500,17.859657470703127,-6.291368673172593,-7.518063262003659,0.2603761342774145
1789222590837651500,17.8696513671875,-6.358840619421005,-7.460165199786424,0.28544147408679127
1789222590847646500,17.879646484375,-6.418692153793573,-7.407298117473721,0.32050478682462125
1789222590857640400,17.889640380859376,-6.424595240357518,-7.401735222649574,0.3305585633272305
1789222590867635500,17.899635498046877,-6.382446535935998,-7.437105811238289,0.3524299476671964
1789222590877629400,17.90962939453125,-6.331379196521639,-7.478060337439179,0.4032833520699292
1789222590887623400,17.91962353515625,-6.293476459106802,-7.505755569094419,0.4755826088769361
1789222590897618200,17.9296181640625,-6.250304256856441,-7.536101607519388,0.5579097770929337
1789222590907612400,17.9396123046875,-6.168934718158841,-7.597030415734649,0.6322611075915396
1789222590917607400,17.949607421875,-6.085750238993763,-7.66107063396871,0.664838266069442
1789222590927601400,17.959601318359375,-6.0976557808429,-7.650530535253882,0.6770248898822814
1789222590937596400,17.969596435546876,-6.21380787910819,-7.558961089581251,0.6489137709025293
1789222590947590400,17.97959033203125,-6.32857992119193,-7.4723279312670225,0.532706910242699
1789222590957584400,17.98958447265625,-6.392334308221936,-7.4257128950864075,0.4089554794222116
1789222590967579400,17.999579345703125,-6.4111676035076375,-7.409792856898903,0.40285467832908034
1789222590977573400,18.009573486328126,-6.376949107563496,-7.4310969262123105,0.5326372790725902
1789222590987568400,18.019568359375,-6.299501710745692,-7.486840440744161,0.658691506942734
1789222590997562400,18.029562255859375,-6.234580033501983,-7.533259077569842,0.7418868728280067
1789222591007557400,18.039557373046875,-6.1828767342716455,-7.57352795959413,0.7642575484596192
1789222591017551400,18.04955126953125,-6.147258892923593,-7.603643696394562,0.75245985089913
1789222591027545300,18.05954541015625,-6.159598734536766,-7.5966995763450855,0.7210385844580829
1789222591037540400,18.069540283203125,-6.220722188541293,-7.54963679639697,0.6899198811601847
1789222591047534600,18.07953466796875,-6.284190159845352,-7.498509835749864,0.6720814421307295
1789222591057529300,18.089529296875,-6.314404680845141,-7.473457227557897,0.6679157738186419
1789222591067523600,18.099523681640626,-6.334017728331685,-7.456415491864084,0.6726604110624641
1789222591077518300,18.109518310546875,-6.3420321079611774,-7.4507128963083025,0.6602269728817045
1789222591087512600,18.1195126953125,-6.326203255188465,-7.4659747628480195,0.6393432478722184
1789222591097506300,18.12950634765625,-6.297932853993773,-7.491734642526507,0.6167184513490647
1789222591107501600,18.13950146484375,-6.260261002725362,-7.522698520588874,0.6233128811780363
1789222591117495300,18.149495361328125,-6.22891484734714,-7.543906728312373,0.6785844673492014
1789222591127490300,18.159490234375,-6.222407365149259,-7.5425892159730195,0.7492500950723886
1789222591137484300,18.169484375,-6.2258677347362035,-7.539500602307915,0.7515854792173952
1789222591147479300,18.179479248046874,-6.235952490898966,-7.539590618678927,0.661710489437729
1789222591157473300,18.189473388671875,-6.259923733595013,-7.528585825061798,0.551480657360889
1789222591167467300,18.19946728515625,-6.303804960897565,-7.4955743668198584,0.4987860455382615
1789222591177462300,18.209462158203124,-6.345045318302512,-7.460403100195527,0.503161338013038
1789222591187456300,18.219456298828124,-6.3609805540591475,-7.4451505860060445,0.5272962103055789
1789222591197451300,18.229451171875,-6.353652403128147,-7.449310043773055,0.5561064905306324
1789222591207445500,18.239445556640625,-6.32272359637916,-7.47365654952228,0.5813816554320976
1789222591217440300,18.249440185546874,-6.2766276156365866,-7.512427886465192,0.5811665148440748
1789222591227434500,18.2594345703125,-6.2353317286521195,-7.548993822318315,0.5511059422969817
1789222591237428500,18.269428466796874,-6.21134587290883,-7.570351667645573,0.5285274691335856
1789222591247423500,18.279423583984375,-6.2019017527371645,-7.576551691329478,0.5501481301154941
1789222591257417500,18.28941748046875,-6.233700328058004,-7.547236164996027,0.5920990104099735
1789222591267412500,18.29941259765625,-6.289968743246793,-7.4996467308253045,0.6016443259337917
1789222591277406500,18.309406494140624,-6.334639075100421,-7.464512289080023,0.5690202595742418
1789222591287401500,18.3194013671875,-6.370573142790794,-7.438768776014447,0.5008949274510145
1789222591297395500,18.3293955078125,-6.374537954768538,-7.44032944945991,0.4208910145508125
1789222591307389400,18.339389404296874,-6.359072090089321,-7.454220027646422,0.40889889039676636
1789222591317384400,18.349384521484374,-6.327753991761803,-7.475926832541823,0.4903393389061093
1789222591327378400,18.35937841796875,-6.298529066321254,-7.493234525695443,0.5919041454249993
1789222591337373400,18.36937353515625,-6.290438698846101,-7.4967369808584445,0.632208573686704
1789222591347367200,18.3793671875,-6.2971501791834825,-7.491939225187897,0.6222042623490095
1789222591357362400,18.389362548828124,-6.315103769025206,-7.478198284605145,0.605305624920316
1789222591367356400,18.3993564453125,-6.325619902342558,-7.471506093490123,0.5775077366081998
1789222591377350400,18.409350341796873,-6.328714945748448,-7.47069185449779,0.5536341090677306
1789222591387345400,18.419345458984374,-6.340677770742774,-7.460567350846529,0.5532866838695482
1789222591397339600,18.429339599609374,-6.360059347561001,-7.442794962790608,0.5699330635702237
1789222591407334700,18.439334716796875,-6.358808470717072,-7.443506910452246,0.5745791358103975
1789222591417328600,18.44932861328125,-6.343772229626774,-7.45664930061996,0.5703810265334323
1789222591427322400,18.459322265625,-6.326041927146911,-7.471500832793116,0.572933743223548
1789222591437317400,18.4693173828125,-6.302776202371716,-7.490061156356334,0.5868411994796245
1789222591447311400,18.479311279296876,-6.278478211939334,-7.509093189084529,0.6038342371935025
1789222591457306400,18.489306396484373,-6.265688872992992,-7.519076238438487,0.6123902859516441
1789222591467300400,18.49930029296875,-6.270328223231434,-7.51517163221538,0.6128386507736518
1789222591477295400,18.50929541015625,-6.283352539977431,-7.5063640563815826,0.5868313356727362
1789222591487289300,18.519289306640626,-6.3195268461644645,-7.479940159836411,0.5333489710059016
1789222591497284400,18.529284423828123,-6.348435545262694,-7.4588997098952525,0.48224787545241415
1789222591507278300,18.5392783203125,-6.3301739123851055,-7.474546776360273,0.4800313684467226
1789222591517272600,18.5492724609375,-6.294017141854763,-7.502481077468395,0.518178947468102
1789222591527267600,18.559267578125,-6.257030350241065,-7.531240138962865,0.548056528131105
1789222591537261600,18.569261474609377,-6.228418003740907,-7.554861837568879,0.548861962762475
1789222591547256600,18.579256591796874,-6.230987561967969,-7.553551924014091,0.5376156520070507
1789222591557250600,18.58925048828125,-6.244172622233629,-7.544836702638864,0.5060928614202886
1789222591567245600,18.59924560546875,-6.258131004959345,-7.536260597473382,0.4592980847585946
1789222591577239600,18.609239501953127,-6.270010827845335,-7.528181920436024,0.4287470983460545
1789222591587233500,18.619233642578124,-6.27561405467987,-7.524081499379873,0.41862153524886814
1789222591597228500,18.629228515625,-6.283448986089229,-7.517160760205984,0.4253722150854766
1789222591607222500,18.639222412109376,-6.267981952366233,-7.529431043714284,0.43641639086492356
1789222591617217500,18.649217529296877,-6.23967589533627,-7.552616104468703,0.4413932294294238
1789222591627211500,18.65921142578125,-6.226522399252652,-7.564362071841955,0.4257178136527538
1789222591637205500,18.66920556640625,-6.229922563084959,-7.564360318276286,0.3726930200276896
1789222591647200500,18.679200439453126,-6.253148540371656,-7.546937474310398,0.33505119857136156
1789222591657194500,18.689194580078127,-6.256711201289296,-7.544516969165206,0.32283045329321175
1789222591667189500,18.699189453125,-6.233603881946205,-7.563152696052193,0.3335944604244083
1789222591677183500,18.70918359375,-6.213668762898445,-7.577855759665369,0.3698716789966449
1789222591687178500,18.719178466796876,-6.206039583194255,-7.5828154278993605,0.39543146952576935
1789222591697172500,18.72917236328125,-6.214728501084447,-7.575894104203582,0.39162630508914587
1789222591707166500,18.73916650390625,-6.234755974590778,-7.5615569512933485,0.34794527653381224
1789222591717161500,18.749161376953126,-6.25038141374588,-7.550872475671768,0.2956986459407024
1789222591727155500,18.759155517578126,-6.260823312783241,-7.543329220685362,0.2658118955905549
1789222591737150500,18.769150390625,-6.276139539858699,-7.5300103049069635,0.28177007383136077
1789222591747144400,18.77914453125,-6.2609747039526695,-7.541121481508016,0.3194751880485564
1789222591757139500,18.789139404296876,-6.2111149867624045,-7.581281642460823,0.34147721303086725
1789222591767133400,18.799133544921876,-6.185290809676051,-7.602414446860552,0.34038097875937817
1789222591777127400,18.80912744140625,-6.180868317058682,-7.606883701229095,0.3202610046640038
1789222591787122400,18.819122314453125,-6.191560391464829,-7.598923682135343,0.30220713278558103
1789222591797116400,18.829116455078125,-6.225631587892771,-7.570521178993582,0.31479846494179214
1789222591807111400,18.839111328125,-6.252317350244522,-7.546102777051925,0.3677660850195214
1789222591817105400,18.84910546875,-6.271873699107766,-7.52822634409964,0.39975020950771867
1789222591827100400,18.859100341796875,-6.290427592930198,-7.515514746564627,0.3434379551772028
1789222591837094700,18.8690947265625,-6.298414500030875,-7.512533684927225,0.24941623924793674
1789222591847088600,18.879088623046876,-6.285743234506249,-7.524543271672726,0.20265836053052916
1789222591857083600,18.889083740234376,-6.260615807512402,-7.544917366659641,0.222031991504319
1789222591867077600,18.89907763671875,-6.244793969002366,-7.555687182477116,0.2907285841768607
1789222591877072600,18.90907275390625,-6.233377671974897,-7.561267028436064,0.37766529201492666
1789222591887066600,18.919066650390626,-6.222196937268972,-7.567291695553064,0.4367393757415935
1789222591897061600,18.9290615234375,-6.19875877853632,-7.587186482590437,0.42471492022052404
1789222591907055400,18.939055419921875,-6.186587279227376,-7.600034858247637,0.36875684962254013
1789222591917049300,18.94904931640625,-6.2049897818803785,-7.587880894595384,0.30420449888156725
1789222591927044400,18.95904443359375,-6.244729087072611,-7.556981313940883,0.2564671258738264
1789222591937038300,18.969038330078124,-6.273213423278928,-7.533473597103357,0.25288342216815796
1789222591947033300,18.979033447265625,-6.28878216381073,-7.519585357004404,0.27826644962457936
1789222591957027300,18.98902734375,-6.293408654567599,-7.515251127192378,0.2904989218731411
1789222591967022300,18.999022216796874,-6.270561447465419,-7.534499433019757,0.2859560908117331
1789222591977016600,19.0090166015625,-6.253472365498542,-7.548106518089771,0.300926883716695
1789222591987010600,19.019010498046875,-6.2405234520763155,-7.558105934056639,0.3182617936708033
1789222591997005600,19.029005615234375,-6.216873696419596,-7.5773665148437015,0.3230886658379808
1789222592006999600,19.03899951171875,-6.217315594968199,-7.57626995177865,0.33987226205226034
1789222592016994600,19.04899462890625,-6.233038649278879,-7.563191274496912,0.34316673702038825
1789222592026988500,19.058988525390625,-6.2511208339363336,-7.5499916011840105,0.3024810908887535
1789222592036983600,19.068983642578125,-6.286386208584904,-7.5228154249668115,0.24285783058041704
1789222592046977500,19.0789775390625,-6.303894977268576,-7.508901465904712,0.2184169793449342
1789222592056971500,19.088971435546874,-6.303472367942333,-7.5082386180818075,0.2509399234175682
1789222592066966500,19.098966552734375,-6.300674261656403,-7.508883345726132,0.29759240553174166
1789222592076960500,19.10896044921875,-6.257117444002628,-7.544320569810271,0.3195234111044556
1789222592086955500,19.11895556640625,-6.222468155425787,-7.571780823665857,0.345578109011054
1789222592096949500,19.128949462890624,-6.210903974360227,-7.580435254764557,0.36340883965808896
1789222592106944500,19.138944580078125,-6.190998081406951,-7.597374114605784,0.34906178640834984
1789222592116938500,19.1489384765625,-6.199702196866274,-7.590925669118762,0.33454138588570054
1789222592126932500,19.158932373046873,-6.226774912708997,-7.56791421136558,0.3526147661821917
1789222592136927500,19.168927490234374,-6.2514762232452625,-7.546528893509507,0.3732609195761382
1789222592146921500,19.17892138671875,-6.297281112086773,-7.508101255437731,0.3782126236993819
1789222592156916500,19.18891650390625,-6.321901174080372,-7.487667539218068,0.372535820171982
1789222592166910500,19.198910400390623,-6.309398250859975,-7.498352599361539,0.3695801121715456
1789222592176905500,19.208905517578124,-6.3016211871176955,-7.505408947613835,0.35888632073234766
1789222592186899500,19.2188994140625,-6.283239727252721,-7.521227863514423,0.3498789114775136
1789222592196893400,19.2288935546875,-6.265230023309588,-7.534152227017283,0.3922207638509571
1789222592206888400,19.238888427734373,-6.260419408157468,-7.534712198987603,0.45347368945404887
1789222592216882400,19.24888232421875,-6.236967220899462,-7.552085358592867,0.48643487881347536
1789222592226877400,19.25887744140625,-6.225325882944464,-7.560447528746724,0.5053088349031284
1789222592236871400,19.268871337890626,-6.2305041623651976,-7.556065952661633,0.5070315305098891
1789222592246866400,19.278866455078123,-6.221710615056753,-7.564975819826126,0.4815063363701105
1789222592256860400,19.2888603515625,-6.219781108298897,-7.567210447010398,0.4711974891278892
1789222592266854400,19.2988544921875,-6.23758798314631,-7.551009838315844,0.4950981142731383
1789222592276849400,19.308849365234376,-6.264888078004121,-7.527547714185714,0.5075251592457294
1789222592286843600,19.31884375,-6.286048354932666,-7.511072380203008,0.48966505637373775
1789222592296838400,19.32883837890625,-6.286013283619284,-7.512044440105557,0.4749827432876452
1789222592306832600,19.33883251953125,-6.275033624443411,-7.521436537829041,0.4715339910732582
1789222592316827600,19.34882763671875,-6.247216227713227,-7.544390127915143,0.47419696320481597
1789222592326821600,19.358821533203123,-6.210417652148008,-7.57350983941555,0.4929964658187702
1789222592336815600,19.368815673828124,-6.200335234072804,-7.579950686118006,0.5201624859681353
1789222592346810600,19.378810546875,-6.201350548595189,-7.577014632666111,0.5499843178559094
1789222592356804400,19.388804443359376,-6.2315457803726195,-7.550078694945573,0.5783830216053873
1789222592366799600,19.398799560546873,-6.287969678384065,-7.503820801639557,0.5696416428755968
1789222592376793300,19.40879345703125,-6.318765214142203,-7.481749255084991,0.5167357994550839
1789222592386788400,19.418788330078126,-6.318855815035104,-7.484715119153261,0.4706208582837134
1789222592396782000,19.428781982421874,-6.293106456750631,-7.5077265769064425,0.44859958061166105
1789222592406776000,19.438776123046875,-6.2532449864834545,-7.539965881732106,0.465006269804947
1789222592416771000,19.44877099609375,-6.220482534566521,-7.562631887048482,0.5315850300732999
1789222592426765300,19.458765380859376,-6.2074997188746925,-7.567838223519921,0.6042832961352542
1789222592436760000,19.468760009765624,-6.2127411266595125,-7.562294033396244,0.6196303932730108
1789222592446754300,19.47875439453125,-6.226078747138381,-7.554500018519163,0.5795367582177743
1789222592456749300,19.488749267578125,-6.236382114487886,-7.549476052877306,0.5323025672255084
1789222592466743300,19.498743408203126,-6.2486459682554,-7.541587345454096,0.4992707603152841
1789222592476738300,19.50873828125,-6.260278538382053,-7.532828284937143,0.48559557844512163
1789222592486732300,19.518732177734375,-6.272873816061019,-7.522775092956423,0.478843108510226
1789222592496726300,19.528726318359375,-6.290057590574026,-7.50814158744812,0.4830919615937397
1789222592506721300,19.53872119140625,-6.292744637700915,-7.505123700931668,0.4948542590472847
1789222592516715300,19.54871533203125,-6.277379310786723,-7.517436070016026,0.5030523977458476
1789222592526710300,19.558710205078125,-6.2498576821327205,-7.540088046807051,0.5066946997709572
1789222592536704300,19.568704345703125,-6.227943956488371,-7.55666742568612,0.5290370991561562
1789222592546699300,19.57869921875,-6.216297942358255,-7.563685195493698,0.5645337252773344
1789222592556693200,19.588693359375,-6.215066354736686,-7.564416432377696,0.5682773687850684
1789222592566687200,19.598687255859375,-6.234679986745118,-7.550986457440256,0.5308023552630097
1789222592576682200,19.60868212890625,-6.254923148828745,-7.537153746920824,0.48747843304965643
1789222592586676200,19.61867626953125,-6.2739318006813525,-7.522661111187935,0.4666272586029023
1789222592596671200,19.628671142578124,-6.294678236111999,-7.5057871332764625,0.45887507357355206
1789222592606665200,19.638665283203125,-6.285036547541618,-7.513318113303184,0.46770599375031885
1789222592616660200,19.64866015625,-6.246657424786687,-7.542329688253998,0.5127467663515359
1789222592626654200,19.658654296875,-6.219243932682275,-7.562160177883506,0.5523721263078972
1789222592636648200,19.668648193359374,-6.200129482367634,-7.57748225017786,0.5572610308606177
1789222592646643200,19.678643310546875,-6.199566003265977,-7.578443204164505,0.5504245724366977
1789222592656637200,19.68863720703125,-6.240717513343691,-7.544591203445195,0.5504420715607703
1789222592666632200,19.698632080078124,-6.2827095658987755,-7.509870018675923,0.5475459482604638
1789222592676626200,19.708626220703124,-6.307706644511223,-7.489488324904442,0.5392485139058902
1789222592686621200,19.71862109375,-6.3096449190974235,-7.489458514288067,0.5165060092872008
1789222592696615200,19.728615234375,-6.285138254350423,-7.510707638543844,0.5066545138910412
1789222592706609200,19.738609130859373,-6.264297126373648,-7.5254820138275615,0.5441467342762276
1789222592716604200,19.748604248046874,-6.256205589854717,-7.528980961859226,0.5871218795845284
1789222592726598100,19.75859814453125,-6.2458426012724635,-7.5369263679057354,0.59546158217825
1789222592736593200,19.76859326171875,-6.248961025553942,-7.535252297213673,0.5838163717657328
1789222592746587400,19.77858740234375,-6.255884102815389,-7.530478506940603,0.5711318083681166
1789222592756582100,19.78858203125,-6.2509694427669045,-7.5343527180254455,0.5738397886851803
1789222592766576400,19.798576416015624,-6.252817700982093,-7.531955009233951,0.5850704634800553
1789222592776570400,19.8085703125,-6.255486627930402,-7.530076940402388,0.5806977282885462
1789222592786565400,19.8185654296875,-6.26483547103405,-7.52317432140708,0.5692657222352921
1789222592796559400,19.828559326171874,-6.272289294171333,-7.5183613681674,0.5504711880574003
1789222592806554400,19.838554443359374,-6.264459623458981,-7.526486222434044,0.5281512927649542
1789222592816548400,19.84854833984375,-6.268302854883671,-7.523729617202282,0.521793009779416
1789222592826543400,19.85854345703125,-6.282443608438968,-7.512871538579463,0.5079906213330104
1789222592836537000,19.868537109375,-6.283342018583417,-7.51440766210556,0.4729490820355713
1789222592846531000,19.878531005859376,-6.289115341287851,-7.511603126078843,0.4395825998108834
1789222592856526000,19.888526123046876,-6.28568595136106,-7.515239436754584,0.426277602959983
1789222592866520000,19.89852001953125,-6.27358050302565,-7.525142406609654,0.42988815813995895
1789222592876515000,19.90851513671875,-6.2809191753506655,-7.519651407977938,0.4186643514772877
1789222592886509000,19.918509033203126,-6.298965119650959,-7.506402634826302,0.38384588034600015
1789222592896504000,19.928504150390626,-6.314374285706878,-7.494506445327401,0.3625309243123978
1789222592906498300,19.938498291015627,-6.322168885105848,-7.488501651954651,0.35059089567176993
1789222592916493000,19.9484931640625,-6.31218700479567,-7.498415727725624,0.31691746638976037
1789222592926487300,19.9584873046875,-6.308482305058837,-7.503568288183212,0.2643723095078021
1789222592936481300,19.968481201171876,-6.308114056268334,-7.50526983140409,0.22139694500379262
1789222592946476300,19.978476318359377,-6.317886093220114,-7.4975506353288885,0.20358431626902893
1789222592956470300,19.98847021484375,-6.349041109940409,-7.471575651594996,0.18875075814398004
1789222592966465300,19.99846533203125,-6.358713193649053,-7.463827229425311,0.16864501350335775
1789222592976459300,20.008459228515626,-6.356694839563965,-7.465890007174014,0.15263579006190411
1789222592986454300,20.018454345703127,-6.348903162774444,-7.473005976659059,0.1264763440060429
1789222592996448300,20.0284482421875,-6.33195611962676,-7.487727744972705,0.10317995923110283
1789222593006442200,20.038442138671876,-6.309526845675706,-7.506634690016508,0.1033913552257698
1789222593016437200,20.048437255859376,-6.295875336942077,-7.517934667187928,0.11400817243861965
1789222593026431200,20.05843115234375,-6.301148308908939,-7.51341865106821,0.12021836132351309
1789222593036426200,20.06842626953125,-6.302136150902509,-7.51274761993885,0.10999364870078861
1789222593046420200,20.078420166015626,-6.329914969187975,-7.489598799541592,0.09203004892170429
1789222593056415200,20.088415283203126,-6.358786258885264,-7.465444601494074,0.05795786611307412
1789222593066409500,20.098409423828127,-6.355355115392804,-7.468557180556655,0.0221500003519468
1789222593076403200,20.1084033203125,-6.338498673138022,-7.4828873192042105,0.014534553487232187
1789222593086398200,20.118398193359376,-6.311728155112267,-7.50543642014265,0.02996127460779389
1789222593096392200,20.12839208984375,-6.285588336205482,-7.527173620176315,0.05851318474116269
1789222593106387200,20.13838720703125,-6.271858501538634,-7.53837189053893,0.08443710957467555
1789222593116381200,20.148381103515625,-6.282837576192617,-7.529208925396204,0.0856970830405131
1789222593126376200,20.158376220703126,-6.308297596141696,-7.508172567108273,0.055821945496345865
1789222593136370200,20.1683701171875,-6.325821562394499,-7.493592253091931,0.020952123203733936
1789222593146364200,20.1783642578125,-6.327053734537959,-7.492579276657104,0.00535370848205348
1789222593156359200,20.188359130859375,-6.322474005532264,-7.496445888957381,0.002510607710349723
1789222593166353200,20.198353271484375,-6.3031760153442615,-7.512678646355867,0.004410969145056151
1789222593176348200,20.20834814453125,-6.289054551011324,-7.524495340877771,0.012012344958167522
1789222593186342100,20.218342041015624,-6.2938072984963656,-7.520514746809005,0.015294149957678745
1789222593196337200,20.228337158203125,-6.289740779709816,-7.5238570429742335,0.03334636873513227
1789222593206331100,20.2383310546875,-6.287658128216862,-7.525195013579726,0.0846756036388222
1789222593216325400,20.248325439453126,-6.287154854869843,-7.525256972900032,0.11219016323122195
1789222593226320400,20.2583203125,-6.2763347701698535,-7.534611661222577,0.08739510086374357
1789222593236314400,20.268314453125,-6.25591975865066,-7.551861486709117,0.05698992982979398
1789222593246309400,20.278309326171875,-6.254154502543806,-7.553351433005928,0.05321906952157151
1789222593256303400,20.288303466796876,-6.283550108376145,-7.528826648080349,0.06445894140305462
1789222593266298400,20.29829833984375,-6.313627851253748,-7.503619141587615,0.06479616943420842
1789222593276292400,20.308292236328125,-6.345982306891679,-7.475979439511895,0.0928384335619863
1789222593286286000,20.3182861328125,-6.357196359345316,-7.465763750445842,0.13715750429253093
1789222593296281300,20.32828125,-6.317544732436537,-7.498859964361786,0.16159255597488953
1789222593306275000,20.338275146484374,-6.274944777116179,-7.534320569321513,0.17163869716031477
1789222593316270300,20.348270263671875,-6.2553790759027,-7.549944839432835,0.19733276332728564
1789222593326264000,20.35826416015625,-6.228516203418374,-7.571060692697763,0.23454143579704687
1789222593336259000,20.368259033203124,-6.223317465731501,-7.573986809277534,0.2746503049540333
1789222593346253000,20.378253173828124,-6.245444541865587,-7.554191975483298,0.31461550959032025
1789222593356247300,20.388247314453125,-6.283470028877258,-7.521290407356619,0.3443478730963543
1789222593366242000,20.398241943359373,-6.329434492194652,-7.482657602101564,0.3442169767256826
1789222593376236300,20.408236328125,-6.358712024605274,-7.458593420425057,0.3263991420928389
1789222593386231300,20.418231201171874,-6.3699161401867865,-7.448308757776021,0.3424190604582429
1789222593396225300,20.428225341796875,-6.346280413055419,-7.465910465440154,0.39405590685624625
1789222593406220800,20.438220703125,-6.294709800294041,-7.506011005160212,0.45477918256204575
1789222593416214800,20.44821484375,-6.252956232669949,-7.536719447156787,0.518439607698284
1789222593426209800,20.458209716796876,-6.223316881209612,-7.557197587040066,0.5740034182816743
1789222593436203800,20.468203857421877,-6.209063314929604,-7.565946126163006,0.6118678695127368
1789222593446197500,20.478197509765625,-6.23534926430881,-7.540981196254491,0.6514693736694753
1789222593456192500,20.488192626953126,-6.2798150135010475,-7.499228797674179,0.7041823613990098
1789222593466186500,20.4981865234375,-6.310910993510484,-7.470186243063211,0.7342403766628355
1789222593476181500,20.508181396484375,-6.344500543901324,-7.440509482201933,0.7460062177803367
1789222593486175500,20.518175537109375,-6.359898604041337,-7.427213947299123,0.7473716609146446
1789222593496170500,20.52817041015625,-6.344141062939166,-7.439137609326839,0.7625496485631913
1789222593506164500,20.53816455078125,-6.326075829416513,-7.4493579745680085,0.8112987010978162
1789222593516158500,20.548158447265624,-6.302779124981164,-7.4604329108119005,0.8872943647373467
1789222593526153500,20.558153564453125,-6.274024155139923,-7.473868146446347,0.9738046273242682
1789222593536147700,20.568147705078125,-6.247990134695172,-7.487022227051853,1.0380351804986596
1789222593546142500,20.578142578125,-6.24206366725564,-7.489927885365486,1.0526199514944106
1789222593556136700,20.58813671875,-6.242860370591282,-7.490883578655123,1.0410323895532638
1789222593566131700,20.598131591796875,-6.244671803927421,-7.48900492530167,1.0436797622568905
1789222593576125700,20.608125732421875,-6.2646472549855705,-7.468481192710995,1.0706865732565523
1789222593586119700,20.61811962890625,-6.288362477093934,-7.4432748552620405,1.1065899535477162
1789222593596114700,20.62811474609375,-6.302784385678172,-7.426673849073052,1.1356965863708406
1789222593606108700,20.638108642578125,-6.3147413654536,-7.415432908612489,1.1427104837208986
1789222593616103700,20.648103759765625,-6.311427126339078,-7.41785633636713,1.1452878599282355
1789222593626097700,20.65809765625,-6.29249212424457,-7.428844763371348,1.1777925376918166
1789222593636092700,20.6680927734375,-6.270631590092182,-7.440420050352811,1.2205394272021948
1789222593646086700,20.678086669921875,-6.252330209726095,-7.451747500053048,1.2450757564350963
1789222593656080600,20.68808056640625,-6.2434893161445855,-7.454543852773308,1.2723992321684956
1789222593666075600,20.69807568359375,-6.246491420570016,-7.447977918386459,1.29589905796051
1789222593676069400,20.7080693359375,-6.260251650375127,-7.436121476376056,1.2975862803950906
1789222593686064600,20.718064697265625,-6.284675313013792,-7.415341138675808,1.2984437740072607
1789222593696058600,20.72805859375,-6.307325536239147,-7.392887314805388,1.316528296752274
1789222593706053400,20.738053466796874,-6.310220088636875,-7.387612589272856,1.33217390191257
1789222593716047600,20.748047607421874,-6.286704773014783,-7.405477916309237,1.3441080853343008
1789222593726042600,20.758042724609375,-6.236471546337008,-7.445989374917745,1.3542694138646125
1789222593736036600,20.76803662109375,-6.197929341974854,-7.4723203324824565,1.3858200057737529
1789222593746030600,20.778030517578124,-6.191868434500694,-7.46599229850471,1.445721078376472
1789222593756025600,20.788025634765624,-6.210801098507642,-7.440681916159391,1.4941872953817248
1789222593766019600,20.79801953125,-6.253773978793621,-7.401393861865997,1.509986191407591
1789222593776014600,20.8080146484375,-6.285496566268801,-7.380068165242672,1.4824004114761948
1789222593786008600,20.818008544921874,-6.280329977285861,-7.38961925292015,1.4564907480634748
1789222593796003600,20.828003662109374,-6.273427942812442,-7.390573777166009,1.4811846059456466
1789222593805997600,20.83799755859375,-6.2735676435440775,-7.3793819365441795,1.5353994496054946
1789222593815991600,20.847991455078127,-6.267979614278674,-7.371594351407885,1.5944938820004462
1789222593825986600,20.857986572265624,-6.270823313271999,-7.359267369276285,1.6396182412318885
1789222593835980500,20.86798046875,-6.274609261551499,-7.357008192172646,1.6352642838060856
1789222593845975600,20.8779755859375,-6.28148908419311,-7.353062084895372,1.626580480482429
1789222593855969800,20.8879697265625,-6.286036664494872,-7.337799049311876,1.6771502456381917
1789222593865964500,20.897964599609374,-6.270949570000171,-7.331084061843156,1.7609044875152409
1789222593875958800,20.907958740234374,-6.259400586503744,-7.326101012733578,1.8216842426486313
1789222593885952800,20.917952880859374,-6.272694952362776,-7.309279057270288,1.8433998153723776
1789222593895947800,20.92794775390625,-6.279264393880963,-7.299725046983361,1.8588269554764032
1789222593905941800,20.937941650390623,-6.286215528193116,-7.288394090151787,1.8796812351956962
1789222593915936800,20.947936767578124,-6.291752704054117,-7.279271457019448,1.8964307099446653
1789222593925930500,20.957930419921876,-6.303080738276243,-7.259632690569758,1.9337233526371418
1789222593935925800,20.96792578125,-6.319548473474383,-7.23111269852817,1.986130562353134
1789222593945919500,20.97791943359375,-6.3203405006349085,-7.224359132614731,2.0080656230464577
1789222593955913500,20.98791357421875,-6.313164909917115,-7.232524318891763,2.0012328544169664
1789222593965908500,20.997908447265626,-6.3063482156395905,-7.236302083864808,2.0090522959962485
1789222593975902500,21.00790234375,-6.3086097308307885,-7.224163902303576,2.0453097504220903
1789222593985897500,21.0178974609375,-6.3432876609802245,-7.184886369404197,2.0761727984584866
1789222593995891500,21.027891357421876,-6.38723493925631,-7.140999881404638,2.092781257301569
1789222594005886500,21.037886474609376,-6.385906321001053,-7.136853283119201,2.1109033355779943
1789222594015880700,21.047880615234376,-6.375124230223894,-7.144058684453368,2.1191057851254937
1789222594025874700,21.057874755859373,-6.387820630189776,-7.149336332595348,2.0623120308883487
1789222594035869700,21.06786962890625,-6.387951563093066,-7.167488659879565,1.997891435034573
1789222594045863700,21.07786376953125,-6.379881653884053,-7.17299836321175,2.0038962284073234
1789222594055858700,21.087858642578126,-6.357829396551847,-7.182792611995339,2.0385968087799844
1789222594065852700,21.097852783203123,-6.326281581121683,-7.201544658738374,2.0703410235650836
1789222594075847700,21.10784765625,-6.3131801074862475,-7.204846038371324,2.098651172248274
1789222594085841700,21.117841552734376,-6.311076997727155,-7.209545594364404,2.088814107236266
1789222594095836700,21.127836669921876,-6.324995632964372,-7.215320086112618,2.0258270513169467
1789222594105830700,21.13783056640625,-6.347123878142237,-7.218665304887295,1.9430078983329235
1789222594115824600,21.14782470703125,-6.364604005253314,-7.224271454331278,1.8633574385128915
1789222594125819600,21.157819580078126,-6.35258272807002,-7.246715341329574,1.816641572306305
1789222594135813600,21.167813720703126,-6.321818756493926,-7.274159813094139,1.8142764506101607
1789222594145808600,21.17780859375,-6.298692147928476,-7.2980597441196435,1.7986644554585218
1789222594155802600,21.187802734375,-6.289883403050899,-7.3211366683244705,1.7345633008174597
1789222594165797600,21.197797607421876,-6.312174729835987,-7.318169050690531,1.664703290388733
1789222594175791600,21.20779150390625,-6.325107861167192,-7.316395026755332,1.622885279226303
1789222594185785600,21.21778564453125,-6.304448519498109,-7.340014971795678,1.5964042456664145
1789222594195780600,21.227780517578125,-6.300802856472134,-7.349743754127621,1.5657374508544801
1789222594205774600,21.237774658203126,-6.311579102030396,-7.356387429925799,1.4892685436800122
1789222594215769600,21.24776953125,-6.320157545283436,-7.36958827228248,1.3838945906691253
1789222594225763600,21.257763671875,-6.333139191931486,-7.372339032295346,1.3078032846353946
1789222594235758600,21.267758544921875,-6.318064372396469,-7.394579505676031,1.2540469983980058
1789222594245752600,21.277752685546876,-6.284736687812209,-7.427948106792568,1.2239498932328075
1789222594255746600,21.28774658203125,-6.270199628415703,-7.4431766555845735,1.2058585754208266
1789222594265741600,21.297741455078125,-6.266091608574986,-7.45422411929965,1.158027076122537
1789222594275735600,21.307735595703125,-6.268147372061014,-7.465511821511387,1.0709073764003814
1789222594285730600,21.31773046875,-6.263780409023165,-7.484830269965529,0.9553824701227247
1789222594295724500,21.327724609375,-6.257427240604162,-7.500764921200275,0.8680492737803608
1789222594305719600,21.337719482421875,-6.262454713377356,-7.499873525318503,0.8390195786509662
1789222594315713500,21.347713623046875,-6.279278422406316,-7.486919351199269,0.8289096880469471
1789222594325708500,21.35770849609375,-6.31200112683475,-7.463509249517321,0.7905998311359435
1789222594335702800,21.367702880859376,-6.350552099025249,-7.4417135972946875,0.6795342423547059
1789222594345696800,21.37769677734375,-6.369840152341127,-7.436539409527182,0.5416720512583851
1789222594355691800,21.38769189453125,-6.34519787851572,-7.4660297079056495,0.4089727958831936
1789222594365685800,21.397685791015626,-6.26722148938775,-7.536833428925275,0.29742747902730476
1789222594375680800,21.4076806640625,-6.1863201527237885,-7.605823378521204,0.22646780026098712
1789222594385674800,21.4176748046875,-6.141724639672041,-7.64145232578516,0.24043811088651418
1789222594395669800,21.427669677734375,-6.180314190307259,-7.608107105544209,0.3013382044639438
1789222594405663700,21.437663818359376,-6.301217282491922,-7.507616102269291,0.3174099260818213
1789222594415657700,21.44765771484375,-6.408284741547703,-7.418612123170495,0.2616703388064168
1789222594425652700,21.45765283203125,-6.451582616004347,-7.384057527139783,0.15217167054833844
1789222594435646700,21.467646728515625,-6.438324490502477,-7.3971665995597835,-0.01677750554185477
1789222594445641700,21.477641845703126,-6.3772752707779405,-7.447983763605356,-0.16816071885144337
1789222594455635700,21.4876357421875,-6.321199163290858,-7.494717457729577,-0.20502331782989203
1789222594465630700,21.497630615234375,-6.306911110219359,-7.507772169613838,-0.1631533938171342
1789222594475624700,21.507624755859375,-6.312409123113751,-7.503286548632383,-0.1567214428071864
1789222594485619000,21.517618896484375,-6.332894861781597,-7.484205416065454,-0.22693254996221512
1789222594495613700,21.52761376953125,-6.365711089712381,-7.452885564172267,-0.3203182147439569
1789222594505608000,21.53760791015625,-6.387109851571918,-7.429528069460392,-0.42110451117102055
1789222594515603000,21.54760302734375,-6.387493882453441,-7.423398188403248,-0.5132997240591793
1789222594525596700,21.5575966796875,-6.382576299795508,-7.4232731007188555,-0.572818738541752
1789222594535592000,21.567592041015626,-6.370089158666134,-7.432138544219732,-0.5963714270321652
1789222594545585700,21.577585693359374,-6.337694371017814,-7.459982828956842,-0.5938681389743462
1789222594555579600,21.58757958984375,-6.31707302327156,-7.477883811828494,-0.5884150612002238
1789222594565574700,21.59757470703125,-6.344352659863233,-7.455310160970687,-0.5813140700886026
1789222594575568600,21.607568603515624,-6.3885910300403825,-7.413530289861559,-0.6291742474921047
1789222594585563600,21.617563720703124,-6.446807656687498,-7.351840434145927,-0.7479924962267279
1789222594595557600,21.6275576171875,-6.499138732427358,-7.290338794478774,-0.8846119207203388
1789222594605552600,21.637552734375,-6.448718458744883,-7.321293904712796,-0.9914955476418137
1789222594615546600,21.647546630859374,-6.32054216068685,-7.429539759898185,-1.011463765241578
1789222594625541600,21.657541748046874,-6.263817233902215,-7.49596190483272,-0.863442729832977
1789222594635535600,21.66753564453125,-6.3185103625983,-7.472362418058514,-0.6407953463766723
1789222594645529900,21.67752978515625,-6.359425141310691,-7.438902047005295,-0.6251626737631857
1789222594655524600,21.687524658203124,-6.375346933063864,-7.4092463289320465,-0.7927225954435765
1789222594665518800,21.697518798828124,-6.401097460392117,-7.372900173309445,-0.9147077837765216
1789222594675513900,21.707513916015625,-6.412432508876919,-7.362068982693552,-0.9225218915935606
1789222594685507800,21.7175078125,-6.390383758676052,-7.38333564260602,-0.9053883859630674
1789222594695502800,21.7275029296875,-6.384378380781412,-7.394573660457134,-0.8546210524085909
1789222594705496800,21.737496826171874,-6.3788073026508085,-7.408178407439589,-0.7746648876402527
1789222594715490800,21.74749072265625,-6.342208633571863,-7.443044553637504,-0.7401791190620511
1789222594725485800,21.75748583984375,-6.307277605444193,-7.470520589584112,-0.7615519427627324
1789222594735479800,21.767479736328124,-6.3165902081906795,-7.464042918002605,-0.7477545958176255
1789222594745474800,21.777474853515624,-6.327521936571598,-7.462244344148039,-0.669137132307142
1789222594755468800,21.78746875,-6.32598756661117,-7.470472074267268,-0.586780336137861
1789222594765463800,21.7974638671875,-6.351822849613428,-7.4520052742064,-0.5406956439742818
1789222594775457500,21.80745751953125,-6.3712418358325955,-7.43437960114479,-0.5546606391038745
1789222594785451800,21.81745166015625,-6.379424557766318,-7.423360779002309,-0.6058385627532378
1789222594795446500,21.827446533203126,-6.395058764749765,-7.405642166960239,-0.6557971006754786
1789222594805440800,21.837440673828127,-6.400491895714402,-7.399779996928572,-0.6688350806206464
1789222594815435500,21.847435546875,-6.396990609595179,-7.4079831771284335,-0.6088314609589055
1789222594825429800,21.8574296875,-6.38296442233026,-7.429837866061925,-0.4750511688813567
1789222594835424800,21.8674248046875,-6.357602602058649,-7.459565480327606,-0.32582108647655694
1789222594845418800,21.877418701171877,-6.311770240688324,-7.501697818136215,-0.2376339767185971
1789222594855413800,21.887413818359374,-6.261742765715718,-7.544289590150117,-0.21135078555205836
1789222594865407700,21.89740771484375,-6.253291163712739,-7.551578578114509,-0.20097437123265116
1789222594875401700,21.907401611328126,-6.268254339566827,-7.539143459433316,-0.20168213590951636
1789222594885396700,21.917396728515627,-6.281817000973224,-7.527681569698452,-0.20776699051484465
1789222594895390700,21.927390625,-6.320293154361844,-7.496184607672691,-0.17748188849687574
1789222594905385700,21.9373857421875,-6.35812224201858,-7.465248202139139,-0.1213644808850251
1789222594915379700,21.947379638671876,-6.358621423712372,-7.465337633988261,-0.08392449301057495
1789222594925374700,21.957374755859377,-6.346134867104888,-7.4760986819773905,-0.07001633350159972
1789222594935368700,21.96736865234375,-6.3239697970479725,-7.494856573939323,-0.07010605761166662
1789222594945362700,21.97736279296875,-6.302943375632166,-7.512750542548298,-0.04326527366156224
1789222594955357700,21.987357666015626,-6.299923151028156,-7.515266909283399,0.04602948681104462
1789222594965352000,21.99735205078125,-6.3013651665300126,-7.51306384628117,0.13064046881501562
1789222594975346700,22.0073466796875,-6.284876388543844,-7.526388022756576,0.1555295844078064
1789222594985341000,22.0173408203125,-6.268000657066702,-7.540057067146897,0.173451007279288
1789222594995336000,22.0273359375,-6.281047185644507,-7.526458165383339,0.26695788728790354
1789222595005330000,22.037329833984376,-6.3019344908505674,-7.504275559669733,0.37663240530323233
1789222595015323600,22.04732373046875,-6.2988476307511325,-7.506171748679876,0.390243874287419
1789222595025318700,22.057318603515625,-6.288910174104571,-7.516548765787482,0.3485448133295402
1789222595035312600,22.067312744140626,-6.289923735061287,-7.514420521587133,0.37514801196437325
1789222595045307600,22.0773076171875,-6.285676014488935,-7.512756387767196,0.4681534452568739
1789222595055301600,22.087301513671875,-6.284218216896057,-7.50875650447607,0.5454984776787459
1789222595065296600,22.097296630859375,-6.291568579658866,-7.499625688037276,0.5849568835703656
1789222595075290600,22.10729052734375,-6.2796250438869,-7.508090734043717,0.6043751026045531
1789222595085285600,22.11728564453125,-6.276686652347445,-7.508981545403599,0.6235279121682048
1789222595095279600,22.127279541015625,-6.2905614484429355,-7.495759660258889,0.6425064611434936
1789222595105273600,22.137273681640625,-6.277876154392957,-7.503703312739729,0.6731267864651977
1789222595115268600,22.1472685546875,-6.265824482071399,-7.50769267463684,0.7378267837822436
1789222595125262800,22.157262939453126,-6.27268560001254,-7.495043620944022,0.8050647751443087
1789222595135257600,22.167257568359375,-6.279795724278688,-7.4870602209746835,0.8236968487694859
1789222595145251800,22.177251953125,-6.2929147335708135,-7.476775558325648,0.8169654946878552
1789222595155246800,22.187246826171876,-6.300790581512451,-7.471017433190346,0.8089055954162031
1789222595165240800,22.19724072265625,-6.300459157600999,-7.471133753046393,0.810402044519037
1789222595175234800,22.20723486328125,-6.307377558687329,-7.463917245796322,0.8229895042177289
1789222595185229800,22.217229736328125,-6.311902927157282,-7.457149651357531,0.8492221159745007
1789222595195223800,22.227223876953126,-6.312084128943085,-7.453224002346396,0.8817170760616659
1789222595205218800,22.23721875,-6.30616292220056,-7.456600200781225,0.8954339781817048
1789222595215212800,22.247212890625,-6.28982436634004,-7.470660290315747,0.8931550734642892
1789222595225207800,22.257207763671875,-6.283488733577728,-7.473670578047633,0.9123568367362022
1789222595235201800,22.267201904296876,-6.27997867963016,-7.473885682103037,0.9344979413956404
1789222595245195500,22.277195556640624,-6.273932969725132,-7.479623348972201,0.9291898981153964
1789222595255190800,22.287190673828125,-6.272158361268043,-7.485453954821825,0.8935290213432162
1789222595265184800,22.297184814453125,-6.278372997999191,-7.484370835760235,0.8582654002603143
1789222595275179500,22.307179443359374,-6.2864610273867845,-7.4800921355277294,0.8360711771741509
1789222595285173800,22.317173828125,-6.293105872228741,-7.477451850152015,0.8092669030092656
1789222595295168500,22.32716845703125,-6.3078036751449105,-7.469277896046638,0.769334048006311
1789222595305162800,22.337162841796875,-6.325369142451882,-7.458534968236088,0.72824763905406
1789222595315157800,22.34715771484375,-6.335045317813754,-7.449727976924181,0.7342649996474385
1789222595325151700,22.35715185546875,-6.316808234855532,-7.462475814816355,0.7614313120577484
1789222595335145700,22.367145751953124,-6.2806210691869255,-7.4941265060991045,0.749840462180972
1789222595345140700,22.377140625,-6.246211434584856,-7.526934550723433,0.707444358869642
1789222595355134700,22.387134765625,-6.224223474660516,-7.549307710573077,0.661352469780296
1789222595365129700,22.397129638671874,-6.250923265537619,-7.529235813403129,0.6379281934425235
1789222595375123700,22.407123779296874,-6.282965001964569,-7.505113764059543,0.606635741012916
1789222595385118700,22.41711865234375,-6.29359453252852,-7.500162863653898,0.5555322708392515
1789222595395112700,22.42711279296875,-6.309384806856513,-7.490334128078818,0.5068984421821311
1789222595405109800,22.43710986328125,-6.3200616836935275,-7.4848828769356,0.45137689983788876
1789222595415104500,22.4471044921875,-6.332275853100419,-7.47647394503057,0.4183322334460914
1789222595425098800,22.4570986328125,-6.326317821478844,-7.4818696665942666,0.41194954667165873
1789222595435093800,22.46709375,-6.291548121392727,-7.511805955174565,0.3994683238264173
1789222595445087700,22.477087646484375,-6.257267666128278,-7.540829805085062,0.3909831483474001
1789222595455082800,22.487082763671875,-6.233880945321917,-7.55982033675909,0.39777273542229086
1789222595465076700,22.49707666015625,-6.2492807590276,-7.547215706729888,0.3954789253966883
1789222595475070700,22.50707080078125,-6.2882718762010335,-7.517495691248774,0.33954080160818995
1789222595485065700,22.517065673828125,-6.316386210051179,-7.497150237834453,0.2576584545502439
1789222595495059700,22.527059814453125,-6.338059697198868,-7.479989844197035,0.221684036583174
1789222595505054700,22.5370546875,-6.340723363450169,-7.477622530543804,0.22530809056553988
1789222595515048700,22.547048583984374,-6.325059345850348,-7.490484934726357,0.23798237003115935
1789222595525043700,22.557043701171875,-6.300629837992787,-7.510683088624477,0.24917008246714248
1789222595535037700,22.56703759765625,-6.277450037935376,-7.529810982942581,0.2568327808484435
1789222595545031700,22.57703173828125,-6.270160465449094,-7.535956646090746,0.25459334962489083
1789222595555026700,22.587026611328124,-6.260555017235875,-7.544241074833273,0.24546445114854723
1789222595565020700,22.597020751953124,-6.255831495845317,-7.547895505687594,0.2534574409301393
1789222595575015700,22.607015625,-6.236761469194293,-7.563186598321795,0.26720464685689654
1789222595585010000,22.617010009765625,-6.19924217813909,-7.593831911954283,0.27110214748578143
1789222595595004700,22.627004638671874,-6.207753401374816,-7.586482133713364,0.2818946317927912
1789222595604999000,22.6369990234375,-6.263490486165881,-7.539967050775886,0.2965917953881435
1789222595614994000,22.646993896484375,-6.31808073900938,-7.494350962504744,0.29487770321294665
1789222595624988000,22.65698779296875,-6.351528835102916,-7.466554024040699,0.28114436141476035
1789222595634981600,22.666981689453124,-6.356542279350757,-7.462306887990236,0.28060143191078674
1789222595644976600,22.6769765625,-6.336959042480587,-7.478205883389711,0.299617554683797
1789222595654970600,22.686970703125,-6.305918007528781,-7.502618440112471,0.3413116472056135
1789222595664965600,22.696965576171873,-6.265173909208178,-7.5341387830138205,0.39334618768431245
1789222595674959600,22.706959716796874,-6.223386439314484,-7.566224358582496,0.43828360950890927
1789222595684954600,22.71695458984375,-6.190642692098021,-7.590305491393804,0.4833056043444201
1789222595694948600,22.726948486328126,-6.19417028170228,-7.582717812743782,0.5523004493111744
1789222595704942600,22.736942626953127,-6.2457280349820845,-7.535468570312857,0.6147919402658939
1789222595714937600,22.7469375,-6.302661051559448,-7.487688582006096,0.6175537331294269
1789222595724931800,22.756931884765624,-6.343181862518191,-7.456378666985034,0.580389940981008
1789222595734926600,22.766926513671876,-6.355207231354713,-7.448342660045624,0.5512924047797918
1789222595744920800,22.7769208984375,-6.336147141575813,-7.463878667351603,0.5604834635058418
1789222595754915800,22.786915771484374,-6.304134631243348,-7.485954305559396,0.6235060656625777
1789222595764909800,22.796909912109374,-6.26824615626037,-7.505226576784253,0.7423262871585786
1789222595774903800,22.80690380859375,-6.240100842750072,-7.515338220953941,0.8667264276787638
1789222595784898800,22.81689892578125,-6.211072901186347,-7.529989262118935,0.9445774368613957
1789222595794892800,22.826892822265624,-6.201238904914259,-7.533623234707116,0.9795622410029172
1789222595804887800,22.8368876953125,-6.227694950163364,-7.510541049805283,0.9889287658937275
1789222595814881800,22.8468818359375,-6.2576727397978305,-7.488686945393681,0.9651388711139559
1789222595824876800,22.856876708984377,-6.286707111102342,-7.469024213546514,0.9281016644872725
1789222595834870800,22.866870849609374,-6.323381183505058,-7.438940625450015,0.9205384626913815
1789222595844865800,22.87686572265625,-6.339197761318087,-7.420743289980292,0.9578780863307416
1789222595854859800,22.88685986328125,-6.316560397574305,-7.431184019973873,1.0241858841706066
1789222595864853500,22.896853515625,-6.287603767681121,-7.443532629415392,1.1091633842322974
1789222595874848800,22.906848876953124,-6.262936359414458,-7.450498961296677,1.1983652239907532
1789222595884842800,22.9168427734375,-6.226919874137639,-7.467854585245251,1.2755414757169783
1789222595894837500,22.92683740234375,-6.202609608745575,-7.480625219491124,1.3184309155032037
1789222595904831700,22.936831787109377,-6.196689571046829,-7.487506211176514,1.307161917991936
1789222595914826800,22.94682666015625,-6.195990482866764,-7.490933263015747,1.2907400677621363
1789222595924820700,22.95682080078125,-6.208081318154931,-7.477023395606875,1.3130959842160344
1789222595934814700,22.966814697265626,-6.243615572872757,-7.440612942576408,1.3508989145182073
1789222595944809700,22.976809814453127,-6.289208864790201,-7.398564191398024,1.3702159016676245
1789222595954803700,22.9868037109375,-6.323945247128606,-7.370536951309442,1.3613526501238344
1789222595964798700,22.996798828125,-6.331567412570118,-7.3664312695562835,1.3480823957927524
1789222595974792700,23.006792724609376,-6.3070981572240585,-7.3814067203700535,1.3804825902685522
1789222595984787700,23.01678759765625,-6.271333016359805,-7.39797440881133,1.4528417240366338
1789222595994781700,23.02678173828125,-6.231314309704303,-7.421178174266219,1.5057295568764208
1789222596004776700,23.036776611328126,-6.198145030552149,-7.441767373308539,1.5406128003396093
1789222596014770700,23.046770751953126,-6.1990375954777,-7.434367326185106,1.5724153211832046
1789222596024764700,23.0567646484375,-6.211461608242988,-7.420760241115093,1.587594624006003
1789222596034759700,23.066759765625,-6.230868904024362,-7.404188461020588,1.5889128669977186
1789222596044753700,23.076753662109375,-6.274440334725379,-7.368800336775183,1.5819490193344652
1789222596054748700,23.086748779296876,-6.313645971432328,-7.338487031576037,1.566800988432765
1789222596064743000,23.096742919921876,-6.35094139060378,-7.308151514545083,1.5578339842535553
1789222596074737700,23.106737548828125,-6.362366455459594,-7.298840665364265,1.5548635901406407
1789222596084732000,23.11673193359375,-6.346843892157078,-7.312311556833982,1.5550089899607002
1789222596094726000,23.126725830078126,-6.33861499299407,-7.321711253342032,1.5443100474223495
1789222596104721000,23.136720947265626,-6.323167248493433,-7.339236973160505,1.524319691056013
1789222596114714600,23.146714599609375,-6.300222426235676,-7.356402042973041,1.5365354678981005
1789222596124710000,23.1567099609375,-6.271234816682338,-7.373668819594383,1.5719433197572827
1789222596134703600,23.16670361328125,-6.236577344799041,-7.395901694190502,1.6050300351925193
1789222596144698600,23.17669873046875,-6.218195884934067,-7.4080837148934595,1.6200976943343877
1789222596154692600,23.186692626953125,-6.2512622882336375,-7.384778242629766,1.5991116049289702
1789222596164687600,23.1966875,-6.3055655408293,-7.3529405043423175,1.5311726256906986
1789222596174681600,23.206681640625,-6.342747562754154,-7.337596804738045,1.4490008306995033
1789222596184675600,23.216675537109374,-6.37263182888627,-7.324132927531004,1.384568982799351
1789222596194670600,23.226670654296875,-6.385897553172708,-7.32214321501851,1.3330069917358458
1789222596204664800,23.236664794921875,-6.37625060390532,-7.334265614488721,1.312388858859986
1789222596214659600,23.24665966796875,-6.328004751652479,-7.374374922037124,1.3211115328893064
1789222596224653800,23.25665380859375,-6.26272710057795,-7.430298469310999,1.3188237142130732
1789222596234648800,23.26664892578125,-6.221951438075304,-7.468456642791629,1.2960977954030035
1789222596244642800,23.276642822265625,-6.192525437104702,-7.495885332465171,1.2785598006248473
1789222596254636800,23.28663671875,-6.186379773956537,-7.501155381822586,1.2773961636729538
1789222596264631800,23.2966318359375,-6.221469792038202,-7.476226692271232,1.2528902295783162
1789222596274625800,23.306625732421875,-6.258647722309828,-7.454294261926412,1.1971713380310685
1789222596284620800,23.316620849609375,-6.291065890833735,-7.436890707182884,1.1338181522130966
1789222596294614800,23.32661474609375,-6.335104354524612,-7.407363583925366,1.0806508448448031
1789222596304609800,23.33660986328125,-6.348903747296333,-7.403702138808369,1.0232301908809691
1789222596314603800,23.346603759765625,-6.336990022140741,-7.418916074553132,0.9862168765865266
1789222596324597800,23.35659765625,-6.326607744336128,-7.4258403208583585,1.000657270675525
1789222596334592800,23.3665927734375,-6.292275851145386,-7.448637843599915,1.0466356163877992
1789222596344586800,23.376586669921874,-6.255851369589567,-7.475960150289535,1.069915004362166
1789222596354581800,23.386581787109375,-6.2338838679313655,-7.497488091486692,1.0472552095908672
1789222596364575700,23.39657568359375,-6.221215525016189,-7.514131767773628,1.0023364559341221
1789222596374570800,23.40657080078125,-6.235377905881404,-7.508248554953933,0.9574153641898184
1789222596384564700,23.416564697265624,-6.265101428493857,-7.488381824967265,0.9181712951686233
1789222596394559700,23.426559814453125,-6.28305501833558,-7.476592018452286,0.8911682104960084
1789222596404550400,23.43655029296875,-6.287510244178772,-7.4747805851161475,0.8747937796045094
1789222596414544400,23.44654443359375,-6.287845175221562,-7.475610021677613,0.8652413767527788
1789222596424539400,23.456539306640625,-6.297401523596048,-7.469334010148048,0.8498083914298564
1789222596434533400,23.466533447265626,-6.294107158225774,-7.474016615006327,0.8328695315886289
1789222596444528400,23.4765283203125,-6.279262055793404,-7.488366627398133,0.8158536609884351
1789222596454522400,23.4865224609375,-6.266256443747878,-7.501845117652416,0.7916659990627318
1789222596464517400,23.496517333984375,-6.23726883419454,-7.5281205456376075,0.7708831040792167
1789222596474511400,23.506511474609376,-6.223317465731501,-7.538121130648255,0.785764300738275
1789222596484505300,23.51650537109375,-6.2415422737300394,-7.519870603686571,0.8155261825997382
1789222596494500400,23.526500244140625,-6.262791397985816,-7.503728447180986,0.8011761702079325
1789222596504494300,23.536494384765625,-6.287578633239865,-7.488397607058286,0.7487642112515867
1789222596514489300,23.5464892578125,-6.315046485880017,-7.46892016865015,0.7111955280967056
1789222596524483300,23.5564833984375,-6.331587870836257,-7.455706466811895,0.7027180610001087
1789222596534478300,23.566478271484375,-6.326111485251784,-7.4609689173847435,0.6961622826810926
1789222596544472600,23.57647265625,-6.298772227427363,-7.48432582757473,0.6933368499968201
1789222596554466600,23.586466552734375,-6.284657192835211,-7.493401698955893,0.7227749067313969
1789222596564461600,23.596461669921876,-6.282199278289079,-7.492359496426582,0.7542636123854667
1789222596574455600,23.60645556640625,-6.270843771538138,-7.502204598614573,0.7508880715377628
1789222596584450600,23.616450439453125,-6.2703305613189935,-7.503294731938839,0.7442469530228525
1789222596594444500,23.626444580078125,-6.281760886871814,-7.491693141472339,0.7644576010763645
1789222596604439600,23.636439453125,-6.289831380602717,-7.4827891195267435,0.785032698528096
1789222596614433300,23.646433349609374,-6.290061682227254,-7.481988909059763,0.7907915543157606
1789222596624428500,23.656428466796875,-6.287710735186934,-7.484163330489396,0.7889087362438439
1789222596634422300,23.66642236328125,-6.277602013626694,-7.493702143207192,0.7787964344870298
1789222596644416300,23.676416259765624,-6.2556415262311695,-7.512384631845355,0.7755101062927394
1789222596654411300,23.686411376953124,-6.237734113618731,-7.526488560521602,0.782957061297819
1789222596664405200,23.6964052734375,-6.24441344525218,-7.5197770801842205,0.7941234021522104
1789222596674400300,23.706400146484373,-6.2613388610899445,-7.505064079698919,0.8000176478225738
1789222596684394200,23.716394287109374,-6.268835354325175,-7.497183555582165,0.815060683979839
1789222596694389200,23.72638916015625,-6.2675020598948,-7.495179814544319,0.8432575084816664
1789222596704383500,23.736383544921875,-6.256712370333076,-7.503073198142648,0.8531333711341023
1789222596714377500,23.74637744140625,-6.233171335747838,-7.525228331327438,0.8299996752407401
1789222596724372500,23.75637255859375,-6.222169464740157,-7.535117857179046,0.8227864559262991
1789222596734366500,23.766366455078124,-6.232062497723102,-7.523031113544106,0.8577754978515207
1789222596744361500,23.776361572265625,-6.255252234652638,-7.499646146303415,0.8930355387378484
1789222596754355500,23.78635546875,-6.27512948603332,-7.484111308041214,0.8838604447659104
1789222596764350500,23.7963505859375,-6.285813961654901,-7.476875511568784,0.869058231627196
1789222596774344400,23.806344482421874,-6.282412628778815,-7.478328632986545,0.8810667223941534
1789222596784339500,23.81633935546875,-6.250998084339499,-7.502602658021449,0.8979762100104242
1789222596794333400,23.82633349609375,-6.220053495499491,-7.525769014075398,0.9187564746454358
1789222596804327400,23.836327392578124,-6.216387958729267,-7.524577758464217,0.9527011220842599
1789222596814322400,23.846322509765624,-6.224547299787401,-7.513382410711049,0.98716146396026
1789222596824316400,23.85631640625,-6.2457484932482235,-7.492508549508452,1.0115983514066784
1789222596834311400,23.8663115234375,-6.281060629647969,-7.461708337575197,1.0205735388923436
1789222596844305400,23.876305419921874,-6.3078814165562385,-7.440805834800004,1.007684319768101
1789222596854300400,23.886300537109374,-6.315158714082837,-7.438057412874699,0.9820677210178226
1789222596864294400,23.89629443359375,-6.306676132419705,-7.448104759636521,0.9601843174465
1789222596874288400,23.906288330078127,-6.291975406894087,-7.458972190609574,0.9721902509301901
1789222596884283400,23.916283447265624,-6.268788592574,-7.470352831801772,1.0327188077814877
1789222596894277400,23.92627734375,-6.240809867802262,-7.484481894919276,1.0978208100281655
1789222596904272400,23.9362724609375,-6.231213187417388,-7.486406725502014,1.138450999645516
1789222596914266400,23.946266357421877,-6.247032687839865,-7.4711945433229205,1.151615820840746
1789222596924261400,23.956261474609374,-6.279461377757787,-7.447126269993186,1.1309567714326083
1789222596934255400,23.96625537109375,-6.307041458600759,-7.427673381504416,1.1051130128629505
1789222596944249300,23.976249267578126,-6.326344124963879,-7.412736509135365,1.0950264300692827
1789222596954244400,23.986244384765627,-6.325976460695267,-7.411714764872193,1.104037419520691
1789222596964238300,23.99623828125,-6.317236689400673,-7.416487386101484,1.1218837495956568
1789222596974233300,24.0062333984375,-6.326274566859007,-7.404948339477181,1.1468992406476288
1789222596984227300,24.016227294921876,-6.32099048897624,-7.405477331787347,1.1723325917854905
1789222596994222300,24.026222412109377,-6.2997314278483385,-7.420519418096542,1.1914969456564635
1789222597004216300,24.03621630859375,-6.288327405780554,-7.428076701608299,1.2045794223304838
1789222597014211300,24.04621142578125,-6.279241597527265,-7.432973826000094,1.2216430775951594
1789222597024205600,24.05620556640625,-6.277298062244057,-7.432399240982532,1.2350520828098057
1789222597034199600,24.066199462890626,-6.288644216644763,-7.422975579077005,1.234007542192936
1789222597044194600,24.076194580078123,-6.2927516519635915,-7.4240791564047335,1.2061132077690213
1789222597054188500,24.0861884765625,-6.290818638074398,-7.430938520780205,1.1735199749391525
1789222597064183600,24.09618359375,-6.288666428476572,-7.4352674898952245,1.157520003383234
1789222597074177500,24.106177490234376,-6.280977043017745,-7.439636206498742,1.171123289060965
1789222597084172500,24.116172607421873,-6.280452142360806,-7.433076701852679,1.2147784525226801
1789222597094166500,24.12616650390625,-6.279630304583907,-7.43053753876388,1.2343946418143807
1789222597104160300,24.13616015625,-6.269346226456761,-7.444325241097808,1.2032082801077515
1789222597114155300,24.1461552734375,-6.271822845703363,-7.452356571862101,1.1388625030558555
1789222597124149200,24.156149169921875,-6.280691796335578,-7.452623113843798,1.0870649496708065
1789222597134144300,24.166144287109375,-6.270756677776575,-7.4638202151626345,1.06742457578592
1789222597144138200,24.17613818359375,-6.267120951622724,-7.465555076131224,1.0766052227158098
1789222597154133200,24.18613330078125,-6.26696079262495,-7.4661518729805945,1.073389475539699
1789222597164127200,24.196127197265625,-6.2695537317275996,-7.466098096966743,1.0585141240995377
1789222597174122200,24.206122314453125,-6.282796659660339,-7.45648037379384,1.0477380977369843
1789222597184116500,24.216116455078126,-6.282630070921778,-7.462331437909603,1.0062589631401002
1789222597194110500,24.2261103515625,-6.277230842226744,-7.476076470145583,0.9354345646586268
1789222597204105500,24.23610546875,-6.287220905843377,-7.474431041026115,0.8798419298395515
1789222597214099500,24.246099365234375,-6.308314547276496,-7.458902047982812,0.860427912056446
1789222597224094500,24.256094482421876,-6.308800869488715,-7.459504105529189,0.8515916946500539
1789222597234088400,24.26608837890625,-6.2982695386022325,-7.46987118576467,0.8385749036233872
1789222597244083500,24.27608349609375,-6.2893848058789965,-7.479272635838389,0.8212849653221667
1789222597254077400,24.286077392578125,-6.2810208821594715,-7.48747640056014,0.8104721140805632
1789222597264071400,24.296071533203126,-6.2764136806249615,-7.492347805988788,0.8010944102086126
1789222597274066400,24.30606640625,-6.2527101489543915,-7.5143930490583175,0.7796829349979758
1789222597284060400,24.316060302734375,-6.24064620167315,-7.526952670902014,0.7547861018896103
1789222597294055400,24.326055419921875,-6.242868553897738,-7.526857978355884,0.737144500606507
1789222597304049400,24.33604931640625,-6.272013399839401,-7.504919118270277,0.7130408637024461
1789222597314044400,24.34604443359375,-6.333778658878803,-7.457705531674623,0.6604985563647001
1789222597324038400,24.356038330078125,-6.360405969041586,-7.439958278059959,0.6022026904689147
1789222597334033400,24.366033447265625,-6.347350088113546,-7.4516335182845586,0.5955531694518402
1789222597344027400,24.37602734375,-6.327839916479587,-7.467666369196772,0.6023150282695889
1789222597354021400,24.386021484375,-6.288581672802567,-7.5027207314431665,0.5773259137678891
1789222597364016400,24.396016357421875,-6.255815129232406,-7.531684375599026,0.5557800350552424
1789222597374010400,24.40601025390625,-6.257070682251453,-7.532176543030142,0.5345777821484953
1789222597384005400,24.41600537109375,-6.266219618868828,-7.528744815015792,0.4720979816315695
1789222597393999400,24.425999267578124,-6.29715427083671,-7.508006562891602,0.382194058018364
1789222597403995400,24.435995361328125,-6.346814666062593,-7.470204947763681,0.2904653849297203
1789222597413989400,24.4459892578125,-6.3730667131721965,-7.4509420288890595,0.1946311944846995
1789222597423983400,24.4559833984375,-6.38344782193303,-7.4439470554351805,0.09816903573391027
1789222597433978400,24.465978271484374,-6.372305665671825,-7.454128257709741,0.008162304766778834
1789222597443972400,24.475972412109375,-6.338381768760085,-7.482880304941535,-0.04245599397213664
1789222597453967400,24.48596728515625,-6.318018779689073,-7.499998613002896,-0.055218810237734575
1789222597463961000,24.495961181640624,-6.29888854728341,-7.515670813909172,-0.09535017892089671
1789222597473956400,24.505956298828124,-6.285608794471621,-7.5248261802673335,-0.19621406149566173
1789222597483950000,24.5159501953125,-6.31604718735516,-7.495258724999427,-0.3146898534681648
1789222597493944000,24.525944091796877,-6.353593366417289,-7.457225054681301,-0.4382104346748441
1789222597503939000,24.53593896484375,-6.369567765140533,-7.4363652220040555,-0.5472242054928094
1789222597513933000,24.54593310546875,-6.403105293083191,-7.403754745778441,-0.5958564267147332
1789222597523928000,24.555927978515626,-6.442139664876461,-7.369208917576074,-0.6033026145348325
1789222597533922300,24.56592236328125,-6.445521124008297,-7.362985513016581,-0.6419450278684496
1789222597543917000,24.5759169921875,-6.424322853156924,-7.374145789456367,-0.7214149434898048
1789222597553911300,24.585911376953124,-6.393429702243209,-7.393050396412611,-0.7982738728951663
1789222597563906300,24.59590625,-6.360909826910495,-7.418367208498716,-0.822822842413932
1789222597573900300,24.605900390625,-6.340380249100924,-7.439933143618703,-0.7857197309441865
1789222597583894300,24.615894287109374,-6.33842736146748,-7.448400527712702,-0.7183774024248123
1789222597593889300,24.62588916015625,-6.359717986777424,-7.435607097113132,-0.6604012334700673
1789222597603883300,24.63588330078125,-6.375510014671087,-7.423276023328304,-0.6467045704204589
1789222597613878300,24.645878173828127,-6.390547424805164,-7.4076903316617,-0.6763198834180831
1789222597623872300,24.655872314453124,-6.388882121941447,-7.404884042069315,-0.7212951895676553
1789222597633867300,24.6658671875,-6.3642316648095845,-7.4268638186872,-0.7131941545680165
1789222597643861200,24.675861328125,-6.337217985677719,-7.457267724779248,-0.6318321415897459
1789222597653855200,24.685855224609377,-6.326241833633184,-7.474743175715208,-0.5265509448962286
1789222597663850200,24.695850341796874,-6.323797947612404,-7.481722951599955,-0.4514370690599084
1789222597673844200,24.70584423828125,-6.338665846398472,-7.471054258069396,-0.41839331598356366
1789222597683839200,24.715839111328126,-6.349600497388839,-7.46158967963159,-0.42147305222246795
1789222597693833500,24.72583349609375,-6.337574544030428,-7.471917596900463,-0.41948845427650955
1789222597703828200,24.735828125,-6.317932854971289,-7.491776143580675,-0.356933506164141
1789222597713822200,24.745822265625,-6.300357450792193,-7.510614699563384,-0.2579774025726132
1789222597723817500,24.7558173828125,-6.292275851145386,-7.519618674752116,-0.181637711268384
1789222597733811200,24.765811279296877,-6.290184431824088,-7.522157253319024,-0.14534667423334904
1789222597743805200,24.77580517578125,-6.296753873342276,-7.516824075597524,-0.13650586285023017
1789222597753800200,24.78580029296875,-6.308629020053148,-7.506859730944037,-0.13658196942689826
1789222597763794200,24.795794189453126,-6.321266967830062,-7.496601371780037,-0.1137035178030841
1789222597773789200,24.8057890625,-6.325917423984408,-7.493322788500786,-0.0571360511690611
1789222597783783200,24.815783203125,-6.319501711723208,-7.4989476426452395,0.0076146557052037675
1789222597793778200,24.825778076171876,-6.311477395221591,-7.505571444699168,0.0450904432621086
1789222597803772200,24.835772216796876,-6.298672858706117,-7.516210327613353,0.06069356555412523
1789222597813766100,24.84576611328125,-6.290225932878255,-7.522915378209948,0.09586172690591774
1789222597823761200,24.85576123046875,-6.277675078862905,-7.532374695950746,0.15659049163758754
1789222597833755100,24.865755126953125,-6.261153567650914,-7.5442510117053985,0.22937685610810293
1789222597843750100,24.875750244140626,-6.252087048619985,-7.54947020765841,0.2954422600268386
1789222597853744400,24.885744384765626,-6.245397195592522,-7.552940514117479,0.3442352065021172
1789222597863739100,24.8957392578125,-6.244641408789158,-7.551902403241396,0.3789585466958582
1789222597873733400,24.9057333984375,-6.252946295797824,-7.5436244042396545,0.4059333185894414
1789222597883728400,24.915728271484376,-6.267406198304891,-7.529899830269813,0.43659773878119884
1789222597893722400,24.925722412109376,-6.290051160833239,-7.508566534861922,0.4765256253480911
1789222597903716400,24.93571630859375,-6.298763459599018,-7.498194193929433,0.522552011453174
1789222597913711400,24.94571142578125,-6.288657076126337,-7.501423092848062,0.5931490309195593
1789222597923705300,24.955705322265626,-6.2731485413491725,-7.507763986307382,0.6719147803269326
1789222597933700400,24.965700439453126,-6.250184429869055,-7.523767611125111,0.7060457441180944
1789222597943694300,24.9756943359375,-6.23493892994225,-7.533506330329179,0.7363478703361004
1789222597953689300,24.985689453125,-6.221127262210846,-7.536490899097919,0.8180917222388088
1789222597963683000,24.99568310546875,-6.176054779297113,-7.567659359821676,0.8702103242717683
1789222597973677000,25.005677001953124,-6.151023213893175,-7.585425318136811,0.8925403025668114
1789222597983672000,25.015672119140625,-6.183938226023316,-7.5507964878261085,0.9564324906323105
1789222597993666000,25.025666015625,-6.241303788799047,-7.493665902850031,1.0302836165238172
1789222598003661000,25.0356611328125,-6.340259837591648,-7.406224935284256,1.0579813323970884
1789222598013655300,25.0456552734375,-6.419387150320411,-7.34006699424386,1.0417647224158049
1789222598023650000,25.055650146484375,-6.413611489528417,-7.345413615968823,1.039651748849824
1789222598033644300,25.065644287109375,-6.380113124552369,-7.36867583361268,1.080345870548859
1789222598043638300,25.07563818359375,-6.3404860475629565,-7.396478617295623,1.1228208112500608
1789222598053633300,25.08563330078125,-6.28100510006845,-7.438703894084692,1.176879514500126
1789222598063627300,25.095627197265625,-6.217012812629342,-7.479654328632354,1.2545553863115608
1789222598073622300,25.105622314453125,-6.194981013563275,-7.484569573202728,1.3318448160886764
1789222598083616300,25.1156162109375,-6.215041804817319,-7.46351158760488,1.3563294151343404
1789222598093611300,25.125611328125,-6.273301101562381,-7.421486801823973,1.3181843933962285
1789222598103605200,25.135605224609375,-6.355802274638414,-7.3626032357007265,1.251499359741807
1789222598113600300,25.145600341796875,-6.411793626451492,-7.327033909669518,1.1721208487309516
1789222598123594200,25.15559423828125,-6.433456007683277,-7.315371528926491,1.1253327210057527
1789222598133588200,25.165588134765624,-6.42694092670083,-7.3140616153717035,1.1701770942520349
1789222598143583200,25.175583251953125,-6.366238328456879,-7.350797062572837,1.2677448304913936
1789222598153577200,25.1855771484375,-6.301227803885936,-7.39251205175221,1.3474739085055887
1789222598163572200,25.195572265625,-6.2777189180046316,-7.408883925360441,1.3671413165278732
1789222598173566500,25.20556640625,-6.284047536504268,-7.409143453079461,1.3363079329773784
1789222598183561200,25.215561279296875,-6.3200821419596664,-7.38687784525752,1.2887849881716071
1789222598193555200,25.22555517578125,-6.363478216093778,-7.360686588424444,1.2234460353638976
1789222598203549200,25.235549072265623,-6.364051632067561,-7.368260823071003,1.173860824266076
1789222598213544200,25.245544189453124,-6.343197060087323,-7.385382638263702,1.1791318965367972
1789222598223538200,25.2555380859375,-6.328123409596085,-7.391859725323319,1.2188692289676517
1789222598233533200,25.265533203125,-6.357689111298322,-7.362039756599068,1.2452050819031892
1789222598243527200,25.275527099609373,-6.418011185792088,-7.314149293655157,1.2176779733564704
1789222598253522200,25.285522216796874,-6.408282403460144,-7.331956168502569,1.1604854290600866
1789222598263516200,25.29551611328125,-6.358199983429908,-7.377614926871657,1.1465040307849645
1789222598273511200,25.30551123046875,-6.31330577969253,-7.412415606617927,1.1698976927887648
1789222598283505200,25.315505126953123,-6.249795722812414,-7.466243058395385,1.1686118907619267
1789222598293499100,25.3254990234375,-6.191849145278335,-7.51782068541944,1.1461968645319343
1789222598303494100,25.335494140625,-6.165179165017604,-7.541092255413532,1.1370528963506221
1789222598313488100,25.345488037109376,-6.16533757044971,-7.538150356742739,1.1555454884398728
1789222598323483100,25.355483154296873,-6.196736332798004,-7.512697351056337,1.1533523623097688
1789222598333477400,25.365477294921874,-6.252700796604156,-7.472888487759232,1.1090747561007737
1789222598343472000,25.37547216796875,-6.292989552372694,-7.448502819043397,1.0432977772019802
1789222598353466400,25.38546630859375,-6.310386092853546,-7.4437167538106435,0.9697877928983419
1789222598363460400,25.39546044921875,-6.315330563518405,-7.449654911687969,0.8886073470320552
1789222598373455400,25.405455322265624,-6.3040609814852475,-7.466392695999145,0.825940609108284
1789222598383449300,25.415449462890624,-6.268603299134969,-7.498492884615064,0.8047362007770686
1789222598393444400,25.4254443359375,-6.236123171290755,-7.522337286061048,0.8340214050374924
1789222598403438000,25.43543798828125,-6.218879775545001,-7.530088046318292,0.8908935582730919
1789222598413433000,25.44543310546875,-6.210706990483403,-7.533250894263387,0.9206649386152624
1789222598423427000,25.455427001953126,-6.2096466677755116,-7.536393283942341,0.9019082156971097
1789222598433422000,25.465422119140626,-6.233015268403292,-7.524593540555238,0.8368942570600658
1789222598443416000,25.475416015625,-6.278932385447621,-7.4968585614115,0.736544927278161
1789222598453409800,25.485409912109375,-6.32802111826539,-7.464034734696149,0.6439786525879055
1789222598463405000,25.495405029296876,-6.368724884575605,-7.432132699000835,0.6108364441057667
1789222598473399000,25.50539892578125,-6.3772179876327515,-7.4246420509845015,0.6133239866051823
1789222598483393800,25.515393798828125,-6.352088807073235,-7.445715818673372,0.6185989313334226
1789222598493388000,25.525387939453125,-6.316087519365548,-7.4778966713100665,0.5987365487283095
1789222598503383000,25.535383056640626,-6.281392053559422,-7.510180984321236,0.5582836884392425
1789222598513377000,25.545376953125,-6.273139188998937,-7.519287250840663,0.5276610980952158
1789222598523371000,25.55537109375,-6.284501125490665,-7.510195597368479,0.5219102064182981
1789222598533366000,25.565365966796875,-6.306970146930217,-7.492114581754803,0.5106188144121319
1789222598543360000,25.575360107421876,-6.330067529401183,-7.474723886492848,0.47866990736778825
1789222598553355000,25.58535498046875,-6.337062502855062,-7.472137961652875,0.4233061494011432
1789222598563349000,25.595348876953125,-6.353361311227083,-7.461424259936809,0.363764082836546
1789222598573344000,25.605343994140625,-6.3614084240823985,-7.456602538868784,0.31930564016792923
1789222598583338000,25.615337890625,-6.361015625372529,-7.457600902256369,0.3033957215156406
1789222598593332000,25.62533203125,-6.361811744186282,-7.456693724283576,0.30897253526728596
1789222598603327000,25.635326904296875,-6.370939053493738,-7.449138778859377,0.30306869978467
1789222598613321000,25.645321044921875,-6.380601200330257,-7.441920518043637,0.2759185530578717
1789222598623316000,25.65531591796875,-6.376355233323574,-7.447163679394126,0.22856519266534595
1789222598633310000,25.66531005859375,-6.3812108566612,-7.444709271979332,0.16385578819913788
1789222598643305000,25.675304931640625,-6.384671810770034,-7.442787948527932,0.1061381423164159
1789222598653299200,25.68529931640625,-6.389643169441819,-7.438620307454467,0.09884923655041493
1789222598663294000,25.6952939453125,-6.402625985133647,-7.427267723312974,0.11158318291455506
1789222598673288200,25.7052880859375,-6.399855935898422,-7.4300757664710275,0.07867593396576121
1789222598683282200,25.7152822265625,-6.387469917055964,-7.441065947040915,0.033960591643338554
1789222598693277200,25.725277099609375,-6.381441742807627,-7.446268191859126,0.025958633104001635
1789222598703271000,25.73527099609375,-6.361447002527117,-7.463377147570252,0.019464170217898206
1789222598713266200,25.74526611328125,-6.325918008506298,-7.493531462815404,-0.011439367375802248
1789222598723260000,25.755260009765625,-6.313957521599531,-7.503593422624468,-0.020237771239166612
1789222598733255000,25.7652548828125,-6.314802155730128,-7.502909532013535,-0.0016305205290533195
1789222598743249000,25.775248779296874,-6.307070684695243,-7.509356808456778,-0.028134673385275526
1789222598753243000,25.785242919921874,-6.312237858200072,-7.504493586334585,-0.09279681377680972
1789222598763238000,25.79523779296875,-6.3343625962466,-7.485417714464664,-0.12148398821200243
1789222598773231900,25.80523193359375,-6.345671341246367,-7.475755567628145,-0.126173296805704
1789222598783227000,25.815226806640624,-6.337179991754889,-7.482327347233891,-0.1590671108841896
1789222598793221000,25.82522119140625,-6.315456820246577,-7.5000173177033655,-0.18744148391000925
1789222598803216000,25.8352158203125,-6.313889132538438,-7.501621245768666,-0.17566539539312942
1789222598813210000,25.845210205078125,-6.326163507699966,-7.491417247140407,-0.16943061092309653
1789222598823205000,25.855205078125,-6.332835240548849,-7.485240604332089,-0.19172049466976895
1789222598833199000,25.86519921875,-6.348055606034397,-7.471966696739196,-0.20567723342766983
1789222598843193000,25.875193115234374,-6.357859207168221,-7.463896787530183,-0.19560477049089967
1789222598853188000,25.88518798828125,-6.347434259265661,-7.4728972555875774,-0.19046598283033817
1789222598863182000,25.89518212890625,-6.33124651005268,-7.486409648111462,-0.1984142932199873
1789222598873177000,25.905177001953124,-6.3124108766794205,-7.502059637185931,-0.2072343266765587
1789222598883171000,25.915171142578124,-6.311226050809025,-7.502699104133248,-0.21981433372115716
1789222598893166000,25.925166015625,-6.319375454995035,-7.494830270454287,-0.2518041024988517
1789222598903160000,25.93516015625,-6.319253289920091,-7.493997326761484,-0.2782564031546004
1789222598913154000,25.945154052734374,-6.334580622911453,-7.481587342521548,-0.2633073471574113
1789222598923149000,25.955149169921874,-6.351579688507318,-7.467730082082748,-0.2466477426489815
1789222598933143000,25.96514306640625,-6.344848334425688,-7.472838803398608,-0.26452072326885534
1789222598943138000,25.975137939453123,-6.333955184489488,-7.481989493581652,-0.26688115052357314
1789222598953132000,25.985132080078124,-6.306590792223811,-7.505724004912376,-0.24779872104870154
1789222598963127000,25.995126953125,-6.280061097216606,-7.528717342486977,-0.2227662423293106
1789222598973121000,26.00512109375,-6.275477861079573,-7.533252063307166,-0.19718244987009093
1789222598983116000,26.015115966796873,-6.277541807872057,-7.532008785247802,-0.17802558518582953
1789222598993110000,26.025110107421874,-6.27395459703505,-7.535043622899055,-0.17605149036757647
1789222599003104000,26.03510400390625,-6.281116743749379,-7.5287266948372125,-0.19035808374276383
1789222599013099000,26.04509912109375,-6.293731895172596,-7.517815424722433,-0.20436945703104137
1789222599023093000,26.055093017578123,-6.305432269838452,-7.507951033312082,-0.20638132657641545
1789222599033088000,26.065087890625,-6.339978682562709,-7.479390709260105,-0.18374398109894244
1789222599043082000,26.07508203125,-6.335907487601041,-7.483137494572997,-0.1712205082808621
1789222599053077000,26.085076904296876,-6.280605287095904,-7.5299249647110695,-0.15684879551390185
1789222599063071000,26.095071044921873,-6.264467222243547,-7.544180284556746,-0.11036401638314128
1789222599073065000,26.10506494140625,-6.244903274595737,-7.560785382398962,-0.0780571992792189
1789222599083060000,26.11506005859375,-6.261062382236123,-7.547429641741513,-0.07610444407651666
1789222599093054000,26.125053955078126,-6.331773164275289,-7.488125804379582,-0.08371767272632569
1789222599103049000,26.135049072265623,-6.354929583457112,-7.468277779093384,-0.10045567623320967
1789222599113043000,26.14504296875,-6.373520302158593,-7.452447757276892,-0.09818719244510866
1789222599123038000,26.155037841796876,-6.3988599105983965,-7.43063106226623,-0.10345591749511658
1789222599133032200,26.1650322265625,-6.380581911107897,-7.445958395257592,-0.12754556240644305
1789222599143027000,26.17502685546875,-6.355794675853848,-7.467389305821061,-0.11119720667111686
1789222599153021200,26.185021240234374,-6.323289413568377,-7.495582550126314,-0.05146713868717197
1789222599163015200,26.19501513671875,-6.29047903085649,-7.523290056741237,0.019047918708849466
1789222599173010200,26.20501025390625,-6.295291399574279,-7.519038244515657,0.06134429368097335
1789222599183004200,26.215004150390627,-6.3058858588248485,-7.510028424108028,0.07523423711324576
1789222599192999200,26.224999267578124,-6.326888314843178,-7.49221278143227,0.08727593146348371
1789222599202993000,26.234992919921876,-6.35728345310688,-7.466576235872506,0.0745505154656712
1789222599212988200,26.24498828125,-6.371095705360174,-7.455085704565048,0.03491963680068729
1789222599222982000,26.25498193359375,-6.374678240022063,-7.452083015617728,0.01778919306024909
1789222599232976000,26.264975830078125,-6.355514689868688,-7.468274856483936,0.05182873854117934
1789222599242971000,26.274970947265626,-6.322983124098181,-7.494872940552234,0.13091460958127862
1789222599252964900,26.28496484375,-6.300226517888904,-7.5119468249499795,0.21949719406338408
1789222599262959900,26.2949599609375,-6.290856631997228,-7.518310514762997,0.26553402849724517
1789222599272954000,26.3049541015625,-6.298709099063277,-7.511538244149088,0.2710283515972085
1789222599282948900,26.314948974609376,-6.316027898132801,-7.4966364430934185,0.28039725110819563
1789222599292943000,26.324943115234376,-6.324231078332662,-7.488667656171321,0.3071453198401257
1789222599302937000,26.33493701171875,-6.333780996966362,-7.4795520373016595,0.3315141104863956
1789222599312932000,26.34493212890625,-6.343610317063331,-7.470471489745378,0.34790962069854137
1789222599322926000,26.354926025390625,-6.337333136489987,-7.474504106262326,0.3746802848547697
1789222599332921000,26.364921142578126,-6.324281931737065,-7.48313106483221,0.42024522746056314
1789222599342915000,26.3749150390625,-6.311600729340315,-7.4911185564547775,0.4660805845055729
1789222599352910000,26.38491015625,-6.2921227064102885,-7.504472543546557,0.5123137452291324
1789222599362904000,26.394904052734375,-6.268425019958615,-7.520294382056593,0.5677996317381039
1789222599372899000,26.404899169921876,-6.254921395263075,-7.528353769871592,0.6084723453229293
1789222599382893000,26.41489306640625,-6.262747558844089,-7.520353418767452,0.6266346460118889
1789222599392887000,26.424886962890625,-6.2846209524780505,-7.501047245272994,0.6389193233717233
1789222599402882000,26.434882080078125,-6.305150530287623,-7.482637143835425,0.6523877306234092
1789222599412875800,26.444875732421874,-6.319810923802852,-7.468282455268501,0.6746320764616132
1789222599422870500,26.45487060546875,-6.317413799533248,-7.467269478833675,0.7074963813178241
1789222599432864800,26.46486474609375,-6.290508256950974,-7.485433496555686,0.7537677186273037
1789222599442859800,26.47485986328125,-6.264128199547529,-7.501303265860677,0.8133413128413259
1789222599452853800,26.484853759765624,-6.245515269014239,-7.5108631213665005,0.8665311973676085
1789222599462847700,26.49484765625,-6.223740659579635,-7.526008083528279,0.8914256193231791
1789222599472842800,26.5048427734375,-6.216209679552913,-7.5318299215495585,0.8947956072129308
1789222599482836700,26.514836669921873,-6.25414865732491,-7.500784210422634,0.8912008706565946
1789222599492831700,26.524831787109374,-6.292590323922037,-7.47069068545401,0.8732005921289324
1789222599502825700,26.53482568359375,-6.3102779563039535,-7.456756852647661,0.864614842352271
1789222599512820700,26.54482080078125,-6.3281999819636345,-7.43833272268474,0.8918971823576837
1789222599522814700,26.554814697265623,-6.319253289920091,-7.440613527098297,0.9352543127208948
1789222599532809700,26.564809814453124,-6.293209332603216,-7.457097044387459,0.9785728646393865
1789222599542803700,26.5748037109375,-6.26270839587748,-7.479585939571261,1.0023288571495563
1789222599552797400,26.58479736328125,-6.24088877825737,-7.49598177857697,1.0158527209155261
1789222599562792400,26.59479248046875,-6.241328923240304,-7.4950103031963105,1.020304366562143
1789222599572786700,26.60478662109375,-6.251466286373138,-7.4894135061025615,0.9991202703665941
1789222599582781400,26.614781494140626,-6.286544614017009,-7.462768660283088,0.9781742937758564
1789222599592775700,26.624775634765626,-6.313543095579743,-7.441357623463869,0.9673387192457914
1789222599602770700,26.634770751953123,-6.311518896275758,-7.44325731960535,0.9659409082118421
1789222599612764700,26.6447646484375,-6.294315248018503,-7.457127439525723,0.9712009476318955
1789222599622758700,26.654758544921876,-6.259554900282621,-7.484379603588581,0.9861142929948866
1789222599632753700,26.664753662109376,-6.237202783221006,-7.499583017939329,1.0119020835936068
1789222599642747600,26.67474755859375,-6.230208978810906,-7.506191622424125,1.0059696248047054
1789222599652742700,26.68474267578125,-6.220553846237063,-7.517189986300468,0.9833395675845443
1789222599662736600,26.694736572265626,-6.2190802665531635,-7.517264220580458,0.9920443406309932
1789222599672731600,26.704731689453126,-6.221694832965731,-7.511056013590097,1.0222238633826375
1789222599682725600,26.7147255859375,-6.236438228589296,-7.50101685013473,1.005969186413288
1789222599692719600,26.7247197265625,-6.276824014991521,-7.475289703682065,0.9444053682301193
1789222599702714600,26.734714599609376,-6.306072905829549,-7.457662861576676,0.8871830133173614
1789222599712708600,26.74470849609375,-6.320353944638371,-7.447242589849234,0.8729700713086873
1789222599722703600,26.75470361328125,-6.311308468395471,-7.45208009300828,0.8968135959718376
1789222599732697600,26.764697509765625,-6.282106339308619,-7.469092018085718,0.9582243424851447
1789222599742692600,26.774692626953126,-6.2612447530657045,-7.479083250746131,1.0151441342547536
1789222599752686800,26.784686767578126,-6.240602947053313,-7.497872122368216,1.0035820720810442
1789222599762681600,26.794681640625,-6.2459215117275715,-7.498627324649691,0.9640717533390969
1789222599772675800,26.80467578125,-6.263429111367464,-7.485933847293257,0.9490165883526206
1789222599782669600,26.814669677734376,-6.274390650364756,-7.4771771248638625,0.9456341063074767
1789222599792664800,26.824664794921876,-6.29696897739768,-7.459255099204182,0.9370578550115227
1789222599802658600,26.834658447265625,-6.3224441949158905,-7.439194892472028,0.9249089328605681
1789222599812653600,26.844653564453125,-6.339487684175372,-7.427879717731475,0.8988183599229902
1789222599822647600,26.8546474609375,-6.3517445236802095,-7.420338800832629,0.8742448404848575
1789222599832642600,26.864642578125,-6.338263695338368,-7.43027625747919,0.8875825340289623
1789222599842636500,26.874636474609375,-6.299364932623505,-7.457308641311526,0.9364461528539657
1789222599852630500,26.884630615234375,-6.265318286114931,-7.479021291425823,0.9901618878852575
1789222599862625500,26.89462548828125,-6.244116508132219,-7.492271818143129,1.0233581281095743
1789222599872619500,26.90461962890625,-6.247358851054311,-7.489408829927444,1.0245269526932388
1789222599882614500,26.914614501953125,-6.28501375118792,-7.461820565778017,0.9950931337423622
1789222599892608800,26.92460888671875,-6.321434141090512,-7.437994284510612,0.9413261799804866
1789222599902603500,26.934603515625,-6.346155325371027,-7.423046890747547,0.8916676113855093
1789222599912597800,26.94459765625,-6.359924323004484,-7.413318692937493,0.8743268927451222
1789222599922592500,26.954592529296875,-6.353095353767276,-7.415454535922407,0.9053151015311479
1789222599932586800,26.964586669921875,-6.331769072622061,-7.426448808145523,0.9627812751371413
1789222599942580700,26.974580810546875,-6.307246041262149,-7.441525965768099,1.006347956597805
1789222599952575700,26.98457568359375,-6.291200915390252,-7.451420752316713,1.0331987002529204
1789222599962569700,26.99456982421875,-6.281908770909905,-7.458257320338487,1.0403886117570103
1789222599972564700,27.004564697265625,-6.27306027854383,-7.467303381103277,1.028822457930073
1789222599982558700,27.014558837890625,-6.278938815188408,-7.4638354127317665,1.018070396964997
1789222599992553700,27.0245537109375,-6.2924307494461535,-7.451297418197989,1.0265810356788336
1789222600002547700,27.034547607421874,-6.290552096092701,-7.449626270115375,1.0499530703727156
1789222600012541400,27.04454150390625,-6.289623875331879,-7.446054256847501,1.0804124329790472
1789222600022536700,27.05453662109375,-6.299712723147869,-7.4352102067500345,1.0962024150460958
1789222600032530400,27.064530517578124,-6.301534093356132,-7.434486568650603,1.090625126370415
1789222600042525700,27.074525634765624,-6.294816183277964,-7.438965759891271,1.0988479611188173
1789222600052519700,27.084519775390625,-6.294836057022214,-7.4365651284903285,1.1148672949623315
1789222600062514400,27.094514404296874,-6.30213498185873,-7.431441209605336,1.1077702493734658
1789222600072508700,27.1045087890625,-6.31381022208333,-7.4275301736414425,1.066758440027386
1789222600082503700,27.114503662109374,-6.323786257174611,-7.422030991703272,1.045735160416737
1789222600092497700,27.12449755859375,-6.305746742615104,-7.433038123407959,1.0760553337480872
1789222600102491600,27.13449169921875,-6.256652164578438,-7.467860430464148,1.1206006509825586
1789222600112486700,27.144486572265624,-6.205816880354285,-7.502320333948731,1.1719267874635755
1789222600122480600,27.154480712890624,-6.18227116959393,-7.514960035291313,1.2146155901111662
1789222600132475600,27.1644755859375,-6.205678933188318,-7.4937775465309615,1.2260640358425676
1789222600142469600,27.1744697265625,-6.2477896436870095,-7.4625582324028015,1.2023889996141195
1789222600152464600,27.184464599609374,-6.285528714972734,-7.438122879326343,1.1562171040911227
1789222600162458600,27.194458740234374,-6.32330285757184,-7.413725520172715,1.1058499488353728
1789222600172452600,27.20445263671875,-6.346233651304245,-7.398929517579078,1.073097652986273
1789222600182447600,27.214447509765623,-6.348447235700488,-7.393725519195199,1.0956411279015243
1789222600192441600,27.224441650390624,-6.320120720404386,-7.4107719310641285,1.1432053545657546
1789222600202436600,27.2344365234375,-6.26867694889307,-7.447431390419602,1.1873676638320088
1789222600212430600,27.2444306640625,-6.229147487059235,-7.473199453404545,1.2326366922311485
1789222600222425600,27.254425537109373,-6.205097333908081,-7.487180632483959,1.268571490573883
1789222600232419800,27.264419921875,-6.209176712176204,-7.485645678001641,1.2576244184933603
1789222600242413800,27.274413818359374,-6.252931098228693,-7.4576885805398225,1.2058668317925185
1789222600252408800,27.284408935546875,-6.313534327751397,-7.415522340461611,1.148782862437144
1789222600262402600,27.294402587890627,-6.374222897469997,-7.370050044575333,1.1054572962559759
1789222600272397800,27.304397705078124,-6.406665031391382,-7.347090609270333,1.070179792778194
1789222600282391600,27.3143916015625,-6.398070221525431,-7.356542328226566,1.056583813624084
1789222600292386600,27.324386474609376,-6.369961148372292,-7.378140412050485,1.0756505523394793
1789222600302380500,27.334380615234377,-6.330741483139992,-7.406456990474462,1.1119807797405867
1789222600312375600,27.34437548828125,-6.295168065455556,-7.430116098481416,1.1552626529105008
1789222600322369500,27.35436962890625,-6.2718433039695025,-7.446682033357024,1.1752864731550217
1789222600332363500,27.364363525390626,-6.259747792506218,-7.460781285858154,1.1500817431412635
1789222600342358500,27.374358642578127,-6.2569444255232805,-7.469625686571002,1.1071236220329999
1789222600352352500,27.3843525390625,-6.254753637480736,-7.476533566263318,1.072328933636099
1789222600362347500,27.394347412109376,-6.2676499439328905,-7.468369549030065,1.0537574310917406
1789222600372341800,27.404341796875,-6.299499957180023,-7.444353882670402,1.0335749131541698
1789222600382336500,27.41433642578125,-6.334000777196883,-7.420912801328301,0.9903945275973528
1789222600392330800,27.424330810546873,-6.366560984539985,-7.400079272136092,0.9360114146985113
1789222600402324700,27.43432470703125,-6.385676019376516,-7.388025846248865,0.9003334406610578
1789222600412319700,27.44431982421875,-6.367278192898631,-7.404626852437853,0.8942285479146986
1789222600422313700,27.454313720703126,-6.321803558924794,-7.441222598907351,0.9128963504403829
1789222600432308700,27.464308837890623,-6.2739750553011895,-7.478238616615533,0.9399778341114521
1789222600442302700,27.474302734375,-6.24062749697268,-7.504045258045196,0.9561728167828172
1789222600452297700,27.484297607421876,-6.24806904515028,-7.4985197726219885,0.9509064937524497
1789222600462291700,27.494291748046876,-6.278478211939334,-7.478248553487658,0.909335370023176
1789222600472286700,27.50428662109375,-6.322171223193407,-7.44972856144607,0.8378996347103267
1789222600482280700,27.51428076171875,-6.357181746298075,-7.427092951267957,0.7713078322973101
1789222600492274700,27.524274658203126,-6.363067297205329,-7.424669523513317,0.7456799084354192
1789222600502269700,27.534269775390626,-6.350559113287925,-7.4344678639501325,0.7546358797639608
1789222600512263400,27.544263427734375,-6.326468628126382,-7.454880537381768,0.7556076474055647
1789222600522258700,27.5542587890625,-6.29903760036528,-7.480326528805493,0.7329569127235561
1789222600532252700,27.564252685546876,-6.3008841050148,-7.48167735889256,0.7026778751201928
1789222600542247400,27.574247314453125,-6.300871245533227,-7.484317059746385,0.6741061528913677
1789222600552241700,27.58424169921875,-6.294235753041505,-7.490056480181217,0.6723382664360106
1789222600562235600,27.594235595703125,-6.289691095349192,-7.492259543183446,0.690083547289297
1789222600572230700,27.604230712890626,-6.286733999109268,-7.494338103023171,0.6944527022842317
1789222600582224600,27.614224609375,-6.2927288556098935,-7.491168240815401,0.6740516462251543
1789222600592219600,27.6242197265625,-6.315207229399681,-7.476269946891069,0.6276371010527014
1789222600602213600,27.634213623046875,-6.347289882358909,-7.454526901638507,0.5588681007310747
1789222600612208600,27.644208740234376,-6.364828461658954,-7.442454186528921,0.518858234969154
1789222600622202600,27.65420263671875,-6.357896032047272,-7.447256618374586,0.5347053905835375
1789222600632196600,27.664196533203125,-6.349720324376225,-7.451763866665959,0.5680229190999642
1789222600642191600,27.674191650390625,-6.340976461428403,-7.460038943058252,0.5569724962428212
1789222600652185600,27.684185546875,-6.323020533499121,-7.4780749504864215,0.5178782474884763
1789222600662180600,27.6941806640625,-6.314157428085804,-7.485870134407281,0.5133707434687763
1789222600672174600,27.704174560546875,-6.296852657541632,-7.498122882258891,0.5460595090949908
1789222600682169600,27.714169677734375,-6.276358735567331,-7.512984935826062,0.576853839276731
1789222600692163600,27.72416357421875,-6.271398482811451,-7.517240255182981,0.5753614452945068
1789222600702158600,27.73415869140625,-6.275170402565598,-7.515846754997968,0.5519699387151747
1789222600712152800,27.74415283203125,-6.286613587599993,-7.509509953191876,0.506097135736607
1789222600722146800,27.754146728515625,-6.297824717444181,-7.503078458839655,0.46000173951592294
1789222600732141800,27.764141845703126,-6.327548240056633,-7.478881590694189,0.44591457931138573
1789222600742135800,27.7741357421875,-6.366061802846193,-7.44515993835628,0.4617636711545288
1789222600752130800,27.784130859375,-6.364770009469986,-7.4449723068296905,0.4821443420127034
1789222600762124500,27.79412451171875,-6.339516910269856,-7.465988206851482,0.48983084139470007
1789222600772119800,27.804119873046876,-6.318758199879527,-7.483897373029589,0.48472310645952815
1789222600782113500,27.814113525390624,-6.277185249519348,-7.519185544031858,0.478728396089375
1789222600792107500,27.824107421875,-6.248468273600936,-7.541707172441482,0.49968767055310304
1789222600802102500,27.8341025390625,-6.278503346380591,-7.515080446800589,0.5237800554107874
1789222600812096500,27.844096435546874,-6.309521584978699,-7.49174808652997,0.4837511561548337
1789222600822091500,27.854091552734374,-6.331347632339597,-7.477505626165867,0.41393045482318847
1789222600832085500,27.86408544921875,-6.387475177752972,-7.431873171281814,0.3712183078326285
1789222600842080500,27.87408056640625,-6.400936132350564,-7.422464706945419,0.3246644637873396
1789222600852074500,27.884074462890624,-6.359199515861272,-7.459446822384,0.29600948372185226
1789222600862068700,27.89406884765625,-6.333836526545882,-7.478222834524511,0.3592799596924335
1789222600872063700,27.904063720703125,-6.301640476340055,-7.499683555704355,0.4630966002587229
1789222600882057700,27.9140576171875,-6.260071617633104,-7.532614934447407,0.49153395551815626
1789222600892052700,27.924052734375,-6.252639421805739,-7.542598568323254,0.42905360701195894
1789222600902046700,27.934046630859374,-6.263446647024154,-7.537124520826339,0.3624590281199664
1789222600912041700,27.944041748046875,-6.281136032971739,-7.523830154967308,0.3311778642693534
1789222600922035700,27.95403564453125,-6.299726167151332,-7.509873525807261,0.29262901097070426
1789222600932030700,27.96403076171875,-6.321150063452124,-7.493268427965044,0.25372246680818494
1789222600942024700,27.974024658203124,-6.345836176419258,-7.47289141036868,0.23798299108566714
1789222600952018700,27.984018798828124,-6.358209335780144,-7.462725990185141,0.22644936955515294
1789222600962013700,27.994013671875,-6.357374053999782,-7.463795080721378,0.2143509720150381
1789222600972007700,28.004007568359373,-6.34724955034852,-7.472449511820077,0.2128258082743734
1789222600982002700,28.014002685546874,-6.335008492934703,-7.482551219117641,0.22244577820328995
1789222600991996700,28.02399658203125,-6.316599560540914,-7.498253815162181,0.21712379772923884
1789222601001991700,28.03399169921875,-6.309549057507515,-7.504521058863401,0.20527833377057686
1789222601011985700,28.043985595703123,-6.317959742978215,-7.497749957293272,0.19369711023867128
1789222601021979600,28.053979736328124,-6.322751068907976,-7.494554376122355,0.1576994392601773
1789222601031974700,28.063974609375,-6.344777022755146,-7.4770689883142705,0.08736193837965837
1789222601041968600,28.07396875,-6.3900388907611365,-7.4389260124027725,0.012752170432353159
1789222601051963600,28.083963623046873,-6.425761361527442,-7.40806501019299,-0.023427566556690725
1789222601061957600,28.09395751953125,-6.421731667619944,-7.411594937884807,-0.002379626429882046
1789222601071952600,28.10395263671875,-6.377254812511802,-7.449758372062444,0.04577362605356611
1789222601081946600,28.113946533203126,-6.310361542934179,-7.506124402406812,0.08843767785239033
1789222601091940600,28.123940673828123,-6.247283447730541,-7.558533219558,0.10202537323534489
1789222601101935600,28.133935546875,-6.227411457046866,-7.575346991714834,0.06196773650867399
1789222601111929600,28.1439296875,-6.256650411012768,-7.551413158419728,-0.02942662659168709
1789222601121924600,28.153924560546876,-6.327230844670534,-7.4918229053318495,-0.09548652778482064
1789222601131918600,28.163918701171873,-6.371001012814045,-7.45457658599913,-0.10011204129415564
1789222601141913600,28.17391357421875,-6.395395449358224,-7.434017197573184,-0.06849943983235862
1789222601151907600,28.183907470703126,-6.421031410396099,-7.412026899561286,-0.050973144625150596
1789222601161902600,28.193902587890626,-6.376667952534556,-7.449760710150003,-0.09781018495941535
1789222601171896600,28.203896484375,-6.325169820487499,-7.492856924554705,-0.14034638172802513
1789222601181890800,28.213890869140624,-6.322552915987372,-7.495099150523543,-0.13857869620206764
1789222601191885800,28.2238857421875,-6.316348216128349,-7.500739202237129,-0.11420265383110381
1789222601201879800,28.2338798828125,-6.310412396338582,-7.506005744463205,-0.09462849531653336
1789222601211874800,28.243874755859373,-6.337535381063819,-7.483300576180219,-0.07911038899342529
1789222601221868800,28.253868896484374,-6.362862130022049,-7.461763867154717,-0.08027346882289275
1789222601231863800,28.26386376953125,-6.369532693827152,-7.455867794853448,-0.0972980433193501
1789222601241857800,28.27385791015625,-6.362382237550616,-7.461746331498026,-0.11323324254336767
1789222601251851500,28.2838515625,-6.341779009982943,-7.479156900504231,-0.12015966253937221
1789222601261846500,28.293846435546875,-6.318255511054396,-7.499224706020951,-0.10797865561656653
1789222601271840500,28.303840576171876,-6.296452844569087,-7.517879137608409,-0.08101754692215472
1789222601281835500,28.31383544921875,-6.299042276540399,-7.515923327365517,-0.05788154947385191
1789222601291829500,28.32382958984375,-6.327298064687848,-7.492092369922995,-0.06516230846601538
1789222601301824500,28.333824462890625,-6.358115227755904,-7.465569104656577,-0.10022161174900829
1789222601311818500,28.343818603515626,-6.368333839431405,-7.4562535793006415,-0.13780251506464555
1789222601321812700,28.353812744140626,-6.360941975614428,-7.462276492851972,-0.15244126300364733
1789222601331807500,28.363807373046875,-6.350100848126411,-7.471915843334793,-0.13069620845708996
1789222601341801700,28.3738017578125,-6.340934375852346,-7.480323021674156,-0.08779744372009299
1789222601351796700,28.383796630859376,-6.34389322565794,-7.478118789628148,-0.05606431658458896
1789222601361790700,28.393790771484376,-6.344105991625786,-7.478034618476033,-0.04131175584045704
1789222601371785700,28.40378564453125,-6.348638958880305,-7.474258607068657,-0.02505370417051017
1789222601381779700,28.41377978515625,-6.358129256281257,-7.4661735002905125,-0.028727065770875197
1789222601391773700,28.423773681640625,-6.3721969446003435,-7.453667069938779,-0.09135000336882658
1789222601401768700,28.433768798828126,-6.409003703472018,-7.421012170049548,-0.15370618663923813
1789222601411762400,28.443762451171875,-6.426677307328581,-7.405282685998082,-0.17319920620899645
1789222601421757400,28.45375732421875,-6.408782169675827,-7.421151286259293,-0.15627302318625153
1789222601431751200,28.463751220703124,-6.377486867702007,-7.449107799199223,-0.09402084827958605
1789222601441746400,28.473746337890624,-6.351675550097227,-7.47169781666994,-0.018082847952801965
1789222601451740200,28.483740234375,-6.357278192409873,-7.466954421535134,0.0009795276834294782
1789222601461735200,28.493735107421877,-6.376020302280783,-7.450751474753022,-0.05536058876202441
1789222601471729200,28.503729248046874,-6.403226289114356,-7.426516612684726,-0.12622717328425495
1789222601481723400,28.513723388671874,-6.435562040051818,-7.397931154191493,-0.15665953828580675
1789222601491718400,28.523718505859375,-6.426358158376813,-7.4060080776631825,-0.15280629692375658
1789222601501712400,28.53371240234375,-6.39581455155313,-7.432621943822503,-0.14164199276282452
1789222601511707400,28.543707275390624,-6.367039123445749,-7.45730104252696,-0.14093546106182037
1789222601521701400,28.553701416015624,-6.346905266955495,-7.474207753664254,-0.15297019138173198
1789222601531696400,28.5636962890625,-6.3524436118602745,-7.46910546208918,-0.17124242785172536
1789222601541690400,28.5736904296875,-6.388852311325073,-7.4377213127881285,-0.18238403612365944
1789222601551684400,28.583684326171873,-6.428892060768604,-7.403228676077723,-0.17872171422382815
1789222601561679400,28.593679443359374,-6.4391562651515,-7.3938506068795915,-0.19651680730190127
1789222601571673300,28.60367333984375,-6.428263115215301,-7.402028652638196,-0.2403828735679388
1789222601581668400,28.61366845703125,-6.401568585035204,-7.424137024071812,-0.26924587036091835
1789222601591662300,28.623662353515623,-6.3624780991405245,-7.458335646271705,-0.24997120624957606
1789222601601657300,28.6336572265625,-6.3455333940804,-7.474204246532916,-0.20216149865798652
1789222601611651300,28.6436513671875,-6.344923153227567,-7.475273921591043,-0.18063956707650794
1789222601621645600,28.6536455078125,-6.348128671270609,-7.472516731837391,-0.18206527076438067
1789222601631640300,28.663640380859373,-6.369820863118767,-7.454305367842316,-0.17054439911758526
1789222601641634600,28.673634521484374,-6.37436785889864,-7.450372120046615,-0.17256397704537957
1789222601651629600,28.683629638671874,-6.364693437102437,-7.457869782325625,-0.20307393732778728
1789222601661623600,28.69362353515625,-6.363431454342603,-7.4586933736681935,-0.21220044291764498
1789222601671618600,28.70361865234375,-6.3369473520427935,-7.481933964002132,-0.18481022209096698
1789222601681612300,28.7136123046875,-6.3181193174541,-7.498707988670468,-0.1453540081564337
1789222601691606300,28.723606201171876,-6.309262057259678,-7.506755101525783,-0.11058440853501669
1789222601701601300,28.733601318359376,-6.288245572715997,-7.524891646718978,-0.06597044194454793
1789222601711595300,28.74359521484375,-6.313789763817191,-7.503760595884919,-0.004485042167786741
1789222601721590300,28.75359033203125,-6.327323199129104,-7.492330270332098,0.018686713863775364
1789222601731584300,28.763584228515626,-6.3069122792631385,-7.509538010242581,0.009125019739780691
1789222601741579300,28.773579345703126,-6.32361966843605,-7.495445772004127,0.022607434396399183
1789222601751573200,28.7835732421875,-6.339520417401194,-7.481949746093154,0.035989088096527844
1789222601761567200,28.793567138671875,-6.335661403885483,-7.485184490230679,0.04246528239028994
1789222601771562200,28.803562255859376,-6.346227221563458,-7.475929755151271,0.07908641446279362
1789222601781556500,28.813556396484376,-6.333387029212713,-7.485978855478763,0.13677684354502706
1789222601791551200,28.82355126953125,-6.308408070778847,-7.5052306684374805,0.21421585612697525
1789222601801545500,28.83354541015625,-6.295960092616081,-7.512447760209441,0.3072428619304672
1789222601811540500,28.84354052734375,-6.256476808011532,-7.542866279348731,0.36338092873785643
1789222601821534500,28.853534423828126,-6.217291629570722,-7.5749711441397665,0.36808026553522794
1789222601831528400,28.863528564453127,-6.213980897587537,-7.57798552352488,0.3618799861229956
1789222601841523500,28.8735234375,-6.235491303128004,-7.559629782623052,0.3755552045257762
1789222601851517400,28.883517333984376,-6.26807956752181,-7.531054845523834,0.40594186722207815
1789222601861512400,28.893512451171876,-6.321950273919105,-7.484054609417915,0.4384770131891593
1789222601871506400,28.90350634765625,-6.349590560516715,-7.459369080972671,0.45924646416921167
1789222601881501400,28.91350146484375,-6.33512715087831,-7.469485985839366,0.4932932933408767
1789222601891495400,28.923495361328126,-6.314789296248555,-7.482076587343215,0.5588881206057965
1789222601901489200,28.9334892578125,-6.264973418200015,-7.518359614601731,0.6282992912884802
1789222601911484200,28.943484130859375,-6.217607271391153,-7.551507266443967,0.6974724884968251
1789222601921478100,28.95347802734375,-6.202554079166054,-7.557069576746225,0.7677288778319954
1789222601931473200,28.96347314453125,-6.202109842529892,-7.553158540782332,0.8087070771694183
1789222601941467400,28.97346728515625,-6.225611714148521,-7.53343034248352,0.8121438466850668
1789222601951462100,28.983462158203125,-6.263222190618515,-7.502569924795627,0.8086301394756883
1789222601961456400,28.993456298828125,-6.302309169381856,-7.469463774007559,0.8114151670843363
1789222601971450400,29.003450439453125,-6.3449289984464645,-7.432729495850205,0.8165729151736945
1789222601981445400,29.0134453125,-6.36630905560553,-7.413700385731458,0.8231230674695224
1789222601991439400,29.023439453125,-6.374530355983972,-7.404272047650814,0.8440991469375788
1789222602001434400,29.033434326171875,-6.386679058939218,-7.38984429384768,0.8780160295866429
1789222602011428400,29.043428466796875,-6.370473189547657,-7.396512519565224,0.9375784448195248
1789222602021423400,29.05342333984375,-6.332336643376946,-7.428390005341172,0.9438843400306999
1789222602031417300,29.063417236328124,-6.254414614784717,-7.495773688784241,0.9306231457889079
1789222602041412400,29.073412353515625,-6.135201959905028,-7.594478977686166,0.9238918647725135
1789222602051406300,29.08340625,-6.0349926961809395,-7.6661916302442545,0.9893230259083211
1789222602061400300,29.093400390625,-6.035773032903671,-7.643717932629585,1.1460391897521913
1789222602071395300,29.103395263671874,-6.1692334088444705,-7.527049701535701,1.2060117201559244
1789222602081389300,29.113389404296875,-6.317817704159021,-7.408862298050522,1.1680434432242064
1789222602091384300,29.12338427734375,-6.380709921401738,-7.36677321486175,1.089761129952222
1789222602101378600,29.133378662109376,-6.419060402584075,-7.349705760204792,0.9735861622679978
1789222602111373300,29.143373291015624,-6.449187829822302,-7.341230777326226,0.8274532056283205
1789222602121367600,29.153367431640625,-6.416174033492803,-7.371927528885006,0.8110358123779297
1789222602131361300,29.163361328125,-6.331836877161264,-7.42428958428502,0.9788549695163965
1789222602141356500,29.1733564453125,-6.252869723430275,-7.4635770540565245,1.1691944398902356
1789222602151350300,29.183350341796874,-6.2097740935474635,-7.490456293153763,1.2256230140767992
1789222602161345300,29.19334521484375,-6.234972832211851,-7.476511938953399,1.1820605703998357
1789222602171339300,29.20333935546875,-6.306970146930217,-7.426307938370108,1.114659497430548
1789222602181334300,29.213334228515624,-6.362780881479382,-7.39221277654469,1.0200962037041783
1789222602191328300,29.223328369140624,-6.415873589241504,-7.357564072489738,0.934451398840174
1789222602201322200,29.233322265625,-6.455936719560623,-7.324002579149603,0.9220846692200749
1789222602211317200,29.243317138671873,-6.450540997996926,-7.3209215642690655,0.9823490221772342
1789222602221311200,29.253311279296874,-6.414777026176452,-7.342893742102384,1.050206533677131
1789222602231306200,29.26330615234375,-6.382709570786356,-7.368058578497171,1.0691665240824222
1789222602241300200,29.27330029296875,-6.3626780056267975,-7.3862278569161885,1.0631820428453385
1789222602251295200,29.283295166015623,-6.36271073885262,-7.383646608251333,1.0807659225918351
1789222602261289500,29.29328955078125,-6.378622593733668,-7.367022221186756,1.100242411151901
1789222602271283500,29.303283447265624,-6.338077817377448,-7.403845346671343,1.0873014618404209
1789222602281278500,29.313278564453125,-6.245495395269989,-7.484755451163649,1.0689277468904852
1789222602291272400,29.3232724609375,-6.221759130373597,-7.503345000821351,1.0769988982085137
1789222602301267500,29.333267333984374,-6.3000166745305055,-7.438298820415139,1.0732627073548733
1789222602311261400,29.343261474609374,-6.375694139066338,-7.37895172843337,1.0353669842027127
1789222602321256400,29.35325634765625,-6.416099799212813,-7.348278357750177,1.003424324236065
1789222602331250400,29.36325048828125,-6.4417041960686445,-7.3245929462581865,1.012507867467031
1789222602341244400,29.373244384765623,-6.4291416516155,-7.334448569840192,1.02097642060481
1789222602351239400,29.383239501953124,-6.380944899201393,-7.372730077439546,1.0472747910741715
1789222602361233400,29.3932333984375,-6.325341669923067,-7.411976630678772,1.1059163651350885
1789222602371228400,29.403228515625,-6.2740387681871645,-7.447419115459919,1.1587769446417688
1789222602381222100,29.41322216796875,-6.2386272630661725,-7.4744737111240624,1.175648073009029
1789222602391216400,29.42321630859375,-6.250688872259855,-7.463859962651133,1.1790128002017737
1789222602401211100,29.433211181640626,-6.275816299253702,-7.444688813713192,1.1666724471319465
1789222602411205000,29.443205078125,-6.298817235612869,-7.428688111504912,1.1444954674415289
1789222602421200100,29.4532001953125,-6.33639497885704,-7.397799636766314,1.1371184358675033
1789222602431194000,29.463194091796876,-6.370633348545431,-7.370117264592647,1.1255170645967125
1789222602441189000,29.473189208984376,-6.3902539948165415,-7.355292035904526,1.111181007665023
1789222602451183000,29.48318310546875,-6.3900312919765705,-7.354190796664357,1.1197118854492902
1789222602461178000,29.49317822265625,-6.350481371876597,-7.386015090948343,1.1351438478589058
1789222602471172000,29.503172119140626,-6.307914149782061,-7.421395031887292,1.1417130701813847
1789222602481166000,29.513166015625,-6.290472601115703,-7.435040695402026,1.1491309452224523
1789222602491161000,29.5231611328125,-6.268719618991017,-7.45049428512156,1.1677655761308967
1789222602501155000,29.533155029296875,-6.265342836034297,-7.448619723421335,1.197468275151029
1789222602511150000,29.543150146484376,-6.288944076374173,-7.4263739893436425,1.2118321699377148
1789222602521143800,29.553143798828124,-6.314581206455826,-7.410324771818519,1.1762430432274937
1789222602531138000,29.563137939453124,-6.351057125937938,-7.388453716272116,1.1158890392255036
1789222602541132800,29.5731328125,-6.382272932934761,-7.369103119114041,1.064559468678385
1789222602551127000,29.583126953125,-6.371765567445754,-7.3808145996958014,1.0462087692778557
1789222602561122000,29.5931220703125,-6.346489671891927,-7.3996192534089085,1.0668082705184816
1789222602571116000,29.603115966796874,-6.316279827067255,-7.420033680406212,1.103674942883849
1789222602581111000,29.613111083984375,-6.2791007277518505,-7.444650235268473,1.1491183049365878
1789222602591105000,29.62310498046875,-6.245391934895515,-7.468273102918267,1.179135988190025
1789222602601099000,29.63309912109375,-6.24120558912158,-7.472480491480231,1.1746388229012488
1789222602611094000,29.643093994140624,-6.28426731673479,-7.443916075775027,1.1253802134092896
1789222602621088000,29.653087890625,-6.338990840569138,-7.407558814236522,1.0562463983632624
1789222602631083000,29.6630830078125,-6.370448055106401,-7.389488904538751,0.9915797918591648
1789222602641077000,29.673076904296874,-6.37990503475964,-7.38700760911703,0.94832049584724
1789222602651072000,29.683072021484374,-6.364596406468749,-7.400207282429933,0.9482834517724812
1789222602661066000,29.69306591796875,-6.3144076034545895,-7.435638661295175,1.0049434235621244
1789222602671060000,29.70306005859375,-6.274792216902971,-7.459661926439404,1.07275833802931
1789222602681055000,29.713054931640624,-6.286690744489431,-7.4480334479659795,1.083837512056902
1789222602691049200,29.72304931640625,-6.303909590315818,-7.440798820537328,1.0322937873024494
1789222602701044000,29.7330439453125,-6.322829394841194,-7.431234873378276,0.9843594852168113
1789222602711038200,29.7430380859375,-6.349540291634201,-7.411090495494007,0.9640781100146472
1789222602721033200,29.753033203125,-6.355066946101188,-7.40806501019299,0.950827948623523
1789222602731027200,29.763027099609374,-6.337002297100424,-7.426105693796277,0.9304513694185763
1789222602741021000,29.77302099609375,-6.335196124461293,-7.428276023572683,0.92541140248999
1789222602751016200,29.78301611328125,-6.330144686290621,-7.431588509121537,0.9333560048189014
1789222602761010000,29.793010009765624,-6.301548121881485,-7.455176305457949,0.9387382823791355
1789222602771005000,29.8030048828125,-6.2767854365468025,-7.472959214907884,0.9629270402833818
1789222602780999000,29.8129990234375,-6.263633694028854,-7.478672916379571,1.0033590039148925
1789222602790994000,29.822993896484373,-6.261729321712255,-7.479376096212864,1.0099806140117347
1789222602800988000,29.83298779296875,-6.286368088406324,-7.466567468044161,0.9499055730815976
1789222602810982000,29.84298193359375,-6.348002999064326,-7.425363935518265,0.8586138483718037
1789222602820977000,29.852976806640626,-6.387158951410651,-7.396777892503142,0.8137935135882347
1789222602830971000,29.862970947265627,-6.379350323486328,-7.40123954808712,0.834220507806167
1789222602840966000,29.8729658203125,-6.3400365502297875,-7.431312614789605,0.8659753901157528
1789222602850960100,29.882960205078124,-6.290021934738755,-7.469765387302637,0.8992339549865573
1789222602860954000,29.8929541015625,-6.254829040804505,-7.491512524208426,0.961635393037647
1789222602870949000,29.90294921875,-6.2235717327535145,-7.5121683587461705,1.0024328289806843
1789222602880943000,29.912943115234373,-6.2175394668519495,-7.520670814153552,0.9757563459139317
1789222602890938000,29.922938232421874,-6.244812089180946,-7.504863004168867,0.9218154968898743
1789222602900932000,29.93293212890625,-6.2726329930424685,-7.487168357524276,0.8756555110003799
1789222602910927000,29.942927001953127,-6.313479967215657,-7.455866625809669,0.8487727647718042
1789222602920921000,29.952921142578123,-6.339859440097213,-7.433638427388668,0.8471013244282454
1789222602930915000,29.9629150390625,-6.338223947849869,-7.432282336604595,0.8709115313436836
1789222602940910000,29.97291015625,-6.31347529104054,-7.4496572497755285,0.901678571659699
1789222602950904000,29.982904052734376,-6.2650318703889845,-7.488079627150297,0.9211031108368187
1789222602960899000,29.992899169921873,-6.230805191138386,-7.5148285178661345,0.9353085271261632
1789222602970893000,30.00289306640625,-6.212694949430227,-7.529126507809758,0.9407777523174882
1789222602980888000,30.01288818359375,-6.207232592371105,-7.534425783261656,0.934389366454631
1789222602990881800,30.0228818359375,-6.239141642329097,-7.510208456850052,0.9166597215618938
1789222603000876000,30.0328759765625,-6.28432459987998,-7.477358326649665,0.8756504694990813
1789222603010871000,30.04287109375,-6.318244989660382,-7.4550564784705635,0.819938665279746
1789222603020865000,30.052864990234376,-6.349585299819707,-7.4325015323132275,0.7817129795208573
1789222603030860000,30.062860107421876,-6.346811743453145,-7.4357310157537455,0.7734806462917476
1789222603040854000,30.07285400390625,-6.330270358496904,-7.447102889117598,0.7992027512431145
1789222603050848000,30.082847900390625,-6.297281112086773,-7.4699518497854465,0.8452611033890396
1789222603060843000,30.092843017578126,-6.252412042790651,-7.500639833515882,0.9045062693662941
1789222603070837000,30.1028369140625,-6.233195885667205,-7.511659240180253,0.9447931985039263
1789222603080832000,30.11283203125,-6.225429343318939,-7.521969621792435,0.9134449242338538
1789222603090826000,30.122825927734375,-6.229110077658295,-7.5291685933858155,0.8247432160172611
1789222603100821000,30.132821044921876,-6.251940333625674,-7.517982013460993,0.7507186332549899
1789222603110815000,30.14281494140625,-6.2778895983964205,-7.4969509158700705,0.7444607419040054
1789222603120809000,30.15280908203125,-6.325508843183517,-7.453088393267989,0.7808979368109256
1789222603130804000,30.162803955078125,-6.3727750367492435,-7.409510532826185,0.8107287191901356
1789222603140798200,30.172798095703126,-6.3867585539162155,-7.397709620395302,0.8084516411036252
1789222603150793000,30.18279296875,-6.383508612209558,-7.404099613693356,0.7749213466193526
1789222603160787200,30.192787109375,-6.3491492464900015,-7.4366937233060595,0.7444890181504189
1789222603170782200,30.2027822265625,-6.304164441859721,-7.4730691050231455,0.7623185432210564
1789222603180776200,30.212776123046876,-6.283845876452326,-7.486085822984576,0.8013711082581431
1789222603190770000,30.22277001953125,-6.29443156787455,-7.47580232937932,0.814182805166766
1789222603200765200,30.23276513671875,-6.312811274173855,-7.461560453537106,0.8024406371857971
1789222603210759000,30.242759033203125,-6.3307531735777856,-7.449004338824748,0.77735544189848
1789222603220754000,30.25275390625,-6.3427387949258085,-7.44251146967411,0.7409978150337934
1789222603230748000,30.262747802734374,-6.337434258776903,-7.449204829832911,0.7187927052274345
1789222603240742000,30.272741943359375,-6.33178836184442,-7.451853298515081,0.7407604991465806
1789222603250737000,30.28273681640625,-6.312396263632178,-7.463443783065676,0.7880673900488764
1789222603260731000,30.29273095703125,-6.282686769545078,-7.484572495812177,0.8242612777192145
1789222603270726000,30.302725830078124,-6.266466871628165,-7.496706585720181,0.8373561754833906
1789222603280720000,30.312719970703125,-6.2585629666358225,-7.504080913880467,0.8303916702330112
1789222603290715000,30.32271484375,-6.2656532171577215,-7.500500132784247,0.808997730679065
1789222603300709000,30.332709228515625,-6.299066241937876,-7.4756924392640585,0.778571905016154
1789222603310703000,30.342703125,-6.333267786747217,-7.449078573104739,0.7558622797537594
1789222603320698000,30.352697998046875,-6.346648661845922,-7.4374857504665846,0.7577827994875609
1789222603330692000,30.362692138671875,-6.337528951323032,-7.443913153165578,0.7708852229710668
1789222603340687000,30.37268701171875,-6.318276553842425,-7.458980958437919,0.7831829059429466
1789222603350681000,30.38268115234375,-6.310767201125621,-7.464029473999142,0.795526181622222
1789222603360676000,30.392676025390625,-6.300525793096423,-7.470922740644216,0.8118331733006984
1789222603370670000,30.402670166015625,-6.293152633979917,-7.4740318125754595,0.839923687883839
1789222603380664000,30.4126640625,-6.302279943287372,-7.4635577648341656,0.8642723855901508
1789222603390659000,30.4226591796875,-6.297353008279204,-7.467780350965261,0.8637021114215254
1789222603400653000,30.432653076171874,-6.288965119162201,-7.474847220611572,0.8636953163545579
1789222603410648800,30.44264892578125,-6.296916954949498,-7.467012289202213,0.873471810285747
1789222603420642800,30.452642822265624,-6.296518311020732,-7.4679779193639755,0.8680763079177588
1789222603430636800,30.46263671875,-6.300986396345496,-7.465233004570007,0.8592173672229051
1789222603440631800,30.4726318359375,-6.316057708749175,-7.45332746272087,0.851889435487613
1789222603450625800,30.482625732421877,-6.321761473348737,-7.449633868899941,0.841826014373824
1789222603460620800,30.492620849609374,-6.323043914374709,-7.448105928680301,0.8457002254586666
1789222603470614800,30.50261474609375,-6.329090793323516,-7.439365572863816,0.8768293770853429
1789222603480609800,30.51260986328125,-6.335948988655209,-7.4287716981351375,0.9162332397781312
1789222603490604000,30.52260400390625,-6.325595352423191,-7.435044202533364,0.9366673213239759
1789222603500598000,30.532597900390623,-6.315199046093225,-7.444084418079257,0.9350150971375405
1789222603510593000,30.542593017578124,-6.313441388770937,-7.447461201035976,0.9198756879337131
1789222603520587000,30.5525869140625,-6.321261707133054,-7.440793559840321,0.9201270323462784
1789222603530582000,30.56258203125,-6.328720790967345,-7.431034382370114,0.9473159219145775
1789222603540575700,30.57257568359375,-6.34370617865324,-7.415811678797006,0.966187941775471
1789222603550569700,30.58256982421875,-6.374319343581796,-7.392620188301802,0.942131431948766
1789222603560564700,30.592564697265626,-6.380797599685192,-7.389775904786586,0.9203382639441638
1789222603570558700,30.602558837890626,-6.373104707095027,-7.392357153451442,0.9523550120603292
1789222603580553700,30.6125537109375,-6.361950275874137,-7.398039875262976,0.9823328747600316
1789222603590547700,30.622547607421875,-6.336445832261443,-7.420628723689913,0.9767839353960007
1789222603600542700,30.632542724609376,-6.314273747941852,-7.438381238001584,0.9853010038506239
1789222603610536700,30.64253662109375,-6.300089155244827,-7.446551100453734,1.0139696105826645
1789222603620531000,30.652531005859377,-6.291197408258914,-7.451915842357278,1.0296447340983896
1789222603630526000,30.66252587890625,-6.296488500404357,-7.447980256474017,1.0257705960787833
1789222603640520000,30.67252001953125,-6.31778146380186,-7.43124714833796,1.0161609831470995
1789222603650515000,30.682514892578126,-6.344234586441517,-7.414618669620156,0.9718546623002737
1789222603660509000,30.692509033203127,-6.3748991892963645,-7.395133632427454,0.9181720258209853
1789222603670503000,30.7025029296875,-6.381967227986455,-7.387763980442285,0.9283436565496027
1789222603680498000,30.712497802734376,-6.3543561674833295,-7.406541746148466,0.9673089086294173
1789222603690492000,30.722491943359376,-6.324960561650991,-7.429464941096305,0.9840301801972091
1789222603700487000,30.73248681640625,-6.297693784540892,-7.452626620975137,0.9837660493683069
1789222603710481000,30.74248095703125,-6.296317820012569,-7.451794846326112,0.9987617392525077
1789222603720475000,30.752474853515626,-6.317972602459788,-7.43258862607479,1.0051032172337173
1789222603730470000,30.762469970703126,-6.31327012385726,-7.4404744108885525,0.9758790224455296
1789222603740463900,30.7724638671875,-6.305612887102365,-7.452187060514092,0.9351724796563387
1789222603750459000,30.782458984375,-6.3156339303791516,-7.44637106771171,0.9136297792814672
1789222603760452900,30.792452880859376,-6.321154739627242,-7.445155262181163,0.8849037432737648
1789222603770448000,30.80244775390625,-6.351432973513007,-7.421638777515292,0.8654236745171249
1789222603780441900,30.81244189453125,-6.391781350514292,-7.388526781508326,0.8515759125590324
1789222603790435800,30.822435791015625,-6.402053153681755,-7.38281249551475,0.8235181312017142
1789222603800430800,30.832430908203126,-6.405407140284776,-7.385134800982475,0.775192857037112
1789222603810424800,30.8424248046875,-6.413609735962748,-7.380524092316627,0.7509018078021704
1789222603820419800,30.852419921875,-6.370831501466036,-7.416587339344621,0.7596866603475063
1789222603830413800,30.862413818359375,-6.305591259792447,-7.471576820638775,0.765143318318203
1789222603840407800,30.87240771484375,-6.272801919868588,-7.501842779564857,0.7380370655320584
1789222603850402800,30.88240283203125,-6.275631005814671,-7.503601021409034,0.6948466700378805
1789222603860396800,30.892396728515624,-6.305781813928484,-7.481008665850758,0.6648318363286554
1789222603870391800,30.902391845703125,-6.331847398555278,-7.463713832178711,0.6091544823681936
1789222603880385800,30.9123857421875,-6.351183967188001,-7.452627790018916,0.5396068258242681
1789222603890380800,30.922380859375,-6.372841672244667,-7.436302093639969,0.5086027618819847
1789222603900374800,30.932374755859374,-6.400986401233077,-7.411597275972366,0.5157432082211598
1789222603910369000,30.942369140625,-6.409829632902145,-7.406378664541244,0.4796148600677028
1789222603920363800,30.95236376953125,-6.386099213224649,-7.431103355953097,0.40843657011464235
1789222603930358000,30.96235791015625,-6.3625494108110665,-7.4524243764013045,0.38692137880120425
1789222603940353000,30.97235302734375,-6.336760889559984,-7.472952785167098,0.4133122498596087
1789222603950347000,30.982346923828125,-6.307008140853047,-7.497375863283872,0.4258934624806046
1789222603960341000,30.992341064453125,-6.295601196175813,-7.508409882995486,0.3994530166594311
1789222603970336000,31.0023359375,-6.302703721657395,-7.505313086023926,0.3414435299569741
1789222603980329700,31.012329833984374,-6.321659766539931,-7.492182386294007,0.27242289296183736
1789222603990325000,31.022324951171875,-6.361221377077698,-7.460313083824515,0.2213173221626319
1789222604000318700,31.032318603515623,-6.395491895470022,-7.4321093181252476,0.1784022912774235
1789222604010312700,31.042312744140624,-6.3955936022788284,-7.4327002697557205,0.14741446608388795
1789222604020307700,31.0523076171875,-6.383908425182104,-7.442990193101763,0.13412507779407315
1789222604030301700,31.0623017578125,-6.3646174492567775,-7.459364989319443,0.14109701743223704
1789222604040296700,31.072296630859373,-6.338402227026224,-7.481028539595007,0.17103607335835694
1789222604050291000,31.082291015625,-6.287048471885919,-7.523823725226521,0.1883757142865099
1789222604060285700,31.09228564453125,-6.220629834082723,-7.5790370784044265,0.1798506817211397
1789222604070280000,31.102280029296875,-6.1884162482202045,-7.605659127870202,0.16683261205283925
1789222604080274000,31.11227392578125,-6.202669814500212,-7.594585945191979,0.13973737385105342
1789222604090269000,31.12226904296875,-6.2573582670211785,-7.550555080285668,0.07048427067375741
1789222604100263000,31.132262939453124,-6.320208983209729,-7.498356106492877,0.0027486345565601368
1789222604110258000,31.1422578125,-6.356072323751449,-7.467945186138152,-0.023194335472839882
1789222604120252000,31.152251953125,-6.370811043199897,-7.455366275072097,-0.025886561098345553
1789222604130246000,31.162245849609373,-6.352206880494951,-7.471154211312532,-0.04137865619736258
1789222604140241000,31.172240966796874,-6.315607626894116,-7.502177710607647,-0.028435298016376325
1789222604150235000,31.18223486328125,-6.308852891936898,-7.507905440604686,0.01042647428101045
1789222604160230000,31.19222998046875,-6.301895327883958,-7.51375416663289,-0.002340847198468691
1789222604170223900,31.202223876953123,-6.280908069434761,-7.531199806952476,-0.04008255653879605
1789222604180217900,31.2122177734375,-6.288962781074643,-7.5244696219146245,-0.04093287149150856
1789222604190212900,31.222212890625,-6.299916721287369,-7.515292628246545,-0.042524410432693546
1789222604200206800,31.232206787109376,-6.3099430252611635,-7.506521292769908,-0.08446700238944031
1789222604210201900,31.242201904296873,-6.344580038878322,-7.476573898273706,-0.13242102295570074
1789222604220195800,31.25219580078125,-6.369281349414587,-7.455259892088175,-0.14746235121306964
1789222604230189800,31.26218994140625,-6.363118735131621,-7.460814019083976,-0.13179325557933189
1789222604240184800,31.272184814453126,-6.351569751635194,-7.471124400696158,-0.10124980401927605
1789222604250178800,31.2821787109375,-6.362799586179852,-7.461917596411705,-0.07029040576920378
1789222604260173800,31.292173828125,-6.366994699782133,-7.458356104537844,-0.06835959753682837
1789222604270167800,31.302167724609376,-6.3743351256728165,-7.451853298515081,-0.09013314752550795
1789222604280162800,31.312162841796876,-6.401698933416605,-7.427934662789106,-0.12008028629338369
1789222604290156800,31.32215673828125,-6.416626453435421,-7.4144316226154565,-0.15330264733964577
1789222604300150800,31.33215087890625,-6.406555141276121,-7.422848737826943,-0.16656983293080702
1789222604310145800,31.342145751953126,-6.393250254023075,-7.434372002360225,-0.1638712414965965
1789222604320139800,31.352139892578126,-6.371129607629776,-7.453502819287777,-0.15615606400938703
1789222604330134800,31.362134765625,-6.343014104735851,-7.4780889790117735,-0.1213989311438985
1789222604340129000,31.37212890625,-6.352274685034155,-7.470877147936821,-0.07054101039625238
1789222604350123000,31.382123046875,-6.36934915395379,-7.456404970470071,-0.06161171244550496
1789222604360118000,31.392117919921876,-6.374473072838783,-7.451795430848002,-0.08491075496841222
1789222604370112000,31.402112060546877,-6.388052685379981,-7.440020237380266,-0.09626857240744865
1789222604380107000,31.41210693359375,-6.408543684744835,-7.422284089681506,-0.10322297638892196
1789222604390101000,31.42210107421875,-6.417458812606334,-7.414512871158123,-0.1077631131697446
1789222604400094700,31.4320947265625,-6.390370899194479,-7.438111188888549,-0.08970427285525948
1789222604410089700,31.44208984375,-6.3442082829564805,-7.47787153686881,-0.05336488946673926
1789222604420083700,31.452083740234375,-6.305527546906471,-7.51064100304842,-0.03119682601842796
1789222604430078700,31.46207861328125,-6.283748261296749,-7.528886269313096,-0.027461356683995106
1789222604440072700,31.47207275390625,-6.292889599129557,-7.521297421619296,0.00026255946253058934
1789222604450066700,31.482066650390625,-6.311026144322753,-7.50605192169249,0.02262478510671062
1789222604460061700,31.492061767578125,-6.323116979610919,-7.495884747943282,0.017065093736513517
1789222604470056000,31.502055908203126,-6.325889951455593,-7.493536138990521,0.020442952122178393
1789222604480050700,31.51205078125,-6.327966173207759,-7.491516031339764,0.06649087192234583
1789222604490045000,31.522044921875,-6.328790349072218,-7.490336466166377,0.1079271080924198
1789222604500040000,31.5320400390625,-6.312005218487978,-7.504307708373665,0.11972286029099487
1789222604510034000,31.542033935546876,-6.289125278159975,-7.523203547501564,0.13673588134697637
1789222604520028000,31.55202783203125,-6.276421863931417,-7.5332053015559906,0.16654679911509154
1789222604530023000,31.56202294921875,-6.266833951374888,-7.540581383281946,0.19188852644674478
1789222604540017000,31.572016845703125,-6.258862826365232,-7.546116221055388,0.23055253055766223
1789222604550012000,31.582011962890626,-6.260767783203721,-7.5430743691414595,0.2742019035994075
1789222604560005600,31.592005615234374,-6.260333483439684,-7.542596230235695,0.29640237376326695
1789222604569999600,31.60199951171875,-6.2684408020496365,-7.535435837087035,0.3069737261328846
1789222604579994600,31.61199462890625,-6.281456935489177,-7.523709743458032,0.327844043671526
1789222604589988600,31.621988525390623,-6.281617679008841,-7.521806540185213,0.3661903966680169
1789222604599983600,31.631983642578124,-6.274581789022684,-7.525437590163945,0.4096215055828914
1789222604609977600,31.6419775390625,-6.2544099386096,-7.539700508794188,0.4534940746549517
1789222604619971800,31.651971923828125,-6.228141524887085,-7.560005630198121,0.47638687446452677
1789222604629966800,31.661966796875,-6.207399765631556,-7.578871074187755,0.4464174507996067
1789222604639960800,31.6719609375,-6.217542389461398,-7.572699107554555,0.4084000009639188
1789222604649955800,31.681955810546874,-6.237981366378069,-7.554311802470684,0.4362856771573424
1789222604659949800,31.69194970703125,-6.256379192855954,-7.533778717529773,0.519881659732759
1789222604669943800,31.70194384765625,-6.255208395510912,-7.531511941641568,0.564863505220972
1789222604679938800,31.711938720703124,-6.229022983896732,-7.553982132124901,0.5540871135322377
1789222604689932800,31.721932861328124,-6.212369955259561,-7.568980379292369,0.5360869446024298
1789222604699927800,31.731927734375,-6.205599438211322,-7.574404157906771,0.5378930076437071
1789222604709921800,31.741921875,-6.218520879104733,-7.561105115872621,0.5745199164364486
1789222604719915800,31.751915771484374,-6.246183377534151,-7.53473674890697,0.6191357416238635
1789222604729910800,31.761910888671874,-6.264058056920766,-7.519209509429335,0.6272651990003884
1789222604739904800,31.77190478515625,-6.2818754531621925,-7.507745281606912,0.584976793847233
1789222604749899800,31.781899658203123,-6.284394157984853,-7.510608269822597,0.5172492288699373
1789222604759894000,31.79189404296875,-6.281046601122617,-7.5155708606660365,0.484803441686742
1789222604769887700,31.8018876953125,-6.269593479216098,-7.522721316942572,0.5208113052656874
1789222604779882800,31.8118828125,-6.241209096252918,-7.541031465137005,0.5920643044227734
1789222604789876700,31.821876708984377,-6.217257727301121,-7.556103946584463,0.6491399808738381
1789222604799871700,31.831871826171874,-6.204750127905607,-7.56644063168168,0.6484164158396423
1789222604809865700,31.84186572265625,-6.213380593606829,-7.562122183960676,0.6153133337914943
1789222604819859700,31.851859619140626,-6.250851369345188,-7.53346833640635,0.5865969058623537
1789222604829854700,31.861854736328127,-6.277243701708317,-7.514057533493638,0.5527545132216066
1789222604839848700,31.8718486328125,-6.289048121270537,-7.506236046087741,0.5240913863822817
1789222604849843700,31.88184375,-6.295584245041012,-7.500099735289812,0.5334016875738278
1789222604859837700,31.891837646484376,-6.27611908159256,-7.515592487975955,0.544597400653176
1789222604869831700,31.901831787109376,-6.247428409159183,-7.540972428426146,0.5232128865147009
1789222604879826700,31.91182666015625,-6.230272691696882,-7.556679116123914,0.500679531134665
1789222604889821000,31.921821044921874,-6.2021665411531925,-7.579219449234008,0.5088723726036026
1789222604899815700,31.931815673828126,-6.171474465769529,-7.602258379516005,0.537547482141666
1789222604909810000,31.941809814453126,-6.1672238225877285,-7.6037775519073,0.5641812585778534
1789222604919804000,31.951803955078127,-6.192925834599137,-7.582960389328003,0.5628287479903549
1789222604929799000,31.961798828125,-6.2469046775460235,-7.541631769117712,0.5199642965149134
1789222604939793000,31.97179296875,-6.315531054526567,-7.489293679115176,0.44152339514773337
1789222604949788000,31.981787841796876,-6.363264865604043,-7.453205297645926,0.35912484219595786
1789222604959782000,31.991781982421877,-6.378549528497457,-7.440812264540791,0.344690183728002
1789222604969777000,32.00177685546875,-6.371545202693342,-7.443428584519029,0.4112926901981234
1789222604979770600,32.0117705078125,-6.32736762279272,-7.476370484656095,0.48855150564126665
1789222604989764600,32.0217646484375,-6.257478094008564,-7.533017085507511,0.5176811540137977
1789222604999759600,32.031759521484375,-6.204429809910058,-7.577268899688124,0.5103275763805956
1789222605009753600,32.04175366210937,-6.1896729702830315,-7.58977123838663,0.5036907321820036
1789222605019747800,32.051747802734376,-6.207437759554386,-7.575805841398239,0.4952458887133747
1789222605029742600,32.06174267578125,-6.21196137445867,-7.573072032520175,0.48010125534515824
1789222605039736800,32.07173681640625,-6.232808932176232,-7.555916315057873,0.4802060308938846
1789222605049731800,32.08173193359375,-6.281411342781782,-7.515726928010582,0.4776132013890892
1789222605059725800,32.091725830078126,-6.314125863903761,-7.49156162404716,0.4227407706033438
1789222605069719800,32.1017197265625,-6.340526379573345,-7.471454071041941,0.3814305993651971
1789222605079714800,32.11171484375,-6.3492421854704615,-7.463273687195778,0.3963088003495708
1789222605089708800,32.121708740234375,-6.316614173588157,-7.488962839725613,0.43152949560619885
1789222605099703800,32.131703857421876,-6.277465235504508,-7.520559170472621,0.45278936045169826
1789222605109697800,32.14169775390625,-6.253572903263568,-7.541270534589886,0.43869898537676777
1789222605119691800,32.15169189453125,-6.244867034238577,-7.549902169334888,0.41352249507680533
1789222605129686800,32.161686767578125,-6.239969909846782,-7.554130016162991,0.4102249879013747
1789222605139680800,32.1716806640625,-6.234978677430749,-7.557911288267373,0.41642709394451227
1789222605149675800,32.18167578125,-6.2495724354505535,-7.5455357908189296,0.42204011152070015
1789222605159669800,32.191669677734374,-6.274044028884172,-7.526815892779827,0.3921786417422816
1789222605169663700,32.20166381835938,-6.316631709244847,-7.493765856093168,0.3376769439650699
1789222605179659000,32.21165893554687,-6.359089625746011,-7.458989141744375,0.3095824838591739
1789222605189652700,32.22165283203125,-6.359288363188504,-7.458592251381278,0.3150275244573131
1789222605199647700,32.231647705078124,-6.337815367048979,-7.4755433861821885,0.34458193758055566
1789222605209641700,32.24164184570313,-6.301711788010597,-7.503762349450588,0.39034952661897987
1789222605219635700,32.2516357421875,-6.257616041174531,-7.537702612975239,0.4423366477593779
1789222605229630700,32.261630615234374,-6.242647020101547,-7.549015449628233,0.4605484501458704
1789222605239624700,32.27162475585938,-6.2524465295821425,-7.542248439711332,0.43792595517765726
1789222605249619700,32.28161962890625,-6.283496332362294,-7.517515564993023,0.41835360502768304
1789222605259613700,32.29161376953125,-6.31638387196362,-7.489618673285841,0.4234344519559294
1789222605269607700,32.30160766601563,-6.341237158191204,-7.467093537744879,0.44901733109969644
1789222605279602700,32.31160278320313,-6.356545786482095,-7.452441912057996,0.4752031811052933
1789222605289596700,32.3215966796875,-6.3618146667957305,-7.449049931532144,0.4575482819491997
1789222605299591700,32.331591796875,-6.3640738438993685,-7.450226574096083,0.40382977043893187
1789222605309586000,32.3415859375,-6.355434610369801,-7.457668122273683,0.40251448658928274
1789222605319580000,32.351579833984374,-6.314988618212938,-7.487376447317004,0.48010443368293343
1789222605329575000,32.361574951171875,-6.274609846073389,-7.514649069646,0.5742017903979867
1789222605339569000,32.37156884765625,-6.2516901582568885,-7.528963426202536,0.6336146410923451
1789222605349564000,32.38156396484375,-6.23232728613913,-7.54307261557579,0.6561574584204704
1789222605359558000,32.391557861328124,-6.2487090966194865,-7.530158773466944,0.6486356115482748
1789222605369551600,32.401551513671876,-6.297800167524814,-7.494025383812189,0.5896470872132107
1789222605379547000,32.411546875,-6.339492944872379,-7.4631082675009965,0.5321863204346969
1789222605389540600,32.42154052734375,-6.3542620594590895,-7.44954326800704,0.5459258362453431
1789222605399535900,32.431535888671874,-6.344689344471693,-7.454276726269722,0.5908186152106151
1789222605409529600,32.441529541015626,-6.327547071012854,-7.4664716064542525,0.6199470580067485
1789222605419523800,32.45152392578125,-6.301601897895336,-7.48835318339467,0.6203009129457175
1789222605429518600,32.4615185546875,-6.292438932752609,-7.4951184397459025,0.6315004254173487
1789222605439512600,32.4715126953125,-6.294947116181254,-7.4909034523993725,0.6560347818888723
1789222605449507800,32.4815078125,-6.296299699833988,-7.489667773124575,0.6571677314415574
1789222605459501600,32.49150146484375,-6.300784736293554,-7.486976049822569,0.6447291056290269
1789222605469495600,32.50149560546875,-6.303536665350198,-7.484687062102556,0.6444152173742651
1789222605479490600,32.511490478515626,-6.308138021665811,-7.478924260792136,0.6659382632005959
1789222605489484500,32.52148461914062,-6.300533391880989,-7.485617036429047,0.6627213469807058
1789222605499479600,32.5314794921875,-6.281034910684824,-7.505333544290066,0.6236627905942499
1789222605509473500,32.5414736328125,-6.2735267270118,-7.513525034052133,0.6001600421927868
1789222605519467500,32.55146752929687,-6.284549640807509,-7.504134105372429,0.6023241248914971
1789222605529462500,32.56146264648437,-6.31140432998538,-7.482034501767158,0.5964260432962328
1789222605539456500,32.57145654296875,-6.339632061082124,-7.4595198876202105,0.5788060327904299
1789222605549451500,32.581451416015625,-6.35256343884766,-7.448920752194524,0.5734921442912891
1789222605559445500,32.59144555664062,-6.349031757590175,-7.4517615285784,0.5756908599119633
1789222605569439700,32.601439697265626,-6.3369268937766545,-7.4639581623286,0.5505164154386147
1789222605579434800,32.611434814453126,-6.32440351229012,-7.47595138246119,0.531468235293217
1789222605589428700,32.6214287109375,-6.3182724621891975,-7.480113762837648,0.5456308353541418
1789222605599423700,32.631423828125,-6.309439751914144,-7.486056012368202,0.5659714299302547
1789222605609417700,32.641417724609376,-6.308651231884956,-7.48639503506422,0.5702599209044128
1789222605619411700,32.65141162109375,-6.332708983820677,-7.468015913286805,0.5439857350282371
1789222605629406700,32.66140673828125,-6.354397668537497,-7.453090146833658,0.49341407017633315
1789222605639400700,32.671400634765625,-6.371744524657726,-7.440227742651104,0.4628981916097924
1789222605649394400,32.68139453125,-6.38152766752541,-7.432016963666677,0.46001478166058657
1789222605659389400,32.69138940429688,-6.360904566213488,-7.448513924959301,0.47845476677976545
1789222605669383400,32.701383544921875,-6.345290232974291,-7.45974434402585,0.5097977438202127
1789222605679378400,32.71137841796875,-6.335679524064064,-7.466408478090167,0.5313222509512677
1789222605689372400,32.72137231445313,-6.307678587460518,-7.4896911540001625,0.5367548704592511
1789222605699366700,32.73136669921875,-6.299070333591104,-7.498188348710537,0.518908138525486
1789222605709361700,32.741361572265625,-6.323123993873596,-7.480006210809946,0.4878460242530331
1789222605719355600,32.75135571289063,-6.349437415781617,-7.458087808990478,0.4816306934021413
1789222605729350700,32.7613505859375,-6.361522990372777,-7.446676772660017,0.4984188196610659
1789222605739344600,32.7713447265625,-6.343289414545893,-7.462344881913065,0.49646264409199353
1789222605749338600,32.78133862304688,-6.2953609576791525,-7.504342195165157,0.4729246417140588
1789222605759333600,32.79133374023438,-6.27112083491385,-7.5249471762984985,0.46754254681691526
1789222605769327600,32.80132763671875,-6.330127150633931,-7.474520472875237,0.4810533684382215
1789222605779322600,32.811322509765624,-6.42356648183167,-7.39439538128078,0.48072903185468163
1789222605789316600,32.82131665039063,-6.481797137004136,-7.344164492690563,0.4689877041239291
1789222605799310600,32.831310546875,-6.503385868477821,-7.324667765060067,0.47497525410093366
1789222605809305600,32.8413056640625,-6.4787482708275315,-7.346587920445203,0.4731266670921817
1789222605819299600,32.85129956054688,-6.408340855649113,-7.409087338978051,0.4571471538024023
1789222605829294600,32.86129467773438,-6.319732597869634,-7.484388371416926,0.4640120711358264
1789222605839288800,32.871288818359375,-6.266151229807734,-7.527000601696968,0.5000056504610926
1789222605849282600,32.88128247070313,-6.2639405680209395,-7.526934550723433,0.5279160957695916
1789222605859277800,32.89127783203125,-6.305150530287623,-7.492788535493612,0.5230458228521049
1789222605869271600,32.901271484375,-6.377753994205594,-7.43264590921998,0.50041371980533
1789222605879266600,32.9112666015625,-6.425809876844286,-7.391195708456635,0.4995792417425662
1789222605889260500,32.92126049804688,-6.429895684853196,-7.385822198724746,0.5257875593082979
1789222605899254500,32.931254638671874,-6.407950979548692,-7.404107796999812,0.5364125963602214
1789222605909249500,32.94124951171875,-6.3836652640759945,-7.426199801820516,0.5203449298629537
1789222605919243500,32.951243408203126,-6.37072921013534,-7.438667069205641,0.5004301229508593
1789222605929237500,32.96123754882812,-6.382223248574137,-7.43020260772109,0.47926977295707907
1789222605939232500,32.971232421875,-6.401082262822985,-7.414641465973854,0.46863600460942834
1789222605949226500,32.9812265625,-6.404546724063158,-7.409951262331009,0.4947664711659774
1789222605959221500,32.991221435546876,-6.397243707573414,-7.4128054827183485,0.5440360769759863
1789222605969215700,33.0012158203125,-6.340328226652741,-7.45966894070208,0.5691701894389465
1789222605979209700,33.01120971679688,-6.268150879192352,-7.521077056866884,0.560424974784255
1789222605989204700,33.02120483398438,-6.256233646905422,-7.533845353025198,0.520678070807457
1789222605999198700,33.03119873046875,-6.2995098940521475,-7.500796485382318,0.47392906951624897
1789222606009193700,33.04119384765625,-6.3522869599938385,-7.457227977290749,0.45670478032976386
1789222606019187700,33.05118774414063,-6.3955450869619845,-7.417868026804924,0.4925656731860712
1789222606029181700,33.061181640625,-6.402842258232831,-7.407700853055715,0.547686744970642
1789222606039176700,33.0711767578125,-6.354855933699011,-7.447291689687967,0.5692514379816129
1789222606049170400,33.08117041015625,-6.2743608397483825,-7.515830388385057,0.5613171378510072
1789222606059165700,33.09116577148438,-6.223933551803231,-7.558845354247093,0.5448834875855595
1789222606069159400,33.10115942382812,-6.227696119207144,-7.557100556406378,0.5257510266901925
1789222606079153700,33.111153564453126,-6.262792567029595,-7.528139834859966,0.5243246106162667
1789222606089148400,33.1211484375,-6.3183145477652545,-7.4813044339269394,0.528557024021633
1789222606099142700,33.131142578125,-6.372657547849417,-7.436110954982042,0.5136804304724559
1789222606109137400,33.14113745117187,-6.392446536424756,-7.421570388454199,0.4767610050065443
1789222606119131600,33.151131591796876,-6.378073143157363,-7.435740952625871,0.4475837911652401
1789222606129125600,33.16112573242187,-6.3503258890539405,-7.460538124752044,0.4290830523021519
1789222606139120600,33.17112060546875,-6.309077932864427,-7.49523534412384,0.4328549720562994
1789222606149114600,33.181114501953125,-6.258856396624446,-7.534401233342289,0.47948063922878353
1789222606159108600,33.19110864257812,-6.223046247574687,-7.558928356355429,0.5537823949646205
1789222606169103600,33.201103515625,-6.218147954139113,-7.557890245479345,0.6191129452701658
1789222606179097600,33.21109765625,-6.242037363770604,-7.537266559645533,0.6300519071094691
1789222606189092600,33.221092529296875,-6.288598039415478,-7.5024419145017855,0.580761404641904
1789222606199086600,33.23108666992187,-6.344393576395511,-7.4609689173847435,0.5029822185864672
1789222606209080600,33.24108056640625,-6.3663698458820575,-7.445776608949899,0.4473530146166682
1789222606219075600,33.25107568359375,-6.362369378069043,-7.447755800068378,0.4707124455573037
1789222606229069800,33.26106982421875,-6.331335941901803,-7.468460734444856,0.5537745039191097
1789222606239064600,33.27106469726562,-6.283640709269046,-7.503747151881456,0.6164619193047285
1789222606249058800,33.281058837890626,-6.2508700740456575,-7.530232423225045,0.6265857653688639
1789222606259052500,33.29105249023438,-6.2359162505418055,-7.5451131814926855,0.5958109436051919
1789222606269047600,33.30104760742187,-6.258857565668225,-7.5291393672913305,0.556012455571629
1789222606279041500,33.31104150390625,-6.306189810207486,-7.491370485389232,0.5307883998028934
1789222606289036500,33.32103662109375,-6.35487639196515,-7.4501283744186155,0.5305882010556757
1789222606299030500,33.33103051757813,-6.375635686877369,-7.432288766345382,0.5317353983294218
1789222606309024500,33.3410244140625,-6.35109044368565,-7.453624984362721,0.5268001704169437
1789222606319019500,33.35101953125,-6.295654972189665,-7.500446941292285,0.5276366943063214
1789222606329013500,33.36101342773438,-6.234499954003096,-7.551255922031402,0.5290856510056182
1789222606339007700,33.3710078125,-6.190267429044843,-7.586940983396768,0.5378770794222131
1789222606349002500,33.38100244140625,-6.183285899594426,-7.588782227349281,0.5896992557918652
1789222606358996700,33.39099682617187,-6.212452957367897,-7.558691040468216,0.6648433806359767
1789222606368991500,33.40099145507813,-6.259712136670947,-7.519432212269305,0.6667342358838766
1789222606378985700,33.41098583984375,-6.312423736160993,-7.481403802648186,0.5935452636955305
1789222606388979700,33.42097973632813,-6.333602133268117,-7.471131414958834,0.4879294647527858
1789222606398974700,33.430974609375,-6.324109497779608,-7.484326996618509,0.40108690147157755
1789222606408968700,33.44096875,-6.305676599988341,-7.500825711476803,0.38268322977479546
1789222606418964000,33.4509638671875,-6.289973419421911,-7.510663799402117,0.4433308098958805
1789222606428958000,33.4609580078125,-6.276368672439456,-7.514961788856983,0.5503864689160138
1789222606438952000,33.470951904296875,-6.263259600019454,-7.521207989770174,0.6110643345775082
1789222606448947000,33.480947021484376,-6.258484640702605,-7.527340208914875,0.583877125509642
1789222606458940700,33.49094067382813,-6.262198692789673,-7.529121247112751,0.5172916432395577
1789222606468934700,33.5009345703125,-6.2699459459155795,-7.5268012797325845,0.45324506832994516
1789222606478929700,33.5109296875,-6.278992591202258,-7.521352951198816,0.41699375138394534
1789222606488924000,33.520923828125,-6.297972601482272,-7.504386618828773,0.436016249098815
1789222606498918700,33.53091870117188,-6.326757966461777,-7.4783245413333175,0.4660230456320569
1789222606508913000,33.540912841796874,-6.351170523184537,-7.458411634117365,0.452896693283692
1789222606518907000,33.55090698242188,-6.355171575519442,-7.456120308309793,0.4341188545122742
1789222606528902000,33.56090185546875,-6.335296077704429,-7.472551803150773,0.44201665855739264
1789222606538896000,33.570895751953124,-6.299344474357366,-7.502207521224022,0.4533479076499119
1789222606548891000,33.580890869140624,-6.263327404558658,-7.532123351538181,0.456328786624223
1789222606558884900,33.590884765625,-6.2545005395025015,-7.539033569318056,0.46323611832726747
1789222606568878800,33.60087890625,-6.27438363610208,-7.523115284696221,0.4530243382513523
1789222606578873900,33.610873779296874,-6.301625278770923,-7.502483415555954,0.41551224412191656
1789222606588867800,33.62086791992188,-6.330770709234476,-7.480461553362011,0.36664511816557493
1789222606598861800,33.63086181640625,-6.355523457697034,-7.461532396486401,0.3213113174345344
1789222606608856800,33.64085693359375,-6.356231313705444,-7.461897138145566,0.29799775319593025
1789222606618851000,33.65085107421875,-6.3362786590009925,-7.477679229167103,0.3259926071185619
1789222606628845800,33.660845703125,-6.30592034561634,-7.500303733429313,0.38882743161823596
1789222606638840000,33.670840087890625,-6.288116977900266,-7.512987273913621,0.43010355445630843
1789222606648833800,33.68083374023438,-6.28631957308948,-7.515194428569078,0.41763603134285654
1789222606658829000,33.6908291015625,-6.297929931384324,-7.507441914746165,0.3804992002665996
1789222606668822800,33.70082275390625,-6.314598157590627,-7.495417130431532,0.33905203171055764
1789222606678817800,33.71081787109375,-6.3056999808639285,-7.504221199133991,0.3085467110706493
1789222606688811800,33.72081176757813,-6.290786489370465,-7.516399128183722,0.31642723518740384
1789222606698805800,33.7308056640625,-6.300304843822121,-7.5063997122168535,0.3612657266821712
1789222606708800800,33.74080078125,-6.305816885241866,-7.50017747670114,0.3929300080988556
1789222606718794800,33.750794677734376,-6.3160898574531075,-7.491728212785721,0.3890956541003659
1789222606728788700,33.76078881835937,-6.337388081547617,-7.475880070790648,0.34511527727227653
1789222606738783700,33.77078369140625,-6.339131710344553,-7.476815305814147,0.2881385676836595
1789222606748778000,33.78077807617188,-6.316109146675467,-7.496576237338781,0.2801529940235428
1789222606758772700,33.790772705078126,-6.28534985127449,-7.520620545271038,0.32409071901999414
1789222606768767000,33.80076708984375,-6.25605127607584,-7.542353069129586,0.38093130807355047
1789222606778761000,33.81076098632813,-6.226598971620201,-7.5663511998325585,0.38751642208490517
1789222606788756000,33.820755859375,-6.2424488671809435,-7.553746569803357,0.37832817637044935
1789222606798750000,33.83075,-6.2879369451582425,-7.516283392849564,0.3711141533384099
1789222606808745000,33.84074487304687,-6.3149640682935715,-7.495564429947733,0.3288309358170256
1789222606818739000,33.85073901367188,-6.342042629355192,-7.4751447422534225,0.26661793301012365
1789222606828733000,33.86073291015625,-6.370379666045308,-7.4509700859397645,0.26774089089175684
1789222606838728000,33.87072802734375,-6.365552684280276,-7.452568168786168,0.3306678689206019
1789222606848721700,33.8807216796875,-6.326572088500857,-7.484888722154498,0.3483060361376032
1789222606858715600,33.89071557617188,-6.276381531921029,-7.528296486726402,0.3196371006119996
1789222606868710700,33.90071069335937,-6.239755390313268,-7.558055665174126,0.33413477784618734
1789222606878705000,33.910704833984376,-6.208135678690671,-7.581321974471211,0.39114531663917
1789222606888699600,33.92069970703125,-6.195581317543983,-7.588749494123459,0.44276904782727355
1789222606898694000,33.93069384765625,-6.207714238408207,-7.576863826018571,0.47519623990785326
1789222606908688000,33.94068798828125,-6.235188520789146,-7.55469174169898,0.4684523916708305
1789222606918683000,33.950682861328126,-6.304571269094944,-7.500892931494116,0.39922355528511105
1789222606928676900,33.9606767578125,-6.382240199708939,-7.440483763238787,0.2767564834530465
1789222606938671900,33.970671875,-6.410230030396581,-7.419749018245935,0.16327059045601636
1789222606948665900,33.980665771484375,-6.389402930945158,-7.438258488404751,0.13498912901119328
1789222606958659800,33.99065991210937,-6.356595470842719,-7.464203077000379,0.22305550759946927
1789222606968654800,34.00065478515625,-6.317642932114005,-7.492627207452059,0.34395025208089497
1789222606978648800,34.01064892578125,-6.2753007509469985,-7.525173386269808,0.4034302497273311
1789222606988642800,34.02064282226563,-6.2339779759556055,-7.560287369748949,0.3872606572255492
1789222606998637800,34.03063793945312,-6.21460984314084,-7.577962727171182,0.351412295057252
1789222607008632000,34.040632080078126,-6.227726514345407,-7.568586411538719,0.3198440944261849
1789222607018626800,34.050626708984375,-6.264302971592545,-7.540029010096192,0.27722815608540546
1789222607028621000,34.06062109375,-6.317990722638368,-7.495811682707071,0.2572659663676284
1789222607038614800,34.07061474609375,-6.337970265349745,-7.478920753660797,0.25739859803766013
1789222607048610000,34.080610107421876,-6.302834654560685,-7.508305838099122,0.264603780176118
1789222607058603800,34.09060375976563,-6.273235635110735,-7.531796019279956,0.29823380870781835
1789222607068597800,34.10059765625,-6.262215643924474,-7.540009720873832,0.32139537898879494
1789222607078592800,34.1105927734375,-6.271151230052113,-7.531852133381366,0.33798553499020634
1789222607088586800,34.12058666992188,-6.276707695135474,-7.526722953799366,0.34895712045747784
1789222607098581800,34.13058178710938,-6.228638368493318,-7.567617858767509,0.3249674287892878
1789222607108575700,34.14057568359375,-6.171612997457385,-7.6147046041131015,0.31282840697783976
1789222607118569700,34.15056982421875,-6.182903037756681,-7.603345005708932,0.36228465793374925
1789222607128564700,34.16056469726563,-6.2592351668089625,-7.539023047924041,0.39433870585300024
1789222607138559000,34.17055908203125,-6.348399889427423,-7.466863236120343,0.33788298793118443
1789222607148553700,34.1805537109375,-6.3963207475095984,-7.42749802493751,0.29955864583710207
1789222607158548000,34.1905478515625,-6.381432390457391,-7.439234639960527,0.32480105924643576
1789222607168542000,34.2005419921875,-6.336025561022758,-7.475597162196039,0.37499658426232635
1789222607178537000,34.210536865234374,-6.28027620127201,-7.520255219089984,0.41745431810040023
1789222607188531000,34.22053100585938,-6.254349732854962,-7.535926835474371,0.5131264133188873
1789222607198525000,34.23052490234375,-6.266276902014017,-7.518359030079841,0.6151733407989144
1789222607208520000,34.24052001953125,-6.278355462342501,-7.507082433784007,0.6295591551564633
1789222607218514000,34.25051391601563,-6.280620484665036,-7.509792861786484,0.5720173955636099
1789222607228509000,34.26050903320313,-6.307903043866157,-7.4897513597548,0.533273531149514
1789222607238502700,34.27050268554687,-6.343002998819947,-7.460745045500993,0.5234375621160492
1789222607248497000,34.28049682617188,-6.359537369513511,-7.445133634871244,0.544654610733129
1789222607258491600,34.29049169921875,-6.336465706005692,-7.460072845327853,0.6057288553010672
1789222607268486000,34.30048583984375,-6.302185250741243,-7.481665083932876,0.6910384368613361
1789222607278480000,34.31047998046875,-6.2961886406749485,-7.481214417555928,0.7482172448933124
1789222607288475000,34.32047485351563,-6.300748495936394,-7.478442614755034,0.7374629189059138
1789222607298468900,34.33046875,-6.316897666704654,-7.467261880049109,0.7121676610644906
1789222607308463900,34.3404638671875,-6.328819575166702,-7.457243759381771,0.7112973079707473
1789222607318457900,34.350457763671876,-6.327128553339839,-7.456269945913553,0.7361109197750687
1789222607328451800,34.36045190429687,-6.3267340010643,-7.45422353477776,0.7598484998457133
1789222607338446800,34.37044677734375,-6.33499680249691,-7.44353730559051,0.7949631409119814
1789222607348440800,34.38044091796875,-6.33523937908113,-7.43863082884848,0.8377952244877814
1789222607358434800,34.39043481445312,-6.329523924043774,-7.443869314023852,0.8344599425852298
1789222607368429800,34.40042993164062,-6.313182445573807,-7.462557647880911,0.7901542062602936
1789222607378423800,34.410423828125,-6.278690393385291,-7.492056714087724,0.7858272829718888
1789222607388418800,34.420418701171876,-6.265017257341742,-7.500077523458003,0.8177966848149896
1789222607398413000,34.4304130859375,-6.302420228540897,-7.468353766939043,0.8207170292410999
1789222607408407000,34.44040698242188,-6.344156260508298,-7.436980723553895,0.7831896279446781
1789222607418401500,34.450401611328125,-6.372400942739844,-7.414750187045335,0.7644382387887686
1789222607428395500,34.4603955078125,-6.3874284160017964,-7.402274151831865,0.7599172542329877
1789222607438389500,34.470389404296874,-6.382568701010942,-7.408972772687673,0.7350760237693786
1789222607448384500,34.480384521484375,-6.3567503691434855,-7.432174784576892,0.724494643196091
1789222607458378500,34.49037841796875,-6.329291868853569,-7.451365222737192,0.7665591764654964
1789222607468373500,34.50037353515625,-6.327759252458811,-7.446026199796796,0.8285710306771099
1789222607478367500,34.510367431640624,-6.31468642039597,-7.455759658303856,0.8406970103438943
1789222607488361500,34.52036157226563,-6.288275383332372,-7.481943900874256,0.8052859436143189
1789222607498356500,34.5303564453125,-6.292748729354143,-7.4815972793936725,0.7729142445806414
1789222607508350500,34.5403505859375,-6.31893764809966,-7.4638558709979055,0.7295650052629411
1789222607518344400,34.55034448242188,-6.335133580619097,-7.453582314264774,0.6932336818832904
1789222607528339500,34.56033935546875,-6.339235755240916,-7.450857857736945,0.6849784792352467
1789222607538333400,34.57033349609375,-6.34014293321371,-7.449054023185372,0.6961105524938553
1789222607548328400,34.580328369140624,-6.336542862895131,-7.450110838761925,0.7172630114421248
1789222607558322400,34.59032250976563,-6.332201618820428,-7.451957927933335,0.7361607502661645
1789222607568316400,34.60031640625,-6.332651700675487,-7.4510834831863635,0.7411181534778326
1789222607578311400,34.6103115234375,-6.324351489841938,-7.459120659169554,0.7310827894147485
1789222607588305400,34.62030541992188,-6.313854645746946,-7.4699389903038735,0.7110797196973114
1789222607598299400,34.63029931640625,-6.302298063465953,-7.4820748337775465,0.6855488264691084
1789222607608294400,34.64029443359375,-6.297368205848336,-7.487033332967758,0.6766587599836289
1789222607618288600,34.65028857421875,-6.296826354056597,-7.486373992276191,0.688887542437762
1789222607628283400,34.66028344726563,-6.297134397092461,-7.485036021670699,0.7005104679532349
1789222607638277600,34.670277587890624,-6.2986401254802935,-7.484590031468868,0.6916844796799123
1789222607648271600,34.68027172851563,-6.289243936103582,-7.494251593783497,0.6722972037732601
1789222607658266600,34.6902666015625,-6.293232713478803,-7.491753347226977,0.6627502808142453
1789222607668260600,34.70026049804687,-6.2994666394323104,-7.485353417056799,0.6757202370245009
1789222607678254300,34.71025439453125,-6.276262873977422,-7.502067235970497,0.7056239385094493
1789222607688249600,34.72024951171875,-6.237881413134932,-7.531390945610403,0.7330595693804324
1789222607698243300,34.73024340820312,-6.216760883694887,-7.548156202450394,0.7400042739517987
1789222607708238600,34.74023852539062,-6.209660111778974,-7.555393167966604,0.7256267890311777
1789222607718232300,34.750232421875,-6.218184194496273,-7.550967168217897,0.6981821711361408
1789222607728226300,34.76022631835937,-6.24446780578792,-7.53029788967669,0.6867443198639899
1789222607738221300,34.77022119140625,-6.260225346890092,-7.517292277631163,0.685767729916796
1789222607748215600,34.78021557617188,-6.267812441018223,-7.510781872823834,0.6877973360482603
1789222607758210300,34.790210205078125,-6.281746273824572,-7.499586525070667,0.6828260504417121
1789222607768204500,34.80020458984375,-6.281800634360313,-7.501247151759267,0.6638225131556391
1789222607778198500,34.810198486328126,-6.273557122150063,-7.506506095200777,0.6820783008143305
1789222607788193500,34.82019360351563,-6.252156022202969,-7.521593774217367,0.7117325575828551
1789222607798187500,34.8301875,-6.205300747525691,-7.559813322496414,0.7168335339836776
1789222607808181500,34.840181396484375,-6.191926302167773,-7.570348160514235,0.721294751176238
1789222607818176500,34.850176513671876,-6.2252218380481,-7.541239554929732,0.7393939600337296
1789222607828170500,34.86017041015625,-6.254035260078311,-7.51770787269473,0.7358587716449052
1789222607838164500,34.87016455078125,-6.27938305182457,-7.498956994995474,0.710900052281469
1789222607848159500,34.880159423828125,-6.296643983227014,-7.488220496925711,0.6702306996975094
1789222607858153500,34.89015356445312,-6.300457988557219,-7.488481778210401,0.6302852774739265
1789222607868148500,34.9001484375,-6.291669117423892,-7.496131416180729,0.6271357274018228
1789222607878142700,34.91014282226563,-6.290073372665047,-7.4964301068663595,0.6394567181840538
1789222607888136400,34.92013647460937,-6.3149079541921616,-7.47563457159698,0.6381280999287963
1789222607898131500,34.93013134765625,-6.3372197392433876,-7.457023394629359,0.6346887731298804
1789222607908125400,34.94012548828125,-6.3386956570148465,-7.456306186270713,0.6283546016722917
1789222607918119400,34.95011938476563,-6.340517611745,-7.4573805375039575,0.5964099324116483
1789222607928114400,34.96011450195312,-6.325131826564669,-7.473850026267766,0.5519595634516328
1789222607938108400,34.9701083984375,-6.283982070052623,-7.510094475081562,0.5295642648354172
1789222607948103400,34.980103515625,-6.2528463425546885,-7.537671048793197,0.5057880697874352
1789222607958097400,34.99009741210938,-6.247757494983077,-7.543752414533495,0.4771974601950496
1789222607968091400,35.00009130859375,-6.282153685581684,-7.515515915608406,0.4711194919882342
1789222607978086400,35.01008642578125,-6.3396455050855876,-7.466903568130731,0.47394426708538084
1789222607988080400,35.02008032226563,-6.352369377580285,-7.458748318725824,0.42994525862205774
1789222607998074600,35.03007470703125,-6.34102030057013,-7.471263516905903,0.37692605448756367
1789222608008069600,35.040069580078125,-6.328147959515452,-7.484367328628897,0.33042182173766194
1789222608018063600,35.05006372070312,-6.315125396335125,-7.497598566123843,0.2749625857735984
1789222608028058600,35.06005859375,-6.324131125089526,-7.491027955561876,0.24545350962942464
1789222608038052600,35.070052490234374,-6.334762993741035,-7.482022226807475,0.24597915920503435
1789222608048046600,35.08004663085938,-6.334453781661391,-7.48158325086832,0.2664264838249423
1789222608058041600,35.09004150390625,-6.339739028587937,-7.476694309782982,0.27774845363246276
1789222608068035600,35.10003564453125,-6.379640246343612,-7.443411633384227,0.25729804200632495
1789222608078029300,35.110029296875,-6.409495286381245,-7.419345698142052,0.20512213856186717
1789222608088024300,35.1200244140625,-6.405330567917227,-7.423831903645396,0.16983645177762954
1789222608098018300,35.13001831054687,-6.379673564091324,-7.44586837888658,0.17087737566530703
1789222608108013300,35.140013427734374,-6.331524742472172,-7.486475114563107,0.18672367276316507
1789222608118007300,35.15000732421875,-6.305142931503057,-7.5074910145848985,0.23052078371252863
1789222608128001500,35.16000146484375,-6.299568930763006,-7.5092317207723855,0.3118573699885979
1789222608137996500,35.16999658203125,-6.271812324309349,-7.530790641629696,0.34921825561169534
1789222608147990500,35.17999047851563,-6.261209681752324,-7.5409350190252065,0.3192854376301169
1789222608157984500,35.189984619140624,-6.2973857415050265,-7.512664617830515,0.27053534391587597
1789222608167979500,35.1999794921875,-6.342457639896869,-7.4758146043390035,0.23623349880352615
1789222608177973500,35.20997338867188,-6.376980087223648,-7.445946120297909,0.24980346673354506
1789222608187968500,35.21996850585938,-6.371653923764825,-7.449221196445822,0.28550180770559236
1789222608197962500,35.22996240234375,-6.327371714445948,-7.486230199891328,0.30185446515670045
1789222608207956500,35.23995654296875,-6.305643282240629,-7.504620427584648,0.2998819047084078
1789222608217951500,35.24995141601563,-6.310774799910187,-7.501601372024417,0.26549555965038013
1789222608227945500,35.25994555664062,-6.3211184992700815,-7.493190102031827,0.256810075826291
1789222608237939700,35.26993969726563,-6.32869273391664,-7.4843579762786625,0.3200426492055878
1789222608247934500,35.2799345703125,-6.316084596756101,-7.4904042707055805,0.4139031649574637
1789222608257928400,35.28992846679687,-6.283251417690515,-7.515455709853768,0.457238887206465
1789222608267922400,35.29992236328125,-6.26117870209217,-7.535527022501826,0.42879247185774144
1789222608277917400,35.30991748046875,-6.2693818822920315,-7.531954424712062,0.36729028420131654
1789222608287911400,35.31991137695312,-6.29189649643898,-7.514787601333856,0.33225192324165254
1789222608297906400,35.32990649414062,-6.30778613948822,-7.500897607669234,0.3446126249797642
1789222608307900400,35.339900390625,-6.324992125833034,-7.485050634717941,0.37268330235127356
1789222608317894400,35.34989428710937,-6.321243002432585,-7.48758804424107,0.3850983646251261
1789222608327889400,35.35988940429687,-6.291807649111747,-7.511826413440704,0.39497525019086893
1789222608337883400,35.36988330078125,-6.263470027899742,-7.533941214615107,0.42315863068923354
1789222608347877400,35.37987744140625,-6.247576293197274,-7.54613083410263,0.44055791111644355
1789222608357872400,35.38987231445312,-6.252685599035024,-7.541647551208734,0.44481998900771136
1789222608367866600,35.39986669921875,-6.271807063612341,-7.526699572923779,0.4285105861764401
1789222608377861400,35.409861328125,-6.3205053358078,-7.486389774367213,0.4190093289900571
1789222608387855600,35.41985571289062,-6.336661520838737,-7.472927066203951,0.41529951468668874
1789222608397849600,35.429849609375,-6.31584377373755,-7.491072379225492,0.4053760135002434
1789222608407844600,35.4398447265625,-6.300324717566371,-7.502674554213881,0.43147864220179616
1789222608417839000,35.449839111328124,-6.295632175835967,-7.502997794818878,0.4903285252511501
1789222608427833000,35.4598330078125,-6.288914265757799,-7.506188115292787,0.5263837716357782
1789222608437828000,35.469828125,-6.276721139138937,-7.515829803863167,0.534281721811369
1789222608447822000,35.479822021484374,-6.265491889116167,-7.524891646718978,0.5385174596849829
1789222608457815800,35.48981591796875,-6.262843420433998,-7.526852717658877,0.5419113033743574
1789222608467810800,35.499810791015626,-6.275009659045934,-7.51839877756834,0.517989014386572
1789222608477804800,35.5098046875,-6.313019948488473,-7.489363237220048,0.47496904355585573
1789222608487799800,35.5197998046875,-6.335155207929015,-7.471665667966008,0.45870358946416523
1789222608497793800,35.529793701171876,-6.317485695725679,-7.484028305932879,0.49907582226507363
1789222608507788000,35.5397880859375,-6.290834420165419,-7.502353651696443,0.5572103601193055
1789222608517783000,35.54978295898437,-6.275132408642769,-7.515327115038037,0.5594141537738964
1789222608527777000,35.55977709960938,-6.255549756294489,-7.535316010099649,0.5074368233751505
1789222608537771000,35.56977099609375,-6.254309400844574,-7.535699456459283,0.5169485288903117
1789222608547766000,35.57976611328125,-6.2621794035673135,-7.525424146160483,0.5687620104968547
1789222608557760000,35.58976000976563,-6.263896728879213,-7.521644043099879,0.5990549670277163
1789222608567754000,35.59975390625,-6.2802428835242985,-7.508922508692741,0.5873871063919738
1789222608577749000,35.6097490234375,-6.306575594654679,-7.490039529046416,0.5447962111609056
1789222608587743000,35.619742919921876,-6.323948754259944,-7.478006561425328,0.5074176437506452
1789222608597738000,35.62973803710938,-6.331929231619834,-7.470906958553194,0.5124650633333251
1789222608607732000,35.63973193359375,-6.334858270809054,-7.464372588348388,0.5684175444407388
1789222608617726200,35.64972631835938,-6.333959276142716,-7.460015562182664,0.6320744989782572
1789222608627721000,35.659720947265626,-6.324909123724699,-7.467107566270232,0.6389202001545577
1789222608637715200,35.66971508789062,-6.318638957414031,-7.472335530051589,0.6398377533908933
1789222608647709000,35.679708984375,-6.301897081449628,-7.484602306428552,0.6612148148752749
1789222608657704000,35.689703857421875,-6.285867737668752,-7.495913389515876,0.685230188973993
1789222608667698000,35.69969799804687,-6.288007087785005,-7.494487740626931,0.6811821556922047
1789222608677693000,35.70969287109375,-6.30183570665121,-7.48147219170928,0.696291681214422
1789222608687687000,35.71968701171875,-6.325179172837734,-7.4562407198190686,0.7529715998135507
1789222608697681000,35.72968090820312,-6.320549759471416,-7.456559868770837,0.7878795393265783
1789222608707676000,35.73967602539062,-6.29823680537641,-7.475456876942515,0.7874962390974164
1789222608717670000,35.749669921875,-6.302845760476589,-7.471203895673155,0.7909690297745168
1789222608727663900,35.75966381835938,-6.307302155363559,-7.466036722168326,0.8041320974040777
1789222608737659000,35.76965893554687,-6.290030118045211,-7.481299757751822,0.7975313839647918
1789222608747653000,35.779653076171876,-6.2761629207342855,-7.49549779445231,0.7730962500840425
1789222608757647000,35.78964721679687,-6.286499021309614,-7.48322400381267,0.8072617006666958
1789222608767642000,35.79964208984375,-6.291655088898539,-7.4716925559729335,0.8713642435472458
1789222608777636000,35.809635986328125,-6.300221257191896,-7.46056442823708,0.904201952657476
1789222608787630000,35.81963012695312,-6.313842370787262,-7.448520354700088,0.9084733463663607
1789222608797625000,35.829625,-6.306824600979685,-7.4546999201178545,0.9065295918874442
1789222608807619000,35.839619140625,-6.288509776610136,-7.470667304578423,0.9023097091700881
1789222608817614000,35.849614013671875,-6.301055954450368,-7.461117385944724,0.893758373119682
1789222608827607800,35.85960791015625,-6.32231501557827,-7.442058465209603,0.9024854310631751
1789222608837601800,35.869601806640624,-6.316862595391273,-7.44465724953115,0.9190775963585823
1789222608847596800,35.8795966796875,-6.292482187372445,-7.465671395987272,0.9158652101833373
1789222608857591000,35.88959106445313,-6.295233531907201,-7.463189516043663,0.9171872525673359
1789222608867585000,35.8995849609375,-6.297353008279204,-7.4595204721421,0.9323529652561992
1789222608877580000,35.909580078125,-6.261391468060016,-7.489538593786954,0.9339009253505617
1789222608887574000,35.91957397460938,-6.241327169674634,-7.508077290040254,0.9192380476173013
1789222608897569000,35.92956909179688,-6.2569455945670605,-7.494137027493119,0.9267791837118565
1789222608907563000,35.93956298828125,-6.274722074276209,-7.478346753165125,0.9341184405587613
1789222608917557000,35.94955688476563,-6.3058005186289545,-7.453045138648152,0.9270338891252875
1789222608927552000,35.95955200195313,-6.305285554844141,-7.456048412117362,0.9061550594866276
1789222608937546000,35.9695458984375,-6.245405963420867,-7.510432913255691,0.8710290202435106
1789222608947540000,35.9795400390625,-6.189315827408433,-7.558052742564678,0.8594144972302019
1789222608957535000,35.98953491210938,-6.179416364684701,-7.560579630693793,0.9071004505779594
1789222608967529000,35.999529052734374,-6.210474350771308,-7.524765974512696,0.9890830796726048
1789222608977523200,36.00952319335938,-6.254597570136189,-7.481898308166861,1.0351805217199026
1789222608987518000,36.01951806640625,-6.273747676286101,-7.47009330408275,1.004088341102749
1789222608997512200,36.02951220703125,-6.283165492972731,-7.471130245915055,0.9351127122931182
1789222609007507200,36.039507080078124,-6.273185366228223,-7.488097162806987,0.8636792420025914
1789222609017501000,36.0495009765625,-6.253712019473314,-7.504095526927709,0.8660417333502322
1789222609027495000,36.05949487304687,-6.227205120819806,-7.5198635894238945,0.9186758836898952
1789222609037490000,36.06948999023437,-6.173083654531836,-7.560763170567155,0.9477786440555006
1789222609047484000,36.07948388671875,-6.13697013862133,-7.5894550120443105,0.9529670064788311
1789222609057478000,36.08947778320312,-6.15101386154294,-7.57423698464632,0.9830291864611208
1789222609067473000,36.09947290039062,-6.154387137368321,-7.574076241126656,0.9629433338310569
1789222609077467000,36.109466796875,-6.138422675517201,-7.595549237266183,0.893185833928734
1789222609087461000,36.119461181640624,-6.159819099289178,-7.57667970162332,0.906058174983412
1789222609097455900,36.12945581054687,-6.192004043579101,-7.5396578386962405,0.9914823958992958
1789222609107450000,36.1394501953125,-6.255777135309577,-7.480888838863373,1.0353458683494479
1789222609117444000,36.14944409179687,-6.3062272196084255,-7.439567232915759,1.0269956078290938
1789222609127439000,36.159439208984374,-6.271746273335814,-7.473624985340237,0.990205361700803
1789222609137433000,36.16943310546875,-6.233424433726072,-7.509376682201028,0.9612836569905281
1789222609147428000,36.179427978515626,-6.262926422542333,-7.484303031221032,0.9650612758331
1789222609157422000,36.18942211914062,-6.278650061374902,-7.467797302100062,0.9904276992145925
1789222609167416000,36.199416015625,-6.253162568897008,-7.480474997365474,1.0539596756655722
1789222609177411000,36.2094111328125,-6.228377087208628,-7.494316475713252,1.1013269915182142
1789222609187404800,36.21940478515625,-6.224003694429993,-7.501633520728349,1.075941205849126
1789222609197398800,36.229398681640625,-6.2546852484196425,-7.484403568986058,1.0163668809827417
1789222609207393800,36.239393798828125,-6.300324717566371,-7.453152106153965,0.962707698444277
1789222609217388000,36.24938793945312,-6.316757381451129,-7.444097862082719,0.924321123035252
1789222609227382000,36.259382080078126,-6.322663390624522,-7.438405787920951,0.9297453400410711
1789222609237377000,36.269376953125,-6.316074075362086,-7.438367793998122,0.9737955672349781
1789222609247371000,36.27937109375,-6.2905029962539665,-7.456129660660028,1.003033717483282
1789222609257366000,36.28936596679687,-6.226464531585574,-7.50834617010951,1.0130528610639273
1789222609267360000,36.299360107421876,-6.164973997834324,-7.557496862247586,1.0235806117538362
1789222609277354000,36.30935400390625,-6.183223940274119,-7.541742243754864,1.0296866004787384
1789222609287349000,36.31934887695313,-6.265400703701377,-7.482288184267282,0.964626683808118
1789222609297343000,36.329343017578125,-6.345466174063086,-7.426680863335728,0.8659413417156785
1789222609307337000,36.3393369140625,-6.399905035737157,-7.381785490554571,0.8490271048590541
1789222609317332000,36.34933203125,-6.42744361552596,-7.352886143806576,0.8907426054950803
1789222609327326000,36.359325927734375,-6.416164096620679,-7.3671151601672165,0.8537208156332373
1789222609337320200,36.3693203125,-6.367956822812557,-7.415141232189535,0.7969830293670296
1789222609347315200,36.37931518554687,-6.284110080346465,-7.484654328876734,0.8125779272533953
1789222609357309200,36.38930908203125,-6.2067152904987335,-7.541514280217886,0.8789948114909231
1789222609367303000,36.39930297851563,-6.165594760081172,-7.567119261595606,0.9458006950460374
1789222609377298000,36.4092978515625,-6.16250263928473,-7.5643100493937725,0.9875005597215145
1789222609387292000,36.4192919921875,-6.2052101466327905,-7.529090267452597,0.989219711664319
1789222609397287000,36.429286865234374,-6.258252585512399,-7.491148951593041,0.9419897584557533
1789222609407281000,36.43928100585938,-6.307323198151588,-7.461606630766392,0.844082561128959
1789222609417275000,36.44927490234375,-6.357498557162285,-7.428256149828433,0.7573601170960813
1789222609427270000,36.459269775390624,-6.370218922525644,-7.4195216392308465,0.7357899441923945
1789222609437264000,36.46926391601563,-6.325281464168429,-7.4566300113976,0.7482379223551601
1789222609447258000,36.479258056640624,-6.269965819659829,-7.499030060231685,0.7889589320611208
1789222609457252900,36.4892529296875,-6.228979144755005,-7.526752764415741,0.8474702308058738
1789222609467247000,36.4992470703125,-6.211360485956073,-7.5341376139700404,0.9089327805716544
1789222609477241000,36.509240966796874,-6.216652162623405,-7.528330388996005,0.9207955061923712
1789222609487236000,36.519236083984374,-6.2403668002098795,-7.513287133643031,0.8824539389688522
1789222609497230000,36.52922998046875,-6.273925955462455,-7.492433730706572,0.8195517848540097
1789222609507224000,36.53922412109375,-6.311750366944074,-7.466124400451779,0.7675789479672909
1789222609517219000,36.549218994140624,-6.334594651436805,-7.446473359042406,0.7702738130744546
1789222609527213000,36.55921313476563,-6.294530936595797,-7.476956175589561,0.8027384510885923
1789222609537208000,36.5692080078125,-6.2283788407742975,-7.527147316691279,0.8483771895829587
1789222609547201800,36.57920190429687,-6.195235280585289,-7.546972545623779,0.9124967566635459
1789222609557195800,36.58919580078125,-6.186197403126955,-7.548091905042528,0.9631528118632733
1789222609567190800,36.599190673828126,-6.22440116931498,-7.515745632711052,0.9699437141124159
1789222609577185000,36.60918505859375,-6.286621770906448,-7.470493117055296,0.9167945269227027
1789222609587179000,36.61917895507813,-6.321963717922568,-7.449880537137389,0.8381216799631714
1789222609597174000,36.62917407226563,-6.34422757217884,-7.436094588369131,0.7909918991934508
1789222609607168000,36.63916796875,-6.35235885618627,-7.4289207512170075,0.7931406016599386
1789222609617162000,36.649161865234376,-6.2998243668287985,-7.470946706041693,0.8170414094682782
1789222609627157000,36.65915698242188,-6.202739372605085,-7.551340093183517,0.8207740201253444
1789222609637151000,36.66915087890625,-6.139011289060115,-7.601105702349543,0.8403069150477648
1789222609647145000,36.67914501953125,-6.154639066302776,-7.576445308345556,0.9424825834739953
1789222609657140000,36.689139892578126,-6.208512695309519,-7.522163098537922,1.0206938773363827
1789222609667134000,36.69913403320312,-6.279556070303917,-7.463895618486404,1.0138101091720164
1789222609677129000,36.70912890625,-6.345140010848641,-7.41789316124618,0.9404476435802877
1789222609687123000,36.719123046875,-6.356628204068541,-7.419982827001809,0.8411379590444267
1789222609697117200,36.7291171875,-6.332000543290376,-7.448900293928384,0.7681365087848157
1789222609707112200,36.7391123046875,-6.298323899137974,-7.475731602230668,0.7841850687228142
1789222609717106000,36.74910595703125,-6.245640356698632,-7.5085390623331065,0.8855533662889152
1789222609727100000,36.75909985351562,-6.188604464268684,-7.539762468114495,1.0117034192163497
1789222609737095000,36.76909497070312,-6.187313255414367,-7.529306540551781,1.0941104112029074
1789222609747089000,36.7790888671875,-6.2512342311829325,-7.477657601857185,1.0849353902962058
1789222609757083000,36.78908276367188,-6.309210034811496,-7.443886265158653,0.9761158999413251
1789222609767078000,36.79907788085937,-6.3331906298577785,-7.437894331267476,0.8595385620012879
1789222609777071900,36.80907177734375,-6.349625047308206,-7.426629425409436,0.835365951514244
1789222609787065900,36.81906591796875,-6.3437435880541795,-7.424278478369116,0.8985459727223962
1789222609797060900,36.82906079101563,-6.298541341280937,-7.454032396119833,0.9675554307363927
1789222609807055000,36.83905517578125,-6.258403392159939,-7.482651172360778,1.0063334166157991
1789222609817049000,36.84904907226562,-6.236569746014475,-7.498836583486199,1.0212931584037839
1789222609827044000,36.85904418945312,-6.2340989719867705,-7.500646847778558,1.0230750733844935
1789222609837038000,36.8690380859375,-6.272676832184195,-7.47102737006247,1.0038280096661298
1789222609847032000,36.87903198242188,-6.310186186367273,-7.445232419070601,0.9594027386147528
1789222609857027000,36.88902709960937,-6.31244828608036,-7.448468916773796,0.9185304838698357
1789222609867021000,36.89902099609375,-6.306584362483024,-7.455231250515579,0.9038319503013044
1789222609877016000,36.90901611328125,-6.300760186374187,-7.461543502402305,0.8922901271980256
1789222609887010000,36.91901000976563,-6.292759835270047,-7.4703580924987785,0.8748279010698199
1789222609897003800,36.92900366210937,-6.300554434669017,-7.462677474868297,0.884221387032792
1789222609906998800,36.938998779296874,-6.311836291661858,-7.451886616262793,0.8947023759715259
1789222609916993000,36.94899291992188,-6.309362595024704,-7.456115632134676,0.8767470325641333
1789222609926987000,36.958987060546875,-6.302085297498107,-7.467259541961551,0.8331574816845357
1789222609936982000,36.96898193359375,-6.298934724512696,-7.474334010392427,0.7925565181616693
1789222609946976000,36.97897607421875,-6.292690861687063,-7.481283391138911,0.7764248830500989
1789222609956970000,36.988969970703124,-6.282058408513665,-7.491267025014758,0.7661945809368044
1789222609966965000,36.998965087890625,-6.279695186513662,-7.495833310016989,0.7404680190060288
1789222609976959000,37.008958984375,-6.303021701565385,-7.479493000590801,0.706741179036349
1789222609986953000,37.01895288085937,-6.342244873929023,-7.450964240720868,0.6553269989456981
1789222609996948000,37.028947998046874,-6.384432156795263,-7.418366039454937,0.6142164784654974
1789222610006942000,37.03894189453125,-6.40797494494617,-7.39721043870151,0.624118206211552
1789222610016936000,37.04893603515625,-6.386216702124476,-7.414593535178899,0.6406481929909438
1789222610026931000,37.05893090820312,-6.351039005759358,-7.447302211081981,0.6102263859160244
1789222610036925200,37.06892529296875,-6.327568698322772,-7.473337985092401,0.5305504628611728
1789222610046920000,37.078919921875,-6.319168534246087,-7.483812617355585,0.48067456172108647
1789222610056914200,37.0889140625,-6.309485929143428,-7.492562325522303,0.47146487135980275
1789222610066908000,37.09890795898438,-6.29055326513648,-7.508224589556455,0.47528647547457364
1789222610076903000,37.10890283203125,-6.280045899647474,-7.516153044468164,0.4887237934682518
1789222610086897000,37.11889697265625,-6.284758899644017,-7.511378669673204,0.5013762081619352
1789222610096891000,37.128890869140626,-6.290324132555723,-7.508522111198306,0.47360246791038657
1789222610106886000,37.13888598632813,-6.3146063408970825,-7.492255451530218,0.4027903809212148
1789222610116880000,37.1488798828125,-6.3560448512226335,-7.461185775005817,0.31902795573771
1789222610126873900,37.158873779296876,-6.372469916322827,-7.449412919625639,0.2612653930010274
1789222610136868900,37.168868896484376,-6.3759700333982705,-7.446538240972161,0.25779393576448784
1789222610146863000,37.17886303710937,-6.344570102006196,-7.472601487511396,0.2775716540271416
1789222610156857000,37.18885717773438,-6.279940685707331,-7.525790641385316,0.30854835503846406
1789222610166852000,37.19885205078125,-6.244069161859154,-7.554016618916392,0.3446943119138479
1789222610176846000,37.20884619140625,-6.2412149414718145,-7.5570082019478075,0.33051560096833854
1789222610186840000,37.21884008789063,-6.270133577442169,-7.535987625750899,0.2543650938269682
1789222610196835000,37.2288349609375,-6.310545082807541,-7.504787600845098,0.159899707517121
1789222610206829000,37.2388291015625,-6.333370662599802,-7.486620075991749,0.09648062598924152
1789222610216824000,37.24882397460937,-6.365752006244659,-7.4592843252986665,0.08161034344984218
1789222610226818000,37.25881811523438,-6.386830450108647,-7.441340087807178,0.07238383438449818
1789222610236811800,37.26881176757813,-6.3741439870148895,-7.452275907841324,0.06526412943925243
1789222610246807000,37.27880712890625,-6.338904331329465,-7.48216192753911,0.07695258077187463
1789222610256800800,37.28880078125,-6.289025324916839,-7.52405051971972,0.08489714656816795
1789222610266795000,37.298794921875,-6.2586138200402255,-7.549601725083589,0.06036262569986284
1789222610276790000,37.3087900390625,-6.264763574841618,-7.544684726947546,0.02918638352844864
1789222610286784000,37.318783935546875,-6.286638722041249,-7.5265236318349835,0.0024852497922183826
1789222610296778000,37.32877807617187,-6.306567995870113,-7.509678880017995,-0.04805354455113411
1789222610306773000,37.33877294921875,-6.337601432037353,-7.4828323741465805,-0.11143154514995403
1789222610316767000,37.34876708984375,-6.355754928365349,-7.4668077065408225,-0.14676635003923438
1789222610326761000,37.35876098632812,-6.355356868958473,-7.467544788643718,-0.12488133903271519
1789222610336756000,37.368755859375,-6.348011766892671,-7.474348038917779,-0.08512014166908338
1789222610346750000,37.37875,-6.330015506953001,-7.489659589818119,-0.07926246514944359
1789222610356744000,37.38874389648438,-6.313208164536952,-7.5034543064147226,-0.10935957944779656
1789222610366739000,37.39873901367187,-6.307869726118445,-7.507073665955662,-0.15812643250059336
1789222610376733200,37.408733154296876,-6.280189692032337,-7.528740138840675,-0.21833304565483702
1789222610386727200,37.41872705078125,-6.253578163960576,-7.550006798753142,-0.24603931016074493
1789222610396722200,37.42872216796875,-6.255736218777298,-7.549378437721729,-0.20742325511109083
1789222610406716000,37.4387158203125,-6.282485109493136,-7.528211146530508,-0.16370744750332086
1789222610416709400,37.44870947265625,-6.330775385409593,-7.487805486384033,-0.1563296122116968
1789222610426704400,37.458704345703126,-6.354465473076701,-7.467180631506443,-0.17990425680559127
1789222610436698400,37.46869848632812,-6.333900239431857,-7.483961670437455,-0.2059347153200768
1789222610446692400,37.4786923828125,-6.316673794820904,-7.498433263382315,-0.20860269242031498
1789222610456687400,37.488687255859375,-6.309716230767965,-7.504463191196322,-0.20223629919355735
1789222610466681600,37.498681640625,-6.2924652362376445,-7.519239904567599,-0.19052280931780113
1789222610476676400,37.50867626953125,-6.282606105524301,-7.527854588177799,-0.1751056060859002
1789222610486670600,37.518670654296876,-6.278947583016753,-7.530609439843893,-0.18737309484891593
1789222610496664600,37.52866455078125,-6.276987681120634,-7.531612479406594,-0.21122977125458417
1789222610506659600,37.53865966796875,-6.28893063237071,-7.522120428439974,-0.19348664582576602
1789222610516653600,37.548653564453126,-6.2955824914753435,-7.517640652677416,-0.14528849603901617
1789222610526647600,37.5586474609375,-6.29279023040831,-7.520642172580957,-0.10548169683483428
1789222610536642600,37.568642578125,-6.295245806866884,-7.518975700673461,-0.07263192739405203
1789222610546636500,37.578636474609375,-6.294867036682367,-7.519287835362553,-0.07310298810505773
1789222610556630500,37.58863061523437,-6.293297595408559,-7.52013305401504,-0.11134887183518148
1789222610566625500,37.59862548828125,-6.3146928501367565,-7.501694895526766,-0.14003079470652155
1789222610576619500,37.60861962890625,-6.350152870574593,-7.471561623069643,-0.14734860690659843
1789222610586613500,37.61861352539062,-6.373678707590699,-7.451652807506918,-0.13951641544359736
1789222610596608500,37.6286083984375,-6.373591029307246,-7.4523238386362785,-0.10296199649833142
1789222610606602500,37.6386025390625,-6.347344242894649,-7.475226575317978,-0.05090669635939411
1789222610616596500,37.64859643554688,-6.303269538846612,-7.51259856685698,-0.006527761225862195
1789222610626591500,37.65859155273437,-6.261557472276687,-7.5473594991147515,0.025609328759275376
1789222610636585500,37.66858544921875,-6.221591957113146,-7.5803703728348015,0.012738934208155842
1789222610646579500,37.67857934570313,-6.2086827911794185,-7.5909017037212845,-0.02938360258400207
1789222610656574500,37.68857446289063,-6.244383634635806,-7.5615569512933485,-0.030240829051402397
1789222610666568400,37.698568359375,-6.309204774114489,-7.507587460696697,0.021247948362131137
1789222610676562400,37.7085625,-6.370555607134103,-7.455422973695397,0.055402249646396375
1789222610686557400,37.71855737304688,-6.39827655775249,-7.431641116091608,0.05606506550326012
1789222610696551700,37.7285517578125,-6.35735768738687,-7.466599616748094,0.0654948694552062
1789222610706545700,37.73854565429688,-6.286539937841892,-7.525992301437258,0.09614590500900522
1789222610716540700,37.74854077148437,-6.234940683507919,-7.568165555778146,0.1370244159647729
1789222610726534700,37.75853466796875,-6.2016305345803495,-7.594616924852132,0.17879417667184025
1789222610736528600,37.76852856445313,-6.1961675929993385,-7.597792632278799,0.22679071207242085
1789222610746523600,37.77852368164063,-6.198802617678046,-7.595363943827151,0.23596670109350232
1789222610756517400,37.78851733398437,-6.198371825045347,-7.596305024069547,0.21617950261645016
1789222610766511400,37.79851147460938,-6.227697872772812,-7.572218630561232,0.2183256843322888
1789222610776506400,37.80850634765625,-6.284339212927222,-7.524596463164687,0.24063456504037603
1789222610786500400,37.81850024414062,-6.328551279619336,-7.486324892437458,0.27344081956641747
1789222610796495400,37.82849536132812,-6.3296250463306905,-7.484097279515862,0.30742146990038455
1789222610806489300,37.8384892578125,-6.3072472103059285,-7.5011226485967635,0.3495459531961009
1789222610816483600,37.848483642578124,-6.281176949504017,-7.520829804107547,0.3928415991630405
1789222610826478600,37.858478515625,-6.255187352722883,-7.540971843904257,0.42043128808457403
1789222610836472600,37.86847265625,-6.248072552281617,-7.545431161400676,0.4454715117190033
1789222610846466600,37.87846655273437,-6.261503696262836,-7.532570510783791,0.4736478414220735
1789222610856461600,37.888461669921874,-6.292057239958644,-7.50607004187107,0.4891929453499615
1789222610866455600,37.89845556640625,-6.307149595150351,-7.493606281617283,0.4859032561548054
1789222610876449500,37.90844946289062,-6.303267200759053,-7.496504341146349,0.49155006640274074
1789222610886444500,37.91844458007812,-6.283314546054601,-7.511036139845848,0.5240929207522422
1789222610896438500,37.9284384765625,-6.251527661171555,-7.533107101878524,0.5840207717640326
1789222610906432500,37.9384326171875,-6.228283563706278,-7.547158423584699,0.6475112836934626
1789222610916427500,37.94842749023437,-6.239625626453757,-7.535161696320772,0.6773455001387745
1789222610926421800,37.958421875,-6.260056420063972,-7.5177943819344035,0.681801895025745
1789222610936415500,37.96841552734375,-6.253256092399359,-7.523777547997236,0.6781910841174423
1789222610946410500,37.97841040039062,-6.233928291594982,-7.542929992234707,0.6424453055407852
1789222610956404500,37.988404541015626,-6.223806126031279,-7.55230513882339,0.6303248788319528
1789222610966398500,37.9983984375,-6.231928642210364,-7.538153279352188,0.7139316750623286
1789222610976393500,38.0083935546875,-6.256821091404557,-7.503974530896544,0.8443621087227016
1789222610986387500,38.018387451171876,-6.265322962290048,-7.492205182647704,0.884868818090856
1789222610996381400,38.02838134765625,-6.251842133948206,-7.510491949966549,0.8230177073989063
1789222611006376400,38.03837646484375,-6.26895693487823,-7.502357743349671,0.7649718342088162
1789222611016370400,38.048370361328125,-6.29482436658442,-7.482951032090186,0.7422990338254719
1789222611026364700,38.05836474609375,-6.3054568197578185,-7.474204831054807,0.7401740775607526
1789222611036359400,38.068359375,-6.29294045253396,-7.481820566755533,0.7691780537270009
1789222611046353700,38.078353759765626,-6.251123756545781,-7.50961458261013,0.8363747632306069
1789222611056347600,38.08834765625,-6.192167125186324,-7.5506117789089675,0.9031689563479274
1789222611066342700,38.0983427734375,-6.140210143455863,-7.587046781858802,0.9512742310862987
1789222611076336600,38.108336669921876,-6.115068103414774,-7.604955948036909,0.9700372376147657
1789222611086330400,38.11833032226563,-6.126988258311152,-7.595374465221166,0.9698881845328956
1789222611096325600,38.12832568359375,-6.177325529885292,-7.559398896476626,0.9308700332220643
1789222611106319400,38.1383193359375,-6.254423382613062,-7.501327231258154,0.8846825748037547
1789222611116313300,38.14831323242188,-6.301661519128084,-7.46528268893063,0.8538215725939721
1789222611126308400,38.15830834960938,-6.276779006806016,-7.487727744972705,0.8404569179777055
1789222611136302600,38.168302490234375,-6.228986743539571,-7.5246543308317655,0.8658421921901405
1789222611146296600,38.17829663085938,-6.2027294357329605,-7.537730670025944,0.9376325130943208
1789222611156291600,38.18829150390625,-6.196566236928105,-7.529334597602486,1.040226041606441
1789222611166285600,38.19828564453125,-6.2122600651443,-7.505297888454795,1.1174578229121863
1789222611176279600,38.20827954101563,-6.23943448779583,-7.484145794832706,1.107878458988294
1789222611186274600,38.21827465820313,-6.270813960921764,-7.468413972693681,1.0344456315740942
1789222611196268500,38.2282685546875,-6.300790581512451,-7.453556595301627,0.9565115472178906
1789222611206262500,38.23826245117188,-6.303249665102363,-7.4570952908217905,0.9116814947579055
1789222611216257500,38.24825756835938,-6.288095350590348,-7.469835529929399,0.9120308927174657
1789222611226251500,38.25825146484375,-6.25985534453392,-7.487120426729321,0.9631351300761103
1789222611236245800,38.26824584960937,-6.2303971948593855,-7.5017083395302295,1.0377413851838557
1789222611246240500,38.27824047851563,-6.228748843130469,-7.493711495557427,1.1033381121449173
1789222611256234500,38.288234375,-6.2390972186654805,-7.484792860564589,1.1054071735039352
1789222611266229500,38.2982294921875,-6.244864111629128,-7.490227745094895,1.0336997085776178
1789222611276223500,38.30822338867188,-6.259307063001394,-7.489563143706321,0.9475719425022602
1789222611286217500,38.318217529296874,-6.285286722910404,-7.478755333966016,0.8566047735717147
1789222611296212500,38.32821240234375,-6.305969445455074,-7.4716925559729335,0.7608863915260881
1789222611306206500,38.33820654296875,-6.302551161444187,-7.476903568619489,0.7376557380642742
1789222611316200400,38.34820043945312,-6.256257612302899,-7.5123367010504,0.7709897793240845
1789222611326195500,38.358195556640624,-6.196566236928105,-7.5572934486299745,0.8125706937950103
1789222611336189400,38.368189453125,-6.187042621779441,-7.560998148366808,0.8498156248882413
1789222611346183400,38.37818334960937,-6.252391584524512,-7.505609438621997,0.86244633920677
1789222611356178400,38.38817846679687,-6.363797949567437,-7.420158768090605,0.7833928954318166
1789222611366172700,38.39817260742188,-6.4642796004921195,-7.345171039384603,0.6572257452391088
1789222611376166700,38.408166748046874,-6.494062159815431,-7.324149878665804,0.5952911575147882
1789222611386161700,38.41816162109375,-6.442082966253161,-7.371339499863982,0.5773210914622992
1789222611396155600,38.42815576171875,-6.347839917457104,-7.454938989570737,0.5469982877824455
1789222611406149600,38.43814965820312,-6.264284851413965,-7.526186362704634,0.5344557997366414
1789222611416144600,38.44814453125,-6.228455413141846,-7.55278970746994,0.5762760393887758
1789222611426138600,38.458138671875,-6.235999837172031,-7.541702496266365,0.6367202058922499
1789222611436132600,38.46813256835937,-6.250691210347414,-7.526270533856749,0.6741577369481325
1789222611446127600,38.47812768554687,-6.257042040678859,-7.520976519101858,0.6743309746231884
1789222611456121600,38.48812158203125,-6.2545274275094265,-7.5255176696628325,0.6464188853468745
1789222611466115800,38.49811572265625,-6.266147722676396,-7.517851080557704,0.6226554401826113
1789222611476110600,38.50811059570312,-6.30819472028911,-7.4832386168599125,0.6149945501659065
1789222611486104800,38.51810473632813,-6.354018313831091,-7.446162977918982,0.5928663049880415
1789222611496098800,38.52809887695312,-6.367193437224627,-7.438341490513086,0.5480011812146752
1789222611506093800,38.53809375,-6.350459744566678,-7.452216871130466,0.5536304192733019
1789222611516087800,38.548087890625,-6.318134515023231,-7.472372354930639,0.6443671404488385
1789222611526081800,38.55808178710937,-6.283869257327914,-7.490528189346194,0.7585306221801787
1789222611536076800,38.56807690429687,-6.277578632751107,-7.48973323957622,0.8162600498322397
1789222611546070800,38.57807080078125,-6.310226518377661,-7.4662091561257835,0.7791882102835923
1789222611556064800,38.58806469726562,-6.356710037133097,-7.437823019596934,0.6643845309525728
1789222611566059800,38.59805981445312,-6.37852556309998,-7.428738964909314,0.5464741908431053
1789222611576053500,38.608053466796875,-6.371600147750973,-7.437911866924166,0.500563101680763
1789222611586047700,38.6180478515625,-6.325597690510749,-7.47235131214261,0.5667212253842503
1789222611596042800,38.62804272460937,-6.256642227706313,-7.517453605672717,0.716029962515831
1789222611606036700,38.63803662109375,-6.175469672885537,-7.571960271885991,0.8362869388166815
1789222611616030700,38.64803076171875,-6.128266607683897,-7.6072817606359715,0.8625525029949843
1789222611626025700,38.65802563476562,-6.160424663966894,-7.587675727412104,0.8041939836591482
1789222611636019700,38.668019775390626,-6.212794902673363,-7.556532985651493,0.6858345846079289
1789222611646013700,38.678013671875,-6.252046132087707,-7.533414560392498,0.574437571915239
1789222611656008700,38.6880087890625,-6.278307531547546,-7.516143107596039,0.5107109862076118
1789222611666002700,38.698002685546875,-6.292375804388523,-7.5035115895599125,0.5231656498394907
1789222611675996700,38.70799658203125,-6.271621185651421,-7.516760947233438,0.5791795422779396
1789222611685991700,38.71799169921875,-6.267237271478772,-7.516693142694234,0.6256584944561123
1789222611695986000,38.72798583984375,-6.2937272189974784,-7.492156082808971,0.6534324173707514
1789222611705980000,38.73797998046875,-6.288208747836947,-7.496032631981373,0.6620465895242988
1789222611715975000,38.74797485351562,-6.2595560693264005,-7.519762467136979,0.6644733782798051
1789222611725969000,38.757968994140626,-6.241515970245003,-7.5370269056707615,0.6380305578384549
1789222611735962600,38.76796264648438,-6.238003578209876,-7.543121130892634,0.5991743556236848
1789222611745958000,38.7779580078125,-6.227154851937294,-7.554426368761062,0.568827257752791
1789222611755951600,38.78795166015625,-6.210538063657284,-7.570183909863233,0.5402908625656738
1789222611765945600,38.79794555664063,-6.2198150105684995,-7.563295319393276,0.529953044957295
1789222611775940600,38.80794067382813,-6.241305542364716,-7.544831441941857,0.5403876740036532
1789222611785934600,38.8179345703125,-6.265192029386759,-7.522026320415735,0.5804103992471471
1789222611795928800,38.8279287109375,-6.274928410503268,-7.51108816229403,0.6158071086578071
1789222611805923600,38.83792358398438,-6.25066081520915,-7.530995808812976,0.619455767358467
1789222611815917800,38.847917724609374,-6.221997030782699,-7.556555782005191,0.5963294510539621
1789222611825911800,38.85791186523438,-6.202210380294918,-7.574654917797446,0.5723372021025046
1789222611835906800,38.86790673828125,-6.182611361333728,-7.591750429505109,0.5576935770589858
1789222611845900800,38.87790087890625,-6.163591603565216,-7.609156906858086,0.5303209649542346
1789222611855894800,38.88789477539063,-6.163838856324553,-7.609775915539264,0.5184474622111768
1789222611865889800,38.89788989257813,-6.199818516722321,-7.579414095023274,0.5339696601875126
1789222611875883800,38.9078837890625,-6.264122938850521,-7.5253674475371835,0.5477199165878817
1789222611885877800,38.91787768554688,-6.325152869352698,-7.475126622074842,0.5341414000252261
1789222611895872800,38.92787280273438,-6.323729558551311,-7.479561389651894,0.4868255586314946
1789222611905866500,38.93786645507812,-6.262324364995956,-7.532444254055619,0.4647224844275042
1789222611915860700,38.94786083984375,-6.180052909022569,-7.598940048748254,0.4831670361239463
1789222611925854700,38.95785473632812,-6.0906491169512265,-7.670416554462909,0.48897586853317915
1789222611935849700,38.967849609375,-6.007868542411923,-7.732938769349455,0.5268311500770971
1789222611945843700,38.97784375,-5.997124445557594,-7.733131077051162,0.635268107387796
1789222611955837700,38.98783764648437,-6.095595341181754,-7.647339045736193,0.7295927700527012
1789222611965832700,38.99783276367187,-6.22421412231028,-7.547237918561697,0.6846461785409599
1789222611975826700,39.00782666015625,-6.338751771116256,-7.463225756400823,0.539325378534384
1789222611985820700,39.01782055664062,-6.408592200061679,-7.411651636508107,0.4095749995600432
1789222611995815700,39.02781567382812,-6.368627269420028,-7.44876000867486,0.3562941488146782
1789222612005809700,39.0378095703125,-6.286162336701154,-7.5157263434886925,0.4103755753532052
1789222612015804000,39.04780395507812,-6.231102128258347,-7.55528853854835,0.5112459333345294
1789222612025799000,39.057798828125,-6.17719751959145,-7.5951880027383565,0.5707268442964181
1789222612035793000,39.06779296875,-6.189653096538782,-7.582843484950065,0.5992156740147621
1789222612045786600,39.07778662109375,-6.243550106421113,-7.539277314946055,0.58971131155584
1789222612055782000,39.08778198242187,-6.285493059137464,-7.508470673272013,0.5346225711382925
1789222612065775600,39.097775634765625,-6.33428719292283,-7.470334711623192,0.49120855948869135
1789222612075769600,39.10776953125,-6.360300755101442,-7.448755332499742,0.48269649600274855
1789222612085764600,39.1177646484375,-6.342991308382153,-7.464298354068398,0.47020182915404435
1789222612095758600,39.127758544921875,-6.315695305177569,-7.489763634714484,0.4310733128039166
1789222612105752800,39.1377529296875,-6.27634178443253,-7.525007382053136,0.3901042831536382
1789222612115747600,39.14774755859375,-6.205242879858613,-7.583610377669334,0.3926824265459552
1789222612125741800,39.157741943359376,-6.1485045090705155,-7.626516037937998,0.45004433605987576
1789222612135735800,39.16773583984375,-6.185740891531109,-7.590299646174907,0.5425370705898851
1789222612145730800,39.17773071289062,-6.288256094110012,-7.503672917601466,0.5684310615094378
1789222612155724800,39.187724853515626,-6.365237626981735,-7.443914906731248,0.49220969935525205
1789222612165718800,39.19771875,-6.413745345041155,-7.408259655982255,0.3898011354885995
1789222612175713800,39.2077138671875,-6.428218691551685,-7.399787011191249,0.3025518911026418
1789222612185707800,39.217707763671875,-6.393303445515036,-7.432003519663215,0.24775444351555778
1789222612195701800,39.22770166015625,-6.340140010604262,-7.47638042152822,0.27703732795473185
1789222612205696800,39.23769677734375,-6.275767199414968,-7.525909299328923,0.3818700867610052
1789222612215690800,39.247690673828124,-6.21492665400505,-7.567935254153609,0.5209899497682229
1789222612225684700,39.25768481445313,-6.198425016537309,-7.5738593835055825,0.6217478968836366
1789222612235679700,39.2676796875,-6.213849964684248,-7.560933850958943,0.6250899007879197
1789222612245673700,39.277673828125,-6.239038181954622,-7.546259428918361,0.5465918989386409
1789222612255667700,39.28766772460938,-6.2836366176158185,-7.51489106170833,0.4612024205425754
1789222612265662700,39.29766284179688,-6.328409825322032,-7.480692439508438,0.4010663336075842
1789222612275656700,39.30765673828125,-6.3464814885854715,-7.467102305573224,0.3673461791070178
1789222612285650700,39.31765063476563,-6.342834071993828,-7.468539060378074,0.3996978217333555
1789222612295645700,39.32764575195313,-6.317119785022736,-7.485655030351877,0.4789174523880705
1789222612305639700,39.3376396484375,-6.27462679720819,-7.5153049032062285,0.5653703222319484
1789222612315633700,39.34763354492188,-6.2488172331690786,-7.532958048796654,0.6141790690645575
1789222612325628700,39.35762866210938,-6.265736219266056,-7.5199910151958465,0.6005626681769266
1789222612335623000,39.367622802734374,-6.285632175347208,-7.507086525437235,0.5521387194108217
1789222612345617000,39.37761694335938,-6.29178309919238,-7.503488793206214,0.5305717248449102
1789222612355612000,39.38761181640625,-6.298438465428352,-7.496403218859434,0.5513595517318696
1789222612365606000,39.39760595703125,-6.285011413100362,-7.505147666329145,0.5846192856464535
1789222612375599600,39.407599609375,-6.25386867133975,-7.528490547993779,0.6175268451225012
1789222612385595000,39.41759497070313,-6.225541571521759,-7.550237100377679,0.6379243209850043
1789222612395588600,39.42758862304687,-6.213301098629832,-7.560711732640862,0.6331723772175609
1789222612405582600,39.43758251953125,-6.231802385482192,-7.54575790913701,0.6297269129388035
1789222612415577600,39.44757763671875,-6.264338042905926,-7.51858465552926,0.6319281493101269
1789222612425572000,39.457572021484374,-6.271309635484219,-7.513769948723912,0.6199386555045843
1789222612435566000,39.46756616210938,-6.258647722309828,-7.527029827791452,0.5861214703703299
1789222612445561000,39.47756103515625,-6.220865980926155,-7.562609675216675,0.5273975517882034
1789222612455555300,39.487555419921875,-6.196815827775001,-7.580680169436335,0.5505886404246092
1789222612465549000,39.49754907226563,-6.174952955535054,-7.590048301762342,0.656891398718208
1789222612475543000,39.50754296875,-6.133043320566415,-7.615909888249635,0.7443702871415764
1789222612485538000,39.5175380859375,-6.109655430716276,-7.631330160221457,0.7780074030011892
1789222612495532000,39.52753198242188,-6.133334996989369,-7.612858683985471,0.772638934770599
1789222612505526000,39.537526123046874,-6.185971777677536,-7.57487119089663,0.7248896338630467
1789222612515521000,39.54752099609375,-6.244297125396132,-7.533372474816441,0.6537856877878307
1789222612525515000,39.557514892578126,-6.286424202507734,-7.501831089127063,0.6113771633863448
1789222612535509000,39.56750903320312,-6.290398366835713,-7.496724121376872,0.6327732948973774
1789222612545504000,39.57750390625,-6.266336523246765,-7.5123963222831485,0.6836082868605852
1789222612555498200,39.58749829101563,-6.225250479620695,-7.542620780155063,0.7249208327189087
1789222612565492200,39.5974921875,-6.188405142304301,-7.5698507323861115,0.7559007851332425
1789222612575487200,39.6074873046875,-6.173031632083654,-7.580617041072249,0.7735048308849334
1789222612585481200,39.61748120117188,-6.191226044943928,-7.567254286152124,0.7587947530090808
1789222612595475200,39.62747509765625,-6.2440878665596244,-7.5274787406027315,0.7202889351345598
1789222612605470200,39.63747021484375,-6.289928995758295,-7.49357588647902,0.6734194858014583
1789222612615464200,39.64746411132813,-6.293137436410785,-7.493297654059529,0.6459797632772475
1789222612625458000,39.6574580078125,-6.264139305463433,-7.51668320582211,0.6560574321120977
1789222612635453200,39.667453125,-6.230464414876699,-7.540760831502079,0.6990208139173686
1789222612645447000,39.677447021484376,-6.2034910677552215,-7.557540116867423,0.7554300988815724
1789222612655441200,39.68744116210937,-6.182251295849681,-7.570138901677727,0.8019643249109387
1789222612665436000,39.69743579101562,-6.196245334410667,-7.555119611722231,0.8349301904454827
1789222612675430100,39.70743017578125,-6.2434957458853715,-7.516392698442935,0.832465115506202
1789222612685424000,39.71742407226562,-6.288415084064006,-7.485078107246756,0.7744871929857879
1789222612695419100,39.72741918945312,-6.3517088678449385,-7.441805951753258,0.6676152565021067
1789222612705413000,39.7374130859375,-6.401538189896941,-7.407821264564991,0.5611421831429004
1789222612715407000,39.74740698242187,-6.411395567044615,-7.399720375695824,0.5554540545038879
1789222612725402000,39.75740209960937,-6.407988973471522,-7.394438051378726,0.6560088437300176
1789222612735396000,39.76739599609375,-6.373505689111352,-7.414989256498217,0.7528235696449875
1789222612745390000,39.77739013671875,-6.331555722132324,-7.445275673690438,0.8060080473437905
1789222612755384300,39.78738427734375,-6.3058437732487915,-7.466203895428777,0.8139515536941587
1789222612765379000,39.797379150390626,-6.284188990801573,-7.488254983717202,0.7780661474511027
1789222612775373300,39.80737329101562,-6.279152165678143,-7.49753017706275,0.7277852091740816
1789222612785367000,39.817366943359374,-6.302237857711315,-7.481465761968493,0.6927141149885953
1789222612795362000,39.827362060546875,-6.3332975973635905,-7.45744951108694,0.6679661157663911
1789222612805356000,39.83735595703125,-6.362286960482597,-7.433609785816073,0.6581283931672572
1789222612815350000,39.84735009765625,-6.372768022486567,-7.424325240120291,0.6615259997162968
1789222612825345000,39.857344970703124,-6.342639426204562,-7.448943548548221,0.6742017222203314
1789222612835339000,39.86733911132813,-6.2768836362242695,-7.501840441477298,0.7025006919223815
1789222612845333000,39.8773330078125,-6.216714121943712,-7.5484151456475255,0.7377451699133962
1789222612855328000,39.887327880859374,-6.190735046556592,-7.567340210869908,0.7619310782734304
1789222612865322200,39.897322265625,-6.199982182851433,-7.559439813008904,0.7651628267362713
1789222612875316200,39.907316162109375,-6.241528829726576,-7.529119493547081,0.7253046444047242
1789222612885311200,39.917311279296875,-6.308810221838951,-7.47858114644289,0.6634244537487626
1789222612895305200,39.92730517578125,-6.349073258644342,-7.447684488397837,0.625811566125974
1789222612905299200,39.93729931640625,-6.344056307265162,-7.4515329805195325,0.6308679727327078
1789222612915294200,39.947294189453125,-6.314866453137993,-7.473422740766406,0.6639222472030669
1789222612925288200,39.9572880859375,-6.264473067462444,-7.510777196648717,0.7176268032532185
1789222612935282000,39.96728198242187,-6.218225111028552,-7.540903454843163,0.7992678523685782
1789222612945277200,39.977277099609374,-6.203428523913026,-7.547627794662118,0.8492188280388713
1789222612955271000,39.98727099609375,-6.2073126718699925,-7.549421107819676,0.803677193243429
1789222612965265200,39.99726513671875,-6.231964298045635,-7.5388605508387085,0.7061098953954875
1789222612975260000,40.00726000976562,-6.284244520381093,-7.501959099420905,0.6318604909013956
1789222612985254100,40.01725415039063,-6.316369843438268,-7.477727744483947,0.5978678030697628
1789222612995248000,40.027248046875,-6.322135567358136,-7.472514978271723,0.6020850189059972
1789222613005242000,40.0372421875,-6.308571152386069,-7.4808777329474685,0.6393558150928467
1789222613015237000,40.04723706054688,-6.268678117936849,-7.51052760580182,0.6826669874224811
1789222613025231000,40.057231201171874,-6.216956698527932,-7.551009838315844,0.7085719015948474
1789222613035225000,40.06722509765625,-6.191911689120531,-7.570928590750694,0.7152987986970692
1789222613045220000,40.07722021484375,-6.185727447527647,-7.577489848962426,0.6991426867313683
1789222613055214000,40.08721411132812,-6.204533854806423,-7.565151176393032,0.6653019380584358
1789222613065208300,40.09720825195313,-6.256393805903196,-7.5256743215292685,0.6262278918419033
1789222613075203000,40.107203125,-6.305876506474614,-7.486976049822569,0.5928764975884929
1789222613085197300,40.117197265625,-6.337884340631962,-7.462044437661767,0.5652341651642695
1789222613095191000,40.12719091796875,-6.34189766792655,-7.46052760335803,0.5396779548317193
1789222613105186300,40.13718627929688,-6.306875454384088,-7.490173969081043,0.5394394333681092
1789222613115180000,40.14717993164062,-6.280325301110744,-7.507716640034317,0.6017392742082476
1789222613125174000,40.157174072265626,-6.268438463962077,-7.511585005900264,0.6731684336498379
1789222613135169000,40.1671689453125,-6.249079098975658,-7.527716056489944,0.6729676503807306
1789222613145163000,40.1771630859375,-6.248711434707046,-7.531832844159006,0.6288813289601355
1789222613155157000,40.187156982421875,-6.287157192957401,-7.502509719040989,0.5953171687388792
1789222613165152000,40.197152099609376,-6.339214127930998,-7.460323605218529,0.5730044703721999
1789222613175146000,40.20714599609375,-6.368176603043079,-7.437496271860599,0.5480446915628389
1789222613185140200,40.21714013671875,-6.359575947958231,-7.447290520644187,0.5138382879152894
1789222613195134200,40.22713427734375,-6.344682914730906,-7.460078690546751,0.5124541400805115
1789222613205129200,40.23712915039062,-6.338479383915662,-7.463521524477005,0.5384344575766473
1789222613215123200,40.247123291015626,-6.338945832383632,-7.460458629775047,0.5742085854649543
1789222613225117200,40.2571171875,-6.326614758598804,-7.467818344888091,0.6132069360967726
1789222613235112200,40.2671123046875,-6.288285320204496,-7.497650588572025,0.6427260952435433
1789222613245106200,40.277106201171875,-6.2519537776291365,-7.526267026725411,0.6623927726134657
1789222613255100000,40.28709985351563,-6.242639421316981,-7.534136444926261,0.6607762042623013
1789222613265095000,40.29709497070313,-6.272043210455775,-7.509471959269046,0.6630907648149877
1789222613275089200,40.307089111328125,-6.291108560931682,-7.494934315350651,0.6467690139587968
1789222613285083100,40.31708325195312,-6.2989697958260775,-7.491064780440926,0.6142640439342707
1789222613295078100,40.327078125,-6.311085765555501,-7.480710559687018,0.6160723354652524
1789222613305072000,40.337072021484374,-6.3409063188016415,-7.4518819400876755,0.657832332830131
1789222613315066000,40.34706616210938,-6.367044384142756,-7.426842775899171,0.687844024734199
1789222613325061000,40.35706103515625,-6.340010831266642,-7.4508262935549014,0.6781072782915085
1789222613335055000,40.36705517578125,-6.28648674634993,-7.496967867004871,0.6677918551780283
1789222613345049000,40.37704907226563,-6.251814076897501,-7.525140068522095,0.6763693485829979
1789222613355043000,40.38704296875,-6.256765561825037,-7.520228331083059,0.6851597540862858
1789222613365038000,40.3970380859375,-6.286036664494872,-7.494170345240831,0.7025134783387184
1789222613375032000,40.40703198242188,-6.285637436044216,-7.493741306173801,0.7106225505143403
1789222613385026300,40.4170263671875,-6.264089621102809,-7.5127669091612095,0.6999269689768552
1789222613395021300,40.427021240234374,-6.252922330400347,-7.523782224172353,0.6812140852004289
1789222613405015000,40.43701513671875,-6.249010125392675,-7.528844768258929,0.6608802491586655
1789222613415009000,40.44700903320312,-6.249527427265048,-7.528035789963603,0.6651884677466005
1789222613425003300,40.45700317382813,-6.243228619381785,-7.529940162280202,0.7017701126255095
1789222613434997200,40.466997314453124,-6.239848329293728,-7.530849093818664,0.7217942251309752
1789222613444991200,40.4769912109375,-6.253021114599704,-7.524186713320017,0.675816610071063
1789222613454986200,40.486986328125,-6.283722542333603,-7.505721666824817,0.5910755491137504
1789222613464980500,40.49698046875,-6.299372531408071,-7.496641119268536,0.5372855432698502
1789222613474974500,40.50697436523438,-6.312497385919094,-7.484845467534661,0.5475905180545524
1789222613484969500,40.51696948242188,-6.335776554697752,-7.462306887990236,0.5850495302898809
1789222613494963500,40.52696337890625,-6.353495166739821,-7.445049463719129,0.6121422660073265
1789222613504957400,40.53695751953125,-6.362323200839757,-7.436933961802721,0.6190602652348578
1789222613514951400,40.546951416015624,-6.3645245102763175,-7.437654677292704,0.5869462307566776
1789222613524946400,40.556946533203124,-6.36677491955161,-7.4400237445116035,0.529727784834057
1789222613534940200,40.566940185546876,-6.3542977152943605,-7.452887317737937,0.49775202631540594
1789222613544934400,40.57693432617187,-6.3409980887383215,-7.462288183289766,0.5257284860648215
1789222613554929200,40.58692919921875,-6.316833953818678,-7.479000248637795,0.5766679247831925
1789222613564923400,40.59692333984375,-6.29031127307415,-7.498548414194583,0.6116677438307553
1789222613574917400,40.60691748046875,-6.27578122794032,-7.509331674015521,0.6284107157737017
1789222613584912400,40.61691235351562,-6.27520313579142,-7.509439810565113,0.6328695948787033
1789222613594906400,40.62690625,-6.297232596769929,-7.492944018316268,0.6091238680342212
1789222613604900400,40.636900390625,-6.329213542920351,-7.470154678881168,0.5551842976517976
1789222613614895400,40.64689526367187,-6.3518754565835,-7.453864053815603,0.5137781186932697
1789222613624889300,40.65688940429688,-6.364000194141268,-7.444089094254374,0.5053981571543962
1789222613634883300,40.66688330078125,-6.352907722240686,-7.453170810854434,0.511072878322564
1789222613644878300,40.67687841796875,-6.330293154850602,-7.47117583862245,0.5284899866674095
1789222613654872300,40.686872314453126,-6.323027547761797,-7.475574950364232,0.552709943427518
1789222613664866600,40.69686645507812,-6.319184316337108,-7.478316358026862,0.5595409950239584
1789222613674860500,40.70686059570313,-6.321584363216162,-7.476276376631856,0.5596840932890772
1789222613684855600,40.71685546875,-6.323744756120443,-7.474176189482211,0.5633157277897
1789222613694849300,40.72684936523437,-6.317761590057611,-7.478554258435964,0.5722691053023562
1789222613704843300,40.73684326171875,-6.314093130677938,-7.480224821996688,0.5906384728707372
1789222613714838300,40.74683837890625,-6.299869959536195,-7.489916194927692,0.6190216867901385
1789222613724832300,40.75683227539062,-6.299398250371217,-7.487750541326403,0.6492756630174815
1789222613734826200,40.766826171875,-6.3160109469979995,-7.472868614014983,0.6592597352847457
1789222613744821200,40.7768212890625,-6.32404929202497,-7.4675921349167815,0.6417644836697727
1789222613754815200,40.78681518554688,-6.327042044100165,-7.466916427612304,0.6197437174543738
1789222613764809500,40.7968095703125,-6.318759368923306,-7.474187295398115,0.6165982590354979
1789222613774804500,40.806804443359376,-6.303918358144164,-7.4833952687263485,0.6555877687737345
1789222613784798500,40.81679858398437,-6.281784852269292,-7.4957093913763755,0.7238089990194887
1789222613794792400,40.82679248046875,-6.27250030657351,-7.498176073750853,0.7768409895703197
1789222613804786400,40.83678637695313,-6.264567760008573,-7.5041533945947885,0.7831152475342154
1789222613814781400,40.84678149414062,-6.256960792136192,-7.512973245388269,0.7589887412112206
1789222613824775400,40.856775390625,-6.273351954966783,-7.50159435776174,0.7358854404561221
1789222613834769200,40.86676904296875,-6.305470263761282,-7.4768065379858015,0.713293450224027
1789222613844764400,40.87676440429688,-6.329758901843428,-7.455363352462649,0.7225608986545353
1789222613854758100,40.88675805664062,-6.337969096305966,-7.4460852365076535,0.7458926013380288
1789222613864752400,40.89675244140625,-6.3252165822386734,-7.458828982746601,0.7265622432503849
1789222613874747400,40.90674731445313,-6.289537950614094,-7.492450681841373,0.6893975377865136
1789222613884741400,40.916741455078125,-6.24752836240232,-7.524173853838444,0.7249694941662251
1789222613894735400,40.9267353515625,-6.199720317044854,-7.556532985651493,0.7953975137412548
1789222613904730400,40.93673046875,-6.166006263491511,-7.581209161746502,0.8222019340366125
1789222613914724400,40.946724365234374,-6.181054195019603,-7.571738153567909,0.796079650786519
1789222613924718300,40.95671826171875,-6.25517332419753,-7.51662767624259,0.7372225342787802
1789222613934712300,40.96671240234375,-6.323700332456827,-7.469192555850744,0.6263852743607013
1789222613944707300,40.97670727539062,-6.348437298828363,-7.457213364243507,0.5076441459828988
1789222613954701300,40.98670141601563,-6.354188409700989,-7.4550488796859975,0.46574017357006664
1789222613964695600,40.996695556640624,-6.337040291023254,-7.465740954092144,0.524424856120348
1789222613974690600,41.006690673828125,-6.297282865652441,-7.49217654107511,0.6179840873707085
1789222613984684500,41.0166845703125,-6.25610739017725,-7.524190804973244,0.6465666963197291
1789222613994678300,41.02667822265625,-6.240293150451779,-7.540525853702426,0.607949271296896
1789222614004673300,41.03667333984375,-6.274919642674923,-7.517691506081819,0.5292384304145351
1789222614014667300,41.046667236328126,-6.331438233232498,-7.477080678752064,0.42016956840846686
1789222614024661200,41.0566611328125,-6.385376744168997,-7.435287948161363,0.3373965561211109
1789222614034655200,41.0666552734375,-6.425329399850964,-7.401821147367357,0.3139547441266477
1789222614044650200,41.076650146484376,-6.4175231100142,-7.408263163113594,0.3215940433660522
1789222614054644200,41.08664428710937,-6.3697214943975204,-7.448803263294696,0.3352004708489403
1789222614064638500,41.096638427734376,-6.330850788733363,-7.479877615994215,0.3770296975251287
1789222614074633500,41.10663354492188,-6.292527195557952,-7.510503055882453,0.40845943953357633
1789222614084627500,41.11662744140625,-6.265214241218566,-7.533855289897322,0.3981224256427958
1789222614094621400,41.126621337890626,-6.269128199791908,-7.531634691238403,0.37801680886633693
1789222614104616400,41.136616455078126,-6.297930515906215,-7.507448344486951,0.38036238561179486
1789222614114610400,41.1466103515625,-6.345601783141493,-7.467114580532908,0.3819966722827404
1789222614124604400,41.1566044921875,-6.3835559584826225,-7.436219091531634,0.35105946303158997
1789222614134599400,41.166599365234376,-6.39637393900156,-7.427496855893731,0.29846336141368374
1789222614144593400,41.17659350585937,-6.3984384703159325,-7.427046774038672,0.26332742183106017
1789222614154587400,41.18658740234375,-6.4023886692464345,-7.422804898685216,0.2859576617143117
1789222614164581400,41.19658129882812,-6.388887967160343,-7.430413620123267,0.3761077238420024
1789222614174576400,41.20657641601562,-6.361624112659692,-7.448092484676837,0.4754347613714635
1789222614184570400,41.2165703125,-6.331698345473408,-7.46953625472188,0.5348034441305324
1789222614194564400,41.226564453125,-6.3276218898147345,-7.471655146571994,0.5531322604928165
1789222614204559400,41.23655932617187,-6.356003934690356,-7.448669992303848,0.5375089036969468
1789222614214553300,41.24655322265625,-6.384751890268921,-7.427301625582575,0.4904329354736954
1789222614224547300,41.25654736328125,-6.410195543605089,-7.407242587894201,0.4610059481224045
1789222614234542300,41.26654223632813,-6.43365416060388,-7.385438167843223,0.4834984600353986
1789222614244536300,41.276536376953125,-6.427597344782948,-7.386216166478395,0.5478907431101426
1789222614254530300,41.2865302734375,-6.392081794765591,-7.409874689963459,0.6367295582424849
1789222614264524500,41.296524658203126,-6.338136854088306,-7.448352012395858,0.7214234190572053
1789222614274519600,41.30651953125,-6.295657310277223,-7.477185308170318,0.7917024586156011
1789222614284513500,41.31651342773438,-6.277657543206215,-7.489258607801794,0.8200109998635947
1789222614294507300,41.32650732421875,-6.274240428239107,-7.495074016082286,0.7925734692964702
1789222614304502300,41.336502197265624,-6.300758432808518,-7.47608173084259,0.7609411904532462
1789222614314496300,41.34649633789063,-6.353861661964655,-7.429409411516785,0.7763355973314493
1789222614324490200,41.356490234375,-6.382635336506366,-7.401141348409652,0.8095991306383162
1789222614334485200,41.3664853515625,-6.37597061792016,-7.403419814735651,0.8406909459292888
1789222614344479200,41.37647924804688,-6.36340047468245,-7.409497673344612,0.8813979271098971
1789222614354473500,41.386473388671874,-6.327075361847877,-7.434810978299379,0.9284827727593481
1789222614364468200,41.39646826171875,-6.269452024918794,-7.4754656447708605,0.990845851561427
1789222614374462500,41.40646240234375,-6.236538181832432,-7.496229031336307,1.0404466255545615
1789222614384456400,41.41645654296875,-6.2354591544240705,-7.497574600726366,1.0372148040264844
1789222614394450400,41.42645043945313,-6.26213205729425,-7.480145911541581,1.0017549297191202
1789222614404445400,41.43644555664063,-6.294994462454318,-7.458499896922707,0.9561411064703017
1789222614414439400,41.446439453125,-6.322775034305453,-7.440671394765377,0.9106676415402442
1789222614424433400,41.45643334960938,-6.353546020144224,-7.417720727288723,0.8833215886488557
1789222614434428400,41.46642846679688,-6.355027783134579,-7.416524795502424,0.8827001688148826
1789222614444422400,41.47642236328125,-6.332035030081868,-7.432222130849957,0.9153051651477813
1789222614454416600,41.48641674804688,-6.297290464437007,-7.458487621963024,0.9410027932450175
1789222614464410400,41.49641040039062,-6.245130069088935,-7.503352015084028,0.9319065366629511
1789222614474405400,41.5064052734375,-6.204485924011468,-7.539018956270813,0.9153886787127703
1789222614484399400,41.5163994140625,-6.187299811410903,-7.554724474924802,0.9021338411465286
1789222614494393300,41.52639331054687,-6.178299343353509,-7.567296956250071,0.8573362296514213
1789222614504388400,41.53638842773437,-6.183263687762618,-7.569352719736099,0.8015889157272875
1789222614514382300,41.54638232421875,-6.2119274721890685,-7.548963427180051,0.7716805380672216
1789222614524376300,41.55637622070312,-6.247043793755769,-7.521112712702155,0.760056005116552
1789222614534371300,41.56637133789062,-6.2769982025146485,-7.496211495679616,0.7592743532195687
1789222614544365300,41.576365234375,-6.298164909183979,-7.479743760481476,0.7462802854813635
1789222614554359600,41.58635961914062,-6.30153935405314,-7.480599500527977,0.7082448615975677
1789222614564354300,41.59635424804687,-6.279535027515887,-7.501088746327161,0.6866598564509302
1789222614574348500,41.6063486328125,-6.254273745009303,-7.521216173076629,0.696967169323191
1789222614584342500,41.61634252929687,-6.232687351623177,-7.5398793724924325,0.6886273571316153
1789222614594336500,41.62633642578125,-6.225336988860368,-7.549494173055887,0.6486146418254822
1789222614604331500,41.63633154296875,-6.264585295665264,-7.519210678473114,0.6219663619399071
1789222614614325200,41.6463251953125,-6.325183264490962,-7.469884045246243,0.6027285775065422
1789222614624319200,41.6563193359375,-6.3600254452914,-7.443926597169042,0.5553574987942352
1789222614634314200,41.666314208984375,-6.37831981139481,-7.431565128245949,0.5091890738699585
1789222614644308200,41.67630810546875,-6.374844244238734,-7.435168705695867,0.5000132492456585
1789222614654302500,41.686302490234375,-6.336695423108339,-7.465890591695905,0.5264592845574021
1789222614664296400,41.69629638671875,-6.293105287706852,-7.500142405387758,0.5613180511664598
1789222614674291500,41.70629150390625,-6.266725230303407,-7.520304318928718,0.5861335626669227
1789222614684285400,41.716285400390625,-6.255925019347667,-7.529693494042753,0.5809448349174112
1789222614694279400,41.72627954101562,-6.269551978161931,-7.520624052402376,0.5507498954009264
1789222614704274400,41.7362744140625,-6.282583309170604,-7.513671164524554,0.4942426299549639
1789222614714268400,41.746268310546874,-6.293274799054861,-7.508005978369712,0.44148894488886
1789222614724262400,41.75626245117188,-6.310887612634897,-7.494588278391957,0.41740583931617437
1789222614734257400,41.76625732421875,-6.32994127267301,-7.478528539472818,0.4169408521529287
1789222614744251400,41.77625146484375,-6.32412352630496,-7.482340791237354,0.43636809474378824
1789222614754245600,41.78624560546875,-6.280558525344729,-7.5178019807189695,0.4556525313304737
1789222614764239400,41.7962392578125,-6.241472131103277,-7.549158072969317,0.47394192899782206
1789222614774234400,41.806234375,-6.228007669374346,-7.5594532570123665,0.4867921678185463
1789222614784228400,41.81622827148438,-6.246890064498782,-7.544034154084325,0.48404246725160627
1789222614794222300,41.826222412109374,-6.302000541824102,-7.498534385669231,0.4765977042036131
1789222614804217300,41.83621728515625,-6.3344385840922595,-7.472921805506944,0.4480127206344157
1789222614814211300,41.84621142578125,-6.335845528280735,-7.473789235991239,0.4122275233628228
1789222614824205300,41.85620532226562,-6.325201384669542,-7.484397723767161,0.3821111289752647
1789222614834199600,41.86619946289063,-6.2961097302198406,-7.508590500259399,0.38788152907025064
1789222614844194300,41.8761943359375,-6.2804147329598665,-7.518334480160474,0.4488066474910825
1789222614854188500,41.8861884765625,-6.278155555856228,-7.516867330217361,0.501850620740652
1789222614864182500,41.8961826171875,-6.269401171514391,-7.5243918805032965,0.49851764039304103
1789222614874177500,41.90617749023438,-6.273666427743435,-7.522598567345738,0.4711791132209822
1789222614884171500,41.916171630859374,-6.291667363858223,-7.509112478306889,0.4455808538449928
1789222614894165500,41.92616552734375,-6.301337109479308,-7.503642522463202,0.3986047657996416
1789222614904160500,41.93616040039063,-6.285920929160714,-7.518336233726143,0.3636051294151693
1789222614914154200,41.946154296875,-6.27574615662694,-7.526226694715023,0.3758960903853178
1789222614924148200,41.956148193359375,-6.278407484790683,-7.521293914487957,0.42675387870222325
1789222614934142500,41.966142578125,-6.275963014248013,-7.521825829407573,0.45254901235718276
1789222614944137200,41.97613720703125,-6.28445494826138,-7.513264337289333,0.4763034704973921
1789222614954131500,41.98613134765625,-6.263668765342235,-7.530942617321014,0.4708959854306653
1789222614964125400,41.99612548828125,-6.216781926482915,-7.571575071960687,0.4396105107311159
1789222614974120400,42.00612036132812,-6.194831960481405,-7.590121951520443,0.42951125111896543
1789222614984114400,42.016114501953126,-6.225417068359255,-7.5644667012602085,0.43977129078339783
1789222614994108400,42.0261083984375,-6.2838365241020915,-7.515783626633882,0.44358679395094514
1789222615004102400,42.036102294921875,-6.310710502502322,-7.4932427090018985,0.44341761139649893
1789222615014097400,42.046097412109376,-6.296781930392981,-7.505029008385539,0.44211595421340316
1789222615024091400,42.05609130859375,-6.286784267991781,-7.514850729697942,0.41683249640762804
1789222615034085600,42.066085693359376,-6.283661167535185,-7.518371305039524,0.40010136103294786
1789222615044080400,42.076080322265625,-6.270468508484959,-7.528071445798873,0.4239625309506431
1789222615054074400,42.08607446289062,-6.271676715230941,-7.524786432778835,0.4626426094135269
1789222615064068400,42.096068359375,-6.280360372424125,-7.517064314094186,0.4703305701002478
1789222615074063400,42.1060634765625,-6.281921045869589,-7.516338337907195,0.4609930521082133
1789222615084057300,42.11605737304688,-6.289774681979417,-7.510343481406569,0.4514986995866522
1789222615094051300,42.12605126953125,-6.294848916503787,-7.508029943767189,0.4180214869964868
1789222615104045300,42.13604541015625,-6.297032690283656,-7.5081760742396115,0.38087000634036955
1789222615114040300,42.14604028320313,-6.3086389569252725,-7.497726576417684,0.39440358778275547
1789222615124034300,42.156034423828125,-6.310102015215158,-7.493588745960593,0.44623515303526073
1789222615134028500,42.16602856445313,-6.314178470873832,-7.488385332098603,0.47500086346622555
1789222615144023300,42.17602319335938,-6.309675314235687,-7.493098916617035,0.46028358866460617
1789222615154017500,42.186017578125,-6.264556069570779,-7.532412105351686,0.43415067442264405
1789222615164011500,42.19601147460938,-6.208323310217261,-7.5796712846547365,0.41914406128562987
1789222615174005500,42.206005615234375,-6.19472966915071,-7.589796957349777,0.4366777817474678
1789222615184000500,42.21600048828125,-6.243705004721879,-7.547934084132313,0.4639160999480635
1789222615193994200,42.225994140625,-6.3007654470711945,-7.500314839345216,0.4647722418533638
1789222615203988200,42.23598828125,-6.337254810556769,-7.470283858218789,0.45215847866963593
1789222615213983200,42.24598315429687,-6.344059229874611,-7.465540463083982,0.4347438910754397
1789222615223977200,42.25597729492188,-6.319706878906488,-7.486658654436469,0.426182289359346
1789222615233971500,42.265971435546874,-6.270513516670465,-7.528406376841664,0.4173027077352628
1789222615243966500,42.275966552734374,-6.245249896076321,-7.547919471085071,0.44289925007820125
1789222615253960400,42.28596044921875,-6.245301918524503,-7.545562094303965,0.48071682996023446
1789222615263954400,42.29595434570312,-6.2522045375198125,-7.539260948333144,0.48976135635506357
1789222615273948400,42.30594848632813,-6.272040287846327,-7.5235489999383685,0.4775955196019262
1789222615283943400,42.315943359375,-6.295179171371459,-7.505022578644752,0.4644758892552927
1789222615293937400,42.3259375,-6.305548589694499,-7.496303265616297,0.4646306414255872
1789222615303931400,42.335931396484376,-6.290839680862426,-7.507205183380842,0.487436347473599
1789222615313926400,42.34592651367188,-6.266557472521066,-7.5246619296163315,0.5292609710399061
1789222615323920400,42.35592041015625,-6.253990251892804,-7.533148602932691,0.5564764563541859
1789222615333914600,42.36591455078125,-6.250888194224238,-7.535290875658393,0.5622963581467048
1789222615343908400,42.37590844726562,-6.26170126466155,-7.525415378332138,0.5741133449295536
1789222615353903400,42.3859033203125,-6.27734891564846,-7.512233240675926,0.5758651205003261
1789222615363897300,42.3958974609375,-6.290489552250504,-7.503243294012546,0.5490620153792202
1789222615373891300,42.40589135742187,-6.303910174837708,-7.493999664849042,0.5206474199408665
1789222615383886300,42.41588623046875,-6.312797830170393,-7.486274623554944,0.5240829108148813
1789222615393880300,42.42588037109375,-6.299940102162957,-7.495107333829998,0.5518198992526159
1789222615403874300,42.43587426757812,-6.268393455776572,-7.518875747430324,0.5866260588916018
1789222615413868500,42.44586865234375,-6.229795137313008,-7.5483935183376065,0.617896555217728
1789222615423863300,42.45586328125,-6.204367266067862,-7.56627287389934,0.6540084636930376
1789222615433857500,42.465857421875,-6.212157773813605,-7.557085943359136,0.6855101018939167
1789222615443851500,42.4758515625,-6.2378212073802946,-7.536869669282436,0.6749540749575942
1789222615453846500,42.485846435546875,-6.262661634126305,-7.521033802247047,0.6192799724001437
1789222615463840300,42.49584033203125,-6.272707811844349,-7.517082434272766,0.563016635245271
1789222615473834200,42.505834228515624,-6.260533389925956,-7.528243879756331,0.5492344128040596
1789222615483828200,42.515828125,-6.23335370657742,-7.547358914592862,0.5941812965767458
1789222615493823200,42.5258232421875,-6.212749309965968,-7.558051573520898,0.6693177495710552
1789222615503817200,42.535817138671874,-6.200450969406962,-7.563645448005199,0.7183763795115053
1789222615513811500,42.5458115234375,-6.202060742691159,-7.562531349283456,0.7162117488235235
1789222615523806200,42.55580615234375,-6.218620832347869,-7.5512752112537616,0.6909354148782789
1789222615533800400,42.565800537109375,-6.225768366014957,-7.548124638268351,0.6603115093600005
1789222615543794400,42.57579443359375,-6.227957400491833,-7.548240373602509,0.6379669180177152
1789222615553788400,42.585788330078124,-6.229480664536356,-7.546536492294073,0.6432346292875707
1789222615563783400,42.595783447265624,-6.229794552791118,-7.543045727568864,0.6800852273009718
1789222615573777400,42.60577734375,-6.241006851679086,-7.530419470229744,0.7162465278759599
1789222615583771400,42.615771484375,-6.251109728020429,-7.52289375090003,0.7071639344930648
1789222615593766400,42.625766357421874,-6.250881179961562,-7.527938174808025,0.6534693153150379
1789222615603760000,42.635760009765626,-6.249235166320204,-7.531445890668034,0.6283038213331252
1789222615613754400,42.64575439453125,-6.248868671095371,-7.5286045297622675,0.6649368310730904
1789222615623748400,42.65574829101563,-6.242503227716684,-7.530138315200805,0.7060826420623809
1789222615633743400,42.66574340820313,-6.237465818071365,-7.53436323941946,0.70553406826891
1789222615643737300,42.6757373046875,-6.252752819052338,-7.526042570319771,0.6573732639510184
1789222615653731300,42.6857314453125,-6.28065146432519,-7.505453371277451,0.6260795694123953
1789222615663726300,42.69572631835938,-6.28557255411446,-7.501040231010317,0.6295708455942571
1789222615673720300,42.70572021484375,-6.26656916295886,-7.516606633454561,0.6333453956969082
1789222615683714300,42.71571435546875,-6.238636615416407,-7.537974415653943,0.6547888004157691
1789222615693708500,42.72570849609375,-6.21121669357121,-7.555604180368781,0.7099472085360438
1789222615703703300,42.73570336914062,-6.2047448672086,-7.553726111537218,0.7827846273403615
1789222615713697500,42.74569750976563,-6.214832545980811,-7.543550754481553,0.800675527209416
1789222615723691500,42.75569140625,-6.219631470695138,-7.5448495621204374,0.7495407485820352
1789222615733686500,42.7656865234375,-6.229256208130717,-7.541456997072697,0.7022669562317431
1789222615743680500,42.775680419921876,-6.2644765745937825,-7.513676425221562,0.6865731280155479
1789222615753674200,42.78567431640625,-6.300268603464961,-7.484276727735995,0.6801497439045459
1789222615763668200,42.795668212890625,-6.316985929509997,-7.469457344266772,0.6879580795679241
1789222615773663200,42.805663330078126,-6.303294673287868,-7.47887866808474,0.7108084284752607
1789222615783657200,42.8156572265625,-6.265622237497568,-7.509899244770407,0.7167828997749834
1789222615793651500,42.8256513671875,-6.233533154797554,-7.536890127548575,0.7132604978024959
1789222615803646200,42.835646240234375,-6.224181973606347,-7.542241425448656,0.7379368930932134
1789222615813640400,42.84564038085937,-6.220788824036717,-7.540213134491443,0.7857224343579262
1789222615823634400,42.855634521484376,-6.209938928720355,-7.546060691475867,0.8148721756704151
1789222615833628400,42.86562841796875,-6.22317133525908,-7.536976636788249,0.7978163383860141
1789222615843623400,42.87562353515625,-6.264203018349408,-7.509348040628433,0.7347306443978101
1789222615853617400,42.885617431640625,-6.298430282121896,-7.4871215957731,0.6657035045966505
1789222615863611400,42.895611328125,-6.29939298967421,-7.489096110716462,0.6336116454176605
1789222615873606400,42.9056064453125,-6.263297593942284,-7.5171894017785785,0.6583041881255806
1789222615883600400,42.915600341796875,-6.225602361798286,-7.540183323875069,0.746921944385767
1789222615893594400,42.92559448242187,-6.209047532838583,-7.545494289764761,0.8268276210758835
1789222615903588400,42.93558837890625,-6.217299812877178,-7.537602659732103,0.8367303717352449
1789222615913583400,42.945583251953124,-6.238658242726325,-7.525443435382843,0.7856354867268354
1789222615923577300,42.95557739257813,-6.267692614030838,-7.507329686543345,0.7255373571820557
1789222615933571300,42.9655712890625,-6.293656491848826,-7.48958301745057,0.6829547913879156
1789222615943566300,42.97556640625,-6.32210867935121,-7.467460617491603,0.6620844373166561
1789222615953560300,42.98556030273438,-6.340457990512252,-7.450150586250424,0.6813450911689549
1789222615963554300,42.99555419921875,-6.3180801544874905,-7.465131297761201,0.7239172086343169
1789222615973548300,43.00554833984375,-6.274779357421398,-7.497189400801062,0.7679153403148055
1789222615983543300,43.01554321289063,-6.241587866437435,-7.523418067035078,0.7817587183587252
1789222615993537500,43.02553759765625,-6.229236918908358,-7.534171516239643,0.7766916442275047
1789222616003531500,43.03553149414063,-6.233188286882639,-7.5296397180289025,0.7888444388359784
1789222616013526500,43.04552661132813,-6.229684662675857,-7.532977338019013,0.7846447221238165
1789222616023520500,43.0555205078125,-6.233932967770099,-7.530752063184976,0.7721643029961734
1789222616033514200,43.06551416015625,-6.25399785067737,-7.5158841643989085,0.7545728244651109
1789222616043508200,43.07550830078125,-6.284139306440949,-7.490043036177754,0.7610727809436619
1789222616053503200,43.08550317382812,-6.305013752165436,-7.470406023293733,0.7811666707497089
1789222616063497200,43.09549731445313,-6.29989743206501,-7.474094356417655,0.787144356919825
1789222616073491500,43.10549145507812,-6.281286255097389,-7.489859496304392,0.7860217826306819
1789222616083485400,43.1154853515625,-6.281304375275969,-7.487834712478518,0.8049413679603487
1789222616093480400,43.12548046875,-6.279013633990288,-7.487289353555441,0.8275632418740541
1789222616103474400,43.13547436523437,-6.250588919016718,-7.509343948975205,0.8427702364213764
1789222616113468400,43.14546850585938,-6.2327861358225345,-7.521234293255209,0.8682111863438039
1789222616123463400,43.15546337890625,-6.242672739064693,-7.510632235220074,0.888720232822001
1789222616133457400,43.16545751953125,-6.247599089550971,-7.507678061589599,0.8790146852351725
1789222616143451400,43.175451416015626,-6.24803105122745,-7.510561508071422,0.8508568045042455
1789222616153445000,43.18544506835938,-6.273615574339032,-7.4898273476004595,0.8453524349343031
1789222616163440400,43.1954404296875,-6.285720438152551,-7.478870484778285,0.852409952230379
1789222616173434400,43.205434326171876,-6.278247325792909,-7.484704013237357,0.8562742995083331
1789222616183428400,43.21542846679687,-6.272267666861414,-7.490265154495835,0.8514535282883793
1789222616193423400,43.22542333984375,-6.251150060030818,-7.507402751779556,0.8558163996729999
1789222616203417300,43.235417236328125,-6.225590671360492,-7.52373137076795,0.8977073299411684
1789222616213411300,43.24541137695312,-6.2048956738561385,-7.535898193901777,0.9380239966299384
1789222616223405300,43.2554052734375,-6.188861069378256,-7.550852017405629,0.9235933932825923
1789222616233400300,43.265400390625,-6.211770235800743,-7.5385180210113525,0.8689326324861496
1789222616243394300,43.27539428710938,-6.259259716728329,-7.505391996479034,0.8131061158459633
1789222616253388300,43.28538818359375,-6.283605053433775,-7.487900178930163,0.7861518387511373
1789222616263383300,43.29538330078125,-6.252565772047639,-7.514281405377387,0.7819067485272884
1789222616273377500,43.30537744140625,-6.21253888208568,-7.5442369831800455,0.8119358299575745
1789222616283371500,43.31537158203125,-6.19528964112103,-7.554471961468458,0.8477763741455971
1789222616293365200,43.325365234375,-6.211502524775266,-7.54122552640438,0.8470759707912803
1789222616303360500,43.33536059570312,-6.244862358063459,-7.514233474582433,0.841646858414635
1789222616313354200,43.345354248046874,-6.273249663636088,-7.491738734179735,0.8310141860455275
1789222616323348200,43.35534814453125,-6.297666896533966,-7.4725634935885665,0.8188863066826015
1789222616333342200,43.36534228515625,-6.300488968217373,-7.474792860075831,0.7756824671849608
1789222616343337200,43.37533715820312,-6.313886209928989,-7.468610956570505,0.7246200231414288
1789222616353331200,43.38533129882813,-6.329172041866183,-7.457268309301138,0.7078925410285591
1789222616363325400,43.395325439453124,-6.316014454129338,-7.465758489748835,0.7353870624799281
1789222616373320400,43.405320556640625,-6.300289646252989,-7.475041866400837,0.7749039570931345
1789222616383314400,43.415314453125,-6.298880948498844,-7.475059402057528,0.7861182287424803
1789222616393308400,43.425308349609374,-6.294131708145141,-7.477250774621963,0.8031282541237771
1789222616403302400,43.43530249023438,-6.280815714976191,-7.486982479563355,0.8165993647892028
1789222616413297400,43.44529736328125,-6.280363295033574,-7.489536255699396,0.7964056678704917
1789222616423291400,43.45529150390625,-6.293058525955677,-7.48337305689454,0.7529518721997738
1789222616433285400,43.46528540039063,-6.317340734297037,-7.465729848176241,0.7242019438598305
1789222616443280400,43.4752802734375,-6.350995166617632,-7.437917127621174,0.7159860503088682
1789222616453274400,43.4852744140625,-6.360982307624816,-7.431310276702046,0.6956386971984059
1789222616463268400,43.49526831054688,-6.340379080057144,-7.448358442136644,0.7013759987413882
1789222616473262300,43.50526245117187,-6.3081818608075375,-7.4690323968529695,0.7686183009523898
1789222616483257300,43.51525732421875,-6.281656257453561,-7.483741305685043,0.8395227789327502
1789222616493251300,43.525251220703126,-6.289198343396187,-7.476148950859904,0.8506298638805746
1789222616503245300,43.53524536132812,-6.315144101035594,-7.460277427989244,0.7959942375253886
1789222616513239300,43.5452392578125,-6.344907371136546,-7.440598914051056,0.7416444423742592
1789222616523234300,43.555234375,-6.354079104107618,-7.435008546698093,0.7188308452807366
1789222616533228300,43.56522827148437,-6.331102717667818,-7.455334710890054,0.7109874383039773
1789222616543222500,43.575222412109376,-6.308202903595566,-7.471996507355571,0.7390716692768037
1789222616553217500,43.58521752929688,-6.2904404524117705,-7.4783818244785065,0.8213057158492505
1789222616563211500,43.59521142578125,-6.281610080224275,-7.475815773382783,0.9077080610822885
1789222616573205500,43.60520556640625,-6.284765913906693,-7.4700728458166115,0.9327955944571643
1789222616583199200,43.61519921875,-6.284796309044957,-7.474173266872763,0.8991358283743262
1789222616593194200,43.6251943359375,-6.276862593436241,-7.484352715581655,0.8693965967360884
1789222616603188200,43.635188232421875,-6.265795255976915,-7.493503405764699,0.8704038010172546
1789222616613182200,43.64518212890625,-6.240412392917275,-7.514903921189903,0.868252102876082
1789222616623177200,43.65517724609375,-6.2255199442118405,-7.527609088984131,0.8650992648683488
1789222616633171200,43.665171142578124,-6.238383517438173,-7.513435017681122,0.8951218434926121
1789222616643165400,43.67516552734375,-6.252554666131735,-7.4971864781916135,0.9317447702299803
1789222616653159400,43.685159423828125,-6.267997149935364,-7.482951032090186,0.942363925530389
1789222616663154400,43.695154541015626,-6.279748378005624,-7.473463657298684,0.9394068292904645
1789222616673148400,43.7051484375,-6.259882817062735,-7.488951733809709,0.9486062539860606
1789222616683142400,43.715142333984375,-6.218204652762413,-7.520626975011825,0.97184297186248
1789222616693136400,43.72513647460938,-6.178374746677279,-7.550859031668305,0.9912595469288528
1789222616703131400,43.73513134765625,-6.163204650074243,-7.560036609858274,1.0154458936803041
1789222616713125400,43.74512548828125,-6.168071379327774,-7.554066303277016,1.0302240683563053
1789222616723119400,43.75511938476563,-6.191326582708954,-7.53768157018721,1.0105566603340208
1789222616733114400,43.7651142578125,-6.225992822420597,-7.512942265728116,0.9813707517296075
1789222616743108400,43.7751083984375,-6.254775264790654,-7.489626272070407,0.9765628399912267
1789222616753102300,43.78510229492188,-6.287742883890867,-7.457493350228667,1.0101798629108816
1789222616763096300,43.795096435546874,-6.312419059985876,-7.436364637482166,1.0120392270419747
1789222616773091300,43.80509130859375,-6.3140867009371515,-7.440810510975122,0.9680025169167668
1789222616783085300,43.81508520507813,-6.30871845190227,-7.449137025293707,0.938518063757196
1789222616793079300,43.825079345703124,-6.3194274774432175,-7.436831085950136,0.9637271776851266
1789222616803073300,43.8350732421875,-6.311687823101877,-7.433433260205388,1.0378154733333735
1789222616813068300,43.845068359375,-6.274411108630895,-7.454238147825002,1.111973619347438
1789222616823062500,43.8550625,-6.24032822176516,-7.479975815671682,1.1307725009068845
1789222616833056500,43.86505639648438,-6.228190040203929,-7.49433927206695,1.1022312468815594
1789222616843051500,43.87505151367188,-6.2422565594792365,-7.486118556210398,1.0782616846859454
1789222616853045500,43.88504541015625,-6.275418239846825,-7.459048178455233,1.0733643410984426
1789222616863039200,43.895039306640626,-6.313122239819169,-7.4278586749434465,1.068545031183213
1789222616873033200,43.905033203125,-6.330559696832299,-7.414445651140809,1.058485482526943
1789222616883028200,43.9150283203125,-6.337182329842448,-7.4083829901009794,1.0613031702961773
1789222616893022200,43.925022216796876,-6.3485074414551255,-7.393346749010681,1.0978431679904461
1789222616903016400,43.93501635742187,-6.34568244716227,-7.392217452719807,1.1215289448086172
1789222616913010400,43.94501049804688,-6.334523339766264,-7.403976279574632,1.106948265466094
1789222616923005400,43.95500537109375,-6.344950041234493,-7.397998374208807,1.0870221334423869
1789222616932999400,43.96499951171875,-6.359021821206808,-7.385630475544929,1.0888931880112738
1789222616942993400,43.974993408203126,-6.362586235690117,-7.382560566580295,1.0888894616842268
1789222616952988400,43.98498852539063,-6.37559769295454,-7.373147426068782,1.07649569792673
1789222616962982400,43.994982421875,-6.381161756822467,-7.371176418256759,1.056842391495034
1789222616972976400,44.004976318359375,-6.364570687505602,-7.3881252149701115,1.0383783679131418
1789222616982970400,44.01497045898437,-6.3520017133116715,-7.397157247209549,1.0509625396762043
1789222616992965400,44.02496533203125,-6.335117798528075,-7.406260591119527,1.0881075175262986
1789222617002959400,44.03495947265625,-6.314281346726418,-7.420446937382221,1.1122989057790487
1789222617012953300,44.04495336914062,-6.306300869366527,-7.433077870896458,1.072526136708632
1789222617022947300,44.054947265625,-6.309844825583696,-7.441461668360233,0.9903990576419979
1789222617032942300,44.0649423828125,-6.312273514035343,-7.446456407907605,0.935886546209827
1789222617042936300,44.07493627929688,-6.3083087020576,-7.452049113348126,0.9179243346702307
1789222617052930300,44.084930419921875,-6.315906902101635,-7.446437703207135,0.9111904963705688
1789222617062924300,44.09492431640625,-6.322453547266125,-7.440667303112149,0.9129223616644739
1789222617072919300,44.10491918945313,-6.31321400975585,-7.448643104296922,0.9118206840328872
1789222617082913300,44.114913330078124,-6.313648309519887,-7.450779531803727,0.8911242252238094
1789222617092907500,44.12490747070313,-6.311635800653696,-7.458530292060971,0.8390199439771473
1789222617102902500,44.13490258789062,-6.2850347939759486,-7.486579743981361,0.787302031699568
1789222617112896500,44.144896484375,-6.268551861208677,-7.5024547739833585,0.7673410475581884
1789222617122890500,44.15489038085938,-6.2645326886951915,-7.506902401041984,0.7565948318120091
1789222617132884200,44.16488427734375,-6.267300984364748,-7.507653511670231,0.7255795158233493
1789222617142879200,44.17487915039062,-6.2838365241020915,-7.4970514536350965,0.6913778248835355
1789222617152873200,44.18487329101563,-6.30200521799922,-7.483870485022663,0.668427011276409
1789222617162867200,44.1948671875,-6.295619316354394,-7.492000599986314,0.6367734704494475
1789222617172861400,44.204861328125,-6.283999021187424,-7.504114231628179,0.6082780648598447
1789222617182856400,44.2148564453125,-6.268017608201504,-7.517283509802818,0.6105619014807045
1789222617192850400,44.22485034179687,-6.217395674467086,-7.560200860509276,0.5981084799578413
1789222617202844400,44.23484448242188,-6.173921274399757,-7.599464364883303,0.548834965157695
1789222617212839400,44.24483935546875,-6.176965464401245,-7.599612248921394,0.5112503172487021
1789222617222833400,44.25483349609375,-6.222553495621681,-7.562690923759341,0.5058805703764782
1789222617232827400,44.26482739257813,-6.28040830321908,-7.516019773477315,0.4861053180655464
1789222617242821400,44.2748212890625,-6.311521818885207,-7.49290368630588,0.43758167178463186
1789222617252816400,44.28481640625,-6.30181758647263,-7.5044959244221445,0.37419118616357444
1789222617262810400,44.294810302734376,-6.276973652595281,-7.527858679831027,0.31833562609199434
1789222617272804400,44.30480444335937,-6.250004981648922,-7.550777783125638,0.305907119814679
1789222617282798300,44.31479833984375,-6.208272456812858,-7.5838991314828395,0.33496341069005425
1789222617292793300,44.32479345703125,-6.18723142234981,-7.598857631161809,0.3819801230067387
1789222617302787300,44.33478735351562,-6.205054079288244,-7.582848745647072,0.40999516120087354
1789222617312781300,44.34478125,-6.2371501762509345,-7.558400533089041,0.3727230133071542
1789222617322775300,44.354775390625,-6.294853592678904,-7.514180867612361,0.2868604192403145
1789222617332770300,44.36477026367187,-6.33699119118452,-7.481534151029586,0.19896155183920636
1789222617342764300,44.374764404296876,-6.329571270316839,-7.48861388015747,0.16606977445418014
1789222617352758500,44.38475854492187,-6.313340851005911,-7.501413155975937,0.20228437611898406
1789222617362753300,44.39475317382813,-6.311905849766731,-7.501168825826048,0.250389504726883
1789222617372747500,44.40474755859375,-6.320541576164961,-7.494361483898759,0.2359972606285475
1789222617382741500,44.41474145507812,-6.320787659880518,-7.495985870230197,0.16798472296372055
1789222617392735200,44.4247353515625,-6.304618030846118,-7.510823958399891,0.09848128915401175
1789222617402730500,44.43473046875,-6.281028480944037,-7.5310086682945485,0.05459202924205456
1789222617412724200,44.44472412109375,-6.259310570132732,-7.54892894038856,0.07137933351707179
1789222617422718000,44.454718017578124,-6.2713049593091,-7.538304670521616,0.12281704518035985
1789222617432712200,44.46471215820313,-6.315061683449149,-7.501449396333098,0.1365018533953931
1789222617442707000,44.47470703125,-6.346282166621089,-7.4754504472017285,0.11283630651449784
1789222617452701200,44.484701171875,-6.3481011987417935,-7.474397723278403,0.0733593877186533
1789222617462695200,44.49469506835938,-6.339805079561471,-7.481673851761221,0.042605896437377666
1789222617472690200,44.50469018554688,-6.32563393086791,-7.493698051553964,0.035111606575676704
1789222617482684200,44.51468408203125,-6.323112887957691,-7.495679580760002,0.05845792002312373
1789222617492678100,44.52467822265625,-6.321672041499614,-7.496563377857208,0.09156549101672135
1789222617502672100,44.53467211914062,-6.28187954481542,-7.529882294613122,0.09624848860064521
1789222617512667100,44.544667236328124,-6.226301449978351,-7.5760548477232454,0.08338756398912518
1789222617522661000,44.5546611328125,-6.203697988504171,-7.5945385989189145,0.08661869139745831
1789222617532655000,44.56465502929687,-6.2142591300070285,-7.585676662549376,0.10431531993658281
1789222617542649000,44.57464916992188,-6.235670166826248,-7.567947529113292,0.11389380707764066
1789222617552644000,44.58464404296875,-6.280167480200529,-7.530902285310626,0.12409047178281471
1789222617562638000,44.59463818359375,-6.329753056624531,-7.489281404155492,0.12359466022304258
1789222617572632000,44.604632080078126,-6.36164749353528,-7.4628142529904835,0.0789646603798028
1789222617582626000,44.6146259765625,-6.381766736978292,-7.445882991933822,0.04750014388549607
1789222617592621000,44.62462109375,-6.34911417517662,-7.473778714597224,0.042094458050210955
1789222617602615000,44.634614990234375,-6.283425020691752,-7.528940045326948,0.0634572718135314
1789222617612609000,44.64460913085937,-6.230222422814369,-7.57220284847021,0.1283162179853767
1789222617622603300,44.654603271484376,-6.223506850823759,-7.575757910603285,0.21504905554810538
1789222617632598300,44.66459838867188,-6.257349499192833,-7.547188234201073,0.23643356968658044
1789222617642592300,44.67459228515625,-6.289480667468905,-7.52240859773159,0.16180581513307987
1789222617652586200,44.684586181640626,-6.337319692486524,-7.483537892067432,0.07372910694703459
1789222617662581200,44.694581298828126,-6.37449762275815,-7.452175954598188,0.03531129614952951
1789222617672575000,44.70457495117188,-6.362451211133599,-7.462211026400327,0.07074447881279047
1789222617682569000,44.71456884765625,-6.3264440782070155,-7.4914663469791405,0.15629587433887646
1789222617692563000,44.72456298828125,-6.26442338310182,-7.541808294728398,0.22024987559420986
1789222617702558000,44.73455786132813,-6.2121262096315615,-7.584096115359664,0.24769370803795754
1789222617712552200,44.74455224609375,-6.222675076174736,-7.575453959220647,0.24736277731684966
1789222617722546200,44.75454614257813,-6.249619197201729,-7.554287252551317,0.21304982628859578
1789222617732540200,44.7645400390625,-6.258132174003124,-7.548141589403152,0.1781124232190661
1789222617742535200,44.77453515625,-6.27294629677534,-7.53570530167818,0.1835086745057255
1789222617752529200,44.78452905273438,-6.297697876194119,-7.514304201731085,0.2112108838910237
1789222617762523100,44.794523193359375,-6.308273630744218,-7.50543700466454,0.21091087803114206
1789222617772517000,44.80451708984375,-6.326998204958438,-7.48958477101624,0.21353585623987018
1789222617782512000,44.81451220703125,-6.344708049172163,-7.473815539476275,0.23903306639418004
1789222617792506000,44.824506103515624,-6.331088689142465,-7.4843720048040145,0.26809529381999747
1789222617802500000,44.8345,-6.292066007786989,-7.515406025493145,0.3145588474996388
1789222617812494000,44.844494140625,-6.2694736522287124,-7.531234878265857,0.3802504131373018
1789222617822489000,44.85448901367187,-6.268403977170586,-7.530710562130809,0.40730964844394474
1789222617832483000,44.86448315429688,-6.272192848059535,-7.529306540551781,0.37352954391706733
1789222617842477000,44.87447705078125,-6.295201383203268,-7.511338337662815,0.3473124219903722
1789222617852472000,44.88447216796875,-6.322248964604735,-7.487969737035035,0.36037875124718993
1789222617862466000,44.89446606445313,-6.316923385667801,-7.490494871598481,0.3991903106026351
1789222617872460000,44.9044599609375,-6.308139190709591,-7.494542101162671,0.4578263317056
1789222617882454300,44.91445434570313,-6.31970278725326,-7.481504924935102,0.5087498787350953
1789222617892449000,44.924448974609376,-6.3212891796618695,-7.479498845809697,0.5184342374034225
1789222617902443300,44.934443359375,-6.297220321810245,-7.500318930998444,0.5104970511959865
1789222617912437200,44.94443725585938,-6.252751065486669,-7.537040934196114,0.516232270379737
1789222617922431000,44.95443090820312,-6.236006266912818,-7.54831343883872,0.5527876848388463
1789222617932426200,44.96442626953125,-6.233643044912815,-7.546812386626005,0.5980891907354816
1789222617942420000,44.974419921875,-6.252028596431017,-7.527400999191403,0.6486664450779557
1789222617952414000,44.9844140625,-6.275761938717961,-7.503741306662559,0.6921490284517408
1789222617962408200,44.994408203125,-6.282277604222298,-7.496701909545063,0.7091125112775712
1789222617972403000,45.00440283203125,-6.292104586231708,-7.4891206606358285,0.7020526558939367
1789222617982397200,45.01439721679687,-6.318045083174109,-7.468243876823783,0.6913984292801469
1789222617992391200,45.02439111328125,-6.31746582198143,-7.468371302595735,0.6952971172191202
1789222618002385200,45.03438525390625,-6.299328692266345,-7.481659238713979,0.7166757861386984
1789222618012380200,45.04438012695312,-6.2788154810696835,-7.495165786018967,0.7545544850908219
1789222618022374100,45.0543740234375,-6.253567058044672,-7.51056559972465,0.8091243527334183
1789222618032368000,45.0643681640625,-6.246553379890322,-7.509512291279434,0.8707412162780761
1789222618042363100,45.07436303710937,-6.263317467686534,-7.490985285463929,0.9090545072551817
1789222618052357000,45.084357177734375,-6.277574541097879,-7.480151172238588,0.8998769290652125
1789222618062351000,45.09435107421875,-6.284495864793658,-7.476703662133216,0.8800042807944118
1789222618072345000,45.104344970703124,-6.295729790991544,-7.468316357538104,0.870873245159909
1789222618082340000,45.114340087890625,-6.288972133424878,-7.473948225945234,0.8713879897490143
1789222618092334000,45.124333984375,-6.273015270358323,-7.4833724723726505,0.9048704265035689
1789222618102328000,45.134328125,-6.262995396125317,-7.484098448559641,0.9662026278879493
1789222618112322000,45.14432202148438,-6.248773394027352,-7.488527955439686,1.0223348494764417
1789222618122317000,45.15431713867188,-6.247625977557897,-7.486528890576958,1.0437716052588075
1789222618132311000,45.16431103515625,-6.268118730488419,-7.472190568622946,1.023444345088303
1789222618142305000,45.17430493164063,-6.308361309027672,-7.445897604981065,0.9662139529995619
1789222618152299300,45.18429931640625,-6.360251070740818,-7.407217453452945,0.9223498229622841
1789222618162294300,45.194294189453124,-6.380827410301566,-7.387591546484828,0.9375065486270934
1789222618172288300,45.20428833007813,-6.367510832610726,-7.400032510384917,0.9298988501023501
1789222618182282200,45.2142822265625,-6.3097302592933175,-7.450830385208129,0.918050591398403
1789222618192276000,45.22427587890625,-6.214568926608562,-7.529387789094447,0.9261967076487838
1789222618202271200,45.23427124023438,-6.12960340924561,-7.589123588132858,1.0017807217475025
1789222618212265000,45.24426489257812,-6.12770137501657,-7.574124171921611,1.1199576769039035
1789222618222259000,45.25425903320313,-6.245351018363237,-7.472024564406276,1.1553455088883637
1789222618232253200,45.26425317382812,-6.355740899839997,-7.383858205175399,1.1196331941898912
1789222618242248000,45.274248046875,-6.368335008475184,-7.381880767622589,1.0594934905257076
1789222618252242200,45.2842421875,-6.387233185690641,-7.376227271905541,0.9822977303814142
1789222618262236200,45.29423608398437,-6.428421520647406,-7.353017076709866,0.8825679938025772
1789222618272230100,45.30423022460938,-6.39329701577425,-7.3906123556107275,0.8215819024421274
1789222618282225200,45.31422509765625,-6.3073617765963075,-7.458230432331562,0.8731396557219326
1789222618292219100,45.32421923828125,-6.24881372603774,-7.495993469014763,0.9658146514836699
1789222618302213000,45.334213134765626,-6.211541687741875,-7.5201768931567665,1.016893754401058
1789222618312207000,45.34420703125,-6.220695885056257,-7.510515330842137,1.0322248867847026
1789222618322202000,45.3542021484375,-6.280813961410522,-7.460208454406261,1.0329825002189725
1789222618332196000,45.364196044921876,-6.325674262878298,-7.426153040069341,1.0042337409228086
1789222618342190000,45.37419018554687,-6.368191800612211,-7.400254044181108,0.9234500392891466
1789222618352185000,45.38418505859375,-6.438924794483184,-7.345546302437782,0.8680902633778751
1789222618362179000,45.394178955078125,-6.479821453016996,-7.311783733567595,0.8486027419671416
1789222618372173000,45.40417309570312,-6.460656733819842,-7.329328158086538,0.8433566580072045
1789222618382167000,45.4141669921875,-6.427006393152475,-7.360650932589173,0.8275197680585086
1789222618392162000,45.424162109375,-6.3359285303890704,-7.440802912190556,0.8129244756687432
1789222618402156000,45.43415600585938,-6.1794169492065905,-7.566637031036615,0.8551031368371099
1789222618412150300,45.444150390625,-6.09310527793169,-7.628699811717867,0.9205438695188611
1789222618422144300,45.45414428710937,-6.160984635937213,-7.568197119960188,0.9669816494364291
1789222618432139500,45.46413940429687,-6.241039584904909,-7.509344533497095,0.9107969670083373
1789222618442133500,45.47413354492188,-6.305546836128831,-7.468148015233874,0.7982667855672538
1789222618452127500,45.48412744140625,-6.410839686727523,-7.384669521558284,0.7336039053902029
1789222618462121200,45.494121337890626,-6.4675090839326375,-7.3373881304234265,0.7102456800259649
1789222618472116500,45.504116455078126,-6.4308192294389,-7.374248665308952,0.6598436726525425
1789222618482110200,45.51411010742188,-6.395836763384938,-7.403779880219697,0.6691085637997836
1789222618492104200,45.524104248046875,-6.336069400164485,-7.448235108017921,0.7405477331787348
1789222618502098400,45.53409838867187,-6.236674959954619,-7.523357861280441,0.8205868269901723
1789222618512093200,45.54409326171875,-6.190330557408928,-7.555681337258219,0.8728503173865377
1789222618522087400,45.55408740234375,-6.214813256758451,-7.537110492300987,0.8593254307072609
1789222618532081400,45.56408129882813,-6.258131589481234,-7.511037308889627,0.7684367338404059
1789222618542075400,45.574075439453125,-6.300725115060806,-7.485884162932634,0.6578646276645362
1789222618552070400,45.5840703125,-6.344790466758608,-7.4528382178992025,0.6076327892262489
1789222618562064400,45.594064453125,-6.362315017533302,-7.437189397868513,0.616065613463521
1789222618572058400,45.604058349609375,-6.337166547751426,-7.456552269986272,0.6407300991207361
1789222618582052400,45.61405224609375,-6.29655864303112,-7.487773337680101,0.6760068719461559
1789222618592047400,45.62404736328125,-6.261086932155489,-7.512920638418197,0.724702586858347
1789222618602041300,45.634041259765624,-6.226499018377066,-7.537256038251519,0.7686862516220658
1789222618612035300,45.64403540039063,-6.210726279705763,-7.548897376206517,0.7819305677942932
1789222618622029300,45.654029296875,-6.2392258134812115,-7.52847008972764,0.7513843306221067
1789222618632024300,45.6640244140625,-6.284921981251239,-7.498344416055083,0.6670612028159201
1789222618642018300,45.67401831054688,-6.326760889071226,-7.470913972815871,0.5726553646735847
1789222618652012300,45.68401220703125,-6.358539590647816,-7.446608968120813,0.5360843507865444
1789222618662006300,45.69400634765625,-6.351566829025745,-7.450220728877186,0.5676215717574581
1789222618672001300,45.70400122070313,-6.320448637184501,-7.471079977032542,0.6366092197984456
1789222618681995300,45.713995361328124,-6.287635331863164,-7.492865692383051,0.7021260133910924
1789222618691989500,45.72398950195313,-6.23909838770926,-7.530137146157026,0.7355772512897849
1789222618701983500,45.7339833984375,-6.1860284763008355,-7.573649540147185,0.7370669053256511
1789222618711978500,45.743978515625,-6.1711383656829595,-7.587047950902581,0.7239725920833647
1789222618721972500,45.75397241210938,-6.203073134604096,-7.5618778538107865,0.7143314149696379
1789222618731966200,45.76396630859375,-6.247594997897743,-7.52578304260075,0.7074859329890459
1789222618741960200,45.773960205078126,-6.286852657052874,-7.4954112852126356,0.6816814835164695
1789222618751955200,45.783955078125,-6.323735988292098,-7.468436769047379,0.6349831529665738
1789222618761949200,45.79394921875,-6.344212959131598,-7.453149768066406,0.6098437067413702
1789222618771943400,45.803943359375,-6.337350672146678,-7.456406724035739,0.6406009928483516
1789222618781937400,45.8139375,-6.307773864528537,-7.4758146043390035,0.7032527523986994
1789222618791932400,45.82393237304687,-6.2797577303558585,-7.493917831784486,0.7590963663041591
1789222618801926400,45.83392651367188,-6.258354876843095,-7.509293095570802,0.7835177639205009
1789222618811920400,45.84392041015625,-6.263037481701374,-7.506502003547549,0.7727766627408563
1789222618821914400,45.853914306640625,-6.28620851393044,-7.492220964738726,0.7215187691904604
1789222618831909400,45.863909423828126,-6.311219621068239,-7.476751592928171,0.6611142771102487
1789222618841903400,45.8739033203125,-6.34044162389934,-7.453987972456217,0.6381671898301691
1789222618851897600,45.88389770507813,-6.357682097035646,-7.438170225599408,0.6510680263269693
1789222618861891300,45.89389135742187,-6.348192384156584,-7.443124633136391,0.6861045606557279
1789222618871886300,45.90388623046875,-6.311021468147635,-7.472894332978129,0.7051533253230154
1789222618881880300,45.91388037109375,-6.2699664041817185,-7.5058420783340924,0.7212775077804923
1789222618891874300,45.92387426757813,-6.2406801039427515,-7.527337870827317,0.7506562355432659
1789222618901868300,45.933868408203125,-6.238215759655833,-7.529381943875551,0.7506335853200405
1789222618911863300,45.94386328125,-6.268406899780035,-7.508758258041739,0.7042788075108081
1789222618921857300,45.95385717773438,-6.294499956935644,-7.491771467405557,0.6503934150010346
1789222618931851300,45.963851318359374,-6.29698768209815,-7.4919795571982855,0.6233594967987388
1789222618941845500,45.97384545898438,-6.290409472751617,-7.498980375871062,0.6053425228646024
1789222618951840500,45.98384057617187,-6.282597922217845,-7.5071560835421085,0.5847681195326149
1789222618961834500,45.99383447265625,-6.28566724666059,-7.5039254310578105,0.5931896186582744
1789222618971828500,46.00382836914063,-6.291508373904228,-7.49564509396851,0.6345225497175008
1789222618981822200,46.013822265625,-6.278703252866864,-7.5048600815594195,0.6521884086590259
1789222618991817500,46.0238173828125,-6.257876153415441,-7.5239552426517005,0.6320274449661374
1789222619001811200,46.03381127929688,-6.2414288764834405,-7.539821504825353,0.6050162500523031
1789222619011805200,46.04380517578125,-6.235431681895256,-7.545846171942353,0.591595956258662
1789222619021799400,46.05379931640625,-6.241762053960562,-7.542492185339331,0.5670960500460118
1789222619031794400,46.06379443359375,-6.251116157761216,-7.538536725711822,0.5141876858748495
1789222619041788400,46.07378833007812,-6.276185132566094,-7.519157486981153,0.49209151633568105
1789222619051782400,46.08378247070313,-6.313905499151349,-7.48579882273674,0.5174956413790583
1789222619061776400,46.0937763671875,-6.360730378690362,-7.443819629663229,0.5486825510749593
1789222619071771400,46.103771484375,-6.370887615567446,-7.436022692176699,0.5364266614181921
1789222619081765400,46.11376538085938,-6.331092780795693,-7.471786079475283,0.5099654285373166
1789222619091759400,46.12375927734375,-6.2799856938928365,-7.514846053522825,0.5091682502776385
1789222619101753600,46.13375366210938,-6.240789994058012,-7.545970675104856,0.5303353588057682
1789222619111748400,46.143748291015626,-6.229821440798044,-7.552831208524108,0.5607508092051372
1789222619121742300,46.15374243164062,-6.254652515193819,-7.530307826548814,0.5866586459869518
1789222619131736300,46.163736328125,-6.2985623840689655,-7.494082666957378,0.5807108800310641
1789222619141730300,46.17373022460937,-6.332353594511747,-7.469357975545525,0.5295116578653455
1789222619151725300,46.18372534179687,-6.338992594134807,-7.46768858102858,0.47030835826843975
1789222619161719300,46.19371923828125,-6.331845060467719,-7.474686477091908,0.4551640171611681
1789222619171713300,46.20371337890625,-6.328481136992574,-7.475155263647436,0.4927194389756769
1789222619181707300,46.213707275390625,-6.311677301707864,-7.485612944775819,0.5465453563831746
1789222619191702300,46.223702392578126,-6.277862125867605,-7.512701442709565,0.5640520427076146
1789222619201696500,46.23369653320312,-6.249675895825028,-7.538273106339574,0.5351362197488546
1789222619211690500,46.2436904296875,-6.24236001985371,-7.546194546988606,0.5082139452274889
1789222619221684500,46.2536845703125,-6.256597804042697,-7.534066302299499,0.5130427536234259
1789222619231679500,46.26367944335937,-6.2832163463771336,-7.511389775589108,0.5201922600518912
1789222619241673500,46.273673583984376,-6.2873395637869836,-7.507990196278691,0.5194444373592734
1789222619251667200,46.28366723632813,-6.281586699348688,-7.511773221948743,0.534152104082331
1789222619261661200,46.2936611328125,-6.274163855871558,-7.518481195154786,0.5269740291465074
1789222619271656200,46.30365625,-6.248548353099823,-7.543644277983903,0.4684696715991944
1789222619281650400,46.313650390625,-6.20411066095829,-7.582797892242669,0.42493291035275904
1789222619291644400,46.32364453125,-6.172941615712642,-7.605768433463573,0.46633477846235033
1789222619301638400,46.33363842773438,-6.162891930863261,-7.606872595313191,0.5697675342775881
1789222619311633400,46.34363330078125,-6.1731350924581285,-7.593578813976049,0.6327420229762792
1789222619321627400,46.35362744140625,-6.216088683521747,-7.561068290993571,0.600725676718913
1789222619331621400,46.36362133789063,-6.261819922605157,-7.5311805177301165,0.4912379682462662
1789222619341615400,46.373615478515624,-6.28680414173603,-7.51580583846569,0.39892449927330015
1789222619351610400,46.3836103515625,-6.294529183030128,-7.510036022892594,0.38553281051963567
1789222619361604400,46.39360424804688,-6.294670637327433,-7.506994170978665,0.4388034686645493
1789222619371598300,46.403598388671874,-6.287068345630169,-7.50965316105485,0.4982640674907714
1789222619381592300,46.41359228515625,-6.264505800688267,-7.526321387261151,0.5299484418474137
1789222619391587300,46.42358740234375,-6.243384102204442,-7.5451237028867,0.5115257731892168
1789222619401581300,46.43358129882812,-6.229653098493814,-7.559046429777145,0.4718473313387483
1789222619411575300,46.4435751953125,-6.239682909598947,-7.550809931829571,0.4711903287347406
1789222619421569300,46.4535693359375,-6.26393822993338,-7.5292258765310045,0.4941900229848921
1789222619431564000,46.46356396484375,-6.280787657925486,-7.514973479294777,0.4972609183302149
1789222619441558000,46.47355810546875,-6.301273396593332,-7.498734292155504,0.483033509404771
1789222619451552300,46.48355224609375,-6.3125307036668055,-7.4905480630904435,0.46262532948516305
1789222619461546200,46.493546142578126,-6.316655090120435,-7.487786781683564,0.4508828327106312
1789222619471541200,46.503541259765626,-6.331025560778379,-7.475338803520798,0.45586029232963915
1789222619481535200,46.51353515625,-6.331926309010386,-7.474577171498536,0.4558344272360205
1789222619491529200,46.523529296875,-6.316801805114745,-7.487500365957617,0.45358438328690825
1789222619501523000,46.53352294921875,-6.312459976518154,-7.490171046471596,0.4696445605974644
1789222619511518000,46.54351806640625,-6.317898368179797,-7.484615750432014,0.48483000090010464
1789222619521512000,46.553511962890624,-6.334691097548603,-7.4711436899185175,0.47337691552620376
1789222619531506200,46.56350610351563,-6.359791052013636,-7.451814135548472,0.4403524151396006
1789222619541500200,46.573500244140625,-6.383399891138076,-7.43370798549354,0.40321061562728133
1789222619551494100,46.583494140625,-6.39113194669485,-7.428361363768577,0.37851113172192125
1789222619561489200,46.5934892578125,-6.374552567815781,-7.44225077291131,0.38518381441887467
1789222619571483100,46.603483154296875,-6.343043915352225,-7.466459916016459,0.4337643054535612
1789222619581477000,46.61347705078125,-6.317996567857265,-7.483278364348411,0.5038220669440925
1789222619591471000,46.62347119140625,-6.29454438059926,-7.500458047208189,0.540576145780459
1789222619601466000,46.633466064453124,-6.288039236488938,-7.506608971053361,0.530818758408539
1789222619611460000,46.64346020507813,-6.29019787582755,-7.50705905290842,0.4978564730705693
1789222619621454000,46.6534541015625,-6.284780526953935,-7.513061508193612,0.47521227772720154
1789222619631448000,46.66344799804688,-6.306706527557969,-7.494272052049636,0.4813752573363483
1789222619641443000,46.67344311523438,-6.338237976375222,-7.466933963268995,0.4919633964439854
1789222619651437000,46.68343701171875,-6.3428253041654825,-7.464098447582125,0.4755898058027029
1789222619661431000,46.69343115234375,-6.336950859174132,-7.470479088529944,0.453206526417844
1789222619671425000,46.70342504882812,-6.336368675372004,-7.47089585263729,0.45445864537078884
1789222619681420000,46.713419921875,-6.308365400680899,-7.492332608419656,0.48975616872329264
1789222619691414000,46.7234140625,-6.263183612173795,-7.527254284197092,0.5323162304246798
1789222619701408300,46.733408203125,-6.223651812252402,-7.557110493278503,0.5715080578019842
1789222619711402200,46.74340234375,-6.220398363414406,-7.557747037616371,0.5979054681990296
1789222619721397200,46.75339721679688,-6.2517065248698,-7.5327762624889605,0.5863789887953549
1789222619731391200,46.76339111328125,-6.291084595534205,-7.504183205211162,0.529029061980173
1789222619741385200,46.77338525390625,-6.345870663210749,-7.461593771284818,0.4742654253311455
1789222619751379000,46.78337890625,-6.37503713646233,-7.4381912683874365,0.4501081220110878
1789222619761374000,46.7933740234375,-6.367330799868703,-7.443880419939756,0.46490105586480346
1789222619771368000,46.803367919921875,-6.343757616579532,-7.45942636411786,0.5329857637166977
1789222619781362200,46.81336206054687,-6.281784852269292,-7.506566885477304,0.6008538331432267
1789222619791356200,46.823356201171876,-6.215213654252886,-7.558808529368043,0.637117753842473
1789222619801351200,46.83335107421875,-6.209134626600146,-7.561704835331439,0.6615549335498362
1789222619811345200,46.84334521484375,-6.242353590112924,-7.533627326360344,0.669229998222366
1789222619821339100,46.853339111328125,-6.298893223458528,-7.4900705087065695,0.62703840450719
1789222619831333000,46.8633330078125,-6.363769892516732,-7.441696061637997,0.5422019568840042
1789222619841328000,46.873328125,-6.405740902283787,-7.410535784220695,0.4699256425611675
1789222619851322000,46.883322021484375,-6.397578054094314,-7.41858406611979,0.45386108133643865
1789222619861316000,46.89331616210937,-6.345674848377704,-7.460514743876457,0.4934777099970728
1789222619871310000,46.90331005859375,-6.283304609182476,-7.50720869051218,0.5764357965277508
1789222619881305300,46.913305419921876,-6.23074147825241,-7.544146966809034,0.6588494739834219
1789222619891299000,46.92329907226563,-6.210354523783922,-7.557223306003213,0.7001905152838677
1789222619901293000,46.93329296875,-6.217005213844776,-7.552236165240407,0.6949559756312519
1789222619911287000,46.943287109375,-6.243216928943991,-7.5342673778295515,0.6537912407457828
1789222619921281000,46.953281005859374,-6.275827405169606,-7.512351314097643,0.5907278316546232
1789222619931276000,46.963276123046874,-6.305948402667045,-7.490052388527989,0.5518254522105679
1789222619941270000,46.97327001953125,-6.312755744594335,-7.4848355306625365,0.5447301601873711
1789222619951264300,46.98326416015625,-6.297479265007376,-7.497223303070664,0.5511613257460296
1789222619961258200,46.99325830078125,-6.283835355058312,-7.507336700806022,0.5689407645972445
1789222619971253200,47.00325317382813,-6.273371244189143,-7.513125805601478,0.6067500150423497
1789222619981247200,47.013247314453125,-6.259505800443887,-7.520875396814942,0.652235901062563
1789222619991241200,47.0232412109375,-6.242977859491109,-7.532215121474862,0.6792340172991156
1789222620001235000,47.03323486328125,-6.230796423310041,-7.542429056975245,0.6777426827628165
1789222620011230000,47.04322998046875,-6.235159294694662,-7.541516033783554,0.6470762532770633
1789222620021224000,47.053223876953126,-6.257250714993477,-7.526905909150838,0.6024085152393207
1789222620031218200,47.06321826171875,-6.277895443615317,-7.511943902340531,0.5736845981234684
1789222620041212200,47.07321215820313,-6.288749430584907,-7.503642522463202,0.563358690148592
1789222620051207200,47.08320727539063,-6.279542041778564,-7.511319632962346,0.5637531693588942
1789222620061201200,47.093201171875,-6.2725909074664115,-7.5144146763682365,0.5987963891567663
1789222620071195100,47.103195068359376,-6.254833132457732,-7.525034270060062,0.6490790444668382
1789222620081189000,47.11318920898437,-6.228961024576425,-7.542948696935176,0.6887282602228224
1789222620091184000,47.12318408203125,-6.242941619133949,-7.528732540056109,0.717111254946515
1789222620101178000,47.13317822265625,-6.251355811735987,-7.5216516418844455,0.7181143675744533
1789222620111172000,47.14317211914062,-6.243586931300163,-7.530518254429102,0.6923148134727031
1789222620121166000,47.153166015625,-6.267947465574741,-7.512312151131034,0.6696094990592449
1789222620131160000,47.16316015625,-6.289473653206229,-7.4951616943657395,0.6598897037513554
1789222620141155000,47.17315502929687,-6.279752469658852,-7.50161306246221,0.6788973326906561
1789222620151149000,47.183149169921876,-6.289204188615083,-7.489087927410006,0.7279154114250094
1789222620161143000,47.19314306640625,-6.303381182527541,-7.472615516036749,0.7731615704052149
1789222620171137000,47.203136962890625,-6.306766148790717,-7.46828537787795,0.7872663758642972
1789222620181132000,47.213132080078125,-6.33356063221395,-7.44379917139709,0.8038941239297389
1789222620191126000,47.2231259765625,-6.330448053151369,-7.443738965642452,0.8285913428127765
1789222620201120300,47.233120361328126,-6.292804258933663,-7.472717222845554,0.8541028737533837
1789222620211114200,47.2431142578125,-6.265912160354852,-7.494766557568311,0.8586067610438912
1789222620221109200,47.25310913085937,-6.257291047003865,-7.503935367929935,0.8412206688918172
1789222620231103200,47.263103271484376,-6.274051627668738,-7.489778247761726,0.8425451224286109
1789222620241097200,47.27309716796875,-6.299547303453087,-7.465645677024126,0.8661542538139969
1789222620251091000,47.283091064453124,-6.31983430467844,-7.444847219145298,0.8968442833710462
1789222620261086200,47.293086181640625,-6.323685719409585,-7.43900550737977,0.9179216312564908
1789222620271080000,47.30307983398438,-6.281945011267066,-7.475299640554189,0.9096387368839234
1789222620281074000,47.313073974609374,-6.2331339263468974,-7.516212081179022,0.9082917792543769
1789222620291068200,47.32306811523438,-6.21895459434688,-7.524632703521847,0.9353568232472985
1789222620301062100,47.333062255859375,-6.216231306862831,-7.523673503100872,0.9608274376556277
1789222620311057200,47.34305712890625,-6.212756324228644,-7.524405909028649,0.9774228908866643
1789222620321051100,47.35305102539063,-6.226006850945949,-7.510343481406569,1.0009788307800889
1789222620331045000,47.363045166015624,-6.254860604986548,-7.486545841711759,0.9993635776031762
1789222620341039000,47.3730390625,-6.263762873366475,-7.482149068057536,0.9762702867854386
1789222620351034000,47.3830341796875,-6.259875218278169,-7.48411890682578,0.9860589095458387
1789222620361028000,47.39302807617187,-6.259672389182448,-7.47990508852303,1.0187805179957299
1789222620371022300,47.40302221679688,-6.252895442393422,-7.483404036554694,1.0345771489992737
1789222620381016000,47.41301611328125,-6.263652398729324,-7.471241889595985,1.0571548184450714
1789222620391011000,47.42301098632812,-6.280673676156997,-7.454295430970191,1.0756384235102683
1789222620401005000,47.43300512695313,-6.281496098455786,-7.456188697370886,1.05756325311549
1789222620410999000,47.4429990234375,-6.282651698231697,-7.45784230979681,1.0388746269974858
1789222620420993000,47.452992919921876,-6.271344706797599,-7.464417012012005,1.0597679966181517
1789222620430988300,47.46298828125,-6.250233529707789,-7.47436557457447,1.1130248819660395
1789222620440982300,47.47298217773437,-6.236489081993699,-7.479463189974426,1.1550902189530432
1789222620450976300,47.48297631835938,-6.233864578709006,-7.479434548401832,1.1693521877352147
1789222620460970500,47.492970458984374,-6.246598972597718,-7.467070156869291,1.1803609268750994
1789222620470964500,47.50296459960938,-6.259811505392193,-7.454350376027822,1.1907181433036922
1789222620480959500,47.51295947265625,-6.27986703594923,-7.437903099095821,1.1879606612890958
1789222620490953500,47.52295336914062,-6.297482187616825,-7.426081143876909,1.1685153715848922
1789222620500947500,47.53294750976563,-6.30314211307466,-7.420233586892485,1.1751315017890185
1789222620510941200,47.54294116210937,-6.296095117172598,-7.419911515331268,1.2142889885053039
1789222620520936200,47.55293627929687,-6.270967105656862,-7.437932909712195,1.23390218212232
1789222620530930200,47.56293017578125,-6.256413095125556,-7.451385681003332,1.226594781718403
1789222620540924400,47.57292431640625,-6.252890766218305,-7.4534811919778585,1.231812077975273
1789222620550918400,47.58291845703125,-6.2627867218106985,-7.439412334614992,1.2661045159384607
1789222620560913400,47.592913330078126,-6.290920344883203,-7.411566296312213,1.289722707413137
1789222620570907400,47.60290747070312,-6.316628202113509,-7.389634450489282,1.2899217371165752
1789222620580901400,47.6129013671875,-6.333776905313134,-7.37561352392137,1.2860685688197613
1789222620590895400,47.62289526367187,-6.351069400897622,-7.362723647210002,1.2745961576908826
1789222620600890400,47.63289038085937,-6.351844476923346,-7.364593532735109,1.2598511546321212
1789222620610884400,47.64288427734375,-6.3281847843945025,-7.3828189252555365,1.2721863200701773
1789222620620878300,47.65287841796875,-6.296710034200549,-7.403334474539756,1.3086100709736346
1789222620630872300,47.662872314453125,-6.269806829705834,-7.421354699876904,1.3354402102321385
1789222620640866300,47.6728662109375,-6.263588101321458,-7.422571674451231,1.3576741077415644
1789222620650861300,47.682861328125,-6.2749938769549125,-7.407421451592445,1.3874262719266115
1789222620660855300,47.692855224609374,-6.299115926298499,-7.385783035758137,1.393460291393846
1789222620670849300,47.70284936523438,-6.333209919080137,-7.363091896000504,1.3585704720593987
1789222620680843300,47.71284326171875,-6.3545484751850365,-7.350316585579514,1.3277588619492948
1789222620690838300,47.72283837890625,-6.36382892922759,-7.339803374871611,1.3413983879841864
1789222620700832300,47.73283227539063,-6.359902695694565,-7.3365791521281,1.377180041591823
1789222620710826500,47.742826416015625,-6.345543915474415,-7.343168467390536,1.4079554113447665
1789222620720820500,47.75282055664063,-6.327448286813497,-7.356457572552562,1.4199714278310536
1789222620730815500,47.7628154296875,-6.31058424577415,-7.374996853327751,1.3986879629142581
1789222620740809500,47.7728095703125,-6.314245106369256,-7.379663091573119,1.3569323494635521
1789222620750803500,47.78280346679688,-6.342458224418759,-7.361966691362857,1.321006026688218
1789222620760797200,47.79279711914062,-6.370132413285971,-7.339765380948782,1.3113526476800441
1789222620770791200,47.80279125976563,-6.3868731202065945,-7.319194886606931,1.344477210907638
1789222620780786200,47.8127861328125,-6.388048009204864,-7.313176649230718,1.3713786618366837
1789222620790780400,47.822780517578124,-6.378645974609255,-7.3285302857071155,1.3326288060732185
1789222620800774400,47.8327744140625,-6.372291052624583,-7.347030988037586,1.2591377456657589
1789222620810768400,47.84276831054687,-6.364250369510054,-7.362015791201591,1.21137719271183
1789222620820763400,47.852763427734374,-6.360327643108367,-7.365978265091776,1.2078859895952045
1789222620830757400,47.86275732421875,-6.365381419366598,-7.360771344098448,1.2129932496063411
1789222620840751400,47.87275146484375,-6.377047307240963,-7.352358905062079,1.2026902475830168
1789222620850745300,47.882745361328126,-6.386482659584283,-7.350992877405881,1.1602241477753967
1789222620860740400,47.892740234375,-6.389271998041868,-7.362529001420736,1.0680620699718595
1789222620870734300,47.902734375,-6.3975470744341605,-7.366767954164743,0.9861565247014165
1789222620880728300,47.912728271484376,-6.390410062161088,-7.373834239289164,0.9795973123162984
1789222620890722300,47.92272241210937,-6.368719623878598,-7.384889886310696,1.0359484373524785
1789222620900716300,47.93271630859375,-6.3556462072938675,-7.389831434366107,1.0800639848675577
1789222620910711300,47.942711181640625,-6.361584949693083,-7.3879317382246255,1.0578688849985598
1789222620920705300,47.95270532226562,-6.371110902929305,-7.3903984205991025,0.9804786982607095
1789222620930699300,47.96269921875,-6.370341672122478,-7.401921100610494,0.8948165769357234
1789222620940693500,47.97269360351562,-6.367900124189258,-7.411000479122996,0.8350456335186958
1789222620950688300,47.98268823242187,-6.356399071487784,-7.421906488540769,0.8257621838014573
1789222620960682500,47.9926826171875,-6.3427896483302115,-7.430492530578374,0.8527482442740351
1789222620970676500,48.00267651367187,-6.331333019292354,-7.438842425772547,0.8650018689084797
1789222620980670500,48.01267041015625,-6.328139776208997,-7.4449647080451244,0.8351742283344268
1789222620990665500,48.02266552734375,-6.323492827185988,-7.454378433078527,0.7849058572780341
1789222621000659500,48.03265942382812,-6.317777372148632,-7.4636062801510095,0.7420587953288108
1789222621010653200,48.042653076171874,-6.315857802262902,-7.46739047486484,0.7200012772995978
1789222621020647200,48.05264721679688,-6.31026568134427,-7.472485167655348,0.7161669598337262
1789222621030641400,48.062641357421874,-6.3009513250321145,-7.481688464808464,0.7019565020430832
1789222621040636400,48.072636474609375,-6.295880013117194,-7.489947759109735,0.658002501765266
1789222621050630400,48.08263037109375,-6.297706059500575,-7.4921204269737,0.6143392280623317
1789222621060624400,48.092624267578124,-6.28857524306178,-7.501601372024417,0.5917632756495848
1789222621070618400,48.10261840820313,-6.290601195931434,-7.500484935215115,0.584332139268145
1789222621080613400,48.11261328125,-6.308636034315824,-7.486566884499788,0.5681624371685088
1789222621090607400,48.122607421875,-6.32483079779148,-7.4747297317117445,0.5434271147647872
1789222621100601300,48.13260131835938,-6.34544045509994,-7.458125802913307,0.5311685582268982
1789222621110595600,48.142595703125,-6.361727573034167,-7.444975813961029,0.5207133978491649
1789222621120589300,48.15258935546875,-6.369097809541225,-7.440228327172994,0.49796526720728723
1789222621130584300,48.16258422851563,-6.385941392314433,-7.426984230196475,0.4796268792990595
1789222621140578300,48.17257836914062,-6.387765685132146,-7.425922738444805,0.47171811546850945
1789222621150572300,48.182572265625,-6.3825663629233835,-7.430697113239765,0.46688905134424563
1789222621160566300,48.19256616210937,-6.381352310958504,-7.432526082232594,0.4541964873032644
1789222621170561300,48.20256127929687,-6.369862364172935,-7.443000714495778,0.44383689625449474
1789222621180555300,48.21255517578125,-6.379003117483854,-7.434578338587284,0.4535982291491702
1789222621190549200,48.22254931640625,-6.39764176698029,-7.418633750480413,0.45215603098422286
1789222621200543500,48.23254345703125,-6.412106930184364,-7.408080792284012,0.419061643699184
1789222621210538500,48.24253857421875,-6.412125634884834,-7.409147544732689,0.39946719131525604
1789222621220532500,48.25253247070312,-6.398277142274379,-7.420010299530625,0.4193896700771525
1789222621230526500,48.2625263671875,-6.364434493905305,-7.448843595305084,0.42318424005452543
1789222621240520400,48.2725205078125,-6.318356048819422,-7.488645444339514,0.4110487619070336
1789222621250514200,48.28251416015625,-6.3127738647729155,-7.49258629091978,0.4247561655463651
1789222621260509200,48.29250927734375,-6.354587638151645,-7.458017081841826,0.40936022429820146
1789222621270503200,48.30250317382813,-6.399809174147248,-7.422670458650589,0.3417576739400625
1789222621280497400,48.312497314453125,-6.429580043032765,-7.399557294088601,0.27829949337765575
1789222621290491400,48.32249145507812,-6.441597813084721,-7.389941909003257,0.25487393839824946
1789222621300486400,48.332486328125,-6.432620725902915,-7.3984654071986675,0.23342448753109202
1789222621310480400,48.34248046875,-6.417610203775763,-7.411807703852653,0.22309160182615742
1789222621320474400,48.35247436523437,-6.388988504925369,-7.436441209849715,0.22483309346493333
1789222621330468400,48.36246826171875,-6.3398085866928096,-7.478626739150285,0.21759673073692246
1789222621340462300,48.37246240234375,-6.3171455039858815,-7.4973431300580495,0.23218287170585244
1789222621350457300,48.38245727539063,-6.386783103835582,-7.436367560091615,0.28251716587161646
1789222621360451600,48.39245166015625,-6.448281236371398,-7.385532275867462,0.20967742724604904
1789222621370445300,48.4024453125,-6.463079577052593,-7.374078569439053,0.14815550284269266
1789222621380439300,48.412439208984374,-6.422205130350589,-7.410878898569941,0.06740723784859291
1789222621390434300,48.422434326171874,-6.305040640172362,-7.510961321043967,-0.04811099209310487
1789222621400428300,48.43242822265625,-6.150594174826145,-7.637904862436652,-0.05467974405812565
1789222621410422300,48.44242236328125,-6.115189683967828,-7.664899836868047,0.15542115559726952
1789222621420416300,48.45241625976563,-6.202639419361948,-7.591645800086855,0.25408081525918097
1789222621430410500,48.462410400390624,-6.281238324302435,-7.5278136716455215,0.22013656967915593
1789222621440405200,48.4724052734375,-6.286201499667763,-7.525461555561423,0.1465973775473423
1789222621450399500,48.4823994140625,-6.313035146057605,-7.503718510308861,0.10093102952684276
1789222621460393500,48.4923935546875,-6.374692853069305,-7.452087107270955,-0.008903541884160949
1789222621470387500,48.50238745117188,-6.407684437566996,-7.422320914560556,-0.1453442996131722
1789222621480382500,48.51238256835938,-6.386184553420543,-7.440520003595948,-0.1603083979158662
1789222621490376400,48.52237646484375,-6.320700566118955,-7.496942732563614,-0.12241019967882893
1789222621500370400,48.53237036132813,-6.261753871631622,-7.546600789701938,-0.09824000947773456
1789222621510364400,48.542364501953124,-6.246154735961556,-7.559527491292357,-0.09736951025351881
1789222621520359400,48.552359375,-6.299870544058084,-7.514903921189903,-0.0907655180117581
1789222621530353700,48.56235375976563,-6.329916138231754,-7.489349208694696,-0.11048861087718978
1789222621540347600,48.57234765625,-6.312768604075909,-7.5026774768233295,-0.1708009859608486
1789222621550341400,48.58234130859375,-6.300547420406341,-7.511639366436004,-0.22082625071005896
1789222621560335400,48.59233544921875,-6.262660465082526,-7.541725292620062,-0.2680405314254574
1789222621570330400,48.60233032226562,-6.207030932319164,-7.586283980792761,-0.30242156098755074
1789222621580324400,48.612324462890626,-6.123406892693042,-7.652077764695882,-0.34639307865574953
1789222621590318300,48.622318359375,-5.931711185404658,-7.799010201150178,-0.40077626461982724
1789222621600312600,48.6323125,-5.626010913273692,-8.022178320544958,-0.40378352014441043
1789222621610306600,48.642306640625,-5.539576492401957,-8.090462752220034,-0.16699070695769042
1789222621620301600,48.65230151367187,-5.774899744492769,-7.925813457289338,0.04897834037900902
1789222621630295600,48.66229565429688,-6.002976678717136,-7.754306551548838,-0.07329859287554863
1789222621640289500,48.67228955078125,-6.212648772200942,-7.582935839408636,-0.26919638692969455
1789222621650283500,48.682283447265625,-6.425555025300383,-7.3982368591398,-0.38565501212719827
1789222621660278500,48.692278564453126,-6.540999852079152,-7.290100894069671,-0.4900444110801443
1789222621670272500,48.7022724609375,-6.466806488621234,-7.347614340883493,-0.6027949938062578
1789222621680266500,48.7122666015625,-6.3817883642882105,-7.421274620378017,-0.6064996204778552
1789222621690260500,48.72226049804687,-6.2863032064765685,-7.507983182016015,-0.5319429766654968
1789222621700255500,48.73225537109375,-6.127652859699726,-7.641022117674351,-0.4868639178805053
1789222621710249500,48.74224951171875,-6.045947805437446,-7.706673278236389,-0.4733851718978956
1789222621720243500,48.75224340820313,-6.118951082327961,-7.653189525330066,-0.3968745444735512
1789222621730237400,48.762237548828125,-6.21910540099442,-7.575893519681692,-0.31456542337089777
1789222621740231400,48.7722314453125,-6.293105287706852,-7.515379137486219,-0.29374963076477867
1789222621750226400,48.78222631835938,-6.352614876773953,-7.462723067575693,-0.3499029134076089
1789222621760220400,48.792220458984374,-6.360799936795234,-7.448800925207138,-0.47536885652840133
1789222621770214700,48.80221459960938,-6.314420462936162,-7.479517550510168,-0.5960722614225
1789222621780208600,48.812208740234375,-6.265857799819112,-7.517148485246301,-0.6339426309376954
1789222621790202400,48.82220239257813,-6.191475635790825,-7.58083857486844,-0.6057207450598477
1789222621800197600,48.83219775390625,-6.125576637947559,-7.639729155254363,-0.5312594879133626
1789222621810191400,48.84219140625,-6.179430393210053,-7.604007269009947,-0.40509810987431555
1789222621820185300,48.85218530273438,-6.320780061095952,-7.490943784409761,-0.32231263996418563
1789222621830179300,48.86217944335937,-6.447755751192569,-7.377894912856817,-0.4043526618018746
1789222621840174300,48.87217431640625,-6.526163517475128,-7.299094347864389,-0.5502659112762659
1789222621850168600,48.88216845703125,-6.535652645832299,-7.282156072545051,-0.6525530772529542
1789222621860162600,48.89216259765625,-6.462308008158207,-7.345286190196871,-0.675078431989625
1789222621870156500,48.90215649414063,-6.347113356748223,-7.452119840496778,-0.5919948193831369
1789222621880150500,48.912150634765624,-6.2428895966857665,-7.549601725083589,-0.4474764948658645
1789222621890145500,48.9221455078125,-6.172274091714621,-7.614078581169247,-0.31501159623581915
1789222621900139500,48.932139404296876,-6.149922559174895,-7.634689992043375,-0.24565321518629787
1789222621910133500,48.94213354492187,-6.180393100762367,-7.609996864813565,-0.2471297540122643
1789222621920127500,48.95212744140625,-6.241438228833675,-7.557896675220132,-0.3050223546030931
1789222621930122500,48.96212255859375,-6.326756212896108,-7.48315035405457,-0.38077480233758687
1789222621940116500,48.97211645507812,-6.4139411598742,-7.405238262334466,-0.4406674724381417
1789222621950110500,48.9821103515625,-6.438695661902427,-7.38195500190258,-0.46939153568446634
1789222621960104400,48.9921044921875,-6.385955420839786,-7.4278727034687995,-0.4654702705875039
1789222621970098400,49.002098388671875,-6.317431919711828,-7.488557181534171,-0.42656336109880355
1789222621980093400,49.012093505859376,-6.278060863310098,-7.524917365682125,-0.363271257818304
1789222621990087400,49.02208740234375,-6.258510359665751,-7.544061626613139,-0.29761753997299817
1789222622000081700,49.03208154296875,-6.2648115056365725,-7.540771352896094,-0.24349625634811817
1789222622010075600,49.04207568359375,-6.301205007532238,-7.5113827613264315,-0.21053638216294346
1789222622020070700,49.05207055664062,-6.326432387769222,-7.49014357394278,-0.21069296096414328
1789222622030064600,49.062064697265626,-6.3465744275659315,-7.472262464815378,-0.2380444206830114
1789222622040058400,49.07205834960938,-6.380641532340645,-7.441831670716405,-0.2773805519018322
1789222622050052400,49.08205224609375,-6.371525913470983,-7.447620775511861,-0.3270990705231204
1789222622060046300,49.09204638671875,-6.3470315236836665,-7.46809949991703,-0.336247349553369
1789222622070041300,49.10204125976563,-6.343440221193433,-7.473547828450799,-0.2779075714506209
1789222622080035300,49.112035400390624,-6.338145621916651,-7.48061294453144,-0.1968058533763513
1789222622090029600,49.12202954101563,-6.320832668066024,-7.49695150039196,-0.11480743305752984
1789222622100023600,49.1320234375,-6.277308583638072,-7.534037660726905,-0.06366183620861265
1789222622110017500,49.142017578125,-6.2334063135474915,-7.5704428530603645,-0.058504494544630865
1789222622120012500,49.15201245117188,-6.220811620390415,-7.580743297800422,-0.06490842960306908
1789222622130006500,49.162006591796874,-6.249717396879196,-7.556948580715059,-0.06278810384769458
1789222622140000500,49.17200048828125,-6.319480084413289,-7.498789821735024,-0.051972192999324755
1789222622149994500,49.18199438476562,-6.359201269426942,-7.465112008538842,-0.0552923960637534
1789222622159989500,49.191989501953124,-6.35651889847517,-7.467458863925933,-0.045965792191377836
1789222622169983500,49.2019833984375,-6.355661404863,-7.468329801541566,0.0005921710849843293
1789222622179977500,49.2119775390625,-6.335423503476381,-7.485325944527983,0.05187855989912059
1789222622189971500,49.22197143554688,-6.3149640682935715,-7.501996508821844,0.10796579613499342
1789222622199965400,49.23196533203125,-6.3067708249658345,-7.5081456791013474,0.1509141265016049
1789222622209960400,49.24196044921875,-6.294746625173092,-7.5178569257766,0.16844317078832535
1789222622219954400,49.251954345703126,-6.301189809963107,-7.512152576655149,0.1815206424936652
1789222622229948400,49.26194848632812,-6.332991892415285,-7.484632701566815,0.2094347775965929
1789222622239942700,49.27194262695313,-6.363483476790785,-7.457649417573213,0.24479391320953145
1789222622249936600,49.2819365234375,-6.364731431025266,-7.454961785924434,0.2900425198751502
1789222622259931600,49.291931640625,-6.325898134762048,-7.486281053295731,0.33015655839759855
1789222622269925600,49.301925537109376,-6.270242298513651,-7.5319281212270255,0.35287060410678384
1789222622279919400,49.31191943359375,-6.229336872151493,-7.564319401744007,0.3831797811200842
1789222622289913300,49.321913330078125,-6.2386553201168775,-7.55409377580583,0.43039260053075845
1789222622299908400,49.331908447265626,-6.285525207841396,-7.513411052283645,0.45958921319227664
1789222622309902300,49.34190234375,-6.3345940669149154,-7.471831087660789,0.46372634952962394
1789222622319896600,49.351896484375,-6.3672051276624195,-7.442353064242005,0.4903635234992951
1789222622329890600,49.361890625,-6.360141180625558,-7.446415491375327,0.5195071273319423
1789222622339884500,49.371884521484375,-6.326471550735831,-7.475320683342218,0.5154756433261558
1789222622349879600,49.381879638671876,-6.297868556585907,-7.499097280248999,0.5203567298986017
1789222622359873500,49.39187353515625,-6.278911342659592,-7.509757205951213,0.5909270074885338
1789222622369867500,49.401867431640625,-6.263550107398629,-7.514730318188667,0.6834837106328457
1789222622379861500,49.41186157226562,-6.264345057168603,-7.509485987794399,0.7321059949826448
1789222622389855500,49.42185546875,-6.294844240328669,-7.484309460961819,0.7283122287228703
1789222622399850500,49.4318505859375,-6.352312678956985,-7.43969582773149,0.6851478444527834
1789222622409844500,49.44184448242188,-6.395576651144028,-7.40683400709331,0.6370159009031952
1789222622419838500,49.45183837890625,-6.402670993319154,-7.4006187858402726,0.6379913218066096
1789222622429833200,49.461833251953124,-6.38137861444354,-7.413533212471008,0.6985119876123964
1789222622439828200,49.471828125,-6.344397083526849,-7.437786779239773,0.7735264581948519
1789222622449822200,49.481822265625,-6.29836656923592,-7.470726925811171,0.8301824113965034
1789222622459816200,49.49181616210937,-6.264584126621484,-7.494663097193837,0.869133050429076
1789222622469810000,49.501809814453125,-6.258504514446854,-7.498006562402844,0.8839677045326679
1789222622479804200,49.51180419921875,-6.267272342792153,-7.492496274548769,0.868435058227554
1789222622489799000,49.521798828125,-6.2834367111295455,-7.48238521490097,0.8382791355472058
1789222622499793200,49.531793212890626,-6.285303674045204,-7.483484116053581,0.8141320248275995
1789222622509787100,49.541787109375,-6.273662336090207,-7.493353768160938,0.8131452057473361
1789222622519781000,49.551781005859375,-6.280128901755809,-7.484914441117644,0.8404881898988038
1789222622529775000,49.56177514648437,-6.297130889961123,-7.468405204865336,0.8599111947059631
1789222622539770000,49.57177001953125,-6.306458690276742,-7.460516497442126,0.8600332136504352
1789222622549764000,49.58176416015625,-6.3074330882668495,-7.458679345142841,0.8687746654454618
1789222622559758000,49.59175805664062,-6.289357917872071,-7.471824657920003,0.886681055144593
1789222622569752300,49.60175244140625,-6.2802504823088645,-7.481510185632109,0.8693932357352226
1789222622579747300,49.611747314453126,-6.280717515298724,-7.487534852749109,0.8122741220012306
1789222622589741000,49.62174096679688,-6.260305426388979,-7.5064786226719615,0.7948179602876305
1789222622599735000,49.631735107421875,-6.213968622627854,-7.542394570183753,0.8180877767160535
1789222622609729000,49.64172900390625,-6.169744865497947,-7.57589761133492,0.8428530193340033
1789222622619723000,49.651722900390624,-6.168131585082412,-7.572761651396751,0.8819376600097865
1789222622629718000,49.661718017578124,-6.225920341706275,-7.520218394210934,0.9244546132218092
1789222622639712000,49.6717119140625,-6.313672274917364,-7.44812463338077,0.9128897015038877
1789222622649706200,49.681706298828125,-6.382073026448488,-7.396527717134356,0.8549269765526056
1789222622659700200,49.6917001953125,-6.387881420466304,-7.396098093545437,0.8143038742631673
1789222622669694200,49.701694091796874,-6.336725233724713,-7.439982243457436,0.8142267173737288
1789222622679689200,49.711689208984374,-6.262901288101077,-7.497630130305886,0.8555655667170882
1789222622689683200,49.72168310546875,-6.202957983791828,-7.538339157313108,0.9312032837644219
1789222622699677000,49.73167700195312,-6.170780638286471,-7.555645096901059,1.0020392265532165
1789222622709671000,49.7416708984375,-6.170983467382192,-7.552050287279486,1.027562959388271
1789222622719665200,49.7516650390625,-6.19709756732583,-7.534547363814711,0.9984797805059701
1789222622729660200,49.76166015625,-6.240300164714455,-7.505407194048166,0.9475715041108429
1789222622739654100,49.77165405273438,-6.28712095260024,-7.4724769843488925,0.8969846416898071
1789222622749648100,49.78164819335937,-6.334650765538215,-7.437281752327084,0.8540611535035073
1789222622759642000,49.79164208984375,-6.358786843407153,-7.418367793020606,0.8390641484450548
1789222622769636000,49.80163598632812,-6.334139893406629,-7.437511469429731,0.8558457718979566
1789222622779631000,49.81163110351562,-6.28184447350204,-7.477166018947958,0.8948734947547317
1789222622789625000,49.821625,-6.234261469072103,-7.511462256303429,0.9393116252876818
1789222622799619000,49.831619140625,-6.202213302904367,-7.5338471065908665,0.9716399235710501
1789222622809613300,49.84161328125,-6.180663734397291,-7.550630483609438,0.9786478295717388
1789222622819608300,49.8516083984375,-6.182747554934024,-7.550653279963135,0.965220704178512
1789222622829602000,49.86160205078125,-6.20043694088161,-7.538544324496388,0.9462124907173216
1789222622839596000,49.871595947265625,-6.224958218675852,-7.521451150876283,0.9208976513925939
1789222622849590000,49.88159008789062,-6.2842860214352605,-7.476552270963787,0.8827806136399508
1789222622859584000,49.891583984375,-6.348152636668086,-7.430300807398557,0.8136209335003047
1789222622869579000,49.9015791015625,-6.38281536924839,-7.40534113818705,0.7687508412908762
1789222622879573000,49.91157299804688,-6.377862130755186,-7.40418670745492,0.8193118386182934
1789222622889567200,49.921567138671875,-6.316038419526815,-7.445669056922197,0.916543036379665
1789222622899561200,49.93156127929687,-6.238821908855438,-7.5027131326586005,0.9781507667697965
1789222622909555200,49.94155517578125,-6.184037594744563,-7.5468743459463115,0.986279055102542
1789222622919550200,49.95155029296875,-6.181532333925366,-7.55006641998589,0.9775216020207852
1789222622929544200,49.96154418945312,-6.229473650273681,-7.515560339272022,0.9382940457429736
1789222622939538000,49.971537841796874,-6.285721022674441,-7.477624284109472,0.8632716110497712
1789222622949532200,49.9815322265625,-6.332047889563441,-7.443208219766617,0.821100037209317
1789222622959526100,49.991526123046874,-6.359630893015861,-7.418056827375293,0.8354112519606948
1789222622969521200,50.001521240234375,-6.346471551713347,-7.428705647161602,0.8408454058386385
1789222622979515100,50.01151513671875,-6.325796427953243,-7.447072493979334,0.834142181872949
1789222622989509000,50.021509033203124,-6.306366920340061,-7.4607386157602065,0.8587789758056402
1789222622999503000,50.03150317382813,-6.260798178341984,-7.495112010005116,0.8922383970107882
1789222623009497000,50.0414970703125,-6.229914964300393,-7.5214961590617895,0.8863644634760915
1789222623019492000,50.0514921875,-6.232438345298171,-7.5239628414362665,0.8468068715263157
1789222623029486000,50.06148608398438,-6.258868671584129,-7.50489690643847,0.8206577733345329
1789222623039480300,50.071480224609374,-6.298303440871835,-7.47222096376121,0.8171168127920478
1789222623049474000,50.08147412109375,-6.3205123500704765,-7.456072962036728,0.7927738141741603
1789222623059469300,50.09146923828125,-6.314447350943088,-7.46338182374537,0.7720562395118177
1789222623069463000,50.10146313476562,-6.291416019445657,-7.480299056276679,0.7959906573288142
1789222623079457000,50.11145703125,-6.286765563291311,-7.47917677424848,0.841945914426446
1789222623089451000,50.12145092773437,-6.304770006537437,-7.462633051204681,0.8540298815824091
1789222623099445000,50.131445068359376,-6.325404798287153,-7.449960032114386,0.8110027868911623
1789222623109440000,50.14143994140625,-6.344155091464519,-7.44092624630928,0.7447836902480572
1789222623119434200,50.151434326171874,-6.3505246264964335,-7.439152222374081,0.7072696598898619
1789222623129428200,50.16142822265625,-6.338475876784324,-7.4483110958635805,0.7188741729658097
1789222623139422200,50.17142211914062,-6.315578985321522,-7.466211494213343,0.7345383366961031
1789222623149416200,50.181416259765626,-6.291796543195844,-7.486811214649677,0.7289346714701503
1789222623159411200,50.1914111328125,-6.288080737543106,-7.489574249622225,0.7325967741742729
1789222623169405200,50.2014052734375,-6.282640007793903,-7.4930276049464934,0.743876658405736
1789222623179399000,50.21139892578125,-6.269622120788693,-7.504121245890856,0.741888699458912
1789222623189393200,50.22139306640625,-6.285029533278942,-7.4934566440135235,0.7189563713565469
1789222623199387100,50.23138720703125,-6.318139775720239,-7.467163680371642,0.7021105966262519
1789222623209382100,50.241382080078125,-6.337119786000251,-7.45217244746685,0.6902386647857726
1789222623219376000,50.25137622070312,-6.34920886772275,-7.443428584519029,0.6732721862852573
1789222623229370000,50.2613701171875,-6.35450288247764,-7.4402441092640155,0.6583564297694713
1789222623239364000,50.27136401367188,-6.339727922672033,-7.452623113843798,0.6607938129842281
1789222623249358000,50.281358154296875,-6.332682095813751,-7.457828865793347,0.6695606184162199
1789222623259353000,50.29135302734375,-6.331496100899577,-7.459923792245983,0.6573317628968507
1789222623269347000,50.30134716796875,-6.321240079823136,-7.469436301478743,0.6479462410446256
1789222623279341300,50.31134130859375,-6.311289179173111,-7.476262348106503,0.6659759648624807
1789222623289335000,50.3213349609375,-6.2913172352463,-7.489720380094647,0.7027162343692034
1789222623299329000,50.3313291015625,-6.2653744002163405,-7.506595527049899,0.7526689636051654
1789222623309324000,50.341323974609374,-6.238885621741414,-7.5252540502905845,0.7856544106230139
1789222623319318000,50.35131811523438,-6.244009540626406,-7.521800110444426,0.7779789806243032
1789222623329312000,50.36131201171875,-6.275674260434508,-7.500280352553725,0.7294434247098863
1789222623339306200,50.37130615234375,-6.300111367076635,-7.484277312257886,0.6815968739729374
1789222623349300200,50.38130029296875,-6.322249549126624,-7.465166369074582,0.6861766029786318
1789222623359295200,50.391295166015624,-6.3279059674531215,-7.457690334105491,0.7147364155739545
1789222623369289200,50.40128930664063,-6.295351020807027,-7.484614581388235,0.7207588907338679
1789222623379283200,50.411283203125,-6.262233764103055,-7.512714302191138,0.7168953471735119
1789222623389277200,50.42127709960938,-6.243706173765659,-7.528169645476341,0.7163662817981094
1789222623399271000,50.43127099609375,-6.239976339587569,-7.530549234089255,0.7238158671516924
1789222623409266000,50.44126586914062,-6.272814779350161,-7.501079978498816,0.7456391380336135
1789222623419260000,50.451260009765626,-6.3130667102396485,-7.466603708401322,0.7519292511537671
1789222623429253000,50.461253173828126,-6.347683265590668,-7.4411086171388625,0.7121828586336225
1789222623439248100,50.471248046875,-6.387566947689652,-7.4143947977364055,0.6293829218067228
1789222623449242000,50.4812421875,-6.383900826397538,-7.424280231934786,0.5442991848915815
1789222623459236000,50.491236083984376,-6.335639192053676,-7.466461085060239,0.5310554167086258
1789222623469230000,50.50122998046875,-6.28337241372168,-7.505801746323704,0.5937669801548123
1789222623479224300,50.511224365234376,-6.238714941349625,-7.53609693134427,0.6753310185112059
1789222623489219000,50.521218994140625,-6.228286486315727,-7.540761416023969,0.7181559416938573
1789222623499213300,50.53121337890625,-6.256117327049374,-7.518138665327429,0.7134127657547593
1789222623509207300,50.541207275390626,-6.269630888617038,-7.512032749667763,0.656867141059786
1789222623519201000,50.55120092773438,-6.293025208207965,-7.4989476426452395,0.5779296152820811
1789222623529195000,50.561195068359375,-6.3253106902629135,-7.4772192104399196,0.502015930837579
1789222623539190000,50.57118994140625,-6.345266852098703,-7.462274739286303,0.4716295604022219
1789222623549184000,50.58118408203125,-6.351015624883771,-7.456041397854685,0.49237508251741524
1789222623559178200,50.59117822265625,-6.325563203719258,-7.477399827703833,0.4961208449169993
1789222623569172200,50.60117211914063,-6.303836525079608,-7.495449279135465,0.5002712060621008
1789222623579166200,50.611166259765625,-6.299504048833251,-7.495917481169104,0.5457509911350905
1789222623589161200,50.6211611328125,-6.318712607172131,-7.474100786158442,0.6181141434911638
1789222623599155200,50.6311552734375,-6.341441740852594,-7.451751007184386,0.6541470684461296
1789222623609149200,50.641149169921874,-6.3399704992562524,-7.45524937069416,0.6280274155445397
1789222623619143200,50.65114306640625,-6.332692032685875,-7.4659443677097554,0.5719084918290376
1789222623629137200,50.66113720703125,-6.329006037649512,-7.473443783554434,0.5115810470404103
1789222623639132200,50.671132080078124,-6.326291517993807,-7.4777832740634675,0.48081543149650097
1789222623649126100,50.68112622070313,-6.308398133906722,-7.492133870977163,0.4923773475397378
1789222623659120000,50.6911201171875,-6.2822892946600914,-7.5102569721668955,0.5470541826881468
1789222623669114000,50.70111401367188,-6.25577129009068,-7.5259671669960015,0.6289123816855251
1789222623679109000,50.71110913085938,-6.25069705556631,-7.525379137974977,0.683985303479433
1789222623689103000,50.72110302734375,-6.273900821021199,-7.507180048939586,0.671408584370464
1789222623699097000,50.73109716796875,-6.299853008401394,-7.490777195671201,0.6086790103435517
1789222623709091000,50.74109106445312,-6.3166258640259505,-7.481615399572253,0.5441121013542637
1789222623719085300,50.75108520507813,-6.327417307153344,-7.47563457159698,0.4990694655895233
1789222623729079300,50.76107934570312,-6.324206528413296,-7.4792515930503605,0.4853761635407805
1789222623739074300,50.77107421875,-6.301727570101618,-7.496070041382312,0.5172491923373193
1789222623749068300,50.781068359375,-6.276027311655879,-7.513057416540384,0.5795188572349026
1789222623759062000,50.79106201171875,-6.267261236876249,-7.517053792700171,0.6210691208392382
1789222623769056000,50.801055908203125,-6.265677182555199,-7.519471959757804,0.6076369174120947
1789222623779050000,50.81105004882812,-6.2623296256929635,-7.5258093460857864,0.5619635094631463
1789222623789045000,50.821044921875,-6.26681173954308,-7.526611310118437,0.49757071493174876
1789222623799039200,50.831039306640626,-6.280802270972728,-7.517939927884936,0.4499879662301391
1789222623809033200,50.841033203125,-6.303126915505528,-7.499327581873536,0.4483974821683019
1789222623819027200,50.851027099609375,-6.32477702177763,-7.478755333966016,0.4855967840215191
1789222623829021200,50.86102124023437,-6.319917306786775,-7.48102386341989,0.5131378114957362
1789222623839016200,50.87101611328125,-6.277109261673688,-7.517094709232449,0.5114313729040324
1789222623849010200,50.88101025390625,-6.223742413145303,-7.562623119220137,0.4920728847004473
1789222623859004200,50.89100415039063,-6.196713536444306,-7.586492655107379,0.46502566862516104
1789222623868998100,50.900998046875,-6.186749776312708,-7.5958794921338555,0.4439875202389434
1789222623878992100,50.9109921875,-6.190422327345609,-7.593423331153392,0.4347114501105621
1789222623888987100,50.92098706054688,-6.208485807302594,-7.578530297926068,0.43699192573055623
1789222623898981000,50.930981201171875,-6.239380127260088,-7.553323375955223,0.433373296841979
1789222623908975000,50.94097509765625,-6.294830211803316,-7.5090370749831195,0.3998255762988701
1789222623918969000,50.950968994140624,-6.338861076709628,-7.475121361377835,0.33434999149944633
1789222623928963000,50.96096313476563,-6.347577467128634,-7.469244578298926,0.29839950239723545
1789222623938958000,50.9709580078125,-6.342060749533772,-7.472209857845306,0.3387103421334177
1789222623948952300,50.980952392578125,-6.318103535363078,-7.48848353177607,0.4178131414754316
1789222623958946300,50.9909462890625,-6.295513517892361,-7.503793329110741,0.47956926736030725
1789222623968940300,51.000940185546874,-6.282602013871073,-7.514386034795641,0.483016521737352
1789222623978934000,51.01093408203125,-6.2692684850454325,-7.528710328224301,0.43033634029887613
1789222623988929000,51.020928955078126,-6.265951323321461,-7.53369162376821,0.3895296616034582
1789222623998923000,51.03092309570312,-6.2570028777122495,-7.541458750638365,0.38301403263173994
1789222624008917000,51.0409169921875,-6.233182441663741,-7.558343834465742,0.4350387823687866
1789222624018911200,51.0509111328125,-6.222129717251658,-7.559983418366312,0.5496653515672311
1789222624028905200,51.0609052734375,-6.2336559043943875,-7.541009253305196,0.6671621789723634
1789222624038900200,51.07090014648438,-6.25463381049335,-7.519280821099877,0.7143960046384483
1789222624048894200,51.08089428710937,-6.269668882539868,-7.509346287062764,0.6865520852275192
1789222624058888200,51.09088818359375,-6.283924202385545,-7.500444603204727,0.6526935086369514
1789222624068882200,51.10088208007812,-6.294300050449371,-7.490776026627421,0.6636564358737319
1789222624078876200,51.110876220703126,-6.303034561046958,-7.477827113205194,0.724048945255205
1789222624088871200,51.12087109375,-6.311520065319538,-7.461388604101538,0.8141084247563034
1789222624098865200,51.130865234375,-6.28962095272243,-7.470185658541321,0.8985391045901924
1789222624108859100,51.140859130859376,-6.256143046012521,-7.487638897645473,0.9830183728061616
1789222624118853000,51.15085302734375,-6.247001708179712,-7.482452434918284,1.0762233837913722
1789222624128847000,51.16084716796875,-6.258076059901714,-7.460991713738441,1.1577839880816638
1789222624138842000,51.170842041015625,-6.27136224245429,-7.4379481072813265,1.2317958574928343
1789222624148836000,51.18083618164062,-6.2893772070944305,-7.4115423309147355,1.29736357755512
1789222624158830000,51.190830078125,-6.319443844056129,-7.384389535573124,1.3060653549268841
1789222624168824300,51.20082421875,-6.34118864287436,-7.373094819098711,1.2637953622132538
1789222624178818300,51.210818359375,-6.334577700302004,-7.37695617070198,1.2743730164594949
1789222624188813300,51.220813232421875,-6.304043445828556,-7.3876605200678105,1.360841631861776
1789222624198807300,51.23080737304687,-6.2694683915317055,-7.399861829993128,1.4512763744160533
1789222624208801300,51.24080126953125,-6.234607506030797,-7.413908475524186,1.5277498116351662
1789222624218795000,51.250794921875,-6.207898947325348,-7.4134613162785765,1.6349229230225086
1789222624228789000,51.2607890625,-6.191997029316425,-7.4051038222998375,1.7303183567240834
1789222624238784000,51.27078393554687,-6.194286017036438,-7.399938986882567,1.7441650957688688
1789222624248778000,51.28077807617188,-6.225711667391657,-7.382021637398004,1.7078228856690227
1789222624258772200,51.290772216796874,-6.265641526719928,-7.355608262246847,1.6754522095486521
1789222624268766200,51.30076611328125,-6.2853568655371665,-7.338965755003691,1.6745901858918368
1789222624278760200,51.31076025390625,-6.2935337422519915,-7.327763392987847,1.6928398360706864
1789222624288754200,51.32075415039063,-6.287083543199301,-7.32281424614787,1.737629848781228
1789222624298749200,51.33074926757813,-6.295612886613607,-7.296334235501289,1.8163560333631932
1789222624308743200,51.3407431640625,-6.339090209290385,-7.246782561346888,1.862916124486178
1789222624318737200,51.35073706054688,-6.372391005867719,-7.226024435478449,1.829642508176714
1789222624328731100,51.36073120117187,-6.374412282562256,-7.234354456928372,1.789237432552129
1789222624338725000,51.37072509765625,-6.32869390296042,-7.2763465094834565,1.7812348894909023
1789222624348720000,51.38072021484375,-6.250600024932623,-7.337831198015809,1.8046105043813585
1789222624358714000,51.39071411132812,-6.184258544018864,-7.374502932330966,1.882029551887512
1789222624368708000,51.4007080078125,-6.1784045572936535,-7.347293438366055,2.0037443988464774
1789222624378702000,51.4107021484375,-6.219402338114381,-7.284084994781017,2.105115107565373
1789222624388696300,51.4206962890625,-6.253301685106754,-7.253283029282093,2.1110389446564017
1789222624398691000,51.430691162109376,-6.300500658655166,-7.243930679047107,1.9998839240260422
1789222624408685300,51.44068530273437,-6.377025095409154,-7.222158407700062,1.8287588572099804
1789222624418679300,51.45067919921875,-6.41384822089374,-7.213941198974847,1.729736026791483
1789222624428673300,51.46067333984375,-6.377448289257288,-7.239998600295186,1.7552658971063793
1789222624438667800,51.47066772460938,-6.325641529652476,-7.265894089052081,1.8339668011166155
1789222624448662800,51.48066284179688,-6.3001020147264,-7.268114687711,1.911442985637486
1789222624458656800,51.49065673828125,-6.295073957431316,-7.25558136935234,1.9745820172481239
1789222624468650800,51.50065063476563,-6.316608328369259,-7.226999417990446,2.010305364797264
1789222624478644700,51.510644775390624,-6.3458484513789415,-7.2000927063643925,2.0147617596842347
1789222624488638700,51.520638671875,-6.358190631079673,-7.18702455047667,2.0224941075019536
1789222624498633700,51.5306337890625,-6.349233417642116,-7.1934478615224355,2.0277892913006244
1789222624508627700,51.54062768554687,-6.355999843037128,-7.198163199606538,1.9894974084377288
1789222624518621700,51.55062158203125,-6.376234237292408,-7.200870120477676,1.9135057633861898
1789222624528615700,51.56061572265625,-6.389515159147978,-7.2015978502303355,1.8658681061595677
1789222624538609700,51.570609619140626,-6.404264399990439,-7.191745149257779,1.8532627454780042
1789222624548603600,51.58060375976562,-6.399913803565502,-7.196705402013659,1.849033437345177
1789222624558598700,51.5905986328125,-6.372447704491019,-7.218564767122269,1.8586608051292597
1789222624568593000,51.60059301757813,-6.299571853372454,-7.276853874483704,1.8796767051510512
1789222624578587000,51.6105869140625,-6.1944917687416075,-7.366228440460563,1.880781889913976
1789222624588580900,51.620580810546876,-6.126662679618597,-7.429846049368381,1.8525044744566082
1789222624598574600,51.63057470703125,-6.126683722406625,-7.438111773410439,1.8189631471216678
1789222624608569600,51.64056958007812,-6.199059222787619,-7.395865453833341,1.7444814682416616
1789222624618563600,51.6505634765625,-6.317141996854543,-7.3269894860059015,1.6060276679277419
1789222624628557600,51.6605576171875,-6.411514224988221,-7.275697690185904,1.4584538648299872
1789222624638551800,51.6705517578125,-6.4336448082536455,-7.275155253872275,1.360407332097739
1789222624648545800,51.6805458984375,-6.383108799237013,-7.331864398565888,1.292307463209331
1789222624658540800,51.69054077148437,-6.302735285839438,-7.409636789554357,1.2422567534916102
1789222624668534800,51.70053466796875,-6.233295254388451,-7.47072867937684,1.2266316065974532
1789222624678528800,51.71052880859375,-6.202539466118812,-7.497546543675661,1.2188841342758387
1789222624688522800,51.720522705078125,-6.217302150964737,-7.492243761092424,1.1755076416250319
1789222624698516700,51.73051684570312,-6.264509307819605,-7.464681215906142,1.097654951941967
1789222624708511700,51.74051171875,-6.335389016684889,-7.416857972979545,1.011659872335568
1789222624718505700,51.750505615234374,-6.383513288384676,-7.387199916818737,0.9221845493979751
1789222624728499700,51.76049975585938,-6.397725938132405,-7.3841878755211825,0.8445461600527167
1789222624738493700,51.77049365234375,-6.38430648458898,-7.403764682650566,0.7715446367278694
1789222624748487700,51.78048779296875,-6.346738093695044,-7.442665198931097,0.7042987543202937
1789222624758482700,51.79048266601563,-6.321557475209236,-7.468589329260587,0.6545788109268993
1789222624768476700,51.8004765625,-6.2983548787981265,-7.490028423130512,0.6329209597397595
1789222624778470700,51.810470703125,-6.284841901752352,-7.49986008131504,0.6505738130692392
1789222624788465000,51.82046484375,-6.298432620209455,-7.485237097200751,0.6865542771846056
1789222624798459000,51.830458984375,-6.330197293260693,-7.459931391030549,0.6696407709803431
1789222624808452900,51.840452880859374,-6.357336644598841,-7.44359225064814,0.5895783693585545
1789222624818448000,51.85044775390625,-6.368596289759874,-7.441015093636512,0.4926140058398246
1789222624828441600,51.86044165039063,-6.371746862745285,-7.443123464092611,0.41370482937376946
1789222624838435600,51.870435546875,-6.3610787537366145,-7.453772283878922,0.385162442837283
1789222624848429600,51.8804296875,-6.359508143419027,-7.452643572109937,0.43028446398116643
1789222624858423800,51.890423828125,-6.38225481275618,-7.427091782224178,0.5249038718089462
1789222624868418800,51.90041870117187,-6.41470571450591,-7.395751472064852,0.5699098288251087
1789222624878412800,51.91041284179688,-6.43380496725142,-7.384737910619378,0.4921304235739633
1789222624888406800,51.92040673828125,-6.448154979643225,-7.376565710079669,0.42184531960096205
1789222624898400800,51.93040087890625,-6.415979387703538,-7.408523859876394,0.3455015731761232
1789222624908394800,51.94039477539062,-6.30860680822134,-7.504012524819374,0.24829346402939406
1789222624918389800,51.9503896484375,-6.188082486221194,-7.605439347639679,0.18788151929508892
1789222624928383700,51.9603837890625,-6.137333711236715,-7.6433514374047515,0.28758588397065177
1789222624938377700,51.97037768554687,-6.178483467748761,-7.60006700695157,0.485499022735469
1789222624948371700,51.980371826171876,-6.308857568112015,-7.485392580023407,0.5810417559532448
1789222624958365700,51.99036572265625,-6.4584601005583995,-7.357273565110564,0.5737561655223369
1789222624968359700,52.000359619140625,-6.5353977942883965,-7.295533440512418,0.48388398875426497
1789222624978354700,52.010354736328125,-6.543896742564439,-7.297672790628671,0.302943228507787
1789222624988348700,52.0203486328125,-6.51362669198513,-7.329947166767716,0.12220715138739906
1789222624998342700,52.0303427734375,-6.432133819168806,-7.402125098749995,0.08118113085287623
1789222625008337000,52.0403369140625,-6.317790231630206,-7.498616803255676,0.1632921994996257
1789222625018331000,52.050330810546875,-6.245318869659304,-7.555544559136033,0.28305874366872014
1789222625028326000,52.060325927734375,-6.241645734104514,-7.552824194261431,0.4087714280921966
1789222625038319900,52.07031982421875,-6.306682562160492,-7.494331088760495,0.4807643223637715
1789222625048313600,52.080313720703124,-6.406210273361205,-7.412250186923146,0.4352058825640008
1789222625058307600,52.0903076171875,-6.477139666587114,-7.356411395323276,0.3166363113608211
1789222625068301600,52.10030151367187,-6.511026738619804,-7.330178637436032,0.2130399624817073
1789222625078296600,52.110296630859374,-6.5161231849759815,-7.327313895654678,0.1448904457652941
1789222625088290800,52.12029077148438,-6.510888791453838,-7.332521401169895,0.11331638164902105
1789222625098284800,52.130284912109374,-6.502274692365527,-7.339610482648014,0.14463922921689226
1789222625108278800,52.14027880859375,-6.4813447170615195,-7.356881935444473,0.1970823870291002
1789222625118272800,52.15027270507812,-6.459527437528967,-7.375368024727702,0.22099475741107016
1789222625128266800,52.16026684570313,-6.4253662247300145,-7.404736742553115,0.2343658783007413
1789222625138261800,52.17026171875,-6.358996102243662,-7.460216637712716,0.2805934860663488
1789222625148255700,52.180255859375,-6.265343420556187,-7.537001771229505,0.3308453078467399
1789222625158249700,52.19024975585938,-6.213389945957064,-7.578916082373261,0.35243436811398715
1789222625168243700,52.20024365234375,-6.270421746733784,-7.53275872683227,0.3312714608369395
1789222625178237700,52.21023779296875,-6.389369028675556,-7.435864871266483,0.23292276682034133
1789222625188232700,52.220232666015626,-6.483198235973715,-7.357415603929757,0.0834443722102791
1789222625198226700,52.23022680664062,-6.512305087992549,-7.33208534784019,-0.028095798113034105
1789222625208220700,52.240220703125,-6.50349926572442,-7.3398752710640425,-0.03330877210452454
1789222625218214700,52.25021459960937,-6.457160123875737,-7.380657363307476,0.03695577313763788
1789222625228209000,52.260208984375,-6.38753362994194,-7.439103707057237,0.1718725789814256
1789222625238203000,52.27020288085937,-6.312058409979939,-7.499402400675415,0.2953934159164317
1789222625248198000,52.28019799804687,-6.243514450585842,-7.5553990131855,0.32379853114038704
1789222625258192000,52.29019189453125,-6.206801799738407,-7.587520829111337,0.2748001252208836
1789222625268185600,52.300185546875,-6.230515268281102,-7.570103245842456,0.21119544885987415
1789222625278179600,52.3101796875,-6.3037821645438665,-7.5105065630137915,0.15816482828222214
1789222625288173600,52.32017358398438,-6.367944547852874,-7.456995337578654,0.11352779590999706
1789222625298168600,52.33016845703125,-6.408350207999348,-7.4225102996528145,0.09889076500404625
1789222625308162800,52.340162841796875,-6.433989676168561,-7.400078103092312,0.11406422260794788
1789222625318156800,52.35015673828125,-6.4146706431925296,-7.416624164223671,0.12674466695287265
1789222625328150800,52.36015087890625,-6.363090678080916,-7.4606468458235256,0.14216092946985737
1789222625338144800,52.37014477539063,-6.300013167399167,-7.513705651316046,0.1563437868675217
1789222625348139800,52.38013989257813,-6.243585762256384,-7.559853654506802,0.19138483297461642
1789222625358133800,52.3901337890625,-6.221716460275649,-7.576349446755647,0.24403292050808667
1789222625368127700,52.40012768554688,-6.237054314661026,-7.5628060745716095,0.271103389594797
1789222625378121700,52.410121826171874,-6.27483137986958,-7.531796603801846,0.2625098218378611
1789222625388115700,52.42011572265625,-6.301133695861697,-7.510766090732813,0.23341825871970504
1789222625398109700,52.43010961914062,-6.325420580378174,-7.491327230769396,0.19862965300371868
1789222625408104700,52.440104736328124,-6.35019670971632,-7.471188113582134,0.16347318208971992
1789222625418098700,52.4500986328125,-6.353294091209769,-7.468781052440405,0.15278314437703228
1789222625428092700,52.4600927734375,-6.345023106470704,-7.475480842339992,0.1680688210505992
1789222625438086400,52.47008642578125,-6.341422451630234,-7.477851663124561,0.19615674181785434
1789222625448080600,52.48008056640625,-6.331241833877563,-7.4859484603404995,0.21526152925500644
1789222625458075600,52.49007568359375,-6.3185144542515275,-7.496099267476796,0.23507212687395512
1789222625468069600,52.500069580078126,-6.311299700567126,-7.500955475336313,0.271184820800554
1789222625478063600,52.51006372070312,-6.295055837252736,-7.5139944051295515,0.2872942988792434
1789222625488057600,52.5200576171875,-6.282929930651187,-7.524493002790212,0.2778089699143544
1789222625498051600,52.53005151367187,-6.3059776287615295,-7.505601839837431,0.2664096788206138
1789222625508045600,52.540045654296875,-6.353947002160549,-7.46550714533627,0.25288088315119966
1789222625518040600,52.55004052734375,-6.407728861230612,-7.420159352612495,0.22941983673330396
1789222625528034600,52.56003466796875,-6.451902349478006,-7.382632462772727,0.2002127209440805
1789222625538028800,52.57002880859375,-6.465578992652893,-7.371313196378946,0.1744123265921138
1789222625548022500,52.5800224609375,-6.4477721178054805,-7.387080089831352,0.16633956783888862
1789222625558016500,52.5900166015625,-6.3980889262259,-7.429535668244958,0.191960331307631
1789222625568011500,52.600011474609374,-6.331081674879789,-7.48477298682034,0.2568338220280595
1789222625578005500,52.61000561523438,-6.27453327370584,-7.528289472463727,0.3542393717093393
1789222625587999500,52.61999951171875,-6.240481951022148,-7.552141472694277,0.4380883061325177
1789222625597993700,52.62999365234375,-6.245987562701106,-7.546936889788508,0.4491839929034933
1789222625607987700,52.63998779296875,-6.292972601237893,-7.5112372153759,0.38755280857253815
1789222625617981700,52.64998168945313,-6.350894628852606,-7.466333659288287,0.300637855908554
1789222625627976700,52.65997680664063,-6.408107631415128,-7.420005038833618,0.2237625964228995
1789222625637970700,52.669970703125,-6.453340273326635,-7.382167183348536,0.16850281028738245
1789222625647964700,52.67996459960938,-6.453056780210137,-7.382437816983461,0.16752295067086814
1789222625657958400,52.68995849609375,-6.42414457398057,-7.405760824903846,0.23549300090083852
1789222625667952600,52.69995263671875,-6.387206297683716,-7.434964123034477,0.30868743471559135
1789222625677947600,52.70994775390625,-6.329362596002221,-7.482694426980614,0.3447341324675828
1789222625687941600,52.71994165039062,-6.280740896174311,-7.522521994978189,0.36652554690651595
1789222625697935600,52.729935546875,-6.268799113968014,-7.5319994328975675,0.37619697302803395
1789222625707929600,52.7399296875,-6.273703252622485,-7.528367213875055,0.36703959737587716
1789222625717923600,52.749923583984376,-6.2951598821490995,-7.511389191067218,0.3469502376144752
1789222625727917600,52.75991748046875,-6.3333332531988615,-7.480134805625677,0.3268875466642901
1789222625737912600,52.76991259765625,-6.364561919677257,-7.454474879190325,0.3058515354362316
1789222625747906600,52.779906494140626,-6.377395097765326,-7.443934780475497,0.2950436708969995
1789222625757900800,52.78990087890625,-6.358279478406906,-7.45998633608818,0.30211399287572127
1789222625767894500,52.79989453125,-6.327277021899819,-7.4849910134851925,0.33296467462088913
1789222625777888500,52.80988842773438,-6.294022987073659,-7.511286899736523,0.3690815149996429
1789222625787883500,52.81988354492187,-6.270263341301679,-7.530128378328681,0.38903519261740144
1789222625797877500,52.82987744140625,-6.275922682237625,-7.5254960423529145,0.38742030476666983
1789222625807871500,52.83987158203125,-6.294643749320507,-7.511700741234422,0.3495778461717069
1789222625817865700,52.84986572265625,-6.31662527950406,-7.4956240511804815,0.29370325260609387
1789222625827859700,52.85985961914062,-6.3325833116143935,-7.483230433553457,0.26465324534103274
1789222625837853700,52.869853759765626,-6.32595015721023,-7.487854586222768,0.2911673226539977
1789222625847848700,52.8798486328125,-6.304878727608918,-7.502944603326916,0.35316154987737536
1789222625857842700,52.8898427734375,-6.30594021936059,-7.49991619541645,0.39592714408822355
1789222625867836700,52.899836669921875,-6.304770591059326,-7.501931626892089,0.3758778240762651
1789222625877830400,52.90983032226563,-6.304869375258684,-7.503774039888381,0.33525475831944496
1789222625887824600,52.91982470703125,-6.3207391445636745,-7.491513108730316,0.30962171989101916
1789222625897819400,52.9298193359375,-6.316770240932702,-7.495081030344963,0.3042478265666403
1789222625907813600,52.93981372070313,-6.306432386791705,-7.502987273424863,0.3232319102335721
1789222625917807600,52.9498076171875,-6.311122005912662,-7.4970286572813984,0.3670066814869642
1789222625927801600,52.95980151367188,-6.312368791103363,-7.4946473151028155,0.39325112981200216
1789222625937795600,52.969795654296874,-6.300460911166668,-7.504865926778316,0.38933286038972437
1789222625947789600,52.97978955078125,-6.293079568743705,-7.511421924293041,0.38220377569478003
1789222625957784600,52.98978466796875,-6.311757381206751,-7.495195012113451,0.39263551866430785
1789222625967778600,52.99977856445312,-6.3251540383964775,-7.483593421646952,0.39830004723202433
1789222625977772800,53.00977270507813,-6.322931101649999,-7.486201558318734,0.38433337160199876
1789222625987766500,53.0197666015625,-6.3383034428268665,-7.474370835271477,0.36065994280874725
1789222625997760500,53.029760498046876,-6.339440922424197,-7.474535085922479,0.33643644238468257
1789222626007755500,53.03975561523438,-6.311434725123643,-7.497937588819861,0.34220958242602645
1789222626017749500,53.04974951171875,-6.293455416318774,-7.510448695346713,0.39491997633967546
1789222626027743500,53.059743408203126,-6.281030234509706,-7.516872006392479,0.4644187887731939
1789222626037737700,53.06973779296875,-6.261391468060016,-7.531147199982405,0.49718577073477205
1789222626047731700,53.079731689453126,-6.2665165559887885,-7.527723070752621,0.4842907063916325
1789222626057725700,53.0897255859375,-6.283657660403847,-7.516203313350677,0.4389894562233239
1789222626067720700,53.099720703125,-6.296397314989567,-7.508035204464197,0.3939174847662449
1789222626077714700,53.109714599609376,-6.296907018077373,-7.508381241422891,0.3788931167768314
1789222626087708700,53.11970874023437,-6.309295375007391,-7.497068404769897,0.3964251932708546
1789222626097702400,53.129702392578125,-6.314262057504058,-7.491794263759255,0.4165331846674904
1789222626107696600,53.13969653320312,-6.306216113692522,-7.498135741740465,0.4242586278203875
1789222626117690600,53.149690673828125,-6.326750367677211,-7.4810408145546905,0.4202896511241793
1789222626127685600,53.159685546875,-6.3156988123089075,-7.491574483528733,0.39828510539121925
1789222626137679600,53.1696796875,-6.2957736301332705,-7.508579394343495,0.39352249409928913
1789222626147673600,53.179673583984375,-6.302005802521109,-7.501754516759514,0.42283001978937534
1789222626157667600,53.18966748046875,-6.2984758748292915,-7.503187764433026,0.4491785130107775
1789222626167661600,53.19966162109375,-6.303782749065756,-7.498634923434257,0.4507554800039157
1789222626177656600,53.209656494140624,-6.316608912891149,-7.490290288937091,0.407908966043964
1789222626187650600,53.21965063476563,-6.330711672523617,-7.481791925182939,0.3395219507772475
1789222626197644800,53.229644775390625,-6.3501335813522335,-7.467068403303623,0.2984747778568417
1789222626207638500,53.23963842773438,-6.351243003898858,-7.465042450433969,0.3244116946026683
1789222626217632500,53.249632568359374,-6.351476812654734,-7.461690217396616,0.3902672551630065
1789222626227626500,53.25962646484375,-6.341788946855067,-7.468943549525737,0.4086285490227863
1789222626237621500,53.26962158203125,-6.321668534368277,-7.488339739391208,0.3628527766779065
1789222626247615500,53.27961547851562,-6.322050227162242,-7.490059402790665,0.31793135614003987
1789222626257609700,53.28960961914063,-6.3305877538830035,-7.483410466295481,0.30431321995304894
1789222626267603700,53.299603759765624,-6.340273281595111,-7.475249371671676,0.30325503440331664
1789222626277597700,53.30959765625,-6.359879314818978,-7.458803848305344,0.29759132781950753
1789222626287591700,53.319591796875,-6.373254929220676,-7.447972073167562,0.2823254609581083
1789222626297586700,53.32958666992187,-6.380192035007476,-7.443482945054769,0.2410110336699523
1789222626307580700,53.33958056640625,-6.374823785972595,-7.449568986970186,0.18955951724359765
1789222626317574400,53.34957446289062,-6.358728391218185,-7.46394062667191,0.16292734824260696
1789222626327568600,53.359568603515626,-6.36203795415759,-7.4607690108984706,0.17826399705158547
1789222626337562600,53.36956274414062,-6.362787895742058,-7.459609319469332,0.19886285897139458
1789222626347557600,53.3795576171875,-6.378726638630032,-7.445721079370379,0.20850326890014112
1789222626357551600,53.389551513671876,-6.405094421073794,-7.422856921133398,0.21527758534066377
1789222626367545600,53.39954565429687,-6.400297834447026,-7.427876210600138,0.18230019376510753
1789222626377539600,53.40953955078125,-6.401013873761892,-7.428426830220222,0.12601346660149282
1789222626387533600,53.41953344726563,-6.406607163724303,-7.424126502677798,0.09006302316505461
1789222626397527800,53.42952783203125,-6.40730157572925,-7.4233940967500205,0.1004627544279676
1789222626407522600,53.4395224609375,-6.405066364023089,-7.424818576595187,0.1325848991473671
1789222626417516800,53.44951684570312,-6.386625867447257,-7.440228911694883,0.15612597939837722
1789222626427510500,53.459510498046875,-6.367411463889479,-7.456298002964258,0.17346302651064469
1789222626437504300,53.46950415039063,-6.363339684405923,-7.4593492072284215,0.1908098643645644
1789222626447498200,53.479498291015624,-6.372410295090079,-7.451536487650871,0.19329678580947218
1789222626457492200,53.4894921875,-6.385452732014656,-7.440746798089146,0.17791397803751752
1789222626467487200,53.4994873046875,-6.390707583802938,-7.43644997767806,0.16868456006245686
1789222626477481500,53.5094814453125,-6.392392760410904,-7.434829098477959,0.17613646523728965
1789222626487475200,53.51947509765625,-6.390536903411149,-7.435991127994656,0.19354977418985217
1789222626497469200,53.52946923828125,-6.376649247834086,-7.447325007435679,0.21465939864339306
1789222626507463200,53.539463134765626,-6.366527666792273,-7.455133635360002,0.2422698198257014
1789222626517458200,53.549458251953126,-6.3669759950816625,-7.453724937605857,0.2720142756283283
1789222626527452200,53.5594521484375,-6.366209686884283,-7.453650118803978,0.2913128503382206
1789222626537446100,53.569446044921875,-6.363094185212254,-7.455490193712711,0.31157142918668684
1789222626547440400,53.5794404296875,-6.365505338007211,-7.4524600322365755,0.33401608336996286
1789222626557434400,53.589434326171876,-6.375754344820976,-7.44284756976068,0.3523828205898404
1789222626567428400,53.59942846679687,-6.392300990474224,-7.428321616280078,0.3590372735103592
1789222626577423400,53.60942333984375,-6.389464305743575,-7.430980021834373,0.354499885809049
1789222626587417300,53.619417236328125,-6.371574428787827,-7.445076351726055,0.3798291189853102
1789222626597411300,53.62941137695312,-6.361597809174657,-7.449907425144314,0.44647035003062335
1789222626607405300,53.6394052734375,-6.334293622663616,-7.469322319710254,0.5062903932863846
1789222626617399300,53.6493994140625,-6.303865751174092,-7.493491715326905,0.5284248855419457
1789222626627393300,53.659393310546875,-6.293696239337325,-7.50232150299251,0.5243452150128781
1789222626637388300,53.66938818359375,-6.293096519878507,-7.502989026990533,0.5219886054167524
1789222626647382300,53.67938232421875,-6.316911695230007,-7.482202844071388,0.5326007829871028
1789222626657376300,53.689376220703124,-6.374231665298343,-7.432748785072564,0.5420368659827858
1789222626667370200,53.69937036132813,-6.4168146694839,-7.396218505054712,0.5392913301343097
1789222626677364200,53.7093642578125,-6.421433561456203,-7.393364869189262,0.5231899440305308
1789222626687358500,53.7193583984375,-6.419042866927385,-7.3964815399050705,0.5082699131984263
1789222626697353500,53.729353515625,-6.389078521296382,-7.422752876237034,0.5027943678641692
1789222626707347500,53.739347412109375,-6.329335123473405,-7.471658069181442,0.53313072514534
1789222626717341200,53.74934106445313,-6.279777604100108,-7.508357860547304,0.5994544877393171
1789222626727335200,53.75933520507812,-6.252008722686767,-7.524644978481531,0.6800667417962104
1789222626737329200,53.7693291015625,-6.260019595184922,-7.5125477134525775,0.7376816031578928
1789222626747324200,53.77932421875,-6.29077596797645,-7.486435951596498,0.7414875713121145
1789222626757318100,53.78931811523437,-6.333600379702449,-7.455300224098563,0.688759312948212
1789222626767312400,53.7993125,-6.3783665731459855,-7.424483061030506,0.6032234483513981
1789222626777306400,53.809306396484374,-6.378170173791051,-7.429116566050052,0.5454856547297909
1789222626787300400,53.81930029296875,-6.365155793917179,-7.438564777874946,0.5682673223150894
1789222626797294300,53.82929443359375,-6.347652870452404,-7.448007144480943,0.6363067297205328
1789222626807289300,53.83928930664062,-6.300973536863923,-7.482706701940297,0.6908014863003045
1789222626817283300,53.84928344726563,-6.283418006429076,-7.494350377982855,0.7237041504055262
1789222626827277000,53.85927709960937,-6.279146904981136,-7.496930457603931,0.7339819449223578
1789222626837271300,53.869271240234376,-6.2719274751216165,-7.503340909168124,0.7301933662943542
1789222626847265300,53.87926538085937,-6.287506152525544,-7.491396788874268,0.7187732698746025
1789222626857259300,53.88925927734375,-6.295146438145637,-7.48637749940753,0.7040458024725318
1789222626867254300,53.899254150390625,-6.300950740510225,-7.481845701196789,0.7002815545681864
1789222626877248300,53.90924829101562,-6.309041692507266,-7.476330152645707,0.6861921658739447
1789222626887242200,53.9192421875,-6.302386910793185,-7.4846280253916975,0.6562327156137675
1789222626897236200,53.929236328125,-6.304411694619059,-7.482523746588826,0.6607697014562786
1789222626907230500,53.93923046875,-6.288928878805041,-7.491623583367467,0.7038041757363825
1789222626917224200,53.94922412109375,-6.2501201324611895,-7.518611543536186,0.7595152493033558
1789222626927219500,53.95921948242187,-6.236400234666466,-7.525316009610891,0.8045585791878401
1789222626937213200,53.969213134765624,-6.228688637375831,-7.530350496646761,0.8170946009602397
1789222626947207200,53.97920727539063,-6.214093125790357,-7.545793564972281,0.7851337477497756
1789222626957201200,53.989201171875,-6.227494459155202,-7.542007616692781,0.7119134671077132
1789222626967195400,53.9991953125,-6.272708980888128,-7.509608737391233,0.6551987694561481
1789222626977189400,54.009189453125,-6.334275502485037,-7.451849791383743,0.7192210867073386
1789222626987184400,54.019184326171874,-6.384210038477182,-7.408746562716364,0.722993298722431
1789222626997178400,54.02917846679688,-6.397642936024069,-7.401408474913239,0.6780130241367965
1789222627007172400,54.03917236328125,-6.333530237075686,-7.461177591699362,0.622588804687187
1789222627017166300,54.04916625976563,-6.205111362433433,-7.570252883446216,0.598538797666505
1789222627027160000,54.05916015625,-6.110428168654441,-7.636979564285278,0.7138635051969439
1789222627037154300,54.069154296875,-6.123235043257474,-7.61150025511384,0.8610670867428183
1789222627047149000,54.07914916992188,-6.228850549939274,-7.52156805525422,0.8932042463682591
1789222627057143300,54.08914331054687,-6.311992359006404,-7.453880420428514,0.8768159330818801
1789222627067137300,54.09913720703125,-6.348297598096728,-7.426092834314703,0.850089692589268
1789222627077131300,54.10913134765625,-6.409777610453963,-7.3829960353881114,0.7592823903955519
1789222627087125200,54.119125244140626,-6.4603445991307495,-7.351527130413055,0.6240013748988509
1789222627097119200,54.129119140625,-6.444296550649404,-7.366571554809808,0.6124173566216603
1789222627107114200,54.1391142578125,-6.38736528763771,-7.4066153959065675,0.716935240792483
1789222627117108200,54.149108154296876,-6.331062970179319,-7.446116216167807,0.8021128665361553
1789222627127102500,54.1591025390625,-6.287645853257179,-7.47969875229597,0.830661573215574
1789222627137096200,54.16909619140625,-6.300802856472134,-7.466199219253658,0.8521407799001782
1789222627147090200,54.17909008789063,-6.351793623518944,-7.423419815713166,0.8473213238544761
1789222627157085200,54.18908520507812,-6.378269542512297,-7.407547708320617,0.7850463617272675
1789222627167079200,54.1990791015625,-6.402273518434167,-7.392736508157848,0.7271336864627898
1789222627177073200,54.2090732421875,-6.418023460751772,-7.379396549591422,0.7237832069911062
1789222627187067400,54.2190673828125,-6.3919859331756825,-7.400484345805644,0.7387434602357447
1789222627197061400,54.22906127929687,-6.361424206173419,-7.4256468441128725,0.7499635040387511
1789222627207055400,54.239055419921876,-6.350221259635687,-7.433414555504918,0.7677372803341597
1789222627217050400,54.24905029296875,-6.358096523055434,-7.424201906001567,0.7913490420680492
1789222627227044400,54.25904443359375,-6.391605993947386,-7.395328862738609,0.7917493664972484
1789222627237038300,54.269038330078125,-6.432616634249687,-7.3641212390482425,0.7493627616666257
1789222627247032000,54.27903198242188,-6.4215574800968165,-7.378333304274082,0.7029719626959413
1789222627257026300,54.2890263671875,-6.320751419523358,-7.4652248212635515,0.6992203550774604
1789222627267020300,54.29902026367188,-6.176704767638444,-7.579647903779149,0.7534218277990817
1789222627277015300,54.30901538085938,-6.0911354391634465,-7.638855879551172,0.8463740330670029
1789222627287009300,54.31900927734375,-6.120637427979707,-7.608014166563749,0.9090192167460918
1789222627297003300,54.32900317382813,-6.222519008830189,-7.529455009111762,0.870603561373055
1789222627306997200,54.338997314453124,-6.361818173927069,-7.422064309450984,0.7814218876197934
1789222627316991200,54.3489912109375,-6.480020774981379,-7.32447545735836,0.7292387689832598
1789222627326985500,54.3589853515625,-6.504055146041512,-7.306256494578719,0.697332422439009
1789222627336980200,54.36898022460937,-6.448013525345921,-7.35698188868761,0.6843508488561958
1789222627346974500,54.37897436523438,-6.369560750877857,-7.4229738255113356,0.7060667869061231
1789222627356968200,54.38896826171875,-6.296876622939109,-7.479526318338513,0.7592212347928434
1789222627366962200,54.398962158203126,-6.248932383981347,-7.513494638913869,0.8176886213306337
1789222627376956200,54.4089560546875,-6.246117911082506,-7.5093883726388215,0.8749167483970522
1789222627386950100,54.4189501953125,-6.27869156242907,-7.47675276197195,0.9201032130792737
1789222627396945200,54.428945068359376,-6.306347046595811,-7.452409763354063,0.9284228592656553
1789222627406939400,54.438939453125,-6.339577700546384,-7.428068518301844,0.896628667858988
1789222627416933400,54.448933349609376,-6.3844906089842315,-7.397034497612714,0.8321980620678514
1789222627426927400,54.45892724609375,-6.385642701628804,-7.403545486941933,0.7625437302790582
1789222627436921300,54.46892138671875,-6.361453432267904,-7.426615981405973,0.7400516202248633
1789222627446915300,54.47891528320312,-6.337690279364585,-7.444614579433202,0.7627458287224174
1789222627456910300,54.48891040039062,-6.306530586469173,-7.465940860578417,0.8110374198131263
1789222627466904300,54.498904296875,-6.293069047349691,-7.470810512441396,0.8687048881448804
1789222627476898300,54.50889819335937,-6.306781930881738,-7.455005040544271,0.9043149845778942
1789222627486892500,54.518892578125,-6.317519013473391,-7.447555893582106,0.8906463785789906
1789222627496886300,54.52888623046875,-6.31899551576674,-7.450557413485646,0.8543316410079598
1789222627506880300,54.53888037109375,-6.320900472605228,-7.452543618866801,0.8223170848488808
1789222627516875300,54.548875244140625,-6.320694136378169,-7.455195594680309,0.7995416278086602
1789222627526869200,54.558869140625,-6.316260537844896,-7.460152340304851,0.7882732148192823
1789222627536863200,54.56886328125,-6.3251885251879685,-7.452032162213325,0.7934669110048562
1789222627546857500,54.578857421875,-6.34171003639996,-7.437545371699333,0.7975015733484179
1789222627556851500,54.5888515625,-6.347661638280749,-7.433650702348351,0.7863914927259087
1789222627566845400,54.59884545898438,-6.365784154948591,-7.42106477701962,0.7582681718517095
1789222627576840400,54.60884033203125,-6.375768957868218,-7.415658534061908,0.7266117814805358
1789222627586834400,54.61883447265625,-6.352742302545905,-7.436643454423546,0.7137102873966097
1789222627596828400,54.62882836914063,-6.318567061221599,-7.465808174109458,0.7125996958062052
1789222627606822100,54.638822265625,-6.277234933879972,-7.5010361393570895,0.7079362340398132
1789222627616816400,54.64881640625,-6.2763552284359925,-7.501467516511679,0.7111549768906086
1789222627626810400,54.65881030273437,-6.305023689037561,-7.478036372041702,0.704298169798404
1789222627636805400,54.668805419921874,-6.317068347096443,-7.471147781571745,0.6685651776380837
1789222627646799400,54.67879931640625,-6.343319809684157,-7.4528241893738505,0.6229674287412316
1789222627656793300,54.68879345703125,-6.3668842251449815,-7.437652339205146,0.5608078366219997
1789222627666787300,54.69878735351563,-6.3486781218469135,-7.457347219756246,0.5026439996080473
1789222627676781300,54.70878125,-6.310504166275263,-7.490974179548025,0.48293311777021736
1789222627686775600,54.71877563476563,-6.274876972576975,-7.519978740236163,0.4962017281334847
1789222627696770300,54.728770263671876,-6.247195769447088,-7.542538947090506,0.5030224775316193
1789222627706764500,54.7387646484375,-6.263823079121113,-7.530669645598531,0.47319505615327506
1789222627716758300,54.74875830078125,-6.3097583163440225,-7.496030878415703,0.40847295660227534
1789222627726752300,54.75875219726562,-6.350319459313154,-7.465755567139387,0.32605938874445856
1789222627736746200,54.768746337890626,-6.380367391574382,-7.442942846828699,0.2527711026337929
1789222627746740200,54.778740234375,-6.392226756194233,-7.434189047008752,0.20652824250012636
1789222627756735200,54.7887353515625,-6.389661289620399,-7.437245511969923,0.1731692677284591
1789222627766729500,54.7987294921875,-6.373329163500666,-7.452602655577659,0.09888639022302813
1789222627776723500,54.80872338867187,-6.345838514506816,-7.476656315860152,0.017928520474192917
1789222627786717400,54.818717529296876,-6.271926890599727,-7.538771118989587,-0.015982803508697543
1789222627796711400,54.82871142578125,-6.164580030080676,-7.626645801797509,-0.05113945023592095
1789222627806705400,54.838705322265625,-6.091680798086523,-7.684953613859415,-0.057449382301396686
1789222627816699400,54.84869946289062,-6.084036420813202,-7.6912196885168544,0.00545389119569736
1789222627826694100,54.85869409179688,-6.174352651554345,-7.618662986350059,0.06104863976922351
1789222627836688400,54.8686884765625,-6.334405266344547,-7.486357041141391,0.012204468855139566
1789222627846682400,54.87868237304688,-6.4358490402996535,-7.398247965055703,-0.1271515581201762
1789222627856676400,54.88867626953125,-6.451454605710506,-7.380941440945863,-0.2661341315485537
1789222627866670300,54.89867041015625,-6.4468234387785195,-7.380565593370795,-0.3689274204164743
1789222627876664300,54.908664306640624,-6.411016212338208,-7.407721895843744,-0.4414879950407892
1789222627886659300,54.918659423828124,-6.3487570323020215,-7.462493934994936,-0.41816385460924355
1789222627896653300,54.9286533203125,-6.297056071159243,-7.5112845616489645,-0.31315248783305283
1789222627906647600,54.9386474609375,-6.267739960303902,-7.539627443557977,-0.19957858775900675
1789222627916641500,54.9486416015625,-6.253074890613555,-7.5529498664677135,-0.14963328377767465
1789222627926635300,54.95863525390625,-6.282922331866621,-7.5273565755277865,-0.18489516042806206
1789222627936629200,54.968629150390626,-6.355351608261466,-7.463664732339978,-0.27130051960209384
1789222627946624300,54.97862426757813,-6.404421636378765,-7.417880301764607,-0.3589169715989381
1789222627956618200,54.9886181640625,-6.429393580549955,-7.393577635157108,-0.4102364591434598
1789222627966612200,54.9986123046875,-6.449578290444612,-7.375386729428172,-0.4206962956963107
1789222627976606500,55.0086064453125,-6.431965476864576,-7.390967744919657,-0.416907351742126
1789222627986600400,55.018600341796876,-6.405472022214531,-7.415403682518005,-0.3900022110186517
1789222627996594400,55.02859448242187,-6.390335827881097,-7.430880653113126,-0.3406005397941917
1789222628006589400,55.03858935546875,-6.353114058467745,-7.464542099696398,-0.29821106715304774
1789222628016583400,55.04858349609375,-6.314844825828075,-7.498001886227726,-0.2703427439532243
1789222628026577400,55.05857739257812,-6.3108689079344265,-7.50215491425395,-0.24695152963483705
1789222628036571400,55.0685712890625,-6.322690278631448,-7.492256620573997,-0.24507735152710228
1789222628046565400,55.0785654296875,-6.316333603081107,-7.496402634337544,-0.27973791041662915
1789222628056559400,55.088559326171875,-6.305328809463977,-7.5039406286269426,-0.3226070928661153
1789222628066554400,55.098554443359376,-6.329737274533509,-7.483027019935846,-0.3303425824889913
1789222628076548400,55.10854833984375,-6.405423506897687,-7.417901344552636,-0.3401103816570714
1789222628086542300,55.118542236328125,-6.446961970466375,-7.379279645213484,-0.39153153947778047
1789222628096536300,55.12853637695312,-6.450016681861877,-7.376051915338635,-0.4019065838240087
1789222628106530300,55.1385302734375,-6.452936953222752,-7.3763435917615885,-0.3457547442195937
1789222628116524500,55.14852465820312,-6.404286611822247,-7.420428232681751,-0.30452675310587507
1789222628126519600,55.15851953125,-6.337363531628251,-7.477780935975908,-0.301658851253055
1789222628136513500,55.168513427734375,-6.351163508921862,-7.467068403303623,-0.2756753188865259
1789222628146507300,55.17850732421875,-6.3578136144608255,-7.461593186762928,-0.27058208740074186
1789222628156501200,55.188501220703124,-6.339242184981703,-7.476252995756268,-0.30005136125748977
1789222628166495200,55.1984951171875,-6.378651235306263,-7.442544202899932,-0.3028593496166169
1789222628176489500,55.208489501953125,-6.427805434575676,-7.40056676339209,-0.2920905567124486
1789222628186484200,55.21848413085937,-6.446195077747106,-7.383868726569414,-0.3089220106564462
1789222628196478500,55.228478515625,-6.451033165428042,-7.378733117246627,-0.3299153335202485
1789222628206472400,55.238472412109374,-6.432986052083969,-7.394439804944396,-0.3306576397875324
1789222628216466400,55.24846655273438,-6.397111021104455,-7.426993582546711,-0.295168594184611
1789222628226460400,55.25846044921875,-6.365922686636448,-7.455536370941996,-0.24575371641870586
1789222628236454100,55.2684541015625,-6.36224487490654,-7.459400645154714,-0.22263035925626753
1789222628246448400,55.278448486328124,-6.367730028319358,-7.454065713867545,-0.24350515204062684
1789222628256443100,55.28844311523437,-6.35166970487833,-7.466408478090167,-0.28181137395612893
1789222628266437400,55.298437255859376,-6.3460471888214345,-7.470421805384754,-0.30143386512445286
1789222628276431400,55.30843139648437,-6.349423387256264,-7.468574131691455,-0.2749569780167192
1789222628286425300,55.31842529296875,-6.343774567714333,-7.475034267616271,-0.22534135351432485
1789222628296419300,55.32841943359375,-6.359759487831592,-7.4626932569593185,-0.179033227858413
1789222628306413300,55.338413330078126,-6.382938118845224,-7.443104759392142,-0.16932892238060013
1789222628316408300,55.348408203125,-6.3934185963273045,-7.433277192860841,-0.2024016275567934
1789222628326402300,55.35840234375,-6.401397904643416,-7.425522925472259,-0.23258337879814206
1789222628336396500,55.368396484375,-6.41000674303472,-7.417399824771285,-0.2537309241092764
1789222628346390300,55.37839038085937,-6.399490025195479,-7.426595523139834,-0.25016433593519033
1789222628356384300,55.38838427734375,-6.371392057958245,-7.452448341798782,-0.1917137544017285
1789222628366378200,55.39837817382813,-6.337142582353949,-7.4833175273150205,-0.10471452098777517
1789222628376373200,55.40837329101562,-6.295704072028398,-7.518751828789711,-0.05348449269183911
1789222628386367200,55.4183671875,-6.279745455396175,-7.532204600080847,-0.03281794496383518
1789222628396361500,55.42836157226562,-6.282285787528753,-7.530120195022225,-0.02361326185452053
1789222628406355500,55.43835546875,-6.291723477959633,-7.522226811423898,-0.02643961698740022
1789222628416349400,55.44834936523438,-6.313461847037076,-7.503971023765206,-0.03155433193591889
1789222628426343400,55.458343505859375,-6.333601548746228,-7.486947408249974,-0.03852316630154382
1789222628436338700,55.468338623046876,-6.3604457165300845,-7.46408967975378,-0.04981864539436064
1789222628446332700,55.47833276367187,-6.359917893263697,-7.464516380733251,-0.053155279003782197
1789222628456326700,55.48832666015625,-6.3420256782203905,-7.479908595654368,-0.007614099724421976
1789222628466320600,55.49832055664063,-6.313280060729384,-7.503880422872305,0.06820726565248332
1789222628476314600,55.508314697265625,-6.2620940633714195,-7.546072966435551,0.1155473464383278
1789222628486308600,55.51830859375,-6.232262404209375,-7.570396675831079,0.13557719456483608
1789222628496303600,55.5283037109375,-6.235261001503467,-7.567431980806589,0.1608565333179198
1789222628506297600,55.538297607421875,-6.242209213206172,-7.56106946003735,0.18822551042716948
1789222628516291600,55.54829150390625,-6.247042040190101,-7.55678082293272,0.19979645002707838
1789222628526285600,55.55828564453125,-6.266048353955149,-7.54111388272345,0.19655423496915025
1789222628536279600,55.56827954101563,-6.278764627665281,-7.5312009759962555,0.16886265657572075
1789222628546273800,55.578273681640624,-6.288078983977437,-7.524010772231221,0.14036540608890355
1789222628556267800,55.58826782226563,-6.299074425244331,-7.514397140711545,0.16085125435460357
1789222628566262800,55.5982626953125,-6.289317001339793,-7.521091085392237,0.21924661683579905
1789222628576256800,55.6082568359375,-6.277471665245294,-7.528986807078122,0.2794686284885742
1789222628586250500,55.61825048828125,-6.265775382232666,-7.537514396926761,0.3103687388660386
1789222628596244500,55.62824438476562,-6.254325767457485,-7.546662164500355,0.3188708654798567
1789222628606238700,55.63823876953125,-6.242665724802017,-7.555700041958689,0.33303244262747467
1789222628616232700,55.64823266601562,-6.238456582674384,-7.5583555249035355,0.3511452781515196
1789222628626227700,55.658227783203124,-6.237672154298425,-7.558132822063564,0.36938601437155155
1789222628636221700,55.6682216796875,-6.240388427519798,-7.554563731405138,0.39560565704889594
1789222628646215700,55.67821557617187,-6.253032805037498,-7.5443936350464815,0.3899941738426685
1789222628656209700,55.68820971679688,-6.2582303736805915,-7.542198170828819,0.34667850800100714
1789222628666203600,55.69820361328125,-6.256531168547272,-7.542648252683877,0.36696843183580785
1789222628676198000,55.70819799804688,-6.256493174624443,-7.537331441575288,0.464010207972303
1789222628686192600,55.718192626953126,-6.239912042179704,-7.548650123447179,0.5017603851739317
1789222628696186600,55.7281865234375,-6.218379424807429,-7.569338106688857,0.45527606270089743
1789222628706180600,55.7381806640625,-6.208966284295916,-7.577712551802397,0.4442946864919737
1789222628716174600,55.74817456054687,-6.209004862740636,-7.573906729778647,0.5045585645250976
1789222628726168600,55.75816845703125,-6.2099675702929495,-7.569563732138276,0.5553212219044565
1789222628736162600,55.76816259765625,-6.21722090242207,-7.561845120584964,0.5788348935587331
1789222628746156800,55.77815673828125,-6.239687001252174,-7.541369903311133,0.6036844899918884
1789222628756151600,55.788151611328125,-6.247456466209888,-7.536801280221343,0.5799115098142996
1789222628766145800,55.79814575195312,-6.2312324766397476,-7.554738503450155,0.5177364643976092
1789222628776139800,55.808139892578126,-6.200086812269688,-7.5826652057737105,0.48217583312951023
1789222628786133800,55.8181337890625,-6.122621879795194,-7.644363244795799,0.49758189391288904
1789222628796127500,55.82812744140625,-6.019378362941741,-7.720033110547066,0.5818574197176843
1789222628806121500,55.83812158203125,-5.965180908808112,-7.7520970588058224,0.7014183035131544
1789222628816116500,55.84811645507813,-5.964256195178628,-7.742809005978703,0.8043312001727521
1789222628826110700,55.85811083984375,-5.998146189820766,-7.711646390473843,0.8503732587710022
1789222628836104700,55.86810473632813,-6.0819642907142635,-7.648644867637753,0.8236089512903243
1789222628846098700,55.8780986328125,-6.197035023483633,-7.565839158657193,0.7247232643201946
1789222628856092700,55.8880927734375,-6.284651347616315,-7.502901933228969,0.6164547589115799
1789222628866086700,55.898086669921874,-6.296348215150832,-7.495697700938582,0.5838667502461001
1789222628876080600,55.90808056640625,-6.243387609335779,-7.535633405485749,0.6361770389262587
1789222628886075600,55.91807568359375,-6.166135442829131,-7.59048026343882,0.730596028811112
1789222628896070000,55.92806982421875,-6.087576869899034,-7.642897848418355,0.835407160307467
1789222628906063600,55.93806372070313,-6.044618602660298,-7.667378794202208,0.9188424724284558
1789222628916057600,55.9480576171875,-6.06667845877707,-7.648689291301369,0.9291647636741399
1789222628926051600,55.958051513671876,-6.119332190600037,-7.613819637972116,0.8682770911868661
1789222628936045600,55.96804565429687,-6.17270429982543,-7.575310166835784,0.8263038163974881
1789222628946040600,55.97804052734375,-6.2134402148395775,-7.54215900786221,0.824251413912326
1789222628956034600,55.98803466796875,-6.220044143149257,-7.536871422848105,0.8228033339958637
1789222628966028800,55.99802880859375,-6.20552754201889,-7.549521645584702,0.8164079338703304
1789222628976022800,56.008022705078126,-6.198955762413144,-7.553606284549832,0.8284679356288165
1789222628986016800,56.01801684570312,-6.19640724697411,-7.550286784738302,0.8764082290638238
1789222628996010500,56.028010498046875,-6.201788940012455,-7.540059405234456,0.925036431697756
1789222629006005800,56.038005859375,-6.195950150856375,-7.541976052510738,0.9482480151329189
1789222629015999500,56.04799951171875,-6.17070757305026,-7.560313088712096,0.9666523444168269
1789222629025993500,56.057993408203124,-6.15895692950189,-7.567321506169438,0.9865507116507738
1789222629035987700,56.06798779296875,-6.16229688757956,-7.5642399067670105,0.9893229528430849
1789222629045981700,56.077981689453125,-6.146573833268881,-7.580228334015607,0.9644483315665274
1789222629055975700,56.0879755859375,-6.113044488632679,-7.6103201054185625,0.9402678300339729
1789222629065969700,56.0979697265625,-6.137890176075697,-7.586755105435848,0.9684200116764754
1789222629075964700,56.107964599609375,-6.226814660197496,-7.506580914002656,1.0239200728412716
1789222629085958700,56.11795874023438,-6.314253874197602,-7.430132465094328,1.0458152399156242
1789222629095952600,56.12795263671875,-6.391638142651319,-7.365124863132834,1.0355094614133238
1789222629105946600,56.13794653320313,-6.437032697126269,-7.329352708005905,1.0077682717245071
1789222629115940600,56.147940673828124,-6.4162307321161025,-7.351953246870637,0.9752698045060038
1789222629125934600,56.1579345703125,-6.3584782158493995,-7.401128488928079,0.981546985079348
1789222629135929600,56.1679296875,-6.297689692887664,-7.446932793247699,1.0260015552904456
1789222629145923600,56.177923583984374,-6.240211901909112,-7.48443805577755,1.1015181301761419
1789222629155917600,56.18791748046875,-6.198987911117077,-7.505410116657615,1.1881715275608002
1789222629165911600,56.19791162109375,-6.203572900819778,-7.492328516766428,1.2454264695689081
1789222629175905800,56.20790576171875,-6.252655203896761,-7.454251007306575,1.2283430866904557
1789222629185899800,56.21789965820312,-6.315278541070223,-7.41259739292562,1.158034674907103
1789222629195893800,56.22789379882813,-6.369342724213004,-7.375461548230051,1.097461548261717
1789222629205888800,56.237888671875,-6.393841205653548,-7.35683225108385,1.079902218434587
1789222629215882500,56.24788256835937,-6.374319343581796,-7.3708677906990046,1.0994271492462604
1789222629225876500,56.25787646484375,-6.312428412336111,-7.417367676067352,1.1429249301891773
1789222629235870700,56.26787060546875,-6.259029415103793,-7.450574949142337,1.2181362385179846
1789222629245864700,56.27786474609375,-6.251272809627652,-7.445909879940748,1.2846734611995518
1789222629255858700,56.28785864257812,-6.250459155157208,-7.445117268258333,1.293205434962362
1789222629265853700,56.29785375976562,-6.2501277312457555,-7.45073686170578,1.2620637161150574
1789222629275847700,56.30784765625,-6.267172974070906,-7.441350024679303,1.232572102562338
1789222629285841700,56.31784155273437,-6.291880129826069,-7.425700620126724,1.2006629795391113
1789222629295835600,56.327835693359376,-6.310805195048451,-7.416111538526415,1.1599184428270906
1789222629305830000,56.33782983398437,-6.320474940669536,-7.410595405453443,1.142391480899602
1789222629315823600,56.34782373046875,-6.328975057989359,-7.402054371601343,1.1506794167734682
1789222629325817600,56.35781762695313,-6.3285337439626455,-7.398447287020087,1.176022020887956
1789222629335812600,56.3678125,-6.312749899375438,-7.405319510877132,1.2168882842835038
1789222629345806600,56.377806640625,-6.294179638940095,-7.415782452702522,1.248944122301042
1789222629355800600,56.38780053710938,-6.277000540602207,-7.433786895948648,1.2281940336085855
1789222629365794600,56.397794677734375,-6.274730842104554,-7.444155729749799,1.1758731139365584
1789222629375788800,56.40778881835938,-6.290489552250504,-7.437559984746575,1.1326211244482547
1789222629385782800,56.41778271484375,-6.305078049573302,-7.432307471045851,1.0849808368731289
1789222629395777800,56.42777783203125,-6.312945129686594,-7.430187994673847,1.0532893021233378
1789222629405771800,56.43777172851563,-6.3213949781239025,-7.42283529382348,1.054458638163656
1789222629415765800,56.447765869140625,-6.315881183138489,-7.4292404846906654,1.0423083277732133
1789222629425759500,56.45775952148438,-6.304605755886435,-7.445033097106218,0.9969038364261388
1789222629435753700,56.467753662109374,-6.290844357037544,-7.459999780091643,0.9716321786560118
1789222629445748000,56.477748046875,-6.2578077643543475,-7.487404504367709,0.9741657887868582
1789222629455741700,56.48774169921875,-6.229453192007541,-7.5138506127446885,0.9520203732784837
1789222629465736700,56.49773681640625,-6.228793851315975,-7.523115869218111,0.8804776704598217
1789222629475730700,56.50773071289063,-6.2409080674797295,-7.521442967569827,0.8058259687751531
1789222629485724700,56.517724609375,-6.27291005641818,-7.499242826199531,0.763114150578156
1789222629495718700,56.52771875,-6.313140944519638,-7.468594005435705,0.7312569769378751
1789222629505712600,56.53771264648437,-6.335445715308189,-7.454643221494555,0.67882726312913
1789222629515707000,56.54770678710938,-6.343614408716559,-7.45127812897563,0.6382714539222419
1789222629525702000,56.55770190429688,-6.3247325981140134,-7.469229380729794,0.6154317725393921
1789222629535696000,56.56769580078125,-6.295865400069951,-7.496635274049639,0.5769950013130903
1789222629545689900,56.57768994140625,-6.275512347871064,-7.517123935326933,0.5302689790386707
1789222629555683800,56.58768383789062,-6.2575084891468284,-7.534020125070214,0.5025190945867449
1789222629565677600,56.597677490234375,-6.257007553887367,-7.535477922663092,0.4866397537358105
1789222629575671600,56.60767163085937,-6.283368322068452,-7.5151125955045215,0.4612430082812905
1789222629585665800,56.617665771484376,-6.312161285832524,-7.493297654059529,0.4213075959950685
1789222629595660800,56.627660888671876,-6.3268473983109,-7.482249605822563,0.3966376669777557
1789222629605654800,56.63765478515625,-6.325579570332169,-7.4846204266071314,0.3713162517817691
1789222629615648800,56.647648681640625,-6.306207930386066,-7.502865692871809,0.3303453955005854
1789222629625642800,56.65764282226562,-6.284352072408795,-7.521738735646009,0.31739721273072063
1789222629635636700,56.66763671875,-6.284705708152055,-7.520602425092458,0.3367308587539941
1789222629645630700,56.67763061523438,-6.292442439883947,-7.513740138107538,0.3453268011311069
1789222629655625700,56.68762573242188,-6.295036548030376,-7.512214535975456,0.3309478914383799
1789222629665620000,56.697619873046875,-6.281910524475574,-7.524195481148362,0.3073455551199615
1789222629675613700,56.70761376953125,-6.268709682118892,-7.535348743325471,0.30360715404292565
1789222629685607700,56.717607666015624,-6.273326236003637,-7.530256973144412,0.33314722811356184
1789222629695601700,56.7276015625,-6.271829859966039,-7.529497679209709,0.37576336738374083
1789222629705595600,56.737595703125,-6.262195770180225,-7.536123819351196,0.4026453098947182
1789222629715590000,56.74758984375,-6.258862241843342,-7.537913040855527,0.4205947715505957
1789222629725584600,56.75758471679688,-6.241967221143842,-7.550073434248566,0.4523526130022481
1789222629735579000,56.767578857421874,-6.2307753805220125,-7.556133172678947,0.5026709606802091
1789222629745572900,56.77757275390625,-6.237395090922713,-7.5470181383311745,0.554800120639801
1789222629755566800,56.78756689453125,-6.239641408544778,-7.542502122211456,0.5898490029934793
1789222629765560600,56.797560546875,-6.248240310063958,-7.5331988718152045,0.6170739137232303
1789222629775554600,56.80755444335937,-6.254051626691222,-7.526984819605946,0.6338161550138145
1789222629785548800,56.817548828125,-6.257675077885389,-7.52341455990374,0.6404081736899911
1789222629795543600,56.82754345703125,-6.276533507612347,-7.505766090488433,0.662556804068759
1789222629805537800,56.83753784179687,-6.2597904626041645,-7.516081148275733,0.7028058123487979
1789222629815531800,56.84753173828125,-6.218743581944704,-7.545138900455832,0.7539889601625501
1789222629825525800,56.85752587890625,-6.212995393681526,-7.542623118242621,0.8233470124185085
1789222629835519700,56.867519775390626,-6.198275378933548,-7.547718395555019,0.8852849246110767
1789222629845513700,56.877513671875,-6.194533269795775,-7.545435837575793,0.9298077377527951
1789222629855508700,56.8875087890625,-6.21390140261054,-7.528914326363801,0.9344866162840276
1789222629865502700,56.897502685546876,-6.214585877743363,-7.532079512396455,0.9039296385221183
1789222629875496700,56.90749658203125,-6.222565770581364,-7.526106283205747,0.8987700638018548
1789222629885490700,56.91749072265625,-6.230167477756738,-7.516002237820625,0.930114757875353
1789222629895484700,56.92748461914063,-6.222839911347627,-7.51942461348474,0.9512632713008672
1789222629905478700,56.937478759765625,-6.223883282920718,-7.515371538701653,0.976144979905337
1789222629915472600,56.94747265625,-6.209186064526438,-7.522249607777595,1.0159493131577968
1789222629925467600,56.95746752929688,-6.191397894379496,-7.532680985420942,1.046757123875618
1789222629935461600,56.967461669921875,-6.205888776546717,-7.522245516124367,1.0359297326520085
1789222629945455900,56.97745581054688,-6.2306824415415525,-7.507141470494866,0.9958899832084774
1789222629955449900,56.987449951171875,-6.237740543359518,-7.502367095699906,0.9876575038488954
1789222629965443800,56.99744384765625,-6.22003771340847,-7.515604762935638,0.9986015071894973
1789222629975437600,57.0074375,-6.204355575630069,-7.526754517981409,1.0120876692935823
1789222629985431600,57.017431640625,-6.201307293975353,-7.526590267330407,1.0317957746524362
1789222629995426600,57.02742651367188,-6.218498082751036,-7.512357159316539,1.0320651661783455
1789222630005420800,57.0374208984375,-6.273491655698418,-7.468201206725835,1.01963589271605
1789222630015414800,57.04741479492188,-6.310498905578255,-7.44206489495039,0.9816596516735852
1789222630025408800,57.05740869140625,-6.300869491967559,-7.454668355935811,0.9472854537110775
1789222630035402800,57.06740283203125,-6.29079525719881,-7.462092368456721,0.9557515226308256
1789222630045396700,57.07739672851562,-6.277932853016257,-7.471995338311791,0.9629327393718063
1789222630055391700,57.087391845703124,-6.243730139163136,-7.502547712963819,0.9476290795169771
1789222630065385700,57.0973857421875,-6.228987912583351,-7.517015798777342,0.9298145328197628
1789222630075380000,57.1073798828125,-6.235117209118604,-7.5152628176301715,0.9025095425911247
1789222630085373700,57.11737377929688,-6.238081319621205,-7.517370019042492,0.8636395675793289
1789222630095367700,57.12736767578125,-6.2587780706912275,-7.5027563872784375,0.8406679303798824
1789222630105361700,57.137361572265625,-6.275208396488428,-7.488766440370679,0.8429242579393088
1789222630115355600,57.14735571289062,-6.258992590224742,-7.502968568724393,0.8371777501765638
1789222630125350700,57.1573505859375,-6.24211861231327,-7.521990080058575,0.7912025462694465
1789222630135344600,57.1673447265625,-6.240379075169563,-7.529260363322496,0.7336873458899558
1789222630145339000,57.1773388671875,-6.222912976583838,-7.546657488325238,0.7026501103304326
1789222630155332900,57.187332763671876,-6.195331726697087,-7.57056268004775,0.6890879603806883
1789222630165326800,57.19732690429687,-6.196449917072058,-7.5701716349035495,0.6832984171938151
1789222630175320600,57.207320556640624,-6.208926536807417,-7.56174049116671,0.6631053778622299
1789222630185314600,57.217314453125,-6.236354641959071,-7.54201053930223,0.6295598127435893
1789222630195309600,57.2273095703125,-6.276009775999188,-7.511689050796628,0.5971840220566839
1789222630205303600,57.237303466796874,-6.2897629915416235,-7.501105697461962,0.585390598812513
1789222630215297800,57.2472978515625,-6.287407952848077,-7.5022051831364625,0.5964986701410263
1789222630225291800,57.257291748046875,-6.277769771409035,-7.508000717672705,0.6244326059229671
1789222630235285800,57.26728564453125,-6.251881881436705,-7.526803617820144,0.6569485357329249
1789222630245279700,57.27727978515625,-6.217402688729763,-7.554229384884238,0.6692562286421656
1789222630255274800,57.287274658203124,-6.179927236816287,-7.586178766852616,0.6548086741600185
1789222630265268700,57.29726879882813,-6.154752463549375,-7.606949752202629,0.6509455689910799
1789222630275262700,57.3072626953125,-6.175162798893451,-7.589494175010919,0.6613097996823489
1789222630285256700,57.31725659179688,-6.225189689344167,-7.550142992353439,0.642449762520194
1789222630295250700,57.327250732421874,-6.294409356042743,-7.498304084044695,0.5711725422373041
1789222630305244700,57.33724462890625,-6.359159768372773,-7.446461084082722,0.5307464603573083
1789222630315238700,57.34723876953125,-6.36082682480216,-7.444030642065405,0.5446865037087351
1789222630325233700,57.35723364257812,-6.321077582737803,-7.476245981493592,0.5657850039800628
1789222630335227600,57.3672275390625,-6.267972015494108,-7.521877267333864,0.551606146904081
1789222630345221600,57.3772216796875,-6.2282069913387295,-7.556648136463761,0.5262143333530053
1789222630355216000,57.3872158203125,-6.220296656605601,-7.562635394179821,0.5337011089118198
1789222630365209900,57.3972099609375,-6.2131555526793,-7.568612715023756,0.5321563636878505
1789222630375203800,57.40720385742188,-6.220810451346636,-7.563036376196146,0.52191846278999
1789222630385198800,57.41719873046875,-6.252099323579668,-7.5374407471686595,0.5183005645537748
1789222630395192600,57.42719262695312,-6.292097571969032,-7.506507848766446,0.4819136385293677
1789222630405186600,57.4371865234375,-6.354691683048009,-7.45843852212429,0.3999706473253667
1789222630415180800,57.44718090820312,-6.380268022853135,-7.441813550537824,0.28633374675139783
1789222630425174800,57.4571748046875,-6.352591495898365,-7.467476399582624,0.2275349180358462
1789222630435168800,57.46716870117187,-6.338519715926051,-7.478343830555677,0.26063250192496923
1789222630445162500,57.47716259765625,-6.304741364964842,-7.504833778074383,0.31317948543783275
1789222630455157500,57.487157470703124,-6.2486301861643785,-7.550535791063308,0.3382571915384382
1789222630465151500,57.4971513671875,-6.212924082010984,-7.579893402972817,0.33938908164519815
1789222630475145500,57.5071455078125,-6.214114168578386,-7.580551574620604,0.3006877959975041
1789222630485139700,57.5171396484375,-6.246643396261334,-7.5572081084340805,0.19604391082683578
1789222630495133700,57.5271337890625,-6.30284400691092,-7.512365342622995,0.09438672244991175
1789222630505127700,57.53712768554688,-6.370811627721786,-7.455300224098563,0.04054688154833857
1789222630515121700,57.54712158203125,-6.405726289236545,-7.425431740057468,-0.004274256382006569
1789222630525116700,57.55711669921875,-6.386459278708696,-7.441772634005546,-0.05948298875454347
1789222630535110700,57.56711059570313,-6.354190163266658,-7.4694047372967,-0.05141417095749639
1789222630545104400,57.5771044921875,-6.323206411460042,-7.495815189838409,0.014001282294170232
1789222630555098600,57.5870986328125,-6.280420578178763,-7.531574485483765,0.045717114659934305
1789222630565092600,57.59709252929687,-6.267008723419904,-7.542824193772673,0.027939385991904417
1789222630575086600,57.60708666992188,-6.292293971323967,-7.521796603313088,-0.0000032959681117958437
1789222630585080600,57.61708056640625,-6.292401523351669,-7.521635859793424,-0.03272901315492345
1789222630595075600,57.62707568359375,-6.278735986092686,-7.532902519217133,-0.056882240804773755
1789222630605069600,57.637069580078126,-6.283230959424376,-7.529248672884703,-0.042594406928983516
1789222630615063600,57.6470634765625,-6.278826002463698,-7.533003641504049,-0.024387077504920307
1789222630625057800,57.65705786132813,-6.278269537624716,-7.533461906665563,-0.025898893140244763
1789222630635051800,57.6670517578125,-6.281994695627689,-7.530220732787251,-0.05205207156881224
1789222630645045500,57.67704541015625,-6.273070799937844,-7.537599152600765,-0.059717066938476636
1789222630655040500,57.68704052734375,-6.277091726016998,-7.534441565352678,-0.026396965155762155
1789222630665034500,57.69703442382813,-6.306905265000462,-7.509530411458015,0.017093365416349843
1789222630675028500,57.707028564453125,-6.331476227155328,-7.488789236724376,0.028997423127875663
1789222630685022700,57.71702270507812,-6.3277224275797606,-7.492015797555446,0.003449657538329484
1789222630695016700,57.7270166015625,-6.310491306793689,-7.506509602332115,-0.019944973721494896
1789222630705010700,57.7370107421875,-6.298467691522836,-7.51662767624259,-0.0007800918400258524
1789222630715004700,57.747004638671875,-6.261150060519576,-7.547578694823384,0.049373152949451465
1789222630724999700,57.756999755859376,-6.216794785964488,-7.58363609663248,0.10153952594716101
1789222630734993700,57.76699365234375,-6.2204632453441615,-7.579729152321815,0.15469211067035793
1789222630744987600,57.776987548828124,-6.226742179483175,-7.57358348917365,0.19719870688514782
1789222630754981600,57.78698168945313,-6.241443489530682,-7.560862539288401,0.21938735874705015
1789222630764975600,57.7969755859375,-6.289508139997721,-7.521079979476332,0.2140987325533293
1789222630774969600,57.80696948242188,-6.30879385522604,-7.5060215265542265,0.1707224773645401
1789222630784963600,57.816963623046874,-6.299964652082323,-7.514245165020227,0.13018855119589715
1789222630794958600,57.82695849609375,-6.300958339294791,-7.513316359737515,0.13556100148186087
1789222630804952600,57.83695263671875,-6.292813611283898,-7.519340442332625,0.1743873382813297
1789222630814946600,57.84694653320312,-6.2725973372071975,-7.534968804097175,0.22168613720871508
1789222630824940800,57.85694091796875,-6.2583437709271905,-7.545368033036589,0.2663577477039769
1789222630834934800,57.866934814453124,-6.257195769935846,-7.5446929102540015,0.30901882209442555
1789222630844928500,57.876928466796876,-6.266313142371177,-7.536537660849094,0.32297238251455124
1789222630854922500,57.88692260742187,-6.281493760368227,-7.523890360721945,0.3229648567952215
1789222630864917500,57.89691748046875,-6.306411344003677,-7.5023770325720305,0.3374878146011382
1789222630874911500,57.906911376953126,-6.317789647108316,-7.493669409981369,0.31753333326578137
1789222630884905500,57.91690551757812,-6.298372998976707,-7.512544206321239,0.2501110165790655
1789222630894899700,57.926899658203126,-6.2798354717671865,-7.528762350672483,0.22755846330821514
1789222630904893700,57.93689379882812,-6.280136500540375,-7.525682504835724,0.30720150700677185
1789222630914887700,57.9468876953125,-6.287385741016268,-7.515317178165912,0.39895409069396554
1789222630924882700,57.956882568359376,-6.291824015724659,-7.510797070392965,0.4138445301054045
1789222630934876700,57.96687670898437,-6.290852540344,-7.513460736644268,0.3787640105044469
1789222630944870700,57.97687060546875,-6.289702201265096,-7.515372707745432,0.35944906918164343
1789222630954864400,57.98686450195312,-6.278882116565108,-7.524034737628698,0.3673150167837739
1789222630964858600,57.996858642578125,-6.243779823523759,-7.553639017775654,0.35796555262561885
1789222630974852600,58.0068525390625,-6.208304605516791,-7.5826932628244155,0.36069289523027837
1789222630984846600,58.0168466796875,-6.2068006306946275,-7.580528193745017,0.426153172862716
1789222630994841600,58.026841552734375,-6.236376853790879,-7.551586761420965,0.5015305219408125
1789222631004835600,58.03683569335937,-6.259501708790659,-7.532398661348223,0.5019918558422476
1789222631014829600,58.04682958984375,-6.287385741016268,-7.5131807506591075,0.43734859368111934
1789222631024823600,58.05682348632813,-6.324268487733602,-7.486307356780767,0.3594569967597723
1789222631034817800,58.06681787109375,-6.333974473711848,-7.480241188609599,0.31167043258175253
1789222631044811800,58.07681176757813,-6.338002414053678,-7.475525266003609,0.3415101289197802
1789222631054805500,58.08680541992187,-6.3194210477024315,-7.4883783178359264,0.39937527524810285
1789222631064800500,58.096800537109374,-6.259008956837654,-7.536604880866408,0.44133287754431366
1789222631074794500,58.10679443359375,-6.226799462628364,-7.560861370244622,0.4803420783637091
1789222631084788500,58.11678857421875,-6.2428819979012005,-7.5458134387165305,0.5074542494339868
1789222631094782500,58.12678247070313,-6.266627030625939,-7.526354705008864,0.5037445812610909
1789222631104776700,58.13677661132812,-6.2888143125146625,-7.509349794194102,0.4804943828485906
1789222631114770700,58.14677075195313,-6.307416137132048,-7.49527333804667,0.4558140785677358
1789222631124764700,58.1567646484375,-6.315645620816945,-7.48990158188045,0.42940735235307365
1789222631134759700,58.166759765625,-6.314246859934926,-7.491530644387006,0.4214720658417791
1789222631144753700,58.17675366210938,-6.301152400562167,-7.501863237830996,0.43348687675166875
1789222631154747600,58.18674755859375,-6.287462313383817,-7.512471141085028,0.4482940217938274
1789222631164741600,58.19674169921875,-6.278741831311583,-7.518849443945288,0.463345825779438
1789222631174735600,58.20673559570312,-6.280737389042973,-7.514476051166653,0.5053353210512549
1789222631184729600,58.2167294921875,-6.286441153642535,-7.5060139277696605,0.5574932321812958
1789222631194723600,58.2267236328125,-6.273372997754812,-7.514923210412263,0.5840356405396014
1789222631204718600,58.23671850585937,-6.267746974566578,-7.520463893404602,0.5730236499967053
1789222631214712600,58.246712646484376,-6.285170403054356,-7.5082321883410215,0.5417301381211728
1789222631224706600,58.25670654296875,-6.285924436292052,-7.508928938433527,0.5229988053726032
1789222631234700800,58.26670068359375,-6.258640708047151,-7.5310864097058765,0.5315384875178337
1789222631244694800,58.27669482421875,-6.272278772777319,-7.516866161173581,0.5706375585777684
1789222631254688500,58.2866884765625,-6.291943258190154,-7.497031579890847,0.6134738434046506
1789222631264683800,58.296683837890626,-6.27322862084806,-7.5093375192344185,0.653325522930175
1789222631274677500,58.30667749023438,-6.287711319708824,-7.494923209434747,0.6791101717237382
1789222631284671500,58.31667138671875,-6.310607042127847,-7.476690218129754,0.6676286274403334
1789222631294665500,58.32666552734375,-6.300156375262141,-7.488271934852004,0.6357669237554073
1789222631304659700,58.33665966796875,-6.2991685332685705,-7.486272285467386,0.6682690442357212
1789222631314653700,58.34665380859375,-6.2740755930662155,-7.50241444197297,0.7212051001314074
1789222631324647700,58.356647705078124,-6.231466285395622,-7.535977688878774,0.7404395966291427
1789222631334642700,58.366642578125,-6.215872994944453,-7.5488646429806945,0.740231726032123
1789222631344636700,58.37663671875,-6.235840262696146,-7.530305488461256,0.7610351523470134
1789222631354630700,58.386630615234374,-6.271781929171085,-7.496638781180978,0.7972131848610937
1789222631364624400,58.396624267578126,-6.290981135159731,-7.480680164548755,0.7958496414229274
1789222631374618600,58.40661865234375,-6.298230375635623,-7.478284209322929,0.7602296811830251
1789222631384612600,58.41661254882813,-6.299763576552271,-7.479548530170321,0.7346634974457323
1789222631394606600,58.42660668945312,-6.287663388913869,-7.489031228786707,0.741682509362325
1789222631404601600,58.4366015625,-6.259785201907158,-7.5111559668332335,0.7536694458846003
1789222631414595600,58.446595703125,-6.237369956481456,-7.528052156576514,0.7707415036514401
1789222631424589600,58.45658959960937,-6.23863018567562,-7.523295901960134,0.8061638954926281
1789222631434583600,58.46658349609375,-6.249566005709767,-7.5119415642529725,0.8270678595725447
1789222631444577500,58.47657763671875,-6.2730263762742275,-7.4919439013630145,0.8308359799344092
1789222631454571300,58.4865712890625,-6.2899132136672735,-7.479149886241554,0.8183424090642482
1789222631464565200,58.49656518554688,-6.2852130731523035,-7.485448694124817,0.7965768597189337
1789222631474560300,58.50656030273438,-6.279915551266074,-7.492106982970237,0.7754874560695141
1789222631484554200,58.51655419921875,-6.268998435932398,-7.501120310509204,0.7766863104652613
1789222631494548200,58.52654833984375,-6.240138252151012,-7.523264922299981,0.7946969642564654
1789222631504542500,58.53654248046875,-6.2184384615182875,-7.538993237307667,0.815463711822778
1789222631514536400,58.54653637695313,-6.220519359445571,-7.534592372000217,0.8399037410743534
1789222631524530400,58.556530517578125,-6.242849264675378,-7.515877150136232,0.8419089434169232
1789222631534525400,58.566525390625,-6.283146788272261,-7.4838091102242466,0.827672036010772
1789222631544519400,58.57651953125,-6.301852073264121,-7.46953450115621,0.8143050433069468
1789222631554513400,58.586513427734374,-6.291612418800592,-7.479219444346428,0.8045341023337096
1789222631564507100,58.596507080078126,-6.273473535519838,-7.493826646369695,0.810238816781342
1789222631574501400,58.60650146484375,-6.247647020345926,-7.512818347087502,0.8335753417704254
1789222631584495400,58.61649536132813,-6.2347536365032195,-7.517277080062032,0.8881351994756609
1789222631594489300,58.6264892578125,-6.225918003618717,-7.518870486733317,0.9353615724876523
1789222631604484400,58.636484375,-6.224429810887575,-7.518516266468167,0.9480370027307421
1789222631614478300,58.646478271484376,-6.260915667241812,-7.489736746707559,0.935499446588382
1789222631624472300,58.65647241210937,-6.300515271702408,-7.4591989851027725,0.9133661599092185
1789222631634466300,58.66646630859375,-6.318942324274778,-7.44516052287817,0.9005216567095369
1789222631644460500,58.67646044921875,-6.328527898743748,-7.4395526198685165,0.8793089920066297
1789222631654454500,58.68645458984375,-6.310200799414515,-7.458015328276157,0.8542574797932058
1789222631664448300,58.6964482421875,-6.268399885517359,-7.489467866638303,0.8862417138792574
1789222631674443300,58.706443359375,-6.240866566425561,-7.503584070274234,0.9582250000722706
1789222631684437200,58.716437255859375,-6.221774327942729,-7.512370018798112,1.0120330164968967
1789222631694431200,58.72643115234375,-6.217117442047596,-7.512884982582927,1.0365292329151183
1789222631704425200,58.73642529296875,-6.245630419826507,-7.488404621320963,1.0422522867370396
1789222631714419500,58.74641943359375,-6.272068929418921,-7.471455240085721,1.0044430728245526
1789222631724413400,58.756413330078125,-6.281453428357839,-7.470816942182183,0.9490144694607704
1789222631734407400,58.76640747070312,-6.276344122520089,-7.477159589207172,0.932724794243276
1789222631744402400,58.77640234375,-6.265218917393684,-7.48368986775875,0.9548818271242081
1789222631754396400,58.786396484375,-6.255824481582641,-7.488512173348664,0.9783774151325225
1789222631764390400,58.79639038085938,-6.245687702971696,-7.494214768904447,0.9992590943153947
1789222631774384400,58.80638427734375,-6.245033622977137,-7.491492650464177,1.02346619159393
1789222631784378400,58.81637841796875,-6.256020880937576,-7.482848156237602,1.0195993600979447
1789222631794372400,58.826372314453124,-6.260851369833946,-7.483286547654867,0.986181659142673
1789222631804366300,58.83636645507813,-6.254619781967997,-7.491023279386758,0.9667942371055483
1789222631814361300,58.846361328125,-6.2421191968351595,-7.500075185370445,0.9773490949980914
1789222631824355300,58.85635522460937,-6.229861772808432,-7.508091903087497,0.9938631535559892
1789222631834349300,58.86634936523438,-6.234388894844055,-7.502220965227484,1.0096823617175221
1789222631844343300,58.87634326171875,-6.249023569396138,-7.48803578800857,1.0244042030964047
1789222631854337500,58.88633764648438,-6.262232595059276,-7.478482946765422,1.0134686022579669
1789222631864331300,58.89633129882812,-6.283819572967291,-7.465722833913564,0.9731263627365231
1789222631874325200,58.9063251953125,-6.288768135285377,-7.466222600129246,0.93664795903638
1789222631884320300,58.9163203125,-6.276839797082543,-7.474761880415677,0.9484742981694638
1789222631894314200,58.92631420898437,-6.260998084828257,-7.484121829435229,0.9788821497842669
1789222631904308200,58.93630810546875,-6.2487804082900285,-7.493616803011298,0.984295260874182
1789222631914302500,58.94630249023437,-6.242578046518564,-7.498942381948233,0.9830915841728448
1789222631924296400,58.95629638671875,-6.245916835552453,-7.493850611767172,1.0005530065834523
1789222631934290400,58.96629052734375,-6.240106103447079,-7.495344065195321,1.025319929701835
1789222631944284400,58.976284423828126,-6.222091138806939,-7.508340909412503,1.0396128050789237
1789222631954279400,58.98627954101563,-6.227753986874222,-7.503574133402108,1.0401199508834629
1789222631964273400,58.9962734375,-6.253042157387733,-7.486085238462686,1.0140913372661917
1789222631974267100,59.00626708984375,-6.289310571599006,-7.459545606583356,0.984957231914252
1789222631984261400,59.01626147460937,-6.310389015462994,-7.442882641074061,0.9761538938641547
1789222631994255400,59.02625537109375,-6.291741598138213,-7.457538358414173,0.9846308495040983
1789222632004249300,59.03624926757813,-6.266053030130267,-7.474410582759976,1.0198821956273167
1789222632014244400,59.04624438476562,-6.249627965030074,-7.480813435539603,1.0723672928851098
1789222632024238300,59.05623828125,-6.251513632646203,-7.475487272080779,1.0982055715620518
1789222632034232300,59.066232421875,-6.278454831063747,-7.45549253180027,1.0802867607727646
1789222632044226300,59.076226318359375,-6.30668490024805,-7.437612591716647,1.038278999191895
1789222632054220500,59.08622045898438,-6.331423620185256,-7.420112006339431,1.0126120584938674
1789222632064214500,59.096214599609375,-6.341538771486282,-7.409628606247901,1.0259998017247767
1789222632074208300,59.10620825195313,-6.3175377181738614,-7.422312146732211,1.0809166561741381
1789222632084203300,59.11620336914063,-6.290111366587877,-7.433710323581099,1.1596702402196823
1789222632094197200,59.126197265625,-6.280228854998946,-7.434077987849712,1.209791530955583
1789222632104191200,59.13619116210938,-6.275661400952935,-7.439495921245217,1.2001490386676044
1789222632114185200,59.146185302734374,-6.28919132913351,-7.433378315147757,1.1667658975690602
1789222632124179500,59.15617944335938,-6.314718569099902,-7.419450912082195,1.1164506916962564
1789222632134173400,59.16617333984375,-6.333219271430373,-7.411531809520721,1.0629713227041064
1789222632144167400,59.17616748046875,-6.3396303075164555,-7.405158182835579,1.0691603866025805
1789222632154162400,59.18616235351563,-6.343447819977999,-7.393473005738854,1.1258830483648925
1789222632164156400,59.196156494140624,-6.3388803659319874,-7.394633281689882,1.1438423372950404
1789222632174150400,59.206150390625,-6.318396965351701,-7.413283037102222,1.1364308189295231
1789222632184144400,59.21614428710937,-6.291151231029629,-7.431113877347111,1.1706181890830396
1789222632194138400,59.22613842773438,-6.253680455291271,-7.454638545319438,1.220747370864451
1789222632204132400,59.23613232421875,-6.22969869120121,-7.471200973063707,1.241932636103779
1789222632214126300,59.246126220703125,-6.235063433104753,-7.466763282877206,1.2417007270440459
1789222632224121300,59.256121337890626,-6.264721489265561,-7.447518484181165,1.207527823807299
1789222632234115300,59.266115234375,-6.316473303812742,-7.419849556010961,1.1038052182000129
1789222632244109300,59.276109375,-6.342517845651507,-7.416245394039153,0.9706467478152364
1789222632254103300,59.28610327148437,-6.337889016807079,-7.426202724429965,0.9236172856148331
1789222632264097500,59.29609765625,-6.307459976273774,-7.446826994785666,0.9649402798019349
1789222632274091300,59.30609130859375,-6.24795681694746,-7.488532047092914,1.027287868773937
1789222632284085200,59.316085205078124,-6.204588215342164,-7.515528190568089,1.0910113492090254
1789222632294080300,59.326080322265625,-6.203370656245946,-7.509414091601967,1.1389750235196203
1789222632304074200,59.33607421875,-6.228809633406996,-7.489930223453045,1.12838925903216
1789222632314068200,59.346068115234374,-6.2499915376454585,-7.479748436656594,1.0776633534666151
1789222632324062500,59.3560625,-6.2531660760283465,-7.484148132920264,1.0275302992276847
1789222632334056400,59.366056396484375,-6.250695886522531,-7.490335297122598,0.9970278281319885
1789222632344050400,59.37605053710938,-6.254571851173043,-7.490662629380822,0.969889718902856
1789222632354045400,59.38604541015625,-6.265288475498557,-7.480540463817119,0.9788027278725058
1789222632364039400,59.396039306640624,-6.26479747711122,-7.4753218523859974,1.0209169455025344
1789222632374033400,59.40603344726563,-6.258259015253186,-7.4762641016721725,1.0535892349179834
1789222632384027100,59.41602709960937,-6.248963948163389,-7.484066884377598,1.0533614905767141
1789222632394021400,59.426021484375,-6.234076760154962,-7.493614464923739,1.0735098870489745
1789222632404015400,59.436015380859374,-6.214579448002577,-7.501851547393202,1.1276537112992255
1789222632414009300,59.44600927734375,-6.189202430161833,-7.516641704767942,1.168013121151179
1789222632424004400,59.45600439453125,-6.176650407102704,-7.522424964344501,1.1968714783016592
1789222632433998300,59.46599829101562,-6.1826195446401835,-7.512514980226754,1.2278932970963419
1789222632443992600,59.47599267578125,-6.204125858527422,-7.492369433298706,1.242426118709147
1789222632453986600,59.485986572265624,-6.233040987366437,-7.470088627907633,1.2318097398877144
1789222632463980800,59.49598071289063,-6.241961375924944,-7.465875978648662,1.2120215550299733
1789222632473974800,59.505974853515625,-6.250501825255156,-7.457325592446327,1.220618849113956
1789222632483968800,59.51596875,-6.277414382100105,-7.430597159996628,1.245264557005465
1789222632493963800,59.5259638671875,-6.294933672177791,-7.41414403784573,1.2548564150847494
1789222632503957800,59.535957763671874,-6.309231662121415,-7.396121474421024,1.2889423706904053
1789222632513951500,59.545951416015626,-6.302566359013318,-7.392220375329256,1.342803578606993
1789222632523945500,59.55594555664062,-6.2654457118868825,-7.41362205979824,1.3974198426745832
1789222632533939700,59.56593969726563,-6.234327520045638,-7.429477800577878,1.4513453479990361
1789222632543933700,59.57593359375,-6.226842132726311,-7.429567232427001,1.482685365897417
1789222632553927700,59.585927734375,-6.241662685239315,-7.417543617156148,1.4805651588730513
1789222632563922700,59.595922607421876,-6.261528246182203,-7.398185421213507,1.4934868920274078
1789222632573916700,59.60591674804687,-6.279763575574755,-7.377931153213978,1.516934256979823
1789222632583910700,59.61591064453125,-6.301823431691527,-7.358537885957956,1.5196449772432445
1789222632593904600,59.62590454101562,-6.326112654295564,-7.334836692374944,1.533250162617117
1789222632603899000,59.63589892578125,-6.350299585568904,-7.302488666477799,1.5867388839595018
1789222632613892600,59.645892578125,-6.368879198354482,-7.278480598902702,1.6221850220024585
1789222632623886600,59.655886474609375,-6.373059114387631,-7.272610830086469,1.6320635880686343
1789222632633881600,59.665881591796875,-6.35452392526567,-7.284487730363011,1.6512578256212174
1789222632643875600,59.67587548828125,-6.324765331339836,-7.309360890334844,1.6555876715190707
1789222632653869600,59.68586962890625,-6.308355463808774,-7.328865216749906,1.6317983612611888
1789222632663863600,59.69586352539063,-6.309392405641079,-7.328809687170386,1.6280338941611348
1789222632673857800,59.70585791015625,-6.3256748474001885,-7.3050342593073845,1.6711371228285132
1789222632683851800,59.71585180664062,-6.334829629236459,-7.287001759010553,1.7146217520289122
1789222632693845800,59.725845703125,-6.334535030204058,-7.279091424277424,1.7489673814840614
1789222632703840800,59.7358408203125,-6.3440007776856415,-7.266896544092893,1.7652894246011972
1789222632713834800,59.74583471679688,-6.3523430740952485,-7.268612115839123,1.7278310699529944
1789222632723828500,59.75582836914062,-6.348362480026483,-7.287364162582159,1.6622282785773277
1789222632733822500,59.76582250976563,-6.339324018046259,-7.307171271336078,1.6089144754104314
1789222632743816700,59.775816650390624,-6.327932270938158,-7.32443804795742,1.5748853645585477
1789222632753810700,59.78581079101563,-6.318730727350712,-7.333979198762774,1.5674129828512668
1789222632763804700,59.7958046875,-6.313930633592605,-7.33133715982139,1.5988035618931054
1789222632773799700,59.80579956054687,-6.320408889696002,-7.32184569337666,1.6165964082151651
1789222632783793700,59.81579370117188,-6.323000075232982,-7.3224892519772045,1.603495957493037
1789222632793787600,59.82578759765625,-6.3125663595020765,-7.332692666083574,1.5979700336784124
1789222632803781600,59.83578173828125,-6.295990487754344,-7.3484414393574,1.5910007791876792
1789222632813775600,59.84577563476562,-6.275381414967775,-7.372306883591413,1.5617469199135898
1789222632823769600,59.85576953125,-6.254093712267279,-7.39749100920856,1.5276836145311594
1789222632833764600,59.8657646484375,-6.244125275960564,-7.413101250794529,1.4923843376129864
1789222632843758600,59.87575854492187,-6.256546950638294,-7.410033679917454,1.4551314424090087
1789222632853752600,59.885752685546876,-6.292938698968291,-7.385018481126427,1.4250667051434516
1789222632863746600,59.89574658203125,-6.331396147656441,-7.359246326488256,1.387553259307146
1789222632873740800,59.90574072265625,-6.354612772592902,-7.346638189327717,1.347657740639895
1789222632883734800,59.91573486328125,-6.36056495899558,-7.346415486487746,1.3205182431712745
1789222632893728800,59.925728759765626,-6.340943143680692,-7.368431503462791,1.2919115957595406
1789222632903723800,59.935723876953126,-6.308894392991066,-7.395275671246647,1.2954277871869504
1789222632913717800,59.9457177734375,-6.271413680380582,-7.418029939368367,1.3463257613837718
1789222632923711500,59.95571142578125,-6.237461726418137,-7.440705297034978,1.3785355478540062
1789222632933705500,59.96570556640625,-6.23816549077332,-7.446526550534367,1.3434747558668254
1789222632943699700,59.97569970703125,-6.256979496836662,-7.443544319853186,1.270529638904333
1789222632953693700,59.98569360351563,-6.261919875848293,-7.448958746117353,1.2131602036710827
1789222632963687700,59.995687744140625,-6.260288475254177,-7.457807238483428,1.1663086553208528
1789222632973682700,60.0056826171875,-6.258602714124321,-7.467270647877454,1.1136186100754886
1789222632983676700,60.0156767578125,-6.263173090779781,-7.467582198044657,1.0854805300235748
1789222632993670700,60.025670654296874,-6.272011646273731,-7.460139480823278,1.0856165774933992
1789222633003664600,60.03566455078125,-6.28370909833014,-7.453632583147287,1.0624296170428396
1789222633013659000,60.045658935546875,-6.3065913767457005,-7.442759306955337,1.001312665844336
1789222633023652600,60.05565258789063,-6.306750366699696,-7.451831671205163,0.9303149566225707
1789222633033646600,60.065646484375,-6.2699026912957425,-7.48691642858982,0.8970950432617216
1789222633043641600,60.0756416015625,-6.234812088692188,-7.517356575039028,0.8870509844355284
1789222633053635600,60.08563549804688,-6.2056035298645496,-7.546400883215665,0.8442148822717368
1789222633063629600,60.09562963867187,-6.170386086010932,-7.581900066620111,0.7819885085266083
1789222633073623600,60.10562353515625,-6.171788354024291,-7.58225545592904,0.7673391478620469
1789222633083617800,60.11561767578125,-6.168867498141527,-7.587634226357936,0.7370653709556907
1789222633093611800,60.12561181640625,-6.150040048074722,-7.609202499565482,0.6689039811383932
1789222633103605800,60.13560571289062,-6.170925015193224,-7.594872945439815,0.6387275271266698
1789222633113600800,60.14560083007812,-6.216111479875445,-7.55661248062849,0.6541880580436438
1789222633123594800,60.1555947265625,-6.2643824665695425,-7.520142990887164,0.6126647920440882
1789222633133588500,60.16558837890625,-6.313190628880262,-7.4873174106061455,0.5040805717498064
1789222633143582500,60.17558251953125,-6.330192032563686,-7.480951382705569,0.36664113611020144
1789222633153576700,60.18557666015625,-6.3146355669915675,-7.4984794406116,0.2618404894752428
1789222633163570700,60.19557080078125,-6.287917071413993,-7.522140886706113,0.22336020790077746
1789222633173565700,60.205565673828126,-6.289255042019486,-7.521278716918825,0.2145317354094237
1789222633183559700,60.2155595703125,-6.343283569326997,-7.476356456130743,0.1929670971973799
1789222633193553700,60.2255537109375,-6.419060402584075,-7.412407423311471,0.1492126380796544
1789222633203547600,60.23554760742188,-6.506236581733822,-7.337220957162976,0.06678125143735669
1789222633213541600,60.245541748046875,-6.581446428757905,-7.26996060783863,-0.05125124918047804
1789222633223535600,60.25553564453125,-6.60262365682125,-7.248991469568014,-0.16692124018436297
1789222633233529600,60.265529541015624,-6.595215426391363,-7.253869889259338,-0.23427933252844957
1789222633243524600,60.275524658203125,-6.5992001121133566,-7.249674191135168,-0.2513350784813054
1789222633253518600,60.2855185546875,-6.6272945722192524,-7.2241568880409,-0.24679907901948317
1789222633263512600,60.2955126953125,-6.67843673043549,-7.176992401283979,-0.24424791496563703
1789222633273506600,60.30550659179688,-6.725592449364066,-7.132405071538686,-0.25611124337455254
1789222633283500500,60.31550048828125,-6.7279562558859585,-7.128371285977959,-0.30218952406365424
1789222633293494800,60.32549487304688,-6.675548023256659,-7.175281505712866,-0.3503837191944942
1789222633303488800,60.33548876953125,-6.596397914174199,-7.248042790541052,-0.3518571527479216
1789222633313483800,60.34548388671875,-6.535958350780606,-7.304284317722916,-0.3147405972747132
1789222633323477800,60.35547778320313,-6.508980912005901,-7.330745039147138,-0.25244925026828424
1789222633333471500,60.36547143554687,-6.509980444437265,-7.331892455616593,-0.18412271475084124
1789222633343465500,60.37546557617188,-6.531278668531775,-7.313681676143408,-0.1511224080905784
1789222633353459700,60.38545971679687,-6.536570345199108,-7.308346160334348,-0.1780789410745725
1789222633363453700,60.39545361328125,-6.516630549976229,-7.324616327133774,-0.23218615964148193
1789222633373447700,60.40544775390625,-6.530125406843424,-7.310510644891858,-0.29031936405515296
1789222633383442700,60.41544262695312,-6.572455313050747,-7.27052174885273,-0.33575529172010715
1789222633393436700,60.42543676757813,-6.585647972100973,-7.257655837538838,-0.35504579272139813
1789222633403430700,60.4354306640625,-6.583985007324815,-7.260382047632336,-0.32921551468782123
1789222633413424600,60.445424560546876,-6.566155920645595,-7.278423315757513,-0.2837821260398254
1789222633423419000,60.4554189453125,-6.523210512888431,-7.318660049077868,-0.23521608365559948
1789222633433412600,60.46541259765625,-6.4867059518337244,-7.353122875171899,-0.15686432187659666
1789222633443406600,60.47540649414063,-6.489659540942311,-7.3516060408681625,-0.09267976326839998
1789222633453401600,60.48540161132812,-6.4867784325480455,-7.35396107956171,-0.10654005591450258
1789222633463395600,60.4953955078125,-6.458733072280883,-7.377829446405172,-0.1509183186195325
1789222633473389600,60.5053896484375,-6.445263934376835,-7.389231130385398,-0.1680080673066899
1789222633483383600,60.515383544921875,-6.467957412222027,-7.369158064171671,-0.17724305650601163
1789222633493377800,60.52537768554687,-6.513518555435538,-7.328492291784286,-0.1940781637118198
1789222633503371800,60.535371826171875,-6.570031300774216,-7.277747608453035,-0.19864923448702318
1789222633513365500,60.54536547851563,-6.623641310408711,-7.229075639742613,-0.1955077398572117
1789222633523360500,60.55536059570313,-6.648735419654845,-7.205230069252848,-0.22215298753548413
1789222633533354500,60.5653544921875,-6.635236471134424,-7.216247137829661,-0.2641897377488203
1789222633543348500,60.57534838867188,-6.601957886388898,-7.246997080880403,-0.2560545812838711
1789222633553342500,60.585342529296874,-6.555017271515727,-7.290704705181717,-0.21853132643960416
1789222633563336700,60.59533666992188,-6.502419653794169,-7.338490538707375,-0.18837522109616547
1789222633573330700,60.60533056640625,-6.480997511059045,-7.357955702155828,-0.16597349273916334
1789222633583325700,60.61532568359375,-6.499169712087512,-7.342017543789744,-0.16112333102794363
1789222633593319700,60.62531958007813,-6.551726413276791,-7.29441115848422,-0.19191013549035413
1789222633603313700,60.635313720703124,-6.62500441545546,-7.2256667080819605,-0.2635189258151687
1789222633613307600,60.6453076171875,-6.670199063444137,-7.179996259275079,-0.3556508094098419
1789222633623301600,60.65530151367187,-6.654342738142609,-7.192223872685432,-0.4025177379922941
1789222633633295600,60.66529565429688,-6.596175211334228,-7.247631287130713,-0.36428032526299353
1789222633643289600,60.67528955078125,-6.5337868519604205,-7.307375853997469,-0.28683239872222765
1789222633653284600,60.68528466796875,-6.509979275393485,-7.330885908922553,-0.22059664320526642
1789222633663278600,60.695278564453126,-6.52975891161859,-7.314885206714272,-0.1583934494063258
1789222633673272600,60.7052724609375,-6.579508154171704,-7.2710758756041525,-0.10911121244360693
1789222633683266600,60.7152666015625,-6.636449354055523,-7.219091421344876,-0.11245026633897795
1789222633693260500,60.72526049804687,-6.658475892424583,-7.197895488581061,-0.15933973554680123
1789222633703254800,60.7352548828125,-6.641372781932353,-7.21279787415862,-0.19517795991357414
1789222633713248500,60.74524853515625,-6.60820174921453,-7.243153264933824,-0.1969314159847796
1789222633723243800,60.75524389648437,-6.5772068914920085,-7.271986560708284,-0.17017417756570502
1789222633733237500,60.765237548828125,-6.572305090925097,-7.2772303065806625,-0.13080194298704154
1789222633743231500,60.7752314453125,-6.5963961606085295,-7.255818100717663,-0.10509205819643103
1789222633753225500,60.7852255859375,-6.635922115311026,-7.219547348418831,-0.11429042344610206
1789222633763219700,60.7952197265625,-6.642850453269482,-7.212897827401757,-0.1305009598796256
1789222633773213700,60.805213623046875,-6.60060997891128,-7.251987144252658,-0.10494892339869402
1789222633783207700,60.81520776367187,-6.549290710562468,-7.298939449563622,-0.05165825907879043
1789222633793202700,60.82520263671875,-6.507331975755095,-7.336532974898815,-0.017332858419272814
1789222633803196700,60.83519677734375,-6.496427719902992,-7.346210319304466,0.0011039681268481217
1789222633813190700,60.84519067382813,-6.530130667540431,-7.316261755764484,0.009707343393337214
1789222633823184400,60.85518432617187,-6.5810717502266165,-7.270478494232893,-0.005247207908765995
1789222633833178600,60.8651787109375,-6.631482087036967,-7.224433366894721,-0.0373791793316137
1789222633843172600,60.875172607421874,-6.655799951213598,-7.201881927868723,-0.060080803950643163
1789222633853166600,60.88516650390625,-6.622541240212321,-7.232424365648627,-0.06610247082638088
1789222633863161600,60.89516162109375,-6.556924566441774,-7.2921625027745955,-0.03864576063475106
1789222633873155600,60.90515551757812,-6.500135342249274,-7.342915953934193,0.014452624524553538
1789222633883149600,60.91514965820313,-6.485956594771147,-7.355156426826119,0.06659168368200771
1789222633893143600,60.9251435546875,-6.532917083388567,-7.312881465676426,0.114714256615052
1789222633903137800,60.9351376953125,-6.606922815319895,-7.245391399249434,0.15251271167150698
1789222633913131800,60.9451318359375,-6.659629738634824,-7.196925766766071,0.1548566901149228
1789222633923126800,60.95512670898437,-6.668751202723383,-7.189101941272616,0.12228255471116863
1789222633933120800,60.96512084960938,-6.630178018701076,-7.22527683198154,0.08056498084906488
1789222633943114500,60.97511450195312,-6.5960881175726644,-7.256624740925431,0.05833251724489964
1789222633953108500,60.9851083984375,-6.59801820885241,-7.254730305480956,0.07364882195217069
1789222633963102500,60.9951025390625,-6.621556320828199,-7.232592707952857,0.12240849177893251
1789222633973096700,61.0050966796875,-6.652926441603898,-7.202827684286237,0.16797549847764892
1789222633983090700,61.01509057617187,-6.665320643752813,-7.19105307534039,0.1806760814283043
1789222633993085700,61.02508569335937,-6.632921764451265,-7.22100456148982,0.17842892355602233
1789222634003079700,61.03507958984375,-6.554035274741053,-7.29174398510158,0.21323977763643487
1789222634013073700,61.04507373046875,-6.459338052436709,-7.373190680688619,0.2887886290902272
1789222634023067600,61.055067626953125,-6.422348338213562,-7.402403331169485,0.3581143865117803
1789222634033061600,61.0650615234375,-6.449225823745131,-7.3766148099184035,0.4042574577990919
1789222634043055600,61.0750556640625,-6.485383178797364,-7.34360919689536,0.42613614866267885
1789222634053049600,61.08504956054688,-6.531236582955717,-7.3029866791278115,0.4239254503432661
1789222634063044600,61.09504467773438,-6.546137214967608,-7.293119949629903,0.35897662936430424
1789222634073038600,61.10503857421875,-6.502662814900279,-7.335064655911922,0.2873740495845675
1789222634083032600,61.11503247070313,-6.442879085066914,-7.386296245977282,0.31987982332669196
1789222634093026600,61.125026611328124,-6.389755982166529,-7.427770996659993,0.4118458671014756
1789222634103020500,61.1350205078125,-6.3684682794660326,-7.442494518539309,0.4714496372580528
1789222634113014800,61.145014892578125,-6.398813148847222,-7.414812730887532,0.49610762010924514
1789222634123008800,61.1550087890625,-6.4561997544109815,-7.365045952677726,0.4939229330139234
1789222634133003800,61.16500366210938,-6.495889375242591,-7.334041158083081,0.4308631406519562
1789222634142997500,61.17499755859375,-6.500595360976457,-7.334215930128097,0.3491680232618004
1789222634152991500,61.184991455078126,-6.4758537184298035,-7.3572688889354465,0.3229518146505579
1789222634162985500,61.1949853515625,-6.428979739052057,-7.3976874085634945,0.3358923255706206
1789222634172979700,61.20497973632813,-6.397651119330525,-7.423564777141809,0.36210743820331986
1789222634182973700,61.2149736328125,-6.422341323950886,-7.401110953271389,0.38402306354381144
1789222634192968700,61.22496875,-6.471785446077585,-7.358935360842943,0.3639337037824094
1789222634202962700,61.23496264648438,-6.5111021419435735,-7.326416654554009,0.3155115085819736
1789222634212956700,61.24495678710937,-6.538404574888944,-7.303710901749134,0.2746884815399535
1789222634222950700,61.25495068359375,-6.542574554049969,-7.301284551385045,0.23737249450450762
1789222634232944600,61.26494458007812,-6.510949581730365,-7.329486563518643,0.23777046257983891
1789222634242938600,61.274938720703126,-6.4707625327706335,-7.362828861150145,0.297266059654206
1789222634252932600,61.2849326171875,-6.4548611992836,-7.375168118241429,0.3347290904775262
1789222634262927600,61.294927734375,-6.446920469412207,-7.382676886436343,0.32198552690166976
1789222634272921600,61.304921630859376,-6.455564379116892,-7.375450442314148,0.3143238331673667
1789222634282915600,61.31491552734375,-6.491772003051638,-7.344315883859991,0.29716420671492816
1789222634292909600,61.32490966796875,-6.522624237433075,-7.318863462695479,0.24493449072400106
1789222634302903600,61.33490356445313,-6.522035623890162,-7.320840900248289,0.19677514771083368
1789222634312897800,61.344897705078125,-6.508267795300483,-7.3330012936413285,0.1998360696514137
1789222634322891800,61.35489184570312,-6.498197652184963,-7.340512984445691,0.2463477550554089
1789222634332886800,61.36488671875,-6.475194377738237,-7.358612704759836,0.3050560559432953
1789222634342880800,61.374880859375,-6.429213547807931,-7.39596131542325,0.36789741978161034
1789222634352874500,61.38487451171875,-6.370422920665145,-7.4450588160693645,0.3990012908365577
1789222634362868500,61.39486840820312,-6.279386558955907,-7.522475817748904,0.3899265154339373
1789222634372862500,61.40486254882813,-6.179785782518983,-7.604808063998818,0.3840911603439599
1789222634382856700,61.414856689453124,-6.1286430397808545,-7.6461045355051755,0.38365857761297373
1789222634392850700,61.4248505859375,-6.120813369068503,-7.653044563901424,0.3700418479317799
1789222634402845700,61.434845703125,-6.157290457594394,-7.624737337827682,0.3486267559919506
1789222634412839700,61.444839599609374,-6.216161164236069,-7.578286552298069,0.3151076404888183
1789222634422833700,61.45483374023438,-6.268619665747881,-7.537436655515432,0.2486556484052911
1789222634432827600,61.46482763671875,-6.304276670062541,-7.5096075683474535,0.17962366803223268
1789222634442822000,61.47482177734375,-6.334386561644077,-7.484946005299687,0.14666184848514385
1789222634452816100,61.484816162109375,-6.361321330320835,-7.462014042523503,0.14938996740793808
1789222634462810000,61.49481005859375,-6.376542280328273,-7.448742473018169,0.16225191493276506
