time,seconds_elapsed,z,y,x
1789222361887878000,0.0418779296875,-0.4756317138671875,-0.8872833251953125,-0.0020751953125
1789222361897872000,0.051871826171875,-0.30755615234375,-0.512969970703125,0.10040283203125
1789222361907866000,0.0618662109375,-0.358367919921875,-0.7502288818359375,0.1107025146484375
1789222361917859800,0.07185986328125,-0.620147705078125,-0.91033935546875,0.1263580322265625
1789222361927854800,0.081854736328125,-0.8795623779296875,-0.5082550048828125,0.311187744140625
1789222361937848800,0.091848876953125,-1.1254425048828125,-0.7262725830078125,0.2868499755859375
1789222361947842800,0.1018427734375,-0.76019287109375,-0.8192291259765625,0.0976104736328125
1789222361957836800,0.1118369140625,-0.485870361328125,-0.7501983642578125,0.013641357421875
1789222361967830800,0.121830810546875,-0.57904052734375,-0.66009521484375,0.0117340087890625
1789222361977825000,0.131824951171875,-0.5914306640625,-0.489715576171875,0.0449066162109375
1789222361987820000,0.141820068359375,-0.752532958984375,-0.8089447021484375,0.1934051513671875
1789222361997814000,0.15181396484375,-0.7906951904296875,-0.7386932373046875,0.31024169921875
1789222362007808000,0.16180810546875,-0.761749267578125,-0.635162353515625,0.225738525390625
1789222362017802000,0.171802001953125,-0.7490234375,-0.7983245849609375,0.1312103271484375
1789222362027795700,0.181795654296875,-0.716094970703125,-0.840789794921875,0.08831787109375
1789222362037789700,0.191789794921875,-0.5816802978515625,-0.80126953125,-0.0106658935546875
1789222362047784700,0.20178466796875,-0.4111175537109375,-0.62176513671875,-0.03570556640625
1789222362057779000,0.211779052734375,-0.7289886474609375,-0.7149810791015625,0.0960540771484375
1789222362067773000,0.22177294921875,-0.8184051513671875,-0.72344970703125,0.2115936279296875
1789222362077767000,0.231766845703125,-0.3744659423828125,-0.578277587890625,0.1911163330078125
1789222362087761000,0.241760986328125,-0.479248046875,-0.7685699462890625,0.199615478515625
1789222362097755000,0.2517548828125,-0.842559814453125,-0.8242034912109375,0.2011260986328125
1789222362107750000,0.26175,-0.666290283203125,-0.96051025390625,0.0949554443359375
1789222362117743900,0.271743896484375,-0.269439697265625,-0.8660125732421875,-0.063232421875
1789222362127738000,0.281738037109375,-0.470489501953125,-0.7957305908203125,-0.0864105224609375
1789222362137731800,0.29173193359375,-1.07379150390625,-0.8187103271484375,0.059112548828125
1789222362147725800,0.301725830078125,-1.047698974609375,-0.8130645751953125,0.143951416015625
1789222362157719800,0.3117197265625,-0.42840576171875,-0.7479248046875,0.0175018310546875
1789222362167713800,0.3217138671875,-0.4408416748046875,-0.6326446533203125,-0.03125
1789222362177708800,0.331708740234375,-1.200927734375,-0.754730224609375,0.0776824951171875
1789222362187703000,0.341703125,-1.4027862548828125,-0.89971923828125,0.075469970703125
1789222362197697000,0.351697021484375,-0.4205780029296875,-0.70947265625,-0.131500244140625
1789222362207691000,0.36169091796875,-0.0335235595703125,-0.5502166748046875,-0.1109619140625
1789222362217685000,0.37168505859375,-0.9014892578125,-0.686187744140625,0.21026611328125
1789222362227679000,0.381678955078125,-1.0799560546875,-0.5531158447265625,0.4255218505859375
1789222362237674000,0.391674072265625,-0.275787353515625,-0.5352020263671875,0.27154541015625
1789222362247668000,0.40166796875,-0.2034149169921875,-0.7617950439453125,0.0838165283203125
1789222362257662000,0.411661865234375,-0.9351348876953125,-0.7175445556640625,0.2239990234375
1789222362267656200,0.42165625,-1.077850341796875,-0.805419921875,0.3437957763671875
1789222362277650200,0.431650146484375,-0.4618377685546875,-0.8964080810546875,0.1518707275390625
1789222362287644000,0.441643798828125,-0.266693115234375,-0.73504638671875,0.1377105712890625
1789222362297639200,0.45163916015625,-0.877471923828125,-0.5690460205078125,0.365142822265625
1789222362307633000,0.4616328125,-0.9620819091796875,-0.7521209716796875,0.2247467041015625
1789222362317627000,0.471626953125,-0.451171875,-0.7208251953125,-0.1134490966796875
1789222362327620900,0.481620849609375,-0.5788421630859375,-0.9267120361328125,-0.11322021484375
1789222362337615000,0.491614990234375,-0.9144134521484375,-0.4828338623046875,-0.01031494140625
1789222362347609000,0.501609130859375,-1.2615203857421875,-0.924774169921875,-0.0319061279296875
1789222362357604000,0.51160400390625,-0.854339599609375,-0.803131103515625,0.075347900390625
1789222362367598000,0.52159814453125,0.1378326416015625,-0.2901611328125,-0.118499755859375
1789222362377592000,0.531592041015625,-0.2287750244140625,-1.1846160888671875,-0.614776611328125
1789222362387586000,0.5415859375,-1.257720947265625,-1.2214508056640625,-0.5217437744140625
1789222362397580000,0.551580078125,-1.3046112060546875,-0.8498687744140625,0.097869873046875
1789222362407574000,0.561573974609375,-0.3384552001953125,-0.831207275390625,0.213714599609375
1789222362417569000,0.571569091796875,0.3452911376953125,-0.9420166015625,-0.08477783203125
1789222362427563000,0.58156298828125,-0.077789306640625,-0.8669586181640625,-0.0221099853515625
1789222362437557000,0.591556884765625,-1.1049652099609375,-0.6176605224609375,0.2255706787109375
1789222362447551000,0.601551025390625,-1.393646240234375,-0.6941070556640625,-0.1070556640625
1789222362457545000,0.611544921875,-0.7032928466796875,-1.0972747802734375,-0.54248046875
1789222362467539200,0.621539306640625,0.019134521484375,-0.836669921875,-0.250518798828125
1789222362477534000,0.631533935546875,-0.4235076904296875,-0.5980072021484375,0.3295745849609375
1789222362487528200,0.641528076171875,-1.2628173828125,-1.08636474609375,0.43328857421875
1789222362497522200,0.651522216796875,-0.5187530517578125,-0.6160888671875,0.206024169921875
1789222362507516000,0.661515869140625,0.1841583251953125,-0.460906982421875,0.0445709228515625
1789222362517510000,0.671510009765625,-0.4281158447265625,-1.0029296875,-0.0303497314453125
1789222362527504000,0.68150390625,-1.151214599609375,-0.7537384033203125,0.0395660400390625
1789222362537499000,0.691498779296875,-0.915740966796875,-0.59515380859375,0.0914459228515625
1789222362547492900,0.701492919921875,-0.3501129150390625,-0.989105224609375,-0.028778076171875
1789222362557487000,0.711487060546875,-0.36260986328125,-0.8825531005859375,-0.0293731689453125
1789222362567481000,0.721481201171875,-0.672637939453125,-0.56365966796875,0.0111236572265625
1789222362577475000,0.73147509765625,-0.8051910400390625,-0.990692138671875,-0.0609893798828125
1789222362587469000,0.741468994140625,-0.707427978515625,-0.8603668212890625,-0.0393524169921875
1789222362597464000,0.751464111328125,-0.729827880859375,-0.3052978515625,0.1712799072265625
1789222362607458000,0.7614580078125,-0.708465576171875,-0.5998077392578125,0.2430267333984375
1789222362617452000,0.7714521484375,-0.4005584716796875,-1.2058258056640625,0.0796051025390625
1789222362627446000,0.781446044921875,-0.2273712158203125,-0.707916259765625,0.0063323974609375
1789222362637440000,0.79143994140625,-0.93011474609375,-0.453369140625,0.054473876953125
1789222362647434000,0.80143408203125,-1.2541656494140625,-1.2322235107421875,-0.0523681640625
1789222362657429000,0.811428955078125,-0.3729248046875,-0.975067138671875,-0.1845245361328125
1789222362667423000,0.821423095703125,-0.2764739990234375,-0.3898162841796875,-0.05462646484375
1789222362677417000,0.8314169921875,-1.0942230224609375,-0.747955322265625,0.1189117431640625
1789222362687411000,0.841410888671875,-1.007720947265625,-0.971832275390625,0.2010345458984375
1789222362697405200,0.8514052734375,-0.176361083984375,-0.528228759765625,0.10186767578125
1789222362707399200,0.861399169921875,-0.3858642578125,-0.704345703125,0.07598876953125
1789222362717394200,0.871394287109375,-1.0806732177734375,-1.0121002197265625,0.1942138671875
1789222362727388000,0.881387939453125,-0.7878570556640625,-0.8432464599609375,0.18402099609375
1789222362737382000,0.8913818359375,-0.4883270263671875,-0.7000885009765625,0.082366943359375
1789222362747375900,0.9013759765625,-0.621429443359375,-0.74371337890625,0.099761962890625
1789222362757370000,0.9113701171875,-0.44903564453125,-0.72064208984375,0.1611175537109375
1789222362767364000,0.921364013671875,-0.597198486328125,-0.602386474609375,0.124176025390625
1789222362777359000,0.931359130859375,-0.85357666015625,-0.7170562744140625,0.0782623291015625
1789222362787353000,0.94135302734375,-0.6641845703125,-0.89569091796875,0.103240966796875
1789222362797347000,0.95134716796875,-0.30718994140625,-0.7489776611328125,0.1427001953125
1789222362807341000,0.961341064453125,-0.331390380859375,-0.63720703125,0.12677001953125
1789222362817335000,0.9713349609375,-0.81512451171875,-0.8091583251953125,0.2248992919921875
1789222362827329000,0.9813291015625,-0.912506103515625,-0.8398590087890625,0.27264404296875
1789222362837324000,0.991323974609375,-0.6517181396484375,-0.757659912109375,0.134246826171875
1789222362847318000,1.001318115234375,-0.652099609375,-0.6604461669921875,0.005828857421875
1789222362857312000,1.01131201171875,-0.657379150390625,-0.6693267822265625,0.0500335693359375
1789222362867306000,1.021305908203125,-0.58856201171875,-0.840911865234375,0.09881591796875
1789222362877300000,1.031300048828125,-0.5358123779296875,-0.76806640625,0.0987091064453125
1789222362887294000,1.0412939453125,-0.424072265625,-0.4450836181640625,0.12481689453125
1789222362897289000,1.0512890625,-0.4591827392578125,-0.8068084716796875,0.2165069580078125
1789222362907283000,1.061282958984375,-0.6780853271484375,-0.8787841796875,0.25775146484375
1789222362917277200,1.071277099609375,-0.8795166015625,-0.709197998046875,0.21832275390625
1789222362927271200,1.081271240234375,-0.7174530029296875,-0.833251953125,0.1427154541015625
1789222362937265000,1.091264892578125,-0.4471435546875,-0.9948577880859375,0.076385498046875
1789222362947259000,1.1012587890625,-0.43463134765625,-0.75811767578125,0.047271728515625
1789222362957254000,1.11125390625,-0.7388153076171875,-0.7493438720703125,0.0559539794921875
1789222362967248000,1.121247802734375,-0.8739776611328125,-0.8643798828125,0.0457000732421875
1789222362977242000,1.1312421875,-0.6627655029296875,-0.7218475341796875,-0.00604248046875
1789222362987236000,1.141236083984375,-0.5722503662109375,-0.631103515625,0.005584716796875
1789222362997230000,1.15122998046875,-0.63861083984375,-0.7745361328125,0.0672149658203125
1789222363007224000,1.16122412109375,-0.7296600341796875,-0.8688507080078125,0.196044921875
1789222363017219000,1.171218994140625,-0.683837890625,-0.728668212890625,0.237762451171875
1789222363027213000,1.181213134765625,-0.6522369384765625,-0.9207611083984375,0.154052734375
1789222363037207000,1.19120703125,-0.509979248046875,-0.692474365234375,0.0753021240234375
1789222363047201000,1.201200927734375,-0.40020751953125,-0.781036376953125,0.010772705078125
1789222363057195000,1.211195068359375,-0.440521240234375,-0.9686126708984375,-0.0494537353515625
1789222363067189000,1.22118896484375,-0.568328857421875,-0.56011962890625,0.0222015380859375
1789222363077184000,1.23118408203125,-0.6995849609375,-0.6606597900390625,0.16961669921875
1789222363087178000,1.241177978515625,-0.6742095947265625,-0.9163055419921875,0.1937713623046875
1789222363097172000,1.251171875,-0.5890350341796875,-0.6858673095703125,0.0976104736328125
1789222363107166000,1.261166015625,-0.803558349609375,-0.7447509765625,-0.040374755859375
1789222363117160200,1.27116015625,-0.9673919677734375,-0.8647918701171875,-0.1161346435546875
1789222363127154200,1.281154296875,-0.71966552734375,-0.6476593017578125,-0.1488037109375
1789222363137149200,1.291149169921875,-0.56451416015625,-0.7280426025390625,-0.1189727783203125
1789222363147143200,1.30114306640625,-0.743133544921875,-0.951263427734375,0.0444183349609375
1789222363157137000,1.311136962890625,-0.821929931640625,-0.69525146484375,0.1536865234375
1789222363167131000,1.321130859375,-0.6005096435546875,-0.6102294921875,0.0382537841796875
1789222363177124900,1.331124755859375,-0.3184967041015625,-0.9049072265625,-0.1285552978515625
1789222363187119000,1.341119140625,-0.3445892333984375,-0.7826080322265625,-0.0275421142578125
1789222363197113900,1.35111376953125,-0.760772705078125,-0.59295654296875,0.163177490234375
1789222363207107600,1.361107666015625,-0.83148193359375,-0.8960418701171875,0.1820220947265625
1789222363217101600,1.3711015625,-0.472198486328125,-0.9843292236328125,0.0632171630859375
1789222363227095600,1.381095458984375,-0.4863128662109375,-0.591949462890625,-0.013336181640625
1789222363237089500,1.391089599609375,-0.8206634521484375,-0.764739990234375,-0.0556793212890625
1789222363247083800,1.401083740234375,-0.600860595703125,-0.9414215087890625,-0.137969970703125
1789222363257078500,1.41107861328125,-0.4181976318359375,-0.6590423583984375,-0.1237640380859375
1789222363267072800,1.42107275390625,-0.7402191162109375,-0.668121337890625,0.0414581298828125
1789222363277066800,1.431066650390625,-0.6717987060546875,-0.8640594482421875,0.124267578125
1789222363287060700,1.441060791015625,-0.4501800537109375,-0.629425048828125,0.02923583984375
1789222363297054500,1.451054443359375,-0.64361572265625,-0.8240203857421875,0.0225982666015625
1789222363307048400,1.46104833984375,-0.7936248779296875,-0.9561004638671875,0.0817108154296875
1789222363317043500,1.47104345703125,-0.623931884765625,-0.673828125,0.0810089111328125
1789222363327037700,1.48103759765625,-0.5413818359375,-0.5396270751953125,0.067626953125
1789222363337031700,1.49103173828125,-0.62286376953125,-0.8607330322265625,0.15179443359375
1789222363347025700,1.501025634765625,-0.638153076171875,-0.624359130859375,0.1596527099609375
1789222363357019600,1.51101953125,-0.732025146484375,-0.5613250732421875,0.03533935546875
1789222363367013600,1.521013671875,-0.763824462890625,-0.6986236572265625,-0.0016937255859375
1789222363377008600,1.531008544921875,-0.7156829833984375,-0.7134246826171875,0.038421630859375
1789222363387002600,1.541002685546875,-0.67889404296875,-0.6339569091796875,0.0923004150390625
1789222363396996900,1.550996826171875,-0.8254852294921875,-0.7208099365234375,0.1935577392578125
1789222363406990600,1.560990478515625,-0.7472381591796875,-0.794647216796875,0.2482452392578125
1789222363416984600,1.570984619140625,-0.5102081298828125,-0.6638641357421875,0.16058349609375
1789222363426978600,1.580978515625,-0.6306610107421875,-0.6960601806640625,0.121826171875
1789222363436973600,1.5909736328125,-0.8584747314453125,-0.744110107421875,0.1711578369140625
1789222363446967600,1.600967529296875,-0.74249267578125,-0.877166748046875,0.17242431640625
1789222363456961500,1.61096142578125,-0.6561279296875,-0.6805572509765625,0.1312713623046875
1789222363466955800,1.620955810546875,-0.7546234130859375,-0.7242279052734375,0.1072998046875
1789222363476949800,1.63094970703125,-0.69183349609375,-0.844207763671875,0.054656982421875
1789222363486943700,1.64094384765625,-0.60565185546875,-0.79180908203125,0.003662109375
1789222363496937700,1.650937744140625,-0.72015380859375,-0.8972625732421875,-0.000457763671875
1789222363506932700,1.6609326171875,-0.7856597900390625,-0.6970367431640625,0.11065673828125
1789222363516926500,1.670926513671875,-0.545318603515625,-0.7000732421875,0.1117706298828125
1789222363526920400,1.68092041015625,-0.432037353515625,-0.97509765625,0.0772857666015625
1789222363536914700,1.690914794921875,-0.586029052734375,-0.7174530029296875,0.13543701171875
1789222363546908700,1.70090869140625,-0.7870635986328125,-0.8101043701171875,0.153106689453125
1789222363556902700,1.710902587890625,-0.7728271484375,-0.76080322265625,0.1104583740234375
1789222363566897700,1.720897705078125,-0.543670654296875,-0.89654541015625,0.0817718505859375
1789222363576891600,1.7308916015625,-0.48291015625,-0.6523895263671875,0.0757293701171875
1789222363586885600,1.7408857421875,-0.650360107421875,-0.6567840576171875,-0.000244140625
1789222363596879600,1.750879638671875,-0.5860443115234375,-0.8380584716796875,-0.07177734375
1789222363606873900,1.760873779296875,-0.4071044921875,-0.5327911376953125,-0.108123779296875
1789222363616867600,1.77086767578125,-0.66363525390625,-0.713409423828125,-0.113800048828125
1789222363626862600,1.780862548828125,-0.9875640869140625,-0.7400970458984375,-0.02374267578125
1789222363636856600,1.790856689453125,-0.7929229736328125,-0.732513427734375,0.035980224609375
1789222363646850600,1.8008505859375,-0.28802490234375,-0.72283935546875,-0.0255584716796875
1789222363656844500,1.810844482421875,-0.1400299072265625,-0.6940460205078125,0.0081939697265625
1789222363666838500,1.820838623046875,-0.6544036865234375,-0.8080902099609375,0.2280731201171875
1789222363676832800,1.830832763671875,-1.14703369140625,-0.8730010986328125,0.37615966796875
1789222363686827800,1.840827880859375,-0.982666015625,-0.8491668701171875,0.27166748046875
1789222363696821800,1.85082177734375,-0.74774169921875,-0.77520751953125,0.0759735107421875
1789222363706815700,1.860815673828125,-0.6354522705078125,-0.8737030029296875,-0.08123779296875
1789222363716809700,1.870809814453125,-0.4923858642578125,-0.870635986328125,-0.19573974609375
1789222363726803500,1.880803466796875,-0.535247802734375,-0.7566070556640625,-0.1877593994140625
1789222363736797700,1.890797607421875,-0.496551513671875,-0.842132568359375,-0.0702972412109375
1789222363746792400,1.90079248046875,-0.3622894287109375,-0.7489166259765625,-0.001251220703125
1789222363756786700,1.91078662109375,-0.507720947265625,-0.675384521484375,0.010223388671875
1789222363766780700,1.92078076171875,-0.637603759765625,-0.793243408203125,-0.0542144775390625
1789222363776774700,1.930774658203125,-0.6559600830078125,-0.6808013916015625,-0.080902099609375
1789222363786768600,1.9407685546875,-0.800323486328125,-0.623077392578125,0.0551300048828125
1789222363796762600,1.9507626953125,-0.7772369384765625,-0.97430419921875,0.1621246337890625
1789222363806757600,1.960757568359375,-0.6175689697265625,-0.910675048828125,0.0805511474609375
1789222363816751600,1.970751708984375,-0.5632476806640625,-0.76104736328125,-0.0729217529296875
1789222363826745900,1.980745849609375,-0.520263671875,-0.9180755615234375,-0.1813812255859375
1789222363836739600,1.990739501953125,-0.4682159423828125,-0.7403411865234375,-0.121551513671875
1789222363846733600,2.000733642578125,-0.4315643310546875,-0.855804443359375,-0.0068817138671875
1789222363856727600,2.0107275390625,-0.5512542724609375,-0.608978271484375,0.0633697509765625
1789222363866722600,2.02072265625,-0.9142913818359375,-0.480316162109375,0.0858001708984375
1789222363876716500,2.030716552734375,-0.7622528076171875,-0.9394989013671875,0.0184783935546875
1789222363886710500,2.04071044921875,-0.5252838134765625,-0.597625732421875,-0.149932861328125
1789222363896704800,2.050704833984375,-0.9391326904296875,-0.683685302734375,-0.2107696533203125
1789222363906698800,2.06069873046875,-0.877288818359375,-1.008575439453125,-0.0108184814453125
1789222363916692700,2.070692626953125,-0.36773681640625,-0.7154998779296875,0.09197998046875
1789222363926687700,2.080687744140625,-0.398284912109375,-0.6828155517578125,0.1123504638671875
1789222363936681700,2.090681640625,-0.8318328857421875,-0.7861175537109375,0.165557861328125
1789222363946675500,2.100675537109375,-0.8254241943359375,-0.8156890869140625,0.240264892578125
1789222363956669700,2.110669677734375,-0.620849609375,-0.592376708984375,0.1880950927734375
1789222363966663700,2.12066357421875,-0.510589599609375,-0.680938720703125,0.0198516845703125
1789222363976657700,2.13065771484375,-0.883697509765625,-0.83538818359375,-0.017669677734375
1789222363986652700,2.140652587890625,-0.8093109130859375,-0.9163970947265625,0.0616607666015625
1789222363996646700,2.150646728515625,-0.5587615966796875,-0.7655029296875,0.0848846435546875
1789222364006640600,2.160640625,-0.832275390625,-0.69189453125,0.135528564453125
1789222364016634600,2.170634521484375,-0.717193603515625,-1.067047119140625,0.2887420654296875
1789222364026628600,2.180628662109375,-0.3441619873046875,-0.7856597900390625,0.293243408203125
1789222364036622800,2.190622802734375,-0.2716064453125,-0.5824127197265625,0.18780517578125
1789222364046617900,2.200617919921875,-0.4853515625,-1.022308349609375,0.1277008056640625
1789222364056611600,2.210611572265625,-0.4523468017578125,-0.8224945068359375,0.1058807373046875
1789222364066605600,2.22060546875,-0.6143951416015625,-0.4497528076171875,0.09466552734375
1789222364076599600,2.230599609375,-0.67462158203125,-0.8472137451171875,0.0870361328125
1789222364086593500,2.240593505859375,-0.6144256591796875,-0.6339111328125,0.0470123291015625
1789222364096587800,2.250587890625,-0.8853759765625,-0.4627532958984375,0.0876617431640625
1789222364106582500,2.26058251953125,-1.1142120361328125,-0.7872314453125,0.1578369140625
1789222364116576800,2.27057666015625,-0.8660736083984375,-0.6585693359375,0.1750640869140625
1789222364126570800,2.28057080078125,-0.5259246826171875,-0.780792236328125,0.1512603759765625
1789222364136564700,2.290564697265625,-0.381439208984375,-0.722900390625,0.1206817626953125
1789222364146558700,2.300558837890625,-0.4923248291015625,-0.6453704833984375,0.130340576171875
1789222364156552400,2.310552490234375,-0.702850341796875,-0.8865814208984375,0.1670684814453125
1789222364166547500,2.32054736328125,-0.6741180419921875,-0.624176025390625,0.1477813720703125
1789222364176541400,2.33054150390625,-0.7350921630859375,-0.6414337158203125,0.087982177734375
1789222364186535700,2.34053564453125,-0.9505767822265625,-0.8355560302734375,0.140625
1789222364196529700,2.35052978515625,-0.7875518798828125,-0.6388397216796875,0.1326141357421875
1789222364206523600,2.360523681640625,-0.7410736083984375,-0.720672607421875,0.0280914306640625
1789222364216517600,2.370517578125,-0.802764892578125,-0.9651641845703125,0.0727996826171875
1789222364226512600,2.3805126953125,-0.5884246826171875,-0.8186798095703125,0.11468505859375
1789222364236506600,2.390506591796875,-0.3580474853515625,-0.6981201171875,0.0443115234375
1789222364246500600,2.40050048828125,-0.3760833740234375,-0.891876220703125,0.0411224365234375
1789222364256494800,2.410494873046875,-0.737335205078125,-0.8647003173828125,0.11224365234375
1789222364266488800,2.42048876953125,-0.80255126953125,-0.8480072021484375,0.029052734375
1789222364276482600,2.430482666015625,-0.4032745361328125,-0.7686920166015625,-0.1191253662109375
1789222364286477800,2.440477783203125,-0.36865234375,-0.7574615478515625,-0.0727691650390625
1789222364296471600,2.450471435546875,-0.7945098876953125,-0.919342041015625,0.1156005859375
1789222364306465500,2.460465576171875,-0.81243896484375,-0.6190338134765625,0.16314697265625
1789222364316459800,2.470459716796875,-0.3751983642578125,-0.6113128662109375,0.0693206787109375
1789222364326453800,2.480453857421875,-0.390625,-0.8968963623046875,0.0154876708984375
1789222364336447700,2.49044775390625,-0.8407745361328125,-0.5781707763671875,0.1238250732421875
1789222364346442800,2.50044287109375,-1.2652740478515625,-0.6223602294921875,0.1628875732421875
1789222364356436700,2.510436767578125,-0.96453857421875,-1.00262451171875,0.0158843994140625
1789222364366430700,2.5204306640625,-0.4652557373046875,-0.56890869140625,-0.0361175537109375
1789222364376424700,2.5304248046875,-0.7489166259765625,-0.6361083984375,0.0118408203125
1789222364386418700,2.540418701171875,-0.81060791015625,-0.9350128173828125,-0.00054931640625
1789222364396412700,2.55041259765625,-0.4189910888671875,-0.6235504150390625,-0.034637451171875
1789222364406407700,2.56040771484375,-0.608062744140625,-0.6241912841796875,0.0357818603515625
1789222364416401700,2.570401611328125,-0.7595367431640625,-0.8191375732421875,0.0922088623046875
1789222364426395600,2.580395751953125,-0.398223876953125,-0.6902618408203125,-0.0060577392578125
1789222364436389600,2.5903896484375,-0.4682464599609375,-0.6785888671875,-0.0756683349609375
1789222364446383600,2.600383544921875,-0.802215576171875,-0.8234100341796875,-0.039520263671875
1789222364456377900,2.6103779296875,-0.69464111328125,-0.798583984375,-0.111083984375
1789222364466372600,2.62037255859375,-0.830810546875,-0.8172454833984375,-0.064544677734375
1789222364476366800,2.630366943359375,-1.0537261962890625,-0.936004638671875,0.1321258544921875
1789222364486360800,2.64036083984375,-0.5406646728515625,-0.84222412109375,0.052703857421875
1789222364496354600,2.6503544921875,-0.49908447265625,-0.8420867919921875,-0.0664825439453125
1789222364506348500,2.6603486328125,-0.776153564453125,-0.890380859375,0.015899658203125
1789222364516342500,2.670342529296875,-0.4622955322265625,-0.9056854248046875,-0.0826568603515625
1789222364526337500,2.680337646484375,-0.309295654296875,-0.7348785400390625,-0.1695098876953125
1789222364536331800,2.690331787109375,-0.5887298583984375,-0.6546478271484375,-0.1069793701171875
1789222364546325800,2.70032568359375,-0.829833984375,-0.90350341796875,0.0030364990234375
1789222364556319700,2.71031982421875,-0.5190277099609375,-0.636962890625,-0.038726806640625
1789222364566313700,2.720313720703125,-0.3714752197265625,-0.6794586181640625,-0.0865631103515625
1789222364576307700,2.7303076171875,-0.580780029296875,-0.8168182373046875,-0.0045318603515625
1789222364586302700,2.740302734375,-0.6151123046875,-0.60589599609375,0.0292510986328125
1789222364596296700,2.750296630859375,-0.9290313720703125,-0.763458251953125,0.0820159912109375
1789222364606290700,2.760290771484375,-0.8245391845703125,-0.822998046875,0.038543701171875
1789222364616284700,2.77028466796875,-0.6626129150390625,-0.6611785888671875,-0.1124114990234375
1789222364626278700,2.780278564453125,-1.145904541015625,-0.86151123046875,-0.0972442626953125
1789222364636273700,2.790273681640625,-0.9210968017578125,-0.9421234130859375,-0.1455230712890625
1789222364646267600,2.800267578125,-0.3132781982421875,-0.5396270751953125,-0.2561798095703125
1789222364656261600,2.81026171875,-0.572509765625,-0.8297119140625,-0.19305419921875
1789222364666255600,2.820255615234375,-0.798065185546875,-0.9946136474609375,0.012542724609375
1789222364676249900,2.830249755859375,-0.4381256103515625,-0.528778076171875,0.0403900146484375
1789222364686243800,2.840243896484375,-0.272613525390625,-0.72149658203125,-0.0556182861328125
1789222364696238800,2.85023876953125,-0.4618682861328125,-0.83966064453125,-0.025604248046875
1789222364706232800,2.86023291015625,-0.8332672119140625,-0.8406982421875,0.064727783203125
1789222364716226600,2.8702265625,-1.0264434814453125,-0.964324951171875,0.0405731201171875
1789222364726220500,2.880220458984375,-0.5472869873046875,-0.8946990966796875,-0.0641937255859375
1789222364736214500,2.890214599609375,-0.1456146240234375,-0.7064971923828125,-0.093994140625
1789222364746208800,2.900208740234375,-0.4097900390625,-0.8101959228515625,-0.104766845703125
1789222364756203800,2.910203857421875,-0.95458984375,-0.7910919189453125,-0.0758514404296875
1789222364766197800,2.92019775390625,-0.8741607666015625,-0.6113128662109375,-0.072723388671875
1789222364776191700,2.930191650390625,-0.536285400390625,-0.751373291015625,-0.198455810546875
1789222364786185700,2.940185791015625,-0.538177490234375,-0.8031158447265625,-0.15704345703125
1789222364796179700,2.9501796875,-0.770294189453125,-0.7239837646484375,0.031341552734375
1789222364806173700,2.960173583984375,-0.6303558349609375,-0.6208343505859375,0.080841064453125
1789222364816168700,2.970168701171875,-0.24853515625,-0.7442169189453125,-0.0252227783203125
1789222364826162700,2.98016259765625,-0.5643463134765625,-0.86358642578125,0.031494140625
1789222364836156700,2.99015673828125,-1.18450927734375,-0.5760040283203125,0.2523956298828125
1789222364846150700,3.000150634765625,-0.985015869140625,-0.6371002197265625,0.303131103515625
1789222364856144600,3.01014453125,-0.362579345703125,-0.575927734375,0.162567138671875
1789222364866138600,3.020138671875,-0.536773681640625,-0.7138824462890625,0.1062774658203125
1789222364876133600,3.030133544921875,-0.987213134765625,-0.7432403564453125,0.180206298828125
1789222364886127600,3.040127685546875,-1.0375823974609375,-0.5955810546875,0.136322021484375
1789222364896121900,3.050121826171875,-0.815521240234375,-0.891754150390625,0.021759033203125
1789222364906115800,3.06011572265625,-0.372406005859375,-0.744659423828125,0.064422607421875
1789222364916109800,3.07010986328125,-0.410064697265625,-0.4245147705078125,0.2261199951171875
1789222364926103600,3.080103515625,-0.8071136474609375,-0.81634521484375,0.354034423828125
1789222364936098600,3.0900986328125,-0.4598846435546875,-0.805694580078125,0.2924957275390625
1789222364946092500,3.100092529296875,-0.327789306640625,-0.539642333984375,0.2136993408203125
1789222364956086500,3.11008642578125,-0.7018890380859375,-0.719757080078125,0.21136474609375
1789222364966080800,3.120080810546875,-0.71270751953125,-0.8380126953125,0.173095703125
1789222364976074800,3.13007470703125,-0.713836669921875,-0.690460205078125,0.118408203125
1789222364986068700,3.14006884765625,-0.82373046875,-0.6078948974609375,0.11529541015625
1789222364996063700,3.150063720703125,-0.6164093017578125,-0.709014892578125,0.090545654296875
1789222365006057700,3.1600576171875,-0.4486846923828125,-0.83746337890625,0.053314208984375
1789222365016051700,3.1700517578125,-0.61553955078125,-0.666839599609375,0.112945556640625
1789222365026045700,3.180045654296875,-0.8594207763671875,-0.7036590576171875,0.1614837646484375
1789222365036039700,3.190039794921875,-0.7983245849609375,-0.92816162109375,0.1463623046875
1789222365046033700,3.20003369140625,-0.54486083984375,-0.851837158203125,0.063873291015625
1789222365056028700,3.210028564453125,-0.57806396484375,-0.628265380859375,0.0396881103515625
1789222365066022700,3.220022705078125,-1.0466766357421875,-0.822479248046875,0.0924530029296875
1789222365076016600,3.2300166015625,-1.0367279052734375,-0.9772796630859375,0.068115234375
1789222365086010600,3.2400107421875,-0.577362060546875,-0.77496337890625,-0.0376739501953125
1789222365096004600,3.250004638671875,-0.608642578125,-0.9044952392578125,-0.0693511962890625
1789222365105998800,3.259998779296875,-0.6590576171875,-1.109893798828125,0.0174407958984375
1789222365115993900,3.269993896484375,-0.3121490478515625,-0.8354644775390625,0.0502166748046875
1789222365125987800,3.27998779296875,-0.339691162109375,-0.9405670166015625,0.0232696533203125
1789222365135981800,3.28998193359375,-0.5927276611328125,-0.9998016357421875,0.059600830078125
1789222365145975600,3.2999755859375,-0.4316864013671875,-0.7705535888671875,0.029449462890625
1789222365155969500,3.309969482421875,-0.2278900146484375,-0.8738250732421875,-0.13250732421875
1789222365165963800,3.3199638671875,-0.340667724609375,-0.9890594482421875,-0.25140380859375
1789222365175958500,3.32995849609375,-0.6476287841796875,-0.8383331298828125,-0.1756439208984375
1789222365185952800,3.339952880859375,-0.76715087890625,-0.5946502685546875,-0.114501953125
1789222365195947300,3.349947265625,-0.8779296875,-0.7730865478515625,-0.1270294189453125
1789222365205941200,3.359941162109375,-0.71990966796875,-0.7845611572265625,-0.1581878662109375
1789222365215935200,3.369935302734375,-0.526336669921875,-0.6136474609375,-0.1964263916015625
1789222365225929200,3.37992919921875,-0.8695831298828125,-0.7732696533203125,-0.165008544921875
1789222365235924200,3.38992431640625,-1.04119873046875,-0.945343017578125,-0.0827484130859375
1789222365245918200,3.399918212890625,-0.7107391357421875,-0.6363372802734375,-0.02972412109375
1789222365255912200,3.409912109375,-0.4424896240234375,-0.7848358154296875,-0.018310546875
1789222365265906400,3.419906494140625,-0.4192657470703125,-0.7451019287109375,0.0374908447265625
1789222365275900400,3.429900390625,-0.81103515625,-0.6358642578125,0.1596221923828125
1789222365285894100,3.43989404296875,-0.9605255126953125,-0.76470947265625,0.2137603759765625
1789222365295889400,3.449889404296875,-0.6083221435546875,-0.540283203125,0.1767730712890625
1789222365305883100,3.459883056640625,-0.531768798828125,-0.7898406982421875,0.164703369140625
1789222365315877000,3.469877197265625,-0.751007080078125,-0.7429656982421875,0.15411376953125
1789222365325871000,3.47987109375,-1.097137451171875,-0.6555328369140625,0.15142822265625
1789222365335865300,3.489865234375,-0.747772216796875,-0.8681640625,0.032806396484375
1789222365345859300,3.499859375,-0.040130615234375,-0.7174530029296875,-0.12548828125
1789222365355854300,3.509854248046875,-0.2867584228515625,-0.68182373046875,-0.0063934326171875
1789222365365848300,3.519848388671875,-0.863006591796875,-0.9222869873046875,0.197265625
1789222365375842300,3.52984228515625,-0.7000885009765625,-0.709747314453125,0.2377777099609375
1789222365385836300,3.539836181640625,-0.2304534912109375,-0.5920257568359375,0.1719818115234375
1789222365395830300,3.549830322265625,-0.182769775390625,-0.8179779052734375,0.0725555419921875
1789222365405824300,3.55982421875,-0.58489990234375,-0.72613525390625,0.0950927734375
1789222365415819300,3.5698193359375,-1.1287994384765625,-0.6432647705078125,0.094573974609375
1789222365425813200,3.579813232421875,-1.154296875,-0.9800872802734375,-0.0058135986328125
1789222365435807200,3.58980712890625,-0.669708251953125,-0.7124176025390625,-0.1263275146484375
1789222365445801200,3.59980126953125,-0.727325439453125,-0.6394805908203125,-0.11065673828125
1789222365455795200,3.609795166015625,-0.9017333984375,-0.8962860107421875,-0.0113983154296875
1789222365465790200,3.619790283203125,-0.67486572265625,-0.6903839111328125,-0.034149169921875
1789222365475784200,3.6297841796875,-0.6753692626953125,-0.6768798828125,-0.0718841552734375
1789222365485778400,3.6397783203125,-0.803253173828125,-0.7718963623046875,0.0446624755859375
1789222365495772400,3.6497724609375,-0.65692138671875,-0.7252960205078125,0.1536865234375
1789222365505766100,3.65976611328125,-0.599090576171875,-0.7027740478515625,0.1592559814453125
1789222365515760000,3.669760009765625,-0.6880950927734375,-0.7674102783203125,0.18927001953125
1789222365525755100,3.679755126953125,-0.6682281494140625,-0.757904052734375,0.2281494140625
1789222365535749000,3.6897490234375,-0.670135498046875,-0.7770233154296875,0.193695068359375
1789222365545743000,3.6997431640625,-0.8195343017578125,-0.8419036865234375,0.133087158203125
1789222365555737300,3.7097373046875,-0.800567626953125,-0.6824951171875,0.17022705078125
1789222365565731300,3.7197314453125,-0.6753082275390625,-0.8131561279296875,0.1801605224609375
1789222365575725300,3.729725341796875,-0.4876251220703125,-0.924835205078125,0.095428466796875
1789222365585720300,3.73972021484375,-0.309844970703125,-0.66534423828125,0.029327392578125
1789222365595714300,3.74971435546875,-0.576080322265625,-0.7877655029296875,0.073516845703125
1789222365605708300,3.759708251953125,-0.9168548583984375,-0.860809326171875,0.1593780517578125
1789222365615702300,3.769702392578125,-0.767181396484375,-0.7587127685546875,0.1442413330078125
1789222365625696300,3.7796962890625,-0.53802490234375,-0.6454925537109375,0.121185302734375
1789222365635690200,3.789690185546875,-0.6766815185546875,-0.813507080078125,0.1945953369140625
1789222365645685200,3.799685302734375,-0.7826080322265625,-0.721527099609375,0.2041778564453125
1789222365655679200,3.80967919921875,-0.843963623046875,-0.529083251953125,0.1097412109375
1789222365665673200,3.819673095703125,-0.7232818603515625,-0.83978271484375,0.1011962890625
1789222365675667200,3.829667236328125,-0.564117431640625,-0.6483001708984375,0.168548583984375
1789222365685661400,3.839661376953125,-0.5218658447265625,-0.625274658203125,0.1814727783203125
1789222365695655400,3.849655517578125,-0.526397705078125,-0.6277923583984375,0.2176666259765625
1789222365705650400,3.859650390625,-0.69732666015625,-0.6314697265625,0.3257293701171875
1789222365715644400,3.86964453125,-0.75048828125,-0.8543853759765625,0.224609375
1789222365725638100,3.87963818359375,-0.7037353515625,-0.6150970458984375,0.075042724609375
1789222365735632100,3.889632080078125,-0.7669525146484375,-0.628814697265625,0.165283203125
1789222365745626000,3.899626220703125,-0.6816558837890625,-0.912384033203125,0.1917877197265625
1789222365755620400,3.909620361328125,-0.34869384765625,-0.5460662841796875,0.0698394775390625
1789222365765615000,3.919614990234375,-0.392791748046875,-0.720703125,0.0825958251953125
1789222365775609300,3.929609375,-0.9736175537109375,-0.9192047119140625,0.234344482421875
1789222365785603300,3.939603271484375,-1.0863494873046875,-0.6217193603515625,0.2444305419921875
1789222365795597300,3.949597412109375,-0.6767578125,-0.8954315185546875,0.07647705078125
1789222365805591300,3.95959130859375,-0.3191986083984375,-0.770172119140625,0.0986785888671875
1789222365815585300,3.969585205078125,-0.5128631591796875,-0.66619873046875,0.2260589599609375
1789222365825580300,3.979580322265625,-0.4901885986328125,-0.8719482421875,0.2044219970703125
1789222365835574300,3.98957421875,-0.3506317138671875,-0.6760406494140625,0.1753387451171875
1789222365845568300,3.999568359375,-0.540771484375,-0.8226470947265625,0.2276458740234375
1789222365855562200,4.009562255859375,-0.4841766357421875,-0.6471710205078125,0.1624908447265625
1789222365865556200,4.01955615234375,-0.6030426025390625,-0.5802001953125,0.0567626953125
1789222365875550200,4.02955029296875,-0.7940673828125,-0.8276519775390625,0.092010498046875
1789222365885545200,4.039545166015625,-0.7298736572265625,-0.4341583251953125,0.1051483154296875
1789222365895539200,4.049539306640625,-1.0627593994140625,-0.720123291015625,0.094268798828125
1789222365905533400,4.059533447265625,-1.084747314453125,-0.949127197265625,0.2236328125
1789222365915527400,4.06952734375,-0.4324798583984375,-0.6163787841796875,0.183868408203125
1789222365925521400,4.079521484375,-0.311798095703125,-0.757659912109375,0.021270751953125
1789222365935516400,4.089516357421875,-0.65362548828125,-0.993438720703125,0.119781494140625
1789222365945510400,4.099510498046875,-0.927032470703125,-0.851654052734375,0.263885498046875
1789222365955504000,4.109504150390625,-0.62933349609375,-0.7711639404296875,0.2014007568359375
1789222365965498000,4.119498046875,-0.1829681396484375,-0.856170654296875,0.1016082763671875
1789222365975492400,4.129492431640625,-0.1175689697265625,-0.620391845703125,0.1583251953125
1789222365985486300,4.139486328125,-0.3699798583984375,-0.659912109375,0.1639862060546875
1789222365995481300,4.1494814453125,-0.49517822265625,-0.72308349609375,0.052337646484375
1789222366005475300,4.159475341796875,-0.9538726806640625,-0.625823974609375,0.0349884033203125
1789222366015469300,4.16946923828125,-1.541961669921875,-0.8778076171875,0.044525146484375
1789222366025463300,4.17946337890625,-1.0513763427734375,-0.915863037109375,-0.03765869140625
1789222366035457300,4.189457275390625,-0.147125244140625,-0.6771240234375,-0.1090850830078125
1789222366045451300,4.199451171875,0.0355987548828125,-0.7525787353515625,-0.0184783935546875
1789222366055446300,4.2094462890625,-0.436920166015625,-0.9194793701171875,0.1784210205078125
1789222366065440300,4.219440185546875,-1.1209869384765625,-0.843475341796875,0.3385467529296875
1789222366075434200,4.229434326171875,-1.027069091796875,-0.7091522216796875,0.2800140380859375
1789222366085428200,4.23942822265625,-0.1913909912109375,-0.845672607421875,-0.0331573486328125
1789222366095422200,4.249422119140625,-0.0726318359375,-0.9059295654296875,-0.1702423095703125
1789222366105416200,4.259416259765625,-0.8723297119140625,-0.6492156982421875,-0.0101165771484375
1789222366115411200,4.2694111328125,-0.9394683837890625,-0.6118621826171875,0.0545196533203125
1789222366125405200,4.2794052734375,-0.5610198974609375,-0.9360504150390625,-0.0138397216796875
1789222366135399400,4.2893994140625,-0.4645233154296875,-0.8518524169921875,0.0726318359375
1789222366145393400,4.299393310546875,-0.6337432861328125,-0.5717315673828125,0.0341339111328125
1789222366155387100,4.30938720703125,-0.732879638671875,-0.732025146484375,-0.090362548828125
1789222366165381000,4.319381103515625,-0.5460968017578125,-0.7891387939453125,-0.1117095947265625
1789222366175376100,4.329376220703125,-0.6280670166015625,-0.7431182861328125,-0.0691070556640625
1789222366185370000,4.3393701171875,-0.9697113037109375,-0.741424560546875,0.037109375
1789222366195363600,4.349363525390625,-0.8697662353515625,-0.6986846923828125,0.13958740234375
1789222366205357600,4.359357666015625,-0.4447021484375,-0.955718994140625,0.0762481689453125
1789222366215351600,4.3693515625,-0.35009765625,-0.692840576171875,-0.0121917724609375
1789222366225345500,4.379345458984375,-0.675048828125,-0.7997589111328125,0.0767364501953125
1789222366235340500,4.389340576171875,-0.7789764404296875,-1.0446624755859375,0.1898956298828125
1789222366245334500,4.39933447265625,-0.342987060546875,-0.4910736083984375,0.139617919921875
1789222366255328800,4.409328857421875,-0.182586669921875,-0.697662353515625,0.0957489013671875
1789222366265322500,4.419322509765625,-0.5791168212890625,-0.959564208984375,0.135986328125
1789222366275316500,4.42931640625,-1.1473388671875,-0.684722900390625,0.11114501953125
1789222366285311500,4.4393115234375,-0.8486175537109375,-0.8624267578125,-0.002532958984375
1789222366295305500,4.449305419921875,-0.3696746826171875,-0.7993011474609375,-0.07623291015625
1789222366305299500,4.459299560546875,-0.8680419921875,-0.8454437255859375,0.1341094970703125
1789222366315293400,4.46929345703125,-0.9560699462890625,-0.7009124755859375,0.277557373046875
1789222366325287700,4.47928759765625,-0.5423736572265625,-0.6658782958984375,0.1343231201171875
1789222366335281700,4.48928173828125,-0.4772796630859375,-1.0829620361328125,0.0664520263671875
1789222366345276700,4.499276611328125,-0.5144500732421875,-0.7249908447265625,0.0582733154296875
1789222366355270700,4.509270751953125,-0.70440673828125,-0.5285186767578125,0.045654296875
1789222366365264600,4.5192646484375,-0.803131103515625,-0.975311279296875,0.035247802734375
1789222366375258400,4.52925830078125,-0.6353912353515625,-0.8040771484375,0.0788726806640625
1789222366385252400,4.53925244140625,-0.447357177734375,-0.43511962890625,0.077850341796875
1789222366395246600,4.54924658203125,-0.79656982421875,-0.8579559326171875,0.079132080078125
1789222366405241600,4.55924169921875,-0.8785552978515625,-0.9541473388671875,0.2087249755859375
1789222366415235600,4.569235595703125,-0.3901214599609375,-0.4896087646484375,0.140533447265625
1789222366425229600,4.5792294921875,-0.653717041015625,-0.703826904296875,0.0350799560546875
1789222366435223600,4.5892236328125,-0.837310791015625,-0.9835052490234375,0.154632568359375
1789222366445217500,4.599217529296875,-0.3793487548828125,-0.62933349609375,0.0990447998046875
1789222366455211500,4.60921142578125,-0.5719451904296875,-0.575225830078125,-0.0326385498046875
1789222366465206500,4.61920654296875,-1.02984619140625,-0.7898712158203125,0.059967041015625
1789222366475200800,4.62920068359375,-0.700653076171875,-0.93182373046875,0.061492919921875
1789222366485194500,4.639194580078125,-0.4787139892578125,-0.5531768798828125,-0.04498291015625
1789222366495188500,4.6491884765625,-0.8331756591796875,-0.6464691162109375,0.0318756103515625
1789222366505182500,4.659182373046875,-0.6361846923828125,-1.14263916015625,0.1971282958984375
1789222366515176400,4.669176513671875,0.104949951171875,-0.4404144287109375,0.179290771484375
1789222366525171500,4.67917138671875,0.042205810546875,-0.56658935546875,0.0573272705078125
1789222366535165400,4.68916552734375,-0.751220703125,-1.148101806640625,0.1225738525390625
1789222366545159700,4.69915966796875,-1.1194000244140625,-0.39190673828125,0.244781494140625
1789222366555153700,4.709153564453125,-1.12908935546875,-0.754058837890625,0.1428680419921875
1789222366565147600,4.719147705078125,-0.596435546875,-1.0773162841796875,-0.062957763671875
1789222366575142700,4.729142578125,-0.43389892578125,-0.2577667236328125,-0.0097808837890625
1789222366585136600,4.73913671875,-1.1754302978515625,-0.8820648193359375,0.165435791015625
1789222366595130400,4.74913037109375,-0.968414306640625,-1.003265380859375,0.06976318359375
1789222366605124400,4.759124267578125,-0.29681396484375,-0.42578125,-0.039215087890625
1789222366615118600,4.76911865234375,-0.5787506103515625,-1.001007080078125,-0.0181121826171875
1789222366625112600,4.779112548828125,-0.721527099609375,-0.7951507568359375,0.051361083984375
1789222366635107600,4.789107666015625,-0.4774932861328125,-0.498687744140625,0.0679473876953125
1789222366645101600,4.7991015625,-0.348846435546875,-0.88507080078125,0.0488433837890625
1789222366655095600,4.809095458984375,-0.5943145751953125,-0.545989990234375,0.0707855224609375
1789222366665089500,4.819089599609375,-0.9532318115234375,-0.5518798828125,0.17254638671875
1789222366675083500,4.82908349609375,-0.9421844482421875,-0.892486572265625,0.10626220703125
1789222366685077800,4.839077880859375,-0.59912109375,-0.7281036376953125,-0.053009033203125
1789222366695072800,4.84907275390625,-0.366180419921875,-0.642486572265625,-0.1014404296875
1789222366705066500,4.85906640625,-0.753997802734375,-0.92864990234375,-0.0117950439453125
1789222366715060500,4.869060546875,-1.0531463623046875,-0.868927001953125,0.0976104736328125
1789222366725054500,4.879054443359375,-0.6832733154296875,-0.719696044921875,0.09796142578125
1789222366735048400,4.88904833984375,-0.5103607177734375,-0.8462371826171875,0.028411865234375
1789222366745042700,4.899042724609375,-0.4809417724609375,-0.8763275146484375,-0.0424346923828125
1789222366755037400,4.909037353515625,-0.8588409423828125,-0.720794677734375,0.0493927001953125
1789222366765031700,4.91903173828125,-1.06512451171875,-0.743682861328125,0.0742645263671875
1789222366775025700,4.929025634765625,-0.3308868408203125,-1.0344696044921875,-0.1448974609375
1789222366785019600,4.93901953125,-0.5087890625,-0.7896270751953125,-0.0521240234375
1789222366795013600,4.949013671875,-1.0393524169921875,-0.6851959228515625,0.2714385986328125
1789222366805007400,4.95900732421875,-0.6219329833984375,-0.8278350830078125,0.193328857421875
1789222366815002600,4.969002685546875,-0.0098114013671875,-0.850738525390625,-0.0306243896484375
1789222366824996400,4.978996337890625,-0.0608367919921875,-0.4522857666015625,-0.0362396240234375
1789222366834990600,4.988990478515625,-0.7595672607421875,-0.4485321044921875,0.0972900390625
1789222366844984600,4.998984619140625,-1.1855621337890625,-1.0956573486328125,-0.0108489990234375
1789222366854978600,5.008978515625,-0.869110107421875,-1.0556488037109375,-0.1981658935546875
1789222366864972500,5.01897265625,-0.6953582763671875,-0.6504058837890625,-0.0908050537109375
1789222366874967600,5.028967529296875,-0.7188873291015625,-0.878570556640625,0.0569915771484375
1789222366884961500,5.03896142578125,-0.1750946044921875,-1.0527801513671875,-0.06610107421875
1789222366894955500,5.04895556640625,-0.1659698486328125,-0.5977783203125,0.01409912109375
1789222366904949800,5.05894970703125,-0.8764495849609375,-0.5501708984375,0.3000335693359375
1789222366914943500,5.068943603515625,-1.0435791015625,-0.8801116943359375,0.24951171875
1789222366924938800,5.078938720703125,-0.3379669189453125,-0.65435791015625,-0.0399627685546875
1789222366934932500,5.088932373046875,-0.279571533203125,-0.450469970703125,-0.1230010986328125
1789222366944926500,5.098926513671875,-1.271514892578125,-1.0271148681640625,0.0506134033203125
1789222366954920400,5.10892041015625,-1.2761993408203125,-0.895782470703125,0.010101318359375
1789222366964914700,5.118914794921875,-0.489990234375,-0.8206787109375,-0.13812255859375
1789222366974908700,5.12890869140625,-0.048919677734375,-0.8202667236328125,-0.0594329833984375
1789222366984903700,5.138903564453125,-0.281982421875,-0.58270263671875,0.176788330078125
1789222366994897700,5.148897705078125,-1.0294189453125,-0.8134307861328125,0.368804931640625
1789222367004891600,5.1588916015625,-0.915435791015625,-0.78179931640625,0.2852325439453125
1789222367014885600,5.1688857421875,-0.236236572265625,-0.729736328125,-0.0165863037109375
1789222367024879400,5.17887939453125,-0.3540802001953125,-0.76104736328125,-0.1679840087890625
1789222367034873600,5.18887353515625,-0.69580078125,-0.7746429443359375,-0.09918212890625
1789222367044868400,5.198868408203125,-0.772064208984375,-0.9575347900390625,-0.05450439453125
1789222367054862600,5.208862548828125,-0.5314788818359375,-0.6395721435546875,-0.0419158935546875
1789222367064856600,5.218856689453125,-0.6878662109375,-0.7308807373046875,0.080902099609375
1789222367074850600,5.2288505859375,-0.672332763671875,-0.9273529052734375,0.1338653564453125
1789222367084844500,5.238844482421875,-0.17474365234375,-0.499725341796875,0.0496673583984375
1789222367094838500,5.248838623046875,-0.297119140625,-0.6256103515625,0.0528717041015625
1789222367104833500,5.25883349609375,-1.2569122314453125,-0.970428466796875,0.23614501953125
1789222367114827500,5.26882763671875,-1.7961273193359375,-1.001495361328125,0.2547607421875
1789222367124821800,5.27882177734375,-0.7501220703125,-0.6395721435546875,-0.0603790283203125
1789222367134815500,5.2888154296875,0.3803558349609375,-0.537353515625,-0.27484130859375
1789222367144809500,5.2988095703125,0.19561767578125,-0.579437255859375,-0.135711669921875
1789222367154804500,5.308804443359375,-1.3388824462890625,-0.8211822509765625,0.2444305419921875
1789222367164798500,5.318798583984375,-2.06512451171875,-0.83251953125,0.46563720703125
1789222367174792400,5.32879248046875,-0.494720458984375,-0.925994873046875,0.241455078125
1789222367184786400,5.338786376953125,0.74517822265625,-0.81829833984375,-0.06463623046875
1789222367194781400,5.348781494140625,0.1650543212890625,-0.606842041015625,-0.108551025390625
1789222367204775700,5.358775634765625,-1.1068115234375,-1.105255126953125,0.0299835205078125
1789222367214770400,5.3687705078125,-1.3527984619140625,-1.0328521728515625,0.0896148681640625
1789222367224764700,5.3787646484375,-0.317230224609375,-0.5688629150390625,-0.02886962890625
1789222367234758700,5.388758544921875,0.033599853515625,-0.6635284423828125,-0.0119781494140625
1789222367244752400,5.39875244140625,-0.678436279296875,-0.7048492431640625,0.1475372314453125
1789222367254746400,5.408746337890625,-0.9318084716796875,-0.751922607421875,0.2130889892578125
1789222367264740400,5.418740234375,-0.6120452880859375,-0.64794921875,0.086639404296875
1789222367274735400,5.4287353515625,-0.902587890625,-1.068084716796875,-0.0438385009765625
1789222367284729600,5.4387294921875,-1.103057861328125,-0.97991943359375,0.0651092529296875
1789222367294723600,5.4487236328125,-0.756805419921875,-0.6366424560546875,0.122039794921875
1789222367304717600,5.458717529296875,-0.1679229736328125,-0.977874755859375,-0.0569305419921875
1789222367314711600,5.468711669921875,-0.177947998046875,-0.720550537109375,-0.000335693359375
1789222367324705500,5.47870556640625,-0.9694366455078125,-0.5027618408203125,0.27294921875
1789222367334700500,5.488700439453125,-1.1946258544921875,-0.795501708984375,0.3765411376953125
1789222367344694500,5.498694580078125,-0.5277252197265625,-0.746185302734375,0.1137847900390625
1789222367354688500,5.5086884765625,-0.0957489013671875,-0.759552001953125,-0.168609619140625
1789222367364682500,5.5186826171875,-0.59808349609375,-0.542877197265625,-0.0612030029296875
1789222367374676500,5.528676513671875,-1.0909423828125,-0.775360107421875,0.033721923828125
1789222367384670500,5.53867041015625,-0.7097015380859375,-0.88836669921875,-0.137725830078125
1789222367394665500,5.54866552734375,-0.3541717529296875,-0.5305023193359375,-0.12664794921875
1789222367404659500,5.558659423828125,-0.6890869140625,-0.9380950927734375,0.130157470703125
1789222367414653400,5.5686533203125,-0.8174591064453125,-0.8999176025390625,0.259552001953125
1789222367424647700,5.578647705078125,-0.622039794921875,-0.6886444091796875,0.0761260986328125
1789222367434641700,5.5886416015625,-0.56634521484375,-1.004302978515625,-0.0213470458984375
1789222367444636700,5.59863671875,-0.7553558349609375,-0.6860198974609375,0.0747528076171875
1789222367454630700,5.608630615234375,-0.6849517822265625,-0.7647552490234375,-0.0035858154296875
1789222367464624400,5.618624267578125,-0.541656494140625,-0.9562225341796875,0.0299224853515625
1789222367474618400,5.628618408203125,-0.480712890625,-0.71490478515625,0.1461944580078125
1789222367484612400,5.6386123046875,-0.7332763671875,-0.752716064453125,0.167449951171875
1789222367494606600,5.648606689453125,-0.5797119140625,-0.5039215087890625,-0.058349609375
1789222367504601600,5.6586015625,-0.3767852783203125,-0.9356536865234375,-0.19427490234375
1789222367514595600,5.668595703125,-0.500213623046875,-0.8429107666015625,-0.081878662109375
1789222367524589600,5.678589599609375,-0.75946044921875,-0.3777008056640625,-0.0592498779296875
1789222367534583600,5.68858349609375,-0.8224029541015625,-0.9035491943359375,0.022796630859375
1789222367544577500,5.69857763671875,-0.5986175537109375,-0.9890899658203125,0.3778076171875
1789222367554571500,5.708571533203125,-0.2310638427734375,-0.4503173828125,0.409271240234375
1789222367564566500,5.71856640625,-0.5652923583984375,-1.134063720703125,0.0620574951171875
1789222367574560500,5.728560546875,-0.9680938720703125,-1.2329864501953125,-0.1225128173828125
1789222367584554500,5.738554443359375,-0.672088623046875,-0.0010833740234375,-0.07086181640625
1789222367594548500,5.748548583984375,-0.5187225341796875,-0.33294677734375,-0.1846160888671875
1789222367604542500,5.75854248046875,-0.6848602294921875,-1.250640869140625,-0.24200439453125
1789222367614536400,5.768536376953125,-1.2201995849609375,-0.435333251953125,0.0159149169921875
1789222367624531500,5.778531494140625,-1.4189453125,-0.5743865966796875,0.110137939453125
1789222367634525400,5.788525390625,-0.805511474609375,-1.1642913818359375,-0.06756591796875
1789222367644519700,5.798519775390625,-0.35406494140625,-1.0305938720703125,-0.12298583984375
1789222367654513700,5.808513671875,-0.4756927490234375,-0.4903717041015625,0.13232421875
1789222367664507600,5.818507568359375,-0.7763671875,-0.7574615478515625,0.31634521484375
1789222367674502700,5.828502685546875,-0.332000732421875,-1.10650634765625,0.270111083984375
1789222367684496400,5.838496337890625,-0.1097564697265625,-0.3066558837890625,0.149810791015625
1789222367694490400,5.848490478515625,-0.583251953125,-0.451568603515625,0.045074462890625
1789222367704484400,5.858484375,-0.7717437744140625,-0.9832916259765625,0.004364013671875
1789222367714478600,5.868478515625,-0.97918701171875,-0.759246826171875,-0.0495758056640625
1789222367724472600,5.87847265625,-1.126617431640625,-0.7169189453125,-0.0984649658203125
1789222367734467600,5.888467529296875,-0.7391357421875,-0.91864013671875,-0.01470947265625
1789222367744461600,5.898461669921875,-0.094329833984375,-0.937469482421875,0.0633087158203125
1789222367754455600,5.90845556640625,-0.4699249267578125,-0.7830810546875,0.18109130859375
1789222367764449500,5.918449462890625,-0.544158935546875,-0.3500823974609375,0.3658599853515625
1789222367774443500,5.928443603515625,-0.41522216796875,-0.8913726806640625,0.27227783203125
1789222367784437500,5.9384375,-0.7325592041015625,-0.620941162109375,0.048858642578125
1789222367794432500,5.9484326171875,-0.9877166748046875,-0.3550262451171875,0.1174468994140625
1789222367804426500,5.958426513671875,-1.0531158447265625,-1.11376953125,0.1833648681640625
1789222367814420500,5.96842041015625,-0.59112548828125,-0.8142242431640625,-0.0816802978515625
1789222367824414500,5.97841455078125,-0.8347625732421875,-0.4185791015625,-0.1100616455078125
1789222367834408400,5.988408447265625,-0.95538330078125,-0.7985687255859375,0.3225860595703125
1789222367844403500,5.998403564453125,-0.314056396484375,-1.09954833984375,0.3478851318359375
1789222367854397400,6.0083974609375,0.1217193603515625,-0.4655609130859375,0.1707305908203125
1789222367864391700,6.0183916015625,-0.602813720703125,-0.113677978515625,0.4035186767578125
1789222367874385700,6.0283857421875,-1.2738494873046875,-1.2852935791015625,0.62908935546875
1789222367884379600,6.038379638671875,-0.59100341796875,-0.7549591064453125,0.3099365234375
1789222367894373400,6.048373291015625,-0.4924468994140625,-0.0354156494140625,-0.104217529296875
1789222367904368400,6.058368408203125,-1.3778076171875,-1.2631378173828125,0.0518035888671875
1789222367914362400,6.0683623046875,-1.20208740234375,-0.8113555908203125,0.25579833984375
1789222367924356400,6.0783564453125,-0.666900634765625,-0.3243865966796875,-0.0235443115234375
1789222367934350600,6.0883505859375,-0.3701934814453125,-1.0667724609375,-0.0197296142578125
1789222367944344600,6.098344482421875,-0.34375,-0.839752197265625,0.4239349365234375
1789222367954338600,6.108338623046875,-0.6900634765625,-0.4753875732421875,0.422576904296875
1789222367964333600,6.11833349609375,-0.7312164306640625,-0.7772216796875,0.116363525390625
1789222367974327600,6.12832763671875,-0.4637908935546875,-0.8600616455078125,0.19854736328125
1789222367984321500,6.138321533203125,-0.194854736328125,-0.5905609130859375,0.3496246337890625
1789222367994315500,6.1483154296875,-0.4617767333984375,-0.4755859375,0.14581298828125
1789222368004309500,6.1583095703125,-1.0066986083984375,-0.85455322265625,0.07489013671875
1789222368014304500,6.168304443359375,-1.0517578125,-0.737701416015625,0.17376708984375
1789222368024298500,6.178298583984375,-1.22784423828125,-0.9560546875,0.08331298828125
1789222368034292500,6.18829248046875,-0.4674530029296875,-0.92230224609375,-0.0299835205078125
1789222368044286500,6.198286376953125,-0.0918121337890625,-0.766815185546875,0.046051025390625
1789222368054280400,6.208280517578125,-0.4385223388671875,-0.7949066162109375,0.2740631103515625
1789222368064274400,6.2182744140625,-0.447021484375,-0.4713592529296875,0.3136444091796875
1789222368074269400,6.22826953125,-0.619049072265625,-0.9873809814453125,0.1876068115234375
1789222368084263700,6.238263671875,-0.4630126953125,-0.864288330078125,0.0571136474609375
1789222368094257700,6.248257568359375,-0.3634185791015625,-0.269927978515625,-0.1475067138671875
1789222368104251600,6.258251708984375,-1.069000244140625,-1.0085601806640625,-0.143218994140625
1789222368114245400,6.268245361328125,-1.437042236328125,-0.8530120849609375,0.0388946533203125
1789222368124239400,6.2782392578125,-1.162139892578125,-0.7718353271484375,0.100250244140625
1789222368134234400,6.288234375,-0.3892974853515625,-0.93328857421875,0.0042877197265625
1789222368144228400,6.298228271484375,0.0051116943359375,-0.80816650390625,0.0835723876953125
1789222368154222600,6.30822265625,-0.3544158935546875,-1.070556640625,0.18310546875
1789222368164216600,6.318216552734375,-0.557159423828125,-0.66900634765625,0.03131103515625
1789222368174210600,6.32821044921875,-0.301605224609375,-0.805419921875,-0.16668701171875
1789222368184204500,6.33820458984375,-0.2381591796875,-0.9541473388671875,-0.12139892578125
1789222368194199600,6.348199462890625,-0.5442352294921875,-0.448211669921875,-0.0196075439453125
1789222368204193500,6.358193603515625,-1.2318878173828125,-0.7516632080078125,0.05902099609375
1789222368214187500,6.3681875,-0.85003662109375,-0.8486328125,0.083343505859375
1789222368224181800,6.378181640625,-0.4207000732421875,-0.5380401611328125,-0.035247802734375
1789222368234175700,6.38817578125,-0.81842041015625,-0.8992767333984375,-0.1638946533203125
1789222368244170800,6.398170654296875,-0.9046173095703125,-0.677459716796875,-0.0531005859375
1789222368254164700,6.408164794921875,-0.8571624755859375,-0.8802947998046875,0.0406646728515625
1789222368264158700,6.41815869140625,-0.4808197021484375,-0.852203369140625,0.0403594970703125
1789222368274152700,6.428152587890625,-0.3571319580078125,-0.443023681640625,0.150421142578125
1789222368284146400,6.438146484375,-0.56146240234375,-1.0666046142578125,0.2156982421875
1789222368294140700,6.448140625,-0.8503875732421875,-0.4697723388671875,0.1532440185546875
1789222368304135700,6.4581357421875,-1.025726318359375,-0.5621337890625,0.0272369384765625
1789222368314129700,6.468129638671875,-0.48834228515625,-1.10784912109375,-0.1063995361328125
1789222368324123600,6.47812353515625,-0.4658203125,-0.5208282470703125,-0.0919952392578125
1789222368334117600,6.48811767578125,-1.097442626953125,-0.7795562744140625,0.125457763671875
1789222368344111600,6.498111572265625,-0.7065887451171875,-0.8411407470703125,0.2886199951171875
1789222368354105600,6.508105712890625,-0.0855560302734375,-0.7521820068359375,0.2318572998046875
1789222368364100600,6.5181005859375,-0.178314208984375,-0.6215362548828125,0.2622833251953125
1789222368374094800,6.5280947265625,-0.70062255859375,-0.553985595703125,0.3216094970703125
1789222368384088800,6.5380888671875,-1.324554443359375,-1.0556182861328125,0.3018646240234375
1789222368394082600,6.54808251953125,-0.396820068359375,-0.6547698974609375,0.149505615234375
1789222368404076500,6.55807666015625,0.1962127685546875,-0.3909759521484375,-0.1630859375
1789222368414070500,6.568070556640625,-0.987640380859375,-0.9903411865234375,-0.026153564453125
1789222368424065500,6.5780654296875,-1.3267059326171875,-0.87420654296875,0.4066619873046875
1789222368434059500,6.5880595703125,-0.72100830078125,-0.334197998046875,0.2545623779296875
1789222368444053800,6.5980537109375,-0.4526519775390625,-0.74249267578125,-0.043243408203125
1789222368454047700,6.6080478515625,-0.5385284423828125,-0.9490203857421875,0.2006683349609375
1789222368464041700,6.618041748046875,-0.864013671875,-0.2906036376953125,0.3484954833984375
1789222368474036700,6.62803662109375,-1.065185546875,-0.712677001953125,0.0840606689453125
1789222368484030700,6.63803076171875,-0.44061279296875,-1.129974365234375,0.0112762451171875
1789222368494024700,6.648024658203125,0.0351715087890625,-0.4506072998046875,0.133148193359375
1789222368504018400,6.658018310546875,-0.7535247802734375,-0.4802398681640625,0.08380126953125
1789222368514012700,6.6680126953125,-1.0827484130859375,-1.07122802734375,0.055755615234375
1789222368524006700,6.678006591796875,-0.63446044921875,-0.35589599609375,0.0406646728515625
1789222368534001700,6.688001708984375,-0.8242340087890625,-0.6098480224609375,-0.0395050048828125
1789222368543995600,6.69799560546875,-1.0256500244140625,-1.0697784423828125,0.045562744140625
1789222368553989600,6.70798974609375,-0.9662933349609375,-0.4345245361328125,0.10101318359375
1789222368563983600,6.717983642578125,-0.4808197021484375,-1.0034332275390625,0.01263427734375
1789222368573977600,6.7279775390625,-0.49139404296875,-0.913177490234375,-0.0622406005859375
1789222368583972600,6.73797265625,-0.9902801513671875,-0.920166015625,0.0677947998046875
1789222368593966800,6.747966796875,-0.675262451171875,-0.993133544921875,0.080596923828125
1789222368603960800,6.7579609375,-0.285797119140625,-0.5962982177734375,-0.078643798828125
1789222368613954600,6.76795458984375,-0.412353515625,-1.0234832763671875,-0.0069732666015625
1789222368623948500,6.777948486328125,-0.673126220703125,-0.5507659912109375,0.1691436767578125
1789222368633942500,6.787942626953125,-0.8241119384765625,-0.6583709716796875,0.0208282470703125
1789222368643937500,6.7979375,-0.7916412353515625,-1.0420989990234375,-0.2541046142578125
1789222368653931500,6.807931640625,-0.388458251953125,-0.6367034912109375,-0.2840118408203125
1789222368663925800,6.81792578125,-0.4977264404296875,-0.7651824951171875,-0.2241363525390625
1789222368673919700,6.827919677734375,-0.7672882080078125,-0.956268310546875,-0.14190673828125
1789222368683913700,6.837913818359375,-1.209136962890625,-0.819549560546875,0.2318572998046875
1789222368693907700,6.84790771484375,-0.9277496337890625,-0.88006591796875,0.3115692138671875
1789222368703902700,6.85790283203125,-0.1409759521484375,-1.007598876953125,0.0062713623046875
1789222368713896700,6.867896728515625,0.18316650390625,-0.75274658203125,-0.071258544921875
1789222368723890400,6.877890380859375,-0.443756103515625,-0.50836181640625,0.039398193359375
1789222368733884700,6.887884765625,-0.9972076416015625,-0.7963409423828125,-0.030242919921875
1789222368743878700,6.897878662109375,-0.661773681640625,-0.87786865234375,-0.2272186279296875
1789222368753872600,6.90787255859375,-0.3594512939453125,-0.5681304931640625,-0.15814208984375
1789222368763867600,6.91786767578125,-0.940673828125,-0.7165985107421875,-0.0093231201171875
1789222368773861600,6.927861572265625,-0.848297119140625,-0.95703125,-0.1325836181640625
1789222368783855600,6.937855712890625,0.015228271484375,-0.570037841796875,-0.3062896728515625
1789222368793849600,6.947849609375,-0.209075927734375,-0.6422576904296875,-0.147186279296875
1789222368803843800,6.95784375,-1.3392791748046875,-1.134368896484375,0.09637451171875
1789222368813838800,6.9678388671875,-1.381561279296875,-0.947509765625,0.194793701171875
1789222368823832800,6.977832763671875,-0.33465576171875,-0.44781494140625,-0.0304718017578125
1789222368833826600,6.98782666015625,-0.0701904296875,-0.9382781982421875,-0.1567840576171875
1789222368843820500,6.997820556640625,-0.704742431640625,-0.82037353515625,-0.0194854736328125
1789222368853814500,7.007814453125,-1.476959228515625,-0.35797119140625,0.02862548828125
1789222368863808500,7.01780859375,-1.1217193603515625,-1.0142669677734375,-0.0481109619140625
1789222368873803500,7.027803466796875,0.105194091796875,-0.904754638671875,-0.1385040283203125
1789222368883797800,7.0377978515625,-0.0671539306640625,-0.12982177734375,0.02349853515625
1789222368893791700,7.047791748046875,-1.2803955078125,-0.902252197265625,0.27850341796875
1789222368903785700,7.05778564453125,-0.88702392578125,-1.1792449951171875,0.237274169921875
1789222368913779700,7.06777978515625,-0.1389923095703125,-0.417816162109375,-0.0319671630859375
1789222368923773400,7.0777734375,-0.5988922119140625,-0.574859619140625,0.0177459716796875
1789222368933768700,7.087768798828125,-1.260589599609375,-1.034423828125,0.2715606689453125
1789222368943762400,7.097762451171875,-0.779632568359375,-0.723419189453125,0.2040863037109375
1789222368953756700,7.107756591796875,-0.122833251953125,-0.37188720703125,-0.0181732177734375
1789222368963750700,7.117750732421875,-0.8514251708984375,-0.8717041015625,0.100677490234375
1789222368973744600,7.12774462890625,-1.1166229248046875,-0.9274139404296875,0.2768096923828125
1789222368983739600,7.13773974609375,-0.324859619140625,-0.5762786865234375,0.16485595703125
1789222368993733600,7.147733642578125,-0.0154266357421875,-0.6318511962890625,0.1313629150390625
1789222369003727600,7.1577275390625,-0.4927215576171875,-0.8132171630859375,0.4591827392578125
1789222369013721600,7.1677216796875,-0.64544677734375,-0.5584564208984375,0.530059814453125
1789222369023715800,7.1777158203125,-0.5439605712890625,-0.5294189453125,0.1859130859375
1789222369033709600,7.18770947265625,-0.8815460205078125,-0.892059326171875,0.0359039306640625
1789222369043704800,7.197704833984375,-0.7939300537109375,-0.5283203125,0.0974273681640625
1789222369053698600,7.207698486328125,-0.40252685546875,-0.5597381591796875,-0.0192413330078125
1789222369063692500,7.217692626953125,-0.5435638427734375,-0.849700927734375,-0.0831298828125
1789222369073686500,7.2276865234375,-1.0510406494140625,-0.802581787109375,0.1200408935546875
1789222369083680500,7.237680419921875,-1.63092041015625,-0.73809814453125,0.1820831298828125
1789222369093674800,7.2476748046875,-1.0337982177734375,-0.9712677001953125,-0.0103759765625
1789222369103669800,7.257669677734375,0.30401611328125,-1.0818634033203125,-0.1585693359375
1789222369113663700,7.267663818359375,0.464447021484375,-0.8675537109375,-0.0602569580078125
1789222369123657700,7.27765771484375,-0.5873870849609375,-0.7659912109375,0.2147979736328125
1789222369133651700,7.287651611328125,-0.9951934814453125,-1.1282501220703125,0.2735748291015625
1789222369143645700,7.297645751953125,-0.2039794921875,-0.745941162109375,-0.008697509765625
1789222369153640700,7.307640625,-0.168060302734375,-0.4954833984375,-0.1459197998046875
1789222369163634400,7.317634521484375,-0.943359375,-0.7242584228515625,-0.0206451416015625
1789222369173628700,7.327628662109375,-0.96490478515625,-0.7096710205078125,-0.1367645263671875
1789222369183622700,7.33762255859375,-0.9395751953125,-0.5617218017578125,-0.338409423828125
1789222369193616600,7.34761669921875,-1.393310546875,-0.746612548828125,-0.13568115234375
1789222369203610600,7.357610595703125,-0.9325103759765625,-1.039764404296875,0.0272064208984375
1789222369213605600,7.367605712890625,-0.247955322265625,-1.0843353271484375,-0.135284423828125
1789222369223599600,7.377599609375,-0.325927734375,-0.5634613037109375,-0.083099365234375
1789222369233593600,7.387593505859375,-0.7353363037109375,-0.907806396484375,0.2186126708984375
1789222369243587800,7.397587890625,-0.2865447998046875,-0.9264984130859375,0.2470550537109375
1789222369253581800,7.407581787109375,-0.1961822509765625,-0.080078125,0.1593475341796875
1789222369263575600,7.417575439453125,-0.974273681640625,-0.849884033203125,0.177398681640625
1789222369273570600,7.427570556640625,-0.8668365478515625,-0.693389892578125,0.0831756591796875
1789222369283564500,7.437564453125,-0.5904693603515625,-0.338409423828125,-0.2246246337890625
1789222369293558500,7.44755859375,-1.083892822265625,-1.0343780517578125,-0.3521575927734375
1789222369303552500,7.457552490234375,-1.1800689697265625,-0.916473388671875,-0.103729248046875
1789222369313546800,7.467546630859375,-0.7925567626953125,-0.69049072265625,0.079681396484375
1789222369323540700,7.477540771484375,-0.650054931640625,-1.0399932861328125,0.27374267578125
1789222369333535700,7.48753564453125,-0.2576141357421875,-1.0397796630859375,0.4203033447265625
1789222369343529700,7.49752978515625,-0.2274932861328125,-0.526092529296875,0.3441925048828125
1789222369353523700,7.507523681640625,-0.5525360107421875,-0.5712127685546875,0.1775665283203125
1789222369363517700,7.517517578125,-0.7413330078125,-1.04010009765625,0.10723876953125
1789222369373511700,7.52751171875,-0.8270263671875,-0.8294830322265625,0.011077880859375
1789222369383506400,7.53750634765625,-0.5895843505859375,-0.6097564697265625,-0.113983154296875
1789222369393500700,7.547500732421875,-0.290069580078125,-0.79998779296875,-0.089324951171875
1789222369403494700,7.55749462890625,-0.7130584716796875,-0.6642303466796875,0.0459136962890625
1789222369413488600,7.567488525390625,-1.27294921875,-0.685546875,0.156219482421875
1789222369423482600,7.577482666015625,-0.813568115234375,-0.7335662841796875,0.1414337158203125
1789222369433476600,7.5874765625,-0.404693603515625,-0.8124847412109375,0.0534210205078125
1789222369443471600,7.5974716796875,-0.530242919921875,-0.7412567138671875,0.0832061767578125
1789222369453465600,7.607465576171875,-0.6391448974609375,-0.5909576416015625,0.2650146484375
1789222369463459800,7.6174599609375,-0.798248291015625,-0.753326416015625,0.259796142578125
1789222369473453800,7.627453857421875,-0.527862548828125,-0.863128662109375,0.116058349609375
1789222369483447600,7.637447509765625,-0.2266387939453125,-0.4335479736328125,0.0462799072265625
1789222369493441500,7.647441650390625,-0.6385650634765625,-0.621185302734375,0.09027099609375
1789222369503436500,7.6574365234375,-1.0273590087890625,-0.7289276123046875,0.11962890625
1789222369513430500,7.667430419921875,-0.75799560546875,-0.6427001953125,0.064544677734375
1789222369523424500,7.677424560546875,-0.4887237548828125,-0.600067138671875,0.0316009521484375
1789222369533418800,7.687418701171875,-0.7642822265625,-0.7487335205078125,0.059051513671875
1789222369543412700,7.697412841796875,-0.8483123779296875,-0.9261322021484375,0.056976318359375
1789222369553407700,7.70740771484375,-0.5761260986328125,-0.746185302734375,0.060028076171875
1789222369563401700,7.717401611328125,-0.62139892578125,-0.8002777099609375,0.08917236328125
1789222369573395700,7.727395751953125,-0.8419647216796875,-0.7196502685546875,0.14642333984375
1789222369583389700,7.7373896484375,-0.5968017578125,-0.7605438232421875,0.1312408447265625
1789222369593383400,7.747383544921875,-0.5785980224609375,-0.9498138427734375,0.03472900390625
1789222369603377700,7.757377685546875,-0.7207794189453125,-0.629974365234375,-0.010711669921875
1789222369613372700,7.76737255859375,-0.802459716796875,-0.7086944580078125,-0.041900634765625
1789222369623366700,7.77736669921875,-0.4030303955078125,-1.0877685546875,-0.0906982421875
1789222369633360600,7.787360595703125,-0.3134765625,-0.634674072265625,-0.0009613037109375
1789222369643354600,7.797354736328125,-0.921112060546875,-0.577789306640625,0.1899871826171875
1789222369653348600,7.8073486328125,-0.609161376953125,-0.792572021484375,0.255645751953125
1789222369663342600,7.817342529296875,-0.0997161865234375,-0.659820556640625,0.0758819580078125
1789222369673337600,7.827337646484375,-0.4968414306640625,-0.7748565673828125,-0.0075225830078125
1789222369683331800,7.837331787109375,-1.25018310546875,-0.44744873046875,0.046417236328125
1789222369693325800,7.847325927734375,-1.3591156005859375,-0.870330810546875,-0.020416259765625
1789222369703319600,7.857319580078125,-0.5432281494140625,-1.17376708984375,-0.0523529052734375
1789222369713313500,7.8673134765625,-0.1238250732421875,-0.3220062255859375,0.000244140625
1789222369723308500,7.87730859375,-0.7996826171875,-0.6925048828125,0.108062744140625
1789222369733302500,7.887302490234375,-0.758453369140625,-1.037078857421875,0.2151947021484375
1789222369743296500,7.897296630859375,-0.3205108642578125,-0.4315948486328125,0.111968994140625
1789222369753290800,7.907290771484375,-0.6641387939453125,-0.8506011962890625,-0.1149444580078125
1789222369763284700,7.91728466796875,-0.9871368408203125,-0.898651123046875,-0.037567138671875
1789222369773278700,7.92727880859375,-0.8348846435546875,-0.7418670654296875,0.148040771484375
1789222369783273700,7.937273681640625,-0.509063720703125,-0.8225555419921875,0.1038818359375
1789222369793267700,7.947267822265625,-0.63330078125,-0.530120849609375,0.0020904541015625
1789222369803261700,7.95726171875,-0.7738037109375,-0.974822998046875,0.1163787841796875
1789222369813255400,7.96725537109375,-0.8206787109375,-0.8088531494140625,0.140869140625
1789222369823249700,7.977249755859375,-0.8233184814453125,-0.6122283935546875,0.0069732666015625
1789222369833243600,7.98724365234375,-0.75079345703125,-1.081787109375,-0.003570556640625
1789222369843238700,7.99723876953125,-0.5452423095703125,-0.768951416015625,0.0916595458984375
1789222369853232600,8.007232666015625,-0.312835693359375,-0.699188232421875,0.0531463623046875
1789222369863226600,8.0172265625,-0.3396453857421875,-1.061859130859375,-0.0028839111328125
1789222369873220600,8.027220703125,-0.583099365234375,-0.628692626953125,0.09893798828125
1789222369883214600,8.037214599609374,-0.5567779541015625,-0.735870361328125,0.1883544921875
1789222369893209600,8.047209716796875,-0.45159912109375,-0.61480712890625,0.11181640625
1789222369903203800,8.057203857421875,-0.829071044921875,-0.689117431640625,0.07159423828125
1789222369913197800,8.06719775390625,-1.0229034423828125,-0.7484130859375,0.09149169921875
1789222369923191600,8.077191650390626,-0.65771484375,-0.5771331787109375,-0.0404815673828125
1789222369933185500,8.087185546875,-0.4154815673828125,-0.759918212890625,-0.1512451171875
1789222369943179500,8.097179443359375,-0.74853515625,-0.84930419921875,0.038421630859375
1789222369953174500,8.107174560546875,-0.9695281982421875,-0.655426025390625,0.1953277587890625
1789222369963168500,8.11716845703125,-0.725616455078125,-0.5531463623046875,0.146484375
1789222369973162800,8.127162841796874,-0.206024169921875,-1.0095977783203125,0.133819580078125
1789222369983156700,8.13715673828125,-0.1946563720703125,-0.591033935546875,0.177001953125
1789222369993150700,8.147150634765625,-1.1022491455078125,-0.42376708984375,0.279205322265625
1789222370003144700,8.157144775390625,-1.4993133544921875,-1.24468994140625,0.3472900390625
1789222370013139700,8.1671396484375,-0.6511993408203125,-0.5777130126953125,0.16180419921875
1789222370023133700,8.1771337890625,-0.148651123046875,-0.5280609130859375,-0.0849456787109375
1789222370033127400,8.18712744140625,-0.5023193359375,-1.1468505859375,-0.0194549560546875
1789222370043121700,8.19712158203125,-0.8816986083984375,-0.468475341796875,0.1478424072265625
1789222370053115600,8.20711572265625,-0.8937225341796875,-0.86968994140625,0.1653594970703125
1789222370063110700,8.217110595703126,-0.329376220703125,-1.0171356201171875,0.0735321044921875
1789222370073104600,8.227104736328124,-0.3078460693359375,-0.2865447998046875,0.1009521484375
1789222370083098600,8.2370986328125,-0.9291839599609375,-0.9388427734375,0.2419586181640625
1789222370093092600,8.247092529296875,-0.7864990234375,-0.802398681640625,0.207611083984375
1789222370103086600,8.257086669921875,-0.2594451904296875,-0.3996734619140625,-0.017181396484375
1789222370113080800,8.267080810546876,-0.4931640625,-1.0360870361328125,-0.037933349609375
1789222370123075800,8.277075927734375,-0.7854461669921875,-0.588165283203125,0.1116943359375
1789222370133069800,8.28706982421875,-0.778167724609375,-0.7053680419921875,0.033233642578125
1789222370143063600,8.2970634765625,-0.837188720703125,-0.8897552490234375,-0.07696533203125
1789222370153057500,8.3070576171875,-0.866912841796875,-0.65478515625,0.0280609130859375
1789222370163051500,8.317051513671874,-0.928375244140625,-0.93310546875,0.0462493896484375
1789222370173045800,8.327045654296874,-0.9199371337890625,-0.7135162353515625,-0.0063629150390625
1789222370183040500,8.33704052734375,-0.7142333984375,-0.9910888671875,-0.0905914306640625
1789222370193034000,8.347033935546875,-0.4099273681640625,-1.073394775390625,-0.07232666015625
1789222370203028000,8.357028076171876,-0.4163818359375,-0.7167816162109375,0.0310821533203125
1789222370213022000,8.36702197265625,-0.738861083984375,-1.0658416748046875,0.0614013671875
1789222370223015700,8.377015625,-0.5244903564453125,-0.819122314453125,0.0483856201171875
1789222370233011000,8.387010986328125,-0.34979248046875,-0.596923828125,0.03106689453125
1789222370243004700,8.397004638671875,-0.583953857421875,-0.8167877197265625,0.0036468505859375
1789222370252999000,8.4069990234375,-0.8643798828125,-0.862762451171875,0.0077362060546875
1789222370262993000,8.416992919921874,-0.672576904296875,-0.6330718994140625,-0.0486907958984375
1789222370272987000,8.42698681640625,-0.39642333984375,-0.8004302978515625,-0.156951904296875
1789222370282980900,8.43698095703125,-0.466796875,-0.9482574462890625,-0.14215087890625
1789222370292975900,8.446975830078125,-0.5058135986328125,-0.5750885009765625,-0.077178955078125
1789222370302969900,8.456969970703126,-0.54217529296875,-0.874298095703125,-0.0725250244140625
1789222370312963800,8.4669638671875,-0.65093994140625,-0.5863494873046875,-0.035247802734375
1789222370322958000,8.4769580078125,-0.873016357421875,-0.4594879150390625,0.096710205078125
1789222370332951800,8.486951904296875,-0.9459991455078125,-0.90728759765625,0.1226348876953125
1789222370342945800,8.49694580078125,-0.6629791259765625,-0.7615966796875,-0.057373046875
1789222370352940800,8.50694091796875,-0.7272186279296875,-0.723419189453125,-0.119049072265625
1789222370362934800,8.516934814453125,-0.9450225830078125,-0.8307342529296875,-0.0286102294921875
1789222370372928800,8.5269287109375,-0.6571807861328125,-1.05035400390625,-0.0222930908203125
1789222370382923000,8.536923095703125,-0.3492889404296875,-0.6294403076171875,-0.030975341796875
1789222370392917000,8.5469169921875,-0.53656005859375,-0.47125244140625,0.1281280517578125
1789222370402912000,8.556912109375,-0.8533935546875,-0.73126220703125,0.2958221435546875
1789222370412906000,8.566906005859375,-0.9361419677734375,-0.6980133056640625,0.2752685546875
1789222370422900000,8.57689990234375,-0.832183837890625,-0.6213836669921875,0.0906982421875
1789222370432894000,8.58689404296875,-0.7999725341796875,-0.5924530029296875,-0.080657958984375
1789222370442887700,8.5968876953125,-0.633514404296875,-0.902069091796875,-0.1027069091796875
1789222370452882000,8.6068818359375,-0.4889678955078125,-0.7424774169921875,-0.026702880859375
1789222370462876700,8.616876708984375,-0.40728759765625,-0.637420654296875,0.0491943359375
1789222370472871000,8.626870849609375,-0.3803253173828125,-0.6626434326171875,0.2109832763671875
1789222370482865000,8.636864990234375,-0.5132293701171875,-0.6552734375,0.4150390625
1789222370492859000,8.64685888671875,-0.6430511474609375,-0.7058258056640625,0.39666748046875
1789222370502852900,8.656852783203124,-0.52667236328125,-0.473114013671875,0.2039337158203125
1789222370512846800,8.666846923828125,-0.7084503173828125,-0.7796478271484375,0.1431884765625
1789222370522841900,8.676841796875,-0.96734619140625,-0.7335662841796875,0.073974609375
1789222370532835800,8.6868359375,-0.8796844482421875,-0.726318359375,-0.1083831787109375
1789222370542830000,8.696830078125,-0.57952880859375,-0.792022705078125,-0.1723480224609375
1789222370552823800,8.70682373046875,-0.7566375732421875,-0.7324371337890625,-0.0419769287109375
1789222370562817800,8.71681787109375,-1.062591552734375,-0.9257659912109375,0.0948333740234375
1789222370572812800,8.726812744140625,-0.912567138671875,-0.7818756103515625,0.10498046875
1789222370582806800,8.736806884765626,-0.613067626953125,-0.826995849609375,0.08135986328125
1789222370592800800,8.74680078125,-0.275238037109375,-0.840057373046875,0.0909576416015625
1789222370602795000,8.756794921875,-0.300018310546875,-0.7067413330078125,0.1473388671875
1789222370612789000,8.7667890625,-0.3091583251953125,-0.7115325927734375,0.136505126953125
1789222370622783000,8.776782958984375,-0.17193603515625,-0.5619964599609375,0.053497314453125
1789222370632778000,8.786778076171874,-0.5497283935546875,-0.669677734375,-0.0027313232421875
1789222370642772000,8.79677197265625,-1.232452392578125,-0.882293701171875,0.0132904052734375
1789222370652766000,8.806765869140625,-1.083251953125,-0.7450714111328125,0.0269622802734375
1789222370662759700,8.816759765625,-0.4621734619140625,-0.6866912841796875,-0.0814361572265625
1789222370672754000,8.82675390625,-0.3477020263671875,-0.847564697265625,-0.0956878662109375
1789222370682748000,8.836747802734376,-0.6877288818359375,-0.973052978515625,0.0786590576171875
1789222370692743000,8.846742919921875,-0.8648223876953125,-0.7776947021484375,0.1620025634765625
1789222370702737000,8.85673681640625,-0.7677459716796875,-0.734283447265625,0.1163787841796875
1789222370712731000,8.86673095703125,-0.6996002197265625,-0.9810333251953125,0.0549163818359375
1789222370722724900,8.876724853515626,-0.640533447265625,-0.7826995849609375,0.0948944091796875
1789222370732718800,8.88671875,-0.728912353515625,-0.426177978515625,0.105712890625
1789222370742713900,8.8967138671875,-0.8235626220703125,-0.71331787109375,-0.004302978515625
1789222370752707800,8.906707763671875,-0.648834228515625,-0.9134674072265625,-0.0940093994140625
1789222370762702000,8.9167021484375,-0.5760955810546875,-0.711273193359375,-0.067840576171875
1789222370772695800,8.92669580078125,-0.716827392578125,-0.6311798095703125,-0.0428924560546875
1789222370782689800,8.936689697265624,-0.761993408203125,-0.8656005859375,0.02587890625
1789222370792683800,8.946683837890625,-0.5390625,-0.8360595703125,0.111846923828125
1789222370802678800,8.9566787109375,-0.3924407958984375,-0.6263885498046875,0.168121337890625
1789222370812672800,8.9666728515625,-0.596832275390625,-0.6631011962890625,0.1962890625
1789222370822667000,8.9766669921875,-0.5425567626953125,-0.9359893798828125,0.1522979736328125
1789222370832661000,8.986660888671874,-0.2617034912109375,-0.684478759765625,0.029693603515625
1789222370842655000,8.996655029296875,-0.6151275634765625,-0.7343902587890625,-0.03924560546875
1789222370852649000,9.00664892578125,-0.9556732177734375,-1.000335693359375,0.062103271484375
1789222370862644000,9.01664404296875,-0.798583984375,-0.70037841796875,0.100738525390625
1789222370872638000,9.026637939453124,-0.3899688720703125,-0.76824951171875,-0.009613037109375
1789222370882631700,9.036631591796874,-0.339019775390625,-0.8378143310546875,0.0258331298828125
1789222370892626000,9.0466259765625,-0.5359649658203125,-0.4993133544921875,0.1280517578125
1789222370902620000,9.056619873046875,-0.7703094482421875,-0.6299896240234375,0.07672119140625
1789222370912615000,9.066614990234376,-0.7615966796875,-0.87530517578125,-0.0063934326171875
1789222370922609000,9.07660888671875,-0.8518829345703125,-0.662994384765625,0.0261688232421875
1789222370932603000,9.086602783203125,-0.80255126953125,-0.7132415771484375,0.0106964111328125
1789222370942596900,9.096596923828125,-0.6025848388671875,-0.8230133056640625,-0.0907135009765625
1789222370952590800,9.1065908203125,-0.5757904052734375,-0.73016357421875,-0.0998077392578125
1789222370962585000,9.116585205078126,-0.7697601318359375,-0.940216064453125,0.0660858154296875
1789222370972579800,9.126579833984374,-0.3777618408203125,-0.684661865234375,0.1188507080078125
1789222370982574000,9.136573974609375,-0.16278076171875,-0.626312255859375,0.040252685546875
1789222370992567800,9.14656787109375,-0.722869873046875,-0.897369384765625,0.1094970703125
1789222371002561800,9.156561767578125,-1.11126708984375,-1.0625457763671875,0.217254638671875
1789222371012555800,9.1665556640625,-0.9027862548828125,-0.9126739501953125,0.0167388916015625
1789222371022549800,9.1765498046875,-0.543914794921875,-0.74407958984375,-0.2350616455078125
1789222371032544800,9.186544677734375,-0.4477996826171875,-0.9373931884765625,-0.171783447265625
1789222371042539000,9.1965390625,-0.6497650146484375,-0.71038818359375,-0.008941650390625
1789222371052533000,9.206532958984376,-0.87762451171875,-0.6256561279296875,0.0084686279296875
1789222371062527000,9.21652685546875,-0.9655303955078125,-0.952728271484375,0.07421875
1789222371072521000,9.22652099609375,-0.4993438720703125,-0.65380859375,0.1090087890625
1789222371082516000,9.236515869140625,-0.4765167236328125,-0.696746826171875,0.04986572265625
1789222371092510000,9.246510009765625,-0.7689666748046875,-0.8356170654296875,0.0513763427734375
1789222371102503700,9.256503662109376,-0.7777099609375,-0.780181884765625,0.0722503662109375
1789222371112498000,9.266497802734374,-0.421722412109375,-0.8120574951171875,-0.0042877197265625
1789222371122492000,9.276491943359375,-0.238677978515625,-0.5768890380859375,0.005615234375
1789222371132486000,9.28648583984375,-0.61065673828125,-0.5736541748046875,0.1526336669921875
1789222371142481000,9.29648095703125,-0.928558349609375,-0.7763519287109375,0.1959075927734375
1789222371152475000,9.306474853515626,-0.7118988037109375,-0.725982666015625,0.0618896484375
1789222371162468900,9.31646875,-0.5871429443359375,-0.5968780517578125,-0.0745086669921875
1789222371172462800,9.326462890625,-0.6714630126953125,-0.722442626953125,-0.0852813720703125
1789222371182457000,9.33645703125,-0.652099609375,-0.8707733154296875,-0.042083740234375
1789222371192451000,9.346451171875,-0.8334808349609375,-0.755889892578125,0.0671234130859375
1789222371202446300,9.3564462890625,-0.76025390625,-0.768218994140625,0.2273712158203125
1789222371212440300,9.3664404296875,-0.5640869140625,-0.8267974853515625,0.2964324951171875
1789222371222434000,9.37643408203125,-0.5668487548828125,-0.85498046875,0.179473876953125
1789222371232428000,9.386427978515625,-0.5099334716796875,-0.697052001953125,0.0958404541015625
1789222371242422000,9.396422119140626,-0.77374267578125,-0.6827850341796875,0.1180877685546875
1789222371252417000,9.4064169921875,-0.8798828125,-0.9015960693359375,0.0469970703125
1789222371262411000,9.416410888671875,-0.687713623046875,-0.7533721923828125,-0.039764404296875
1789222371272405200,9.4264052734375,-0.7178192138671875,-0.6114349365234375,0.024139404296875
1789222371282399200,9.436399169921875,-0.68035888671875,-0.8021697998046875,0.04925537109375
1789222371292393200,9.446393310546876,-0.45867919921875,-0.6958465576171875,-0.0384674072265625
1789222371302387200,9.45638720703125,-0.68695068359375,-0.825836181640625,0.0079345703125
1789222371312382200,9.46638232421875,-0.9731292724609375,-0.8329315185546875,0.2108154296875
1789222371322376200,9.476376220703125,-0.6974945068359375,-0.6803436279296875,0.2313690185546875
1789222371332370000,9.486369873046876,-0.363372802734375,-0.8262786865234375,0.1190185546875
1789222371342364200,9.4963642578125,-0.6077728271484375,-0.670562744140625,0.148284912109375
1789222371352358100,9.506358154296874,-1.1201324462890625,-0.8804931640625,0.145416259765625
1789222371362352000,9.51635205078125,-0.973388671875,-0.7496795654296875,0.0018157958984375
1789222371372347100,9.52634716796875,-0.40869140625,-0.6492156982421875,-0.1589813232421875
1789222371382341000,9.536341064453126,-0.1256866455078125,-0.789794921875,-0.16925048828125
1789222371392335000,9.546335205078124,-0.24639892578125,-0.327056884765625,0.00732421875
1789222371402329000,9.5563291015625,-0.55609130859375,-0.7644500732421875,0.150543212890625
1789222371412323300,9.5663232421875,-0.76434326171875,-0.7045440673828125,0.1785888671875
1789222371422318300,9.576318359375,-0.9058837890625,-0.4724884033203125,0.1184539794921875
1789222371432312300,9.586312255859376,-0.974884033203125,-1.084930419921875,0.0476226806640625
1789222371442306000,9.59630615234375,-0.767547607421875,-0.8563232421875,-0.0362701416015625
1789222371452300000,9.606300048828125,-0.3325347900390625,-0.64764404296875,-0.19427490234375
1789222371462294000,9.6162939453125,-0.715972900390625,-1.0362548828125,-0.1204071044921875
1789222371472288300,9.626288330078125,-0.9213714599609375,-0.904296875,0.1588287353515625
1789222371482283000,9.636282958984374,-0.32373046875,-0.64642333984375,0.147064208984375
1789222371492277200,9.64627734375,-0.290374755859375,-0.8055572509765625,0.0162811279296875
1789222371502271200,9.656271240234375,-0.8913116455078125,-0.8367767333984375,0.1339569091796875
1789222371512265200,9.66626513671875,-0.894378662109375,-0.799102783203125,0.14910888671875
1789222371522259200,9.67625927734375,-0.36700439453125,-0.6080322265625,-0.142913818359375
1789222371532253000,9.6862529296875,-0.4167633056640625,-0.9004364013671875,-0.25494384765625
1789222371542248200,9.696248291015625,-0.6414642333984375,-0.864654541015625,-0.001739501953125
1789222371552242000,9.706241943359375,-0.9247283935546875,-0.5596771240234375,0.080535888671875
1789222371562236200,9.716236083984375,-0.931854248046875,-1.069854736328125,-0.0721435546875
1789222371572230100,9.726230224609376,-0.4376373291015625,-0.7144927978515625,-0.0149078369140625
1789222371582224100,9.73622412109375,-0.57720947265625,-0.5548248291015625,0.0947113037109375
1789222371592219100,9.74621923828125,-0.7964935302734375,-1.0329132080078125,0.150299072265625
1789222371602213000,9.756213134765625,-0.4019012451171875,-0.589630126953125,0.2037506103515625
1789222371612207000,9.76620703125,-0.425537109375,-0.62249755859375,0.218963623046875
1789222371622201000,9.776201171875,-0.7736053466796875,-1.0775146484375,0.126953125
1789222371632195300,9.7861953125,-0.7752685546875,-0.7164459228515625,-0.0714874267578125
1789222371642189000,9.79618896484375,-0.7435760498046875,-0.7231292724609375,-0.1582794189453125
1789222371652184300,9.806184326171875,-0.714324951171875,-0.70635986328125,-0.1004180908203125
1789222371662178000,9.816177978515626,-0.748626708984375,-0.655029296875,-0.0063018798828125
1789222371672172000,9.826172119140624,-0.724609375,-0.6143798828125,0.11376953125
1789222371682166000,9.836166015625,-0.66009521484375,-0.433441162109375,0.1754150390625
1789222371692160300,9.84616015625,-0.6546630859375,-0.7413177490234375,0.1353912353515625
1789222371702154200,9.856154296875,-0.34869384765625,-1.0052642822265625,-0.0204620361328125
1789222371712149200,9.866149169921876,-0.33489990234375,-0.618896484375,-0.061065673828125
1789222371722143200,9.876143310546874,-1.0327606201171875,-0.8149566650390625,0.1172943115234375
1789222371732137200,9.88613720703125,-0.891143798828125,-1.246734619140625,0.2537078857421875
1789222371742131200,9.896131103515625,0.135467529296875,-0.4461517333984375,0.11749267578125
1789222371752125200,9.906125244140625,-0.217254638671875,-0.2086639404296875,0.15106201171875
1789222371762119200,9.916119140625,-1.0350341796875,-1.1252288818359375,0.3786468505859375
1789222371772114000,9.926114013671874,-0.875335693359375,-0.5462188720703125,0.226409912109375
1789222371782108200,9.936108154296875,-1.0799560546875,-0.3596343994140625,-0.082855224609375
1789222371792102100,9.94610205078125,-1.153564453125,-1.12103271484375,-0.0620269775390625
1789222371802096000,9.95609619140625,-0.486541748046875,-0.6614227294921875,0.053955078125
1789222371812090000,9.966090087890626,-0.31658935546875,-0.661468505859375,0.0344390869140625
1789222371822085000,9.976085205078125,-0.7253875732421875,-0.895172119140625,0.17584228515625
1789222371832079000,9.9860791015625,-0.84893798828125,-0.618804931640625,0.3701171875
1789222371842073000,9.996072998046875,-0.7034912109375,-1.00006103515625,0.2683258056640625
1789222371852067300,10.0060673828125,-0.4427490234375,-0.7743072509765625,0.014984130859375
1789222371862061300,10.016061279296874,-0.545440673828125,-0.58489990234375,-0.0541534423828125
1789222371872055000,10.026054931640624,-0.822967529296875,-1.07012939453125,0.1161041259765625
1789222371882050000,10.036050048828125,-0.5233001708984375,-0.586212158203125,0.115203857421875
1789222371892044000,10.0460439453125,-0.500885009765625,-0.76263427734375,0.0062713623046875
1789222371902038000,10.0560380859375,-0.6605682373046875,-0.9088897705078125,0.08001708984375
1789222371912032000,10.066031982421874,-0.6116485595703125,-0.5516510009765625,0.0699005126953125
1789222371922026200,10.076026123046875,-0.6166534423828125,-0.88336181640625,-0.03509521484375
1789222371932020200,10.086020263671875,-0.6243438720703125,-0.97088623046875,0.020904541015625
1789222371942015200,10.09601513671875,-0.6940765380859375,-0.6124725341796875,0.1868896484375
1789222371952009200,10.10600927734375,-0.5608978271484375,-0.911895751953125,0.202484130859375
1789222371962003200,10.116003173828124,-0.175201416015625,-0.834136962890625,0.0643768310546875
1789222371971997200,10.1259970703125,-0.3333282470703125,-0.61712646484375,-0.020538330078125
1789222371981991200,10.1359912109375,-0.86724853515625,-0.7010345458984375,0.02081298828125
1789222371991986000,10.14598583984375,-0.9323577880859375,-0.669830322265625,0.083953857421875
1789222372001980200,10.155980224609374,-0.5177154541015625,-0.6704559326171875,-0.0100860595703125
1789222372011974100,10.16597412109375,-0.40985107421875,-0.662872314453125,-0.110992431640625
1789222372021968100,10.175968017578125,-0.6510467529296875,-0.7010955810546875,-0.0125732421875
1789222372031962000,10.185962158203125,-0.7077484130859375,-0.80645751953125,0.02874755859375
1789222372041956000,10.1959560546875,-0.6355438232421875,-0.700225830078125,-0.003875732421875
1789222372051951000,10.205951171875,-0.6595001220703125,-0.7118377685546875,0.0955810546875
1789222372061945000,10.215945068359375,-0.6954345703125,-0.882232666015625,0.2397613525390625
1789222372071939300,10.225939208984375,-0.7641754150390625,-0.6829071044921875,0.2146759033203125
1789222372081933300,10.235933349609375,-1.0164794921875,-0.899200439453125,0.077423095703125
1789222372091927000,10.245927001953126,-0.9889984130859375,-0.9665679931640625,0.013031005859375
1789222372101921000,10.255921142578124,-0.6776885986328125,-0.8393096923828125,-0.0413665771484375
1789222372111916000,10.265916015625,-0.4809112548828125,-0.95001220703125,-0.06597900390625
1789222372121910000,10.275909912109375,-0.459991455078125,-0.7533416748046875,0.01226806640625
1789222372131904000,10.285904052734375,-0.6691741943359375,-0.7906036376953125,0.1179962158203125
1789222372141898200,10.295898193359376,-0.5637359619140625,-0.7180633544921875,0.135772705078125
1789222372151892200,10.305892333984374,-0.509979248046875,-0.5817108154296875,0.0434417724609375
1789222372161887200,10.31588720703125,-0.7990570068359375,-0.7721405029296875,-0.0025787353515625
1789222372171881200,10.325881103515625,-0.7647247314453125,-0.63104248046875,0.0072479248046875
1789222372181875200,10.335875244140626,-0.4985809326171875,-0.5532684326171875,-0.0559539794921875
1789222372191869200,10.345869140625,-0.5862579345703125,-0.7711181640625,-0.0478363037109375
1789222372201863200,10.35586328125,-0.758697509765625,-0.538360595703125,0.0749969482421875
1789222372211857400,10.365857421875,-0.9304962158203125,-0.667724609375,0.2482452392578125
1789222372221852400,10.375852294921875,-0.6893157958984375,-0.80670166015625,0.2768096923828125
1789222372231846400,10.385846435546876,-0.3861846923828125,-0.6441802978515625,0.1850738525390625
1789222372241840400,10.39584033203125,-0.573089599609375,-0.6710357666015625,0.2114410400390625
1789222372251834400,10.40583447265625,-0.704620361328125,-0.7959136962890625,0.248260498046875
1789222372261828400,10.415828369140625,-0.585968017578125,-0.725830078125,0.15875244140625
1789222372271822300,10.425822265625,-0.690460205078125,-0.5906219482421875,0.0895233154296875
1789222372281817300,10.4358173828125,-1.0769500732421875,-0.6054534912109375,0.21038818359375
1789222372291811600,10.4458115234375,-1.0995330810546875,-0.772857666015625,0.2947540283203125
1789222372301805600,10.4558056640625,-0.8720855712890625,-0.6457061767578125,0.2126922607421875
1789222372311799300,10.46579931640625,-0.5699310302734375,-0.671112060546875,0.1182708740234375
1789222372321793300,10.475793212890625,-0.4241485595703125,-0.809722900390625,0.0707855224609375
1789222372331787300,10.485787353515626,-0.29833984375,-0.69122314453125,0.081695556640625
1789222372341782300,10.4957822265625,-0.345001220703125,-0.7370147705078125,0.1081695556640625
1789222372351776300,10.5057763671875,-0.632904052734375,-0.7552337646484375,0.20916748046875
1789222372361770500,10.5157705078125,-0.8982696533203125,-0.6927947998046875,0.3427581787109375
1789222372371764500,10.525764404296876,-1.1262359619140625,-0.8809051513671875,0.3447113037109375
1789222372381758500,10.535758544921874,-0.9200286865234375,-0.7966766357421875,0.20751953125
1789222372391753500,10.54575341796875,-0.61346435546875,-0.6625823974609375,-0.069732666015625
1789222372401747500,10.55574755859375,-0.6562347412109375,-0.9732208251953125,-0.19488525390625
1789222372411741400,10.565741455078125,-0.4223785400390625,-0.72784423828125,-0.1487884521484375
1789222372421735200,10.575735107421876,-0.2006683349609375,-0.5911865234375,-0.1455841064453125
1789222372431729400,10.5857294921875,-0.6312713623046875,-0.7395477294921875,-0.0196533203125
1789222372441723400,10.595723388671875,-0.9094390869140625,-0.7431182861328125,0.1786346435546875
1789222372451718400,10.605718505859375,-0.765594482421875,-0.6368255615234375,0.1257476806640625
1789222372461712400,10.61571240234375,-0.7600250244140625,-0.873626708984375,-0.042388916015625
1789222372471706400,10.625706298828124,-0.9120941162109375,-0.952239990234375,-0.073974609375
1789222372481700400,10.635700439453124,-0.907562255859375,-0.88922119140625,0.0140533447265625
1789222372491694300,10.6456943359375,-0.3987274169921875,-0.7587890625,-0.024505615234375
1789222372501688600,10.6556884765625,-0.2475128173828125,-0.93304443359375,-0.074249267578125
1789222372511683600,10.66568359375,-0.8066253662109375,-0.873291015625,0.1163787841796875
1789222372521677600,10.675677490234374,-1.076904296875,-0.4717864990234375,0.178924560546875
1789222372531671300,10.68567138671875,-0.696197509765625,-0.916839599609375,-0.0773468017578125
1789222372541665300,10.695665283203125,-0.3143310546875,-0.8520355224609375,-0.2320098876953125
1789222372551659300,10.7056591796875,-0.697235107421875,-0.7648468017578125,-0.0331573486328125
1789222372561654300,10.715654296875,-1.0110626220703125,-1.009521484375,0.101348876953125
1789222372571648300,10.725648193359374,-0.5740966796875,-0.8055877685546875,-0.0059051513671875
1789222372581642500,10.735642578125,-0.08416748046875,-0.7427520751953125,-0.0275115966796875
1789222372591636500,10.745636474609375,-0.27386474609375,-0.6379547119140625,0.04974365234375
1789222372601630500,10.75563037109375,-0.7039031982421875,-0.63031005859375,0.0225677490234375
1789222372611624400,10.76562451171875,-0.7879791259765625,-0.6081390380859375,0.000396728515625
1789222372621619500,10.775619384765625,-0.7528076171875,-0.6311492919921875,0.051239013671875
1789222372631613400,10.785613525390625,-0.7001190185546875,-0.87908935546875,-0.05810546875
1789222372641607200,10.795607177734375,-0.429718017578125,-0.8155975341796875,-0.1927947998046875
1789222372651601400,10.805601318359376,-0.63232421875,-0.63214111328125,-0.13555908203125
1789222372661595400,10.815595458984374,-0.905029296875,-0.9326171875,0.0600128173828125
1789222372671589400,10.82558935546875,-0.3898773193359375,-0.6667022705078125,0.079315185546875
1789222372681584400,10.83558447265625,-0.198577880859375,-0.3113555908203125,0.0860137939453125
1789222372691578400,10.845578369140625,-0.922698974609375,-0.82135009765625,0.2838287353515625
1789222372701572400,10.855572265625,-0.954986572265625,-0.81494140625,0.3048858642578125
1789222372711566300,10.86556640625,-0.68505859375,-0.4734039306640625,-0.04345703125
1789222372721560600,10.875560546875,-0.620819091796875,-0.870208740234375,-0.2073974609375
1789222372731554600,10.885554443359375,-0.73388671875,-0.782440185546875,-0.03558349609375
1789222372741549600,10.895549560546876,-1.0145721435546875,-0.7523193359375,0.078369140625
1789222372751543300,10.905543212890626,-0.6907501220703125,-0.755218505859375,0.092559814453125
1789222372761537300,10.915537353515624,-0.3873748779296875,-0.5577850341796875,0.1688232421875
1789222372771531300,10.92553125,-0.5476837158203125,-0.853851318359375,0.227508544921875
1789222372781525200,10.935525146484375,-0.533905029296875,-0.754119873046875,0.1994781494140625
1789222372791520300,10.945520263671876,-0.656524658203125,-0.562103271484375,0.0503692626953125
1789222372801514500,10.955514404296874,-0.9174041748046875,-1.0941162109375,-0.0339508056640625
1789222372811508500,10.965508544921875,-0.81732177734375,-0.8903961181640625,0.0384979248046875
1789222372821502500,10.97550244140625,-0.71441650390625,-0.66827392578125,0.0908966064453125
1789222372831496400,10.985496337890625,-0.6489715576171875,-0.9329071044921875,0.2055206298828125
1789222372841490400,10.995490478515626,-0.2655487060546875,-0.578582763671875,0.27972412109375
1789222372851485400,11.0054853515625,-0.1662750244140625,-0.61004638671875,0.2155303955078125
1789222372861479200,11.015479248046875,-0.4655609130859375,-0.770050048828125,0.0960693359375
1789222372871473400,11.025473388671875,-0.83245849609375,-0.6558685302734375,0.0498046875
1789222372881467400,11.03546728515625,-0.9875335693359375,-0.86077880859375,0.0201263427734375
1789222372891461400,11.04546142578125,-0.643585205078125,-0.6497802734375,-0.0240020751953125
1789222372901455400,11.055455322265624,-0.7063140869140625,-0.5983734130859375,-0.030975341796875
1789222372911450400,11.065450439453125,-0.9178466796875,-0.9324798583984375,0.06231689453125
1789222372921444400,11.0754443359375,-0.8377685546875,-0.58203125,0.1161651611328125
1789222372931438300,11.085438232421875,-0.85015869140625,-0.7448883056640625,0.079193115234375
1789222372941432600,11.0954326171875,-0.70343017578125,-0.7991180419921875,0.1553802490234375
1789222372951426600,11.105426513671874,-0.32049560546875,-0.688018798828125,0.255340576171875
1789222372961420300,11.115420166015625,-0.1817779541015625,-0.67010498046875,0.2270965576171875
1789222372971415300,11.125415283203125,-0.4541473388671875,-0.574920654296875,0.278594970703125
1789222372981409300,11.1354091796875,-0.8095703125,-0.5992584228515625,0.2931671142578125
1789222372991403300,11.1454033203125,-0.901092529296875,-0.8783721923828125,0.128265380859375
1789222373001397200,11.155397216796874,-0.808258056640625,-0.6711273193359375,0.0093536376953125
1789222373011391500,11.1653916015625,-0.9537811279296875,-0.6567840576171875,0.0644378662109375
1789222373021386500,11.175386474609375,-0.8853759765625,-1.035919189453125,0.2232666015625
1789222373031380500,11.18538037109375,-0.3927764892578125,-0.5025482177734375,0.200469970703125
1789222373041374500,11.19537451171875,-0.3901214599609375,-0.8852691650390625,0.1511383056640625
1789222373051368400,11.205368408203125,-0.663299560546875,-0.8807220458984375,0.2576446533203125
1789222373061362400,11.215362548828125,-0.789825439453125,-0.587890625,0.27203369140625
1789222373071356400,11.2253564453125,-0.7313690185546875,-0.92816162109375,0.2303924560546875
1789222373081351200,11.23535107421875,-0.527801513671875,-0.650146484375,0.2714996337890625
1789222373091345400,11.245345458984374,-0.555389404296875,-0.71478271484375,0.2268524169921875
1789222373101339400,11.25533935546875,-0.6056365966796875,-0.6816558837890625,0.0611724853515625
1789222373111333400,11.26533349609375,-0.7723236083984375,-0.47406005859375,-0.02587890625
1789222373121327400,11.275327392578125,-1.10723876953125,-0.8719329833984375,0.02459716796875
1789222373131321300,11.2853212890625,-0.968017578125,-0.6854705810546875,0.0732574462890625
1789222373141316400,11.29531640625,-0.5487518310546875,-0.530914306640625,-0.0316619873046875
1789222373151310300,11.305310302734375,-0.5120086669921875,-0.7642822265625,-0.0479583740234375
1789222373161304600,11.3153046875,-0.759063720703125,-0.6902618408203125,0.0707855224609375
1789222373171298600,11.325298583984376,-0.685791015625,-0.9669036865234375,0.08892822265625
1789222373181292300,11.335292236328126,-0.57135009765625,-0.7278289794921875,0.1002349853515625
1789222373191287300,11.345287353515625,-0.843658447265625,-0.869781494140625,0.2117767333984375
1789222373201280500,11.355280517578125,-0.5565338134765625,-0.9588165283203125,0.1495819091796875
1789222373211274500,11.3652744140625,-0.2848968505859375,-0.65496826171875,-0.0281982421875
1789222373221268700,11.375268798828126,-0.7271270751953125,-1.07623291015625,-0.1130218505859375
1789222373231262700,11.3852626953125,-0.9092864990234375,-0.9777374267578125,-0.0849761962890625
1789222373241256700,11.395256591796874,-0.51556396484375,-0.4335479736328125,-0.1305389404296875
1789222373251251700,11.405251708984375,-0.2847747802734375,-0.7816162109375,-0.1935882568359375
1789222373261245700,11.41524560546875,-0.3837738037109375,-0.6965179443359375,-0.149139404296875
1789222373271239700,11.42523974609375,-0.802215576171875,-0.4735870361328125,-0.0617523193359375
1789222373281233700,11.435233642578124,-1.1312713623046875,-0.8193817138671875,0.0507049560546875
1789222373291227600,11.4452275390625,-0.80419921875,-0.8121337890625,0.071533203125
1789222373301221600,11.4552216796875,-0.65545654296875,-0.696685791015625,0.073150634765625
1789222373311216600,11.465216552734375,-0.8903350830078125,-0.8477935791015625,0.2029876708984375
1789222373321210600,11.475210693359376,-0.968963623046875,-0.95611572265625,0.254180908203125
1789222373331204600,11.48520458984375,-0.6144256591796875,-0.775146484375,0.077606201171875
1789222373341198600,11.495198486328125,-0.4601287841796875,-0.6641845703125,0.0526885986328125
1789222373351192800,11.50519287109375,-0.6902618408203125,-0.6984405517578125,0.2216033935546875
1789222373361186800,11.515186767578125,-0.780426025390625,-0.6780242919921875,0.3469085693359375
1789222373371181800,11.525181884765624,-0.576629638671875,-0.43756103515625,0.243560791015625
1789222373381175800,11.53517578125,-0.617706298828125,-0.7070770263671875,0.1169586181640625
1789222373391169500,11.54516943359375,-0.7652435302734375,-0.6236724853515625,0.059783935546875
1789222373401163500,11.55516357421875,-0.9533843994140625,-0.6211700439453125,0.0350341796875
1789222373411157500,11.565157470703125,-0.79779052734375,-0.858642578125,-0.0258941650390625
1789222373421152500,11.575152587890624,-0.4881134033203125,-0.654327392578125,-0.0004119873046875
1789222373431146500,11.585146484375,-0.596343994140625,-0.82452392578125,0.2014617919921875
1789222373441140700,11.595140625,-0.6858367919921875,-0.8994293212890625,0.366729736328125
1789222373451134700,11.605134765625,-0.42669677734375,-0.571746826171875,0.337554931640625
1789222373461128700,11.615128662109376,-0.3815765380859375,-0.8949432373046875,0.19732666015625
1789222373471122700,11.625122802734374,-0.599029541015625,-0.7558135986328125,0.0577239990234375
1789222373481117700,11.63511767578125,-0.7534332275390625,-0.69464111328125,-0.06927490234375
1789222373491111700,11.645111572265625,-0.9508819580078125,-0.8461151123046875,-0.1109619140625
1789222373501105700,11.655105712890625,-0.8784027099609375,-0.8263702392578125,-0.0512542724609375
1789222373511099600,11.665099609375,-0.6038818359375,-0.634185791015625,0.05865478515625
1789222373521093600,11.67509375,-0.6089630126953125,-0.7325286865234375,0.1305389404296875
1789222373531087600,11.685087646484375,-0.9043121337890625,-0.98992919921875,0.16650390625
1789222373541082600,11.69508251953125,-1.1113739013671875,-0.64544677734375,0.1065673828125
1789222373551076600,11.70507666015625,-0.9800872802734375,-0.9332122802734375,0.0329742431640625
1789222373561070600,11.715070556640624,-0.3672027587890625,-1.041778564453125,-0.0365142822265625
1789222373571064800,11.72506494140625,-0.1088714599609375,-0.612579345703125,0.041656494140625
1789222373581058800,11.735058837890625,-0.603363037109375,-0.7317657470703125,0.200958251953125
1789222373591052500,11.745052490234375,-0.6743316650390625,-0.906402587890625,0.201934814453125
1789222373601047800,11.7550478515625,-0.5301971435546875,-0.47137451171875,0.0262298583984375
1789222373611041500,11.76504150390625,-0.85540771484375,-0.8431854248046875,-0.13604736328125
1789222373621035500,11.775035400390625,-1.2581939697265625,-0.7772216796875,-0.1490478515625
1789222373631029500,11.785029541015625,-1.287109375,-0.5844268798828125,-0.0822906494140625
1789222373641023700,11.795023681640625,-0.7943572998046875,-0.9246368408203125,0.00823974609375
1789222373651018500,11.8050185546875,-0.076690673828125,-0.7796478271484375,-0.0953521728515625
1789222373661012700,11.8150126953125,-0.1155548095703125,-0.9074554443359375,-0.1060943603515625
1789222373671006700,11.8250068359375,-0.6837158203125,-0.8249969482421875,0.0903472900390625
1789222373681000700,11.835000732421875,-0.8155364990234375,-0.89923095703125,-0.009674072265625
1789222373690994700,11.84499462890625,-0.6078643798828125,-0.9798736572265625,-0.2054443359375
1789222373700988400,11.854988525390626,-0.635589599609375,-0.6728363037109375,-0.137451171875
1789222373710983700,11.864983642578125,-0.791748046875,-0.8498382568359375,-0.1110076904296875
1789222373720977700,11.874977783203125,-0.7441864013671875,-0.866424560546875,-0.2252655029296875
1789222373730971600,11.8849716796875,-0.572479248046875,-0.9789581298828125,-0.35174560546875
1789222373740965600,11.894965576171876,-0.6898040771484375,-0.8539886474609375,-0.361297607421875
1789222373750959600,11.904959716796874,-0.658599853515625,-0.80902099609375,-0.3396148681640625
1789222373760953600,11.91495361328125,-0.2498626708984375,-1.019256591796875,-0.310333251953125
1789222373770948600,11.924948486328125,0.021697998046875,-0.5211181640625,-0.221588134765625
1789222373780942600,11.934942626953125,-0.582794189453125,-0.662872314453125,0.001617431640625
1789222373790936800,11.944936767578126,-1.0619964599609375,-0.9797515869140625,0.1484527587890625
1789222373800930800,11.954930908203124,-0.4977569580078125,-0.7170562744140625,-0.029296875
1789222373810924500,11.964924560546875,-0.289886474609375,-0.7219696044921875,-0.2547607421875
1789222373820918500,11.97491845703125,-0.64605712890625,-0.913909912109375,-0.2512359619140625
1789222373830913500,11.98491357421875,-0.7103424072265625,-0.86505126953125,-0.2157745361328125
1789222373840907500,11.994907470703126,-0.486480712890625,-0.528778076171875,-0.2492828369140625
1789222373850901500,12.004901611328124,-0.516204833984375,-0.732818603515625,-0.1364898681640625
1789222373860895700,12.014895751953125,-0.6060943603515625,-0.61517333984375,0.061492919921875
1789222373870889700,12.0248896484375,-0.505035400390625,-0.6329803466796875,0.0129547119140625
1789222373880883700,12.0348837890625,-0.5081787109375,-0.5499725341796875,-0.19329833984375
1789222373890878700,12.044878662109374,-0.8534088134765625,-0.638641357421875,-0.169647216796875
1789222373900872700,12.054872802734375,-0.9216766357421875,-0.862884521484375,-0.0975341796875
1789222373910866700,12.06486669921875,-0.6064453125,-0.595794677734375,-0.2113037109375
1789222373920860400,12.0748603515625,-0.8491058349609375,-0.765350341796875,-0.1019439697265625
1789222373930854700,12.084854736328126,-0.865692138671875,-0.76251220703125,0.14208984375
1789222373940849700,12.094849609375,-0.430694580078125,-0.6189422607421875,0.175323486328125
1789222373950843600,12.10484375,-0.565032958984375,-0.61767578125,0.1200408935546875
1789222373960837600,12.114837646484375,-0.9469146728515625,-0.8055419921875,0.2153778076171875
1789222373970831600,12.12483154296875,-0.918121337890625,-0.785064697265625,0.2530517578125
1789222373980825600,12.13482568359375,-0.3738250732421875,-0.6079864501953125,0.0472564697265625
1789222373990819600,12.144819580078124,-0.3530731201171875,-0.7941436767578125,-0.096466064453125
1789222374000814600,12.154814697265625,-0.8964385986328125,-0.76171875,0.0537109375
1789222374010808800,12.164808837890625,-0.9462432861328125,-0.7433319091796875,0.1890106201171875
1789222374020802800,12.174802734375,-0.4188232421875,-0.6940765380859375,0.0590667724609375
1789222374030796500,12.184796630859376,-0.3040924072265625,-0.563446044921875,0.001708984375
1789222374040790500,12.19479052734375,-0.7379302978515625,-0.814788818359375,0.3441009521484375
1789222374050784500,12.204784423828125,-0.653533935546875,-0.4918212890625,0.4750213623046875
1789222374060779500,12.214779541015625,-0.7724609375,-0.623626708984375,0.2635955810546875
1789222374070773500,12.2247734375,-0.8199005126953125,-0.89776611328125,0.1624603271484375
1789222374080767700,12.234767822265624,-0.608154296875,-0.6041412353515625,0.161834716796875
1789222374090761700,12.24476171875,-0.9652862548828125,-0.6294708251953125,0.0746307373046875
1789222374100755700,12.254755615234375,-0.9566497802734375,-0.86151123046875,0.1108551025390625
1789222374110749700,12.264749755859375,-0.4405975341796875,-0.367340087890625,0.196319580078125
1789222374120744700,12.27474462890625,-0.2272491455078125,-0.469146728515625,0.1645965576171875
1789222374130738700,12.28473876953125,-0.664520263671875,-0.753387451171875,0.1693572998046875
1789222374140732400,12.294732421875,-1.25885009765625,-0.42041015625,0.2073211669921875
1789222374150726700,12.3047265625,-1.408172607421875,-0.687896728515625,0.057708740234375
1789222374160720600,12.314720703125,-1.0153656005859375,-0.9950103759765625,-0.1133270263671875
1789222374170715600,12.324715576171876,-0.3128509521484375,-0.812286376953125,-0.0637359619140625
1789222374180709600,12.334709716796874,-0.189453125,-0.945098876953125,0.131378173828125
1789222374190703600,12.34470361328125,-0.43963623046875,-0.7420806884765625,0.317901611328125
1789222374200698600,12.35469873046875,-0.3044586181640625,-0.77435302734375,0.3440704345703125
1789222374210692600,12.364692626953126,-0.0119476318359375,-0.8856201171875,0.194580078125
1789222374220686600,12.3746865234375,-0.658447265625,-0.6169586181640625,0.04150390625
1789222374230681600,12.384681640625,-1.32598876953125,-1.0384063720703125,-0.0840606689453125
1789222374240675600,12.394675537109375,-0.8074493408203125,-0.9345245361328125,-0.2433624267578125
1789222374250669800,12.404669921875,-0.7895660400390625,-0.78448486328125,-0.2802734375
1789222374260663800,12.414663818359376,-0.8677215576171875,-1.16461181640625,-0.120513916015625
1789222374270657800,12.42465771484375,-0.4089508056640625,-0.6595306396484375,-0.0074005126953125
1789222374280651500,12.434651611328125,-0.3527374267578125,-0.6060028076171875,-0.0309295654296875
1789222374290646800,12.444646728515625,-0.4254150390625,-1.1167144775390625,-0.0377655029296875
1789222374300640500,12.454640625,-0.4366455078125,-0.5105743408203125,0.0092926025390625
1789222374310634500,12.464634521484374,-0.7945098876953125,-0.560699462890625,0.1148529052734375
1789222374320628700,12.474628662109374,-0.7785797119140625,-0.8397369384765625,0.1753997802734375
1789222374330622700,12.484622802734375,-0.4609832763671875,-0.504730224609375,0.1170654296875
1789222374340616700,12.49461669921875,-0.669281005859375,-0.693695068359375,-0.02642822265625
1789222374350611700,12.50461181640625,-1.12652587890625,-0.8668670654296875,-0.1887969970703125
1789222374360605700,12.514605712890624,-1.022430419921875,-0.9224853515625,-0.2866668701171875
1789222374370599700,12.524599609375,-0.7793426513671875,-0.648468017578125,-0.134185791015625
1789222374380593700,12.53459375,-0.64312744140625,-0.742919921875,0.1079254150390625
1789222374390587600,12.544587646484375,-0.2993011474609375,-0.77935791015625,0.295013427734375
1789222374400583000,12.5545830078125,-0.1484832763671875,-0.4001312255859375,0.33819580078125
1789222374410576600,12.56457666015625,-0.7078094482421875,-0.8126678466796875,0.270111083984375
1789222374420570600,12.574570556640625,-1.12176513671875,-0.8347320556640625,0.13525390625
1789222374430564600,12.584564697265625,-0.6707916259765625,-0.8298492431640625,-0.0305328369140625
1789222374440558600,12.59455859375,-0.298248291015625,-0.7973480224609375,-0.1114654541015625
1789222374450552600,12.604552490234376,-0.5102691650390625,-0.8390350341796875,0.0257720947265625
1789222374460547600,12.614547607421875,-0.596771240234375,-0.7690582275390625,0.17864990234375
1789222374470541800,12.624541748046875,-0.7076568603515625,-0.520660400390625,0.214385986328125
1789222374480535800,12.634535888671875,-0.588958740234375,-0.7381134033203125,0.1339111328125
1789222374490529800,12.64452978515625,-0.4517974853515625,-0.740142822265625,0.0648193359375
1789222374500523500,12.6545234375,-0.4888153076171875,-0.6077117919921875,0.095916748046875
1789222374510517500,12.664517578125,-0.772552490234375,-0.662445068359375,0.105224609375
1789222374520512500,12.674512451171875,-1.20404052734375,-0.8728790283203125,0.0900421142578125
1789222374530506500,12.684506591796875,-0.9467010498046875,-0.8710784912109375,0.072509765625
1789222374540500700,12.694500732421876,-0.33929443359375,-0.6986236572265625,-0.025299072265625
1789222374550494700,12.70449462890625,-0.4037628173828125,-0.663665771484375,-0.0277099609375
1789222374560488700,12.71448876953125,-0.726226806640625,-0.882781982421875,0.2245635986328125
1789222374570482700,12.724482666015625,-0.6696014404296875,-0.67633056640625,0.370452880859375
1789222374580477700,12.734477783203126,-0.693389892578125,-0.5108184814453125,0.2216644287109375
1789222374590471700,12.7444716796875,-0.8544464111328125,-0.921600341796875,0.092559814453125
1789222374600465700,12.754465576171874,-0.6652679443359375,-0.7487335205078125,0.049163818359375
1789222374610460000,12.7644599609375,-0.5252685546875,-0.6103057861328125,-0.064361572265625
1789222374620453600,12.77445361328125,-0.64752197265625,-0.8507537841796875,-0.1188812255859375
1789222374630447600,12.784447509765625,-0.8568572998046875,-0.793426513671875,0.066650390625
1789222374640442600,12.794442626953124,-0.690887451171875,-0.8207550048828125,0.1907806396484375
1789222374650436600,12.8044365234375,-0.429168701171875,-0.83062744140625,0.117767333984375
1789222374660430600,12.8144306640625,-0.547332763671875,-0.768310546875,0.1631927490234375
1789222374670424600,12.824424560546875,-0.7783966064453125,-0.814361572265625,0.2406463623046875
1789222374680418800,12.834418701171876,-0.6325531005859375,-0.911102294921875,0.1894683837890625
1789222374690413800,12.844413818359374,-0.27490234375,-0.7341766357421875,0.0665130615234375
1789222374700407800,12.85440771484375,-0.1881103515625,-0.7236328125,-0.0372772216796875
1789222374710401800,12.86440185546875,-0.7313995361328125,-0.5935211181640625,-0.028289794921875
1789222374720395800,12.874395751953125,-1.234527587890625,-0.65350341796875,0.0058441162109375
1789222374730389500,12.884389404296876,-0.7391510009765625,-0.8082427978515625,-0.0067901611328125
1789222374740383700,12.8943837890625,-0.514556884765625,-0.4962615966796875,-0.0204010009765625
1789222374750378500,12.90437841796875,-0.934478759765625,-0.951751708984375,0.1274261474609375
1789222374760372700,12.914372802734375,-0.7749481201171875,-0.8818206787109375,0.2205657958984375
1789222374770366700,12.92436669921875,-0.51361083984375,-0.5436553955078125,0.079193115234375
1789222374780360700,12.934360595703126,-0.4697418212890625,-0.9803924560546875,-0.0450897216796875
1789222374790354700,12.944354736328124,-0.4004364013671875,-0.86962890625,0.0745697021484375
1789222374800348700,12.9543486328125,-0.3928680419921875,-0.4540863037109375,0.24029541015625
1789222374810343700,12.96434375,-0.687103271484375,-0.5819854736328125,0.2445220947265625
1789222374820337700,12.974337646484376,-0.7516937255859375,-0.86431884765625,0.1895294189453125
1789222374830332000,12.984331787109374,-0.4999237060546875,-0.664154052734375,0.0240478515625
1789222374840325600,12.99432568359375,-0.7841339111328125,-0.6409149169921875,-0.1570892333984375
1789222374850319600,13.004319580078125,-1.2667999267578125,-0.95361328125,-0.1390533447265625
1789222374860313600,13.014313720703125,-0.931976318359375,-0.98858642578125,-0.0439300537109375
1789222374870308600,13.02430859375,-0.4362335205078125,-0.69866943359375,0.0686187744140625
1789222374880302600,13.034302490234374,-0.5024566650390625,-0.7062835693359375,0.2110595703125
1789222374890296600,13.044296630859375,-0.7088165283203125,-0.949310302734375,0.27301025390625
1789222374900290800,13.054290771484375,-0.78643798828125,-0.6985015869140625,0.203277587890625
1789222374910284800,13.064284912109375,-0.90118408203125,-0.78985595703125,0.1169891357421875
1789222374920278800,13.07427880859375,-0.7557373046875,-1.0655975341796875,0.0231781005859375
1789222374930273800,13.084273681640624,-0.483154296875,-0.702911376953125,-0.028076171875
1789222374940267800,13.094267822265625,-0.468170166015625,-0.680389404296875,-0.0028076171875
1789222374950261500,13.104261474609375,-0.5418243408203125,-0.7928466796875,0.0292510986328125
1789222374960255700,13.114255859375,-0.6058807373046875,-0.5516357421875,-0.040435791015625
1789222374970249700,13.124249755859376,-0.718017578125,-0.7398834228515625,-0.0332183837890625
1789222374980244700,13.13424462890625,-0.8983612060546875,-0.6264801025390625,0.1188507080078125
1789222374990238700,13.14423876953125,-0.8369293212890625,-0.8038482666015625,0.17425537109375
1789222375000232700,13.154232666015625,-0.3932647705078125,-0.7032470703125,0.117767333984375
1789222375010226700,13.164226806640626,-0.4384918212890625,-0.6661834716796875,0.1416015625
1789222375020220700,13.174220703125,-0.7971649169921875,-0.91436767578125,0.1861419677734375
1789222375030215000,13.18421484375,-0.5318603515625,-0.7103118896484375,0.1116485595703125
1789222375040209700,13.194209716796875,-0.3582916259765625,-0.5534820556640625,0.063995361328125
1789222375050204000,13.204203857421875,-0.596405029296875,-0.74835205078125,0.1370849609375
1789222375060197600,13.21419775390625,-0.7603912353515625,-0.71746826171875,0.223236083984375
1789222375070191600,13.224191650390624,-0.8871002197265625,-0.499420166015625,0.1088409423828125
1789222375080185600,13.234185546875,-0.7538604736328125,-1.1184539794921875,-0.0131683349609375
1789222375090179600,13.2441796875,-0.4997711181640625,-0.587738037109375,-0.0770721435546875
1789222375100174600,13.254174560546875,-0.707916259765625,-0.6198577880859375,-0.1056060791015625
1789222375110168600,13.26416845703125,-0.8082275390625,-0.9583740234375,0.0042724609375
1789222375120162800,13.274162841796874,-0.6255645751953125,-0.6361541748046875,0.163818359375
1789222375130156800,13.28415673828125,-0.3725738525390625,-0.726470947265625,0.1583099365234375
1789222375140150800,13.29415087890625,-0.363739013671875,-0.6640167236328125,0.1092681884765625
1789222375150144500,13.30414453125,-0.7759857177734375,-0.720550537109375,0.16546630859375
1789222375160139800,13.314139892578124,-0.8491973876953125,-0.8810882568359375,0.1210479736328125
1789222375170133500,13.324133544921875,-0.604949951171875,-0.6353912353515625,-0.02398681640625
1789222375180127700,13.334127685546875,-0.6575775146484375,-0.9899444580078125,0.0164031982421875
1789222375190121700,13.344121826171875,-0.8318634033203125,-0.84918212890625,0.2025146484375
1789222375200115200,13.354115234375,-0.982391357421875,-0.5150299072265625,0.1255950927734375
1789222375210109200,13.364109130859376,-0.881561279296875,-0.97216796875,-0.0121002197265625
1789222375220104200,13.374104248046875,-0.53076171875,-0.7284088134765625,-0.0856475830078125
1789222375230098200,13.38409814453125,-0.4272918701171875,-0.6004180908203125,-0.2016448974609375
1789222375240092200,13.394092041015625,-0.7432403564453125,-0.78704833984375,-0.1112518310546875
1789222375250086100,13.404086181640626,-1.092132568359375,-0.7244110107421875,0.20068359375
1789222375260080000,13.414080078125,-0.6884765625,-0.827178955078125,0.242462158203125
1789222375270074000,13.42407421875,-0.256805419921875,-0.781524658203125,0.09942626953125
1789222375280069000,13.434069091796875,-0.47198486328125,-0.7667083740234375,0.16448974609375
1789222375290063000,13.44406298828125,-0.7747955322265625,-0.9588775634765625,0.18890380859375
1789222375300057000,13.45405712890625,-0.518524169921875,-0.70806884765625,0.0639801025390625
1789222375310051300,13.46405126953125,-0.3519744873046875,-0.615692138671875,-0.0006561279296875
1789222375320045300,13.47404541015625,-0.605499267578125,-0.6729278564453125,0.0571136474609375
1789222375330040300,13.484040283203125,-0.780487060546875,-0.557708740234375,-0.0078582763671875
1789222375340034300,13.494034423828126,-1.0680999755859375,-0.952728271484375,-0.0551910400390625
1789222375350028300,13.5040283203125,-0.9275360107421875,-0.7066802978515625,0.0236968994140625
1789222375360022000,13.51402197265625,-0.6451873779296875,-0.71868896484375,0.0373687744140625
1789222375370016000,13.52401611328125,-0.54827880859375,-0.9061126708984375,0.0402069091796875
1789222375380010200,13.53401025390625,-0.1349639892578125,-0.7882080078125,0.1300048828125
1789222375390005000,13.5440048828125,-0.1493072509765625,-0.6115570068359375,0.17205810546875
1789222375399999200,13.553999267578124,-0.5891876220703125,-0.6742401123046875,0.176422119140625
1789222375409993200,13.5639931640625,-0.6755218505859375,-0.8341217041015625,0.1806488037109375
1789222375419987200,13.5739873046875,-0.9768829345703125,-0.447113037109375,0.17938232421875
1789222375429981200,13.583981201171875,-1.325531005859375,-0.690765380859375,0.080078125
1789222375439975200,13.59397509765625,-1.127349853515625,-0.997467041015625,-0.09954833984375
1789222375449970200,13.60397021484375,-0.7304840087890625,-0.732208251953125,-0.2099456787109375
1789222375459964200,13.613964111328125,-0.6017303466796875,-0.844818115234375,-0.1284332275390625
1789222375469958400,13.62395849609375,-0.417510986328125,-1.0799102783203125,0.080535888671875
1789222375479952100,13.6339521484375,-0.1322479248046875,-1.0083770751953125,0.2214508056640625
1789222375489946000,13.643946044921876,-0.3932342529296875,-0.5283355712890625,0.2782135009765625
1789222375499940000,13.653940185546874,-0.4690093994140625,-0.7591400146484375,0.30108642578125
1789222375509935000,13.66393505859375,-0.26324462890625,-0.8463134765625,0.223175048828125
1789222375519929000,13.67392919921875,-0.4871368408203125,-0.3366546630859375,0.071319580078125
1789222375529923300,13.68392333984375,-1.272125244140625,-0.7294921875,0.0418853759765625
1789222375539917300,13.693917236328126,-1.5206756591796875,-0.9621124267578125,0.1169891357421875
1789222375549911300,13.703911376953124,-0.6324920654296875,-0.7817535400390625,-0.006744384765625
1789222375559905300,13.7139052734375,-0.2698974609375,-0.84600830078125,-0.1978302001953125
1789222375569900300,13.723900390625,-0.5548553466796875,-0.7896728515625,0.0167388916015625
1789222375579894300,13.733894287109376,-0.7083892822265625,-0.7919464111328125,0.3174591064453125
1789222375589888000,13.743887939453124,-0.632781982421875,-0.6882476806640625,0.225616455078125
1789222375599882200,13.75388232421875,-0.474365234375,-0.6051788330078125,0.1176910400390625
1789222375609876200,13.763876220703125,-0.579315185546875,-0.7171478271484375,0.20245361328125
1789222375619871200,13.773871337890625,-0.7547149658203125,-0.8312530517578125,0.1361541748046875
1789222375629865200,13.783865234375,-1.0859832763671875,-0.7305450439453125,-0.063018798828125
1789222375639859200,13.793859130859374,-1.0881195068359375,-0.8817596435546875,-0.027557373046875
1789222375649853200,13.803853271484375,-0.50469970703125,-0.81817626953125,0.02197265625
1789222375659847200,13.81384716796875,-0.13592529296875,-0.67022705078125,-0.0042572021484375
1789222375669841400,13.82384130859375,-0.2376708984375,-0.8421630859375,0.1493072509765625
1789222375679836200,13.833836181640624,-0.396270751953125,-0.5254058837890625,0.3040008544921875
1789222375689830400,13.843830322265624,-0.6723785400390625,-0.6482696533203125,0.300628662109375
1789222375699824000,13.85382421875,-0.4800567626953125,-0.9434051513671875,0.0929718017578125
1789222375709818000,13.863818115234375,-0.25701904296875,-0.600616455078125,-0.131927490234375
1789222375719812000,13.87381201171875,-0.8816680908203125,-0.607086181640625,-0.11444091796875
1789222375729806000,13.88380615234375,-1.41217041015625,-0.9910888671875,0.0589447021484375
1789222375739801000,13.893801025390625,-1.0189208984375,-0.82952880859375,0.0801239013671875
1789222375749795000,13.903795166015625,-0.3860931396484375,-0.684112548828125,-0.0259857177734375
1789222375759789300,13.913789306640625,-0.4149627685546875,-0.9995574951171875,0.1245269775390625
1789222375769783300,13.923783203125,-0.6374359130859375,-0.7390289306640625,0.3150634765625
1789222375779777300,13.93377734375,-0.6690216064453125,-0.811737060546875,0.1084136962890625
1789222375789771000,13.94377099609375,-0.4658966064453125,-0.843170166015625,-0.0852203369140625
1789222375799766300,13.953766357421875,-0.624603271484375,-0.672454833984375,-0.076873779296875
1789222375809760000,13.963760009765625,-1.0009613037109375,-0.8370513916015625,-0.0646209716796875
1789222375819754200,13.973754150390626,-0.7283172607421875,-0.6523895263671875,-0.1651153564453125
1789222375829748200,13.983748291015624,-0.6328125,-0.682861328125,-0.1035614013671875
1789222375839742200,13.9937421875,-0.71258544921875,-0.7083587646484375,0.0864410400390625
1789222375849736200,14.003736083984375,-0.7791900634765625,-0.6884765625,0.1022186279296875
1789222375859731200,14.013731201171876,-0.6466522216796875,-0.8067169189453125,0.0948028564453125
1789222375869725200,14.02372509765625,-0.37017822265625,-0.7618865966796875,0.2273101806640625
1789222375879719200,14.03371923828125,-0.329437255859375,-0.6470794677734375,0.3072509765625
1789222375889713400,14.04371337890625,-0.5278472900390625,-0.7036285400390625,0.2383880615234375
1789222375899707100,14.05370703125,-0.3849029541015625,-0.6666259765625,0.1715850830078125
1789222375909701000,14.063701171875,-0.30072021484375,-0.528533935546875,0.0492401123046875
1789222375919696100,14.073696044921874,-0.9062042236328125,-0.6446685791015625,-0.051239013671875
1789222375929690000,14.083690185546875,-1.4373626708984375,-0.6280059814453125,0.006866455078125
1789222375939684000,14.09368408203125,-1.3115692138671875,-0.6568450927734375,0.08624267578125
1789222375949678000,14.103677978515625,-0.9867095947265625,-0.95526123046875,0.1398162841796875
1789222375959672300,14.11367236328125,-0.7955322265625,-0.6681671142578125,0.05767822265625
1789222375969666300,14.123666259765624,-1.04290771484375,-0.868896484375,0.036041259765625
1789222375979661300,14.133661376953125,-0.7721405029296875,-1.0748291015625,-0.0088653564453125
1789222375989655300,14.1436552734375,-0.0105438232421875,-0.7731475830078125,-0.1744232177734375
1789222375999649300,14.153649169921875,0.134521484375,-0.71527099609375,-0.19403076171875
1789222376009643000,14.16364306640625,-0.2498016357421875,-0.6692962646484375,0.0325469970703125
1789222376019637000,14.173636962890624,-0.458984375,-0.7384033203125,0.2455596923828125
1789222376029631200,14.18363134765625,-0.7574920654296875,-0.56964111328125,0.2506866455078125
1789222376039626200,14.193626220703125,-1.1043548583984375,-0.7211151123046875,0.105743408203125
1789222376049620200,14.2036201171875,-1.0502471923828125,-1.1258697509765625,-0.0597686767578125
1789222376059614200,14.2136142578125,-0.8079986572265625,-0.71673583984375,-0.2928314208984375
1789222376069608200,14.223608154296874,-0.995513916015625,-1.12750244140625,-0.3016510009765625
1789222376079602200,14.233602294921875,-0.8828125,-1.2386627197265625,-0.02581787109375
1789222376089596200,14.24359619140625,-0.1564483642578125,-0.5424041748046875,0.1003265380859375
1789222376099591200,14.253591064453126,0.078125,-0.67523193359375,0.1302490234375
1789222376109585400,14.26358544921875,-0.2780609130859375,-0.9215087890625,0.2009124755859375
1789222376119579100,14.2735791015625,-0.464935302734375,-0.368896484375,0.1999359130859375
1789222376129573000,14.283572998046875,-0.50677490234375,-0.4697723388671875,0.037353515625
1789222376139567000,14.293567138671875,-0.8297119140625,-0.870819091796875,-0.04168701171875
1789222376149561000,14.30356103515625,-1.09564208984375,-0.66986083984375,-0.0423583984375
1789222376159556000,14.31355615234375,-1.15618896484375,-0.687713623046875,-0.0116119384765625
1789222376169550000,14.323550048828125,-1.0712738037109375,-0.7157440185546875,-0.08392333984375
1789222376179544300,14.33354443359375,-0.668365478515625,-0.920166015625,-0.123291015625
1789222376189538300,14.343538330078125,-0.52783203125,-0.5705413818359375,0.054718017578125
1789222376199532000,14.353531982421876,-0.780059814453125,-0.706634521484375,0.17822265625
1789222376209526000,14.363526123046874,-0.5594482421875,-0.9992523193359375,0.23602294921875
1789222376219521000,14.37352099609375,-0.128662109375,-0.4446563720703125,0.1696319580078125
1789222376229515000,14.383514892578125,-0.384857177734375,-0.9250335693359375,0.0090179443359375
1789222376239509000,14.393509033203125,-0.6572265625,-0.925445556640625,0.0118255615234375
1789222376249503200,14.403503173828126,-0.6381988525390625,-0.6095733642578125,0.059661865234375
1789222376259497200,14.413497314453124,-0.397430419921875,-0.8285675048828125,-0.0330352783203125
1789222376269492200,14.4234921875,-0.37567138671875,-0.652557373046875,0.121673583984375
1789222376279486200,14.433486328125,-0.8598480224609375,-0.446075439453125,0.250732421875
1789222376289480000,14.44347998046875,-1.195770263671875,-0.8949737548828125,0.070159912109375
1789222376299474000,14.453473876953124,-0.943084716796875,-1.033477783203125,-0.1268310546875
1789222376309468000,14.463468017578125,-0.4858551025390625,-0.6900634765625,-0.1254425048828125
1789222376319462100,14.473462158203125,-0.3843841552734375,-0.742767333984375,-0.09210205078125
1789222376329457200,14.48345703125,-0.45977783203125,-1.0592193603515625,-0.0431365966796875
1789222376339451100,14.493451171875,-0.52008056640625,-0.7734375,0.1700897216796875
1789222376349445000,14.503445068359374,-0.7991485595703125,-0.571136474609375,0.2217254638671875
1789222376359439000,14.513439208984375,-1.0234222412109375,-0.7862091064453125,0.081573486328125
1789222376369433000,14.52343310546875,-0.65032958984375,-0.8173370361328125,-0.00946044921875
1789222376379427000,14.533427001953125,-0.3961334228515625,-0.5709381103515625,-0.015838623046875
1789222376389422000,14.543422119140626,-0.6390838623046875,-0.635955810546875,-0.0308990478515625
1789222376399416000,14.553416015625,-0.8228607177734375,-1.010009765625,-0.010223388671875
1789222376409410000,14.56341015625,-0.6629638671875,-0.6472625732421875,0.0372772216796875
1789222376419404000,14.573404052734375,-0.8010406494140625,-0.6990203857421875,0.00390625
1789222376429398000,14.58339794921875,-0.5940704345703125,-0.9353179931640625,-0.0346527099609375
1789222376439392000,14.59339208984375,-0.1035308837890625,-0.6219482421875,-0.067596435546875
1789222376449387000,14.603386962890625,-0.414581298828125,-0.6913604736328125,-0.02960205078125
1789222376459381000,14.613381103515625,-0.987548828125,-0.7464141845703125,0.1602325439453125
1789222376469375200,14.623375244140625,-0.950469970703125,-0.8180084228515625,0.2455902099609375
1789222376479369200,14.633369140625,-0.3972015380859375,-0.9183807373046875,0.060302734375
1789222376489363000,14.643363037109374,-0.4240264892578125,-0.8474273681640625,0.0306549072265625
1789222376499357000,14.65335693359375,-1.0523834228515625,-0.88177490234375,0.1451416015625
1789222376509352000,14.66335205078125,-1.0827484130859375,-0.8030548095703125,0.1163787841796875
1789222376519346000,14.673345947265625,-0.3188934326171875,-0.601837158203125,-0.0644378662109375
1789222376529340000,14.68333984375,-0.041839599609375,-0.6232452392578125,-0.1226654052734375
1789222376539334100,14.693334228515624,-0.7198486328125,-0.5841217041015625,-0.019287109375
1789222376549328100,14.703328125,-0.981964111328125,-0.7201385498046875,0.14862060546875
1789222376559322000,14.713322021484375,-0.493988037109375,-0.60418701171875,0.1153564453125
1789222376569317000,14.723317138671876,-0.3946685791015625,-0.7706756591796875,-0.0075225830078125
1789222376579311000,14.73331103515625,-0.724578857421875,-1.0168304443359375,0.0990142822265625
1789222376589305000,14.74330517578125,-1.124237060546875,-0.6502838134765625,0.1802520751953125
1789222376599299000,14.753299072265625,-1.042694091796875,-1.0946197509765625,0.078125
1789222376609293000,14.76329296875,-0.454376220703125,-0.8082733154296875,0.011932373046875
1789222376619287000,14.773287109375,-0.4944915771484375,-0.6424407958984375,0.07342529296875
1789222376629282000,14.783281982421874,-0.6375274658203125,-0.8873291015625,0.1370849609375
1789222376639276000,14.793276123046875,-0.77923583984375,-0.6614532470703125,0.0768280029296875
1789222376649270000,14.80327001953125,-0.6112823486328125,-0.60748291015625,-0.10003662109375
1789222376659264000,14.813263916015625,-0.53173828125,-0.8181610107421875,-0.2266082763671875
1789222376669258200,14.82325830078125,-0.755279541015625,-0.738616943359375,-0.170166015625
1789222376679252200,14.833252197265624,-0.8815765380859375,-0.6764068603515625,0.010040283203125
1789222376689247200,14.843247314453125,-0.47296142578125,-0.7379302978515625,0.1331329345703125
1789222376699241200,14.8532412109375,-0.1772308349609375,-0.7471466064453125,0.2107086181640625
1789222376709235000,14.86323486328125,-0.5159912109375,-0.691619873046875,0.286865234375
1789222376719229000,14.87322900390625,-0.9815521240234375,-0.825897216796875,0.32177734375
1789222376729223000,14.883222900390624,-0.9171905517578125,-0.6339569091796875,0.1100616455078125
1789222376739217200,14.893217041015625,-0.5937957763671875,-0.9847259521484375,-0.1601104736328125
1789222376749212000,14.9032119140625,-0.31903076171875,-0.6682586669921875,-0.1774444580078125
1789222376759206100,14.9132060546875,-0.6408843994140625,-0.5864715576171875,-0.0787811279296875
1789222376769200000,14.9232001953125,-1.2589569091796875,-1.2142181396484375,-0.0276031494140625
1789222376779194000,14.933194091796874,-0.8673095703125,-0.774871826171875,0.004241943359375
1789222376789188000,14.94318798828125,-0.5037384033203125,-0.4734039306640625,0.0546417236328125
1789222376799182000,14.95318212890625,-0.5584259033203125,-1.055419921875,0.066680908203125
1789222376809177000,14.963177001953126,-0.605804443359375,-0.736785888671875,0.1451416015625
1789222376819171000,14.973171142578124,-0.60040283203125,-0.31781005859375,0.1866302490234375
1789222376829165000,14.9831650390625,-0.5126953125,-0.905731201171875,0.1062164306640625
1789222376839159000,14.993158935546875,-0.31854248046875,-0.6190032958984375,0.0285491943359375
1789222376849153000,15.003153076171875,-0.6993255615234375,-0.4857940673828125,0.0629425048828125
1789222376859147000,15.01314697265625,-0.976837158203125,-0.952117919921875,0.0551605224609375
1789222376869142000,15.02314208984375,-0.64324951171875,-0.851593017578125,-0.0298919677734375
1789222376879136000,15.033135986328125,-0.572601318359375,-0.791168212890625,0.030242919921875
1789222376889130200,15.043130126953125,-0.624237060546875,-0.8390960693359375,0.1450958251953125
1789222376899124200,15.053124267578125,-0.490875244140625,-0.74151611328125,0.1426239013671875
1789222376909118200,15.0631181640625,-0.5825042724609375,-0.8041839599609375,0.1511077880859375
1789222376919112000,15.07311181640625,-0.56903076171875,-0.55938720703125,0.0428619384765625
1789222376929107000,15.08310693359375,-0.8371734619140625,-0.5366973876953125,-0.082366943359375
1789222376939101000,15.093100830078125,-1.0172882080078125,-0.82293701171875,-0.06707763671875
1789222376949095000,15.103094970703125,-0.6101226806640625,-0.8069915771484375,-0.0754547119140625
1789222376959089200,15.113089111328126,-0.7720184326171875,-0.4433746337890625,-0.0113677978515625
1789222376969083100,15.123083251953124,-1.0133056640625,-0.9878082275390625,0.155364990234375
1789222376979077000,15.1330771484375,-0.3346405029296875,-0.80682373046875,0.1700897216796875
1789222376989072100,15.143072021484375,-0.3901519775390625,-0.5061492919921875,0.170989990234375
1789222376999066000,15.153066162109376,-0.565460205078125,-0.9558868408203125,0.1781158447265625
1789222377009060000,15.16306005859375,-0.3570404052734375,-0.742340087890625,0.1026458740234375
1789222377019054000,15.17305419921875,-0.62890625,-0.467681884765625,0.0303802490234375
1789222377029048000,15.183048095703125,-1.2235565185546875,-1.05242919921875,0.075897216796875
1789222377039042000,15.1930419921875,-0.9245452880859375,-0.4504547119140625,0.014923095703125
1789222377049037000,15.203037109375,-0.586273193359375,-0.711700439453125,-0.126556396484375
1789222377059031000,15.213031005859374,-0.6662139892578125,-1.2541351318359375,-0.0281219482421875
1789222377069025000,15.22302490234375,-0.5557098388671875,-0.450714111328125,0.0992431640625
1789222377079019000,15.23301904296875,-0.6435394287109375,-0.872528076171875,0.179443359375
1789222377089013000,15.243012939453125,-0.3871917724609375,-0.9286041259765625,0.2634429931640625
1789222377099007200,15.25300732421875,0.073333740234375,-0.620819091796875,0.1247406005859375
1789222377109002200,15.263002197265624,-0.80560302734375,-0.6534881591796875,0.054351806640625
1789222377118996200,15.272996337890625,-1.795135498046875,-0.8212432861328125,0.198974609375
1789222377128990200,15.282990234375,-1.052825927734375,-0.89251708984375,-0.0253143310546875
1789222377138984000,15.29298388671875,-0.056854248046875,-0.5377960205078125,-0.385986328125
1789222377148978000,15.30297802734375,-0.6625518798828125,-0.847808837890625,-0.173309326171875
1789222377158972000,15.312971923828124,-1.069549560546875,-1.1161346435546875,0.231597900390625
1789222377168966100,15.322966064453125,-0.5797882080078125,-0.498138427734375,0.0685272216796875
1789222377178961200,15.332961181640625,-0.108123779296875,-0.7659454345703125,-0.08660888671875
1789222377188955100,15.342955078125,0.032958984375,-0.893707275390625,0.121368408203125
1789222377198949000,15.35294921875,-0.259796142578125,-0.524810791015625,0.2691192626953125
1789222377208943000,15.362943115234375,-0.9241485595703125,-0.4120941162109375,0.268707275390625
1789222377218936800,15.372936767578125,-1.1554718017578125,-0.84197998046875,0.2682342529296875
1789222377228931000,15.38293115234375,-0.4475860595703125,-0.7492218017578125,0.1076812744140625
1789222377238925800,15.39292578125,-0.380645751953125,-0.56036376953125,-0.157928466796875
1789222377248920000,15.402920166015624,-1.17822265625,-0.9419403076171875,-0.2305145263671875
1789222377258914000,15.4129140625,-1.17498779296875,-0.789581298828125,-0.1521148681640625
1789222377268908000,15.422907958984375,-0.67962646484375,-0.6725311279296875,-0.0567626953125
1789222377278902000,15.432902099609375,-0.247589111328125,-1.1074371337890625,0.0140533447265625
1789222377288896000,15.44289599609375,-0.3112335205078125,-0.46405029296875,0.238189697265625
1789222377298891000,15.45289111328125,-0.8781890869140625,-0.622314453125,0.444915771484375
1789222377308885000,15.462885009765625,-0.8369293212890625,-1.2034454345703125,0.391510009765625
1789222377318879200,15.472879150390625,-0.0489501953125,-0.4845733642578125,0.039581298828125
1789222377328873000,15.482873046875,-0.253936767578125,-0.6557159423828125,-0.1126708984375
1789222377338867000,15.492866943359376,-1.0549163818359375,-0.82244873046875,0.1306915283203125
1789222377348861000,15.50286083984375,-0.9376678466796875,-0.7247467041015625,0.1817474365234375
1789222377358856000,15.51285595703125,-0.4410858154296875,-0.496978759765625,-0.0529937744140625
1789222377368850000,15.522849853515625,-0.727813720703125,-0.82989501953125,-0.0419158935546875
1789222377378844000,15.532843994140626,-1.2662353515625,-1.0074920654296875,0.18182373046875
1789222377388838100,15.542838134765624,-0.978363037109375,-0.6511993408203125,0.046234130859375
1789222377398832000,15.55283203125,-0.282135009765625,-1.0793609619140625,-0.1783905029296875
1789222377408826000,15.562826171875,0.0422821044921875,-0.690093994140625,0.0219268798828125
1789222377418821000,15.572821044921875,-0.3082275390625,-0.6033782958984375,0.3257293701171875
1789222377428815000,15.582815185546876,-0.9539794921875,-0.8723602294921875,0.337432861328125
1789222377438808800,15.592808837890624,-0.751373291015625,-0.6783294677734375,0.217041015625
1789222377448803000,15.602802978515625,-0.3600311279296875,-0.635162353515625,0.0526885986328125
1789222377458797000,15.612797119140625,-0.5811767578125,-0.4938507080078125,-0.0683135986328125
1789222377468791000,15.622791015625,-1.3471221923828125,-0.9494781494140625,-0.057769775390625
1789222377478786000,15.6327861328125,-1.3119049072265625,-1.00848388671875,0.0523681640625
1789222377488780000,15.642780029296874,-0.255645751953125,-0.5052642822265625,0.097930908203125
1789222377498774000,15.65277392578125,-0.00885009765625,-0.8124237060546875,0.0185546875
1789222377508768000,15.66276806640625,-0.2961273193359375,-1.1360626220703125,0.1186981201171875
1789222377518762000,15.672761962890625,-0.745208740234375,-0.341094970703125,0.282745361328125
1789222377528756000,15.682755859375,-1.0247955322265625,-0.725006103515625,0.18267822265625
1789222377538750000,15.69275,-0.5042572021484375,-1.1009521484375,-0.076385498046875
1789222377548745000,15.702744873046875,-0.18060302734375,-0.3547515869140625,-0.0645599365234375
1789222377558739000,15.712739013671875,-0.879486083984375,-0.78204345703125,0.0960235595703125
1789222377568733000,15.72273291015625,-0.99542236328125,-0.941864013671875,0.0776214599609375
1789222377578727000,15.732726806640626,-0.475311279296875,-0.834716796875,-0.0106658935546875
1789222377588721200,15.74272119140625,-0.29241943359375,-0.83209228515625,0.0173187255859375
1789222377598715100,15.752715087890625,-0.8230133056640625,-0.4451904296875,0.1703338623046875
1789222377608710100,15.762710205078125,-1.2764892578125,-1.0624542236328125,0.2877197265625
1789222377618704100,15.7727041015625,-0.55145263671875,-0.8013153076171875,0.1102294921875
1789222377628698000,15.782697998046874,-0.11334228515625,-0.187774658203125,-0.1253662109375
1789222377638691800,15.79269189453125,-1.0530853271484375,-1.0643157958984375,-0.03802490234375
1789222377648685800,15.802685791015625,-1.0348968505859375,-0.9605255126953125,-0.0163421630859375
1789222377658680000,15.81268017578125,-0.2266998291015625,-0.3322296142578125,-0.1848297119140625
1789222377668675000,15.822675048828126,-0.6187591552734375,-0.7438812255859375,-0.035430908203125
1789222377678669000,15.8326689453125,-1.14947509765625,-1.17022705078125,0.38134765625
1789222377688663000,15.8426630859375,-0.624237060546875,-0.2606201171875,0.3946533203125
1789222377698657000,15.852656982421875,-0.129608154296875,-0.7639923095703125,0.1141510009765625
1789222377708651000,15.862651123046875,-0.21539306640625,-0.962249755859375,0.1150970458984375
1789222377718645000,15.87264501953125,-0.7655792236328125,-0.3576507568359375,0.206756591796875
1789222377728639200,15.88263916015625,-1.0736541748046875,-0.7985382080078125,0.0087432861328125
1789222377738634000,15.892634033203125,-0.74932861328125,-0.8720855712890625,-0.1818389892578125
1789222377748628000,15.9026279296875,-0.8166351318359375,-0.5761260986328125,-0.0477752685546875
1789222377758622000,15.9126220703125,-0.96221923828125,-0.8797454833984375,0.088531494140625
1789222377768616000,15.922615966796876,-1.034454345703125,-0.7125396728515625,0.0694580078125
1789222377778610000,15.93260986328125,-0.8985748291015625,-0.8040008544921875,0.0588226318359375
1789222377788604000,15.94260400390625,-0.5998382568359375,-0.769683837890625,0.084381103515625
1789222377798599000,15.952598876953125,-0.2229766845703125,-0.781951904296875,0.0894927978515625
1789222377808593200,15.96259326171875,-0.390594482421875,-0.834197998046875,0.1145172119140625
1789222377818587100,15.972587158203124,-0.7738189697265625,-0.673980712890625,0.236328125
1789222377828581000,15.9825810546875,-0.9603424072265625,-0.6959075927734375,0.22613525390625
1789222377838575000,15.9925751953125,-0.52044677734375,-0.6057891845703125,-0.0161590576171875
1789222377848568800,16.00256884765625,-0.1909942626953125,-0.708831787109375,-0.2181396484375
1789222377858564000,16.012564208984376,-0.68505859375,-0.53857421875,-0.1550445556640625
1789222377868557800,16.022557861328124,-1.181610107421875,-0.6873321533203125,0.0597381591796875
1789222377878552000,16.032552001953125,-1.204925537109375,-1.1620025634765625,0.14434814453125
1789222377888546000,16.042546142578125,-0.515899658203125,-0.9660797119140625,0.070343017578125
1789222377898540000,16.0525400390625,0.0267181396484375,-0.7560272216796875,0.1576385498046875
1789222377908534000,16.062533935546874,-0.1007537841796875,-0.565399169921875,0.2521209716796875
1789222377918529000,16.072529052734374,-0.2916259765625,-0.8362274169921875,0.17218017578125
1789222377928523000,16.08252294921875,-0.410003662109375,-0.438446044921875,0.0847320556640625
1789222377938517000,16.09251708984375,-1.03741455078125,-0.5363922119140625,0.1354217529296875
1789222377948511200,16.10251123046875,-1.403045654296875,-1.280059814453125,0.076263427734375
1789222377958505000,16.1125048828125,-1.079376220703125,-0.7560272216796875,-0.0773468017578125
1789222377968499000,16.1224990234375,-1.050140380859375,-0.7305145263671875,-0.109649658203125
1789222377978494000,16.132493896484377,-0.9554901123046875,-1.13543701171875,-0.0508270263671875
1789222377988488000,16.142488037109374,-0.1894683837890625,-0.7175445556640625,-0.102935791015625
1789222377998482000,16.15248193359375,-0.1744232177734375,-0.5651702880859375,-0.0293121337890625
1789222378008476000,16.162475830078126,-0.8548431396484375,-0.72760009765625,0.297454833984375
1789222378018470100,16.17247021484375,-0.55084228515625,-0.8973388671875,0.36517333984375
1789222378028464000,16.182464111328127,-0.003326416015625,-0.420806884765625,0.1991424560546875
1789222378038458000,16.1924580078125,-0.53692626953125,-0.5406036376953125,0.1219635009765625
1789222378048453000,16.202453125,-0.80902099609375,-0.89501953125,-0.0212860107421875
1789222378058447000,16.212447021484376,-0.573486328125,-0.707489013671875,-0.099945068359375
1789222378068440800,16.22244091796875,-0.664093017578125,-0.6107177734375,-0.042755126953125
1789222378078435000,16.23243505859375,-1.0337677001953125,-0.9900665283203125,0.1052093505859375
1789222378088429000,16.242428955078125,-0.851593017578125,-0.7623748779296875,0.24700927734375
1789222378098423000,16.252423095703126,-0.7603912353515625,-0.8765716552734375,0.2417449951171875
1789222378108418000,16.26241796875,-0.38775634765625,-0.809326171875,0.0799407958984375
1789222378118412000,16.272412109375,-0.100067138671875,-0.41424560546875,-0.15911865234375
1789222378128406000,16.282406005859375,-0.750885009765625,-0.6108551025390625,-0.1649169921875
1789222378138400000,16.29239990234375,-1.0500640869140625,-0.851837158203125,0.0525970458984375
1789222378148394000,16.30239404296875,-0.692962646484375,-0.516357421875,0.098052978515625
1789222378158388200,16.31238818359375,-0.38653564453125,-0.73272705078125,-0.00390625
1789222378168383200,16.32238330078125,-0.5363006591796875,-1.0776214599609375,0.1302947998046875
1789222378178377000,16.332376953125,-0.9562530517578125,-0.5230865478515625,0.3190460205078125
1789222378188371000,16.342370849609374,-1.133697509765625,-0.7691192626953125,0.1220245361328125
1789222378198365400,16.352365478515626,-0.6778411865234375,-1.0319671630859375,-0.057769775390625
1789222378208359400,16.362359375,-0.27667236328125,-0.6916046142578125,0.0630035400390625
1789222378218353400,16.372353515625,-0.4626922607421875,-0.6418304443359375,0.1244964599609375
1789222378228347400,16.382347412109375,-0.674163818359375,-1.01263427734375,-0.0070953369140625
1789222378238342400,16.39234228515625,-0.46697998046875,-0.779388427734375,-0.0466156005859375
1789222378248336400,16.40233642578125,-0.603729248046875,-0.6768035888671875,-0.0073394775390625
1789222378258330400,16.412330322265625,-0.5340728759765625,-0.94744873046875,0.0006256103515625
1789222378268324400,16.422324462890625,-0.07794189453125,-0.4915313720703125,0.0701904296875
1789222378278318300,16.432318359375,-0.673828125,-0.5057220458984375,0.2334747314453125
1789222378288312300,16.442312255859374,-1.2299957275390625,-1.145843505859375,0.352294921875
1789222378298307300,16.452307373046875,-0.7132110595703125,-0.709014892578125,0.179718017578125
1789222378308301600,16.462301513671875,-0.7053680419921875,-0.54034423828125,-0.1053924560546875
1789222378318295600,16.472295654296875,-0.97760009765625,-1.0505828857421875,-0.1446990966796875
1789222378328289500,16.48228955078125,-0.8368682861328125,-0.759429931640625,0.091705322265625
1789222378338283300,16.492283203125,-0.799102783203125,-0.4043121337890625,0.065338134765625
1789222378348277200,16.50227734375,-0.8411407470703125,-0.991973876953125,0.0048065185546875
1789222378358271500,16.512271484375,-0.59307861328125,-0.65325927734375,0.115692138671875
1789222378368266200,16.522266357421874,-0.5710906982421875,-0.7106170654296875,0.09869384765625
1789222378378260500,16.532260498046874,-0.8033294677734375,-0.8266448974609375,0.09228515625
1789222378388254500,16.54225439453125,-0.4449920654296875,-0.86981201171875,0.1582794189453125
1789222378398248400,16.55224853515625,-0.103912353515625,-0.5628662109375,0.184295654296875
1789222378408242400,16.562242431640627,-0.4761199951171875,-0.6054534912109375,0.278411865234375
1789222378418236400,16.572236328125,-0.6276702880859375,-0.8791351318359375,0.287078857421875
1789222378428231400,16.5822314453125,-0.4799346923828125,-0.623870849609375,0.04150390625
1789222378438225400,16.592225341796876,-0.715240478515625,-0.46636962890625,-0.12030029296875
1789222378448219400,16.602219482421877,-1.1286468505859375,-0.7757415771484375,-0.0518646240234375
1789222378458213400,16.61221337890625,-0.7486114501953125,-0.8948516845703125,-0.079376220703125
1789222378468207400,16.622207275390625,-0.5197601318359375,-0.8539581298828125,-0.1161956787109375
1789222378478201300,16.632201416015626,-0.914520263671875,-0.7631072998046875,0.1121978759765625
1789222378488195300,16.6421953125,-1.0786895751953125,-0.835968017578125,0.2694244384765625
1789222378498190300,16.6521904296875,-0.494903564453125,-1.04547119140625,0.1336669921875
1789222378508184300,16.662184326171875,-0.3563232421875,-0.5793914794921875,0.077911376953125
1789222378518178600,16.672178466796876,-0.9425048828125,-0.6696319580078125,0.2221221923828125
1789222378528172500,16.682172607421876,-0.9034423828125,-0.9365081787109375,0.1859283447265625
1789222378538166300,16.692166259765624,-0.3743438720703125,-0.5805511474609375,-0.04156494140625
1789222378548160300,16.70216015625,-0.4124298095703125,-0.7377777099609375,-0.1636505126953125
1789222378558155300,16.7121552734375,-0.7758636474609375,-0.7280731201171875,-0.0745697021484375
1789222378568149200,16.722149169921874,-0.9237213134765625,-0.79339599609375,0.0063323974609375
1789222378578143200,16.732143310546874,-0.6849365234375,-0.8758087158203125,0.005340576171875
1789222378588137500,16.742137451171875,-0.32720947265625,-0.6861724853515625,0.0874786376953125
1789222378598131500,16.75213134765625,-0.468536376953125,-0.874786376953125,0.197906494140625
1789222378608125400,16.76212548828125,-0.7560272216796875,-0.758209228515625,0.259002685546875
1789222378618119400,16.772119384765624,-0.62322998046875,-0.688262939453125,0.1407470703125
1789222378628114400,16.782114501953124,-0.5456695556640625,-0.8604278564453125,-0.03082275390625
1789222378638108400,16.7921083984375,-0.510772705078125,-0.6834259033203125,-0.0899810791015625
1789222378648102400,16.802102294921873,-0.790740966796875,-0.60247802734375,-0.0396881103515625
1789222378658096400,16.812096435546874,-0.883392333984375,-0.8075714111328125,0.0528106689453125
1789222378668090400,16.82209033203125,-0.6092376708984375,-0.5785369873046875,0.106536865234375
1789222378678084400,16.83208447265625,-0.78338623046875,-0.6360931396484375,0.1269683837890625
1789222378688079400,16.842079345703127,-0.91070556640625,-0.928558349609375,0.1373138427734375
1789222378698073300,16.8520732421875,-0.569580078125,-0.5797271728515625,0.0203704833984375
1789222378708067300,16.8620673828125,-0.7052154541015625,-0.8842010498046875,0.0107574462890625
1789222378718061600,16.8720615234375,-0.74029541015625,-0.81463623046875,0.1174163818359375
1789222378728055600,16.8820556640625,-0.2635345458984375,-0.59271240234375,0.100189208984375
1789222378738049500,16.892049560546877,-0.5372314453125,-0.568817138671875,0.152099609375
1789222378748043300,16.902043212890625,-0.856231689453125,-0.94232177734375,0.2274322509765625
1789222378758038300,16.912038330078126,-0.5428009033203125,-0.6558990478515625,0.129058837890625
1789222378768032300,16.9220322265625,-0.647918701171875,-0.49896240234375,-0.0050048828125
1789222378778026200,16.932026123046874,-0.8412933349609375,-1.201202392578125,0.104583740234375
1789222378788020500,16.9420205078125,-0.527679443359375,-0.659576416015625,0.1474761962890625
1789222378798014500,16.952014404296875,-0.42333984375,-0.5834808349609375,0.1113128662109375
1789222378808008400,16.962008544921876,-0.785308837890625,-0.8011474609375,0.1634368896484375
1789222378818003500,16.97200341796875,-0.847412109375,-0.8779144287109375,0.1065216064453125
1789222378827997400,16.98199755859375,-0.9117889404296875,-0.694122314453125,-0.0577545166015625
1789222378837991400,16.991991455078125,-1.210205078125,-0.7089385986328125,-0.0451507568359375
1789222378847985400,17.0019853515625,-0.9429168701171875,-1.017791748046875,0.0656280517578125
1789222378857979400,17.0119794921875,-0.4416046142578125,-0.7168426513671875,0.094573974609375
1789222378867973400,17.021973388671874,-0.2690277099609375,-0.7382049560546875,0.2060394287109375
1789222378877967400,17.03196728515625,-0.302703857421875,-0.76129150390625,0.2667694091796875
1789222378887962400,17.04196240234375,-0.4752197265625,-0.846405029296875,0.1334686279296875
1789222378897956400,17.051956298828124,-0.6249542236328125,-0.70098876953125,0.0987548828125
1789222378907950300,17.061950439453124,-0.507720947265625,-0.3922119140625,0.1000518798828125
1789222378917944300,17.0719443359375,-0.6189422607421875,-0.8642120361328125,0.006744384765625
1789222378927938600,17.0819384765625,-0.97869873046875,-0.5615386962890625,0.1156768798828125
1789222378937932500,17.0919326171875,-1.2649078369140625,-0.51397705078125,0.2002105712890625
1789222378947926300,17.10192626953125,-0.594207763671875,-1.0821990966796875,-0.0124664306640625
1789222378957921500,17.111921630859374,-0.0695037841796875,-0.6067352294921875,-0.1869659423828125
1789222378967915300,17.121915283203126,-0.548004150390625,-0.8071746826171875,-0.031463623046875
1789222378977909200,17.1319091796875,-0.8482208251953125,-1.0954742431640625,0.2548370361328125
1789222378987903200,17.1419033203125,-0.6564483642578125,-0.6309967041015625,0.3161163330078125
1789222378997897500,17.1518974609375,-0.637939453125,-0.86370849609375,0.236968994140625
1789222379007891500,17.161891357421876,-0.593170166015625,-0.7842254638671875,0.191650390625
1789222379017886500,17.171886474609376,-0.6511383056640625,-0.595306396484375,0.052337646484375
1789222379027880400,17.18188037109375,-1.0750579833984375,-0.726348876953125,-0.124114990234375
1789222379037874400,17.19187451171875,-0.6348114013671875,-0.86968994140625,-0.2084197998046875
1789222379047868400,17.201868408203126,-0.2203369140625,-0.578125,-0.149932861328125
1789222379057862400,17.2118623046875,-0.7481536865234375,-0.897308349609375,0.020416259765625
1789222379067856400,17.2218564453125,-0.78118896484375,-0.9377593994140625,0.0691070556640625
1789222379077850400,17.231850341796875,-0.44805908203125,-0.3653564453125,-0.00128173828125
1789222379087845400,17.241845458984375,-0.4487457275390625,-1.054443359375,0.0769195556640625
1789222379097839400,17.25183935546875,-0.4775848388671875,-0.8583221435546875,0.168365478515625
1789222379107833300,17.261833251953124,-1.1062469482421875,-0.4691619873046875,0.2053375244140625
1789222379117827300,17.271827392578125,-1.2202301025390625,-1.1092681884765625,0.173370361328125
1789222379127821600,17.281821533203125,-0.1952667236328125,-0.918060302734375,-0.004425048828125
1789222379137815600,17.291815673828125,-0.256561279296875,-0.4907073974609375,-0.1981201171875
1789222379147809500,17.3018095703125,-1.268585205078125,-1.0579986572265625,-0.0894927978515625
1789222379157804500,17.311804443359375,-1.5360107421875,-0.8819122314453125,0.1694183349609375
1789222379167798300,17.32179833984375,-0.610260009765625,-0.6759033203125,0.04425048828125
1789222379177792300,17.331792236328123,0.32696533203125,-0.953826904296875,-0.1947479248046875
1789222379187786200,17.3417861328125,-0.10821533203125,-0.465911865234375,0.011474609375
1789222379197780500,17.351780517578124,-1.19659423828125,-0.894866943359375,0.3382415771484375
1789222379207774000,17.36177392578125,-0.7570648193359375,-0.8533935546875,0.208740234375
1789222379217768000,17.371767822265625,-0.179290771484375,-0.4250335693359375,-0.1001739501953125
1789222379227763000,17.381762939453125,-0.3751373291015625,-0.774322509765625,0.023468017578125
1789222379237757000,17.3917568359375,-0.5606536865234375,-0.410552978515625,0.183135986328125
1789222379247751000,17.4017509765625,-0.63543701171875,-0.68389892578125,0.0251617431640625
1789222379257745200,17.4117451171875,-1.02374267578125,-0.9162445068359375,0.1375885009765625
1789222379267739100,17.4217392578125,-1.2679443359375,-0.673492431640625,0.2761688232421875
1789222379277733000,17.431733154296875,-0.8539581298828125,-1.136688232421875,0.080474853515625
1789222379287728000,17.44172802734375,0.0043792724609375,-0.7445068359375,-0.049407958984375
1789222379297722000,17.45172216796875,-0.2490692138671875,-0.560760498046875,0.1190948486328125
1789222379307716000,17.461716064453125,-1.077606201171875,-1.114166259765625,0.2635955810546875
1789222379317709800,17.471709716796877,-0.7891693115234375,-0.6822052001953125,0.1547088623046875
1789222379327704000,17.4817041015625,-0.2826385498046875,-0.52984619140625,-0.120941162109375
1789222379337698000,17.491697998046874,-0.6348419189453125,-0.8934478759765625,-0.18572998046875
1789222379347692000,17.501692138671874,-1.01129150390625,-0.7705841064453125,-0.034393310546875
1789222379357687000,17.51168701171875,-0.6694793701171875,-0.729034423828125,-0.05279541015625
1789222379367681000,17.521680908203123,-0.37261962890625,-0.5323486328125,-0.0604095458984375
1789222379377675000,17.531675048828124,-0.5225830078125,-0.7910919189453125,0.1345367431640625
1789222379387669000,17.5416689453125,-0.54638671875,-0.68975830078125,0.20367431640625
1789222379397663200,17.551663330078124,-0.46832275390625,-0.5466766357421875,0.01873779296875
1789222379407657000,17.561656982421876,-0.696502685546875,-0.7072296142578125,0.0060882568359375
1789222379417651000,17.57165087890625,-0.89312744140625,-0.8658447265625,0.1293792724609375
1789222379427646000,17.58164599609375,-1.049652099609375,-0.769287109375,0.085205078125
1789222379437640000,17.591639892578126,-1.2053985595703125,-0.8450164794921875,0.0707855224609375
1789222379447634000,17.601634033203126,-0.908935546875,-1.0523529052734375,0.107757568359375
1789222379457628000,17.6116279296875,-0.3978118896484375,-0.7749176025390625,0.0233306884765625
1789222379467622100,17.6216220703125,-0.30621337890625,-0.8975067138671875,-0.1262054443359375
1789222379477616000,17.6316162109375,-0.5070953369140625,-0.8591766357421875,-0.100982666015625
1789222379487610000,17.641610107421876,-0.63153076171875,-0.665771484375,0.065521240234375
1789222379497605000,17.651605224609376,-0.7997589111328125,-0.7651824951171875,0.0678558349609375
1789222379507599000,17.66159912109375,-0.76934814453125,-0.457794189453125,-0.0279541015625
1789222379517592800,17.6715927734375,-0.4714508056640625,-0.6376953125,-0.0559844970703125
1789222379527586800,17.6815869140625,-0.2880706787109375,-0.5359344482421875,-0.110565185546875
1789222379537581000,17.6915810546875,-1.2330474853515625,-0.599884033203125,-0.13934326171875
1789222379547575000,17.701574951171875,-1.96380615234375,-1.0438232421875,-0.0373382568359375
1789222379557569000,17.711569091796875,-1.0928802490234375,-0.905670166015625,0.0877685546875
1789222379567564000,17.72156396484375,0.0015869140625,-0.9316558837890625,0.0091400146484375
1789222379577558000,17.73155810546875,0.00958251953125,-1.0711212158203125,-0.004302978515625
1789222379587552000,17.741552001953124,-0.7065582275390625,-0.717987060546875,0.2434234619140625
1789222379597546000,17.7515458984375,-1.2263336181640625,-0.75360107421875,0.3694305419921875
1789222379607540200,17.761540283203125,-0.553375244140625,-1.0838470458984375,0.05853271484375
1789222379617534000,17.771533935546874,0.3038787841796875,-0.1427154541015625,-0.2711029052734375
1789222379627528000,17.78152783203125,-0.450439453125,-0.576568603515625,-0.2509002685546875
1789222379637523000,17.79152294921875,-1.173583984375,-0.9287261962890625,-0.180633544921875
1789222379647517000,17.801516845703127,-0.7243499755859375,-0.1658782958984375,-0.2571258544921875
1789222379657511000,17.811510986328123,-0.4477081298828125,-0.7680816650390625,-0.2806854248046875
1789222379667505200,17.821505126953124,-0.6979827880859375,-1.0841217041015625,-0.041595458984375
1789222379677499100,17.8314990234375,-0.9991912841796875,-0.5564727783203125,0.2982330322265625
1789222379687493000,17.8414931640625,-0.893524169921875,-1.04620361328125,0.3166351318359375
1789222379697488100,17.851488037109377,-0.302398681640625,-1.1134033203125,0.118988037109375
1789222379707482000,17.861482177734374,-0.049163818359375,-0.7724151611328125,0.0399169921875
1789222379717476000,17.87147607421875,-0.4765472412109375,-0.814117431640625,0.0594482421875
1789222379727469800,17.8814697265625,-0.813323974609375,-0.7998809814453125,-0.0964508056640625
1789222379737464000,17.891464111328126,-0.666168212890625,-0.884002685546875,-0.226287841796875
1789222379747458000,17.9014580078125,-0.3050537109375,-0.4072265625,-0.2298583984375
1789222379757452000,17.9114521484375,-0.5765533447265625,-0.6370391845703125,-0.205718994140625
1789222379767446000,17.921446044921876,-0.8727874755859375,-0.8418731689453125,-0.1065216064453125
1789222379777441000,17.93144091796875,-0.828216552734375,-0.3904876708984375,0.0890045166015625
1789222379787435000,17.94143505859375,-0.6607666015625,-0.8343048095703125,0.0667572021484375
1789222379797429000,17.951428955078125,-0.5560455322265625,-0.934600830078125,-0.0031890869140625
1789222379807423200,17.96142333984375,-0.8646240234375,-0.5326995849609375,0.1363525390625
1789222379817417000,17.9714169921875,-1.1535797119140625,-1.020904541015625,0.09844970703125
1789222379827411000,17.981410888671874,-0.6585693359375,-0.8182830810546875,-0.1092071533203125
1789222379837405000,17.991405029296875,-0.3766937255859375,-0.6894378662109375,-0.1306610107421875
1789222379847400000,18.00139990234375,-0.4883270263671875,-0.8410186767578125,0.0233306884765625
1789222379857394000,18.011393798828124,-0.5509796142578125,-0.6358642578125,0.0494232177734375
1789222379867388000,18.021387939453124,-0.663848876953125,-0.75006103515625,0.0441741943359375
1789222379877382100,18.031382080078124,-0.5305938720703125,-0.6350555419921875,0.1728057861328125
1789222379887376100,18.041376220703125,-0.3961639404296875,-0.6153564453125,0.153533935546875
1789222379897370000,18.0513701171875,-0.9091949462890625,-0.8444366455078125,0.0628814697265625
1789222379907364000,18.061364013671874,-1.1766815185546875,-0.7406158447265625,0.080474853515625
1789222379917359000,18.071359130859374,-0.888092041015625,-0.6385040283203125,0.0133056640625
1789222379927352800,18.081352783203126,-0.5500335693359375,-0.9868316650390625,-0.19000244140625
1789222379937346800,18.091346923828127,-0.3783721923828125,-0.8159942626953125,-0.1480560302734375
1789222379947341000,18.101341064453123,-0.5438079833984375,-0.393341064453125,0.104400634765625
1789222379957335000,18.1113349609375,-0.8686676025390625,-0.8571929931640625,0.2409515380859375
1789222379967329000,18.1213291015625,-0.7510986328125,-0.9492950439453125,0.241455078125
1789222379977323000,18.131322998046876,-0.460205078125,-0.74957275390625,0.1612701416015625
1789222379987318000,18.141318115234377,-0.7743377685546875,-0.8278350830078125,0.126678466796875
1789222379997312000,18.15131201171875,-0.7332916259765625,-0.81060791015625,0.13262939453125
1789222380007306000,18.161305908203126,0.2452545166015625,-0.54339599609375,-0.0406036376953125
1789222380017300200,18.17130029296875,0.3331451416015625,-0.4285430908203125,-0.181976318359375
1789222380027294000,18.1812939453125,-0.9859161376953125,-0.9324188232421875,-0.0177001953125
1789222380037288000,18.191287841796875,-1.9152984619140625,-0.8245086669921875,0.294189453125
1789222380047282000,18.201281982421875,-1.1905059814453125,-0.3434600830078125,0.182525634765625
1789222380057277000,18.21127685546875,-0.4003143310546875,-1.0542144775390625,-0.072235107421875
1789222380067271000,18.22127099609375,-0.3558197021484375,-1.0045623779296875,0.102447509765625
1789222380077265200,18.23126513671875,-0.720367431640625,-0.6219024658203125,0.3425140380859375
1789222380087259100,18.241259033203125,-0.8012237548828125,-1.0034027099609375,0.2422332763671875
1789222380097253000,18.251253173828125,-0.09185791015625,-0.87738037109375,0.0172882080078125
1789222380107247000,18.2612470703125,0.124542236328125,-0.3626556396484375,0.070526123046875
1789222380117240800,18.27124072265625,-0.6016693115234375,-0.4381256103515625,0.1757049560546875
1789222380127236000,18.281236083984375,-1.102508544921875,-0.93658447265625,0.1363983154296875
1789222380137229800,18.291229736328123,-0.8702392578125,-0.339080810546875,0.0683441162109375
1789222380147224000,18.30122412109375,-0.863525390625,-0.496551513671875,0.0089263916015625
1789222380157218000,18.311218017578124,-1.19384765625,-1.194122314453125,-0.07708740234375
1789222380167212000,18.3212119140625,-0.8389129638671875,-0.799163818359375,-0.1121368408203125
1789222380177206000,18.3312060546875,-0.412750244140625,-0.715484619140625,-0.0640106201171875
1789222380187200000,18.341199951171873,-0.425933837890625,-0.887451171875,0.095703125
1789222380197195000,18.351195068359374,-0.4316558837890625,-0.8814849853515625,0.2759552001953125
1789222380207189200,18.361189208984374,-0.2694549560546875,-0.514190673828125,0.3173980712890625
1789222380217183200,18.371183349609375,-0.4529571533203125,-0.496063232421875,0.1824188232421875
1789222380227177500,18.381177490234375,-0.861053466796875,-0.821807861328125,-0.00103759765625
1789222380237171200,18.391171142578123,-0.8384857177734375,-0.64215087890625,-0.1969757080078125
1789222380247165200,18.401165283203124,-0.99359130859375,-0.7359466552734375,-0.2870330810546875
1789222380257159200,18.4111591796875,-1.0252685546875,-1.0492706298828125,-0.1633148193359375
1789222380267154200,18.421154296875,-0.5760650634765625,-0.8371429443359375,0.0804595947265625
1789222380277148200,18.431148193359373,-0.4611663818359375,-0.6234130859375,0.2758941650390625
1789222380287142400,18.441142333984374,-0.6089630126953125,-0.67596435546875,0.3516845703125
1789222380297136400,18.451136474609374,-0.640899658203125,-0.830413818359375,0.3030548095703125
1789222380307130400,18.46113037109375,-0.6779022216796875,-0.7394561767578125,0.1542816162109375
1789222380317124400,18.471124267578126,-0.6714324951171875,-0.616424560546875,-0.0338592529296875
1789222380327118000,18.4811181640625,-0.62591552734375,-0.919464111328125,-0.1371002197265625
1789222380337112000,18.491112060546875,-0.7395172119140625,-0.804473876953125,-0.052032470703125
1789222380347107000,18.501107177734376,-0.6477203369140625,-0.810638427734375,0.019073486328125
1789222380357101300,18.511101318359376,-0.6196441650390625,-0.77117919921875,0.0193634033203125
1789222380367095300,18.52109521484375,-1.00201416015625,-0.8516845703125,0.14947509765625
1789222380377089300,18.53108935546875,-0.9148101806640625,-0.7785797119140625,0.2637939453125
1789222380387083300,18.541083251953125,-0.4449310302734375,-0.64422607421875,0.164642333984375
1789222380397077200,18.5510771484375,-0.507354736328125,-0.7098846435546875,0.1100616455078125
1789222380407071200,18.5610712890625,-0.5997467041015625,-0.7493743896484375,0.1696319580078125
1789222380417066200,18.571066162109375,-0.5482940673828125,-0.640045166015625,0.0910186767578125
1789222380427060500,18.581060546875,-0.57373046875,-0.46380615234375,-0.0326385498046875
1789222380437054200,18.59105419921875,-0.701690673828125,-0.894256591796875,-0.0177154541015625
1789222380447048200,18.601048095703124,-0.8899078369140625,-0.6003570556640625,0.1412811279296875
1789222380457042200,18.611042236328124,-1.0143585205078125,-0.5631256103515625,0.2939605712890625
1789222380467036200,18.6210361328125,-0.51861572265625,-1.0746612548828125,0.24505615234375
1789222380477030400,18.631030517578125,0.082977294921875,-0.5648345947265625,0.1092071533203125
1789222380487025200,18.641025146484374,-0.23211669921875,-0.4318084716796875,0.095489501953125
1789222380497019400,18.651019287109374,-0.672637939453125,-0.81292724609375,0.131866455078125
1789222380507013400,18.661013427734375,-0.59112548828125,-0.394683837890625,0.1025390625
1789222380517007400,18.67100732421875,-0.893218994140625,-0.5265960693359375,0.0744476318359375
1789222380527001300,18.68100146484375,-1.30059814453125,-0.8289642333984375,0.13897705078125
1789222380536995000,18.6909951171875,-1.2681121826171875,-0.7550506591796875,0.12823486328125
1789222380546989300,18.7009892578125,-0.8892059326171875,-0.997711181640625,-0.048126220703125
1789222380556983300,18.7109833984375,-0.629913330078125,-0.8481903076171875,-0.0777435302734375
1789222380566978300,18.720978271484373,-0.660400390625,-0.9064178466796875,0.1617584228515625
1789222380576972300,18.73097216796875,-0.603668212890625,-0.9064788818359375,0.3032379150390625
1789222380586966300,18.74096630859375,-0.1934814453125,-0.5828399658203125,0.1584625244140625
1789222380596960300,18.750960205078126,-0.109161376953125,-0.5334320068359375,0.0437164306640625
1789222380606954200,18.760954345703126,-0.7833709716796875,-0.8914642333984375,0.146759033203125
1789222380616948500,18.770948486328123,-0.9884033203125,-0.6697540283203125,0.1325225830078125
1789222380626942200,18.780942138671875,-0.561737060546875,-0.4656982421875,-0.0772705078125
1789222380636937500,18.7909375,-0.8271942138671875,-1.1161346435546875,-0.0995941162109375
1789222380646931200,18.80093115234375,-0.98712158203125,-0.82257080078125,0.0625152587890625
1789222380656925200,18.81092529296875,-0.934539794921875,-0.9758758544921875,0.07806396484375
1789222380666919200,18.820919189453125,-0.406036376953125,-0.971038818359375,0.04327392578125
1789222380676913200,18.8309130859375,0.0126495361328125,-0.6473388671875,0.1683349609375
1789222380686907400,18.840907470703126,-0.3073272705078125,-0.633575439453125,0.294219970703125
1789222380696901400,18.8509013671875,-0.4802398681640625,-0.5171661376953125,0.183349609375
1789222380706896400,18.860896484375,-0.2730560302734375,-0.5584869384765625,-0.070068359375
1789222380716890400,18.870890380859375,-0.760650634765625,-0.50823974609375,-0.1753387451171875
1789222380726884400,18.88088427734375,-1.3240509033203125,-0.7737884521484375,-0.1871337890625
1789222380736878000,18.890878173828124,-1.333343505859375,-0.81060791015625,-0.072418212890625
1789222380746872000,18.9008720703125,-0.8115997314453125,-0.6015777587890625,0.038299560546875
1789222380756866300,18.9108662109375,-0.6466827392578125,-0.914947509765625,0.1313018798828125
1789222380766860300,18.9208603515625,-0.6327667236328125,-0.917877197265625,0.184661865234375
1789222380776854300,18.930854248046874,-0.836700439453125,-0.74188232421875,0.155853271484375
1789222380786849300,18.940849365234374,-0.813873291015625,-0.8916778564453125,0.10040283203125
1789222380796843300,18.95084326171875,-0.532501220703125,-0.975433349609375,0.057098388671875
1789222380806837200,18.960837158203127,-0.3338470458984375,-0.6227569580078125,0.0762939453125
1789222380816831200,18.970831298828124,-0.27484130859375,-0.7971649169921875,0.2152252197265625
1789222380826825500,18.980825439453124,-0.20501708984375,-0.819671630859375,0.2071075439453125
1789222380836819200,18.990819091796876,-0.515472412109375,-0.712493896484375,0.032135009765625
1789222380846813200,19.000813232421876,-0.9774017333984375,-0.660491943359375,-0.0557708740234375
1789222380856808200,19.01080810546875,-0.72845458984375,-0.7194671630859375,-0.037811279296875
1789222380866802200,19.02080224609375,-0.15625,-0.8723297119140625,-0.03582763671875
1789222380876796200,19.030796142578126,-0.3121337890625,-0.50836181640625,0.073974609375
1789222380886790400,19.040790283203126,-1.0331573486328125,-0.463958740234375,0.3417510986328125
1789222380896784400,19.050784423828127,-1.2924041748046875,-1.11077880859375,0.4122161865234375
1789222380906778400,19.0607783203125,-0.7247314453125,-0.8748931884765625,0.054656982421875
1789222380916772400,19.0707724609375,-0.51519775390625,-0.4478912353515625,-0.289093017578125
1789222380926767400,19.080767333984376,-0.9843292236328125,-1.079010009765625,-0.1108245849609375
1789222380936761300,19.09076123046875,-0.804962158203125,-0.9199981689453125,0.269775390625
1789222380946755000,19.100755126953125,-0.6298828125,-0.3759307861328125,0.30072021484375
1789222380956749300,19.110749267578125,-0.4716644287109375,-0.958465576171875,0.20599365234375
1789222380966743300,19.120743408203126,-0.2296142578125,-0.4889678955078125,0.1231842041015625
1789222380976737300,19.1307373046875,-0.50762939453125,-0.7044525146484375,-0.1296844482421875
1789222380986731300,19.140731201171874,-0.728118896484375,-0.869537353515625,-0.2884368896484375
1789222380996725200,19.150725341796875,-0.8938446044921875,-0.5400848388671875,-0.1045074462890625
1789222381006720300,19.16072021484375,-0.7592926025390625,-0.977630615234375,0.1978607177734375
1789222381016714200,19.17071435546875,-0.164215087890625,-0.640411376953125,0.30560302734375
1789222381026708500,19.18070849609375,-0.261993408203125,-0.703643798828125,0.2164459228515625
1789222381036702200,19.1907021484375,-0.881256103515625,-1.12078857421875,0.25421142578125
1789222381046696200,19.2006962890625,-0.99566650390625,-0.525665283203125,0.1691741943359375
1789222381056690200,19.210690185546873,-0.6683197021484375,-1.0290069580078125,-0.1075439453125
1789222381066684200,19.22068408203125,-0.2269744873046875,-1.023651123046875,-0.1395263671875
1789222381076678400,19.230678466796874,-0.1693572998046875,-0.5317840576171875,0.071868896484375
1789222381086673200,19.240673095703126,-0.75830078125,-0.706207275390625,0.092498779296875
1789222381096667400,19.25066748046875,-1.08392333984375,-0.8502197265625,0.0695343017578125
1789222381106661400,19.260661376953124,-0.8283538818359375,-0.45574951171875,0.0572967529296875
1789222381116655400,19.2706552734375,-0.951141357421875,-0.7982177734375,-0.0116119384765625
1789222381126649300,19.2806494140625,-0.767578125,-0.9417266845703125,0.0607147216796875
1789222381136643000,19.29064306640625,-0.5101165771484375,-0.4500274658203125,0.1530914306640625
1789222381146637300,19.30063720703125,-0.6413726806640625,-0.6113739013671875,0.1224212646484375
1789222381156631300,19.31063134765625,-0.84967041015625,-0.9749908447265625,0.1550140380859375
1789222381166626300,19.320626220703126,-0.8360748291015625,-0.6688385009765625,0.14776611328125
1789222381176620300,19.330620361328126,-0.7937164306640625,-0.5911407470703125,0.05029296875
1789222381186614300,19.3406142578125,-0.879058837890625,-0.8995208740234375,0.107879638671875
1789222381196608300,19.350608154296875,-0.5467681884765625,-1.091461181640625,0.296661376953125
1789222381206602500,19.3606025390625,-0.018798828125,-0.344085693359375,0.2131805419921875
1789222381216596500,19.370596435546876,-0.0551300048828125,-0.4976806640625,0.0543670654296875
1789222381226590700,19.3805908203125,-0.8660125732421875,-1.0071563720703125,0.142730712890625
1789222381236585700,19.390585693359377,-1.0432281494140625,-0.639892578125,0.257659912109375
1789222381246579700,19.400579833984374,-0.5553436279296875,-0.60955810546875,0.1143646240234375
1789222381256573700,19.41057373046875,-0.2257232666015625,-0.74468994140625,0.0578765869140625
1789222381266567700,19.420567626953126,-0.77557373046875,-0.88348388671875,0.2376708984375
1789222381276561700,19.430561767578126,-1.3451690673828125,-0.468505859375,0.3796234130859375
1789222381286555600,19.4405556640625,-0.9729766845703125,-0.9732818603515625,0.1497955322265625
1789222381296550000,19.4505498046875,-0.100372314453125,-1.06884765625,-0.0916595458984375
1789222381306543600,19.460543701171876,-0.1216278076171875,-0.36346435546875,0.0379486083984375
1789222381316538600,19.47053857421875,-1.0569610595703125,-1.014892578125,0.336517333984375
1789222381326532600,19.48053271484375,-0.9051971435546875,-0.6371002197265625,0.2996978759765625
1789222381336526600,19.490526611328125,-0.192535400390625,-0.3187713623046875,0.0400543212890625
1789222381346520600,19.5005205078125,-0.455902099609375,-0.9352874755859375,0.0986328125
1789222381356514800,19.510514892578126,-1.15972900390625,-0.4277801513671875,0.279266357421875
1789222381366508800,19.5205087890625,-1.3883209228515625,-0.62548828125,0.1430511474609375
1789222381376502800,19.530502685546875,-0.9257049560546875,-0.8709716796875,-0.07891845703125
1789222381386496800,19.540496826171875,-0.346038818359375,-0.8523101806640625,-0.1073760986328125
1789222381396491800,19.55049169921875,-0.4858551025390625,-0.7600860595703125,-0.09197998046875
1789222381406485800,19.56048583984375,-0.9265594482421875,-0.6548309326171875,0.033111572265625
1789222381416479500,19.5704794921875,-0.7206573486328125,-1.046630859375,0.1898193359375
1789222381426473700,19.5804736328125,-0.1656646728515625,-0.7473602294921875,0.180267333984375
1789222381436467700,19.5904677734375,-0.63623046875,-0.506683349609375,0.10052490234375
1789222381446461700,19.600461669921874,-1.4632415771484375,-1.1259918212890625,0.019378662109375
1789222381456455700,19.61045556640625,-0.8966064453125,-1.0488433837890625,-0.187347412109375
1789222381466449700,19.62044970703125,-0.313934326171875,-0.6294097900390625,-0.37890625
1789222381476444700,19.630444580078127,-0.399658203125,-1.021026611328125,-0.2727508544921875
1789222381486438700,19.640438720703123,-0.3457489013671875,-0.795166015625,0.0052490234375
1789222381496433000,19.650432861328124,-0.3492431640625,-0.465789794921875,0.153472900390625
1789222381506426600,19.660426513671876,-0.407562255859375,-0.4913482666015625,0.1466064453125
1789222381516420600,19.670420654296876,-0.7538909912109375,-1.1081085205078125,0.09027099609375
1789222381526414600,19.68041455078125,-1.0934906005859375,-0.6803436279296875,0.0288543701171875
1789222381536408600,19.69040869140625,-1.2382354736328125,-0.8380279541015625,-0.005889892578125
1789222381546402800,19.70040283203125,-0.514739990234375,-0.92333984375,-0.0930633544921875
1789222381556397600,19.7103974609375,0.1328887939453125,-0.563720703125,-0.1204071044921875
1789222381566391800,19.720391845703126,-0.5233917236328125,-0.92645263671875,0.05645751953125
1789222381576385800,19.7303857421875,-0.843505859375,-0.6922454833984375,0.1651153564453125
1789222381586379800,19.7403798828125,-0.5340118408203125,-0.550567626953125,0.024627685546875
1789222381596373800,19.750373779296876,-0.6675872802734375,-0.63641357421875,-0.00726318359375
1789222381606367500,19.760367431640624,-0.959991455078125,-0.8176116943359375,0.15570068359375
1789222381616361700,19.77036181640625,-0.7924957275390625,-0.6670379638671875,0.10870361328125
1789222381626355700,19.780355712890625,-0.8275299072265625,-0.713348388671875,-0.0550079345703125
1789222381636350700,19.790350830078125,-0.7330474853515625,-0.8709259033203125,-0.0905914306640625
1789222381646344700,19.8003447265625,-0.5811309814453125,-0.8910369873046875,-0.0548858642578125
1789222381656338700,19.810338623046874,-0.5776519775390625,-0.6871490478515625,-0.0069580078125
1789222381666332700,19.820332763671875,-0.5457000732421875,-0.589141845703125,0.212005615234375
1789222381676326700,19.83032666015625,-0.185577392578125,-0.7245941162109375,0.3833465576171875
1789222381686321000,19.84032080078125,-0.2082061767578125,-0.514190673828125,0.2785797119140625
1789222381696314600,19.850314697265624,-0.609588623046875,-0.62542724609375,0.1711578369140625
1789222381706308600,19.86030859375,-1.04107666015625,-0.7612762451171875,0.0993804931640625
1789222381716303600,19.8703037109375,-1.338043212890625,-1.0759429931640625,0.002044677734375
1789222381726297600,19.880297607421873,-0.7322845458984375,-0.709197998046875,0.017059326171875
1789222381736291600,19.89029150390625,-0.3537750244140625,-0.6094512939453125,0.1324005126953125
1789222381746285600,19.90028564453125,-0.44390869140625,-0.9786529541015625,0.2950286865234375
1789222381756279800,19.91027978515625,-0.51837158203125,-0.3555450439453125,0.3231201171875
1789222381766273800,19.920273681640627,-1.0073699951171875,-0.864349365234375,0.1374664306640625
1789222381776267800,19.930267822265623,-1.2099456787109375,-0.8200225830078125,-0.0166168212890625
1789222381786261800,19.94026171875,-0.6216278076171875,-0.6789703369140625,-0.0792083740234375
1789222381796256800,19.9502568359375,-0.2510223388671875,-0.8082122802734375,-0.02435302734375
1789222381806250500,19.96025048828125,-0.7350616455078125,-0.5106201171875,0.1679229736328125
1789222381816244500,19.970244384765625,-0.8769378662109375,-1.02264404296875,0.340728759765625
1789222381826238700,19.98023876953125,-0.5213623046875,-0.615325927734375,0.214111328125
1789222381836232700,19.990232666015626,-0.591888427734375,-0.6949310302734375,-0.0507659912109375
1789222381846226700,20.000226806640626,-0.4183349609375,-0.9489898681640625,-0.05328369140625
1789222381856220700,20.010220703125,-0.3476409912109375,-0.273040771484375,0.0411529541015625
1789222381866214700,20.020214599609375,-0.7001953125,-1.009979248046875,0.0072174072265625
1789222381876209700,20.030209716796875,-0.7041168212890625,-1.0506134033203125,0.11083984375
1789222381886203600,20.04020361328125,-0.7938385009765625,-0.4466552734375,0.1908416748046875
1789222381896198000,20.050197998046876,-1.3763275146484375,-1.3454132080078125,0.1932525634765625
1789222381906191600,20.060191650390625,-0.7816314697265625,-1.1240386962890625,0.177825927734375
1789222381916185600,20.070185546875,0.115447998046875,-0.6134185791015625,-0.0728759765625
1789222381926179600,20.0801796875,-0.2424163818359375,-0.7183990478515625,-0.0782928466796875
1789222381936173600,20.090173583984374,-0.8919525146484375,-0.674407958984375,0.1275634765625
1789222381946167800,20.100167724609374,-0.6360931396484375,-0.833099365234375,0.0686187744140625
1789222381956162800,20.110162841796875,-0.1885223388671875,-0.455352783203125,-0.0887908935546875
1789222381966156800,20.12015673828125,-0.6920928955078125,-0.4604949951171875,-0.082183837890625
1789222381976150800,20.13015087890625,-1.47967529296875,-0.924530029296875,0.0544281005859375
1789222381986144800,20.140144775390624,-0.937255859375,-0.80908203125,0.01861572265625
1789222381996138500,20.150138427734376,0.0001373291015625,-0.6164398193359375,-0.1571502685546875
1789222382006132500,20.160132568359376,-0.3178253173828125,-0.5609588623046875,-0.056182861328125
1789222382016126700,20.170126708984377,-1.170440673828125,-1.062347412109375,0.278045654296875
1789222382026120700,20.18012060546875,-1.01226806640625,-0.7613372802734375,0.39776611328125
1789222382036114700,20.19011474609375,-0.256500244140625,-0.67584228515625,0.0737457275390625
1789222382046109700,20.200109619140626,-0.1493682861328125,-0.8621978759765625,-0.1435394287109375
1789222382056103700,20.210103759765627,-1.309173583984375,-0.698577880859375,0.0324249267578125
1789222382066097700,20.22009765625,-1.473052978515625,-0.9902496337890625,-0.02313232421875
1789222382076091600,20.230091552734375,-0.396636962890625,-0.7900848388671875,-0.3661651611328125
1789222382086086000,20.2400859375,-0.0574188232421875,-0.5920867919921875,-0.4366302490234375
1789222382096079600,20.25007958984375,-0.603790283203125,-0.825225830078125,-0.0762786865234375
1789222382106073600,20.260073486328125,-0.7401123046875,-0.7218780517578125,0.1881561279296875
1789222382116067600,20.270067626953125,-0.4597930908203125,-0.6946868896484375,0.1657562255859375
1789222382126062600,20.2800625,-0.25579833984375,-0.78668212890625,0.1982574462890625
1789222382136056600,20.290056640625,-0.7971343994140625,-0.77313232421875,0.3194580078125
1789222382146050800,20.30005078125,-1.025421142578125,-0.8768768310546875,0.2227020263671875
1789222382156044800,20.310044921875,-1.018829345703125,-0.719024658203125,-0.1130828857421875
1789222382166038800,20.320038818359375,-0.837127685546875,-1.0773162841796875,-0.3510284423828125
1789222382176032800,20.33003271484375,-0.5792999267578125,-0.8797760009765625,-0.279541015625
1789222382186026500,20.340026611328124,-0.3306121826171875,-0.6547393798828125,-0.22454833984375
1789222382196020500,20.3500205078125,-0.4119720458984375,-0.8858642578125,-0.13861083984375
1789222382206015200,20.36001513671875,-0.44134521484375,-0.503082275390625,0.1246185302734375
1789222382216009500,20.370009521484373,-0.3812713623046875,-0.7696685791015625,0.275634765625
1789222382226003500,20.38000341796875,-0.7592315673828125,-0.3977508544921875,0.1511688232421875
1789222382235997200,20.3899970703125,-1.1659088134765625,-0.892059326171875,0.03839111328125
1789222382245991200,20.3999912109375,-1.0001220703125,-0.9985504150390625,0.0111083984375
1789222382255985200,20.409985107421875,-0.8694305419921875,-0.705902099609375,-0.1455535888671875
1789222382265979400,20.4199794921875,-0.6000213623046875,-0.7691192626953125,-0.21563720703125
1789222382275973400,20.429973388671876,-0.535186767578125,-0.72772216796875,0.0724334716796875
1789222382285967400,20.43996728515625,-0.6977691650390625,-0.728790283203125,0.275787353515625
1789222382295962400,20.44996240234375,-0.2007904052734375,-0.5548553466796875,0.1369781494140625
1789222382305956400,20.459956298828125,0.0920562744140625,-0.2931671142578125,-0.0254669189453125
1789222382315950300,20.469950439453125,-0.205413818359375,-0.7700653076171875,-0.005767822265625
1789222382325944300,20.4799443359375,-0.8113555908203125,-0.7601470947265625,0.102020263671875
1789222382335938300,20.489938232421874,-1.5825653076171875,-0.6651763916015625,0.1676788330078125
1789222382345932300,20.499932373046875,-1.4177703857421875,-1.11590576171875,0.1094207763671875
1789222382355926300,20.50992626953125,0.0245513916015625,-0.68658447265625,-0.055572509765625
1789222382365920300,20.519920166015623,0.1590576171875,-0.4896392822265625,-0.1933441162109375
1789222382375915300,20.529915283203124,-1.2568511962890625,-0.9576416015625,0.0289306640625
1789222382385909200,20.5399091796875,-1.443603515625,-0.7973785400390625,0.318603515625
1789222382395903200,20.5499033203125,-0.8152313232421875,-0.5684051513671875,0.2061614990234375
1789222382405897500,20.5598974609375,-0.2149658203125,-0.8240203857421875,-0.0459747314453125
1789222382415891500,20.569891357421874,-0.1359710693359375,-0.9343414306640625,0.0010528564453125
1789222382425885200,20.57988525390625,-0.8032989501953125,-0.6837615966796875,0.0712738037109375
1789222382435879200,20.589879150390626,-1.2754974365234375,-0.7894287109375,0.0682220458984375
1789222382445873200,20.599873046875,-0.4919281005859375,-0.8081512451171875,0.0834197998046875
1789222382455867400,20.609867431640627,0.0408172607421875,-0.3277587890625,0.081451416015625
1789222382465862400,20.6198623046875,-0.7437591552734375,-0.8792877197265625,0.124755859375
1789222382475856400,20.6298564453125,-1.35870361328125,-0.7708892822265625,0.24346923828125
1789222382485850400,20.639850341796876,-0.9928436279296875,-0.5724029541015625,0.10003662109375
1789222382495844400,20.64984423828125,-0.271392822265625,-1.0426025390625,-0.1087799072265625
1789222382505838300,20.65983837890625,-0.2860565185546875,-0.6465911865234375,0.0278472900390625
1789222382515832300,20.669832275390625,-0.9598388671875,-0.78582763671875,0.236907958984375
1789222382525826300,20.679826416015626,-0.7017059326171875,-0.7232666015625,0.1707611083984375
1789222382535820300,20.6898203125,-0.16339111328125,-0.816650390625,-0.0500030517578125
1789222382545815300,20.699815185546875,-0.6146392822265625,-0.86273193359375,-0.0608673095703125
1789222382555809300,20.709809326171875,-0.8622894287109375,-0.50250244140625,0.150604248046875
1789222382565803300,20.71980322265625,-0.89947509765625,-0.7089080810546875,0.17718505859375
1789222382575797200,20.72979736328125,-0.3938140869140625,-0.9461212158203125,-0.080078125
1789222382585791200,20.739791259765624,-0.231231689453125,-0.541778564453125,-0.0740203857421875
1789222382595785500,20.749785400390625,-0.9153594970703125,-0.4798126220703125,0.126190185546875
1789222382605779500,20.759779541015625,-1.161407470703125,-0.9763946533203125,0.1469879150390625
1789222382615773200,20.769773193359374,-0.4215087890625,-0.6375274658203125,0.106658935546875
1789222382625767200,20.77976708984375,-0.17962646484375,-0.55352783203125,0.059478759765625
1789222382635762200,20.78976220703125,-0.9308929443359375,-1.16558837890625,0.12591552734375
1789222382645756200,20.799756103515627,-1.0653839111328125,-0.8165435791015625,0.1083221435546875
1789222382655750400,20.80975048828125,-0.4778594970703125,-0.507049560546875,0.0414581298828125
1789222382665744400,20.819744384765624,0.025177001953125,-0.82220458984375,0.04327392578125
1789222382675738400,20.82973828125,-0.5071563720703125,-0.7897491455078125,0.15057373046875
1789222382685732400,20.839732421875,-1.5305633544921875,-0.5614471435546875,0.207977294921875
1789222382695726300,20.849726318359377,-1.098175048828125,-1.1483154296875,0.0490875244140625
1789222382705720300,20.85972021484375,-0.0709686279296875,-0.6361083984375,-0.1859893798828125
1789222382715714300,20.86971435546875,-0.1492462158203125,-0.7090606689453125,-0.1678009033203125
1789222382725709300,20.879709228515626,-0.47491455078125,-0.8716278076171875,0.1837615966796875
1789222382735703300,20.889703369140626,-0.6956024169921875,-0.234100341796875,0.422210693359375
1789222382745697300,20.899697265625,-0.9795989990234375,-1.1747283935546875,0.3622283935546875
1789222382755691300,20.909691162109375,-0.6577911376953125,-0.624542236328125,0.1530303955078125
1789222382765685200,20.919685302734376,-0.8201446533203125,-0.4268341064453125,-0.082061767578125
1789222382775679200,20.92967919921875,-1.1635284423828125,-1.294219970703125,-0.1337890625
1789222382785673500,20.939673583984376,-0.5877838134765625,-0.62384033203125,0.02703857421875
1789222382795667500,20.94966748046875,-0.3040924072265625,-0.4821014404296875,0.18194580078125
1789222382805661200,20.9596611328125,-0.898651123046875,-1.1016998291015625,0.3497161865234375
1789222382815656400,20.969656494140626,-0.889801025390625,-0.7841339111328125,0.4257354736328125
1789222382825650200,20.979650146484374,-0.472869873046875,-0.5377349853515625,0.1532745361328125
1789222382835644200,20.98964404296875,-0.323516845703125,-0.7902069091796875,-0.098602294921875
1789222382845638400,20.999638427734375,-0.6590423583984375,-0.839385986328125,-0.029937744140625
1789222382855632400,21.00963232421875,-1.1435394287109375,-0.6551971435546875,0.2067718505859375
1789222382865626400,21.01962646484375,-1.039581298828125,-0.711517333984375,0.2888031005859375
1789222382875620400,21.029620361328124,-0.13177490234375,-1.050628662109375,0.1514434814453125
1789222382885614300,21.0396142578125,0.322265625,-0.671539306640625,0.0450439453125
1789222382895609300,21.049609375,-0.7509002685546875,-0.412445068359375,0.1485748291015625
1789222382905603300,21.059603271484374,-1.432037353515625,-0.986053466796875,0.3145751953125
1789222382915597300,21.069597412109374,-0.52716064453125,-0.71600341796875,0.130126953125
1789222382925591300,21.07959130859375,0.222808837890625,-0.5489044189453125,-0.0997314453125
1789222382935585300,21.089585205078127,-0.4978485107421875,-0.785919189453125,0.032012939453125
1789222382945579300,21.099579345703123,-0.9617919921875,-0.7437591552734375,0.2475738525390625
1789222382955573200,21.1095732421875,-0.6674957275390625,-0.798797607421875,0.1142425537109375
1789222382965567200,21.119567138671876,-0.7649383544921875,-0.746124267578125,0.0204315185546875
1789222382975561500,21.1295615234375,-1.128021240234375,-0.6909027099609375,0.1558074951171875
1789222382985555500,21.139555419921876,-0.9964447021484375,-1.027740478515625,0.16644287109375
1789222382995550500,21.149550537109373,-0.3942413330078125,-0.7147979736328125,-0.0068359375
1789222383005544400,21.15954443359375,-0.4891357421875,-0.8343048095703125,0.0352325439453125
1789222383015538200,21.1695380859375,-0.907928466796875,-0.61297607421875,0.2664794921875
1789222383025532200,21.1795322265625,-0.691192626953125,-0.843505859375,0.187286376953125
1789222383035526400,21.1895263671875,-0.2652435302734375,-1.014129638671875,0.0008697509765625
1789222383045520400,21.199520263671875,-0.256622314453125,-0.3749237060546875,0.0111541748046875
1789222383055514400,21.209514404296876,-0.760284423828125,-0.739654541015625,0.1445770263671875
1789222383065508400,21.21950830078125,-1.0657806396484375,-0.7163848876953125,0.2173004150390625
1789222383075502300,21.22950244140625,-0.8253173828125,-0.7891082763671875,0.1996917724609375
1789222383085497300,21.239497314453125,-0.63421630859375,-0.529327392578125,0.0619354248046875
1789222383095491300,21.2494912109375,-0.6210479736328125,-0.95404052734375,-0.110595703125
1789222383105485300,21.2594853515625,-0.6585693359375,-0.8555145263671875,-0.1111602783203125
1789222383115479300,21.269479248046874,-0.853729248046875,-0.587066650390625,0.112030029296875
1789222383125473300,21.279473388671875,-0.6636810302734375,-1.0691680908203125,0.3016204833984375
1789222383135467300,21.28946728515625,-0.2567596435546875,-0.4631500244140625,0.3665313720703125
1789222383145461200,21.299461181640623,-0.5378265380859375,-0.969879150390625,0.332305908203125
1789222383155455200,21.309455322265624,-0.60284423828125,-0.63592529296875,0.1630859375
1789222383165449500,21.319449462890624,-0.7426300048828125,-0.5913848876953125,-0.000640869140625
1789222383175444500,21.329444580078125,-0.9634857177734375,-1.0688629150390625,-0.0917816162109375
1789222383185438500,21.3394384765625,-0.5796966552734375,-0.4133453369140625,-0.1414947509765625
1789222383195432400,21.349432373046874,-0.3525543212890625,-0.5084381103515625,-0.1320037841796875
1789222383205426000,21.359426025390626,-0.823944091796875,-1.0784912109375,-0.110931396484375
1789222383215420000,21.369419921875,-1.202117919921875,-0.5523681640625,-0.0641326904296875
1789222383225414100,21.3794140625,-1.2037811279296875,-0.7486572265625,-0.0239715576171875
1789222383235408100,21.389408203125,-0.646392822265625,-1.1787567138671875,-0.0419158935546875
1789222383245402000,21.399402099609375,0.016876220703125,-0.4803924560546875,-0.0188446044921875
1789222383255396000,21.40939599609375,-0.1757354736328125,-0.824066162109375,0.060302734375
1789222383265391000,21.41939111328125,-0.766143798828125,-0.98065185546875,0.1670074462890625
1789222383275384800,21.429384765625,-0.783935546875,-0.835784912109375,0.1193695068359375
1789222383285378800,21.43937890625,-0.463623046875,-0.8791656494140625,-0.011383056640625
1789222383295373000,21.449373046875,-0.4395751953125,-0.6634063720703125,-0.134674072265625
1789222383305367000,21.459366943359374,-0.88494873046875,-0.971649169921875,-0.0054473876953125
1789222383315361000,21.469361083984374,-0.91204833984375,-0.5994873046875,0.0808258056640625
1789222383325355000,21.47935498046875,-0.4742431640625,-0.7036895751953125,-0.153228759765625
1789222383335349000,21.489348876953127,-0.4698944091796875,-0.7042388916015625,-0.224945068359375
1789222383345343200,21.49934326171875,-0.84344482421875,-0.7003326416015625,-0.0384979248046875
1789222383355338000,21.509337890625,-0.9451141357421875,-0.9142913818359375,0.0348052978515625
1789222383365332200,21.519332275390624,-0.5229034423828125,-0.7242889404296875,0.005523681640625
1789222383375326000,21.529325927734376,-0.2129974365234375,-0.840667724609375,0.1996002197265625
1789222383385320000,21.53931982421875,-0.519805908203125,-0.734100341796875,0.4580230712890625
1789222383395314000,21.54931396484375,-0.94512939453125,-0.4919891357421875,0.4235687255859375
1789222383405308000,21.559307861328126,-1.113525390625,-0.877838134765625,0.166351318359375
1789222383415302100,21.56930224609375,-0.9374847412109375,-0.938507080078125,0.0431365966796875
1789222383425296100,21.579296142578126,-0.99981689453125,-0.4815521240234375,0.04833984375
1789222383435290000,21.5892900390625,-0.7863922119140625,-0.7009429931640625,-0.068389892578125
1789222383445284000,21.5992841796875,-0.0297698974609375,-1.071319580078125,-0.06207275390625
1789222383455279000,21.609279052734376,0.1643829345703125,-0.4907684326171875,0.1497344970703125
1789222383465272800,21.61927294921875,-0.650115966796875,-0.5424041748046875,0.286773681640625
1789222383475266800,21.629266845703125,-1.04412841796875,-1.052886962890625,0.28057861328125
1789222383485261000,21.639260986328125,-0.626922607421875,-0.554534912109375,0.249725341796875
1789222383495255000,21.649255126953125,-0.6210784912109375,-0.5969085693359375,0.233062744140625
1789222383505249000,21.6592490234375,-0.38043212890625,-0.8466644287109375,0.10382080078125
1789222383515243000,21.669242919921874,-0.109344482421875,-0.6468963623046875,-0.0792999267578125
1789222383525237000,21.679237060546875,-0.7526397705078125,-0.6267547607421875,0.0732269287109375
1789222383535231200,21.689231201171875,-1.1125946044921875,-0.6995849609375,0.2313232421875
1789222383545226000,21.69922607421875,-0.4427337646484375,-0.872833251953125,-0.0045623779296875
1789222383555220200,21.70922021484375,-0.0030975341796875,-0.813079833984375,-0.1510162353515625
1789222383565214000,21.7192138671875,-0.770294189453125,-0.6093902587890625,0.091766357421875
1789222383575208000,21.7292080078125,-1.5699615478515625,-0.83740234375,0.29217529296875
1789222383585202000,21.739201904296873,-1.122161865234375,-0.9279937744140625,0.1335296630859375
1789222383595196000,21.74919580078125,-0.2528533935546875,-1.0213775634765625,-0.1120452880859375
1789222383605190100,21.759190185546874,-0.5013275146484375,-0.6997833251953125,0.0013885498046875
1789222383615184100,21.76918408203125,-1.1839752197265625,-0.6236724853515625,0.23138427734375
1789222383625178000,21.77917822265625,-0.688385009765625,-0.9898223876953125,0.07073974609375
1789222383635173000,21.789173095703124,-0.0076751708984375,-0.642608642578125,-0.1217193603515625
1789222383645167000,21.7991669921875,-0.693634033203125,-0.561431884765625,0.1030120849609375
1789222383655160800,21.809160888671876,-1.108795166015625,-0.7628173828125,0.2380523681640625
1789222383665154800,21.81915478515625,-0.3060302734375,-0.689788818359375,-0.049041748046875
1789222383675149000,21.829149169921877,-0.1083984375,-0.660125732421875,-0.1760101318359375
1789222383685143000,21.83914306640625,-0.9921875,-1.03863525390625,0.086578369140625
1789222383695137000,21.849136962890626,-1.2417449951171875,-0.781494140625,0.18896484375
1789222383705131000,21.859131103515626,-0.4564208984375,-0.64447021484375,-0.0204315185546875
1789222383715125000,21.869125,0.203765869140625,-1.0648193359375,-0.0479583740234375
1789222383725119200,21.879119140625,-0.46026611328125,-0.4122161865234375,0.193359375
1789222383735114000,21.889114013671875,-1.2411346435546875,-0.798797607421875,0.284820556640625
1789222383745108200,21.899108154296876,-0.5419769287109375,-0.8753662109375,0.0146026611328125
1789222383755102000,21.90910205078125,-0.089385986328125,-0.476165771484375,-0.245361328125
1789222383765096000,21.919095947265625,-0.774658203125,-0.9661712646484375,-0.1245880126953125
1789222383775090000,21.92908984375,-1.23956298828125,-1.0067901611328125,0.0250396728515625
1789222383785084000,21.939083984375,-1.2136688232421875,-0.746368408203125,-0.07470703125
1789222383795078100,21.949078125,-1.0443572998046875,-1.019561767578125,-0.06390380859375
1789222383805072100,21.959072021484374,-0.5289764404296875,-0.8110504150390625,0.06768798828125
1789222383815066000,21.969066162109375,-0.4361724853515625,-0.863739013671875,0.052398681640625
1789222383825061000,21.97906103515625,-0.2432861328125,-0.75018310546875,0.0246124267578125
1789222383835055000,21.98905517578125,-0.157501220703125,-0.3935394287109375,0.0865936279296875
1789222383845048800,21.999048828125,-0.628143310546875,-1.1142120361328125,-0.002593994140625
1789222383855042800,22.009042724609376,-0.8199920654296875,-0.8872222900390625,-0.02935791015625
1789222383865037000,22.019037109375,-0.53546142578125,-0.619781494140625,-0.00909423828125
1789222383875031000,22.029031005859373,-0.3557586669921875,-1.0053863525390625,-0.0538787841796875
1789222383885025000,22.03902490234375,-0.7595062255859375,-0.9072723388671875,0.0256195068359375
1789222383895019000,22.04901904296875,-1.199005126953125,-0.813751220703125,0.1181488037109375
1789222383905013000,22.059012939453126,-0.8774261474609375,-0.817230224609375,-0.03887939453125
1789222383915007200,22.06900732421875,-0.088165283203125,-0.58673095703125,-0.30242919921875
1789222383925002000,22.079001953125,-0.0071258544921875,-0.5340576171875,-0.2773590087890625
1789222383934996200,22.088996337890624,-0.9283447265625,-0.7847442626953125,-0.0378570556640625
1789222383944990000,22.098989990234376,-1.414337158203125,-0.655487060546875,0.1243133544921875
1789222383954984000,22.10898388671875,-0.8165130615234375,-0.7846527099609375,0.20263671875
1789222383964978000,22.11897802734375,0.0877532958984375,-0.70068359375,0.116455078125
1789222383974972000,22.128971923828125,0.1495208740234375,-0.4845428466796875,0.0157623291015625
1789222383984966100,22.138966064453125,-0.9557952880859375,-0.612152099609375,0.2509765625
1789222383994960100,22.148960205078126,-1.628875732421875,-0.7815704345703125,0.3681182861328125
1789222384004954000,22.1589541015625,-0.7793426513671875,-0.7238311767578125,0.0753326416015625
1789222384014948000,22.168947998046875,-0.3057403564453125,-0.4927520751953125,-0.1302642822265625
1789222384024943000,22.178943115234375,-0.886383056640625,-0.9903411865234375,0.018402099609375
1789222384034936800,22.188936767578124,-1.2924041748046875,-0.92303466796875,0.1696319580078125
1789222384044930800,22.198930908203124,-0.6627349853515625,-0.5167388916015625,-0.0242919921875
1789222384054925000,22.208925048828124,-0.2588348388671875,-0.8569488525390625,-0.1800689697265625
1789222384064919000,22.2189189453125,-0.16015625,-0.934295654296875,-0.0107574462890625
1789222384074913000,22.2289130859375,-0.277496337890625,-0.502777099609375,0.2495269775390625
1789222384084907000,22.238906982421874,-0.566650390625,-0.577178955078125,0.31182861328125
1789222384094901000,22.24890087890625,-0.521514892578125,-0.981109619140625,0.224517822265625
1789222384104895200,22.258895263671874,-0.7366180419921875,-0.438232421875,0.21136474609375
1789222384114889000,22.268888916015626,-1.0215606689453125,-0.76898193359375,0.106048583984375
1789222384124884200,22.27888427734375,-1.0145263671875,-1.1353759765625,-0.1295013427734375
1789222384134878000,22.2888779296875,-1.1526947021484375,-0.9156036376953125,-0.19390869140625
1789222384144872000,22.298871826171876,-0.9147186279296875,-0.6126556396484375,0.028228759765625
1789222384154866000,22.308865966796876,-0.5531005859375,-0.7838134765625,0.2046356201171875
1789222384164860000,22.31885986328125,-0.21734619140625,-0.9410400390625,0.1684417724609375
1789222384174854100,22.328854248046873,0.0669708251953125,-0.3409423828125,0.18414306640625
1789222384184848100,22.33884814453125,-0.38421630859375,-0.5285186767578125,0.2321624755859375
1789222384194842000,22.348842041015626,-1.16357421875,-0.8245391845703125,0.1174468994140625
1789222384204835600,22.358835693359374,-1.084930419921875,-0.607757568359375,0.0669708251953125
1789222384214829600,22.36882958984375,-0.8282012939453125,-0.281829833984375,0.033538818359375
1789222384224824600,22.378824462890623,-0.8177947998046875,-0.9040679931640625,-0.115264892578125
1789222384234818800,22.38881884765625,-0.5051727294921875,-0.97186279296875,-0.0955352783203125
1789222384244812800,22.398812744140624,-0.72998046875,-0.3724212646484375,0.044158935546875
1789222384254806800,22.408806884765625,-1.0354156494140625,-1.0022430419921875,0.143707275390625
1789222384264800800,22.41880078125,-0.5245208740234375,-0.8693695068359375,0.2526397705078125
1789222384274794800,22.428794677734373,-0.0131988525390625,-0.5697784423828125,0.251129150390625
1789222384284788700,22.438788818359374,-0.3568267822265625,-0.831817626953125,0.1620635986328125
1789222384294783000,22.448782958984374,-0.8935546875,-0.9983673095703125,0.1016387939453125
1789222384304776700,22.458776611328126,-1.0872039794921875,-0.6800994873046875,-0.0122528076171875
1789222384314770700,22.468770751953127,-0.9298858642578125,-0.77532958984375,-0.20452880859375
1789222384324765700,22.478765625,-0.335418701171875,-1.0257720947265625,-0.2055511474609375
1789222384334759700,22.488759765625,-0.2344207763671875,-0.698394775390625,-0.029815673828125
1789222384344753700,22.498753662109376,-0.7931365966796875,-0.6735076904296875,0.193023681640625
1789222384354747600,22.50874755859375,-0.8155059814453125,-0.6676025390625,0.2998046875
1789222384364742000,22.518741943359377,-0.4041290283203125,-0.88348388671875,0.2266845703125
1789222384374736000,22.52873583984375,-0.43011474609375,-0.7638092041015625,0.097900390625
1789222384384729900,22.538729736328126,-1.0992279052734375,-0.647705078125,0.1216888427734375
1789222384394723600,22.5487236328125,-0.9512176513671875,-0.9792938232421875,0.0575103759765625
1789222384404717600,22.558717529296874,-0.203125,-0.91229248046875,-0.1407012939453125
1789222384414711800,22.5687119140625,-0.6506500244140625,-0.4082794189453125,-0.118804931640625
1789222384424706800,22.578706787109375,-1.40179443359375,-0.9168853759765625,0.139068603515625
1789222384434700800,22.58870068359375,-0.7628936767578125,-0.887908935546875,0.10357666015625
1789222384444694800,22.59869482421875,-0.12811279296875,-0.506866455078125,-0.069305419921875
1789222384454688800,22.608688720703125,-0.5514373779296875,-0.747161865234375,0.072265625
1789222384464682800,22.618682861328125,-0.9275360107421875,-0.897003173828125,0.2851715087890625
1789222384474676700,22.6286767578125,-0.79034423828125,-0.4940643310546875,0.2190704345703125
1789222384484671000,22.6386708984375,-0.4475860595703125,-0.8145904541015625,0.021392822265625
1789222384494664700,22.648664794921874,-0.106536865234375,-0.690338134765625,-0.09808349609375
1789222384504658700,22.65865869140625,-0.4771270751953125,-0.667236328125,-0.014617919921875
1789222384514652700,22.668652587890627,-1.150054931640625,-0.76739501953125,0.1376953125
1789222384524647700,22.678647705078124,-1.0583343505859375,-0.6012725830078125,0.0910491943359375
1789222384534641700,22.6886416015625,-0.6692047119140625,-0.98992919921875,-0.025543212890625
1789222384544635600,22.6986357421875,-0.475616455078125,-0.9268035888671875,0.0262603759765625
1789222384554630000,22.7086298828125,-0.3948822021484375,-0.624786376953125,0.004119873046875
1789222384564624000,22.718623779296873,-0.64617919921875,-1.0322723388671875,-0.0027313232421875
1789222384574617900,22.728617919921874,-0.5048675537109375,-0.8429412841796875,0.2269439697265625
1789222384584611600,22.738611572265626,-0.236968994140625,-0.5504913330078125,0.279083251953125
1789222384594605600,22.74860546875,-0.6913909912109375,-0.82684326171875,0.1368865966796875
1789222384604599800,22.758599853515626,-1.2248382568359375,-0.7329864501953125,0.1312103271484375
1789222384614593800,22.76859375,-0.936920166015625,-0.77655029296875,0.086090087890625
1789222384624587800,22.778587890625,-0.5196685791015625,-0.688873291015625,-0.16217041015625
1789222384634582800,22.788582763671876,-0.6331329345703125,-0.77899169921875,-0.147979736328125
1789222384644576800,22.79857666015625,-0.683807373046875,-0.8549652099609375,0.1124114990234375
1789222384654570800,22.80857080078125,-0.5389404296875,-0.7584991455078125,0.05340576171875
1789222384664564700,22.818564697265625,-0.560302734375,-0.8946990966796875,-0.0683135986328125
1789222384674559000,22.82855908203125,-0.784515380859375,-0.6319732666015625,0.0738372802734375
1789222384684552700,22.838552734375,-0.9881744384765625,-0.773651123046875,0.200347900390625
1789222384694546700,22.848546630859374,-0.5929412841796875,-0.8313751220703125,0.126190185546875
1789222384704540700,22.858540771484375,-0.15533447265625,-0.63677978515625,0.0264892578125
1789222384714534700,22.86853466796875,-0.644195556640625,-0.7803192138671875,0.11114501953125
1789222384724529000,22.87852880859375,-0.90167236328125,-0.7896728515625,0.1754913330078125
1789222384734523600,22.888523681640624,-0.57391357421875,-0.7877197265625,0.020172119140625
1789222384744518000,22.898517822265624,-0.557769775390625,-0.756683349609375,-0.0556640625
1789222384754512000,22.908511962890625,-0.6500091552734375,-0.6686553955078125,0.1165924072265625
1789222384764505900,22.918505859375,-0.7962799072265625,-0.7852783203125,0.1871185302734375
1789222384774499600,22.92849951171875,-0.5657501220703125,-0.70361328125,0.075103759765625
1789222384784493600,22.93849365234375,-0.3224334716796875,-0.70166015625,-0.0031890869140625
1789222384794487800,22.94848779296875,-0.3486328125,-0.8150177001953125,-0.01202392578125
1789222384804481800,22.958481689453127,-0.360443115234375,-0.692901611328125,-0.052764892578125
1789222384814475800,22.968475830078123,-1.167999267578125,-0.80657958984375,0.0753936767578125
1789222384824469800,22.9784697265625,-1.5852508544921875,-1.048797607421875,0.2180023193359375
1789222384834463700,22.988463623046876,-1.0326995849609375,-0.7277374267578125,-0.0343017578125
1789222384844458800,22.998458740234376,-0.36370849609375,-0.8878173828125,-0.1215667724609375
1789222384854452700,23.00845263671875,-0.2046051025390625,-1.0579681396484375,0.09051513671875
1789222384864447000,23.018447021484373,0.006622314453125,-0.8587493896484375,0.0794219970703125
1789222384874440700,23.028440673828126,-0.250885009765625,-0.5390777587890625,0.0750274658203125
1789222384884434700,23.0384345703125,-0.7354583740234375,-0.7302398681640625,0.1755523681640625
1789222384894428700,23.0484287109375,-0.548980712890625,-0.781280517578125,-0.036163330078125
1789222384904422700,23.058422607421875,-0.436126708984375,-0.457000732421875,-0.316802978515625
1789222384914417000,23.0684169921875,-1.2328338623046875,-0.5255126953125,-0.1754302978515625
1789222384924411000,23.078410888671876,-1.6573944091796875,-0.8419189453125,0.052825927734375
1789222384934404900,23.08840478515625,-1.0129547119140625,-0.921905517578125,-0.0642852783203125
1789222384944398800,23.09839892578125,-0.2240142822265625,-0.7310943603515625,-0.204925537109375
1789222384954393900,23.108393798828125,-0.32525634765625,-0.986907958984375,-0.01751708984375
1789222384964387600,23.1183876953125,-0.410736083984375,-1.0133819580078125,0.1544342041015625
1789222384974381600,23.128381591796874,-0.3071441650390625,-0.624603271484375,0.133209228515625
1789222384984375800,23.138375732421874,-0.5228118896484375,-0.710357666015625,0.2679443359375
1789222384994369800,23.148369873046875,-0.652496337890625,-0.6717681884765625,0.2960052490234375
1789222385004363800,23.15836376953125,-0.5704345703125,-0.5902557373046875,0.0168304443359375
1789222385014357800,23.168357666015623,-0.691864013671875,-0.46136474609375,-0.2444915771484375
1789222385024351700,23.178351806640624,-1.1821746826171875,-0.875946044921875,-0.310577392578125
1789222385034346000,23.188345947265624,-1.131866455078125,-0.8308563232421875,-0.2458648681640625
1789222385044339700,23.198339599609376,-0.79632568359375,-0.5418701171875,-0.17431640625
1789222385054333700,23.208333740234377,-0.43817138671875,-1.009796142578125,-0.06561279296875
1789222385064328700,23.21832861328125,-0.170013427734375,-0.7048187255859375,0.0826263427734375
1789222385074322700,23.22832275390625,-0.1563720703125,-0.47821044921875,0.19500732421875
1789222385084316700,23.238316650390626,-0.5503387451171875,-0.759857177734375,0.232818603515625
1789222385094310700,23.248310546875,-0.6167449951171875,-0.82440185546875,0.2345123291015625
1789222385104305000,23.258304931640627,-0.8727264404296875,-0.4269561767578125,0.192596435546875
1789222385114299000,23.268298828125,-1.1943511962890625,-0.8679962158203125,0.1027679443359375
1789222385124292900,23.27829296875,-0.8364105224609375,-0.933624267578125,-0.1994171142578125
1789222385134286800,23.288286865234376,-0.7339019775390625,-0.5989532470703125,-0.36895751953125
1789222385144280600,23.298280517578124,-1.0463409423828125,-0.78985595703125,-0.24749755859375
1789222385154274800,23.30827490234375,-0.6693115234375,-0.8990631103515625,-0.0190887451171875
1789222385164269600,23.31826953125,0.068359375,-0.49102783203125,0.10430908203125
1789222385174263800,23.328263916015626,-0.0764312744140625,-0.6229248046875,0.2201995849609375
1789222385184257800,23.3382578125,-0.928802490234375,-0.8138275146484375,0.3883209228515625
1789222385194251800,23.348251708984375,-0.935150146484375,-0.7359619140625,0.3048858642578125
1789222385204245800,23.358245849609375,-0.369293212890625,-0.9087371826171875,-0.0004119873046875
1789222385214240000,23.368239990234375,-0.273101806640625,-0.7031097412109375,-0.1203155517578125
1789222385224234000,23.37823388671875,-0.704986572265625,-0.82611083984375,0.0514068603515625
1789222385234228200,23.388228271484376,-1.0549774169921875,-0.8317413330078125,0.2146453857421875
1789222385244222000,23.398221923828125,-0.783599853515625,-0.7119293212890625,0.094268798828125
1789222385254216000,23.4082158203125,-0.5877685546875,-0.902496337890625,-0.0428924560546875
1789222385264210000,23.4182099609375,-0.7246856689453125,-0.7860107421875,0.0025787353515625
1789222385274204000,23.428203857421874,-0.8555145263671875,-0.7932586669921875,-0.006805419921875
1789222385284199000,23.438198974609374,-0.7270660400390625,-0.8202667236328125,-0.093536376953125
1789222385294193200,23.448193115234375,-0.5736083984375,-0.750396728515625,-0.065032958984375
1789222385304187100,23.458187255859375,-0.3583526611328125,-0.88848876953125,-0.01312255859375
1789222385314181000,23.46818115234375,-0.439483642578125,-0.6384429931640625,-0.013580322265625
1789222385324175000,23.478175048828124,-0.50030517578125,-0.6258087158203125,0.0553436279296875
1789222385334168800,23.4881689453125,-0.677947998046875,-0.8466949462890625,0.222747802734375
1789222385344162800,23.498162841796876,-0.59857177734375,-0.5720367431640625,0.1776580810546875
1789222385354157000,23.508156982421873,-0.7255859375,-0.785064697265625,0.0637359619140625
1789222385364151000,23.518151123046874,-0.889129638671875,-0.8621063232421875,0.069000244140625
1789222385374145000,23.52814501953125,-0.7108306884765625,-0.7346343994140625,-0.034393310546875
1789222385384139000,23.538138916015626,-0.5920867919921875,-0.9395751953125,-0.136077880859375
1789222385394134000,23.548134033203127,-0.4962615966796875,-0.8710784912109375,-0.0169525146484375
1789222385404128000,23.5581279296875,-0.1053009033203125,-0.6260223388671875,0.154876708984375
1789222385414122000,23.5681220703125,-0.0742950439453125,-0.504638671875,0.144805908203125
1789222385424116200,23.5781162109375,-0.6875152587890625,-0.768402099609375,0.142669677734375
1789222385434110000,23.58810986328125,-1.6038055419921875,-0.9022369384765625,0.2583160400390625
1789222385444104000,23.59810400390625,-1.61767578125,-0.6994171142578125,0.1700439453125
1789222385454098000,23.608097900390625,-0.4774932861328125,-0.883392333984375,-0.1708221435546875
1789222385464092000,23.618091796875,0.1501312255859375,-0.8379669189453125,-0.25250244140625
1789222385474086100,23.628086181640626,-0.0637054443359375,-0.5692291259765625,0.0209503173828125
1789222385484080000,23.638080078125,-0.9892120361328125,-0.852142333984375,0.277008056640625
1789222385494074000,23.64807421875,-1.4660797119140625,-1.041107177734375,0.2559661865234375
1789222385504069000,23.658069091796875,-0.9930267333984375,-0.752716064453125,0.0921478271484375
1789222385514063000,23.66806298828125,-0.3062896728515625,-0.8083343505859375,0.0366058349609375
1789222385524056800,23.678056884765624,0.5133209228515625,-0.6168365478515625,0.0064544677734375
1789222385534050800,23.68805078125,0.129913330078125,-0.67010498046875,-0.0680084228515625
1789222385544045000,23.698045166015625,-1.3509979248046875,-0.9975128173828125,0.02520751953125
1789222385554039000,23.7080390625,-1.64093017578125,-0.78009033203125,0.1681060791015625
1789222385564033000,23.718032958984374,-0.4578857421875,-0.8606109619140625,0.0025482177734375
1789222385574027000,23.728027099609374,-0.06231689453125,-0.7919158935546875,-0.1374664306640625
1789222385584021000,23.73802099609375,-0.952239990234375,-0.8605804443359375,0.09710693359375
1789222385594015200,23.74801513671875,-1.110198974609375,-0.9987945556640625,0.301666259765625
1789222385604009000,23.758009033203123,0.0933685302734375,-0.510284423828125,-0.038970947265625
1789222385614004200,23.768004150390624,0.3684234619140625,-0.4659423828125,-0.4122772216796875
1789222385623998000,23.777998046875,-0.719085693359375,-1.10345458984375,-0.28509521484375
1789222385633992000,23.787991943359376,-1.6966552734375,-0.5776214599609375,-0.051849365234375
1789222385643986000,23.79798583984375,-1.0731658935546875,-0.7501220703125,-0.144378662109375
1789222385653980000,23.80797998046875,0.0976715087890625,-0.889923095703125,-0.2354736328125
1789222385663974100,23.81797412109375,-0.0272369384765625,-0.32733154296875,-0.057861328125
1789222385673968000,23.827968017578126,-0.9830322265625,-0.9705657958984375,0.1774139404296875
1789222385683962000,23.837962158203126,-1.4484710693359375,-1.1971435546875,0.2735137939453125
1789222385693956000,23.8479560546875,-1.10015869140625,-0.5802764892578125,0.0577392578125
1789222385703949800,23.85794970703125,-0.4372100830078125,-0.96173095703125,-0.0735626220703125
1789222385713944000,23.867944091796875,0.199981689453125,-0.9603271484375,0.0102691650390625
1789222385723938000,23.87793798828125,0.046417236328125,-0.460479736328125,-0.0140380859375
1789222385733933000,23.88793310546875,-1.2168121337890625,-0.727874755859375,-0.0564422607421875
1789222385743927000,23.897927001953125,-1.8699798583984375,-0.7728729248046875,0.095611572265625
1789222385753921000,23.907921142578125,-0.743743896484375,-0.89935302734375,0.0270843505859375
1789222385763915000,23.9179150390625,0.294464111328125,-0.798919677734375,-0.14849853515625
1789222385773909000,23.927908935546874,-0.3387451171875,-0.390411376953125,0.1039581298828125
1789222385783903200,23.9379033203125,-1.7525634765625,-1.1715087890625,0.4537811279296875
1789222385793897000,23.94789697265625,-1.290985107421875,-0.7958526611328125,0.362152099609375
1789222385803891000,23.957890869140623,-0.408935546875,-0.4655303955078125,-0.071929931640625
1789222385813885000,23.967885009765624,-0.5306549072265625,-1.1147003173828125,-0.0785980224609375
1789222385823879000,23.97787890625,-0.8099822998046875,-0.7029266357421875,0.287017822265625
1789222385833873200,23.987873046875,-0.713897705078125,-0.4302520751953125,0.3520660400390625
1789222385843867100,23.9978671875,-0.29156494140625,-0.6488037109375,0.132537841796875
1789222385853862100,24.007862060546874,-0.0397491455078125,-0.6410064697265625,0.117706298828125
1789222385863856000,24.017856201171874,-0.3771514892578125,-0.4676361083984375,0.18060302734375
1789222385873850000,24.02785009765625,-0.8936309814453125,-0.6229095458984375,0.1822357177734375
1789222385883844000,24.037843994140626,-0.8160247802734375,-0.6583251953125,0.31671142578125
1789222385893837800,24.047837890625,-0.6425018310546875,-0.3940582275390625,0.4449462890625
1789222385903832000,24.05783203125,-0.5251312255859375,-0.794036865234375,0.393310546875
1789222385913826000,24.067825927734376,-0.4330902099609375,-0.5083770751953125,0.248748779296875
1789222385923820000,24.077820068359376,-0.58477783203125,-0.6868743896484375,0.1646881103515625
1789222385933814000,24.08781396484375,-1.1589202880859375,-0.8336181640625,0.0758209228515625
1789222385943808000,24.09780810546875,-0.9196014404296875,-0.73876953125,0.0576934814453125
1789222385953802000,24.107802001953125,-0.62457275390625,-0.66253662109375,0.110321044921875
1789222385963796000,24.1177958984375,-0.595550537109375,-0.6731719970703125,0.2407379150390625
1789222385973791200,24.127791259765626,-0.627166748046875,-0.713470458984375,0.3447723388671875
1789222385983785000,24.137784912109375,-0.6746826171875,-0.8084869384765625,0.3311767578125
1789222385993779000,24.147779052734375,-0.523895263671875,-0.4512939453125,0.19775390625
1789222386003773000,24.15777294921875,-0.7375030517578125,-0.683929443359375,0.0790252685546875
1789222386013767000,24.167766845703124,-0.514923095703125,-0.950469970703125,0.16412353515625
1789222386023761200,24.17776123046875,-0.5632171630859375,-0.3325958251953125,0.1827239990234375
1789222386033755100,24.187755126953125,-1.1113433837890625,-0.9312744140625,0.3568572998046875
1789222386043749000,24.1977490234375,-0.9595489501953125,-0.8883514404296875,0.482391357421875
1789222386053743000,24.2077431640625,-0.68304443359375,-0.4386138916015625,0.3160858154296875
1789222386063736800,24.21773681640625,-0.5626068115234375,-0.9318084716796875,0.142303466796875
1789222386073731000,24.22773095703125,-0.392425537109375,-0.766510009765625,0.1118927001953125
1789222386083725000,24.23772509765625,-0.744873046875,-0.5801849365234375,0.0726318359375
1789222386093720000,24.247719970703123,-0.8033905029296875,-0.675018310546875,0.0641021728515625
1789222386103714000,24.257714111328124,-0.551116943359375,-0.587188720703125,0.10968017578125
1789222386113708000,24.2677080078125,-0.780914306640625,-0.9821319580078125,0.0679779052734375
1789222386123702000,24.277701904296876,-0.992095947265625,-0.39996337890625,0.05108642578125
1789222386133696000,24.287696044921876,-0.59173583984375,-0.489959716796875,-0.038055419921875
1789222386143690000,24.29768994140625,-0.429046630859375,-1.24224853515625,-0.155426025390625
1789222386153684000,24.30768408203125,-0.21588134765625,-0.471771240234375,-0.068756103515625
1789222386163678000,24.317677978515626,-0.8089752197265625,-0.6017913818359375,0.0917816162109375
1789222386173672000,24.327671875,-1.0749969482421875,-1.28265380859375,0.275604248046875
1789222386183666000,24.337666015625,-0.4166412353515625,-1.0379180908203125,0.1534271240234375
1789222386193660000,24.347659912109375,-0.2089691162109375,-0.7235260009765625,-0.0535125732421875
1789222386203654100,24.357654052734375,-0.8347015380859375,-0.9686431884765625,0.0325469970703125
1789222386213649200,24.367649169921876,-1.1394195556640625,-1.0748443603515625,0.1595458984375
1789222386223643100,24.37764306640625,-0.47509765625,-0.69915771484375,0.0779266357421875
1789222386233637000,24.38763720703125,-0.05755615234375,-0.53955078125,-0.0445098876953125
1789222386243631000,24.397631103515625,-0.445404052734375,-1.02764892578125,0.1018524169921875
1789222386253624800,24.407624755859374,-0.358489990234375,-0.68719482421875,0.12188720703125
1789222386263619000,24.417619140625,-0.6683502197265625,-0.419097900390625,-0.06402587890625
1789222386273613000,24.427613037109374,-1.101318359375,-1.0628814697265625,-0.051177978515625
1789222386283607000,24.43760693359375,-0.3470916748046875,-0.8424072265625,0.1442718505859375
1789222386293601000,24.44760107421875,-0.2918853759765625,-0.172210693359375,0.1289215087890625
1789222386303595000,24.457594970703123,-1.4395751953125,-1.062835693359375,0.1712799072265625
1789222386313589000,24.467589111328124,-1.6995849609375,-1.0906524658203125,0.3493804931640625
1789222386323583200,24.477583251953124,-0.7707366943359375,-0.2513580322265625,0.123046875
1789222386333578000,24.487577880859376,-0.0251007080078125,-0.9857177734375,-0.3391876220703125
1789222386343572000,24.497572021484373,-0.2537841796875,-0.7792510986328125,-0.3684539794921875
1789222386353566000,24.50756591796875,-0.9752197265625,-0.50933837890625,0.0129852294921875
1789222386363560000,24.517559814453126,-0.9257659912109375,-0.82354736328125,0.0431365966796875
1789222386373554000,24.527553955078126,-0.515838623046875,-0.8525238037109375,-0.0859832763671875
1789222386383548000,24.5375478515625,-0.8672027587890625,-0.6806640625,0.20379638671875
1789222386393542100,24.547542236328123,-1.219757080078125,-0.7147369384765625,0.3748931884765625
1789222386403536100,24.5575361328125,-0.4374237060546875,-1.1264495849609375,0.1018829345703125
1789222386413530000,24.567530029296876,0.14141845703125,-0.6121826171875,-0.03790283203125
1789222386423523800,24.57752392578125,-0.165679931640625,-0.675506591796875,0.1045684814453125
1789222386433517800,24.587517822265625,-0.74786376953125,-1.0403900146484375,0.190582275390625
1789222386443512000,24.597511962890625,-0.7850799560546875,-0.7088775634765625,0.1397552490234375
1789222386453506000,24.607506103515625,-0.143463134765625,-0.840240478515625,-0.1173248291015625
1789222386463501000,24.6175009765625,-0.280303955078125,-0.6049041748046875,-0.1842041015625
1789222386473495000,24.6274951171875,-1.389129638671875,-0.9974212646484375,0.119354248046875
1789222386483489000,24.637489013671875,-1.52154541015625,-1.135986328125,0.1995849609375
1789222386493483000,24.64748291015625,-0.2841644287109375,-0.4676055908203125,-0.043548583984375
1789222386503477000,24.65747705078125,0.28759765625,-0.8612518310546875,-0.0540924072265625
1789222386513471200,24.66747119140625,-0.27850341796875,-0.903900146484375,0.170623779296875
1789222386523465000,24.67746484375,-0.8405914306640625,-0.5861053466796875,0.1291351318359375
1789222386533459000,24.687458984375,-0.947784423828125,-0.740966796875,0.023193359375
1789222386543453000,24.697452880859377,-0.561370849609375,-0.6728973388671875,-0.0074462890625
1789222386553447000,24.707447021484374,-0.5395965576171875,-0.7118682861328125,-0.15863037109375
1789222386563441200,24.717441162109374,-1.0252838134765625,-0.5715484619140625,-0.1109619140625
1789222386573435100,24.72743505859375,-1.3568115234375,-0.860626220703125,0.1283111572265625
1789222386583429000,24.73742919921875,-0.9760284423828125,-1.001739501953125,-0.078460693359375
1789222386593424100,24.747424072265623,-0.1907958984375,-0.746551513671875,-0.2476348876953125
1789222386603418000,24.757418212890624,0.0535430908203125,-0.7063751220703125,0.010284423828125
1789222386613411800,24.767411865234376,-0.189666748046875,-0.7529449462890625,0.139068603515625
1789222386623405800,24.77740576171875,-0.3873748779296875,-0.6765899658203125,0.0493316650390625
1789222386633400000,24.787400146484377,-1.4239959716796875,-0.6935577392578125,0.2957916259765625
1789222386643394000,24.79739404296875,-1.47210693359375,-1.128875732421875,0.3377685546875
1789222386653388000,24.807387939453125,-0.4142303466796875,-0.5290679931640625,-0.133331298828125
1789222386663382000,24.817382080078126,-0.4157562255859375,-0.9580078125,-0.3673095703125
1789222386673376000,24.8273759765625,-0.7241973876953125,-1.2181854248046875,-0.1785125732421875
1789222386683370200,24.837370361328126,-0.750518798828125,-0.360687255859375,-0.0358428955078125
1789222386693364000,24.847364013671875,-0.5395050048828125,-1.273956298828125,-0.119384765625
1789222386703358000,24.85735791015625,0.016357421875,-0.652679443359375,-0.082427978515625
1789222386713352000,24.86735205078125,-0.1811981201171875,-0.1692352294921875,0.1222686767578125
1789222386723347000,24.877346923828124,-0.9422760009765625,-1.0874786376953125,0.105224609375
1789222386733341000,24.8873408203125,-0.7669219970703125,-0.328338623046875,-0.0467681884765625
1789222386743335000,24.8973349609375,-0.9203338623046875,-0.437255859375,-0.0697174072265625
1789222386753329200,24.9073291015625,-1.3217010498046875,-1.352874755859375,-0.0232391357421875
1789222386763323100,24.9173232421875,-0.9691162109375,-0.9260101318359375,-0.0988616943359375
1789222386773317000,24.927317138671874,-0.6287689208984375,-0.78326416015625,-0.0756378173828125
1789222386783311000,24.93731103515625,-0.557373046875,-1.0074005126953125,0.167572021484375
1789222386793304800,24.947304931640623,-0.215057373046875,-0.7337799072265625,0.33892822265625
1789222386803299000,24.957299072265624,-0.07818603515625,-0.26190185546875,0.259674072265625
1789222386813293000,24.96729296875,-0.8240966796875,-0.3682861328125,0.2747650146484375
1789222386823287000,24.977287109375,-1.24884033203125,-0.9966583251953125,0.296630859375
1789222386833281000,24.987281005859376,-0.6764373779296875,-0.6672821044921875,-0.1087646484375
1789222386843275000,24.99727490234375,-0.3864288330078125,-0.403594970703125,-0.427154541015625
1789222386853270000,25.00727001953125,-0.414215087890625,-1.1888580322265625,-0.1972503662109375
1789222386863264000,25.017263916015626,-0.1761016845703125,-0.3742523193359375,0.0800933837890625
1789222386873258200,25.02725830078125,-0.5499267578125,-0.2550506591796875,0.23980712890625
1789222386883252000,25.037251953125,-1.317352294921875,-0.7745208740234375,0.48260498046875
1789222386893246000,25.047245849609375,-1.3906402587890625,-0.77313232421875,0.67059326171875
1789222386903240000,25.057239990234375,-0.9569854736328125,-0.4322052001953125,0.3867034912109375
1789222386913234000,25.06723388671875,-0.53375244140625,-0.72784423828125,-0.115234375
1789222386923228000,25.077227783203124,-0.3907470703125,-1.23101806640625,-0.3115234375
1789222386933222100,25.08722216796875,-0.4965972900390625,-0.774322509765625,-0.23052978515625
1789222386943216000,25.097216064453125,-0.91302490234375,-0.56182861328125,-0.118377685546875
1789222386953210000,25.107210205078125,-1.217559814453125,-1.3294830322265625,0.0648345947265625
1789222386963203800,25.117203857421874,-0.42449951171875,-0.7549591064453125,0.305145263671875
1789222386973197800,25.12719775390625,0.1800994873046875,-0.2179107666015625,0.3554840087890625
1789222386983192800,25.13719287109375,-0.271148681640625,-0.8114776611328125,0.243011474609375
1789222386993187000,25.14718701171875,-0.6556243896484375,-0.7203369140625,0.120819091796875
1789222387003181000,25.15718115234375,-0.6401824951171875,-0.7229156494140625,0.0362701416015625
1789222387013175000,25.167175048828124,-1.0708465576171875,-0.811126708984375,-0.0765380859375
1789222387023169000,25.1771689453125,-1.0089263916015625,-1.20855712890625,-0.1108856201171875
1789222387033163000,25.1871630859375,-0.0765228271484375,-1.07781982421875,-0.1136474609375
1789222387043157000,25.197156982421873,0.1158294677734375,-0.324951171875,-0.0957489013671875
1789222387053151200,25.207151123046874,-1.1435546875,-0.9608154296875,-0.0382080078125
1789222387063145000,25.21714501953125,-1.606536865234375,-1.052734375,0.1498565673828125
1789222387073139000,25.227138916015626,-0.3698577880859375,-0.269989013671875,0.03631591796875
1789222387083133000,25.2371328125,0.5890350341796875,-0.610687255859375,-0.2535858154296875
1789222387093127000,25.247126953125,-0.240386962890625,-0.8065338134765625,-0.1501617431640625
1789222387103121200,25.25712109375,-1.9027252197265625,-0.8742523193359375,0.1776885986328125
1789222387113115100,25.267115234375,-1.713775634765625,-0.7494964599609375,0.0461578369140625
1789222387123110100,25.277110107421876,-0.4747467041015625,-0.844268798828125,-0.2748870849609375
1789222387133104000,25.287104248046877,0.2199249267578125,-0.7746734619140625,-0.3073272705078125
1789222387143098000,25.29709814453125,-0.1724395751953125,-0.428863525390625,-0.079437255859375
1789222387153091800,25.307091796875,-1.3997955322265625,-0.903350830078125,0.224639892578125
1789222387163085800,25.3170859375,-1.1671905517578125,-1.2826080322265625,0.30352783203125
1789222387173080000,25.327080078125,0.0810546875,-0.5151824951171875,0.0990447998046875
1789222387183074000,25.337073974609375,0.213775634765625,-0.6007232666015625,-0.0496673583984375
1789222387193068000,25.347068115234375,-0.52838134765625,-0.8945159912109375,-0.0172271728515625
1789222387203062000,25.35706201171875,-1.095428466796875,-0.5428924560546875,0.0920562744140625
1789222387213056000,25.367055908203124,-0.9082183837890625,-0.8338470458984375,0.06817626953125
1789222387223050200,25.37705029296875,-0.7031707763671875,-0.8846893310546875,0.0585479736328125
1789222387233044200,25.387044189453125,-0.5010223388671875,-0.6187591552734375,0.1452789306640625
1789222387243038200,25.3970380859375,-0.4538116455078125,-0.790924072265625,0.1809844970703125
1789222387253033200,25.407033203125,-0.6024169921875,-0.6924896240234375,0.0741729736328125
1789222387263027000,25.41702685546875,-1.0379791259765625,-0.5922698974609375,0.00543212890625
1789222387273021000,25.42702099609375,-1.2098388671875,-0.8503265380859375,0.1533966064453125
1789222387283015000,25.437014892578127,-0.1317291259765625,-0.623321533203125,0.17816162109375
1789222387293009200,25.447009033203123,0.5771636962890625,-0.32012939453125,-0.064727783203125
1789222387303003100,25.457003173828124,-0.6475067138671875,-0.761871337890625,-0.0142364501953125
1789222387312997000,25.4669970703125,-2.1323089599609375,-1.010650634765625,0.3861236572265625
1789222387322991000,25.4769912109375,-1.3939971923828125,-0.5540008544921875,0.3556671142578125
1789222387332985000,25.486985107421877,0.10272216796875,-0.788330078125,-0.0651397705078125
1789222387342979000,25.49697900390625,0.3184661865234375,-0.8167724609375,0.0145111083984375
1789222387352973000,25.50697314453125,-1.073333740234375,-0.6213836669921875,0.4960784912109375
1789222387362967000,25.516967041015626,-1.6176910400390625,-0.8035125732421875,0.4079742431640625
1789222387372961000,25.5269609375,-0.32391357421875,-0.8350982666015625,-0.2358856201171875
1789222387382955000,25.536955078125,0.19866943359375,-0.891510009765625,-0.4513092041015625
1789222387392949000,25.546948974609375,-0.9942779541015625,-0.6120452880859375,-0.0858917236328125
1789222387402944000,25.556944091796876,-1.9698944091796875,-1.086700439453125,0.314727783203125
1789222387412938200,25.566938232421876,-1.0119781494140625,-0.969940185546875,0.245208740234375
1789222387422932200,25.57693212890625,0.4799041748046875,-0.7644195556640625,-0.08111572265625
1789222387432926200,25.58692626953125,0.0143585205078125,-0.7694854736328125,0.0105438232421875
1789222387442920000,25.596919921875,-1.3164520263671875,-1.078338623046875,0.2117156982421875
1789222387452914000,25.606913818359374,-1.0795745849609375,-0.9449462890625,0.0513458251953125
1789222387462908000,25.616907958984374,0.098663330078125,-0.3652801513671875,-0.080810546875
1789222387472902100,25.626902099609374,0.078155517578125,-0.856292724609375,0.1220855712890625
1789222387482896100,25.636896240234375,-0.7174835205078125,-0.97186279296875,0.346832275390625
1789222387492890000,25.64689013671875,-1.3147125244140625,-0.4706573486328125,0.203033447265625
1789222387502884000,25.656884033203124,-1.6484527587890625,-0.8311309814453125,-0.049957275390625
1789222387512878000,25.666878173828124,-0.8062286376953125,-1.240631103515625,-0.2411651611328125
1789222387522872000,25.6768720703125,0.1431884765625,-0.38958740234375,-0.385986328125
1789222387532866000,25.686865966796876,-0.2287445068359375,-0.40899658203125,-0.229644775390625
1789222387542860000,25.696860107421877,-1.2407989501953125,-1.3665008544921875,0.2939910888671875
1789222387552855000,25.70685498046875,-0.9635467529296875,-0.5396270751953125,0.5573272705078125
1789222387562849000,25.71684912109375,0.111785888671875,-0.4444122314453125,0.194732666015625
1789222387572843000,25.726843017578126,0.4113006591796875,-0.9405975341796875,-0.1484222412109375
1789222387582837000,25.7368369140625,-0.1143646240234375,-0.4533233642578125,-0.180267333984375
1789222387592831200,25.746831298828123,-1.293365478515625,-0.49053955078125,-0.1444854736328125
1789222387602825200,25.7568251953125,-1.8213348388671875,-1.1673583984375,-0.1695098876953125
1789222387612819000,25.76681884765625,-1.011016845703125,-0.8285675048828125,-0.1371612548828125
1789222387622813000,25.77681298828125,-0.016754150390625,-0.7772064208984375,-0.0849609375
1789222387632807000,25.786806884765625,0.007568359375,-0.8607635498046875,0.06201171875
1789222387642801200,25.79680126953125,-0.5081329345703125,-0.5587921142578125,0.2027435302734375
1789222387652795100,25.806795166015625,-1.1195526123046875,-0.730682373046875,0.2490692138671875
1789222387662789000,25.8167890625,-1.0877685546875,-0.562652587890625,0.225250244140625
1789222387672783000,25.826783203125,-0.5269012451171875,-1.1255645751953125,0.028564453125
1789222387682777000,25.836777099609375,-0.2382659912109375,-0.7214508056640625,-0.09954833984375
1789222387692772000,25.846772216796875,-1.001922607421875,-0.456787109375,0.1137847900390625
1789222387702766000,25.85676611328125,-1.2406768798828125,-1.2238311767578125,0.296875
1789222387712760000,25.866760009765624,-0.7262115478515625,-0.5310821533203125,0.182220458984375
1789222387722754000,25.876754150390624,-0.3599395751953125,-0.6132354736328125,-0.005889892578125
1789222387732748000,25.886748046875,-0.8159942626953125,-0.8173828125,0.0291595458984375
1789222387742742000,25.896741943359373,-1.247894287109375,-0.92266845703125,0.209991455078125
1789222387752736000,25.906736083984374,-0.890289306640625,-0.553558349609375,0.2863311767578125
1789222387762730200,25.916730224609374,-0.3939208984375,-0.677520751953125,0.184967041015625
1789222387772724200,25.92672412109375,0.00634765625,-1.14862060546875,0.044281005859375
1789222387782718000,25.936718017578126,-0.201263427734375,-0.2816009521484375,0.0005645751953125
1789222387792712000,25.9467119140625,-1.2753448486328125,-0.7509002685546875,-0.0130615234375
1789222387802706000,25.956705810546875,-1.324249267578125,-1.0538177490234375,0.0112152099609375
1789222387812700200,25.9667001953125,-0.5081787109375,-0.7439422607421875,0.1141357421875
1789222387822694100,25.976694091796876,0.0269622802734375,-0.6830902099609375,0.152435302734375
1789222387832688000,25.986688232421876,-0.4554443359375,-0.4419403076171875,0.1865234375
1789222387842683100,25.99668310546875,-1.0897979736328125,-0.92926025390625,0.2078094482421875
1789222387852677000,26.006677001953125,-0.798736572265625,-0.7759552001953125,-0.004302978515625
1789222387862671000,26.016671142578126,-0.4149017333984375,-0.58001708984375,-0.3096466064453125
1789222387872665000,26.0266650390625,-0.573577880859375,-1.162261962890625,-0.1966552734375
1789222387882659000,26.0366591796875,-0.5978851318359375,-0.91900634765625,0.1811065673828125
1789222387892653000,26.046653076171875,-0.2718048095703125,-0.428192138671875,0.189666748046875
1789222387902647000,26.05664697265625,-0.2527923583984375,-0.6953125,0.066619873046875
1789222387912641000,26.06664111328125,-0.596466064453125,-0.7462615966796875,0.205780029296875
1789222387922635000,26.076635009765624,-0.925201416015625,-0.741546630859375,0.20623779296875
1789222387932629000,26.08662890625,-0.9563140869140625,-1.056884765625,0.0048828125
1789222387942623200,26.096623291015625,-1.0592498779296875,-0.801666259765625,0.019134521484375
1789222387952617200,26.1066171875,-0.946136474609375,-0.800048828125,0.0954742431640625
1789222387962611000,26.11661083984375,-0.9208984375,-1.047698974609375,0.0321044921875
1789222387972605000,26.12660498046875,-0.331756591796875,-0.543121337890625,-0.065093994140625
1789222387982599000,26.136598876953126,-0.0292816162109375,-0.5910186767578125,-0.0773162841796875
1789222387992594000,26.146593994140623,-0.268218994140625,-0.62091064453125,-0.0300140380859375
1789222388002588200,26.156588134765624,-0.58984375,-0.5620880126953125,0.111419677734375
1789222388012582100,26.16658203125,-1.3531036376953125,-0.9949951171875,0.38592529296875
1789222388022576000,26.176576171875,-1.406829833984375,-0.560089111328125,0.3444976806640625
1789222388032570000,26.186570068359377,-0.4712066650390625,-0.9336700439453125,-0.0713348388671875
1789222388042564000,26.196564208984373,0.36834716796875,-0.5287628173828125,-0.1596527099609375
1789222388052557800,26.206557861328125,-0.4473114013671875,-0.2758026123046875,0.1378326416015625
1789222388062552000,26.216552001953126,-1.52545166015625,-1.2222442626953125,0.2956085205078125
1789222388072546000,26.226546142578126,-0.9078826904296875,-0.338836669921875,0.223114013671875
1789222388082540000,26.2365400390625,-0.072784423828125,-0.5801239013671875,-0.013519287109375
1789222388092534000,26.246533935546875,-0.5789947509765625,-1.1583709716796875,-0.00518798828125
1789222388102528000,26.256528076171875,-1.3451995849609375,-0.477508544921875,0.123748779296875
1789222388112522200,26.266522216796876,-1.06915283203125,-0.8785400390625,0.037811279296875
1789222388122516200,26.27651611328125,-0.0117340087890625,-0.96307373046875,0.0316314697265625
1789222388132510000,26.286510009765625,0.266571044921875,-0.541900634765625,0.250946044921875
1789222388142504000,26.29650390625,-0.576019287109375,-0.871337890625,0.390777587890625
1789222388152499000,26.3064990234375,-0.8513336181640625,-0.79144287109375,0.3647918701171875
1789222388162493000,26.316492919921874,-0.4410247802734375,-0.4516754150390625,0.162384033203125
1789222388172487000,26.32648681640625,-0.716094970703125,-0.8290252685546875,0.023040771484375
1789222388182481200,26.336481201171875,-1.0164031982421875,-0.825897216796875,0.04547119140625
1789222388192475100,26.34647509765625,-1.047637939453125,-0.724822998046875,0.04144287109375
1789222388202469000,26.35646923828125,-0.8732452392578125,-1.0106201171875,-0.007171630859375
1789222388212462600,26.366462646484376,-0.2762908935546875,-1.10943603515625,-0.072540283203125
1789222388222456600,26.37645654296875,0.02587890625,-0.6137542724609375,-0.0349884033203125
1789222388232450800,26.386450927734376,-0.5889892578125,-0.975677490234375,0.1541748046875
1789222388242444800,26.39644482421875,-0.6061248779296875,-1.0713958740234375,0.236785888671875
1789222388252438800,26.406438720703125,-0.24310302734375,0.0241241455078125,0.1564788818359375
1789222388262432800,26.416432861328126,-0.4937896728515625,-0.7879180908203125,0.116180419921875
1789222388272426800,26.4264267578125,-0.8400115966796875,-0.831817626953125,0.097076416015625
1789222388282421000,26.4364208984375,-1.4013824462890625,-0.5507049560546875,-0.0675811767578125
1789222388292414700,26.446414794921875,-1.6155548095703125,-1.3143310546875,-0.2812957763671875
1789222388302408700,26.45640869140625,-0.8771820068359375,-0.7645416259765625,-0.339141845703125
1789222388312402700,26.466402587890624,-0.2651519775390625,-0.88897705078125,-0.215179443359375
1789222388322397700,26.476397705078124,-0.1052093505859375,-0.8459625244140625,0.08526611328125
1789222388332391700,26.4863916015625,-0.054901123046875,-0.447509765625,0.4047393798828125
1789222388342385700,26.4963857421875,-0.3178558349609375,-0.6315460205078125,0.5054168701171875
1789222388352380000,26.5063798828125,-0.4532623291015625,-0.513824462890625,0.37921142578125
1789222388362374000,26.516373779296874,-0.4425811767578125,-0.5704803466796875,0.103515625
1789222388372368000,26.526367919921874,-0.897613525390625,-0.758514404296875,-0.0574493408203125
1789222388382361600,26.536361572265626,-1.2433929443359375,-0.7629547119140625,-0.034881591796875
1789222388392355600,26.54635546875,-1.002105712890625,-0.9285736083984375,0.001220703125
1789222388402349800,26.556349853515623,-0.25286865234375,-0.7018280029296875,0.1111297607421875
1789222388412343800,26.56634375,-0.45758056640625,-0.48553466796875,0.267730712890625
1789222388422337800,26.576337890625,-0.897186279296875,-0.9795684814453125,0.3797760009765625
1789222388432331800,26.586331787109376,-0.61895751953125,-0.474822998046875,0.2697906494140625
1789222388442325800,26.59632568359375,-0.3112945556640625,-0.5722198486328125,0.004058837890625
1789222388452319700,26.60631982421875,-0.28289794921875,-0.94781494140625,-0.15228271484375
1789222388462313700,26.616313720703126,-0.86444091796875,-0.567596435546875,0.07373046875
1789222388472307700,26.6263076171875,-1.47332763671875,-0.9043426513671875,0.297607421875
1789222388482302700,26.636302734375,-1.238800048828125,-0.875091552734375,0.180419921875
1789222388492296700,26.646296630859375,-0.6035919189453125,-0.7476959228515625,0.0480804443359375
1789222388502290700,26.656290771484375,-0.3212738037109375,-1.013946533203125,0.021728515625
1789222388512284700,26.66628466796875,-0.05621337890625,-0.5153350830078125,-0.007354736328125
1789222388522279000,26.67627880859375,-0.493011474609375,-0.420501708984375,0.041717529296875
1789222388532273000,26.68627294921875,-1.20623779296875,-0.929290771484375,0.210418701171875
1789222388542267000,26.696266845703125,-1.04132080078125,-0.5380401611328125,0.2791595458984375
1789222388552260900,26.7062607421875,-0.57379150390625,-0.9124755859375,0.1156158447265625
1789222388562254600,26.716254638671874,-0.5328826904296875,-0.8576202392578125,-0.0637969970703125
1789222388572248600,26.72624853515625,-0.8636322021484375,-0.8660430908203125,-0.183319091796875
1789222388582242800,26.736242919921875,-0.9071807861328125,-0.779876708984375,-0.1016845703125
1789222388592236800,26.74623681640625,-0.3173065185546875,-0.71051025390625,0.083251953125
1789222388602230800,26.756230712890623,0.08795166015625,-0.70086669921875,0.112030029296875
1789222388612224800,26.766224853515624,-0.3244171142578125,-0.3338623046875,0.26202392578125
1789222388622218800,26.77621875,-1.0530242919921875,-0.848358154296875,0.375579833984375
1789222388632213000,26.786212890625,-1.0415496826171875,-0.6402587890625,0.138214111328125
1789222388642206700,26.796206787109377,-0.524566650390625,-0.7261199951171875,-0.31658935546875
1789222388652201700,26.80620166015625,-0.5803070068359375,-0.94189453125,-0.454864501953125
1789222388662195700,26.81619580078125,-0.802947998046875,-0.66912841796875,-0.212493896484375
1789222388672189700,26.826189697265626,-0.7819671630859375,-0.985015869140625,-0.1005859375
1789222388682183700,26.83618359375,-0.3408660888671875,-0.94012451171875,-0.02789306640625
1789222388692177700,26.846177734375,-0.4240875244140625,-0.6863555908203125,0.1622467041015625
1789222388702172000,26.856171875,-1.2171630859375,-1.014404296875,0.390533447265625
1789222388712166000,26.866165771484376,-0.6378173828125,-0.7514495849609375,0.2071990966796875
1789222388722159900,26.876159912109376,0.303863525390625,-0.64178466796875,-0.1531829833984375
1789222388732153600,26.886153564453124,0.050201416015625,-0.8322906494140625,-0.221466064453125
1789222388742147600,26.896147705078125,-1.4474945068359375,-1.0509796142578125,-0.0155181884765625
1789222388752141800,26.906141845703125,-2.33416748046875,-0.9583282470703125,0.0662078857421875
1789222388762135800,26.9161357421875,-0.7680511474609375,-0.8347015380859375,-0.2680816650390625
1789222388772129800,26.9261298828125,0.8374176025390625,-0.808685302734375,-0.4565277099609375
1789222388782123800,26.936123779296874,-0.032684326171875,-0.2487945556640625,-0.3089447021484375
1789222388792117800,26.94611767578125,-1.7976531982421875,-1.111358642578125,0.1024932861328125
1789222388802111700,26.95611181640625,-1.253021240234375,-0.74835205078125,0.348602294921875
1789222388812105700,26.966105712890624,0.095550537109375,-0.3431854248046875,0.151824951171875
1789222388822101000,26.97610107421875,0.4486236572265625,-0.9366607666015625,0.070404052734375
1789222388832094700,26.9860947265625,0.031951904296875,-0.352142333984375,0.26165771484375
1789222388842088700,26.996088623046877,-1.521697998046875,-0.3316650390625,0.1612091064453125
1789222388852082700,27.006082763671873,-2.512054443359375,-1.3688812255859375,-0.001190185546875
1789222388862076700,27.01607666015625,-0.996429443359375,-0.8619384765625,-0.0601348876953125
1789222388872071000,27.02607080078125,0.28607177734375,-0.44110107421875,-0.1613311767578125
1789222388882065000,27.03606494140625,-0.223175048828125,-0.6435546875,-0.064697265625
1789222388892059000,27.046058837890627,-1.7264556884765625,-1.061370849609375,0.421875
1789222388902052900,27.056052978515623,-1.50250244140625,-0.7574920654296875,0.5567779541015625
1789222388912046600,27.066046630859375,0.1066741943359375,-0.4419708251953125,0.0897674560546875
1789222388922040600,27.07604052734375,0.4704437255859375,-0.9000091552734375,-0.174346923828125
1789222388932034800,27.086034912109376,-0.0731048583984375,-0.612030029296875,0.1212310791015625
1789222388942028800,27.09602880859375,-0.6489105224609375,-0.302154541015625,0.3664093017578125
1789222388952022800,27.106022705078125,-1.33966064453125,-1.1251068115234375,0.2722930908203125
1789222388962016800,27.116016845703125,-1.679107666015625,-1.312591552734375,0.27679443359375
1789222388972010800,27.1260107421875,-0.7220611572265625,-0.5406036376953125,0.2252960205078125
1789222388982005000,27.1360048828125,0.3885955810546875,-0.6546478271484375,-0.05975341796875
1789222388991998700,27.145998779296875,0.10491943359375,-0.76171875,-0.1555328369140625
1789222389001993700,27.15599365234375,-1.2450714111328125,-0.863555908203125,0.0981597900390625
1789222389011987700,27.16598779296875,-1.72064208984375,-1.0802764892578125,0.280731201171875
1789222389021981700,27.175981689453124,-0.5340576171875,-0.76513671875,0.1824493408203125
1789222389031975700,27.1859755859375,0.505889892578125,-0.5933380126953125,-0.0459747314453125
1789222389041969700,27.1959697265625,-0.457489013671875,-0.5845184326171875,0.008270263671875
1789222389051964000,27.2059638671875,-1.6113739013671875,-1.1864166259765625,0.2338714599609375
1789222389061958000,27.2159580078125,-0.8116912841796875,-0.9047393798828125,0.0608978271484375
1789222389071952000,27.225951904296874,-0.042694091796875,-0.5071868896484375,-0.228424072265625
1789222389081945600,27.235945556640626,-0.687591552734375,-0.8353424072265625,-0.1202850341796875
1789222389091939600,27.245939697265626,-1.449737548828125,-0.6772918701171875,0.34222412109375
1789222389101933800,27.255933837890623,-0.546478271484375,-0.7079315185546875,0.2899322509765625
1789222389111927800,27.265927734375,0.6149139404296875,-0.888885498046875,-0.33197021484375
1789222389121921800,27.275921875,-0.3539581298828125,-0.5099029541015625,-0.3544769287109375
1789222389131915800,27.285915771484376,-1.8583221435546875,-0.8371124267578125,0.144287109375
1789222389141909800,27.29590966796875,-1.047210693359375,-0.98956298828125,0.1417694091796875
1789222389151903700,27.30590380859375,0.8870086669921875,-0.5094451904296875,-0.2535247802734375
1789222389161897700,27.315897705078125,0.5972137451171875,-0.7241363525390625,-0.1240386962890625
1789222389171891700,27.3258916015625,-1.8060150146484375,-0.651092529296875,0.34881591796875
1789222389181885700,27.3358857421875,-2.868896484375,-0.8753204345703125,0.2616424560546875
1789222389191879700,27.345879638671875,-0.202728271484375,-0.987548828125,-0.3054962158203125
1789222389201874700,27.355874755859375,1.246429443359375,-0.030364990234375,-0.4265594482421875
1789222389211869000,27.365868896484375,-0.3529205322265625,-0.729248046875,-0.3099517822265625
1789222389221863000,27.37586279296875,-2.2056732177734375,-1.67889404296875,-0.0361328125
1789222389231857000,27.38585693359375,-1.2635040283203125,-0.545654296875,0.09991455078125
1789222389241851000,27.395850830078125,0.300537109375,-0.4800567626953125,0.0266571044921875
1789222389251844900,27.405844970703125,0.328826904296875,-1.079803466796875,0.105865478515625
1789222389261838800,27.4158388671875,-0.6160125732421875,-0.3140869140625,0.2985076904296875
1789222389271832800,27.425832763671874,-1.536041259765625,-0.620758056640625,0.296722412109375
1789222389281827000,27.4358271484375,-1.082855224609375,-1.1418304443359375,-0.02825927734375
1789222389291821000,27.445821044921875,-0.3013153076171875,-0.67083740234375,-0.3730621337890625
1789222389301814800,27.455814697265627,-0.2416229248046875,-0.800140380859375,-0.27508544921875
1789222389311808800,27.465808837890624,-0.3201446533203125,-0.8475341796875,-0.008209228515625
1789222389321802800,27.475802734375,-0.357147216796875,-0.354522705078125,-0.013824462890625
1789222389331797000,27.485796875,-0.713470458984375,-0.727142333984375,-0.00469970703125
1789222389341791000,27.495791015625,-1.00384521484375,-0.7336578369140625,0.2239837646484375
1789222389351785000,27.505784912109377,-1.3311767578125,-0.86090087890625,0.1963043212890625
1789222389361779000,27.515779052734374,-1.090789794921875,-0.9764404296875,0.0239410400390625
1789222389371773000,27.52577294921875,-0.637603759765625,-0.6197967529296875,0.08154296875
1789222389381767000,27.535766845703126,-0.631988525390625,-1.0439910888671875,0.1534423828125
1789222389391761000,27.545760986328126,-0.3005828857421875,-0.7335052490234375,0.06024169921875
1789222389401756000,27.555755859375,-0.4949951171875,-0.542144775390625,0.052001953125
1789222389411750000,27.56575,-0.8142547607421875,-0.769195556640625,0.2126617431640625
1789222389421743900,27.575743896484376,-0.84906005859375,-0.549468994140625,0.26971435546875
1789222389431737900,27.58573779296875,-0.846343994140625,-0.72772216796875,0.23187255859375
1789222389441731800,27.59573193359375,-0.832794189453125,-0.9486083984375,0.2012939453125
1789222389451726000,27.60572607421875,-0.5226287841796875,-0.8342437744140625,0.08447265625
1789222389461720000,27.615719970703125,-0.3677825927734375,-0.7158355712890625,-0.148651123046875
1789222389471713800,27.6257138671875,-0.460784912109375,-0.6195220947265625,-0.15374755859375
1789222389481707800,27.635707763671874,-0.8874359130859375,-0.654632568359375,0.1461334228515625
1789222389491701800,27.64570166015625,-0.96478271484375,-0.8741912841796875,0.3703155517578125
1789222389501695700,27.65569580078125,-0.4624176025390625,-0.336395263671875,0.2332916259765625
1789222389511690000,27.66568994140625,-0.330291748046875,-0.7982940673828125,0.028594970703125
1789222389521684000,27.67568408203125,-1.019805908203125,-1.0452117919921875,0.1403045654296875
1789222389531678000,27.685677978515624,-1.1685943603515625,-0.786163330078125,0.2364959716796875
1789222389541672000,27.695671875,-0.231353759765625,-0.853179931640625,-0.0326690673828125
1789222389551665700,27.705665771484377,0.3986053466796875,-0.4697418212890625,-0.10748291015625
1789222389561660000,27.715659912109373,0.01153564453125,-0.5724029541015625,0.1321258544921875
1789222389571654000,27.72565380859375,-1.56109619140625,-0.672332763671875,0.2513275146484375
1789222389581648000,27.73564794921875,-2.6373748779296875,-0.7267303466796875,0.232879638671875
1789222389591643000,27.745642822265626,-1.420989990234375,-1.1313323974609375,0.0134735107421875
1789222389601636900,27.755636962890627,0.391998291015625,-0.932647705078125,-0.176055908203125
1789222389611630800,27.765630859375,0.835113525390625,-0.4045257568359375,-0.201263427734375
1789222389621624800,27.775624755859376,-0.6091461181640625,-1.091339111328125,0.081695556640625
1789222389631619000,27.785619140625,-1.1970062255859375,-1.176849365234375,0.31512451171875
1789222389641613000,27.795613037109376,-0.382080078125,-0.1744384765625,0.13323974609375
1789222389651606800,27.805606689453125,-0.3824920654296875,-0.92913818359375,0.0013275146484375
1789222389661600800,27.815600830078125,-0.8937530517578125,-0.691802978515625,0.060546875
1789222389671594800,27.8255947265625,-0.9697113037109375,-0.2125396728515625,0.036376953125
1789222389681589000,27.835589111328126,-0.6558074951171875,-0.7646636962890625,-0.0435791015625
1789222389691583000,27.8455830078125,-0.9327392578125,-1.203887939453125,-0.0075225830078125
1789222389701577000,27.855576904296875,-0.9501495361328125,-0.907379150390625,0.0782928466796875
1789222389711571000,27.865571044921875,-0.3596649169921875,-0.4930572509765625,0.0006103515625
1789222389721565000,27.87556494140625,-0.057830810546875,-0.97882080078125,0.0593109130859375
1789222389731559000,27.885558837890624,-0.0133209228515625,-0.7426910400390625,0.237548828125
1789222389741553000,27.895552978515624,-0.7592010498046875,0.0481109619140625,0.3759307861328125
1789222389751547000,27.905546875,-1.33489990234375,-1.0267181396484375,0.3901214599609375
1789222389761540900,27.915540771484373,-0.397918701171875,-0.832122802734375,0.0437469482421875
1789222389771534800,27.925534912109374,-0.5406036376953125,-0.254150390625,-0.2265777587890625
1789222389781528800,27.93552880859375,-1.3460540771484375,-1.3134918212890625,-0.208221435546875
1789222389791523000,27.945523193359374,-1.148345947265625,-1.099884033203125,-0.171142578125
1789222389801517000,27.95551708984375,-0.5637054443359375,-0.42041015625,-0.1743927001953125
1789222389811512000,27.965511962890623,-0.5370025634765625,-0.867095947265625,0.0880279541015625
1789222389821505800,27.975505859375,-0.3743438720703125,-0.9714508056640625,0.485809326171875
1789222389831499800,27.985499755859376,0.048309326171875,-0.45709228515625,0.4187469482421875
1789222389841493800,27.99549365234375,-0.2198028564453125,-0.8289642333984375,0.1513671875
1789222389851488000,28.005488037109377,-0.4487457275390625,-0.98736572265625,0.0959320068359375
1789222389861482000,28.01548193359375,-0.5766448974609375,-0.8181304931640625,-0.02252197265625
1789222389871476000,28.02547607421875,-1.084564208984375,-0.4862518310546875,-0.1632537841796875
1789222389881470000,28.035469970703126,-1.5049896240234375,-0.7315673828125,-0.0065765380859375
1789222389891464000,28.0454638671875,-0.6929931640625,-1.23614501953125,0.153350830078125
1789222389901457700,28.055457763671875,-0.16351318359375,-0.3782806396484375,0.0480499267578125
1789222389911452000,28.065451904296875,-0.940643310546875,-0.6832733154296875,0.1351318359375
1789222389921446000,28.07544580078125,-1.2298736572265625,-1.4574127197265625,0.3142547607421875
1789222389931439900,28.08543994140625,-0.3323974609375,-0.5078125,0.1471710205078125
1789222389941433900,28.095433837890624,0.1181488037109375,-0.4544830322265625,-0.1022796630859375
1789222389951427800,28.105427734375,-0.00372314453125,-0.9097747802734375,0.0235748291015625
1789222389961422000,28.115422119140625,-0.545318603515625,-0.6693572998046875,0.2431488037109375
1789222389971416000,28.125416015625,-1.3377685546875,-0.4676666259765625,0.2609710693359375
1789222389981409800,28.135409912109374,-1.7019195556640625,-0.7380523681640625,0.24578857421875
1789222389991403800,28.14540380859375,-0.707183837890625,-1.0185089111328125,0.067596435546875
1789222390001397800,28.155397705078126,0.3486480712890625,-0.4593658447265625,-0.1240234375
1789222390011392000,28.16539208984375,-0.109161376953125,-0.3546600341796875,-0.0188446044921875
1789222390021386000,28.175385986328124,-0.74505615234375,-1.331451416015625,0.1889190673828125
1789222390031381000,28.185381103515624,-0.5060577392578125,-0.24713134765625,0.3133697509765625
1789222390041375000,28.195375,-0.985198974609375,-0.585357666015625,0.243072509765625
1789222390051369000,28.205368896484377,-1.240325927734375,-1.49658203125,0.1976470947265625
1789222390061363000,28.215363037109373,-0.3449554443359375,-0.214111328125,0.0940704345703125
1789222390071357000,28.22535693359375,-0.46624755859375,-0.423187255859375,0.007843017578125
1789222390081351000,28.235350830078126,-1.2765655517578125,-1.4224090576171875,0.245513916015625
1789222390091345000,28.245344970703126,-1.11572265625,-0.7286224365234375,0.361297607421875
1789222390101339000,28.2553388671875,-0.205047607421875,-0.5230255126953125,0.1123199462890625
1789222390111332900,28.265332763671875,0.0892333984375,-0.7063140869140625,-0.11993408203125
1789222390121326800,28.275326904296875,-0.408294677734375,-0.734039306640625,-0.1675262451171875
1789222390131320800,28.28532080078125,-1.108306884765625,-0.4689483642578125,0.02545166015625
1789222390141315000,28.295315185546876,-1.4806060791015625,-0.7645721435546875,0.214813232421875
1789222390151309000,28.30530908203125,-0.9015350341796875,-1.1856689453125,0.0955352783203125
1789222390161302800,28.315302734375,-0.486907958984375,-0.531829833984375,0.006622314453125
1789222390171296800,28.325296875,-0.7978973388671875,-0.914581298828125,0.1372222900390625
1789222390181290800,28.335290771484374,-0.6645965576171875,-1.224334716796875,0.13812255859375
1789222390191285000,28.345284912109374,-0.1526947021484375,-0.7022552490234375,0.082763671875
1789222390201279000,28.355279052734375,0.0052337646484375,-0.6708984375,0.1006927490234375
1789222390211272700,28.365272705078127,-0.4513397216796875,-0.38885498046875,0.206329345703125
1789222390221266700,28.3752666015625,-1.0767669677734375,-0.7824554443359375,0.243896484375
1789222390231260700,28.3852607421875,-0.767913818359375,-0.8761138916015625,-0.028076171875
1789222390241254700,28.395254638671876,-0.9842987060546875,-0.4638671875,-0.284210205078125
1789222390251248600,28.40524853515625,-1.265625,-1.4610748291015625,-0.216552734375
1789222390261242600,28.41524267578125,-0.6262664794921875,-0.692169189453125,-0.1231842041015625
1789222390271237600,28.425237548828125,-0.14959716796875,-0.1513214111328125,-0.091033935546875
1789222390281231600,28.435231689453126,-0.326629638671875,-1.37030029296875,0.05523681640625
1789222390291225600,28.4452255859375,-0.5342864990234375,-0.1281890869140625,0.2789154052734375
1789222390301219600,28.455219482421874,-0.8152313232421875,-0.475250244140625,0.350555419921875
1789222390311213800,28.4652138671875,-0.3925933837890625,-1.219879150390625,0.1156005859375
1789222390321207800,28.475207763671875,-0.7078704833984375,-0.3664703369140625,0.027069091796875
1789222390331201800,28.485201904296876,-1.66168212890625,-0.60107421875,0.094482421875
1789222390341195500,28.495195556640624,-0.9657440185546875,-1.3365478515625,-0.1376495361328125
1789222390351189500,28.505189453125,0.096588134765625,-0.6030120849609375,-0.382843017578125
1789222390361183700,28.515183837890625,-0.4861602783203125,-0.390960693359375,-0.243194580078125
1789222390371177700,28.525177734375,-1.3641204833984375,-1.349639892578125,0.1935272216796875
1789222390381171700,28.535171630859374,-0.5677947998046875,-0.4307861328125,0.403533935546875
1789222390391165700,28.545165771484374,0.26922607421875,-0.412506103515625,0.2995452880859375
1789222390401159700,28.55515966796875,-0.42266845703125,-1.010223388671875,0.2428131103515625
1789222390411154000,28.56515380859375,-1.3398895263671875,-0.84735107421875,0.2512969970703125
1789222390421147600,28.575147705078123,-1.246978759765625,-0.9259185791015625,0.1056671142578125
1789222390431141600,28.5851416015625,-0.2147979736328125,-0.9269866943359375,-0.2226715087890625
1789222390441135600,28.595135498046876,0.314361572265625,-0.639373779296875,-0.3664093017578125
1789222390451129600,28.605129638671876,-0.251617431640625,-0.5282440185546875,0.033050537109375
1789222390461123600,28.61512353515625,-1.2909088134765625,-0.8106689453125,0.3945159912109375
1789222390471117800,28.625117919921873,-1.5555419921875,-0.84075927734375,0.3295745849609375
1789222390481111800,28.63511181640625,-0.9990692138671875,-0.7076873779296875,0.2547454833984375
1789222390491105800,28.645105712890626,-0.1571197509765625,-0.7530670166015625,0.1584930419921875
1789222390501099500,28.655099609375,0.110015869140625,-0.6104888916015625,-0.1080169677734375
1789222390511093500,28.665093505859375,-0.7287139892578125,-0.7926025390625,-0.02362060546875
1789222390521088500,28.675088623046875,-0.9036865234375,-0.6842803955078125,0.0973358154296875
1789222390531082800,28.685082763671875,-0.6216888427734375,-0.499053955078125,-0.1103515625
1789222390541076700,28.69507666015625,-0.87811279296875,-0.966583251953125,-0.0901641845703125
1789222390551070700,28.70507080078125,-0.94110107421875,-0.7445068359375,0.07110595703125
1789222390561064700,28.715064697265625,-0.747833251953125,-0.8430328369140625,0.0334320068359375
1789222390571058700,28.72505859375,-0.5496826171875,-0.9031524658203125,0.0399169921875
1789222390581052700,28.735052734375,-0.45941162109375,-0.422027587890625,0.0639801025390625
1789222390591046700,28.745046630859374,-0.1337738037109375,-1.2126007080078125,-0.045684814453125
1789222390601040600,28.75504052734375,0.0809173583984375,-0.4981842041015625,-0.0336761474609375
1789222390611034600,28.76503466796875,-0.6745452880859375,-0.446502685546875,0.09027099609375
1789222390621028600,28.775028564453127,-1.09600830078125,-1.370391845703125,0.095916748046875
1789222390631022600,28.785022705078124,-0.552734375,-0.1549530029296875,0.0659637451171875
1789222390641016800,28.795016845703124,-0.3099212646484375,-0.555267333984375,-0.0225677490234375
1789222390651010800,28.8050107421875,-0.8203277587890625,-1.2028350830078125,-0.0225677490234375
1789222390661004800,28.8150048828125,-1.533843994140625,-0.7115936279296875,0.0367889404296875
1789222390670998500,28.82499853515625,-1.6006622314453125,-0.9432525634765625,0.063507080078125
1789222390680992500,28.834992431640625,-0.431396484375,-1.1102294921875,-0.0270233154296875
1789222390690986800,28.84498681640625,0.6494598388671875,-0.732513427734375,-0.1632232666015625
1789222390700980700,28.854980712890626,0.2142181396484375,-0.457794189453125,0.0130615234375
1789222390710974700,28.864974609375,-1.128662109375,-0.495849609375,0.3255767822265625
1789222390720968700,28.87496875,-1.249359130859375,-0.8465728759765625,0.2379913330078125
1789222390730962700,28.884962646484375,-0.2731170654296875,-0.75994873046875,-0.05963134765625
1789222390740956700,28.894956787109376,-0.295196533203125,-0.663055419921875,-0.04791259765625
1789222390750950700,28.90495068359375,-1.661834716796875,-1.2033538818359375,0.1944580078125
1789222390760944600,28.914944580078124,-1.5451507568359375,-0.9369354248046875,0.1903076171875
1789222390770938600,28.924938720703125,0.1924896240234375,-0.3867950439453125,-0.127044677734375
1789222390780933600,28.93493359375,0.58380126953125,-0.8599700927734375,-0.2437591552734375
1789222390790927600,28.944927734375,-0.6948699951171875,-0.73626708984375,0.1027984619140625
1789222390800921600,28.954921630859374,-1.7691192626953125,-0.5057220458984375,0.37457275390625
1789222390810915600,28.96491552734375,-1.04779052734375,-0.8078765869140625,0.1085205078125
1789222390820909800,28.974909912109375,0.43975830078125,-0.8619384765625,-0.182098388671875
1789222390830903800,28.98490380859375,0.1692962646484375,-0.389923095703125,-0.157012939453125
1789222390840897800,28.994897705078124,-1.1052703857421875,-0.9827728271484375,0.0120086669921875
1789222390850891500,29.0048916015625,-1.2244415283203125,-0.82232666015625,0.139801025390625
1789222390860885500,29.014885498046876,-0.63958740234375,-0.114898681640625,0.1461181640625
1789222390870879700,29.024879638671877,-0.2515716552734375,-1.1743316650390625,0.1592864990234375
1789222390880873700,29.034873779296873,-0.9875030517578125,-0.5814361572265625,0.29949951171875
1789222390890867700,29.04486767578125,-1.5090179443359375,-0.651123046875,0.2324981689453125
1789222390900861700,29.05486181640625,-0.609771728515625,-1.172119140625,-0.050567626953125
1789222390910855700,29.064855712890626,0.3775177001953125,-0.3084259033203125,-0.2640533447265625
1789222390920850000,29.074849853515627,0.0666656494140625,-0.884552001953125,-0.2006072998046875
1789222390930843600,29.08484375,-0.457977294921875,-0.8993988037109375,0.1272735595703125
1789222390940837600,29.094837646484375,-0.9056549072265625,-0.22100830078125,0.19732666015625
1789222390950831600,29.10483154296875,-1.4815673828125,-1.0785980224609375,0.064117431640625
1789222390960825600,29.11482568359375,-1.40899658203125,-0.71002197265625,0.189239501953125
1789222390970819600,29.124819580078125,-0.643585205078125,-0.574920654296875,0.1868438720703125
1789222390980813800,29.134813720703125,-0.36370849609375,-1.0563812255859375,-0.1068878173828125
1789222390990807800,29.144807861328125,-0.6898651123046875,-0.6749267578125,-0.056243896484375
1789222391000801800,29.1548017578125,-0.801666259765625,-1.1984710693359375,0.1720428466796875
1789222391010795500,29.16479541015625,-0.2043304443359375,-0.8680572509765625,0.07171630859375
1789222391020789500,29.17478955078125,0.088287353515625,-0.534912109375,-0.136322021484375
1789222391030783700,29.18478369140625,-0.6190338134765625,-0.9548187255859375,0.0516204833984375
1789222391040777700,29.19477783203125,-1.4963226318359375,-0.361297607421875,0.3662109375
1789222391050771700,29.204771728515624,-1.4932861328125,-0.8214874267578125,0.2200927734375
1789222391060766700,29.2147666015625,-0.0608978271484375,-0.9814910888671875,-0.160491943359375
1789222391070760700,29.2247607421875,0.1750030517578125,-0.4438629150390625,-0.237762451171875
1789222391080754700,29.234754638671873,-1.745086669921875,-0.9188995361328125,0.11529541015625
1789222391090748700,29.244748779296874,-2.1325531005859375,-1.0830841064453125,0.3677825927734375
1789222391100742700,29.25474267578125,-0.241790771484375,-0.5670928955078125,0.0659027099609375
1789222391110736600,29.264736572265626,0.9539794921875,-0.84112548828125,-0.24395751953125
1789222391120730600,29.274730712890626,0.0338897705078125,-0.399322509765625,0.029937744140625
1789222391130724600,29.284724609375,-1.759521484375,-0.7710418701171875,0.2922210693359375
1789222391140718600,29.294718505859375,-1.5434722900390625,-1.22015380859375,0.14422607421875
1789222391150712800,29.304712890625,-0.030059814453125,-0.3889923095703125,-0.12274169921875
1789222391160706800,29.314706787109376,0.2904815673828125,-0.938751220703125,-0.2409820556640625
1789222391170700800,29.32470068359375,-0.6186065673828125,-0.7229461669921875,-0.07354736328125
1789222391180694500,29.334694580078125,-1.512359619140625,-0.7197723388671875,0.211456298828125
1789222391190688500,29.3446884765625,-1.0597991943359375,-1.13134765625,0.14239501953125
1789222391200682800,29.354682861328126,-0.213104248046875,-0.389923095703125,-0.0389251708984375
1789222391210676700,29.3646767578125,-0.265167236328125,-0.8268585205078125,0.0851287841796875
1789222391220670700,29.374670654296875,-1.0089569091796875,-1.103485107421875,0.27862548828125
1789222391230664700,29.384664794921875,-0.6795196533203125,-0.704132080078125,0.1312713623046875
1789222391240658700,29.39465869140625,-0.3511810302734375,-0.678375244140625,-0.056671142578125
1789222391250652700,29.404652587890624,-0.5609283447265625,-0.8444061279296875,-0.043365478515625
1789222391260647000,29.41464697265625,-0.7644195556640625,-0.4267120361328125,0.009857177734375
1789222391270641000,29.424640869140624,-0.91998291015625,-0.61419677734375,-0.005615234375
1789222391280635000,29.434634765625,-0.4638671875,-0.6503448486328125,-0.009124755859375
1789222391290628600,29.444628662109373,-0.35906982421875,-0.6827545166015625,0.0778350830078125
1789222391300622600,29.45462255859375,-1.1539459228515625,-0.9682464599609375,0.371551513671875
1789222391310616800,29.464616943359374,-1.3810272216796875,-0.7145538330078125,0.4408416748046875
1789222391320610800,29.47461083984375,-0.2203216552734375,-0.932769775390625,-0.0052337646484375
1789222391330604800,29.484604736328127,0.391143798828125,-0.57855224609375,-0.2684173583984375
1789222391340598800,29.494598876953123,-1.248016357421875,-0.6602935791015625,0.006011962890625
1789222391350592800,29.5045927734375,-1.6818084716796875,-1.3384857177734375,0.199920654296875
1789222391360587000,29.5145869140625,0.097869873046875,-0.02166748046875,-0.05731201171875
1789222391370581800,29.524581787109376,0.5271453857421875,-0.38482666015625,-0.1577301025390625
1789222391380575700,29.53457568359375,-0.971954345703125,-1.323211669921875,0.082061767578125
1789222391390569700,29.54456982421875,-2.1817626953125,-0.2573699951171875,0.2398681640625
1789222391400563700,29.554563720703126,-1.2785186767578125,-1.129547119140625,-0.0489959716796875
1789222391410557700,29.5645576171875,0.490966796875,-0.9320831298828125,-0.2380523681640625
1789222391420551700,29.5745517578125,0.712738037109375,-0.1656036376953125,0.052459716796875
1789222391430546000,29.5845458984375,-0.5596466064453125,-0.6558990478515625,0.447021484375
1789222391440540000,29.594539794921875,-1.687835693359375,-1.0904541015625,0.53857421875
1789222391450534000,29.604533935546876,-0.950408935546875,-0.52606201171875,0.1484375
1789222391460527600,29.614527587890624,0.044708251953125,-0.86260986328125,-0.22528076171875
1789222391470521600,29.624521484375,-0.0311431884765625,-0.9532012939453125,-0.2759552001953125
1789222391480515800,29.634515869140625,-1.227569580078125,-0.3950958251953125,-0.1875
1789222391490509800,29.644509765625,-1.7613677978515625,-1.2037200927734375,0.1002655029296875
1789222391500503800,29.65450390625,-0.24658203125,-0.682525634765625,0.205596923828125
1789222391510497800,29.664497802734374,0.2446746826171875,-0.793487548828125,0.210540771484375
1789222391520491800,29.67449169921875,-1.331024169921875,-0.9929962158203125,0.3338165283203125
1789222391530485800,29.68448583984375,-1.6951751708984375,-1.0180511474609375,0.2698974609375
1789222391540479700,29.694479736328127,-0.127685546875,-0.77191162109375,-0.03521728515625
1789222391550473700,29.7044736328125,0.695404052734375,-0.2917022705078125,-0.21600341796875
1789222391560467700,29.7144677734375,-0.5610198974609375,-0.94366455078125,-0.0771331787109375
1789222391570461700,29.724461669921876,-1.4820556640625,-1.3821563720703125,0.2417449951171875
1789222391580455700,29.73445556640625,-0.768951416015625,-0.10064697265625,0.1589202880859375
1789222391590450000,29.744449951171877,-0.1045989990234375,-0.897369384765625,-0.08746337890625
1789222391600444000,29.75444384765625,-0.66156005859375,-0.8808441162109375,-0.0026702880859375
1789222391610438000,29.76443798828125,-1.1088409423828125,-0.3397216796875,0.2526397705078125
1789222391620431600,29.774431640625,-0.9237213134765625,-0.8050537109375,0.2456817626953125
1789222391630425600,29.784425537109374,-0.3476409912109375,-0.87786865234375,0.0987091064453125
1789222391640419800,29.794419921875,-0.258270263671875,-0.45404052734375,0.1184234619140625
1789222391650413800,29.804413818359375,-0.86859130859375,-1.0493011474609375,0.1789398193359375
1789222391660407800,29.81440771484375,-0.7515716552734375,-0.9813385009765625,0.0547637939453125
1789222391670401800,29.82440185546875,-0.5908355712890625,-0.1344451904296875,-0.1330718994140625
1789222391680395800,29.834395751953124,-0.501953125,-1.10394287109375,-0.106048583984375
1789222391690389800,29.8443896484375,-0.7220458984375,-0.54107666015625,0.1476287841796875
1789222391700383700,29.8543837890625,-1.444000244140625,-0.6368255615234375,0.20697021484375
1789222391710379000,29.86437890625,-0.8741455078125,-1.3792572021484375,0.078521728515625
1789222391720372700,29.874372802734374,0.2640380859375,-0.5127410888671875,-0.0186614990234375
1789222391730366700,29.88436669921875,-0.2745513916015625,-0.6985015869140625,-0.116455078125
1789222391740360700,29.894360595703127,-1.2602996826171875,-1.0923004150390625,0.0882568359375
1789222391750354700,29.904354736328123,-0.9664764404296875,-0.62994384765625,0.318878173828125
1789222391760348700,29.9143486328125,-0.2267303466796875,-1.290069580078125,0.1472625732421875
1789222391770343000,29.924343017578124,0.0665435791015625,-0.56524658203125,0.0921173095703125
1789222391780337000,29.9343369140625,-0.9824981689453125,-0.2865142822265625,0.419830322265625
1789222391790331000,29.944330810546877,-1.5751190185546875,-1.5333099365234375,0.3051910400390625
1789222391800324600,29.95432470703125,-0.5171661376953125,-0.5381927490234375,-0.253448486328125
1789222391810318600,29.964318603515625,-0.259124755859375,0.0292816162109375,-0.4612579345703125
1789222391820312800,29.974312744140626,-0.9496612548828125,-1.730010986328125,-0.219970703125
1789222391830306800,29.984306884765626,-1.0797882080078125,-0.356048583984375,0.0531005859375
1789222391840300800,29.99430078125,-0.7491912841796875,-0.3492431640625,0.168792724609375
1789222391850294800,30.004294677734375,-0.2647705078125,-1.19158935546875,0.2412567138671875
1789222391860288800,30.014288818359375,0.0371856689453125,-0.113983154296875,0.2617034912109375
1789222391870283000,30.024282958984376,-0.4496917724609375,-0.79736328125,0.1012725830078125
1789222391880276700,30.03427685546875,-0.6779937744140625,-0.7413177490234375,-0.0544891357421875
1789222391890270700,30.044270751953125,-0.6328125,-0.2313079833984375,-0.0213165283203125
1789222391900264700,30.0542646484375,-1.039398193359375,-0.7721099853515625,0.119842529296875
1789222391910258700,30.0642587890625,-1.022918701171875,-0.86883544921875,0.17559814453125
1789222391920252700,30.074252685546874,-0.6873016357421875,-0.468780517578125,0.1285247802734375
1789222391930247000,30.084246826171874,-0.6627197265625,-1.2433013916015625,0.1396026611328125
1789222391940241000,30.094240966796875,-0.3763885498046875,-0.631561279296875,0.010162353515625
1789222391950234600,30.104234619140627,-0.0487060546875,-0.52740478515625,-0.07891845703125
1789222391960228600,30.114228515625,-0.2124786376953125,-0.8939971923828125,0.1705474853515625
1789222391970222600,30.12422265625,-0.537689208984375,-0.451171875,0.341400146484375
1789222391980216800,30.134216796875,-1.01025390625,-0.7879791259765625,0.1569671630859375
1789222391990210800,30.1442109375,-1.037200927734375,-0.6246490478515625,0.108917236328125
1789222392000204800,30.154204833984377,-0.666900634765625,-0.751983642578125,-0.04132080078125
1789222392010198800,30.16419873046875,-0.8428802490234375,-1.3271026611328125,-0.3761749267578125
1789222392020192800,30.17419287109375,-1.163055419921875,-0.3513031005859375,-0.1609649658203125
1789222392030186800,30.184186767578126,-1.08245849609375,-1.2281341552734375,0.1690521240234375
1789222392040180700,30.1941806640625,-0.609710693359375,-1.104095458984375,0.084075927734375
1789222392050174700,30.2041748046875,-0.3150177001953125,-0.4960784912109375,0.177001953125
1789222392060168700,30.214168701171875,-0.5188446044921875,-0.622161865234375,0.2882843017578125
1789222392070162700,30.22416259765625,-0.625,-0.8017578125,0.056304931640625
1789222392080157700,30.23415771484375,-0.80712890625,-0.761810302734375,-0.0632476806640625
1789222392090151700,30.244151611328125,-0.8805389404296875,-0.579071044921875,-0.0255584716796875
1789222392100146000,30.25414599609375,-0.9183349609375,-0.8824462890625,-0.0434722900390625
1789222392110140000,30.264139892578125,-0.526641845703125,-0.89794921875,-0.0659332275390625
1789222392120134000,30.2741337890625,-0.5445404052734375,-0.535430908203125,-0.0328521728515625
1789222392130127600,30.284127685546874,-0.8648834228515625,-0.8303070068359375,0.0284881591796875
1789222392140121600,30.29412158203125,-0.674896240234375,-0.878448486328125,0.017608642578125
1789222392150115800,30.30411572265625,-0.506927490234375,-0.7001953125,0.147064208984375
1789222392160109800,30.31410986328125,-0.7198944091796875,-0.870513916015625,0.189727783203125
1789222392170103800,30.324103759765624,-0.428192138671875,-0.86907958984375,0.07012939453125
1789222392180097800,30.334097900390624,-0.17425537109375,-0.8709869384765625,0.0222930908203125
1789222392190091800,30.344091796875,-1.07098388671875,-1.02716064453125,0.033721923828125
1789222392200085800,30.354085693359377,-1.3577880859375,-0.86700439453125,0.0204010009765625
1789222392210079700,30.364079833984373,-0.8437652587890625,-0.7168731689453125,0.048583984375
1789222392220073700,30.37407373046875,0.0845947265625,-0.705474853515625,0.027252197265625
1789222392230067700,30.384067626953126,0.67138671875,-0.50592041015625,-0.1173248291015625
1789222392240061700,30.394061767578126,-0.043701171875,-0.3701934814453125,-0.102447509765625
1789222392250055700,30.4040556640625,-1.6177825927734375,-1.2713623046875,0.1673736572265625
1789222392260050000,30.4140498046875,-1.7913818359375,-0.6466217041015625,0.13922119140625
1789222392270044000,30.4240439453125,-0.6485137939453125,-0.606475830078125,-0.200408935546875
1789222392280038000,30.434037841796876,0.017242431640625,-1.321044921875,-0.168487548828125
1789222392290031600,30.444031494140624,0.0019683837890625,-0.6038665771484375,0.107421875
1789222392300025600,30.454025634765625,-0.9278411865234375,-0.4335784912109375,0.098846435546875
1789222392310019800,30.464019775390625,-1.3083953857421875,-1.3263397216796875,-0.01849365234375
1789222392320013800,30.474013916015625,-0.6694793701171875,-0.411224365234375,0.0688018798828125
1789222392330007800,30.4840078125,-0.58056640625,-0.4658660888671875,0.1190032958984375
1789222392340001800,30.494001708984374,-0.0678558349609375,-0.9766082763671875,0.0818634033203125
1789222392349995800,30.503995849609375,-0.015960693359375,0.02496337890625,0.1842803955078125
1789222392359989800,30.51398974609375,-1.0117950439453125,-0.691741943359375,0.2490692138671875
1789222392369983700,30.523983642578123,-1.522369384765625,-0.953338623046875,0.0538482666015625
1789222392379977700,30.533977783203124,-0.82232666015625,-0.5078887939453125,-0.281036376953125
1789222392389971700,30.5439716796875,-0.294464111328125,-0.802490234375,-0.24066162109375
1789222392399965700,30.553965576171876,-0.5161590576171875,-0.634796142578125,0.177703857421875
1789222392409959700,30.563959716796877,-0.91302490234375,-1.344451904296875,0.48785400390625
1789222392419954000,30.573953857421873,-0.446563720703125,-0.41339111328125,0.45391845703125
1789222392429948000,30.583947998046874,-0.19500732421875,-0.788726806640625,0.1858062744140625
1789222392439942000,30.59394189453125,-0.40570068359375,-1.0126953125,-0.037841796875
1789222392449935600,30.603935546875,-0.72344970703125,-0.2641143798828125,-0.0942535400390625
1789222392459929600,30.6139296875,-0.995513916015625,-0.98052978515625,-0.1656646728515625
1789222392469923800,30.623923828125,-0.869415283203125,-0.91510009765625,-0.1425933837890625
1789222392479917800,30.633917724609375,-0.93695068359375,-0.606170654296875,-0.08404541015625
1789222392489911800,30.643911865234376,-1.3803253173828125,-0.852935791015625,-0.0484161376953125
1789222392499905800,30.65390576171875,-0.785369873046875,-1.1777191162109375,-0.1497650146484375
1789222392509900800,30.66390087890625,0.294097900390625,-0.8232879638671875,-0.2187652587890625
1789222392519894800,30.673894775390625,0.3420562744140625,-0.5391998291015625,-0.09918212890625
1789222392529888800,30.683888671875,-0.604736328125,-0.8885498046875,0.246490478515625
1789222392539882800,30.6938828125,-1.2415008544921875,-0.982635498046875,0.4995574951171875
1789222392549876700,30.703876708984374,-0.6686248779296875,-0.3881683349609375,0.312347412109375
1789222392559870700,30.71387060546875,-0.1993255615234375,-0.7910614013671875,-0.0711517333984375
1789222392569864700,30.72386474609375,-0.0866546630859375,-0.81292724609375,-0.29168701171875
1789222392579858700,30.733858642578124,-1.1727142333984375,-0.457489013671875,-0.3228759765625
1789222392589853000,30.74385302734375,-2.2412109375,-1.345123291015625,-0.21051025390625
1789222392599847000,30.753846923828124,-0.8619537353515625,-0.62158203125,-0.1413421630859375
1789222392609841000,30.7638408203125,0.439117431640625,-0.2593841552734375,-0.0962066650390625
1789222392619834600,30.773834716796873,-0.2530364990234375,-1.2158660888671875,0.0611114501953125
1789222392629828600,30.78382861328125,-1.3246612548828125,-0.8944091796875,0.338714599609375
1789222392639822800,30.79382275390625,-1.0021514892578125,-0.533966064453125,0.3143463134765625
1789222392649816800,30.80381689453125,-0.0682220458984375,-0.814849853515625,-0.0047760009765625
1789222392659810800,30.813810791015626,0.4250640869140625,-0.60321044921875,-0.1326751708984375
1789222392669804800,30.8238046875,-0.45751953125,-0.4869537353515625,0.0637969970703125
1789222392679798800,30.833798828125,-1.241912841796875,-0.8844451904296875,0.153594970703125
1789222392689792800,30.843792724609376,-0.3115692138671875,-0.5947723388671875,-0.10711669921875
1789222392699786800,30.853786865234376,0.2384796142578125,-0.3701629638671875,-0.1750640869140625
1789222392709780700,30.86378076171875,-0.967498779296875,-0.5077056884765625,0.156005859375
1789222392719774700,30.873774658203125,-1.5550079345703125,-0.9744720458984375,0.4187774658203125
1789222392729768700,30.883768798828125,-0.5948944091796875,-0.454681396484375,0.2393646240234375
1789222392739762700,30.8937626953125,-0.014129638671875,-0.6153106689453125,-0.0795135498046875
1789222392749757000,30.9037568359375,-1.0687408447265625,-1.137481689453125,0.0013885498046875
1789222392759751000,30.9137509765625,-1.9745635986328125,-0.961395263671875,0.2730560302734375
1789222392769745000,30.923744873046875,-1.17236328125,-0.676666259765625,0.0839080810546875
1789222392779738600,30.933738525390623,-0.24334716796875,-0.7579193115234375,-0.0673370361328125
1789222392789732600,30.943732666015624,0.141326904296875,-0.66717529296875,0.2368316650390625
1789222392799726800,30.953726806640624,-0.88525390625,-0.6933746337890625,0.4593658447265625
1789222392809720800,30.963720947265625,-1.23248291015625,-0.761077880859375,0.26190185546875
1789222392819714800,30.97371484375,-0.712677001953125,-0.688568115234375,0.0085296630859375
1789222392829708800,30.983708740234373,-0.6541290283203125,-0.98748779296875,0.0036773681640625
1789222392839702800,30.993702880859374,-0.689483642578125,-0.589996337890625,0.07391357421875
1789222392849696800,31.00369677734375,-0.721893310546875,-1.0065765380859375,0.1850738525390625
1789222392859690800,31.013690673828126,-0.9775543212890625,-0.932159423828125,0.342987060546875
1789222392869684700,31.023684814453127,-1.0150146484375,-0.7311553955078125,0.284393310546875
1789222392879678700,31.0336787109375,-0.0249176025390625,-0.9391632080078125,-0.0174560546875
1789222392889672700,31.043672607421875,0.2178955078125,-0.3214111328125,-0.1261138916015625
1789222392899666700,31.053666748046876,-0.406036376953125,-0.6428985595703125,0.08294677734375
1789222392909661000,31.063660888671876,-1.0279083251953125,-0.68927001953125,0.2563629150390625
1789222392919655000,31.073655029296877,-1.266845703125,-0.4150543212890625,0.289154052734375
1789222392929649000,31.08364892578125,-0.5430145263671875,-0.8884735107421875,0.1214752197265625
1789222392939642600,31.093642578125,0.0043182373046875,-0.563262939453125,-0.0769195556640625
1789222392949636600,31.10363671875,-0.6534881591796875,-0.467437744140625,-0.0269775390625
1789222392959630800,31.113630859375,-1.8301544189453125,-1.0083160400390625,0.26373291015625
1789222392969624800,31.123624755859375,-1.3128204345703125,-1.0742340087890625,0.3106536865234375
1789222392979618800,31.133618896484375,0.0733184814453125,-0.9576263427734375,-0.064849853515625
1789222392989612800,31.14361279296875,0.6937713623046875,-0.6423187255859375,-0.1644287109375
1789222392999606800,31.153606689453124,0.029815673828125,-0.6299285888671875,0.074066162109375
1789222393009600800,31.163600830078124,-0.87457275390625,-0.7481842041015625,0.199066162109375
1789222393019594800,31.1735947265625,-1.4116668701171875,-0.7476806640625,0.20538330078125
1789222393029588700,31.183588623046877,-0.81964111328125,-0.7805633544921875,0.1658782958984375
1789222393039583700,31.193583740234374,-0.510498046875,-0.475433349609375,0.1120452880859375
1789222393049577700,31.20357763671875,-1.2008056640625,-1.029022216796875,-0.0274200439453125
1789222393059571700,31.21357177734375,-1.2308807373046875,-0.8878936767578125,-0.0880279541015625
1789222393069565700,31.223565673828126,-0.1728057861328125,-0.8433837890625,-0.1161041259765625
1789222393079559700,31.2335595703125,0.2444610595703125,-0.516693115234375,-0.0611572265625
1789222393089554000,31.243553955078124,-0.6859283447265625,-0.8932342529296875,0.172149658203125
1789222393099548000,31.2535478515625,-1.4334716796875,-1.0295867919921875,0.4635467529296875
1789222393109541600,31.263541748046876,-0.691986083984375,-0.4312744140625,0.2617340087890625
1789222393119535600,31.27353564453125,0.0466461181640625,-0.536163330078125,-0.2898406982421875
1789222393129529600,31.283529541015625,-0.5223846435546875,-0.898284912109375,-0.341217041015625
1789222393139523800,31.29352392578125,-1.7633514404296875,-0.5694427490234375,0.0412139892578125
1789222393149517800,31.303517822265626,-1.576690673828125,-0.9794464111328125,0.1623687744140625
1789222393159511800,31.31351171875,-0.5009307861328125,-0.7943878173828125,0.1008453369140625
1789222393169505800,31.323505859375,0.269195556640625,-0.8154144287109375,0.1307220458984375
1789222393179499800,31.333499755859375,0.2093963623046875,-0.876312255859375,0.1671905517578125
1789222393189493800,31.34349365234375,-0.51837158203125,-0.2821044921875,0.3044281005859375
1789222393199487700,31.35348779296875,-1.080841064453125,-0.8199462890625,0.315185546875
1789222393209481700,31.363481689453124,-0.9571990966796875,-0.963104248046875,0.2045745849609375
1789222393219476000,31.37347607421875,-0.5916900634765625,-0.8504638671875,0.0785369873046875
1789222393229470000,31.383469970703125,0.05401611328125,-0.826873779296875,-0.0772705078125
1789222393239464000,31.3934638671875,-0.033966064453125,-0.7431182861328125,-0.1815948486328125
1789222393249458200,31.403458251953126,-0.8823394775390625,-0.6930694580078125,0.0431671142578125
1789222393259452200,31.4134521484375,-1.6263275146484375,-0.9553985595703125,0.3715972900390625
1789222393269446100,31.423446044921874,-1.1478729248046875,-0.8659210205078125,0.387847900390625
1789222393279440000,31.43343994140625,-0.0968170166015625,-0.663970947265625,0.1085052490234375
1789222393289433900,31.443433837890623,-0.192779541015625,-1.0548095703125,0.0586090087890625
1789222393299428000,31.453427978515624,-0.862274169921875,-0.6889801025390625,0.216094970703125
1789222393309422000,31.463422119140624,-0.7836761474609375,-0.98065185546875,0.0052490234375
1789222393319416000,31.473416015625,-0.1156005859375,-0.7624053955078125,-0.2100677490234375
1789222393329410000,31.48341015625,-0.189208984375,-0.43450927734375,-0.03009033203125
1789222393339404000,31.493404052734373,-1.1862335205078125,-0.663909912109375,0.260162353515625
1789222393349398000,31.50339794921875,-1.4905548095703125,-0.714874267578125,0.3240509033203125
1789222393359392000,31.51339208984375,-0.76568603515625,-0.672332763671875,0.058563232421875
1789222393369386000,31.523385986328126,-0.325225830078125,-0.6259002685546875,-0.043853759765625
1789222393379380000,31.5333798828125,-0.8545074462890625,-0.6372528076171875,0.1038055419921875
1789222393389374000,31.5433740234375,-1.1576385498046875,-1.183319091796875,0.1236724853515625
1789222393399368000,31.553367919921875,-0.26239013671875,-0.72967529296875,0.126007080078125
1789222393409362200,31.563362060546876,-0.3079833984375,-0.2704620361328125,0.2941131591796875
1789222393419356200,31.573356201171876,-0.7912139892578125,-1.4089508056640625,0.275726318359375
1789222393429350100,31.58335009765625,-0.4087677001953125,-0.345367431640625,0.138397216796875
1789222393439343900,31.59334375,-0.71380615234375,-0.1667022705078125,0.19256591796875
1789222393449337900,31.603337890625,-1.0494842529296875,-1.2947540283203125,0.0879974365234375
1789222393459332000,31.61333203125,-0.6012420654296875,-0.474884033203125,-0.096160888671875
1789222393469326000,31.623326171875,-0.4647064208984375,-0.824188232421875,0.0224456787109375
1789222393479320000,31.633320068359374,-0.5211334228515625,-1.1198883056640625,0.0983123779296875
1789222393489314000,31.64331396484375,-0.6961517333984375,-0.2769775390625,0.0668792724609375
1789222393499308000,31.65330810546875,-0.8854522705078125,-1.1089935302734375,0.2577972412109375
1789222393509302000,31.663302001953124,-0.6652679443359375,-0.916900634765625,0.3773651123046875
1789222393519296000,31.6732958984375,0.1806640625,-0.7418670654296875,0.1125335693359375
1789222393529290000,31.6832900390625,0.227569580078125,-0.8143310546875,0.019561767578125
1789222393539284000,31.693283935546877,-0.8788604736328125,-0.463714599609375,0.3914794921875
1789222393549278000,31.70327783203125,-1.592132568359375,-0.998565673828125,0.292572021484375
1789222393559272000,31.71327197265625,-1.1011810302734375,-0.3538055419921875,-0.087890625
1789222393569266200,31.72326611328125,-0.4468841552734375,-0.6677093505859375,-0.0711517333984375
1789222393579260200,31.73326025390625,-0.653900146484375,-0.877288818359375,-0.0022125244140625
1789222393589254000,31.74325390625,-1.3214263916015625,-0.21929931640625,0.022735595703125
1789222393599248000,31.753247802734375,-1.12841796875,-1.1627655029296875,-0.0062408447265625
1789222393609241900,31.763241943359375,-0.145111083984375,-0.5565032958984375,-0.115814208984375
1789222393619236000,31.773236083984376,-0.0911102294921875,-0.51513671875,-0.163909912109375
1789222393629230000,31.78322998046875,-0.7343597412109375,-1.056671142578125,0.031494140625
1789222393639224000,31.79322412109375,-0.855621337890625,-0.3048553466796875,0.376312255859375
1789222393649218000,31.803218017578125,-0.71185302734375,-0.5238189697265625,0.436676025390625
1789222393659212000,31.8132119140625,-0.805938720703125,-0.954986572265625,0.244964599609375
1789222393669206000,31.8232060546875,-0.988616943359375,-0.454315185546875,0.0465850830078125
1789222393679200000,31.833199951171874,-1.1447601318359375,-1.15289306640625,-0.1866302490234375
1789222393689194000,31.843194091796875,-0.6528167724609375,-0.977386474609375,-0.2991790771484375
1789222393699188000,31.85318798828125,-0.1062469482421875,-0.7979278564453125,-0.1343994140625
1789222393709182000,31.863181884765623,-0.0291595458984375,-0.906951904296875,0.122589111328125
1789222393719176000,31.873176025390624,-0.231231689453125,-0.4807586669921875,0.300384521484375
1789222393729170200,31.883170166015624,-1.100341796875,-0.7008056640625,0.357666015625
1789222393739164200,31.8931640625,-1.2868194580078125,-1.0711822509765625,0.15484619140625
1789222393749158000,31.903157958984377,-0.7225341796875,-1.0064697265625,-0.274505615234375
1789222393759151900,31.91315185546875,-0.5666046142578125,-0.962127685546875,-0.397918701171875
1789222393769147000,31.92314697265625,-0.69464111328125,-0.98846435546875,-0.1993255615234375
1789222393779140000,31.93314013671875,-0.4832763671875,-0.7531280517578125,-0.04632568359375
1789222393789135000,31.943135009765626,-0.0641632080078125,-0.7706298828125,0.0019073486328125
1789222393799128000,31.953128173828127,0.1584930419921875,-0.5996856689453125,0.032012939453125
1789222393809123000,31.963123046875,-0.307037353515625,-0.426361083984375,0.0592803955078125
1789222393819117000,31.973116943359376,-1.158172607421875,-0.6593780517578125,0.06787109375
1789222393829111000,31.983111083984376,-1.32232666015625,-0.6968536376953125,0.0788421630859375
1789222393839105000,31.99310498046875,-0.462371826171875,-0.81884765625,-0.144622802734375
1789222393849099000,32.00309912109375,-0.0880889892578125,-0.739501953125,-0.4126434326171875
1789222393859093000,32.01309301757812,-0.9637603759765625,-1.0129241943359375,-0.3185882568359375
1789222393869087000,32.0230869140625,-1.5038604736328125,-1.2435455322265625,-0.140106201171875
1789222393879081000,32.0330810546875,-0.883087158203125,-0.5976409912109375,-0.1753692626953125
1789222393889075000,32.043074951171874,-0.1097869873046875,-0.560455322265625,-0.1507720947265625
1789222393899069200,32.05306909179688,-0.135986328125,-0.77703857421875,0.11346435546875
1789222393909063200,32.063063232421875,-0.498779296875,-0.5803375244140625,0.199859619140625
1789222393919057200,32.07305712890625,-0.9728240966796875,-0.8312225341796875,0.029296875
1789222393929051000,32.08305078125,-0.872772216796875,-0.880706787109375,-0.1694488525390625
1789222393939044900,32.093044921875,-1.0016021728515625,-0.9402313232421875,-0.235931396484375
1789222393949039000,32.1030390625,-0.6099853515625,-1.066192626953125,-0.277496337890625
1789222393959033000,32.113033203125,-0.016387939453125,-0.443939208984375,-0.182708740234375
1789222393969027000,32.123027099609374,-0.7221527099609375,-0.588134765625,0.0953826904296875
1789222393979021000,32.13302099609375,-1.434417724609375,-1.1572265625,0.31103515625
1789222393989015000,32.14301513671875,-0.7121734619140625,-0.6366119384765625,0.1871490478515625
1789222393999009000,32.153009033203126,0.1529541015625,-0.649078369140625,-0.1666259765625
1789222394009003000,32.1630029296875,-0.0045013427734375,-0.7927398681640625,-0.26953125
1789222394018997000,32.1729970703125,-0.80078125,-0.662994384765625,-0.1382598876953125
1789222394028991000,32.18299096679687,-1.2350006103515625,-0.736846923828125,-0.0150604248046875
1789222394038985000,32.19298486328125,-0.8158111572265625,-0.8250579833984375,-0.05767822265625
1789222394048979000,32.20297900390625,-0.5322265625,-0.7684173583984375,-0.011260986328125
1789222394058973200,32.21297314453125,-1.055572509765625,-0.6900482177734375,0.2179107666015625
1789222394068967200,32.22296728515625,-1.125091552734375,-1.1324462890625,0.2845916748046875
1789222394078961200,32.232961181640626,0.02960205078125,-0.6226959228515625,0.1170654296875
1789222394088955000,32.24295483398438,0.279571533203125,-0.2420196533203125,-0.056915283203125
1789222394098948900,32.252948974609374,-1.0164642333984375,-1.0972747802734375,0.0558929443359375
1789222394108943000,32.26294311523438,-1.354705810546875,-0.7552032470703125,0.3422393798828125
1789222394118937000,32.27293701171875,-0.51318359375,-0.4572906494140625,0.2629852294921875
1789222394128931000,32.28293115234375,-0.05926513671875,-0.8140106201171875,0.1316070556640625
1789222394138925000,32.292925048828124,-0.54302978515625,-0.4261627197265625,0.274658203125
1789222394148919000,32.3029189453125,-1.218719482421875,-0.69964599609375,0.3169097900390625
1789222394158913000,32.3129130859375,-1.036163330078125,-0.790924072265625,0.1635284423828125
1789222394168907000,32.32290698242188,-0.6065216064453125,-0.924652099609375,0.1215362548828125
1789222394178901000,32.33290087890625,-0.4120635986328125,-0.82403564453125,0.244232177734375
1789222394188895000,32.34289501953125,-0.58837890625,-0.2682952880859375,0.4317169189453125
1789222394198889000,32.35288891601562,-0.3497772216796875,-0.9623260498046875,0.3910675048828125
1789222394208883000,32.36288305664063,-0.0767059326171875,-0.467254638671875,0.1301116943359375
1789222394218877700,32.372877685546875,-0.896697998046875,-0.3697357177734375,-0.052337646484375
1789222394228871700,32.38287158203125,-1.2792510986328125,-1.0725860595703125,-0.0938873291015625
1789222394238865700,32.39286572265625,-0.294677734375,-0.3594512939453125,-0.00872802734375
1789222394248859600,32.40285961914063,-0.180572509765625,-0.438140869140625,0.0285797119140625
1789222394258853600,32.412853515625,-1.2019195556640625,-1.187164306640625,0.2387542724609375
1789222394268847600,32.42284765625,-1.2711181640625,-0.45587158203125,0.4528961181640625
1789222394278841900,32.432841796875,-0.2909698486328125,-0.5662078857421875,0.1641082763671875
1789222394288835800,32.4428359375,-0.1972503662109375,-1.1281585693359375,-0.244110107421875
1789222394298829800,32.452829833984374,-0.8535003662109375,-0.7488861083984375,-0.166534423828125
1789222394308823600,32.462823486328126,-1.241668701171875,-0.6983795166015625,0.023101806640625
1789222394318817500,32.47281762695312,-0.758697509765625,-1.111297607421875,-0.100341796875
1789222394328811500,32.4828115234375,-0.1023712158203125,-0.894622802734375,-0.2019805908203125
1789222394338805800,32.4928056640625,-0.8370361328125,-0.4341583251953125,0.0088653564453125
1789222394348799700,32.5027998046875,-1.447998046875,-1.0171966552734375,0.2475738525390625
1789222394358793700,32.51279370117187,-0.2714691162109375,-1.044342041015625,0.0390625
1789222394368787700,32.52278759765625,0.1919708251953125,-0.4825897216796875,-0.243560791015625
1789222394378781700,32.53278173828125,-1.0587310791015625,-0.588043212890625,0.04193115234375
1789222394388775700,32.542775634765626,-1.4495697021484375,-1.0693511962890625,0.3655242919921875
1789222394398769700,32.55276977539062,-0.3477020263671875,-0.7542877197265625,0.09979248046875
1789222394408763600,32.562763671875,0.2197723388671875,-0.6695404052734375,-0.193206787109375
1789222394418757600,32.57275756835938,-0.719146728515625,-0.9430999755859375,0.074188232421875
1789222394428751600,32.582751708984375,-1.3223419189453125,-0.8202056884765625,0.3012847900390625
1789222394438745900,32.59274584960937,-0.6348114013671875,-0.5748443603515625,0.0616302490234375
1789222394448739800,32.60273974609375,-0.1041717529296875,-0.6974945068359375,-0.0773773193359375
1789222394458733800,32.61273388671875,-0.4841766357421875,-0.542327880859375,0.1376190185546875
1789222394468727600,32.6227275390625,-1.4083099365234375,-0.5718536376953125,0.2463226318359375
1789222394478721500,32.63272143554688,-1.32501220703125,-0.95269775390625,0.006195068359375
1789222394488715800,32.6427158203125,-0.6011810302734375,-0.8995819091796875,-0.1946563720703125
1789222394498709800,32.65270971679688,-0.5538482666015625,-0.5918121337890625,-0.109527587890625
1789222394508703700,32.662703857421874,-1.158966064453125,-1.1100921630859375,0.1536407470703125
1789222394518697700,32.67269775390625,-0.675506591796875,-0.874725341796875,0.3079071044921875
1789222394528691700,32.68269165039062,0.24700927734375,-0.6244354248046875,0.1435699462890625
1789222394538685700,32.69268579101563,0.356475830078125,-0.3700714111328125,-0.026092529296875
1789222394548679700,32.7026796875,-0.532867431640625,-0.707000732421875,-0.000030517578125
1789222394558673700,32.712673583984376,-1.1588592529296875,-0.892059326171875,0.083404541015625
1789222394568667600,32.72266772460937,-1.25457763671875,-0.7705230712890625,0.0687713623046875
1789222394578661600,32.73266162109375,-0.90093994140625,-0.75592041015625,0.0402374267578125
1789222394588655600,32.74265551757812,-0.285797119140625,-0.953521728515625,0.128021240234375
1789222394598649900,32.75264990234375,-0.177398681640625,-0.7934417724609375,0.17877197265625
1789222394608643800,32.76264379882812,-0.7198028564453125,-0.830108642578125,0.098846435546875
1789222394618637800,32.772637939453126,-0.9525604248046875,-0.7930450439453125,0.0574493408203125
1789222394628631600,32.78263159179688,-0.49078369140625,-0.595489501953125,0.084197998046875
1789222394638625500,32.79262548828125,-0.0809478759765625,-0.56488037109375,0.032012939453125
1789222394648619800,32.80261987304687,-0.441650390625,-0.286834716796875,0.054443359375
1789222394658613800,32.81261376953125,-1.353851318359375,-0.70196533203125,0.23797607421875
1789222394668607700,32.82260766601563,-1.5731964111328125,-0.7448272705078125,0.15728759765625
1789222394678601700,32.832601806640625,-1.0141754150390625,-0.972015380859375,-0.173858642578125
1789222394688595700,32.842595703125,-0.6508331298828125,-0.927215576171875,-0.227691650390625
1789222394698589700,32.852589599609374,-0.8670654296875,-0.7980804443359375,0.0967254638671875
1789222394708583700,32.86258374023438,-0.6839141845703125,-0.942108154296875,0.35760498046875
1789222394718577700,32.87257763671875,0.1876220703125,-0.736541748046875,0.276275634765625
1789222394728571600,32.88257153320313,0.3458709716796875,-0.686370849609375,0.2028045654296875
1789222394738565600,32.89256567382812,-0.821990966796875,-0.54339599609375,0.2704315185546875
1789222394748559600,32.9025595703125,-1.69866943359375,-0.877777099609375,0.10626220703125
1789222394758553900,32.912553955078124,-0.9353485107421875,-0.95843505859375,-0.1967315673828125
1789222394768547800,32.9225478515625,-0.008209228515625,-0.6971893310546875,-0.2927398681640625
1789222394778541800,32.93254174804687,-0.3154296875,-0.73016357421875,-0.238067626953125
1789222394788535600,32.94253564453125,-1.1810302734375,-0.94140625,0.120697021484375
1789222394798529500,32.95252954101562,-0.67315673828125,-0.4984130859375,0.364349365234375
1789222394808523800,32.962523681640626,-0.056060791015625,-0.8421630859375,0.180572509765625
1789222394818517800,32.97251782226562,-0.444122314453125,-0.9625244140625,0.2215118408203125
1789222394828511700,32.98251171875,-0.60223388671875,-0.495147705078125,0.322540283203125
1789222394838505700,32.99250561523438,-0.395965576171875,-0.6033935546875,0.06488037109375
1789222394848499700,33.002499755859375,-0.4102630615234375,-0.6541900634765625,-0.148651123046875
1789222394858493700,33.01249365234375,-1.2988128662109375,-0.7942657470703125,-0.062347412109375
1789222394868487700,33.02248779296875,-1.539642333984375,-0.9660186767578125,0.049560546875
1789222394878481700,33.03248168945313,-0.5285186767578125,-0.79779052734375,-0.04241943359375
1789222394888475600,33.0424755859375,0.1688690185546875,-0.5360870361328125,-0.077880859375
1789222394898469600,33.0524697265625,-0.4620819091796875,-0.5790863037109375,0.3117218017578125
1789222394908463600,33.062463623046874,-1.1830291748046875,-1.011627197265625,0.610382080078125
1789222394918457900,33.07245776367188,-0.59039306640625,-0.684967041015625,0.36248779296875
1789222394928451800,33.082451904296875,-0.198089599609375,-0.497344970703125,0.0535736083984375
1789222394938445600,33.09244555664063,-0.441925048828125,-1.2892303466796875,0.0774078369140625
1789222394948439600,33.102439453125,-0.661956787109375,-0.549102783203125,0.0719757080078125
1789222394958433500,33.11243359375,-1.147003173828125,-0.6612548828125,0.0105133056640625
1789222394968427800,33.122427734375,-1.19403076171875,-1.0965423583984375,0.049774169921875
1789222394978421800,33.132421875,-0.5134124755859375,-0.5570068359375,0.01409912109375
1789222394988415700,33.14241577148437,0.08453369140625,-0.789276123046875,-0.1596527099609375
1789222394998409700,33.15240966796875,-0.3514862060546875,-0.452880859375,-0.028076171875
1789222395008403700,33.16240380859375,-1.1580657958984375,-0.670623779296875,0.2671661376953125
1789222395018397700,33.172397705078126,-0.99566650390625,-1.03778076171875,0.2508392333984375
1789222395028391700,33.1823916015625,-0.1771392822265625,-0.326019287109375,0.004364013671875
1789222395038385700,33.1923857421875,-0.5998992919921875,-0.7363739013671875,-0.0597076416015625
1789222395048379600,33.20237963867187,-1.479705810546875,-1.0913238525390625,0.1260833740234375
1789222395058373600,33.21237353515625,-1.113494873046875,-0.5585479736328125,0.0743560791015625
1789222395068367600,33.22236767578125,-0.5128326416015625,-0.989776611328125,-0.1649017333984375
1789222395078361900,33.23236181640625,-0.352691650390625,-0.8397369384765625,-0.07940673828125
1789222395088355800,33.24235595703125,-0.5237274169921875,-0.437103271484375,0.1321258544921875
1789222395098349600,33.252349609375,-0.5522308349609375,-0.637969970703125,0.145751953125
1789222395108343600,33.26234350585938,0.1244964599609375,-0.5948028564453125,-0.00018310546875
1789222395118337500,33.272337646484374,-0.0902862548828125,-0.6421051025390625,0.011260986328125
1789222395128331800,33.28233178710938,-1.1225738525390625,-0.8091278076171875,0.2313995361328125
1789222395138325800,33.29232568359375,-1.2947998046875,-0.569183349609375,0.23095703125
1789222395148319700,33.30231982421875,-0.705841064453125,-1.299774169921875,0.02203369140625
1789222395158313700,33.31231372070312,-0.3987579345703125,-0.98553466796875,-0.04345703125
1789222395168307700,33.3223076171875,-0.7763519287109375,-0.7882537841796875,0.1416778564453125
1789222395178301700,33.3323017578125,-0.9973602294921875,-0.8043975830078125,0.283447265625
1789222395188295700,33.342295654296876,-0.2457122802734375,-0.7759552001953125,0.1559600830078125
1789222395198289700,33.35228955078125,-0.0788421630859375,-0.28472900390625,-0.08782958984375
1789222395208283600,33.36228369140625,-0.9882659912109375,-0.68804931640625,-0.00341796875
1789222395218276900,33.37227685546875,-1.4426422119140625,-0.8439483642578125,-0.0188446044921875
1789222395228270800,33.38227075195312,-1.11468505859375,-0.8310089111328125,-0.269805908203125
1789222395238264800,33.392264892578126,-0.8385467529296875,-0.7930755615234375,-0.2522735595703125
1789222395248258600,33.40225854492188,-0.6893310546875,-0.9323883056640625,0.077423095703125
1789222395258252500,33.41225244140625,-0.58697509765625,-0.7789764404296875,0.3018341064453125
1789222395268246500,33.42224658203125,-0.49005126953125,-0.708526611328125,0.355010986328125
1789222395278240800,33.43224072265625,-0.38702392578125,-0.57281494140625,0.3000946044921875
1789222395288234800,33.44223486328125,-0.4463958740234375,-0.33636474609375,0.1234893798828125
1789222395298228700,33.452228759765624,-0.7457733154296875,-0.939422607421875,-0.1811370849609375
1789222395308222700,33.46222265625,-0.7517242431640625,-0.8783111572265625,-0.3409881591796875
1789222395318216700,33.472216796875,-0.6970367431640625,-0.5452423095703125,-0.2365264892578125
1789222395328210700,33.48221069335938,-0.9991607666015625,-0.9440155029296875,-0.066864013671875
1789222395338204700,33.49220458984375,-0.722747802734375,-0.9837188720703125,0.1036224365234375
1789222395348198700,33.50219873046875,-0.2646484375,-0.5709381103515625,0.15765380859375
1789222395358192600,33.51219262695312,-0.420196533203125,-0.832794189453125,0.1450653076171875
1789222395368186600,33.5221865234375,-0.8527984619140625,-0.6979827880859375,0.2342987060546875
1789222395378180900,33.532180908203124,-1.2523956298828125,-1.0073089599609375,0.2850341796875
1789222395388174800,33.5421748046875,-0.7135467529296875,-0.7859649658203125,0.141204833984375
1789222395398168800,33.5521689453125,-0.4170684814453125,-0.9251556396484375,-0.055023193359375
1789222395408162600,33.56216259765625,0.05743408203125,-0.9294281005859375,-0.17291259765625
1789222395418156500,33.57215649414063,0.0594329833984375,-0.3311309814453125,-0.2129669189453125
1789222395428150500,33.582150634765625,-0.6352386474609375,-0.6158905029296875,-0.17291259765625
1789222395438144800,33.59214477539062,-1.19757080078125,-0.8976593017578125,0.026214599609375
1789222395448138800,33.602138671875,-0.9730072021484375,-0.5576629638671875,0.195098876953125
1789222395458132700,33.6121328125,-0.346435546875,-0.6587066650390625,0.08941650390625
1789222395468126700,33.622126708984375,-0.411865234375,-0.7071990966796875,0.0567779541015625
1789222395478120700,33.63212060546875,-1.144866943359375,-0.9691619873046875,0.053955078125
1789222395488114700,33.64211474609375,-1.1357269287109375,-0.9899444580078125,-0.0536041259765625
1789222395498108700,33.65210864257813,-0.5789794921875,-0.644073486328125,-0.221221923828125
1789222395508102700,33.6621025390625,-0.2050628662109375,-1.099700927734375,-0.2502899169921875
1789222395518096600,33.6720966796875,-0.53839111328125,-0.6269683837890625,0.0622100830078125
1789222395528090600,33.68209057617187,-1.47235107421875,-0.5991668701171875,0.315826416015625
1789222395538084900,33.6920849609375,-1.29248046875,-0.9834136962890625,0.2371063232421875
1789222395548078800,33.702078857421874,0.137603759765625,-0.5940399169921875,-0.0490875244140625
1789222395558072600,33.712072509765626,0.3337249755859375,-0.4473114013671875,-0.2171478271484375
1789222395568066600,33.72206665039062,-0.8946990966796875,-0.8820953369140625,-0.078857421875
1789222395578060500,33.732060546875,-1.608612060546875,-0.8265380859375,0.1518707275390625
1789222395588054800,33.7420546875,-1.2633514404296875,-1.046783447265625,0.256072998046875
1789222395598048800,33.752048828125,-0.1255645751953125,-0.8101043701171875,0.138275146484375
1789222395608042800,33.76204272460937,0.359405517578125,-0.373809814453125,0.034637451171875
1789222395618036700,33.77203662109375,-0.22393798828125,-0.5678558349609375,0.0856781005859375
1789222395628030700,33.78203076171875,-0.9655609130859375,-0.8632049560546875,0.191925048828125
1789222395638024400,33.7920244140625,-0.6517333984375,-0.784027099609375,0.0522308349609375
1789222395648018700,33.80201879882812,-0.353546142578125,-0.383026123046875,-0.162078857421875
1789222395658012700,33.8120126953125,-0.5741424560546875,-0.9292144775390625,-0.03436279296875
1789222395668005600,33.822005615234374,-0.8870086669921875,-0.3968658447265625,0.154937744140625
1789222395678000600,33.832000732421875,-1.318756103515625,-0.937225341796875,0.110015869140625
1789222395687993900,33.841993896484375,-1.3001708984375,-1.3424224853515625,0.127105712890625
1789222395697987800,33.85198779296875,-0.669647216796875,-0.6978912353515625,0.180908203125
1789222395707981600,33.861981689453124,-0.3881683349609375,-0.9703216552734375,0.0733184814453125
1789222395717975600,33.8719755859375,-0.431427001953125,-0.7991790771484375,0.048583984375
1789222395727969500,33.88196948242187,-0.5619659423828125,-0.817657470703125,0.0845489501953125
1789222395737963800,33.8919638671875,-0.544342041015625,-0.75250244140625,0.030426025390625
1789222395747957800,33.901957763671874,-0.5966033935546875,-0.69921875,-0.0742950439453125
1789222395757951700,33.91195166015625,-0.611785888671875,-0.710968017578125,-0.013092041015625
1789222395767945700,33.92194580078125,-0.485992431640625,-0.564453125,0.1138458251953125
1789222395777939700,33.931939697265626,-0.4454345703125,-0.895904541015625,0.011962890625
1789222395787933700,33.94193359375,-0.3710784912109375,-0.76788330078125,-0.0548553466796875
1789222395797927700,33.951927734375,-0.533294677734375,-0.5001678466796875,0.155120849609375
1789222395807921700,33.96192163085937,-0.5682220458984375,-0.78680419921875,0.217315673828125
1789222395817915600,33.97191552734375,-0.3193511962890625,-0.4520721435546875,0.090179443359375
1789222395827909600,33.98190966796875,-0.511474609375,-0.515533447265625,0.0058441162109375
1789222395837903600,33.991903564453125,-1.14251708984375,-0.703765869140625,-0.063812255859375
1789222395847897900,34.00189794921875,-0.9353790283203125,-1.0514678955078125,-0.2635955810546875
1789222395857891800,34.011891845703126,-0.3532562255859375,-0.1882171630859375,-0.3457489013671875
1789222395867885600,34.02188549804688,-0.79302978515625,-0.712890625,-0.085296630859375
1789222395877879600,34.031879638671874,-0.9116058349609375,-0.85498046875,0.2805938720703125
1789222395887873500,34.04187353515625,-0.704864501953125,-0.5432586669921875,0.31378173828125
1789222395897867800,34.05186767578125,-0.6118011474609375,-0.9396820068359375,0.12109375
1789222395907861800,34.06186181640625,-0.7823638916015625,-0.714263916015625,0.0352935791015625
1789222395917855700,34.071855712890624,-1.114898681640625,-0.874176025390625,0.0641326904296875
1789222395927849700,34.081849609375,-0.6054229736328125,-0.9083099365234375,-0.03228759765625
1789222395937843700,34.09184375,-0.1326751708984375,-0.7515869140625,-0.1513214111328125
1789222395947837700,34.10183764648438,-0.2239990234375,-0.9377593994140625,-0.0994873046875
1789222395957831700,34.111831787109374,-0.741363525390625,-0.7148284912109375,0.10089111328125
1789222395967825700,34.12182568359375,-1.0122833251953125,-0.782012939453125,0.1840057373046875
1789222395977819600,34.13181958007812,-0.822784423828125,-0.78094482421875,0.1599273681640625
1789222395987813600,34.14181372070313,-0.501312255859375,-0.822418212890625,0.1939239501953125
1789222395997807600,34.1518076171875,-0.686676025390625,-0.77130126953125,0.21331787109375
1789222396007801900,34.1618017578125,-0.9387054443359375,-0.75408935546875,0.1326141357421875
1789222396017795800,34.1717958984375,-0.6856536865234375,-0.763153076171875,0.029327392578125
1789222396027789600,34.18178955078125,-0.4642181396484375,-0.5573272705078125,0.055023193359375
1789222396037783600,34.19178344726563,-0.6192626953125,-0.7106781005859375,0.1485137939453125
1789222396047777500,34.201777587890625,-1.0164794921875,-0.5966949462890625,0.2594757080078125
1789222396057771800,34.21177172851562,-1.3201446533203125,-0.66339111328125,0.2696075439453125
1789222396067765800,34.221765869140626,-0.7790985107421875,-0.7215118408203125,0.0634002685546875
1789222396077759700,34.231759765625,-0.380218505859375,-0.87286376953125,-0.158203125
1789222396087753700,34.241753662109375,-0.80322265625,-0.8316192626953125,-0.0566864013671875
1789222396097747700,34.25174780273438,-0.876220703125,-0.5280914306640625,0.1609954833984375
1789222396107741700,34.26174169921875,-0.55438232421875,-1.0680999755859375,0.112060546875
1789222396117735700,34.27173559570313,0.2838897705078125,-0.6947479248046875,-0.0016632080078125
1789222396127729700,34.281729736328124,0.0384521484375,-0.2039031982421875,0.024749755859375
1789222396137723600,34.2917236328125,-1.0995941162109375,-1.084808349609375,0.1256561279296875
1789222396147717600,34.30171752929687,-0.849761962890625,-0.96978759765625,0.0992889404296875
1789222396157712000,34.3117119140625,-0.0042877197265625,-0.4971771240234375,-0.057342529296875
1789222396167705900,34.321705810546874,-0.442657470703125,-0.815887451171875,-0.0669097900390625
1789222396177699800,34.33169995117188,-1.342742919921875,-1.164581298828125,0.1897735595703125
1789222396187693600,34.34169360351562,-0.94073486328125,-0.471649169921875,0.0803680419921875
1789222396197687600,34.3516875,-0.0697784423828125,-0.6639556884765625,-0.26739501953125
1789222396207681500,34.361681640625,-0.4675140380859375,-0.83489990234375,-0.123291015625
1789222396217675800,34.37167578125,-1.64617919921875,-0.7567138671875,0.30987548828125
1789222396227669800,34.38166967773437,-1.5357666015625,-0.816314697265625,0.3264617919921875
1789222396237663700,34.391663818359376,-0.2628173828125,-0.9139556884765625,0.0582427978515625
1789222396247657700,34.40165771484375,0.416748046875,-0.782684326171875,-0.0157318115234375
1789222396257651700,34.411651611328125,-0.5008544921875,-0.5626983642578125,0.048858642578125
1789222396267646000,34.42164599609375,-1.406768798828125,-0.7410125732421875,0.158477783203125
1789222396277640000,34.431639892578126,-0.9971160888671875,-0.7102813720703125,0.0640716552734375
1789222396287633700,34.44163354492188,-0.4011383056640625,-0.5774383544921875,-0.0919647216796875
1789222396297627600,34.451627685546875,-1.018768310546875,-0.660675048828125,0.1170654296875
1789222396307621600,34.46162158203125,-1.496246337890625,-1.1578521728515625,0.382049560546875
1789222396317615900,34.471615966796875,-0.433685302734375,-0.8067626953125,0.1124114990234375
1789222396327609900,34.48160986328125,0.4799346923828125,-0.427154541015625,-0.188751220703125
1789222396337603800,34.491603759765624,-0.4704132080078125,-1.1316070556640625,0.0680694580078125
1789222396347597800,34.50159790039063,-1.1673583984375,-0.9477386474609375,0.393585205078125
1789222396357591800,34.511591796875,-0.527984619140625,-0.2113494873046875,0.306549072265625
1789222396367585500,34.52158544921875,0.0036773681640625,-0.9890594482421875,0.1361846923828125
1789222396377579800,34.531579833984374,-0.339019775390625,-0.2795562744140625,0.1182403564453125
1789222396387573800,34.54157373046875,-1.3239898681640625,-0.4560394287109375,0.1210784912109375
1789222396397567700,34.55156762695312,-1.478912353515625,-1.1849212646484375,-0.046539306640625
1789222396407561700,34.56156176757813,-0.7998199462890625,-0.5896148681640625,-0.259735107421875
1789222396417555700,34.5715556640625,-0.564483642578125,-0.9830169677734375,-0.1709442138671875
1789222396427550000,34.58155004882813,-0.3272552490234375,-0.88067626953125,0.2006988525390625
1789222396437544000,34.5915439453125,-0.0673370361328125,-0.7640533447265625,0.3812408447265625
1789222396447537700,34.60153759765625,0.1409912109375,-0.6552734375,0.31048583984375
1789222396457531600,34.61153173828125,-0.740325927734375,-0.383697509765625,0.3533782958984375
1789222396467525600,34.621525634765625,-1.821807861328125,-1.1680908203125,0.4029541015625
1789222396477518800,34.631518798828125,-0.9896240234375,-1.0063018798828125,-0.002960205078125
1789222396487512800,34.64151293945312,-0.0093231201171875,-0.4105224609375,-0.3972320556640625
1789222396497506800,34.6515068359375,-0.29296875,-1.14007568359375,-0.292572021484375
1789222396507500800,34.66150073242188,-0.849273681640625,-1.0003509521484375,0.076141357421875
1789222396517494800,34.671494873046875,-0.9351654052734375,-0.698150634765625,0.2710723876953125
1789222396527488800,34.68148876953125,-0.7195281982421875,-0.8897552490234375,0.1714019775390625
1789222396537482800,34.691482666015624,-0.2685394287109375,-0.818878173828125,0.108551025390625
1789222396547476700,34.70147680664063,-0.0687103271484375,-0.7096405029296875,0.0627593994140625
1789222396557470700,34.711470703125,-0.2149658203125,-0.529052734375,0.007171630859375
1789222396567464700,34.72146459960938,-0.8477630615234375,-0.5894317626953125,0.01654052734375
1789222396577459000,34.731458984375,-1.7283935546875,-0.89404296875,0.072509765625
1789222396587453000,34.74145288085938,-1.3118438720703125,-0.790435791015625,0.0250396728515625
1789222396597446700,34.75144677734375,0.318878173828125,-0.8277130126953125,-0.233123779296875
1789222396607440600,34.761440673828126,0.279296875,-0.3549041748046875,-0.3346710205078125
1789222396617434600,34.7714345703125,-1.7665863037109375,-0.8506011962890625,0.096893310546875
1789222396627428900,34.78142895507813,-1.9915008544921875,-0.96234130859375,0.468231201171875
1789222396637422800,34.7914228515625,-0.0526275634765625,-0.22265625,0.136566162109375
1789222396647416800,34.801416748046876,0.6839447021484375,-0.915771484375,-0.19940185546875
1789222396657410800,34.81141088867187,-0.203033447265625,-0.8461761474609375,0.0778656005859375
1789222396667404500,34.821404541015625,-1.32891845703125,-0.6127166748046875,0.3551788330078125
1789222396677398800,34.83139868164063,-1.1653900146484375,-1.132293701171875,0.058929443359375
1789222396687392800,34.841392822265625,-0.3448333740234375,-0.62677001953125,-0.2200469970703125
1789222396697386800,34.85138671875,-0.6736297607421875,-0.8745574951171875,0.0930938720703125
1789222396707380700,34.861380615234374,-1.2424163818359375,-0.921173095703125,0.4164581298828125
1789222396717374700,34.87137475585938,-0.747650146484375,-0.7496185302734375,0.15338134765625
1789222396727368700,34.88136865234375,-0.1040191650390625,-0.8054656982421875,-0.0691375732421875
1789222396737363000,34.89136303710937,-0.18206787109375,-0.7877655029296875,0.0375213623046875
1789222396747356700,34.901356689453124,-0.5886077880859375,-0.4909210205078125,0.048095703125
1789222396757350700,34.9113505859375,-0.800872802734375,-0.52862548828125,0.1513824462890625
1789222396767344600,34.9213447265625,-0.3585662841796875,-0.756927490234375,0.2693328857421875
1789222396777338600,34.93133862304688,-0.3550872802734375,-0.51806640625,0.2195892333984375
1789222396787332900,34.94133276367187,-1.1352081298828125,-0.8349456787109375,0.090087890625
1789222396797326800,34.95132690429688,-1.1931304931640625,-0.76080322265625,0.021636962890625
1789222396807320800,34.96132080078125,-0.5769500732421875,-0.352020263671875,-0.074432373046875
1789222396817314800,34.971314697265626,-0.6430511474609375,-0.6959075927734375,-0.0716705322265625
1789222396827308500,34.98130859375,-0.8473968505859375,-0.86627197265625,0.2585906982421875
1789222396837302800,34.991302734375,-0.4751129150390625,-0.391693115234375,0.362335205078125
1789222396847296800,35.001296875,-0.444091796875,-0.6338043212890625,-0.032440185546875
1789222396857290800,35.011290771484376,-0.736785888671875,-0.59417724609375,-0.26513671875
1789222396867284700,35.02128466796875,-1.09027099609375,-0.9258880615234375,-0.075408935546875
1789222396877278700,35.03127880859375,-0.602294921875,-0.835968017578125,0.0649261474609375
1789222396887273000,35.04127294921875,-0.350921630859375,-0.5105743408203125,0.0422821044921875
1789222396897267000,35.051266845703125,-0.7131500244140625,-1.1762237548828125,0.18048095703125
1789222396907260700,35.0612607421875,-0.84393310546875,-0.6912689208984375,0.260040283203125
1789222396917254700,35.071254638671874,-1.18365478515625,-1.0115509033203125,0.03985595703125
1789222396927248600,35.08124853515625,-0.580841064453125,-1.119476318359375,-0.30523681640625
1789222396937242600,35.09124267578125,-0.059600830078125,-0.3447265625,-0.298431396484375
1789222396947236900,35.10123681640625,-0.435089111328125,-0.900970458984375,0.069091796875
1789222396957230800,35.11123095703125,-0.484039306640625,-1.00750732421875,0.206085205078125
1789222396967224800,35.12122485351563,-0.4580535888671875,-0.439056396484375,0.1744232177734375
1789222396977218800,35.13121875,-1.305084228515625,-0.974273681640625,0.353424072265625
1789222396987212500,35.14121264648438,-1.0252838134765625,-0.9335784912109375,0.289642333984375
1789222396997206800,35.15120678710937,-0.1300201416015625,-0.500518798828125,-0.0963134765625
1789222397007199700,35.16119970703125,-0.3752288818359375,-0.8308563232421875,-0.156585693359375
1789222397017194800,35.17119482421875,-1.150421142578125,-0.6407012939453125,0.1439361572265625
1789222397027187700,35.18118774414062,-1.3477020263671875,-0.56915283203125,0.17254638671875
1789222397037182000,35.191181884765626,-0.75811767578125,-1.1860504150390625,-0.085174560546875
1789222397047176000,35.20117602539062,-0.13983154296875,-0.707366943359375,-0.15179443359375
1789222397057169700,35.211169677734375,-0.6850128173828125,-0.5691986083984375,0.01470947265625
1789222397067163600,35.22116357421875,-0.8414459228515625,-1.02813720703125,0.1111297607421875
1789222397077157600,35.23115771484375,-0.034759521484375,-0.330352783203125,0.1701812744140625
1789222397087151900,35.24115185546875,-0.0244293212890625,-0.74420166015625,0.2153472900390625
1789222397097145900,35.251145751953125,-0.62261962890625,-0.8619384765625,0.2309417724609375
1789222397107139800,35.26113989257812,-0.8462982177734375,-0.1992645263671875,0.1309967041015625
1789222397117133800,35.2711337890625,-0.573455810546875,-0.998016357421875,-0.1083221435546875
1789222397127127800,35.2811279296875,-0.36260986328125,-0.670623779296875,-0.1869964599609375
1789222397137121800,35.291121826171874,-1.1030426025390625,-0.5917510986328125,-0.0595550537109375
1789222397147115800,35.30111572265625,-1.36572265625,-1.3215179443359375,0.1670379638671875
1789222397157109800,35.31110986328125,-0.5173187255859375,-0.753143310546875,0.2257843017578125
1789222397167103700,35.32110375976563,-0.199676513671875,-0.7458038330078125,0.080841064453125
1789222397177097700,35.33109765625,-0.3275299072265625,-0.6486968994140625,0.062469482421875
1789222397187091700,35.341091796875,-0.589080810546875,-0.3635101318359375,0.034698486328125
1789222397197086000,35.3510859375,-0.847625732421875,-1.0922393798828125,-0.1098480224609375
1789222397207080000,35.36107983398438,-1.2535400390625,-0.3796234130859375,0.050811767578125
1789222397217073700,35.37107373046875,-1.4119873046875,-0.7716827392578125,0.2131805419921875
1789222397227067600,35.381067626953126,-0.5001678466796875,-1.118438720703125,0.0868072509765625
1789222397237061600,35.3910615234375,-0.068206787109375,-0.5189361572265625,-0.01885986328125
1789222397247056000,35.401055908203126,-0.751739501953125,-0.952392578125,0.0284271240234375
1789222397257049900,35.4110498046875,-1.0362396240234375,-1.074981689453125,0.063232421875
1789222397267043800,35.4210439453125,-0.4725494384765625,-0.595001220703125,0.08843994140625
1789222397277037800,35.43103784179687,0.036163330078125,-0.6059112548828125,0.1181793212890625
1789222397287031600,35.441031494140624,-0.54998779296875,-0.68280029296875,0.1822509765625
1789222397297025800,35.45102587890625,-1.0050048828125,-0.817718505859375,0.26898193359375
1789222397307019800,35.461019775390625,-0.7884979248046875,-0.7433013916015625,0.09796142578125
1789222397317013800,35.471013671875,-0.786041259765625,-1.04534912109375,-0.1725006103515625
1789222397327007700,35.4810078125,-0.6643524169921875,-0.972320556640625,-0.1038665771484375
1789222397337001700,35.49100170898438,-0.34747314453125,-0.685089111328125,0.12945556640625
1789222397346995700,35.50099560546875,-0.348114013671875,-0.5589447021484375,0.151763916015625
1789222397356990000,35.51098999023438,-0.56488037109375,-0.89697265625,0.02606201171875
1789222397366983700,35.52098364257812,-0.8876800537109375,-0.50714111328125,0.0788726806640625
1789222397376977700,35.53097778320313,-1.0476837158203125,-0.5357666015625,-0.023193359375
1789222397386971600,35.5409716796875,-0.74334716796875,-1.19189453125,-0.3451385498046875
1789222397396965600,35.550965576171876,-0.2255096435546875,-0.7800750732421875,-0.2978057861328125
1789222397406959900,35.5609599609375,-0.471466064453125,-0.654205322265625,-0.0781402587890625
1789222397416953900,35.57095385742188,-0.448455810546875,-0.998504638671875,-0.0609588623046875
1789222397426947800,35.58094775390625,0.2963104248046875,-0.597900390625,-0.0163116455078125
1789222397436941800,35.59094189453125,-0.973785400390625,-0.3817291259765625,0.287384033203125
1789222397446934800,35.600934814453126,-2.79290771484375,-1.3475799560546875,0.3974761962890625
1789222397456928800,35.6109287109375,-1.3977508544921875,-1.1622314453125,0.095947265625
1789222397466922800,35.6209228515625,0.6504974365234375,-0.561737060546875,-0.231109619140625
1789222397476916700,35.63091674804687,0.73388671875,-0.4377899169921875,-0.5399627685546875
1789222397486910700,35.64091064453125,-0.8108978271484375,-1.0801544189453125,-0.5072174072265625
1789222397496905000,35.65090502929687,-1.2984161376953125,-1.0033721923828125,-0.0815582275390625
1789222397506899000,35.66089892578125,-0.0954132080078125,0.04296875,0.0979766845703125
1789222397516892700,35.670892578125,-0.250518798828125,-0.95758056640625,0.0996246337890625
1789222397526886700,35.68088671875,-1.199920654296875,-1.1343841552734375,0.3107757568359375
1789222397536880600,35.69088061523438,-1.383209228515625,0.0067138671875,0.4659271240234375
1789222397546875000,35.700875,-0.8798370361328125,-1.0537109375,0.00872802734375
1789222397556868900,35.71086889648438,-0.4124755859375,-1.236419677734375,-0.4150238037109375
1789222397566862800,35.72086279296875,-0.86846923828125,-0.53173828125,-0.2607269287109375
1789222397576856800,35.73085693359375,-0.9985809326171875,-0.9101715087890625,-0.004852294921875
1789222397586850800,35.740850830078124,-0.470947265625,-0.9599456787109375,-0.0026397705078125
1789222397596844800,35.7508447265625,-0.090484619140625,-0.4609375,-0.003387451171875
1789222397606838800,35.7608388671875,-0.2335662841796875,-0.41070556640625,0.2557525634765625
1789222397616832800,35.770832763671876,-0.7361907958984375,-0.7655181884765625,0.4432373046875
1789222397626826800,35.78082666015625,-0.81829833984375,-0.8758544921875,0.3266754150390625
1789222397636820700,35.79082080078125,-0.5497283935546875,-0.4347991943359375,0.0962371826171875
1789222397646814700,35.80081469726562,-0.9224853515625,-0.93170166015625,0.1235198974609375
1789222397656809000,35.81080908203125,-0.8710174560546875,-1.014862060546875,0.1771697998046875
1789222397666803000,35.82080297851562,-0.806976318359375,-0.6873321533203125,0.10357666015625
1789222397676796700,35.830796630859375,-0.9619598388671875,-0.6623992919921875,0.1605682373046875
1789222397686790700,35.84079077148437,-0.888458251953125,-0.9487152099609375,0.28369140625
1789222397696784600,35.85078466796875,-0.13409423828125,-0.9664154052734375,0.2069244384765625
1789222397706779000,35.86077880859375,-0.1057281494140625,-0.3524169921875,0.052734375
1789222397716772900,35.87077294921875,-0.7725830078125,-0.869842529296875,0.050262451171875
1789222397726766800,35.88076684570313,-0.81768798828125,-0.364044189453125,0.1798858642578125
1789222397736760800,35.8907607421875,-0.47979736328125,-0.36102294921875,0.0916748046875
1789222397746754800,35.9007548828125,-0.201171875,-0.9637451171875,-0.0775299072265625
1789222397756748800,35.910748779296874,-0.605072021484375,-0.2107086181640625,0.1389007568359375
1789222397766742800,35.92074267578125,-1.6627197265625,-0.79541015625,0.3881988525390625
1789222397776736800,35.93073681640625,-1.3036651611328125,-1.4240264892578125,0.24005126953125
1789222397786730800,35.94073071289063,0.0194244384765625,-0.6031646728515625,0.0453643798828125
1789222397796724700,35.950724853515624,0.0472869873046875,-0.7547149658203125,0.047760009765625
1789222397806718700,35.96071875,-0.9203948974609375,-0.78131103515625,0.1241455078125
1789222397816711700,35.970711669921876,-1.09930419921875,-0.836944580078125,0.0506134033203125
1789222397826705700,35.98070556640625,-0.0902862548828125,-0.669769287109375,-0.140533447265625
1789222397836699600,35.99069970703125,0.124267578125,-0.1419830322265625,-0.1766815185546875
1789222397846693600,36.00069360351562,-0.90985107421875,-0.90338134765625,-0.0722198486328125
1789222397856687900,36.01068798828125,-1.8402557373046875,-1.0043487548828125,0.1808013916015625
1789222397866681900,36.02068188476562,-1.1191558837890625,-0.6479949951171875,0.1751556396484375
1789222397876675800,36.03067578125,0.0888824462890625,-0.93157958984375,-0.18646240234375
1789222397886669800,36.040669921875,0.07965087890625,-0.80426025390625,-0.157958984375
1789222397896663600,36.05066357421875,-1.0372467041015625,-0.8885040283203125,0.2168426513671875
1789222397906657800,36.06065771484375,-1.298095703125,-0.8793182373046875,0.25390625
1789222397916651800,36.07065185546875,-0.4014434814453125,-0.6769256591796875,-0.0754241943359375
1789222397926645800,36.08064575195313,-0.2859649658203125,-1.083282470703125,-0.1927337646484375
1789222397936639700,36.0906396484375,-0.9456787109375,-0.7217864990234375,-0.0566864013671875
1789222397946633700,36.1006337890625,-1.15850830078125,-0.805816650390625,-0.070037841796875
1789222397956628000,36.1106279296875,-0.5751190185546875,-0.86956787109375,-0.1152801513671875
1789222397966622000,36.1206220703125,-0.39239501953125,-0.697509765625,0.073577880859375
1789222397976615700,36.13061572265625,-0.7973785400390625,-0.677978515625,0.3206634521484375
1789222397986609700,36.140609619140626,-0.4572296142578125,-0.6902313232421875,0.2339630126953125
1789222397996603600,36.15060375976562,0.0721282958984375,-0.5034027099609375,-0.0727081298828125
1789222398006597600,36.16059765625,-0.5496826171875,-0.543914794921875,-0.1160430908203125
1789222398016592000,36.170591796875,-1.5073699951171875,-1.12591552734375,0.0469512939453125
1789222398026585900,36.1805859375,-1.2616424560546875,-0.90557861328125,0.07647705078125
1789222398036579800,36.19057983398437,-0.2824859619140625,-0.7980194091796875,-0.0957183837890625
1789222398046573800,36.20057373046875,0.075714111328125,-0.6568145751953125,-0.08978271484375
1789222398056567600,36.21056762695312,-0.305908203125,-0.718414306640625,0.207122802734375
1789222398066561800,36.220561767578126,-0.737274169921875,-0.82421875,0.3157501220703125
1789222398076555800,36.2305556640625,-0.843841552734375,-0.546844482421875,0.2044525146484375
1789222398086549800,36.2405498046875,-0.76007080078125,-0.63348388671875,0.14141845703125
1789222398096543700,36.25054370117188,-0.576446533203125,-0.9264678955078125,0.1083526611328125
1789222398106537700,36.260537841796875,-0.5746002197265625,-0.6849365234375,0.0273590087890625
1789222398116532000,36.27053198242187,-0.8577880859375,-0.86395263671875,-0.0252532958984375
1789222398126526000,36.28052587890625,-1.1043701171875,-1.0618743896484375,-0.0012969970703125
1789222398136519700,36.29051977539063,-0.6830902099609375,-0.7685546875,0.0255279541015625
1789222398146512600,36.3005126953125,-0.315643310546875,-0.7894134521484375,0.055999755859375
1789222398156507000,36.3105068359375,-0.136627197265625,-0.8218231201171875,0.187713623046875
1789222398166500900,36.3205009765625,-0.373779296875,-0.522796630859375,0.343353271484375
1789222398176494800,36.330494873046874,-0.59674072265625,-0.6512451171875,0.39691162109375
1789222398186488800,36.34048876953125,-0.5440673828125,-0.690032958984375,0.180419921875
1789222398196482600,36.35048266601562,-0.563018798828125,-0.5055084228515625,-0.0703277587890625
1789222398206476800,36.36047680664063,-1.0549468994140625,-0.8621063232421875,-0.1026611328125
1789222398216470800,36.370470703125,-1.45550537109375,-0.7388916015625,0.0530548095703125
1789222398226465300,36.38046533203125,-1.2093505859375,-0.845306396484375,0.101226806640625
1789222398236459300,36.390459228515624,-0.4819793701171875,-0.9083251953125,0.0078277587890625
1789222398246453000,36.400452880859376,-0.0760955810546875,-0.5032501220703125,0.0822296142578125
1789222398256447000,36.41044702148437,-0.4895477294921875,-0.790283203125,0.24853515625
1789222398266441200,36.42044116210938,-0.70892333984375,-0.770263671875,0.2230224609375
1789222398276435200,36.430435302734374,-0.7280731201171875,-0.643585205078125,0.0721435546875
1789222398286429200,36.44042919921875,-0.559417724609375,-0.71923828125,0.075347900390625
1789222398296423200,36.45042309570312,-0.350677490234375,-0.5590667724609375,0.1036529541015625
1789222398306417200,36.46041723632813,-0.19232177734375,-0.610626220703125,-0.0064239501953125
1789222398316411100,36.4704111328125,-0.5579681396484375,-0.442108154296875,0.1429443359375
1789222398326405000,36.480405029296875,-1.549652099609375,-0.8661651611328125,0.4158782958984375
1789222398336399000,36.49039916992187,-1.317413330078125,-1.187408447265625,0.1999359130859375
1789222398346393000,36.50039306640625,-0.040435791015625,-0.5361480712890625,-0.111358642578125
1789222398356387000,36.51038696289063,0.068756103515625,-0.54473876953125,-0.072906494140625
1789222398366381000,36.520381103515625,-0.6801605224609375,-1.15777587890625,0.18170166015625
1789222398376375300,36.53037524414062,-0.998748779296875,-0.586669921875,0.3153839111328125
1789222398386369300,36.540369384765626,-0.7412261962890625,-0.626953125,0.297027587890625
1789222398396363300,36.55036328125,-0.4479827880859375,-1.084747314453125,0.210784912109375
1789222398406357000,36.56035693359375,-0.4590301513671875,-0.7369384765625,0.1348724365234375
1789222398416351000,36.57035107421875,-0.5748443603515625,-0.3849945068359375,0.0532989501953125
1789222398426345200,36.58034521484375,-0.8402099609375,-0.7118072509765625,0.0429534912109375
1789222398436339200,36.59033911132813,-0.9342498779296875,-0.7798614501953125,0.0517578125
1789222398446332200,36.60033227539063,-1.102447509765625,-0.5562896728515625,0.0225372314453125
1789222398456326100,36.610326171875,-1.0633697509765625,-0.8466644287109375,0.01361083984375
1789222398466320100,36.620320068359376,-0.8883209228515625,-1.09027099609375,-0.0196075439453125
1789222398476314000,36.63031420898437,-0.5997467041015625,-0.7907257080078125,-0.0862579345703125
1789222398486308000,36.64030810546875,-0.6100311279296875,-0.885345458984375,0.020843505859375
1789222398496302000,36.65030200195312,-0.894622802734375,-0.772491455078125,0.1851348876953125
1789222398506296000,36.660296142578126,-0.4243927001953125,-0.72540283203125,0.17864990234375
1789222398516290300,36.67029028320312,-0.0610809326171875,-0.604278564453125,0.004241943359375
1789222398526284300,36.6802841796875,-0.302459716796875,-0.4837188720703125,-0.04852294921875
1789222398536278300,36.6902783203125,-0.700531005859375,-0.8349456787109375,-0.0384674072265625
1789222398546272000,36.70027197265625,-0.9320526123046875,-0.33245849609375,-0.127685546875
1789222398556266000,36.71026586914063,-1.296783447265625,-0.8507232666015625,-0.162322998046875
1789222398566260200,36.72026025390625,-1.2412872314453125,-1.08367919921875,0.042694091796875
1789222398576254200,36.73025415039063,-0.2460784912109375,-0.570648193359375,0.035247802734375
1789222398586248200,36.740248291015625,0.370330810546875,-0.9752044677734375,-0.185638427734375
1789222398596242200,36.7502421875,-0.16015625,-0.891326904296875,-0.0301055908203125
1789222398606236200,36.760236083984374,-1.04248046875,-0.5488739013671875,0.310882568359375
1789222398616230100,36.77023022460938,-1.272552490234375,-0.965850830078125,0.2432861328125
1789222398626224000,36.78022412109375,-0.6262359619140625,-1.1552886962890625,-0.0534515380859375
1789222398636218000,36.79021801757813,-0.2427215576171875,-0.800811767578125,-0.0826873779296875
1789222398646212000,36.800212158203124,-0.74456787109375,-0.61358642578125,0.0291900634765625
1789222398656206000,36.8102060546875,-1.1156158447265625,-0.9503173828125,-0.118408203125
1789222398666200000,36.82019995117187,-0.7747650146484375,-0.654876708984375,-0.2024383544921875
1789222398676194300,36.8301943359375,-0.4909210205078125,-0.6320343017578125,-0.16680908203125
1789222398686188300,36.84018823242187,-0.4049072265625,-1.0437469482421875,-0.105010986328125
1789222398696182300,36.85018237304688,-0.1796875,-0.3956298828125,0.0927734375
1789222398706176000,36.86017602539062,-0.4474945068359375,-0.5650177001953125,0.260467529296875
1789222398716170000,36.870169921875,-0.7221527099609375,-0.9105987548828125,0.2923736572265625
1789222398726163200,36.8801630859375,-0.8040008544921875,-0.6047515869140625,0.1911163330078125
1789222398736157200,36.8901572265625,-0.7868499755859375,-0.7740020751953125,-0.0031280517578125
1789222398746151200,36.900151123046875,-0.56378173828125,-0.6294708251953125,-0.157928466796875
1789222398756145200,36.91014526367187,-0.5372467041015625,-0.7481231689453125,-0.1873016357421875
1789222398766139100,36.92013916015625,-1.0863494873046875,-0.4878692626953125,-0.019866943359375
1789222398776133000,36.93013305664063,-1.1779632568359375,-0.71868896484375,0.2005462646484375
1789222398786127000,36.940127197265625,-0.317230224609375,-0.810455322265625,0.1035003662109375
1789222398796121000,36.95012109375,-0.4638671875,-0.5121917724609375,-0.0194854736328125
1789222398806115000,36.96011499023437,-1.423553466796875,-1.014495849609375,0.133056640625
1789222398816109000,36.97010913085938,-1.0137176513671875,-1.053436279296875,0.252960205078125
1789222398826103300,36.980103271484374,0.23553466796875,-0.5298919677734375,0.06494140625
1789222398836097300,36.99009716796875,0.3084564208984375,-0.56011962890625,0.0081329345703125
1789222398846091000,37.00009106445312,-0.8303680419921875,-0.8616790771484375,0.3363037109375
1789222398856085000,37.0100849609375,-1.198638916015625,-0.728546142578125,0.4654083251953125
1789222398866079000,37.02007885742187,-0.802154541015625,-0.7677764892578125,0.0680694580078125
1789222398876073200,37.0300732421875,-0.411102294921875,-1.0812835693359375,-0.226348876953125
1789222398886067200,37.04006713867187,-0.285125732421875,-0.611663818359375,-0.1353759765625
1789222398896061200,37.05006127929688,-0.86724853515625,-0.8382720947265625,-0.0472564697265625
1789222398906055200,37.06005517578125,-0.997802734375,-0.7752685546875,0.0383453369140625
1789222398916049200,37.070049072265626,-0.4223480224609375,-0.60546875,0.1803741455078125
1789222398926043100,37.08004321289062,-0.233917236328125,-0.95355224609375,0.1986541748046875
1789222398936037000,37.090037109375,-0.467681884765625,-0.5639190673828125,0.2032623291015625
1789222398946031000,37.10003100585938,-0.8061370849609375,-0.719268798828125,0.2233428955078125
1789222398956025000,37.110025146484375,-0.6602935791015625,-0.6101531982421875,0.132568359375
1789222398966019000,37.12001904296875,-0.212554931640625,-0.49114990234375,-0.05352783203125
1789222398976013000,37.130012939453124,-0.3919677734375,-0.5898590087890625,-0.046600341796875
1789222398986006300,37.14000634765625,-0.9434967041015625,-0.624603271484375,0.15496826171875
1789222398996000000,37.15,-1.2189483642578125,-0.735870361328125,0.2637481689453125
1789222399005994000,37.15999389648437,-0.88055419921875,-0.7348175048828125,0.1975250244140625
1789222399015988200,37.16998828125,-0.0707244873046875,-0.409423828125,-0.000091552734375
1789222399025982200,37.179982177734374,-0.1501922607421875,-0.7372283935546875,-0.0424957275390625
1789222399035976200,37.18997607421875,-0.85406494140625,-0.9364776611328125,0.14385986328125
1789222399045970200,37.19997021484375,-1.2047576904296875,-0.6251678466796875,0.21575927734375
1789222399055964200,37.20996411132813,-1.051727294921875,-1.0328216552734375,0.1134490966796875
1789222399065958100,37.21995825195312,-0.5225677490234375,-0.982391357421875,0.0689849853515625
1789222399075952000,37.2299521484375,-0.45465087890625,-0.63726806640625,0.0544281005859375
1789222399085946000,37.23994604492187,-1.141693115234375,-0.784423828125,0.0126495361328125
1789222399095940000,37.249940185546876,-1.34814453125,-1.1449737548828125,-0.0400848388671875
1789222399105934000,37.25993408203125,-0.7103118896484375,-0.89404296875,-0.145233154296875
1789222399115928000,37.269927978515625,-0.24359130859375,-0.6587066650390625,-0.15032958984375
1789222399125922300,37.27992236328125,-0.0028839111328125,-0.8677215576171875,0.012786865234375
1789222399135916300,37.289916259765626,-0.272125244140625,-0.550079345703125,0.1914215087890625
1789222399145910300,37.29991015625,-1.1827545166015625,-0.72845458984375,0.3643951416015625
1789222399155904000,37.309904052734375,-1.6278228759765625,-1.1845855712890625,0.35601806640625
1789222399165898000,37.31989794921875,-0.75799560546875,-0.67132568359375,0.008148193359375
1789222399175892200,37.329892333984375,-0.2430877685546875,-0.9171600341796875,-0.3255157470703125
1789222399185886200,37.33988623046875,-0.26470947265625,-0.942291259765625,-0.1440277099609375
1789222399195880200,37.349880126953124,-0.5998077392578125,-0.3559112548828125,0.1777801513671875
1789222399205874200,37.35987426757813,-0.54852294921875,-0.600830078125,0.04840087890625
1789222399215868200,37.3698681640625,-0.623046875,-0.652587890625,-0.031036376953125
1789222399225860600,37.37986059570313,-1.83306884765625,-0.8205718994140625,0.1913299560546875
1789222399235854600,37.3898544921875,-1.8594512939453125,-1.28570556640625,0.1631011962890625
1789222399245848300,37.39984838867188,-0.5098876953125,-0.857330322265625,-0.138671875
1789222399255842600,37.409842529296874,0.417999267578125,-0.7133026123046875,-0.211181640625
1789222399265836500,37.41983642578125,0.1815338134765625,-0.69415283203125,0.094696044921875
1789222399275830500,37.42983056640625,-0.591552734375,-0.5246734619140625,0.359283447265625
1789222399285824500,37.43982446289063,-0.6439666748046875,-0.560455322265625,0.2279815673828125
1789222399295818500,37.449818603515624,-0.473114013671875,-0.6596832275390625,0.020843505859375
1789222399305812500,37.4598125,-0.632659912109375,-0.8833160400390625,0.0792694091796875
1789222399315806700,37.469806640625,-1.1673583984375,-0.629547119140625,0.22662353515625
1789222399325800400,37.47980053710938,-1.0406494140625,-1.009613037109375,0.1634674072265625
1789222399335794400,37.48979443359375,-0.111541748046875,-0.706512451171875,-0.0394439697265625
1789222399345788400,37.499788330078125,0.0961456298828125,-0.5856170654296875,-0.064788818359375
1789222399355782400,37.50978247070312,-0.6442108154296875,-0.6954345703125,0.021820068359375
1789222399365776600,37.519776611328126,-1.197021484375,-0.4847259521484375,0.165618896484375
1789222399375770600,37.5297705078125,-0.882843017578125,-0.4412841796875,0.27203369140625
1789222399385764600,37.5397646484375,-0.5135345458984375,-0.670074462890625,0.2729034423828125
1789222399395758600,37.54975854492187,-0.5609283447265625,-0.5780181884765625,0.223052978515625
1789222399405752300,37.55975244140625,-0.6397247314453125,-0.58135986328125,0.0880889892578125
1789222399415746600,37.56974658203125,-1.0391693115234375,-1.0962066650390625,-0.08697509765625
1789222399425740500,37.579740478515625,-0.913299560546875,-0.6865081787109375,-0.2349700927734375
1789222399435734500,37.58973461914063,-1.0712890625,-0.505859375,-0.134246826171875
1789222399445728500,37.599728515625,-1.1024017333984375,-1.080657958984375,0.2158050537109375
1789222399455721700,37.6097216796875,-0.0594024658203125,-0.5339813232421875,0.3948974609375
1789222399465715500,37.61971557617188,0.266510009765625,-0.440673828125,0.3001556396484375
1789222399475709400,37.62970947265625,-0.4597320556640625,-1.140869140625,0.2391510009765625
1789222399485703400,37.639703369140626,-0.7248077392578125,-0.9311065673828125,0.066497802734375
1789222399495697400,37.64969750976562,-0.8542633056640625,-0.60821533203125,-0.177001953125
1789222399505691600,37.65969165039063,-1.1113433837890625,-0.7694854736328125,-0.224029541015625
1789222399515685600,37.669685546875,-1.018646240234375,-0.7187957763671875,-0.0064697265625
1789222399525679600,37.6796796875,-0.521881103515625,-0.83111572265625,0.1288604736328125
1789222399535673600,37.68967358398437,-0.1508331298828125,-0.552001953125,0.0216064453125
1789222399545667300,37.699667236328125,-1.124481201171875,-0.88092041015625,-0.025360107421875
1789222399555661300,37.70966137695312,-1.2325439453125,-1.269927978515625,-0.09112548828125
1789222399565655600,37.719655517578126,-0.5065155029296875,-0.4798126220703125,-0.1552886962890625
1789222399575649500,37.7296494140625,-0.27508544921875,-0.984710693359375,-0.0044403076171875
1789222399585643500,37.7396435546875,-0.38641357421875,-1.13470458984375,0.2344818115234375
1789222399595637500,37.74963745117188,-0.7224578857421875,-0.1719818115234375,0.48248291015625
1789222399605631500,37.759631591796875,-0.9402008056640625,-0.68017578125,0.3892364501953125
1789222399615625700,37.76962573242187,-0.8125,-1.01025390625,-0.0886688232421875
1789222399625619500,37.779619384765624,-0.8667144775390625,-0.801361083984375,-0.451812744140625
1789222399635613400,37.78961352539063,-1.0460052490234375,-0.860809326171875,-0.3657684326171875
1789222399645607400,37.799607421875,-0.682281494140625,-0.99615478515625,-0.1654815673828125
1789222399655601400,37.80960131835938,-0.0344085693359375,-0.6655426025390625,-0.0078582763671875
1789222399665594600,37.8195947265625,0.032562255859375,-0.590118408203125,0.286590576171875
1789222399675588600,37.829588623046874,-0.546173095703125,-0.6861572265625,0.5052947998046875
1789222399685582600,37.83958251953125,-0.6779937744140625,-0.703094482421875,0.2772979736328125
1789222399695576300,37.84957641601562,-0.2535552978515625,-0.7451324462890625,-0.053131103515625
1789222399705570600,37.85957055664063,-0.1502227783203125,-0.7009429931640625,-0.1641082763671875
1789222399715564500,37.869564453125,-0.7292022705078125,-0.5894927978515625,-0.13446044921875
1789222399725558500,37.87955859375,-1.398406982421875,-0.9225921630859375,-0.0082550048828125
1789222399735552500,37.88955249023437,-1.2037811279296875,-1.0852508544921875,0.0589447021484375
1789222399745546500,37.89954638671875,-0.32110595703125,-0.9148101806640625,-0.2012176513671875
1789222399755540700,37.90954077148437,-0.369293212890625,-0.596527099609375,-0.2656707763671875
1789222399765534500,37.919534423828125,-1.2744598388671875,-0.9147186279296875,0.1179656982421875
1789222399775528400,37.92952856445312,-1.09686279296875,-0.8948516845703125,0.3190765380859375
1789222399785522400,37.9395224609375,-0.24298095703125,-0.59747314453125,0.10089111328125
1789222399795516400,37.94951635742188,-0.1224517822265625,-0.9141082763671875,-0.03289794921875
1789222399805510400,37.959510498046875,-0.6939239501953125,-0.7182159423828125,0.0296478271484375
1789222399815504600,37.96950463867187,-1.031005859375,-0.828155517578125,-0.0849761962890625
1789222399825498600,37.97949853515625,-0.61114501953125,-0.8611297607421875,-0.1937713623046875
1789222399835492600,37.98949267578125,-0.39129638671875,-0.4384613037109375,0.0075836181640625
1789222399845486300,37.999486328125,-0.613525390625,-0.846893310546875,0.24505615234375
1789222399855480300,38.009480224609376,-0.5096588134765625,-0.5738372802734375,0.2002410888671875
1789222399865474600,38.019474609375,-0.2465667724609375,-0.424041748046875,0.0157012939453125
1789222399875467500,38.02946752929687,-0.5355377197265625,-0.8699951171875,-0.079833984375
1789222399885461500,38.03946142578125,-1.1234283447265625,-0.563201904296875,-0.0582427978515625
1789222399895455500,38.04945556640625,-1.140655517578125,-0.9324188232421875,0.033355712890625
1789222399905449700,38.05944970703125,-0.7757110595703125,-0.67266845703125,0.110321044921875
1789222399915443500,38.069443359375,-0.7481231689453125,-0.6762237548828125,0.167510986328125
1789222399925437400,38.0794375,-0.5669708251953125,-1.0242919921875,0.1694793701171875
1789222399935431400,38.08943139648437,-0.2091064453125,-0.3741912841796875,0.1373291015625
1789222399945425400,38.09942529296875,-0.4296875,-0.6008453369140625,0.0121917724609375
1789222399955419600,38.10941967773437,-0.8167877197265625,-0.7892303466796875,-0.06243896484375
1789222399965413600,38.11941357421875,-0.8293914794921875,-0.5026702880859375,0.0631103515625
1789222399975407600,38.12940771484375,-0.787506103515625,-0.7638702392578125,0.1615142822265625
1789222399985401600,38.139401611328125,-0.7236480712890625,-0.9378204345703125,0.113189697265625
1789222399995395300,38.14939526367188,-0.5271453857421875,-0.7045745849609375,0.1022186279296875
1789222400005389600,38.1593896484375,-0.5972137451171875,-0.9271240234375,0.20965576171875
1789222400015383600,38.16938354492188,-0.509857177734375,-1.0827178955078125,0.1946868896484375
1789222400025377500,38.17937744140625,-0.271148681640625,-0.7321624755859375,0.088653564453125
1789222400035371500,38.18937158203125,-0.656097412109375,-0.75921630859375,0.286529541015625
1789222400045365500,38.199365478515624,-1.011138916015625,-0.79461669921875,0.4029998779296875
1789222400055359500,38.209359375,-0.8265838623046875,-0.67919921875,0.164093017578125
1789222400065353700,38.219353759765625,-0.67584228515625,-0.79229736328125,-0.120697021484375
1789222400075346400,38.22934643554687,-0.93084716796875,-0.5969696044921875,-0.208892822265625
1789222400085340400,38.23934033203125,-1.17333984375,-0.7733001708984375,-0.2772064208984375
1789222400095334700,38.249334716796874,-0.7798919677734375,-0.805206298828125,-0.33984375
1789222400105328600,38.25932861328125,-0.236724853515625,-0.2494659423828125,-0.15179443359375
1789222400115322600,38.26932250976562,-0.294525146484375,-0.57757568359375,0.1082000732421875
1789222400125316600,38.279316650390626,-0.5655975341796875,-0.48394775390625,0.288726806640625
1789222400135310300,38.28931030273438,-0.85406494140625,-0.44305419921875,0.3560333251953125
1789222400145304300,38.29930419921875,-0.846038818359375,-0.837371826171875,0.2163848876953125
1789222400155298600,38.30929858398437,-0.6745758056640625,-0.5797119140625,-0.032623291015625
1789222400165292500,38.31929248046875,-0.58843994140625,-0.9414520263671875,-0.204833984375
1789222400175286500,38.32928662109375,-0.607086181640625,-0.9744110107421875,-0.2574920654296875
1789222400185280500,38.339280517578125,-0.74786376953125,-0.78033447265625,-0.1620330810546875
1789222400195274500,38.3492744140625,-1.002716064453125,-1.048309326171875,0.043304443359375
1789222400205268700,38.359268798828126,-0.5776519775390625,-0.719482421875,0.1954498291015625
1789222400215262500,38.36926245117188,-0.050262451171875,-0.7622528076171875,0.084869384765625
1789222400225257200,38.37925732421875,-0.0143280029296875,-1.0800933837890625,0.0139923095703125
1789222400235251200,38.38925122070312,-0.538665771484375,-0.6598968505859375,0.052001953125
1789222400245245200,38.3992451171875,-1.25323486328125,-0.8848114013671875,0.004425048828125
1789222400255239200,38.4092392578125,-1.0528106689453125,-1.193572998046875,-0.086944580078125
1789222400265232100,38.41923217773437,0.0256195068359375,-0.619720458984375,-0.179534912109375
1789222400275226000,38.42922607421875,0.1163330078125,-0.4642486572265625,-0.277435302734375
1789222400285220000,38.43922021484375,-0.8211212158203125,-0.842315673828125,-0.131439208984375
1789222400295214000,38.449214111328125,-1.4097137451171875,-0.51910400390625,0.09881591796875
1789222400305208300,38.45920825195312,-1.18084716796875,-0.63018798828125,0.0526580810546875
1789222400315202300,38.469202392578126,-0.537261962890625,-1.0370635986328125,-0.070556640625
1789222400325196000,38.47919604492188,-0.4911651611328125,-0.7800445556640625,0.032867431640625
1789222400335190000,38.48918994140625,-1.2172088623046875,-0.7552032470703125,0.1923828125
1789222400345184000,38.49918408203125,-1.2814483642578125,-0.94781494140625,0.1288909912109375
1789222400355178200,38.50917822265625,-0.4346771240234375,-0.7148284912109375,-0.076995849609375
1789222400365172200,38.51917211914063,-0.087554931640625,-0.576080322265625,-0.0748443603515625
1789222400375166200,38.529166259765624,-0.4339599609375,-0.446746826171875,0.052001953125
1789222400385160200,38.53916015625,-0.71142578125,-0.775054931640625,0.07049560546875
1789222400395154200,38.549154296875,-0.61981201171875,-0.448028564453125,0.12493896484375
1789222400405148000,38.55914794921875,-0.837921142578125,-0.71661376953125,0.1059417724609375
1789222400415142100,38.56914208984375,-0.766876220703125,-1.2263031005859375,0.0126953125
1789222400425136000,38.57913623046875,-0.5529327392578125,-0.4164276123046875,0.014617919921875
1789222400435130000,38.58913012695312,-0.8304443359375,-1.0049285888671875,0.1186676025390625
1789222400445124000,38.5991240234375,-0.9044952392578125,-1.02606201171875,0.1970672607421875
1789222400455118000,38.6091181640625,-0.5289459228515625,-0.785308837890625,0.1584014892578125
1789222400465111300,38.619111328125,-0.349517822265625,-0.7917633056640625,0.18218994140625
1789222400475105000,38.62910498046875,-0.2876129150390625,-0.5478515625,0.2401275634765625
1789222400485099000,38.63909912109375,-0.708404541015625,-0.6979217529296875,0.195587158203125
1789222400495093000,38.649093017578124,-0.78271484375,-0.7427825927734375,0.1129913330078125
1789222400505087200,38.65908715820313,-0.618988037109375,-0.7712249755859375,-0.0760498046875
1789222400515081200,38.669081298828125,-0.9124755859375,-1.0341796875,-0.163421630859375
1789222400525075200,38.6790751953125,-0.82861328125,-0.5646209716796875,-0.0404052734375
1789222400535069200,38.689069091796874,-1.019561767578125,-0.7756805419921875,0.1386260986328125
1789222400545063200,38.69906323242188,-0.9573822021484375,-0.7875213623046875,0.3098297119140625
1789222400555057200,38.70905712890625,-0.2171630859375,-0.700469970703125,0.25897216796875
1789222400565051100,38.71905102539063,-0.2193603515625,-1.03253173828125,0.1964111328125
1789222400575045000,38.729045166015624,-0.2706756591796875,-0.6160888671875,0.19757080078125
1789222400585039000,38.7390390625,-0.429168701171875,-0.7259979248046875,0.0657806396484375
1789222400595033000,38.749033203125,-1.0448150634765625,-0.60223388671875,0.066131591796875
1789222400605027000,38.759027099609376,-0.8555145263671875,-0.720611572265625,0.09222412109375
1789222400615021300,38.76902124023437,-0.1425018310546875,-0.58660888671875,-0.0158538818359375
1789222400625015300,38.77901538085938,-0.3140411376953125,-0.461090087890625,-0.0483245849609375
1789222400635008000,38.789008056640625,-0.985321044921875,-0.533111572265625,0.1210784912109375
1789222400645002200,38.79900219726562,-0.9403533935546875,-0.51708984375,0.13909912109375
1789222400654996200,38.808996337890626,-0.45257568359375,-1.035614013671875,-0.0436248779296875
1789222400664990200,38.818990234375,-0.3597869873046875,-0.658935546875,-0.0007476806640625
1789222400674984200,38.828984130859375,-0.839630126953125,-0.581695556640625,0.28753662109375
1789222400684978200,38.83897827148437,-0.6397705078125,-0.9002532958984375,0.3184814453125
1789222400694972200,38.84897216796875,-0.12677001953125,-0.636566162109375,0.0783233642578125
1789222400704966100,38.85896606445313,-0.7156829833984375,-0.759613037109375,-0.00787353515625
1789222400714960100,38.868960205078125,-1.793121337890625,-1.0336456298828125,0.0731048583984375
1789222400724954000,38.8789541015625,-1.5679168701171875,-0.9448699951171875,-0.177001953125
1789222400734948000,38.88894799804687,-0.5617828369140625,-0.9330902099609375,-0.4372711181640625
1789222400744942000,38.89894213867188,-0.070709228515625,-0.8641357421875,-0.2305755615234375
1789222400754936300,38.908936279296874,-0.342498779296875,-0.922698974609375,0.04766845703125
1789222400764930300,38.91893041992188,-0.7402191162109375,-0.700103759765625,0.168609619140625
1789222400774924000,38.92892407226562,-0.676971435546875,-0.5828704833984375,0.301483154296875
1789222400784918000,38.93891796875,-0.19219970703125,-0.9793853759765625,0.1708526611328125
1789222400794912000,38.948912109375,-0.068572998046875,-0.7039794921875,-0.0525360107421875
1789222400804906200,38.95890625,-0.8787841796875,-0.4424591064453125,-0.0851287841796875
1789222400814899200,38.968899169921876,-1.1227569580078125,-1.1630706787109375,0.006378173828125
1789222400824893200,38.97889306640625,-0.6275634765625,-0.4358062744140625,-0.021270751953125
1789222400834887000,38.988886962890625,-0.7227935791015625,-0.688995361328125,-0.0569915771484375
1789222400844881200,38.99888110351562,-0.84375,-1.0110931396484375,0.092987060546875
1789222400854875100,39.008875244140626,-0.8798828125,-0.554046630859375,0.1567840576171875
1789222400864869000,39.018869140625,-1.257598876953125,-0.8580474853515625,0.0718231201171875
1789222400874863000,39.028863037109375,-0.8631591796875,-0.808135986328125,0.0623779296875
1789222400884857000,39.03885717773438,-0.331390380859375,-0.752532958984375,0.130615234375
1789222400894851300,39.048851318359375,-0.428863525390625,-0.585205078125,0.186065673828125
1789222400904845300,39.05884521484375,-0.760955810546875,-0.6391754150390625,0.1924285888671875
1789222400914839000,39.068839111328124,-0.7722320556640625,-0.7829742431640625,0.09027099609375
1789222400924833000,39.0788330078125,-0.3707733154296875,-0.766265869140625,0.012481689453125
1789222400934827000,39.08882690429687,-0.3009796142578125,-0.74151611328125,-0.0371246337890625
1789222400944821000,39.09882104492188,-0.5715179443359375,-0.682952880859375,0.0543670654296875
1789222400954815200,39.108815185546874,-0.626708984375,-0.4799957275390625,0.242828369140625
1789222400964809200,39.11880932617188,-0.544525146484375,-0.9145355224609375,0.25860595703125
1789222400974803200,39.12880322265625,-0.384002685546875,-0.9521636962890625,0.070343017578125
1789222400984796200,39.13879614257812,-0.631744384765625,-0.7534942626953125,-0.04290771484375
1789222400994790100,39.1487900390625,-1.1823883056640625,-0.5174560546875,0.0275421142578125
1789222401004784000,39.1587841796875,-1.011505126953125,-0.7079925537109375,0.0455474853515625
1789222401014778000,39.168778076171876,-0.449249267578125,-1.0694427490234375,0.0436553955078125
1789222401024772000,39.17877221679687,-0.4426116943359375,-0.324432373046875,0.1573028564453125
1789222401034766000,39.18876611328125,-1.1355133056640625,-0.8934478759765625,0.2054443359375
1789222401044760300,39.19876025390625,-0.7645416259765625,-0.8071441650390625,0.096099853515625
1789222401054754300,39.20875439453125,-0.3259124755859375,-0.43646240234375,-0.1086273193359375
1789222401064748000,39.218748046875,-1.1249847412109375,-1.0134429931640625,-0.1179962158203125
1789222401074742000,39.228741943359374,-1.368743896484375,-0.6318206787109375,0.21209716796875
1789222401084736000,39.23873608398438,-0.9858551025390625,-0.824066162109375,0.361724853515625
1789222401094730200,39.248730224609375,-0.3165283203125,-1.125244140625,0.2169342041015625
1789222401104724200,39.25872412109375,-0.2140350341796875,-0.41943359375,0.2096710205078125
1789222401114718200,39.26871826171875,-0.5350341796875,-0.9574432373046875,0.2453155517578125
1789222401124712200,39.27871215820313,-0.3760833740234375,-1.1085968017578125,0.0435943603515625
1789222401134706200,39.2887060546875,-0.011077880859375,0.01312255859375,-0.1130523681640625
1789222401144700200,39.2987001953125,-0.8210601806640625,-0.6424713134765625,0.003082275390625
1789222401154693000,39.30869311523438,-1.3204803466796875,-1.2281036376953125,0.251251220703125
1789222401164687000,39.31868701171875,-0.7354278564453125,-0.17620849609375,0.1445465087890625
1789222401174681000,39.32868115234375,-0.520782470703125,-0.9392547607421875,-0.08380126953125
1789222401184675300,39.33867529296875,-0.6625823974609375,-0.9133453369140625,-0.0627288818359375
1789222401194669300,39.34866943359375,-0.831024169921875,-0.713958740234375,-0.07135009765625
1789222401204663000,39.3586630859375,-0.5673828125,-0.637725830078125,-0.020355224609375
1789222401214657000,39.368656982421875,-0.238311767578125,-0.6144866943359375,0.2324066162109375
1789222401224653600,39.378653564453124,-0.28271484375,-0.83648681640625,0.4375762939453125
1789222401234647600,39.3886474609375,-0.4317169189453125,-0.520050048828125,0.465301513671875
1789222401244641300,39.39864135742187,-0.8376007080078125,-0.3620452880859375,0.2429046630859375
1789222401254635300,39.40863525390625,-1.266998291015625,-1.1869964599609375,-0.1398468017578125
1789222401264629200,39.41862915039062,-0.870330810546875,-0.715240478515625,-0.3016357421875
1789222401274623500,39.42862353515625,-0.8426361083984375,-0.5135650634765625,-0.1775970458984375
1789222401284617500,39.43861743164062,-1.01116943359375,-1.421539306640625,0.0784912109375
1789222401294611500,39.44861157226563,-0.22003173828125,-0.672271728515625,0.30322265625
1789222401304605400,39.45860546875,-0.1199798583984375,-0.264923095703125,0.4660186767578125
1789222401314598400,39.46859838867187,-0.850494384765625,-1.3140716552734375,0.4413604736328125
1789222401324592400,39.47859228515625,-0.6881561279296875,-0.7668914794921875,0.2080535888671875
1789222401334586400,39.48858642578125,-0.2783355712890625,-0.29302978515625,0.0167083740234375
1789222401344580400,39.498580322265624,-0.397857666015625,-1.087921142578125,0.0458221435546875
1789222401354574300,39.50857421875,-0.807159423828125,-0.923095703125,0.1045074462890625
1789222401364568600,39.518568603515625,-1.004638671875,-0.393218994140625,0.1841583251953125
1789222401374562600,39.5285625,-0.927490234375,-0.9406890869140625,0.1145477294921875
1789222401384556300,39.538556396484374,-0.87567138671875,-0.9576416015625,0.010772705078125
1789222401394550300,39.54855029296875,-0.861297607421875,-0.3345794677734375,0.01934814453125
1789222401404544300,39.55854418945312,-0.9398345947265625,-0.87445068359375,0.1195220947265625
1789222401414538500,39.56853857421875,-0.50823974609375,-0.99322509765625,0.2122802734375
1789222401424532500,39.578532470703124,-0.095458984375,-0.34783935546875,0.192779541015625
1789222401434526500,39.5885263671875,-0.3770751953125,-0.808624267578125,0.0996246337890625
1789222401444520400,39.5985205078125,-0.48382568359375,-0.6627197265625,0.07696533203125
1789222401454514400,39.608514404296876,-0.181365966796875,-0.6593170166015625,-0.0340118408203125
1789222401464508400,39.61850830078125,-0.1428375244140625,-0.3343048095703125,-0.1211700439453125
1789222401474501400,39.62850146484375,-0.6934967041015625,-0.393218994140625,0.09906005859375
1789222401484495400,39.638495361328125,-0.9202728271484375,-1.1116943359375,0.348388671875
1789222401494489300,39.6484892578125,-0.649078369140625,-0.425384521484375,0.1760101318359375
1789222401504483600,39.658483642578126,-0.931976318359375,-0.9816741943359375,-0.07415771484375
1789222401514477600,39.6684775390625,-1.0749053955078125,-0.994537353515625,-0.03192138671875
1789222401524471300,39.67847119140625,-0.47003173828125,-0.7708740234375,-0.014373779296875
1789222401534465300,39.68846533203125,-0.15087890625,-0.93048095703125,-0.1306610107421875
1789222401544459300,39.698459228515624,-0.5795440673828125,-0.9415130615234375,0.1642913818359375
1789222401554453200,39.70845336914063,-1.0260467529296875,-0.6987457275390625,0.46087646484375
1789222401564447500,39.718447509765625,-0.771636962890625,-0.74725341796875,0.200592041015625
1789222401574441500,39.72844140625,-0.156463623046875,-0.9195404052734375,-0.0762176513671875
1789222401584435500,39.738435546875,-0.1863250732421875,-0.4194793701171875,-0.0230255126953125
1789222401594429400,39.74842944335938,-0.90728759765625,-0.8261260986328125,0.011260986328125
1789222401604423200,39.75842309570312,-1.628204345703125,-0.5850067138671875,0.0068817138671875
1789222401614417400,39.76841748046875,-1.3452606201171875,-0.7181396484375,0.0301055908203125
1789222401624411400,39.77841137695312,-0.342254638671875,-1.0746917724609375,-0.104827880859375
1789222401634404400,39.788404296875,-0.2243194580078125,-0.339691162109375,-0.20648193359375
1789222401644398300,39.7983984375,-0.8671417236328125,-0.878631591796875,0.0630340576171875
1789222401654392600,39.808392578125,-1.2383575439453125,-0.848876953125,0.4281463623046875
1789222401664386600,39.818386474609376,-0.606781005859375,-0.4760284423828125,0.3352813720703125
1789222401674380300,39.82838037109375,-0.02032470703125,-0.8767242431640625,0.042266845703125
1789222401684374300,39.838374267578125,-0.662322998046875,-0.627471923828125,0.119964599609375
1789222401694368300,39.8483681640625,-1.2773895263671875,-0.70135498046875,0.1639251708984375
1789222401704362500,39.858362548828126,-1.0898284912109375,-0.8777923583984375,-0.0557403564453125
1789222401714356500,39.8683564453125,-0.8531494140625,-0.7034454345703125,-0.17279052734375
1789222401724350500,39.8783505859375,-0.662811279296875,-0.75091552734375,-0.084747314453125
1789222401734344400,39.88834448242188,-0.71868896484375,-0.524505615234375,-0.0503387451171875
1789222401744338400,39.89833837890625,-0.62982177734375,-0.9303131103515625,-0.181671142578125
1789222401754332400,39.90833251953125,-0.3188323974609375,-0.749542236328125,-0.176971435546875
1789222401764326400,39.918326416015624,-0.1816253662109375,-0.7806854248046875,-0.0315093994140625
1789222401774320400,39.9283203125,-0.3711700439453125,-0.9539947509765625,0.0862274169921875
1789222401784313300,39.938313232421876,-0.4486846923828125,-0.646820068359375,0.255584716796875
1789222401794307600,39.9483076171875,-0.43365478515625,-0.6511383056640625,0.3808746337890625
1789222401804301600,39.95830151367188,-0.3057098388671875,-0.989593505859375,0.190277099609375
1789222401814295300,39.96829541015625,-0.778564453125,-0.9213104248046875,-0.03411865234375
1789222401824289300,39.978289306640626,-1.724090576171875,-0.8536529541015625,-0.0942840576171875
1789222401834283300,39.988283203125,-1.5105133056640625,-0.753082275390625,-0.2483062744140625
1789222401844277500,39.99827758789063,-0.3827056884765625,-1.0539398193359375,-0.3816375732421875
1789222401854271500,40.008271484375,0.1588897705078125,-0.81927490234375,-0.21514892578125
1789222401864265500,40.018265380859376,-0.5068511962890625,-0.2627410888671875,0.1322784423828125
1789222401874259500,40.02825952148437,-1.168060302734375,-1.1783294677734375,0.2545928955078125
1789222401884253400,40.03825341796875,-0.3677215576171875,-0.642333984375,0.0443115234375
1789222401894247200,40.0482470703125,0.0247650146484375,-0.0865936279296875,-0.1422882080078125
1789222401904241400,40.058241455078125,-0.939300537109375,-1.2576446533203125,-0.0807037353515625
1789222401914235400,40.0682353515625,-1.176910400390625,-0.7970123291015625,0.1102142333984375
1789222401924229400,40.0782294921875,-0.506744384765625,-0.174530029296875,0.02398681640625
1789222401934222300,40.088222412109374,-0.097869873046875,-1.09930419921875,-0.177947998046875
1789222401944216600,40.09821655273438,-0.473785400390625,-0.4885711669921875,-0.1284332275390625
1789222401954210300,40.10821020507812,-1.361053466796875,-0.542633056640625,0.0863494873046875
1789222401964204300,40.11820434570313,-0.9431610107421875,-0.844940185546875,0.07635498046875
1789222401974198300,40.1281982421875,0.3595123291015625,-0.51617431640625,-0.11767578125
1789222401984192300,40.138192138671876,-0.071075439453125,-0.6279296875,-0.0257568359375
1789222401994186500,40.1481865234375,-1.48699951171875,-0.797821044921875,0.3198394775390625
1789222402004180500,40.15818041992188,-1.32830810546875,-0.735443115234375,0.1060791015625
1789222402014174500,40.16817456054687,-0.4095306396484375,-1.001708984375,-0.3262176513671875
1789222402024168400,40.17816845703125,-0.179168701171875,-0.702178955078125,-0.2393646240234375
1789222402034162200,40.188162109375,-0.7987060546875,-0.4397430419921875,0.0539093017578125
1789222402044156400,40.198156494140626,-0.9528045654296875,-1.2120513916015625,0.1894073486328125
1789222402054150400,40.208150390625,-0.5318145751953125,-0.35162353515625,0.2164154052734375
1789222402064144400,40.218144287109375,-0.5165863037109375,-0.607635498046875,0.2379913330078125
1789222402074138400,40.22813842773437,-0.603912353515625,-0.9375152587890625,0.1904296875
1789222402084131600,40.23813159179687,-0.5132598876953125,-0.7579498291015625,0.0159912109375
1789222402094125600,40.24812548828125,-0.802093505859375,-0.9706573486328125,-0.0287017822265625
1789222402104119300,40.25811938476563,-0.9069366455078125,-0.7951202392578125,0.0322265625
1789222402114113300,40.26811328125,-1.0059967041015625,-0.8519134521484375,0.0569000244140625
1789222402124107300,40.27810717773438,-0.9288330078125,-0.8979034423828125,0.150115966796875
1789222402134101500,40.2881015625,-0.6360015869140625,-0.678436279296875,0.1398468017578125
1789222402144095500,40.29809545898438,-0.486968994140625,-0.773773193359375,0.0505218505859375
1789222402154089500,40.30808935546875,-0.73956298828125,-0.723907470703125,0.08758544921875
1789222402164083500,40.31808349609375,-0.820220947265625,-0.5876312255859375,0.1013641357421875
1789222402174077400,40.32807739257812,-0.6212615966796875,-0.93475341796875,-0.0015106201171875
1789222402184071400,40.33807153320313,-0.4704132080078125,-0.60296630859375,-0.096466064453125
1789222402194065400,40.3480654296875,-0.934906005859375,-0.7352447509765625,0.086700439453125
1789222402204059400,40.358059326171876,-0.9079742431640625,-0.8317413330078125,0.2692718505859375
1789222402214053400,40.36805346679687,-0.6508331298828125,-0.605316162109375,0.245025634765625
1789222402224044000,40.3780439453125,-0.45672607421875,-0.769927978515625,0.216339111328125
1789222402234038000,40.3880380859375,-0.5456695556640625,-0.8001861572265625,0.2707977294921875
1789222402244032300,40.3980322265625,-0.6668853759765625,-0.5416412353515625,0.180572509765625
1789222402254026200,40.408026123046874,-0.6037445068359375,-0.95367431640625,-0.0606842041015625
1789222402264020200,40.41802026367188,-0.4734039306640625,-0.66998291015625,-0.11566162109375
1789222402274014200,40.42801416015625,-0.863922119140625,-0.7003173828125,0.063995361328125
1789222402284008000,40.438008056640626,-0.7576751708984375,-0.927398681640625,0.182342529296875
1789222402294002200,40.44800219726562,-0.2498931884765625,-0.4450531005859375,0.0874176025390625
1789222402303996200,40.45799609375,-0.3110809326171875,-0.807769775390625,0.0883941650390625
1789222402313990100,40.467990234375,-0.4631195068359375,-0.7425689697265625,0.1678314208984375
1789222402323984100,40.477984130859376,-0.384063720703125,-0.50067138671875,0.0273590087890625
1789222402333978000,40.48797802734375,-0.56341552734375,-0.869110107421875,0.006591796875
1789222402343972000,40.49797216796875,-0.7353363037109375,-0.744140625,0.2719573974609375
1789222402353966300,40.50796630859375,-0.9995880126953125,-0.653778076171875,0.212188720703125
1789222402363959000,40.517958984375,-0.7801361083984375,-1.07525634765625,-0.0167236328125
1789222402373953000,40.527953125,-0.325714111328125,-0.4680328369140625,-0.1390380859375
1789222402383947000,40.53794702148438,-0.5809478759765625,-0.7282257080078125,-0.245758056640625
1789222402393941200,40.547941162109375,-1.146484375,-1.060455322265625,-0.154541015625
1789222402403935200,40.55793530273438,-1.0081787109375,-0.6239013671875,0.0860137939453125
1789222402413929200,40.56792919921875,-0.4189453125,-0.478607177734375,0.1665496826171875
1789222402423923200,40.57792309570313,-0.1697540283203125,-0.897613525390625,0.1988372802734375
1789222402433917000,40.5879169921875,-0.86431884765625,-0.84039306640625,0.2773284912109375
1789222402443911200,40.5979111328125,-1.4330596923828125,-0.8183746337890625,0.1749114990234375
1789222402453905200,40.6079052734375,-1.1674652099609375,-1.023773193359375,-0.03814697265625
1789222402463899100,40.61789916992188,-0.358673095703125,-0.7785491943359375,-0.205780029296875
1789222402473893000,40.62789306640625,-0.0287017822265625,-0.6158294677734375,-0.2328948974609375
1789222402483887000,40.63788720703125,-0.6739044189453125,-0.8298492431640625,-0.0003814697265625
1789222402493881300,40.64788134765625,-0.989105224609375,-0.42401123046875,0.10931396484375
1789222402503874000,40.6578740234375,-0.6087799072265625,-0.859954833984375,-0.09588623046875
1789222402513868000,40.667867919921875,-0.5742034912109375,-0.6645050048828125,-0.082763671875
1789222402523862000,40.67786206054687,-1.00323486328125,-0.9613037109375,0.2598876953125
1789222402533856300,40.687856201171876,-0.9669189453125,-0.8023223876953125,0.3721771240234375
1789222402543850200,40.69785034179687,-0.492218017578125,-0.820404052734375,0.150604248046875
1789222402553844200,40.70784423828125,-0.251373291015625,-0.831390380859375,-0.0023040771484375
1789222402563838200,40.71783813476563,-0.59039306640625,-0.491546630859375,-0.0447845458984375
1789222402573832000,40.72783203125,-0.835113525390625,-0.8472900390625,-0.044891357421875
1789222402583826200,40.737826171875,-0.66998291015625,-0.527587890625,0.0003814697265625
1789222402593820200,40.747820068359374,-0.5411376953125,-0.50408935546875,0.108062744140625
1789222402603814100,40.75781420898438,-0.6315155029296875,-0.7110443115234375,0.2076873779296875
1789222402613808000,40.76780810546875,-0.6564178466796875,-1.0393218994140625,0.1736907958984375
1789222402623802000,40.77780200195313,-0.3540496826171875,-0.7744293212890625,0.0094757080078125
1789222402633796000,40.787796142578124,-0.588348388671875,-0.413909912109375,0.0170135498046875
1789222402643789000,40.7977890625,-0.5678253173828125,-0.841796875,0.079925537109375
1789222402653783000,40.807782958984376,-0.6840667724609375,-0.7358551025390625,0.151458740234375
1789222402663777000,40.81777709960937,-0.9167938232421875,-0.7265472412109375,0.1864471435546875
1789222402673771300,40.82777124023438,-1.096435546875,-0.789764404296875,0.119537353515625
1789222402683765200,40.83776513671875,-1.134063720703125,-0.76507568359375,-0.001495361328125
1789222402693759200,40.84775927734375,-1.033447265625,-1.2769012451171875,-0.0323486328125
1789222402703753200,40.85775317382812,-0.436065673828125,-0.7662353515625,-0.0056915283203125
1789222402713747200,40.867747314453126,0.0545501708984375,-0.625152587890625,0.0065155029296875
1789222402723741000,40.87774096679688,-0.1372222900390625,-0.8829803466796875,0.1206512451171875
1789222402733735200,40.887735107421875,-0.2324371337890625,-0.2089080810546875,0.18023681640625
1789222402743729200,40.89772924804687,-0.9070587158203125,-0.3151397705078125,0.0962066650390625
1789222402753723100,40.90772314453125,-1.5482330322265625,-1.3433074951171875,0.0835113525390625
1789222402763717000,40.91771704101563,-1.2082672119140625,-0.5681304931640625,0.14483642578125
1789222402773710300,40.92771044921875,-0.7551116943359375,-0.6107635498046875,0.023040771484375
1789222402783704000,40.9377041015625,-0.38751220703125,-1.383819580078125,-0.0668792724609375
1789222402793698000,40.94769799804688,-0.1497039794921875,-0.582733154296875,0.2096099853515625
1789222402803692000,40.957692138671874,-0.390167236328125,-0.47479248046875,0.1890411376953125
1789222402813686000,40.96768603515625,-0.4739227294921875,-0.92987060546875,-0.0839080810546875
1789222402823680300,40.97768017578125,-0.2176971435546875,-0.292755126953125,0.033905029296875
1789222402833674200,40.98767431640625,-0.8488616943359375,-0.414093017578125,0.2402191162109375
1789222402843668200,40.99766821289062,-1.5273590087890625,-0.771575927734375,0.1263427734375
1789222402853662200,41.007662109375,-1.0177001953125,-0.724395751953125,-0.0418548583984375
1789222402863656000,41.01765600585937,-0.443817138671875,-0.970489501953125,-0.1858978271484375
1789222402873650200,41.027650146484376,-0.2402496337890625,-0.8242340087890625,-0.2988739013671875
1789222402883644200,41.03764404296875,-0.777557373046875,-0.9610595703125,-0.1118621826171875
1789222402893638100,41.04763818359375,-1.0550994873046875,-0.88641357421875,0.29058837890625
1789222402903631000,41.057631103515625,-0.182220458984375,-0.79888916015625,0.2769317626953125
1789222402913625300,41.06762524414062,0.32666015625,-0.3582763671875,0.164215087890625
1789222402923619000,41.077619140625,-0.3944854736328125,-0.7277679443359375,0.381500244140625
1789222402933613000,41.08761303710938,-1.2683258056640625,-0.940216064453125,0.3699188232421875
1789222402943607000,41.09760693359375,-1.306793212890625,-0.5085906982421875,-0.05511474609375
1789222402953601000,41.10760107421875,-0.73834228515625,-1.23907470703125,-0.3007049560546875
1789222402963595300,41.11759521484375,-0.16650390625,-0.897735595703125,-0.24212646484375
1789222402973589200,41.12758935546875,-0.4921722412109375,-0.58795166015625,-0.1093902587890625
1789222402983583200,41.137583251953124,-1.2113189697265625,-0.8094635009765625,0.198974609375
1789222402993577200,41.1475771484375,-0.61944580078125,-0.660675048828125,0.3474578857421875
1789222403003571000,41.15757104492187,0.0422821044921875,-0.5380859375,0.1852264404296875
1789222403013565200,41.16756518554688,-0.550079345703125,-0.5491485595703125,0.220916748046875
1789222403023559200,41.17755908203125,-1.1546478271484375,-0.7699737548828125,0.2069244384765625
1789222403033553200,41.18755322265625,-0.820556640625,-0.7533111572265625,-0.0390777587890625
1789222403043546000,41.197546142578126,-0.1970367431640625,-0.5975189208984375,-0.11859130859375
1789222403053540400,41.20754028320312,-0.6179656982421875,-0.7135467529296875,0.01495361328125
1789222403063534300,41.21753442382813,-1.47265625,-0.8880615234375,0.324981689453125
1789222403073528000,41.22752807617187,-1.2452545166015625,-0.6157073974609375,0.45953369140625
1789222403083522000,41.23752197265625,-0.76959228515625,-0.8677215576171875,0.207977294921875
1789222403093516000,41.24751611328125,-0.478851318359375,-0.791778564453125,0.0240020751953125
1789222403103510000,41.257510009765625,-0.548095703125,-0.746978759765625,0.120452880859375
1789222403113504300,41.26750415039062,-0.72052001953125,-1.1654815673828125,0.1215362548828125
1789222403123498200,41.277498291015625,-0.4810638427734375,-0.63482666015625,0.0351715087890625
1789222403133492200,41.2874921875,-0.28546142578125,-0.8561859130859375,0.102935791015625
1789222403143486200,41.297486328125,-0.3782196044921875,-0.849761962890625,0.2081451416015625
1789222403153480000,41.30747998046875,-0.7689971923828125,-0.5286407470703125,0.150543212890625
1789222403163473200,41.31747314453125,-0.9315948486328125,-1.129791259765625,0.07421875
1789222403173467100,41.32746704101562,-0.5343475341796875,-0.5284881591796875,0.07672119140625
1789222403183461000,41.33746118164063,-0.53411865234375,-0.8597564697265625,-0.0008087158203125
1789222403193455000,41.347455078125,-0.5042572021484375,-1.0052947998046875,-0.1164093017578125
1789222403203449300,41.35744946289063,-0.3197479248046875,-0.5295257568359375,-0.0085906982421875
1789222403213443000,41.36744311523437,-0.3812713623046875,-0.7505950927734375,0.0236358642578125
1789222403223437600,41.3774375,-0.2645416259765625,-0.560211181640625,-0.0671844482421875
1789222403233431600,41.387431640625,-0.232391357421875,-0.3419952392578125,0.0143890380859375
1789222403243425500,41.39742553710938,-0.58843994140625,-0.5327301025390625,0.1843414306640625
1789222403253419500,41.40741943359375,-1.21990966796875,-0.4693145751953125,0.15447998046875
1789222403263413800,41.41741381835938,-1.3466796875,-0.922393798828125,0.0361480712890625
1789222403273407700,41.42740771484375,-0.8029937744140625,-0.83746337890625,-0.040985107421875
1789222403283401700,41.43740161132813,-0.6532135009765625,-0.7208099365234375,-0.1466827392578125
1789222403293394700,41.44739477539063,-0.9217987060546875,-1.1309051513671875,-0.1182403564453125
1789222403303388700,41.457388671875,-0.51708984375,-0.7192840576171875,0.025421142578125
1789222403313382700,41.467382568359376,0.1113128662109375,-0.528076171875,-0.022125244140625
1789222403323376600,41.47737670898437,-0.0932464599609375,-0.7278289794921875,-0.027862548828125
1789222403333370600,41.48737060546875,-0.8514862060546875,-0.6667633056640625,0.20526123046875
1789222403343364600,41.49736450195312,-1.09820556640625,-0.8581390380859375,0.2763519287109375
1789222403353358800,41.50735888671875,-0.7259521484375,-0.840423583984375,0.103851318359375
1789222403363352600,41.5173525390625,-0.448150634765625,-0.7649383544921875,-0.03411865234375
1789222403373346600,41.5273466796875,-0.7313995361328125,-1.06591796875,-0.0123443603515625
1789222403383340500,41.53734057617187,-1.0271148681640625,-0.7047576904296875,0.176971435546875
1789222403393334500,41.54733447265625,-1.1145172119140625,-0.6675262451171875,0.17431640625
1789222403403328800,41.55732885742187,-1.045379638671875,-1.1185150146484375,-0.04278564453125
1789222403413322800,41.56732275390625,-0.69879150390625,-0.690582275390625,-0.0045623779296875
1789222403423315700,41.577315673828124,-0.751068115234375,-0.6184844970703125,0.069122314453125
1789222403433309400,41.58730932617188,-0.6375732421875,-0.931060791015625,-0.1873321533203125
1789222403443303700,41.5973037109375,-0.401611328125,-0.3995361328125,-0.3348388671875
1789222403453297700,41.60729760742188,-0.7075653076171875,-0.6579437255859375,-0.0388031005859375
1789222403463291600,41.617291748046874,-1.00872802734375,-0.8287200927734375,0.160797119140625
1789222403473285600,41.62728564453125,-0.9234161376953125,-0.5613861083984375,0.08770751953125
1789222403483279600,41.63727954101562,-0.5035400390625,-0.7279815673828125,0.1083831787109375
1789222403493273900,41.64727392578125,-0.287384033203125,-0.431182861328125,0.1426849365234375
1789222403503267600,41.657267578125,-0.889495849609375,-0.78143310546875,0.0587921142578125
1789222403513261600,41.667261474609376,-1.1626739501953125,-0.964691162109375,-0.0413665771484375
1789222403523255600,41.67725561523437,-0.45306396484375,-0.6031341552734375,-0.1331329345703125
1789222403533249500,41.68724951171875,-0.123291015625,-1.11090087890625,-0.1832733154296875
1789222403543242800,41.69724267578125,-0.556671142578125,-0.9918975830078125,-0.0407562255859375
1789222403553236700,41.70723681640625,-0.8722991943359375,-0.772796630859375,0.167388916015625
1789222403563230700,41.717230712890625,-0.4249725341796875,-0.9190216064453125,0.190093994140625
1789222403573224400,41.72722436523438,0.146209716796875,-0.8101654052734375,0.1048126220703125
1789222403583218700,41.73721875,-0.525634765625,-0.52484130859375,0.1176300048828125
1789222403593212700,41.74721264648438,-1.3065338134765625,-0.70733642578125,0.173431396484375
1789222403603206700,41.75720654296875,-0.7766876220703125,-0.9217376708984375,-0.0479278564453125
1789222403613200600,41.76720068359375,0.1668853759765625,-0.4917449951171875,-0.3162384033203125
1789222403623194600,41.777194580078124,0.09210205078125,-0.3342742919921875,-0.3200836181640625
1789222403633188600,41.78718872070313,-1.08917236328125,-0.956939697265625,-0.1041259765625
1789222403643182800,41.797182861328125,-1.853668212890625,-0.731964111328125,0.129852294921875
1789222403653176600,41.80717651367188,-1.127410888671875,-0.675537109375,0.1421966552734375
1789222403663169500,41.81716943359375,0.0811614990234375,-1.0202484130859375,0.0074615478515625
1789222403673163800,41.827163818359374,-0.0113677978515625,-0.5218963623046875,0.1136474609375
1789222403683157800,41.83715771484375,-1.5714111328125,-0.8173828125,0.3296661376953125
1789222403693151700,41.84715185546875,-1.81884765625,-1.063873291015625,0.243621826171875
1789222403703145700,41.85714575195313,-0.3877410888671875,-0.5843963623046875,-0.216766357421875
1789222403713139500,41.86713940429688,-0.1925506591796875,-0.877227783203125,-0.3432159423828125
1789222403723133400,41.877133544921875,-0.835418701171875,-0.873931884765625,0.048065185546875
1789222403733127700,41.88712768554687,-0.9781646728515625,-0.72552490234375,0.314056396484375
1789222403743121700,41.89712158203125,-0.5223541259765625,-0.7447967529296875,0.206390380859375
1789222403753115600,41.90711572265625,-0.3641815185546875,-0.6023406982421875,0.063629150390625
1789222403763109600,41.917109619140625,-0.710205078125,-0.846649169921875,0.0857696533203125
1789222403773102800,41.927102783203125,-0.8299407958984375,-0.7603759765625,0.0149688720703125
1789222403783096600,41.9370966796875,-0.4451904296875,-0.7572784423828125,-0.0212860107421875
1789222403793090600,41.947090576171874,-0.279754638671875,-0.587799072265625,0.1446075439453125
1789222403803084500,41.95708447265625,-0.66448974609375,-0.845001220703125,0.3390350341796875
1789222403813078500,41.96707861328125,-0.58428955078125,-0.8435821533203125,0.2128753662109375
1789222403823072800,41.97707275390625,-0.545928955078125,-0.5462799072265625,0.0097198486328125
1789222403833066800,41.987066650390624,-0.6603546142578125,-0.7790374755859375,-0.023681640625
1789222403843060700,41.99706079101563,-0.6919708251953125,-0.7416229248046875,0.0076446533203125
1789222403853054700,42.0070546875,-0.988189697265625,-0.8412017822265625,0.0625762939453125
1789222403863048400,42.01704833984375,-0.8737335205078125,-0.6515350341796875,0.13946533203125
1789222403873042700,42.02704272460937,-0.4277191162109375,-0.7363739013671875,0.029571533203125
1789222403883036700,42.03703662109375,-0.275543212890625,-0.7710723876953125,-0.20147705078125
1789222403893029600,42.047029541015625,-0.741943359375,-0.5097503662109375,-0.07489013671875
1789222403903023600,42.05702368164062,-1.04827880859375,-0.7596435546875,0.13214111328125
1789222403913017900,42.067017822265626,-0.361358642578125,-0.985809326171875,0.12811279296875
1789222403923011600,42.07701147460938,0.2029571533203125,-0.6049652099609375,0.162445068359375
1789222403933005600,42.087005615234375,-0.2164764404296875,-0.6755218505859375,0.3135986328125
1789222403942999600,42.09699951171875,-0.7161407470703125,-0.630645751953125,0.31756591796875
1789222403952993500,42.10699365234375,-0.8668060302734375,-0.826446533203125,0.0942230224609375
1789222403962987800,42.11698779296875,-0.6744537353515625,-0.881103515625,-0.0776519775390625
1789222403972981800,42.126981689453125,-0.8077545166015625,-0.4539947509765625,-0.0892791748046875
1789222403982975700,42.13697583007813,-1.3239288330078125,-0.8873291015625,-0.0487518310546875
1789222403992969700,42.1469697265625,-1.2416839599609375,-1.0857391357421875,-0.0593414306640625
1789222404002963500,42.15696337890625,-0.5229034423828125,-0.6226654052734375,-0.102691650390625
1789222404012956700,42.16695678710938,-0.393798828125,-0.8901519775390625,-0.0887298583984375
1789222404022950700,42.17695068359375,-0.4947357177734375,-0.8289031982421875,0.0030517578125
1789222404032944600,42.186944580078126,-0.581634521484375,-0.447662353515625,0.246246337890625
1789222404042938600,42.19693872070312,-0.965362548828125,-0.8361053466796875,0.480804443359375
1789222404052932900,42.20693286132813,-0.4361419677734375,-0.63092041015625,0.3755950927734375
1789222404062926600,42.21692651367187,-0.485504150390625,-0.575714111328125,-0.0174102783203125
1789222404072920600,42.226920654296876,-1.138153076171875,-0.815216064453125,-0.10675048828125
1789222404082914600,42.23691455078125,-1.129791259765625,-0.81512451171875,-0.06927490234375
1789222404092908500,42.246908447265625,-1.097412109375,-1.0362548828125,-0.25238037109375
1789222404102902500,42.25690258789062,-0.881072998046875,-0.8575286865234375,-0.1943359375
1789222404112896800,42.266896728515626,-0.700042724609375,-0.77490234375,0.149139404296875
1789222404122890800,42.27689086914062,-0.43536376953125,-1.04571533203125,0.2352294921875
1789222404132883500,42.28688354492188,-0.1357879638671875,-0.645416259765625,0.106903076171875
1789222404142877700,42.296877685546875,-0.36138916015625,-0.8740386962890625,0.1399383544921875
1789222404152871700,42.30687158203125,-0.5637359619140625,-0.7184906005859375,0.1665496826171875
1789222404162865700,42.31686572265625,-0.279296875,-0.5310211181640625,-0.0793609619140625
1789222404172859600,42.32685961914063,-0.2368011474609375,-0.8870086669921875,-0.27630615234375
1789222404182853600,42.336853515625,-0.927398681640625,-0.5789794921875,-0.146148681640625
1789222404192847600,42.34684765625,-1.196319580078125,-0.7933502197265625,-0.0462188720703125
1789222404202841900,42.356841796875,-0.5265960693359375,-0.5224456787109375,-0.1307525634765625
1789222404212835600,42.36683569335938,-0.0887603759765625,-0.73712158203125,-0.12640380859375
1789222404222829600,42.37682958984375,-0.330535888671875,-0.7294464111328125,0.12835693359375
1789222404232821500,42.386821533203126,-0.9248809814453125,-0.38543701171875,0.3469085693359375
1789222404242815500,42.3968154296875,-1.155517578125,-1.221099853515625,0.2646026611328125
1789222404252809500,42.4068095703125,-0.7444305419921875,-0.9941864013671875,0.073822021484375
1789222404262803500,42.41680346679688,-0.7185516357421875,-0.692352294921875,-0.0400390625
1789222404272797700,42.426797607421875,-1.0834197998046875,-1.0303955078125,-0.0462799072265625
1789222404282791700,42.43679174804687,-0.77484130859375,-0.6116485595703125,-0.0228729248046875
1789222404292785700,42.44678564453125,-0.0987548828125,-0.697174072265625,-0.0797271728515625
1789222404302779600,42.45677954101563,-0.1077117919921875,-0.328155517578125,0.002288818359375
1789222404312773400,42.4667734375,-0.7270050048828125,-0.58990478515625,0.1587371826171875
1789222404322767600,42.476767578125,-0.7871246337890625,-0.76654052734375,0.2530975341796875
1789222404332761600,42.48676171875,-0.728546142578125,-0.26629638671875,0.2261505126953125
1789222404342755600,42.49675561523438,-0.812255859375,-1.0319366455078125,0.1559295654296875
1789222404352748500,42.50674853515625,-0.53363037109375,-0.8049163818359375,0.15924072265625
1789222404362742800,42.51674267578125,-0.665679931640625,-0.550323486328125,0.1414947509765625
1789222404372736500,42.52673657226563,-1.1038818359375,-1.0398101806640625,0.10638427734375
1789222404382730500,42.53673046875,-1.023162841796875,-0.6405029296875,0.168365478515625
1789222404392724500,42.546724365234375,-0.65289306640625,-0.732421875,0.17437744140625
1789222404402718500,42.55671850585937,-0.7225189208984375,-0.6470184326171875,0.14801025390625
1789222404412712400,42.56671240234375,-0.8677215576171875,-0.6644744873046875,0.224395751953125
1789222404422706700,42.57670678710937,-0.5465240478515625,-0.6901702880859375,0.1927490234375
1789222404432700700,42.58670068359375,-0.3524322509765625,-0.473876953125,0.0369720458984375
1789222404442694700,42.59669458007812,-0.3779754638671875,-0.5337677001953125,-0.00640869140625
1789222404452688400,42.6066884765625,-0.4852447509765625,-0.5306854248046875,0.0844573974609375
1789222404462681600,42.616681640625,-0.5819244384765625,-0.27618408203125,0.24072265625
1789222404472675600,42.62667553710938,-0.6275787353515625,-0.5066070556640625,0.295196533203125
1789222404482669600,42.636669677734375,-0.4705657958984375,-0.6075592041015625,0.353607177734375
1789222404492663600,42.64666357421875,-0.7161407470703125,-0.573516845703125,0.38006591796875
1789222404502657500,42.656657470703124,-1.223602294921875,-1.174041748046875,0.277008056640625
1789222404512651500,42.66665161132813,-1.0352935791015625,-1.0377960205078125,0.1024627685546875
1789222404522645500,42.6766455078125,-0.2656707763671875,-0.9540557861328125,-0.0746307373046875
1789222404532639500,42.686639404296876,-0.018035888671875,-0.76324462890625,-0.04547119140625
1789222404542633500,42.69663354492187,-0.4434814453125,-0.64300537109375,0.1441802978515625
1789222404552627500,42.70662744140625,-0.733367919921875,-0.641265869140625,0.234375
1789222404562621700,42.71662158203125,-0.637359619140625,-0.55743408203125,0.19769287109375
1789222404572614700,42.72661474609375,-0.92047119140625,-0.61065673828125,0.1214141845703125
1789222404582608400,42.7366083984375,-1.383941650390625,-0.9347381591796875,0.017608642578125
1789222404592602400,42.74660229492188,-1.1430511474609375,-0.9195098876953125,-0.1367645263671875
1789222404602596600,42.7565966796875,-0.6510467529296875,-0.888092041015625,-0.1845550537109375
1789222404612590600,42.76659057617187,-0.4237060546875,-1.144256591796875,-0.0202484130859375
1789222404622584600,42.77658447265625,-0.24920654296875,-0.607452392578125,0.1868743896484375
1789222404632578600,42.78657861328125,-0.47491455078125,-0.5740203857421875,0.2806243896484375
1789222404642572500,42.796572509765625,-0.9718475341796875,-0.902801513671875,0.3062286376953125
1789222404652566800,42.80656689453125,-0.6683502197265625,-0.5740814208984375,0.118438720703125
1789222404662560500,42.816560546875,-0.6514434814453125,-0.629974365234375,-0.1959228515625
1789222404672554500,42.82655444335938,-0.9151458740234375,-1.0062103271484375,-0.202362060546875
1789222404682547500,42.83654736328125,-0.7937774658203125,-0.7179107666015625,-0.10333251953125
1789222404692541700,42.846541748046874,-0.5335845947265625,-0.7049713134765625,-0.0839996337890625
1789222404702535700,42.85653564453125,-0.5260009765625,-0.7759857177734375,0.02801513671875
1789222404712529700,42.86652978515625,-0.8697357177734375,-0.8900909423828125,0.221435546875
1789222404722523400,42.8765234375,-0.7846221923828125,-0.6841583251953125,0.259735107421875
1789222404732517400,42.88651733398437,-0.6850128173828125,-0.6496124267578125,0.08526611328125
1789222404742511600,42.89651171875,-0.6690673828125,-1.1410980224609375,-0.0093841552734375
1789222404752505600,42.90650561523437,-0.785675048828125,-0.6215667724609375,-0.003875732421875
1789222404762499600,42.91649951171875,-0.995330810546875,-1.068206787109375,-0.10626220703125
1789222404772493600,42.92649365234375,0.0373687744140625,-0.9904022216796875,-0.291717529296875
1789222404782487600,42.936487548828126,0.3516082763671875,-0.3157196044921875,-0.2768096923828125
1789222404792480500,42.94648046875,-0.8850250244140625,-0.9823760986328125,0.075103759765625
1789222404802474500,42.956474609375,-1.46307373046875,-0.8401947021484375,0.356536865234375
1789222404812468500,42.966468505859375,-0.54736328125,-0.5640106201171875,0.2541046142578125
1789222404822462500,42.97646240234375,0.1520843505859375,-0.780609130859375,0.0560760498046875
1789222404832456700,42.986456787109375,-0.5860748291015625,-0.9586181640625,0.1806793212890625
1789222404842450700,42.99645068359375,-1.9016265869140625,-1.1070404052734375,0.2431488037109375
1789222404852444700,43.006444580078124,-1.3729705810546875,-0.9198150634765625,0.0129241943359375
1789222404862438700,43.01643872070313,0.0279693603515625,-1.0247955322265625,-0.267242431640625
1789222404872432400,43.02643237304687,0.173065185546875,-0.6060333251953125,-0.2057647705078125
1789222404882426600,43.03642651367188,-0.858489990234375,-0.781341552734375,0.12835693359375
1789222404892419600,43.04641967773438,-1.337066650390625,-0.69610595703125,0.3620147705078125
1789222404902413600,43.05641357421875,-0.5639495849609375,-0.446929931640625,0.2001953125
1789222404912407600,43.066407470703126,0.00921630859375,-1.0091400146484375,-0.09332275390625
1789222404922401800,43.07640185546875,-0.3261260986328125,-0.3495635986328125,0.039031982421875
1789222404932395500,43.0863955078125,-0.779571533203125,-0.5919189453125,0.14581298828125
1789222404942389500,43.09638940429687,-0.96185302734375,-0.740814208984375,0.01348876953125
1789222404952383500,43.106383544921876,-1.0222015380859375,-0.529327392578125,0.0797119140625
1789222404962377500,43.11637744140625,-1.0156707763671875,-0.8201446533203125,0.2720489501953125
1789222404972371500,43.126371337890625,-0.67193603515625,-0.6844482421875,0.35223388671875
1789222404982365700,43.13636572265625,-0.002166748046875,-0.7733001708984375,0.121856689453125
1789222404992358400,43.1463583984375,-0.17388916015625,-0.313446044921875,0.014312744140625
1789222405002352400,43.156352294921874,-1.2692718505859375,-0.74383544921875,0.18414306640625
1789222405012346600,43.1663466796875,-1.276397705078125,-1.1135101318359375,0.095367431640625
1789222405022340600,43.176340576171874,-0.09124755859375,-0.3787994384765625,-0.2302093505859375
1789222405032334600,43.18633447265625,-0.2907867431640625,-0.8114776611328125,-0.22894287109375
1789222405042328600,43.19632861328125,-1.396026611328125,-0.9836578369140625,0.2260284423828125
1789222405052322600,43.20632250976563,-1.1009979248046875,-0.3520050048828125,0.289154052734375
1789222405062316500,43.216316650390624,-0.1201171875,-1.0248260498046875,-0.014984130859375
1789222405072310500,43.226310546875,0.07574462890625,-1.1094970703125,0.1078948974609375
1789222405082304500,43.23630444335937,-0.720458984375,-0.56231689453125,0.3011627197265625
1789222405092298500,43.24629858398438,-1.2760772705078125,-0.9630279541015625,0.1901397705078125
1789222405102291700,43.25629174804688,-0.3870391845703125,-0.99468994140625,0.0832061767578125
1789222405112285700,43.26628564453125,0.1369781494140625,-0.5202789306640625,0.0686798095703125
1789222405122279700,43.27627978515625,-0.665679931640625,-0.5712127685546875,0.09246826171875
1789222405132273700,43.28627368164062,-1.5452117919921875,-0.9526824951171875,0.1385650634765625
1789222405142267400,43.296267333984375,-0.951446533203125,-0.65924072265625,0.024017333984375
1789222405152261400,43.30626147460937,-0.3394927978515625,-0.4588165283203125,-0.2833251953125
1789222405162255600,43.316255615234375,-0.820953369140625,-1.031951904296875,-0.2631988525390625
1789222405172249600,43.32624951171875,-0.89605712890625,-0.755767822265625,-0.0064849853515625
1789222405182243600,43.33624365234375,-0.5016632080078125,-0.2457427978515625,0.1069793701171875
1789222405192237600,43.34623754882813,-0.3947906494140625,-0.7613677978515625,0.173553466796875
1789222405202230500,43.35623046875,-0.523040771484375,-0.77032470703125,0.3087158203125
1789222405212224500,43.366224609375,-0.76861572265625,-0.4817657470703125,0.2555999755859375
1789222405222218500,43.37621850585938,-0.9010162353515625,-0.8781280517578125,-0.0381317138671875
1789222405232213800,43.3862138671875,-0.539794921875,-0.799591064453125,-0.29449462890625
1789222405242207700,43.396207763671875,-0.3671722412109375,-0.6396484375,-0.2615203857421875
1789222405252201700,43.40620166015625,-0.6121673583984375,-0.717071533203125,-0.0772552490234375
1789222405262195700,43.41619580078125,-0.9142608642578125,-0.6575164794921875,0.0996856689453125
1789222405272189700,43.42618969726563,-0.9360809326171875,-1.0883636474609375,0.2182769775390625
1789222405282183700,43.43618359375,-0.5799102783203125,-0.8715362548828125,0.150238037109375
1789222405292177700,43.446177734375,-0.2923126220703125,-0.84527587890625,-0.059478759765625
1789222405302171000,43.4561708984375,-0.5867919921875,-0.945404052734375,-0.053863525390625
1789222405312164900,43.46616479492187,-0.8101959228515625,-0.6892852783203125,0.1419830322265625
1789222405322158600,43.47615869140625,-0.669769287109375,-1.10443115234375,0.167724609375
1789222405332152600,43.48615258789062,-0.8518829345703125,-0.71331787109375,0.110870361328125
1789222405342146600,43.496146484375,-0.7477569580078125,-0.7493133544921875,0.072601318359375
1789222405352140500,43.506140625,-0.3551788330078125,-0.7985687255859375,-0.122772216796875
1789222405362134800,43.516134765625,-0.4304962158203125,-0.6305999755859375,-0.2403564453125
1789222405372128800,43.52612866210937,-1.1067047119140625,-0.7094573974609375,-0.045196533203125
1789222405382122800,43.536122802734376,-1.1470489501953125,-0.7847900390625,0.1526641845703125
1789222405392116700,43.54611669921875,-0.4303741455078125,-0.579010009765625,0.096160888671875
1789222405402110500,43.5561103515625,0.0008697509765625,-0.6555328369140625,0.0529327392578125
1789222405412103700,43.566103759765625,-0.4850311279296875,-0.6864471435546875,0.1296844482421875
1789222405422097700,43.57609765625,-1.345855712890625,-0.696685791015625,0.240966796875
1789222405432091600,43.58609155273437,-1.392425537109375,-1.018646240234375,0.2996978759765625
1789222405442085600,43.59608569335938,-0.0150604248046875,-0.610137939453125,0.0741424560546875
1789222405452079900,43.606079833984374,0.286468505859375,-0.333648681640625,-0.1051788330078125
1789222405462073900,43.61607397460938,-0.6551361083984375,-0.7619171142578125,0.14996337890625
1789222405472067600,43.62606762695312,-1.0982818603515625,-0.6045379638671875,0.19390869140625
1789222405482061600,43.6360615234375,-0.9812469482421875,-0.6831207275390625,-0.0973968505859375
1789222405492055600,43.6460556640625,-0.7830047607421875,-1.011505126953125,-0.104888916015625
1789222405502048800,43.656048828125,-0.4805908203125,-0.692657470703125,0.1062469482421875
1789222405512042800,43.666042724609376,-0.4338226318359375,-0.388916015625,0.111236572265625
1789222405522036700,43.67603662109375,-0.7637176513671875,-0.9152679443359375,0.1176300048828125
1789222405532030500,43.686030517578125,-0.37896728515625,-0.8342742919921875,0.1454925537109375
1789222405542024700,43.69602465820312,-0.437103271484375,-0.5654449462890625,0.051483154296875
1789222405552018700,43.706018798828126,-0.998931884765625,-1.2014923095703125,0.02789306640625
1789222405562012700,43.7160126953125,-0.8540802001953125,-0.745819091796875,0.12786865234375
1789222405572006700,43.726006591796875,-0.4274139404296875,-0.71392822265625,0.150238037109375
1789222405582000600,43.73600073242188,-0.3385772705078125,-0.85205078125,-0.018280029296875
1789222405591995000,43.745994873046875,-0.65216064453125,-0.8289794921875,-0.0529937744140625
1789222405601987600,43.755987548828124,-0.759552001953125,-0.942840576171875,0.001220703125
1789222405611981600,43.76598168945313,-0.43499755859375,-0.434814453125,-0.075408935546875
1789222405621975600,43.7759755859375,-0.3574066162109375,-0.59356689453125,-0.2002716064453125
1789222405631969800,43.7859697265625,-0.5618743896484375,-0.8097076416015625,-0.054107666015625
1789222405641963800,43.7959638671875,-0.7515716552734375,-0.3854522705078125,0.2084503173828125
1789222405651957800,43.80595776367188,-1.0095062255859375,-1.009002685546875,0.21307373046875
1789222405661951700,43.81595166015625,-0.863800048828125,-1.0203094482421875,0.172882080078125
1789222405671945500,43.825945556640626,-0.649505615234375,-0.740264892578125,0.14776611328125
1789222405681939700,43.83593969726562,-0.4601593017578125,-0.9362640380859375,-0.03619384765625
1789222405691933700,43.84593359375,-0.4867706298828125,-0.5498046875,-0.11767578125
1789222405701926700,43.8559267578125,-0.907073974609375,-0.95806884765625,-0.0308380126953125
1789222405711920600,43.86592065429687,-0.9617156982421875,-0.7744293212890625,0.120361328125
1789222405721915000,43.875914794921876,-1.163116455078125,-0.1533050537109375,0.1504058837890625
1789222405731908900,43.88590893554687,-0.74755859375,-1.2135467529296875,-0.103179931640625
1789222405741902600,43.895902587890625,0.1211395263671875,-0.562530517578125,-0.24127197265625
1789222405751896600,43.905896484375,-0.269012451171875,-0.41357421875,-0.3297119140625
1789222405761890600,43.915890625,-1.214874267578125,-1.58428955078125,-0.2901458740234375
1789222405771884800,43.925884765625,-1.3563232421875,-0.91107177734375,0.1372222900390625
1789222405781878800,43.935878662109374,-0.26336669921875,-0.7101287841796875,0.3053436279296875
1789222405791872800,43.94587280273438,0.787994384765625,-0.8243865966796875,0.157562255859375
1789222405801865500,43.955865478515626,0.340240478515625,-0.29443359375,0.157470703125
1789222405811859700,43.96585961914062,-1.364501953125,-0.99017333984375,0.234130859375
1789222405821853700,43.97585375976563,-1.9461517333984375,-0.7883148193359375,0.042388916015625
1789222405831847700,43.98584765625,-1.0202789306640625,-0.6938934326171875,-0.420166015625
1789222405841841700,43.995841552734376,-0.196685791015625,-0.962615966796875,-0.6022186279296875
1789222405851835600,44.00583569335937,-0.3047332763671875,-0.7000274658203125,-0.2425537109375
1789222405861829600,44.01582958984375,-1.16241455078125,-0.895721435546875,0.2135467529296875
1789222405871824000,44.025823974609374,-1.0885009765625,-0.811370849609375,0.2220458984375
1789222405881817600,44.035817626953126,-0.385589599609375,-0.7744598388671875,0.011505126953125
1789222405891811600,44.0458115234375,-0.35113525390625,-0.6809844970703125,0.0556488037109375
1789222405901804800,44.0558046875,-0.91644287109375,-0.7588958740234375,0.2393951416015625
1789222405911798800,44.065798828125,-1.202239990234375,-0.93975830078125,0.2160797119140625
1789222405921792800,44.07579272460937,-0.4449462890625,-0.6941375732421875,-0.027191162109375
1789222405931786800,44.085786865234375,-0.0612335205078125,-0.67108154296875,-0.2013702392578125
1789222405941780500,44.09578051757813,-0.19189453125,-0.57366943359375,-0.2372894287109375
1789222405951774700,44.105774658203124,-0.5057220458984375,-0.6244354248046875,-0.2245941162109375
1789222405961768700,44.11576879882813,-0.8141326904296875,-0.65863037109375,-0.0379180908203125
1789222405971762700,44.1257626953125,-0.648284912109375,-0.6387786865234375,0.1519927978515625
1789222405981756700,44.13575659179688,-0.4753570556640625,-0.7418365478515625,0.1726531982421875
1789222405991750000,44.14575,-0.7725982666015625,-0.71160888671875,0.2378997802734375
1789222406001744000,44.155743896484374,-1.0433807373046875,-0.78814697265625,0.2664947509765625
1789222406011737600,44.165737548828126,-0.8270111083984375,-1.163238525390625,0.026336669921875
1789222406021731600,44.17573168945312,-0.6980438232421875,-0.767242431640625,-0.205230712890625
1789222406031725600,44.1857255859375,-0.752899169921875,-0.5805816650390625,-0.161529541015625
1789222406041719600,44.19571948242187,-0.5692291259765625,-0.77166748046875,-0.0107269287109375
1789222406051713800,44.2057138671875,-0.7968292236328125,-0.819427490234375,0.0940093994140625
1789222406061707800,44.21570776367187,-0.986297607421875,-0.7717437744140625,0.2131805419921875
1789222406071701800,44.22570166015625,-0.7647247314453125,-0.4288177490234375,0.2524566650390625
1789222406081695700,44.23569580078125,-0.5130767822265625,-1.0329132080078125,0.097320556640625
1789222406091688700,44.24568872070312,-0.584808349609375,-0.853118896484375,-0.0076904296875
1789222406101682700,44.2556826171875,-0.7343292236328125,-0.6833038330078125,0.0307464599609375
1789222406111676700,44.2656767578125,-0.77923583984375,-0.8547821044921875,0.0242767333984375
1789222406121670700,44.275670654296874,-0.36090087890625,-0.7259674072265625,0.0121917724609375
1789222406131664600,44.28566455078125,-0.1653289794921875,-0.4878387451171875,0.057373046875
1789222406141659000,44.295658935546875,-0.853607177734375,-0.6343536376953125,0.2081451416015625
1789222406151652600,44.30565258789063,-1.2894287109375,-0.9474639892578125,0.2741241455078125
1789222406161646600,44.315646484375,-0.53167724609375,-0.8673858642578125,0.085052490234375
1789222406171640600,44.325640625,0.03021240234375,-0.3653106689453125,-0.1325531005859375
1789222406181633800,44.3356337890625,-0.542083740234375,-0.9322662353515625,-0.0250396728515625
1789222406191627800,44.34562768554687,-0.8914947509765625,-0.6846923828125,0.1340789794921875
1789222406201621800,44.35562182617188,-0.9083099365234375,-0.337493896484375,0.0459136962890625
1789222406211615700,44.36561572265625,-0.761627197265625,-0.93609619140625,-0.0341644287109375
1789222406221609500,44.375609375,-0.472320556640625,-0.47930908203125,0.001800537109375
1789222406231603000,44.38560302734375,-0.88134765625,-0.6663055419921875,0.0202178955078125
1789222406241596700,44.3955966796875,-0.9333953857421875,-1.037567138671875,0.0917205810546875
1789222406251590700,44.405590576171875,-0.6931915283203125,-0.689971923828125,0.1981201171875
1789222406261584600,44.41558471679687,-0.58367919921875,-1.128692626953125,0.1662750244140625
1789222406271577900,44.42557788085937,-0.2143096923828125,-0.87127685546875,0.0581817626953125
1789222406281571800,44.43557177734375,-0.01959228515625,-0.5412750244140625,0.045196533203125
1789222406291565800,44.44556591796875,-0.5761260986328125,-0.690277099609375,0.0655670166015625
1789222406301559800,44.455559814453125,-0.9035797119140625,-0.775115966796875,0.0693359375
1789222406311553800,44.4655537109375,-0.9218902587890625,-0.4511566162109375,0.0967864990234375
1789222406321547800,44.4755478515625,-1.106048583984375,-0.956451416015625,0.0966796875
1789222406331541800,44.48554174804688,-0.5433807373046875,-1.27197265625,-0.06085205078125
1789222406341535700,44.49553564453125,-0.3750762939453125,-0.2212066650390625,-0.2140045166015625
1789222406351529700,44.50552978515625,-1.11553955078125,-1.291961669921875,-0.054473876953125
1789222406361524000,44.51552392578125,-0.637298583984375,-0.85614013671875,0.250732421875
1789222406371516700,44.5255166015625,-0.0829010009765625,-0.1525115966796875,0.2494964599609375
1789222406381510700,44.5355107421875,-0.47650146484375,-0.898468017578125,0.2486724853515625
1789222406391504600,44.54550463867187,-0.6421356201171875,-0.548797607421875,0.297515869140625
1789222406401499000,44.555498779296876,-1.1308746337890625,-0.496917724609375,0.0552520751953125
1789222406411492900,44.56549291992187,-1.3708038330078125,-1.1459503173828125,-0.2490997314453125
1789222406421486800,44.57548681640625,-0.622222900390625,-0.6138916015625,-0.27069091796875
1789222406431480800,44.58548071289062,-0.3538970947265625,-0.7063140869140625,-0.157379150390625
1789222406441474800,44.595474853515626,-0.8084259033203125,-1.0337677001953125,0.117279052734375
1789222406451468800,44.60546875,-0.9041748046875,-0.47235107421875,0.3712005615234375
1789222406461461800,44.61546166992188,-0.9532012939453125,-0.9024505615234375,0.3926239013671875
1789222406471455700,44.625455810546875,-0.344207763671875,-0.9267730712890625,0.1553192138671875
1789222406481449700,44.63544970703125,-0.2492523193359375,-0.6927642822265625,-0.0665435791015625
1789222406491444000,44.64544384765625,-0.592803955078125,-1.038482666015625,0.011688232421875
1789222406501438000,44.65543798828125,-0.7757415771484375,-0.7263031005859375,0.056915283203125
1789222406511431700,44.665431640625,-0.502410888671875,-1.0480499267578125,-0.0347747802734375
1789222406521425700,44.67542578125,-0.0906982421875,-0.5540924072265625,-0.1140594482421875
1789222406531419600,44.68541967773437,-0.497314453125,-0.5675048828125,-0.0137786865234375
1789222406541414000,44.69541381835938,-0.879608154296875,-1.0321807861328125,0.1324310302734375
1789222406551407900,44.705407958984374,-0.9069976806640625,-0.447967529296875,0.1979522705078125
1789222406561400800,44.71540087890625,-0.7783660888671875,-0.7335052490234375,0.16192626953125
1789222406571394800,44.725394775390626,-0.405029296875,-0.929351806640625,0.167266845703125
1789222406581388800,44.73538891601562,-0.3711700439453125,-0.686553955078125,0.170074462890625
1789222406591382800,44.7453828125,-0.63250732421875,-0.8155975341796875,0.1196136474609375
1789222406601376800,44.75537670898437,-0.85040283203125,-0.5699005126953125,0.16510009765625
1789222406611370800,44.765370849609376,-1.0309600830078125,-0.7751922607421875,0.1420745849609375
1789222406621364700,44.77536474609375,-0.929656982421875,-0.8852386474609375,0.0104522705078125
1789222406631359000,44.78535888671875,-0.9480133056640625,-0.389678955078125,0.0323486328125
1789222406641351700,44.7953515625,-1.0555572509765625,-1.014739990234375,0.089263916015625
1789222406651345700,44.805345703125,-0.4438629150390625,-0.87548828125,0.0210113525390625
1789222406661339600,44.81533959960937,-0.2936248779296875,-0.3978118896484375,0.0565338134765625
1789222406671334000,44.825333984375,-0.6799163818359375,-0.9818267822265625,0.2767181396484375
1789222406681327900,44.835327880859374,-0.710479736328125,-0.57318115234375,0.4063568115234375
1789222406691321900,44.84532177734375,-0.407684326171875,-0.730133056640625,0.22930908203125
1789222406701315800,44.85531591796875,-0.351287841796875,-0.6978607177734375,0.125274658203125
1789222406711309800,44.86530981445313,-0.4575958251953125,-0.3799896240234375,0.2245330810546875
1789222406721303800,44.8753037109375,-0.3880462646484375,-1.016265869140625,0.17352294921875
1789222406731297800,44.8852978515625,0.00537109375,-0.34893798828125,0.0665283203125
1789222406741290800,44.895290771484376,-0.701812744140625,-0.6372833251953125,0.21099853515625
1789222406751284700,44.90528466796875,-1.9436492919921875,-0.981048583984375,0.3912811279296875
1789222406761279000,44.91527905273438,-1.40631103515625,-0.508056640625,0.0885162353515625
1789222406771273000,44.92527294921875,0.00634765625,-0.9416961669921875,-0.33673095703125
1789222406781267000,44.935266845703126,0.1070556640625,-0.448089599609375,-0.1764984130859375
1789222406791260700,44.9452607421875,-1.00640869140625,-0.6980743408203125,0.2342071533203125
1789222406801254700,44.955254638671875,-1.135650634765625,-0.9008941650390625,0.3458709716796875
1789222406811249000,44.96524877929688,-0.08795166015625,-0.2503509521484375,0.249542236328125
1789222406821243000,44.975242919921875,0.000244140625,-0.9166259765625,0.2263641357421875
1789222406831235800,44.98523583984375,-1.1034393310546875,-0.469818115234375,0.3488311767578125
1789222406841229800,44.99522973632813,-1.66473388671875,-0.8016815185546875,0.298065185546875
1789222406851223800,45.005223876953124,-0.7320098876953125,-1.036529541015625,0.0361175537109375
1789222406861217800,45.0152177734375,0.2485198974609375,-0.440765380859375,-0.12030029296875
1789222406871211800,45.02521166992187,-0.15289306640625,-0.79608154296875,-0.04034423828125
1789222406881205800,45.03520581054688,-1.08111572265625,-0.7696380615234375,0.19671630859375
1789222406891199700,45.04519970703125,-1.011749267578125,-0.4933319091796875,0.1856231689453125
1789222406901194000,45.05519409179688,-0.257598876953125,-0.7504730224609375,-0.088958740234375
1789222406911188000,45.06518798828125,-0.4013671875,-0.779571533203125,-0.0373077392578125
1789222406921180700,45.0751806640625,-1.3778839111328125,-0.6868438720703125,0.1733856201171875
1789222406931174700,45.085174560546875,-1.7454681396484375,-0.943572998046875,0.2147979736328125
1789222406941169000,45.0951689453125,-0.5652313232421875,-0.9378509521484375,0.0430908203125
1789222406951163000,45.105162841796876,0.2244110107421875,-0.858734130859375,-0.1467132568359375
1789222406961156900,45.11515698242187,-0.4694366455078125,-0.638397216796875,0.065643310546875
1789222406971150800,45.12515087890625,-0.81146240234375,-0.866119384765625,0.2777099609375
1789222406981144800,45.13514477539063,-0.315460205078125,-0.499725341796875,0.09661865234375
1789222406991138800,45.145138916015625,-0.608154296875,-0.3092498779296875,0.0006561279296875
1789222407001131800,45.1551318359375,-1.1667327880859375,-0.8565216064453125,0.100494384765625
1789222407011125800,45.16512573242188,-1.1715850830078125,-0.78314208984375,-0.02520751953125
1789222407021119700,45.17511962890625,-1.0022125244140625,-0.7337188720703125,-0.1896820068359375
1789222407031114000,45.18511401367188,-0.6318359375,-1.2378997802734375,-0.1488189697265625
1789222407041108000,45.19510791015625,-0.638397216796875,-0.89678955078125,0.0713348388671875
1789222407051102000,45.20510205078125,-0.81475830078125,-1.0357666015625,0.343658447265625
1789222407061095700,45.215095703125,-0.3933868408203125,-0.771820068359375,0.3656768798828125
1789222407071089700,45.225089599609376,-0.187103271484375,-0.6100006103515625,0.2785797119140625
1789222407081083600,45.23508374023437,-0.28704833984375,-0.7743377685546875,0.298583984375
1789222407091078000,45.24507788085938,-0.4364776611328125,-0.509857177734375,0.2234954833984375
1789222407101070800,45.25507080078125,-0.5511627197265625,-0.581817626953125,-0.077880859375
1789222407111064800,45.26506494140625,-0.61114501953125,-0.7691802978515625,-0.2264556884765625
1789222407121058800,45.275058837890626,-0.5523681640625,-0.78082275390625,-0.155364990234375
1789222407131052800,45.285052734375,-0.649749755859375,-0.7422027587890625,-0.1011810302734375
1789222407141046800,45.295046875,-0.723602294921875,-0.5860443115234375,0.0490875244140625
1789222407151040800,45.30504077148437,-0.7535552978515625,-0.634674072265625,0.2201995849609375
1789222407161034800,45.31503466796875,-0.541717529296875,-0.9110107421875,0.2251129150390625
1789222407171028700,45.32502880859375,-0.4965972900390625,-0.6453094482421875,0.170501708984375
1789222407181022000,45.33502197265625,-1.1293792724609375,-0.6851043701171875,0.080413818359375
1789222407191015700,45.345015625,-1.19598388671875,-1.1552581787109375,-0.037109375
1789222407201009700,45.355009765625,-0.5163726806640625,-0.59912109375,-0.1177520751953125
1789222407211004000,45.36500390625,-0.461456298828125,-0.59527587890625,-0.13818359375
1789222407220998000,45.37499780273438,-0.75262451171875,-0.9589385986328125,0.017364501953125
1789222407230992000,45.384991943359374,-0.7964019775390625,-0.4377288818359375,0.1845855712890625
1789222407240985900,45.39498583984375,-0.8652496337890625,-0.8544464111328125,0.1857147216796875
1789222407250979800,45.40497973632812,-0.507049560546875,-0.62353515625,0.076812744140625
1789222407260973800,45.41497387695313,-0.2633819580078125,-0.631011962890625,-0.04345703125
1789222407270967000,45.42496704101563,-0.5217742919921875,-1.0402069091796875,-0.0567626953125
1789222407280960800,45.43496069335937,-0.770843505859375,-0.4985809326171875,0.04010009765625
1789222407290954800,45.444954833984376,-0.41961669921875,-0.80419921875,0.0157470703125
1789222407300948700,45.45494873046875,0.0348358154296875,-0.9129791259765625,0.0209808349609375
1789222407310943000,45.46494287109375,-1.082672119140625,-0.5524749755859375,0.2579498291015625
1789222407320937000,45.47493701171875,-2.152374267578125,-1.1706085205078125,0.41162109375
1789222407330931000,45.484930908203125,-0.852020263671875,-1.0010223388671875,0.17950439453125
1789222407340925000,45.49492504882812,0.8952789306640625,-0.499969482421875,-0.234100341796875
1789222407350919000,45.5049189453125,0.162628173828125,-0.5213623046875,-0.3206939697265625
1789222407360912000,45.514911865234374,-2.3280487060546875,-1.16851806640625,-0.0108184814453125
1789222407370905900,45.52490576171875,-1.8826904296875,-0.8504486083984375,0.051910400390625
1789222407380899800,45.53489990234375,0.2713165283203125,-0.470855712890625,-0.1702423095703125
1789222407390893800,45.54489379882813,0.4814605712890625,-0.711090087890625,-0.08758544921875
1789222407400888000,45.55488818359375,-0.6944732666015625,-0.69647216796875,0.3123931884765625
1789222407410882000,45.56488208007813,-1.509918212890625,-0.526153564453125,0.5447235107421875
1789222407420875800,45.57487573242187,-0.7331390380859375,-0.86090087890625,0.3359375
1789222407430869800,45.58486987304688,0.3394927978515625,-0.975006103515625,-0.0266571044921875
1789222407440863000,45.59486303710938,0.1465606689453125,-0.679840087890625,-0.08258056640625
1789222407450857000,45.60485693359375,-0.751708984375,-0.5706329345703125,0.109283447265625
1789222407460851000,45.614850830078126,-1.133148193359375,-1.04205322265625,0.1691436767578125
1789222407470845000,45.62484497070312,-0.41436767578125,-0.49737548828125,0.01373291015625
1789222407480838700,45.634838623046875,-0.292266845703125,-0.5281524658203125,-0.127227783203125
1789222407490833000,45.6448330078125,-1.2759857177734375,-1.0696563720703125,-0.0057220458984375
1789222407500827000,45.654826904296876,-1.5008697509765625,-0.71484375,0.0243988037109375
1789222407510820900,45.66482080078125,-1.0339508056640625,-0.9578704833984375,-0.1894683837890625
1789222407520814800,45.67481494140625,-0.588775634765625,-1.1019439697265625,-0.2062225341796875
1789222407530808000,45.68480810546875,-0.241943359375,-0.79522705078125,0.095947265625
1789222407540802000,45.69480200195313,-0.1203765869140625,-0.44305419921875,0.34710693359375
1789222407550795800,45.70479565429687,-0.2775115966796875,-0.775360107421875,0.2766265869140625
1789222407560789800,45.71478979492188,-0.6426239013671875,-0.7388763427734375,0.203155517578125
1789222407570783700,45.72478369140625,-1.080169677734375,-0.2306976318359375,0.1954803466796875
1789222407580778000,45.73477807617188,-1.153167724609375,-1.1379241943359375,-0.032623291015625
1789222407590772000,45.74477197265625,-0.6572418212890625,-0.88421630859375,-0.2818450927734375
1789222407600766000,45.75476586914063,-0.48492431640625,-0.530242919921875,-0.308868408203125
1789222407610760000,45.764760009765624,-0.631622314453125,-1.014617919921875,-0.1336822509765625
1789222407620753000,45.7747529296875,-0.7413787841796875,-0.5140380859375,0.096710205078125
1789222407630747000,45.784746826171876,-0.858642578125,-1.0177154541015625,0.2528076171875
1789222407640740900,45.79474096679687,-0.2537994384765625,-0.6507415771484375,0.3070220947265625
1789222407650734800,45.80473486328125,-0.2552947998046875,-0.258453369140625,0.294647216796875
1789222407660728800,45.81472875976562,-0.7362060546875,-1.20794677734375,0.170074462890625
1789222407670723000,45.82472314453125,-0.672576904296875,-0.2948455810546875,0.0368804931640625
1789222407680717000,45.83471704101562,-1.07769775390625,-0.7272491455078125,-0.0959014892578125
1789222407690710800,45.844710693359374,-1.010589599609375,-1.4705810546875,-0.20513916015625
1789222407700703700,45.854703857421875,-0.4357757568359375,-0.2521820068359375,-0.1980438232421875
1789222407710698000,45.86469799804688,-0.7816314697265625,-0.7223052978515625,-0.0089569091796875
1789222407720692000,45.87469189453125,-0.857513427734375,-0.9221343994140625,0.2536163330078125
1789222407730686000,45.88468603515625,-0.492218017578125,-0.3738555908203125,0.3704376220703125
1789222407740680000,45.894679931640624,-0.374664306640625,-0.837982177734375,0.316375732421875
1789222407750674000,45.904673828125,-0.2685546875,-0.577545166015625,0.2378997802734375
1789222407760668000,45.91466796875,-0.783599853515625,-0.75433349609375,0.2548980712890625
1789222407770662000,45.92466186523438,-0.856781005859375,-1.0669403076171875,0.16558837890625
1789222407780655900,45.93465576171875,-0.4539947509765625,-0.5150909423828125,-0.0183868408203125
1789222407790648800,45.94464892578125,-0.53643798828125,-1.0202484130859375,-0.01483154296875
1789222407800643000,45.95464306640625,-0.5489044189453125,-0.5197906494140625,0.14678955078125
1789222407810637000,45.96463696289062,-0.7936859130859375,-0.3428955078125,0.1686553955078125
1789222407820630800,45.974630859375,-1.0429534912109375,-0.9699859619140625,0.1619720458984375
1789222407830624800,45.98462475585937,-0.8416595458984375,-0.6713104248046875,0.1469879150390625
1789222407840618800,45.99461865234375,-0.7464752197265625,-0.86944580078125,0.0319976806640625
1789222407850613000,46.00461303710937,-0.970703125,-0.6894378662109375,0.017669677734375
1789222407860607000,46.01460693359375,-0.9355621337890625,-0.975006103515625,0.106597900390625
1789222407870600000,46.024599853515625,-0.4014892578125,-0.83306884765625,0.197723388671875
1789222407880593700,46.03459375,-0.13037109375,-0.3343963623046875,0.183349609375
1789222407890588000,46.044587890625,-0.4940643310546875,-0.867645263671875,0.1941680908203125
1789222407900582000,46.05458178710938,-0.807891845703125,-0.4564666748046875,0.247711181640625
1789222407910575900,46.064575927734374,-0.999267578125,-0.488555908203125,0.1297607421875
1789222407920569900,46.07456982421875,-0.9127197265625,-0.857666015625,-0.04766845703125
1789222407930563800,46.08456372070312,-0.3150787353515625,-0.737823486328125,-0.0433197021484375
1789222407940558000,46.09455810546875,-0.46136474609375,-0.49945068359375,0.07391357421875
1789222407950552000,46.104552001953124,-1.194091796875,-0.9418487548828125,0.1885528564453125
1789222407960544800,46.11454467773437,-0.9472503662109375,-0.99932861328125,0.16314697265625
1789222407970538800,46.124538818359376,-0.3451690673828125,-0.6202239990234375,0.0048370361328125
1789222407980533000,46.13453295898437,-0.2456817626953125,-0.971343994140625,-0.0591888427734375
1789222407990527000,46.14452685546875,-0.378814697265625,-0.5872650146484375,0.0522003173828125
1789222408000521000,46.15452099609375,-0.6319427490234375,-0.8203582763671875,0.197296142578125
1789222408010515000,46.164514892578126,-0.688385009765625,-1.0119171142578125,0.22149658203125
1789222408020509000,46.17450903320312,-0.746734619140625,-0.538299560546875,0.0684814453125
1789222408030503000,46.1845029296875,-0.9162445068359375,-0.908477783203125,-0.0330963134765625
1789222408040495900,46.194495849609375,-0.998016357421875,-0.7237548828125,-0.02728271484375
1789222408050489900,46.20448974609375,-1.0432891845703125,-0.8749847412109375,-0.00537109375
1789222408060483800,46.21448388671875,-0.6191253662109375,-0.765899658203125,0.020416259765625
1789222408070478000,46.22447802734375,-0.1401824951171875,-0.6060028076171875,0.0214385986328125
1789222408080472000,46.23447216796875,-0.351898193359375,-0.87628173828125,0.0775146484375
1789222408090465800,46.2444658203125,-0.4814453125,-0.62860107421875,0.1464996337890625
1789222408100459800,46.25445971679687,-0.735809326171875,-0.7688751220703125,0.13525390625
1789222408110453800,46.26445385742188,-0.7798309326171875,-0.783966064453125,0.1221466064453125
1789222408120447000,46.27444702148438,-0.8115692138671875,-0.507476806640625,0.151947021484375
1789222408130441000,46.28444091796875,-0.8250579833984375,-0.9155426025390625,0.114898681640625
1789222408140435000,46.29443505859375,-0.5439910888671875,-0.6724090576171875,0.02789306640625
1789222408150429000,46.30442895507812,-0.989990234375,-0.7030792236328125,-0.0547637939453125
1789222408160423000,46.3144228515625,-1.229248046875,-1.0770721435546875,-0.0550994873046875
1789222408170417000,46.3244169921875,-0.6063232421875,-0.765960693359375,-0.08697509765625
1789222408180411000,46.334410888671876,-0.4581146240234375,-0.8164520263671875,-0.079376220703125
1789222408190404900,46.34440478515625,-0.689483642578125,-0.99737548828125,0.1252899169921875
1789222408200398800,46.35439892578125,-0.7375335693359375,-0.44293212890625,0.3227386474609375
1789222408210392000,46.36439208984375,-0.3026123046875,-1.0074462890625,0.2046661376953125
1789222408220385800,46.3743857421875,0.1730194091796875,-0.6599578857421875,-0.09222412109375
1789222408230380000,46.384380126953126,-0.4104156494140625,-0.3580322265625,-0.0301055908203125
1789222408240374000,46.3943740234375,-1.0413055419921875,-1.05194091796875,0.20501708984375
1789222408250368000,46.404367919921874,-1.086151123046875,-0.441009521484375,0.1607208251953125
1789222408260362200,46.4143623046875,-1.1611785888671875,-0.998291015625,0.050506591796875
1789222408270356200,46.424356201171875,-0.6210479736328125,-0.729766845703125,0.1220245361328125
1789222408280350000,46.43434985351563,-0.4204254150390625,-0.4118499755859375,0.103485107421875
1789222408290343200,46.44434326171875,-0.3536224365234375,-1.34088134765625,-0.0817108154296875
1789222408300337200,46.454337158203124,-0.1318511962890625,-0.5901336669921875,0.0132293701171875
1789222408310331100,46.4643310546875,-0.9555816650390625,-0.5604248046875,0.3048248291015625
1789222408320325000,46.4743251953125,-1.279876708984375,-1.370697021484375,0.3106842041015625
1789222408330319000,46.48431909179688,-0.3378143310546875,-0.26446533203125,0.0277862548828125
1789222408340312800,46.49431274414062,-0.218719482421875,-0.504669189453125,-0.0921783447265625
1789222408350307000,46.50430712890625,-0.77923583984375,-0.998748779296875,0.0107879638671875
1789222408360301000,46.51430102539062,-1.22857666015625,-0.5874176025390625,0.0670928955078125
1789222408370294000,46.5242939453125,-1.3293914794921875,-1.0142822265625,-0.0831298828125
1789222408380288000,46.5342880859375,-0.774871826171875,-1.0342559814453125,-0.2151336669921875
1789222408390282200,46.5442822265625,-0.43505859375,-0.798004150390625,-0.0291290283203125
1789222408400276000,46.55427587890625,-0.367523193359375,-1.000335693359375,0.120941162109375
1789222408410270000,46.56427001953125,-0.2605743408203125,-0.51519775390625,0.0764312744140625
1789222408420264000,46.574263916015624,-0.755950927734375,-1.00445556640625,0.171600341796875
1789222408430258000,46.5842578125,-0.8674468994140625,-1.0954742431640625,0.09979248046875
1789222408440252200,46.594252197265625,-0.4508056640625,-0.458709716796875,-0.200927734375
1789222408450246100,46.60424609375,-0.417694091796875,-0.8049468994140625,-0.338897705078125
1789222408460239000,46.61423901367188,-0.680084228515625,-0.82763671875,-0.0822906494140625
1789222408470233000,46.624233154296874,-1.19305419921875,-0.680511474609375,0.2538909912109375
1789222408480227000,46.63422705078125,-1.0636138916015625,-0.7787933349609375,0.0526580810546875
1789222408490221000,46.64422094726562,-0.641937255859375,-0.901947021484375,-0.2461090087890625
1789222408500215000,46.65421508789063,-0.7697296142578125,-0.6980133056640625,-0.2002716064453125
1789222408510209000,46.664208984375,-0.9312896728515625,-0.8897552490234375,-0.203765869140625
1789222408520203000,46.674203125,-0.544769287109375,-0.730499267578125,-0.27728271484375
1789222408530197200,46.684197265625,-0.1843414306640625,-0.621063232421875,-0.1127166748046875
1789222408540190000,46.69418994140625,-0.154937744140625,-0.848846435546875,0.019989013671875
1789222408550184000,46.704183837890625,-0.520416259765625,-0.7690582275390625,0.0374755859375
1789222408560178000,46.71417797851562,-1.1253662109375,-0.7232666015625,0.052764892578125
1789222408570172200,46.724172119140626,-1.028045654296875,-1.20062255859375,0.067779541015625
1789222408580166100,46.73416625976562,-0.1900787353515625,-0.7317657470703125,-0.1274261474609375
1789222408590160100,46.74416015625,-0.27325439453125,-0.8245086669921875,-0.1293487548828125
1789222408600154000,46.75415405273438,-0.825897216796875,-0.9817352294921875,0.0060882568359375
1789222408610147800,46.76414794921875,-0.6830596923828125,-0.5323333740234375,-0.1481781005859375
1789222408620141000,46.77414111328125,-0.55987548828125,-0.7923126220703125,-0.254180908203125
1789222408630135000,46.78413500976563,-0.6477813720703125,-0.79339599609375,-0.0751495361328125
1789222408640129000,46.79412890625,-0.8185577392578125,-0.4618682861328125,-0.0738983154296875
1789222408650123000,46.804123046875,-0.6420135498046875,-0.7975921630859375,-0.151763916015625
1789222408660117200,46.8141171875,-0.04034423828125,-0.542999267578125,-0.085235595703125
1789222408670111200,46.824111328125,-0.299774169921875,-0.4592437744140625,0.06689453125
1789222408680105000,46.83410498046875,-1.00006103515625,-0.6828155517578125,0.2795257568359375
1789222408690099000,46.844098876953126,-0.919281005859375,-0.3317413330078125,0.3196258544921875
1789222408700092200,46.854092041015626,-0.473876953125,-0.516876220703125,0.0869903564453125
1789222408710086100,46.86408618164062,-0.68328857421875,-0.696533203125,-0.1580657958984375
1789222408720080100,46.874080078125,-1.5245819091796875,-0.85400390625,-0.1544036865234375
1789222408730074000,46.88407421875,-1.4248199462890625,-0.755584716796875,-0.11053466796875
1789222408740067800,46.89406787109375,-0.4934844970703125,-0.7611846923828125,-0.1605377197265625
1789222408750062000,46.90406201171875,-0.5726776123046875,-1.1663055419921875,0.0667724609375
1789222408760056000,46.91405615234375,-0.867706298828125,-0.5811767578125,0.3847503662109375
1789222408770050000,46.92405004882813,-0.387115478515625,-0.7062225341796875,0.3114013671875
1789222408780043000,46.93404296875,0.0338287353515625,-0.855072021484375,-0.003448486328125
1789222408790037200,46.944037353515625,-0.3090362548828125,-0.5740203857421875,0.0105743408203125
1789222408800031000,46.95403100585938,-1.047027587890625,-0.52972412109375,0.271270751953125
1789222408810025000,46.96402490234375,-0.983612060546875,-0.9275054931640625,0.2281341552734375
1789222408820019000,46.97401904296875,0.0221405029296875,-0.833251953125,-0.0359039306640625
1789222408830013000,46.98401293945312,-0.13995361328125,-0.47369384765625,-0.011474609375
1789222408840007200,46.99400708007813,-1.3254852294921875,-1.0392303466796875,0.1819915771484375
1789222408850001200,47.004001220703124,-1.3636627197265625,-1.01123046875,0.195037841796875
1789222408859995100,47.0139951171875,-0.4105377197265625,-0.38385009765625,0.0821075439453125
1789222408869987800,47.02398779296875,0.0684051513671875,-0.858001708984375,0.03717041015625
1789222408879982000,47.03398217773437,-0.2689056396484375,-0.773468017578125,0.2068634033203125
1789222408889976000,47.04397607421875,-0.9302978515625,-0.4488067626953125,0.3392181396484375
1789222408899970000,47.05396997070312,-1.1627655029296875,-0.9290618896484375,0.183685302734375
1789222408909964000,47.063964111328126,-0.3954620361328125,-0.7038116455078125,-0.0841827392578125
1789222408919958000,47.0739580078125,-0.384002685546875,-0.2901611328125,-0.15631103515625
1789222408929952300,47.0839521484375,-1.4112091064453125,-1.0472869873046875,0.098114013671875
1789222408939945000,47.093945068359375,-1.186859130859375,-0.8788299560546875,0.2396087646484375
1789222408949939000,47.10393896484375,-0.4224700927734375,-0.479644775390625,-0.029632568359375
1789222408959933000,47.113932861328124,-0.442047119140625,-1.1018524169921875,-0.069854736328125
1789222408969927200,47.12392724609375,-0.6511688232421875,-0.6657257080078125,0.1131134033203125
1789222408979921200,47.133921142578124,-0.7741241455078125,-0.9458770751953125,0.0727996826171875
1789222408989915100,47.1439150390625,-0.5760955810546875,-0.82196044921875,0.065704345703125
1789222408999909000,47.1539091796875,-0.429351806640625,-0.8543853759765625,0.1912384033203125
1789222409009902800,47.16390283203125,-0.183502197265625,-0.8177947998046875,0.163330078125
1789222409019897000,47.17389697265625,-0.2924041748046875,-0.428619384765625,0.0458831787109375
1789222409029890000,47.18389013671875,-0.7713623046875,-1.007843017578125,0.050445556640625
1789222409039884000,47.193884033203126,-0.6810760498046875,-0.692352294921875,0.14013671875
1789222409049878000,47.2038779296875,-0.7203826904296875,-0.3641357421875,0.072174072265625
1789222409059872300,47.21387231445313,-1.0904693603515625,-1.08868408203125,-0.0104217529296875
1789222409069866000,47.22386596679687,-0.8996429443359375,-0.8568572998046875,0.0115966796875
1789222409079860000,47.23385986328125,-0.58648681640625,-0.521453857421875,-0.083526611328125
1789222409089854000,47.24385400390625,-0.735870361328125,-0.8816375732421875,-0.223419189453125
1789222409099848000,47.253847900390625,-1.03369140625,-0.9827117919921875,-0.0505523681640625
1789222409109841200,47.263841064453125,-0.9928436279296875,-0.772857666015625,0.2991790771484375
1789222409119835100,47.27383520507812,-0.0880279541015625,-0.7178802490234375,0.167236328125
1789222409129829000,47.2838291015625,0.13409423828125,-0.874786376953125,0.0389556884765625
1789222409139822800,47.29382275390625,-0.4549713134765625,-0.7778167724609375,0.2465972900390625
1789222409149817000,47.303817138671874,-1.01873779296875,-0.7906951904296875,0.221435546875
1789222409159811000,47.31381103515625,-0.7351837158203125,-0.7844390869140625,-0.1603240966796875
1789222409169805000,47.32380517578125,-0.346282958984375,-0.6704864501953125,-0.2629547119140625
1789222409179799000,47.33379907226563,-0.6200714111328125,-0.7073974609375,-0.078094482421875
1789222409189792300,47.34379223632813,-0.8991851806640625,-0.88262939453125,0.0118255615234375
1789222409199786000,47.35378588867187,-0.8966217041015625,-0.7415924072265625,-0.0507965087890625
1789222409209780000,47.363780029296876,-0.611358642578125,-0.7934112548828125,-0.06256103515625
1789222409219774000,47.37377392578125,-0.116851806640625,-0.7941131591796875,-0.02838134765625
1789222409229767700,47.383767578125,-0.0509185791015625,-0.5090484619140625,-0.019012451171875
1789222409239762000,47.39376196289062,-0.89666748046875,-0.787567138671875,0.1909942626953125
1789222409249756000,47.403755859375,-1.3056182861328125,-0.7237396240234375,0.383758544921875
1789222409259749600,47.41374951171875,-0.697509765625,-0.7804412841796875,0.1945648193359375
1789222409269742800,47.42374291992188,-0.2078857421875,-0.863250732421875,-0.1410369873046875
1789222409279736800,47.43373681640625,-0.4671630859375,-0.3874359130859375,-0.13641357421875
1789222409289730800,47.44373071289063,-1.120880126953125,-0.652191162109375,-0.06475830078125
1789222409299724800,47.453724853515624,-1.2469329833984375,-0.9345703125,-0.0637664794921875
1789222409309718800,47.46371875,-0.5492095947265625,-0.517303466796875,-0.0286102294921875
1789222409319712800,47.47371264648437,-0.1444091796875,-0.694549560546875,0.0608367919921875
1789222409329706800,47.48370678710938,-0.4452056884765625,-0.826995849609375,0.1492462158203125
1789222409339700700,47.49370068359375,-0.9795989990234375,-0.83648681640625,0.2164306640625
1789222409349693700,47.50369360351562,-1.07513427734375,-0.843902587890625,0.2676544189453125
1789222409359687700,47.513687744140626,-0.597930908203125,-0.8475494384765625,0.115020751953125
1789222409369682000,47.52368188476562,-0.10589599609375,-1.0262603759765625,-0.09222412109375
1789222409379676000,47.533676025390626,-0.12506103515625,-0.49920654296875,-0.0308990478515625
1789222409389669600,47.54366967773438,-0.78021240234375,-0.5589599609375,0.178192138671875
1789222409399663600,47.55366357421875,-0.9548187255859375,-0.7685699462890625,0.111297607421875
1789222409409657600,47.56365771484375,-0.4394378662109375,-0.7567901611328125,-0.0780792236328125
1789222409419651800,47.57365185546875,-0.447479248046875,-0.5870208740234375,-0.0756072998046875
1789222409429644800,47.583644775390624,-0.9301300048828125,-0.6605682373046875,0.025543212890625
1789222409439638800,47.593638671875,-1.16656494140625,-0.9232025146484375,0.0985107421875
1789222409449632800,47.6036328125,-0.6854095458984375,-0.7778472900390625,0.183441162109375
1789222409459626800,47.61362670898438,-0.2443695068359375,-0.5615386962890625,0.154296875
1789222409469620700,47.623620849609374,-0.5593414306640625,-0.8322601318359375,0.2638702392578125
1789222409479614700,47.63361474609375,-0.8847808837890625,-0.5523834228515625,0.3752288818359375
1789222409489608700,47.64360864257812,-0.9769744873046875,-0.6761932373046875,0.206512451171875
1789222409499602700,47.65360278320313,-0.7587738037109375,-0.890716552734375,0.0644683837890625
1789222409509596000,47.66359594726563,-0.7114105224609375,-0.8120269775390625,0.0791015625
1789222409519589600,47.67358959960937,-0.634765625,-0.848907470703125,-0.0413360595703125
1789222409529583600,47.68358349609375,-0.421112060546875,-0.6890716552734375,-0.048797607421875
1789222409539577600,47.69357763671875,-0.291107177734375,-0.530548095703125,0.1574859619140625
1789222409549571800,47.70357177734375,-0.50213623046875,-0.808807373046875,0.2050933837890625
1789222409559565800,47.71356591796875,-0.8392181396484375,-0.52032470703125,0.2309722900390625
1789222409569559800,47.723559814453125,-1.2476348876953125,-0.677642822265625,0.2310943603515625
1789222409579553800,47.7335537109375,-0.736053466796875,-1.1456146240234375,0.052215576171875
1789222409589546800,47.74354663085938,-0.190460205078125,-0.4641571044921875,-0.141082763671875
1789222409599540700,47.753540771484374,-0.613037109375,-0.881927490234375,-0.0499420166015625
1789222409609534700,47.76353466796875,-0.533935546875,-0.9627532958984375,0.2452239990234375
1789222409619528700,47.77352880859375,0.077239990234375,-0.423095703125,0.219024658203125
1789222409629522700,47.78352270507813,-0.332977294921875,-0.6240081787109375,0.145111083984375
1789222409639517000,47.793516845703124,-1.585418701171875,-0.6515960693359375,0.314544677734375
1789222409649511000,47.80351098632813,-1.859893798828125,-0.8374176025390625,0.2171478271484375
1789222409659504600,47.81350463867187,-0.66705322265625,-0.761627197265625,-0.2634124755859375
1789222409669497900,47.82349780273437,0.0118865966796875,-0.7695770263671875,-0.33660888671875
1789222409679491800,47.83349194335938,-0.930572509765625,-1.0193328857421875,0.057464599609375
1789222409689485800,47.84348583984375,-1.4659271240234375,-1.010772705078125,0.319732666015625
1789222409699479800,47.853479736328126,-0.4369659423828125,-0.6732330322265625,0.1902313232421875
1789222409709473800,47.86347387695312,0.4395904541015625,-0.967376708984375,-0.0031280517578125
1789222409719467800,47.8734677734375,0.0820770263671875,-0.6645050048828125,0.0587158203125
1789222409729461800,47.88346166992188,-0.6990966796875,-0.38897705078125,0.2129974365234375
1789222409739455700,47.893455810546875,-0.8691558837890625,-0.849822998046875,0.2222442626953125
1789222409749448700,47.90344873046875,-0.4449005126953125,-0.6922607421875,-0.01556396484375
1789222409759442700,47.91344262695313,-0.6481170654296875,-0.551177978515625,-0.1441650390625
1789222409769437000,47.92343701171875,-1.392120361328125,-0.859893798828125,-0.02215576171875
1789222409779431000,47.93343090820313,-1.287109375,-1.1527862548828125,-0.0354766845703125
1789222409789424600,47.94342456054687,-0.426605224609375,-0.717620849609375,-0.1653289794921875
1789222409799418600,47.95341870117188,-0.1790771484375,-0.63128662109375,0.041656494140625
1789222409809412600,47.96341259765625,-0.65789794921875,-0.880859375,0.3782958984375
1789222409819406800,47.97340673828125,-0.930877685546875,-0.806884765625,0.3565673828125
1789222409829399800,47.98339990234375,-0.739532470703125,-0.716705322265625,0.113739013671875
1789222409839393800,47.99339379882812,-0.3264312744140625,-0.9156646728515625,0.0087738037109375
1789222409849387800,48.0033876953125,-0.256378173828125,-0.7171478271484375,-0.082183837890625
1789222409859381800,48.0133818359375,-0.7255096435546875,-0.4556427001953125,-0.145751953125
1789222409869375700,48.023375732421876,-0.8867340087890625,-0.7763824462890625,-0.0676422119140625
1789222409879369700,48.03336962890625,-0.5460357666015625,-0.631622314453125,-0.0332489013671875
1789222409889363700,48.04336376953125,-0.613861083984375,-0.701873779296875,-0.017822265625
1789222409899357700,48.05335766601563,-0.8606719970703125,-0.82623291015625,0.1692657470703125
1789222409909352000,48.06335205078125,-0.5781402587890625,-0.8437957763671875,0.3913726806640625
1789222409919344600,48.0733447265625,-0.329620361328125,-1.0062255859375,0.29254150390625
1789222409929338600,48.08333862304688,-0.4135589599609375,-0.8336029052734375,0.0512237548828125
1789222409939332600,48.09333251953125,-0.6735687255859375,-0.8010101318359375,0.0128631591796875
1789222409949326800,48.10332690429688,-0.5823516845703125,-0.79937744140625,0.0781402587890625
1789222409959320800,48.11332080078125,-0.502349853515625,-0.7347259521484375,-0.0832672119140625
1789222409969314800,48.12331469726563,-1.04486083984375,-0.818115234375,-0.030914306640625
1789222409979308800,48.133308837890624,-1.3219146728515625,-0.7785797119140625,0.1699676513671875
1789222409989302800,48.143302734375,-0.80743408203125,-0.6974029541015625,-0.07977294921875
1789222409999295700,48.153295654296876,-0.4373321533203125,-0.774658203125,-0.28521728515625
1789222410009289700,48.16328979492187,-0.2052459716796875,-0.87066650390625,0.0402374267578125
1789222410019283700,48.17328369140625,0.051727294921875,-0.5473480224609375,0.3176422119140625
1789222410029277700,48.18327758789062,0.0247955322265625,-0.4746856689453125,0.2602081298828125
1789222410039272000,48.19327197265625,-0.7553863525390625,-0.8657379150390625,0.3440399169921875
1789222410049266000,48.20326586914062,-1.0453033447265625,-0.3593597412109375,0.30938720703125
1789222410059259600,48.213259765625,-0.46490478515625,-0.789398193359375,-0.0930938720703125
1789222410069252600,48.223252685546875,-0.8999481201171875,-0.876861572265625,-0.15911865234375
1789222410079246800,48.23324682617187,-2.0652923583984375,-0.5382080078125,0.3738250732421875
1789222410089240800,48.24324072265625,-1.5757598876953125,-1.0216522216796875,0.4840545654296875
1789222410099234800,48.25323486328125,0.6060791015625,-1.0027008056640625,-0.0745697021484375
1789222410109228800,48.263228759765624,0.781829833984375,-0.4024200439453125,-0.1420440673828125
1789222410119222800,48.27322290039063,-1.2323760986328125,-0.8247528076171875,0.3090362548828125
1789222410129216800,48.283216796875,-1.8977813720703125,-1.08270263671875,0.3450775146484375
1789222410139210800,48.29321069335938,-0.1819915771484375,-0.474639892578125,-0.052215576171875
1789222410149203700,48.30320361328125,0.4451446533203125,-0.8636627197265625,-0.1689910888671875
1789222410159197700,48.31319775390625,-0.930633544921875,-0.5536651611328125,0.1204071044921875
1789222410169192000,48.32319189453125,-2.0544891357421875,-1.0114288330078125,0.2696533203125
1789222410179186000,48.33318603515625,-0.688507080078125,-1.0911407470703125,-0.0904693603515625
1789222410189179600,48.3431796875,0.43572998046875,-0.451934814453125,-0.2836761474609375
1789222410199173600,48.35317358398437,-0.6732177734375,-0.8676300048828125,0.066741943359375
1789222410209167600,48.363167724609376,-1.4214630126953125,-1.154815673828125,0.3042755126953125
1789222410219161900,48.37316186523437,-0.5348663330078125,-0.2438507080078125,0.0848236083984375
1789222410229156400,48.38315625,0.1399383544921875,-0.6179656982421875,-0.0835723876953125
1789222410239149300,48.3931494140625,-0.0296783447265625,-0.928070068359375,-0.040252685546875
1789222410249143300,48.403143310546874,-0.6430206298828125,-0.3607330322265625,0.0511627197265625
1789222410259137300,48.41313720703125,-1.3455810546875,-0.697235107421875,0.1162567138671875
1789222410269131300,48.42313134765625,-1.14471435546875,-1.047698974609375,0.10626220703125
1789222410279125200,48.433125244140626,-0.6168365478515625,-0.620697021484375,-0.0032501220703125
1789222410289119200,48.443119140625,-0.625762939453125,-0.7806396484375,-0.049468994140625
1789222410299113200,48.45311328125,-0.8575439453125,-0.7649383544921875,0.016571044921875
1789222410309107200,48.46310717773437,-1.0944366455078125,-0.81280517578125,0.019439697265625
1789222410319100400,48.47310034179687,-1.0103912353515625,-0.9202880859375,-0.031890869140625
1789222410329094100,48.48309423828125,-0.4884796142578125,-0.773193359375,-0.0487213134765625
1789222410339088100,48.49308813476563,-0.077423095703125,-0.9745941162109375,-0.029815673828125
1789222410349082000,48.50308203125,-0.06842041015625,-0.698760986328125,0.0819244384765625
1789222410359076400,48.51307641601562,-0.33966064453125,-0.4036712646484375,0.1366729736328125
1789222410369070300,48.5230703125,-0.6093597412109375,-0.573028564453125,0.0394439697265625
1789222410379064300,48.53306420898438,-0.9539031982421875,-0.6374969482421875,0.0939483642578125
1789222410389058300,48.543058349609375,-1.2809600830078125,-0.7695159912109375,0.1934356689453125
1789222410399051300,48.55305126953125,-1.364990234375,-0.7505645751953125,0.0877227783203125
1789222410409045200,48.56304516601563,-0.9012451171875,-0.8578338623046875,-0.095428466796875
1789222410419039200,48.573039306640624,-0.0565032958984375,-1.1058502197265625,-0.2006378173828125
1789222410429033200,48.583033203125,-0.104705810546875,-0.5348968505859375,-0.23046875
1789222410439027200,48.59302709960937,-1.190338134765625,-0.9114532470703125,-0.033905029296875
1789222410449021400,48.603021484375,-1.2317657470703125,-0.974456787109375,0.2150421142578125
1789222410459015400,48.61301538085937,-0.24542236328125,-0.423583984375,0.23773193359375
1789222410469009200,48.623009033203125,0.087249755859375,-1.0116119384765625,0.09576416015625
1789222410479002000,48.633002197265625,-0.334808349609375,-0.467376708984375,0.130584716796875
1789222410488996400,48.64299633789062,-1.298095703125,-0.569580078125,0.15576171875
1789222410498990300,48.652990234375,-1.2278289794921875,-0.9792327880859375,-0.054351806640625
1789222410508984300,48.662984375,-0.377777099609375,-0.622650146484375,-0.2453460693359375
1789222410518978300,48.672978271484375,-0.413330078125,-0.88336181640625,-0.178497314453125
1789222410528972300,48.68297216796875,-0.9562835693359375,-0.7094879150390625,0.0833282470703125
1789222410538966300,48.69296630859375,-1.1290740966796875,-0.764007568359375,0.2194671630859375
1789222410548960300,48.70296020507813,-0.547576904296875,-1.1402435302734375,0.077789306640625
1789222410558953200,48.712953125,-0.0803375244140625,-0.6952972412109375,-0.0046234130859375
1789222410568947200,48.722947265625,-0.16229248046875,-0.5993194580078125,0.092315673828125
1789222410578941400,48.73294140625,-0.3756103515625,-0.7261505126953125,0.1159210205078125
1789222410588935400,48.742935302734374,-0.5935821533203125,-0.685394287109375,0.08636474609375
1789222410598929200,48.75292919921875,-0.906768798828125,-0.611846923828125,0.042633056640625
1789222410608923100,48.76292309570312,-1.2571563720703125,-0.63897705078125,-0.03363037109375
1789222410618917000,48.77291723632813,-0.949859619140625,-0.81011962890625,-0.123565673828125
1789222410628911400,48.78291137695312,-0.649505615234375,-0.8867645263671875,-0.166473388671875
1789222410638904300,48.792904296875,-0.68341064453125,-0.8501434326171875,-0.0808868408203125
1789222410648898300,48.802898193359376,-0.540069580078125,-1.0397186279296875,0.0438995361328125
1789222410658892000,48.81289208984375,-0.21044921875,-0.6740570068359375,0.0276336669921875
1789222410668886300,48.82288623046875,-0.1398162841796875,-0.8867034912109375,0.0162506103515625
1789222410678880300,48.83288037109375,-0.091766357421875,-0.531768798828125,0.0468902587890625
1789222410688874200,48.842874267578125,-0.6584625244140625,-0.359588623046875,0.1278533935546875
1789222410698868200,48.8528681640625,-1.3529205322265625,-0.9568328857421875,0.2111968994140625
1789222410708861400,48.862861328125,-1.05084228515625,-0.6156158447265625,0.0717620849609375
1789222410718855400,48.87285546875,-0.776947021484375,-0.835968017578125,-0.2221832275390625
1789222410728849200,48.88284912109375,-0.4493408203125,-0.8842315673828125,-0.2545166015625
1789222410738843100,48.89284301757812,-0.58514404296875,-0.6174774169921875,-0.0419769287109375
1789222410748837000,48.90283715820313,-1.0614776611328125,-0.925811767578125,0.1047821044921875
1789222410758831400,48.912831298828124,-0.7516937255859375,-0.6444244384765625,0.2036285400390625
1789222410768825300,48.92282543945313,-0.2588653564453125,-0.5682220458984375,0.212677001953125
1789222410778819300,48.9328193359375,-0.125335693359375,-0.820587158203125,-0.031829833984375
1789222410788812300,48.94281225585937,-0.735076904296875,-0.6221160888671875,-0.2133941650390625
1789222410798806300,48.95280615234375,-1.38983154296875,-1.03515625,-0.0898284912109375
1789222410808800300,48.96280029296875,-0.9696807861328125,-1.0254364013671875,0.1122589111328125
1789222410818794200,48.972794189453126,-0.23858642578125,-0.53363037109375,0.1106719970703125
1789222410828788200,48.98278833007812,-0.11004638671875,-0.8814849853515625,0.2124786376953125
1789222410838782200,48.9927822265625,-0.1916961669921875,-0.6649017333984375,0.343658447265625
1789222410848776400,49.0027763671875,-0.554351806640625,-0.6357574462890625,0.178314208984375
1789222410858770400,49.0127705078125,-0.85107421875,-0.7180633544921875,-0.091888427734375
1789222410868764200,49.02276416015625,-0.9589080810546875,-0.6682281494140625,-0.071624755859375
1789222410878757000,49.03275708007813,-0.84375,-0.7667999267578125,0.0274810791015625
1789222410888751400,49.04275146484375,-0.5656890869140625,-0.711334228515625,-0.086395263671875
1789222410898745300,49.05274536132813,-0.838226318359375,-0.9754180908203125,-0.05133056640625
1789222410908739300,49.0627392578125,-0.830291748046875,-0.67242431640625,0.0721435546875
1789222410918733300,49.0727333984375,-0.54046630859375,-0.7859649658203125,-0.024505615234375
1789222410928727300,49.082727294921874,-0.3253631591796875,-0.7038116455078125,0.0560760498046875
1789222410938721300,49.09272119140625,-0.4255523681640625,-0.4988555908203125,0.33721923828125
1789222410948715300,49.10271533203125,-0.7122802734375,-0.519805908203125,0.4350738525390625
1789222410958708200,49.11270825195312,-0.8322906494140625,-0.7594146728515625,0.2122955322265625
1789222410968702200,49.1227021484375,-0.7496490478515625,-1.055572509765625,-0.0566253662109375
1789222410978696400,49.132696533203124,-0.5921173095703125,-0.4817047119140625,-0.213287353515625
1789222410988690400,49.1426904296875,-0.633331298828125,-0.8191986083984375,-0.2465972900390625
1789222410998684200,49.15268408203125,-0.732421875,-0.85003662109375,-0.073638916015625
1789222411008678100,49.16267822265625,-0.776153564453125,-0.8295745849609375,0.249237060546875
1789222411018672000,49.17267211914063,-0.439788818359375,-0.653656005859375,0.4077301025390625
1789222411028666400,49.182666259765625,-0.511444091796875,-0.430389404296875,0.31829833984375
1789222411038659300,49.192659423828125,-0.951446533203125,-1.0945281982421875,0.1729278564453125
1789222411048653300,49.2026533203125,-0.6658935546875,-0.6330718994140625,0.0418548583984375
1789222411058647000,49.21264697265625,-0.4929046630859375,-0.6699371337890625,-0.1100311279296875
1789222411068641300,49.22264135742188,-0.84466552734375,-1.032989501953125,-0.1461029052734375
1789222411078635300,49.23263525390625,-0.8898162841796875,-0.740997314453125,0.018157958984375
1789222411088629200,49.24262915039063,-0.685638427734375,-0.8062896728515625,0.1026153564453125
1789222411098623200,49.252623291015624,-0.470123291015625,-0.5955810546875,0.01116943359375
1789222411108616400,49.262616455078124,-0.4590606689453125,-0.6940155029296875,-0.007232666015625
1789222411118610400,49.2726103515625,-0.975555419921875,-0.8087158203125,0.1588134765625
1789222411128604200,49.28260424804687,-0.8065338134765625,-0.653076171875,0.2602081298828125
1789222411138598100,49.29259814453125,-0.4412841796875,-0.6196441650390625,0.11077880859375
1789222411148592000,49.30259204101562,-0.262847900390625,-0.8921661376953125,0.0502471923828125
1789222411158586400,49.31258642578125,-0.47320556640625,-0.7808074951171875,0.1622314453125
1789222411168580400,49.32258032226562,-1.0409088134765625,-0.547393798828125,0.1416778564453125
1789222411178574300,49.33257421875,-0.7808837890625,-0.8333740234375,0.0130157470703125
1789222411188567000,49.342567138671875,-0.194671630859375,-0.5532379150390625,-0.0135040283203125
1789222411198561300,49.35256127929687,-0.3629608154296875,-0.6576080322265625,0.0674896240234375
1789222411208555300,49.36255517578125,-0.731353759765625,-0.6352081298828125,0.066680908203125
1789222411218549200,49.37254931640625,-1.469451904296875,-0.8241119384765625,0.1460723876953125
1789222411228543200,49.382543212890624,-1.3367462158203125,-0.99072265625,0.1307220458984375
1789222411238536700,49.39253662109375,-0.2866363525390625,-1.00958251953125,-0.1578521728515625
1789222411248530700,49.40253076171875,-0.122314453125,-0.4796142578125,-0.242431640625
1789222411258524400,49.4125244140625,-1.1414031982421875,-0.9337921142578125,0.114349365234375
1789222411268518400,49.42251831054688,-1.2994232177734375,-1.0602569580078125,0.3304443359375
1789222411278511600,49.43251171875,-0.139617919921875,-0.5183258056640625,0.091644287109375
1789222411288505600,49.442505615234374,0.1523895263671875,-0.7169952392578125,-0.0931549072265625
1789222411298499600,49.45249951171875,-0.70306396484375,-0.7943115234375,0.110076904296875
1789222411308493600,49.46249365234375,-1.1529998779296875,-0.74609375,0.2421722412109375
1789222411318487300,49.4724873046875,-0.83782958984375,-0.711822509765625,0.03131103515625
1789222411328481500,49.4824814453125,-0.544647216796875,-0.764373779296875,-0.111114501953125
1789222411338475500,49.4924755859375,-0.424224853515625,-0.823333740234375,-0.090911865234375
1789222411348469500,49.50246948242187,-0.783935546875,-0.708160400390625,-0.051177978515625
1789222411358462500,49.51246240234375,-1.1597442626953125,-0.948516845703125,0.0055084228515625
1789222411368456700,49.52245678710938,-0.95770263671875,-0.855316162109375,0.1369781494140625
1789222411378450700,49.53245068359375,-0.636627197265625,-0.62738037109375,0.197967529296875
1789222411388444400,49.5424443359375,-0.353851318359375,-1.0401458740234375,0.1918487548828125
1789222411398438400,49.5524384765625,-0.113067626953125,-0.506317138671875,0.1118316650390625
1789222411408432400,49.562432373046875,-0.2265472412109375,-0.5073699951171875,-0.027587890625
1789222411418426600,49.57242651367188,-0.6434326171875,-0.908416748046875,-0.100677490234375
1789222411428420600,49.582420654296875,-1.3312225341796875,-0.6899566650390625,0.0638427734375
1789222411438413600,49.59241357421875,-1.493499755859375,-0.9098663330078125,0.12408447265625
1789222411448407300,49.6024072265625,-0.783599853515625,-0.8503570556640625,-0.074737548828125
1789222411458401500,49.612401611328124,0.001129150390625,-0.633453369140625,-0.1434326171875
1789222411468395500,49.6223955078125,-0.013336181640625,-0.7537994384765625,-0.03094482421875
1789222411478389500,49.63238940429687,-0.769287109375,-0.7254638671875,0.1407928466796875
1789222411488383500,49.64238354492188,-0.766204833984375,-0.8777008056640625,0.1901092529296875
1789222411498377500,49.65237744140625,-0.21429443359375,-0.5999298095703125,0.2484130859375
1789222411508371700,49.66237182617188,0.0187835693359375,-0.689117431640625,0.212127685546875
1789222411518364400,49.672364501953126,-0.3969573974609375,-0.449920654296875,0.1657562255859375
1789222411528358400,49.6823583984375,-1.34991455078125,-0.578338623046875,0.2778167724609375
1789222411538352400,49.692352294921875,-1.586395263671875,-1.006103515625,0.1468658447265625
1789222411548346600,49.7023466796875,-0.6781463623046875,-0.572174072265625,-0.24139404296875
1789222411558340600,49.712340576171876,-0.2683563232421875,-0.6503448486328125,-0.3603515625
1789222411568334600,49.72233447265625,-0.9472808837890625,-1.1702423095703125,-0.0079345703125
1789222411578328600,49.73232861328125,-1.26226806640625,-0.7069091796875,0.30047607421875
1789222411588322300,49.742322265625,-0.176605224609375,-0.6574859619140625,0.1575927734375
1789222411598315500,49.7523154296875,0.3056182861328125,-0.8751678466796875,0.132965087890625
1789222411608309500,49.7623095703125,-0.68817138671875,-0.5814971923828125,0.422760009765625
1789222411618303500,49.77230346679688,-1.4383697509765625,-0.94720458984375,0.481903076171875
1789222411628297500,49.78229736328125,-0.5914154052734375,-0.6394805908203125,0.19818115234375
1789222411638291700,49.79229174804688,-0.095794677734375,-0.73065185546875,-0.14239501953125
1789222411648285700,49.80228564453125,-0.8126373291015625,-0.839691162109375,-0.157379150390625
1789222411658279400,49.81227954101563,-1.0403289794921875,-0.649078369140625,-0.0120391845703125
1789222411668273400,49.8222734375,-0.6479034423828125,-0.8229522705078125,-0.020355224609375
1789222411678266600,49.8322666015625,-0.1459197998046875,-0.759033203125,0.0713653564453125
1789222411688260600,49.842260498046876,-0.1897430419921875,-0.7037506103515625,0.2535552978515625
1789222411698254600,49.85225463867187,-1.19940185546875,-0.852569580078125,0.354034423828125
1789222411708248600,49.86224853515625,-1.069427490234375,-1.02056884765625,0.24945068359375
1789222411718242300,49.8722421875,0.0507659912109375,-0.539825439453125,-0.1163482666015625
1789222411728236500,49.882236572265626,-0.1269073486328125,-0.4392242431640625,-0.16107177734375
1789222411738230500,49.89223046875,-1.081207275390625,-1.10174560546875,0.1264801025390625
1789222411748224500,49.902224609375,-1.0819244384765625,-0.7297821044921875,0.16546630859375
1789222411758217500,49.912217529296875,-0.4884796142578125,-0.404632568359375,-0.051544189453125
1789222411768211700,49.92221166992187,-0.488037109375,-0.9431610107421875,-0.071685791015625
1789222411778205700,49.932205810546876,-0.5928802490234375,-0.7071075439453125,0.0142974853515625
1789222411788199400,49.94219946289063,-1.006378173828125,-0.5873565673828125,0.1063385009765625
1789222411798193400,49.952193359375,-1.5157623291015625,-1.051422119140625,0.29144287109375
1789222411808187400,49.9621875,-0.715911865234375,-0.85626220703125,0.2017364501953125
1789222411818181600,49.972181640625,0.219757080078125,-0.7449951171875,-0.0779266357421875
1789222411828175600,49.98217553710938,-0.041473388671875,-0.674896240234375,-0.06488037109375
1789222411838168600,49.99216845703125,-0.8929290771484375,-0.8746337890625,0.11297607421875
1789222411848162300,50.00216235351562,-1.068817138671875,-0.9379425048828125,0.2191009521484375
1789222411858156500,50.012156494140626,-0.228851318359375,-0.3611602783203125,0.1473846435546875
1789222411868150500,50.02215063476562,-0.3273162841796875,-0.8538665771484375,0.079193115234375
1789222411878144500,50.03214453125,-1.3154449462890625,-0.6656951904296875,0.26446533203125
1789222411888138500,50.04213842773437,-1.47711181640625,-0.8717193603515625,0.20172119140625
1789222411898132500,50.052132568359376,-0.306365966796875,-0.6849212646484375,-0.253265380859375
1789222411908126700,50.06212670898437,0.218902587890625,-0.39080810546875,-0.3260040283203125
1789222411918119400,50.07211938476563,-1.0155792236328125,-1.288238525390625,0.1049041748046875
1789222411928113400,50.082113525390625,-1.4805145263671875,-0.5008697509765625,0.3902435302734375
1789222411938107400,50.092107421875,-0.4685821533203125,-0.501312255859375,0.149993896484375
1789222411948101600,50.1021015625,0.1418609619140625,-1.200958251953125,-0.01055908203125
1789222411958095600,50.112095703125,-0.3917388916015625,-0.344757080078125,0.20941162109375
1789222411968089600,50.122089599609374,-1.114166259765625,-0.831756591796875,0.237060546875
1789222411978083600,50.13208349609375,-0.755950927734375,-0.7194366455078125,-0.004638671875
1789222411988077300,50.14207739257812,0.1396331787109375,-0.3897857666015625,-0.0874481201171875
1789222411998070500,50.15207055664062,-0.4224090576171875,-0.7605438232421875,-0.0368194580078125
1789222412008064500,50.162064453125,-1.7337493896484375,-0.7066497802734375,0.14947509765625
1789222412018058500,50.17205859375,-1.8882598876953125,-1.039703369140625,0.174774169921875
1789222412028052500,50.182052490234376,-0.624755859375,-0.9190521240234375,-0.16448974609375
1789222412038046700,50.19204663085937,0.1090850830078125,-0.7180938720703125,-0.4229736328125
1789222412048040700,50.20204077148438,-0.3965606689453125,-1.1772308349609375,-0.266021728515625
1789222412058034400,50.21203442382812,-0.52978515625,-1.033660888671875,0.1124114990234375
1789222412068028400,50.2220283203125,-0.0375213623046875,-0.213958740234375,0.1342010498046875
1789222412078021600,50.232021728515626,-0.390716552734375,-1.063751220703125,0.1386566162109375
1789222412088015600,50.242015625,-1.7130889892578125,-0.830841064453125,0.39361572265625
1789222412098009600,50.252009521484375,-1.9967193603515625,-0.6959686279296875,0.1391448974609375
1789222412108003600,50.26200366210937,-0.931610107421875,-1.2990570068359375,-0.485382080078125
1789222412117997300,50.271997314453124,0.1160125732421875,-0.5076141357421875,-0.6845245361328125
1789222412127991600,50.28199145507813,-0.0272979736328125,-0.799224853515625,-0.3736419677734375
1789222412137985500,50.291985595703125,-0.3232879638671875,-0.878631591796875,-0.012176513671875
1789222412147979500,50.3019794921875,-0.242218017578125,-0.2156524658203125,0.200439453125
1789222412157972500,50.31197241210938,0.060546875,-0.66162109375,0.3792724609375
1789222412167966700,50.321966796875,0.9242095947265625,-0.256072998046875,0.3391265869140625
1789222412177960700,50.33196069335938,1.1483001708984375,0.6390380859375,0.179443359375
1789222412187954400,50.34195434570312,-2.520782470703125,-0.6561737060546875,0.1382904052734375
1789222412197948400,50.351948486328126,-6.170440673828125,-2.3468780517578125,0.2645111083984375
1789222412207942400,50.3619423828125,-1.590728759765625,-0.9193267822265625,-0.2928619384765625
1789222412217936600,50.3719365234375,1.7301025390625,-0.2736663818359375,-0.298797607421875
1789222412227930600,50.3819306640625,2.26654052734375,-0.6636962890625,-0.1995086669921875
1789222412237924000,50.391924072265624,0.084442138671875,-0.651519775390625,-0.1931610107421875
1789222412247918000,50.40191796875,-3.6536712646484375,-1.0814361572265625,0.15411376953125
1789222412257912000,50.411912109375,-2.4073638916015625,-1.091766357421875,0.312225341796875
1789222412267906300,50.42190625,1.273834228515625,-0.6592864990234375,0.51666259765625
1789222412277900300,50.431900390625,2.1112823486328125,-0.4974517822265625,0.5915069580078125
1789222412287894300,50.44189428710938,0.313385009765625,0.0261383056640625,0.2677154541015625
1789222412297888000,50.45188793945312,-3.207000732421875,-1.0561370849609375,-0.0226898193359375
1789222412307882000,50.46188208007813,-2.7631072998046875,-1.394561767578125,-0.24993896484375
1789222412317875200,50.47187524414063,-0.2346649169921875,-0.5565643310546875,-0.1990966796875
1789222412327869200,50.481869140625,0.4263916015625,-0.6578216552734375,-0.2032623291015625
1789222412337863200,50.49186328125,-0.4628143310546875,-1.3820037841796875,0.0860595703125
1789222412347857200,50.50185717773437,-0.8630218505859375,-0.568756103515625,0.6802520751953125
1789222412357851100,50.51185107421875,-0.06915283203125,-0.355621337890625,0.490020751953125
1789222412367845000,50.52184521484375,-0.3611297607421875,-1.168365478515625,0.0074615478515625
1789222412377839000,50.531839111328125,-1.368377685546875,-0.7381439208984375,0.0428619384765625
1789222412387833000,50.5418330078125,-1.848968505859375,-0.2512359619140625,0.2622528076171875
1789222412397826300,50.55182641601562,-1.5343017578125,-1.1319122314453125,0.0576934814453125
1789222412407820300,50.5618203125,-0.244354248046875,-1.186981201171875,-0.241363525390625
1789222412417814300,50.57181420898438,0.0064849853515625,-0.3424072265625,-0.12908935546875
1789222412427808000,50.58180810546875,-0.811279296875,-0.8329010009765625,0.09613037109375
1789222412437802000,50.59180200195313,-1.076751708984375,-0.4772796630859375,0.056640625
1789222412447796200,50.601796142578124,-0.2888031005859375,-0.0782470703125,-0.0558013916015625
1789222412457790200,50.61179028320313,0.660430908203125,-1.481536865234375,-0.0064697265625
1789222412467784200,50.6217841796875,1.0264129638671875,-1.1047821044921875,0.088043212890625
1789222412477778200,50.63177807617188,-0.0247344970703125,-0.1641387939453125,0.2049407958984375
1789222412487771100,50.64177124023438,-1.9273681640625,-0.561126708984375,0.3001251220703125
1789222412497765000,50.65176513671875,-1.9853515625,-0.913665771484375,0.177886962890625
1789222412507759000,50.661759033203126,-0.2153167724609375,-1.0416412353515625,-0.0643157958984375
1789222412517753000,50.67175317382812,0.3148193359375,-1.20953369140625,-0.07220458984375
1789222412527747000,50.6817470703125,-1.0924835205078125,-0.978271484375,-0.18719482421875
1789222412537741300,50.6917412109375,-2.3410186767578125,-0.660919189453125,-0.3021697998046875
1789222412547735300,50.7017353515625,-0.9486083984375,-0.195648193359375,-0.2786865234375
1789222412557729300,50.71172924804687,0.6411285400390625,-1.0710296630859375,-0.2746429443359375
1789222412567722000,50.72172192382813,0.4918670654296875,-1.0045623779296875,-0.065887451171875
1789222412577716200,50.73171630859375,-0.7317657470703125,-0.3510894775390625,0.3272857666015625
1789222412587710200,50.74171020507813,-1.92523193359375,-0.9067535400390625,0.520965576171875
1789222412597704200,50.7517041015625,-1.0015106201171875,-1.20355224609375,0.1551971435546875
1789222412607698200,50.7616982421875,0.652313232421875,-0.6920013427734375,-0.2481231689453125
1789222412617692200,50.771692138671874,-0.053680419921875,-0.0084075927734375,-0.3229827880859375
1789222412627686100,50.78168603515625,-1.704742431640625,-1.634246826171875,0.0626678466796875
1789222412637680000,50.79168017578125,-1.526031494140625,-0.4443359375,0.3867645263671875
1789222412647673000,50.80167309570312,-0.2767181396484375,-0.2584991455078125,0.2104949951171875
1789222412657667000,50.8116669921875,0.1896514892578125,-1.240081787109375,0.0654296875
1789222412667661300,50.821661376953124,-0.8557891845703125,-0.11962890625,0.264068603515625
1789222412677655300,50.8316552734375,-1.7959747314453125,-0.945037841796875,0.00494384765625
1789222412687649300,50.84164916992187,-1.1379241943359375,-1.1522979736328125,-0.42724609375
1789222412697643000,50.85164306640625,-0.5704345703125,-0.196502685546875,-0.4176788330078125
1789222412707637000,50.86163696289063,-0.9904022216796875,-1.481719970703125,-0.02020263671875
1789222412717631000,50.871630859375,-0.6693878173828125,-0.9178466796875,0.27752685546875
1789222412727624200,50.881624267578125,0.1047515869140625,0.0138092041015625,0.182861328125
1789222412737618200,50.8916181640625,0.2369384765625,-0.9517974853515625,0.106231689453125
1789222412747612200,50.901612060546874,-0.1246185302734375,-0.7487030029296875,0.2220306396484375
1789222412757606100,50.91160620117188,-0.7350921630859375,-0.318206787109375,0.231201171875
1789222412767600000,50.92160009765625,-1.4937286376953125,-0.98681640625,0.1863861083984375
1789222412777594000,50.93159399414063,-0.928253173828125,-1.1605987548828125,0.137451171875
1789222412787588000,50.941588134765624,-0.1516571044921875,-0.88641357421875,-0.0525970458984375
1789222412797582000,50.95158203125,-0.1741943359375,-0.8036041259765625,-0.124298095703125
1789222412807575300,50.9615751953125,-0.9441986083984375,-0.591156005859375,-0.0065460205078125
1789222412817569300,50.9715693359375,-1.3230438232421875,-0.995361328125,0.168609619140625
1789222412827563000,50.98156298828125,-0.5609283447265625,-0.593719482421875,0.1806488037109375
1789222412837557000,50.99155688476562,-0.3883514404296875,-0.475006103515625,0.1072540283203125
1789222412847551200,51.00155126953125,-0.91009521484375,-0.953857421875,0.21441650390625
1789222412857545200,51.01154516601562,-0.677947998046875,-0.756866455078125,0.293121337890625
1789222412867539200,51.021539306640626,-0.309814453125,-0.3242645263671875,0.1022491455078125
1789222412877533200,51.031533203125,-0.4257049560546875,-0.9769744873046875,-0.037353515625
1789222412887526100,51.04152612304687,-0.552276611328125,-0.6414794921875,0.0564422607421875
1789222412897520000,51.05152001953125,-1.0304107666015625,-0.163421630859375,0.194000244140625
1789222412907514000,51.06151416015625,-1.1314697265625,-1.317230224609375,0.225250244140625
1789222412917508000,51.071508056640624,-0.5413818359375,-0.2282257080078125,0.2148590087890625
1789222412927502000,51.08150219726563,-0.5627899169921875,-0.34857177734375,0.1602630615234375
1789222412937496000,51.09149609375,-0.61163330078125,-1.2122955322265625,0.105377197265625
1789222412947490300,51.101490234375,-0.47149658203125,-0.238311767578125,0.0337677001953125
1789222412957484300,51.111484375,-0.8545379638671875,-1.032012939453125,-0.01715087890625
1789222412967477000,51.12147705078125,-1.0237274169921875,-1.018951416015625,0.05865478515625
1789222412977471200,51.13147119140625,-0.8071441650390625,-0.459808349609375,0.1295318603515625
1789222412987465200,51.14146533203125,-0.76898193359375,-0.8919525146484375,0.113616943359375
1789222412997459200,51.15145922851563,-0.6501007080078125,-0.555877685546875,0.088775634765625
1789222413007453200,51.161453125,-0.417877197265625,-0.882720947265625,-0.10791015625
1789222413017447200,51.171447265625,-0.4352569580078125,-0.6405029296875,-0.1416015625
1789222413027441200,51.18144116210937,-1.01806640625,-0.890533447265625,0.0444183349609375
1789222413037435100,51.19143505859375,-0.8759002685546875,-1.2793426513671875,0.137725830078125
1789222413047429000,51.20142919921875,-0.3831787109375,-0.4937896728515625,0.0687713623046875
1789222413057422000,51.21142211914062,-0.47418212890625,-1.10003662109375,0.1229705810546875
1789222413067416000,51.221416015625,-0.5283355712890625,-0.8291778564453125,0.150390625
1789222413077410300,51.23141040039062,-0.6259765625,-0.8878021240234375,0.0873565673828125
1789222413087404300,51.241404296875,-0.7526702880859375,-0.81158447265625,0.0337066650390625
1789222413097398000,51.25139794921875,-0.71929931640625,-0.8233489990234375,0.049407958984375
1789222413107392000,51.26139208984375,-0.5055694580078125,-0.8798675537109375,0.0196685791015625
1789222413117386000,51.27138598632813,-0.083709716796875,-0.4253997802734375,-0.148284912109375
1789222413127380200,51.281380126953124,-0.7032928466796875,-0.5666351318359375,-0.129608154296875
1789222413137373200,51.291373291015624,-1.5818328857421875,-0.906982421875,0.089447021484375
1789222413147367200,51.3013671875,-1.1980743408203125,-0.909149169921875,0.05145263671875
1789222413157361200,51.31136108398437,-0.202178955078125,-0.472900390625,-0.2353973388671875
1789222413167355100,51.32135522460938,0.007843017578125,-1.051788330078125,-0.1735687255859375
1789222413177349000,51.33134912109375,-0.5014495849609375,-0.7823638916015625,0.25384521484375
1789222413187343000,51.341343017578126,-0.9444732666015625,-0.338134765625,0.41290283203125
1789222413197337000,51.35133715820312,-0.7772369384765625,-0.875213623046875,0.2663726806640625
1789222413207331000,51.3613310546875,0.088165283203125,-0.5907745361328125,0.057769775390625
1789222413217324300,51.37132421875,0.0677947998046875,-0.309417724609375,-0.0484466552734375
1789222413227318000,51.38131811523437,-1.1133575439453125,-0.549713134765625,-0.037353515625
1789222413237312500,51.3913125,-1.456329345703125,-1.0927581787109375,-0.0142822265625
1789222413247306500,51.40130639648437,-0.3551025390625,-0.6311798095703125,-0.05865478515625
1789222413257300700,51.41130078125,0.09686279296875,-0.378082275390625,-0.036712646484375
1789222413267294700,51.42129467773437,-0.576202392578125,-1.06646728515625,0.1507415771484375
1789222413277288700,51.43128881835938,-1.2905731201171875,-0.715911865234375,0.36932373046875
1789222413287282700,51.44128271484375,-1.1256561279296875,-0.5818023681640625,0.3216552734375
1789222413297275600,51.45127563476562,-0.5548248291015625,-1.132080078125,-0.014801025390625
1789222413307269600,51.46126953125,-0.12030029296875,-0.870361328125,-0.0796356201171875
1789222413317263600,51.471263671875,-0.6436004638671875,-0.67523193359375,0.16015625
1789222413327257600,51.481257568359375,-1.1470184326171875,-1.07464599609375,0.1794586181640625
1789222413337251600,51.49125146484375,-0.8721771240234375,-0.6580657958984375,-0.000091552734375
1789222413347245600,51.50124560546875,-0.6211700439453125,-0.9147491455078125,-0.07769775390625
1789222413357239800,51.51123974609375,-0.5216522216796875,-0.9733123779296875,-0.09033203125
1789222413367233800,51.52123388671875,-0.7825164794921875,-0.449859619140625,-0.001068115234375
1789222413377227500,51.5312275390625,-0.86492919921875,-0.975250244140625,0.1665191650390625
1789222413387220700,51.541220703125,-0.504669189453125,-0.6107177734375,0.247833251953125
1789222413397214700,51.551214599609374,-0.148651123046875,-0.650787353515625,0.1815032958984375
1789222413407208700,51.56120874023438,-0.6329193115234375,-0.8146514892578125,0.164337158203125
1789222413417202700,51.57120263671875,-1.3361663818359375,-0.7132110595703125,0.2200469970703125
1789222413427196700,51.58119677734375,-1.028839111328125,-0.880401611328125,0.0146942138671875
1789222413437190700,51.59119067382812,-0.5734710693359375,-0.69879150390625,-0.1363677978515625
1789222413447184600,51.6011845703125,-0.4522857666015625,-0.7711944580078125,-0.0637664794921875
1789222413457178600,51.6111787109375,-0.3927764892578125,-0.8053741455078125,0.0237884521484375
1789222413467171600,51.62117163085937,-0.414642333984375,-0.69647216796875,0.085662841796875
1789222413477165800,51.631165771484376,-0.723724365234375,-0.78643798828125,0.11236572265625
1789222413487159800,51.64115991210937,-0.8406524658203125,-0.8042449951171875,0.1298980712890625
1789222413497153800,51.65115380859375,-0.618896484375,-0.61602783203125,0.1029815673828125
1789222413507147500,51.6611474609375,-0.5557403564453125,-0.8835906982421875,-0.0027923583984375
1789222413517141500,51.6711416015625,-0.719970703125,-0.8875274658203125,0.006744384765625
1789222413527135500,51.68113549804688,-0.594818115234375,-0.6850433349609375,0.0729217529296875
1789222413537129700,51.691129638671875,-0.4217681884765625,-1.0166015625,-0.01519775390625
1789222413547122700,51.701122802734375,-0.050933837890625,-0.7604522705078125,-0.0598602294921875
1789222413557116700,51.71111669921875,-0.0244140625,-0.5393524169921875,0.0467681884765625
1789222413567110700,51.721110595703124,-0.785186767578125,-0.715606689453125,0.16961669921875
1789222413577104600,51.73110473632813,-1.5551300048828125,-0.7591094970703125,0.224090576171875
1789222413587098600,51.7410986328125,-1.0167388916015625,-0.6162261962890625,0.1007080078125
1789222413597092600,51.751092529296876,-0.5484161376953125,-0.703125,-0.0804443359375
1789222413607086600,51.76108666992187,-0.630767822265625,-1.1136627197265625,-0.17901611328125
1789222413617080600,51.77108056640625,-0.971588134765625,-0.79010009765625,-0.10589599609375
1789222413627073500,51.781073486328125,-1.041656494140625,-0.6506195068359375,0.1182403564453125
1789222413637067500,51.79106762695312,-0.4287567138671875,-1.0554656982421875,0.1203460693359375
1789222413647061500,51.8010615234375,0.20062255859375,-0.5167694091796875,0.089263916015625
1789222413657055700,51.8110556640625,-0.4058685302734375,-0.2236785888671875,0.2717742919921875
1789222413667049700,51.8210498046875,-1.2554473876953125,-0.6882476806640625,0.2756805419921875
1789222413677043700,51.83104370117187,-0.85980224609375,-0.6922607421875,-0.1013336181640625
1789222413687037700,51.84103759765625,-0.450927734375,-0.278045654296875,-0.2581634521484375
1789222413697031700,51.85103173828125,-0.6730804443359375,-0.933380126953125,-0.1312255859375
1789222413707025400,51.861025390625,-0.830841064453125,-0.636993408203125,-0.072845458984375
1789222413717018600,51.8710185546875,-1.0856170654296875,-0.597869873046875,0.0227508544921875
1789222413727012600,51.8810126953125,-0.898101806640625,-1.0309295654296875,0.1112518310546875
1789222413737006600,51.891006591796874,-0.2991180419921875,-0.7547454833984375,0.110015869140625
1789222413747000600,51.90100048828125,-0.2690277099609375,-0.7516937255859375,0.16778564453125
1789222413756994800,51.910994873046874,-0.5771026611328125,-0.783599853515625,0.2704010009765625
1789222413766988800,51.92098876953125,-0.6242523193359375,-0.677642822265625,0.30474853515625
1789222413776982500,51.930982421875,-0.286590576171875,-0.6667022705078125,0.0479736328125
1789222413786976500,51.9409765625,-0.4231109619140625,-0.875396728515625,-0.2299041748046875
1789222413796969700,51.9509697265625,-1.111114501953125,-0.645355224609375,-0.2205352783203125
1789222413806963700,51.96096362304687,-1.611572265625,-0.8715972900390625,-0.0629119873046875
1789222413816957700,51.970957763671876,-1.2698516845703125,-0.8773651123046875,-0.044403076171875
1789222413826951700,51.98095166015625,-0.3024139404296875,-0.97052001953125,-0.097412109375
1789222413836945400,51.9909453125,0.4136810302734375,-0.7044219970703125,-0.0365447998046875
1789222413846939600,52.00093969726562,-0.2335968017578125,-0.6877288818359375,0.182525634765625
1789222413856933600,52.01093359375,-1.022430419921875,-0.874725341796875,0.2793426513671875
1789222413866927600,52.020927734375,-0.660491943359375,-0.824432373046875,0.1279296875
1789222413876920600,52.03092065429688,0.02886962890625,-0.7076873779296875,-0.0352783203125
1789222413886914800,52.040914794921875,-0.4292144775390625,-0.4275665283203125,-0.048492431640625
1789222413896908800,52.05090869140625,-1.5611724853515625,-0.7528533935546875,0.0364532470703125
1789222413906902500,52.060902587890624,-1.5430145263671875,-0.87847900390625,0.00286865234375
1789222413916896500,52.070896484375,-0.6841583251953125,-0.7453460693359375,-0.2165374755859375
1789222413926890500,52.08089038085937,-0.28289794921875,-0.8911285400390625,-0.264892578125
1789222413936884700,52.090884765625,-0.7098236083984375,-0.6408538818359375,-0.0263214111328125
1789222413946878700,52.10087866210937,-1.0583343505859375,-0.97723388671875,0.259857177734375
1789222413956872700,52.11087280273438,-0.71392822265625,-0.713134765625,0.2912139892578125
1789222413966865700,52.12086572265625,-0.1920928955078125,-0.530303955078125,0.133087158203125
1789222413976859600,52.13085961914062,-0.4547119140625,-0.998565673828125,0.0341033935546875
1789222413986853600,52.140853515625,-1.03228759765625,-0.7242584228515625,-0.0030670166015625
1789222413996847600,52.15084765625,-0.8756256103515625,-0.972930908203125,-0.058013916015625
1789222414006841600,52.160841552734375,-0.1791534423828125,-0.690673828125,-0.0823516845703125
1789222414016835600,52.17083569335937,-0.0321807861328125,-0.5396728515625,-0.0108184814453125
1789222414026829800,52.180829833984376,-0.7338409423828125,-1.0081787109375,0.1527557373046875
1789222414036823800,52.19082373046875,-1.090423583984375,-0.4830169677734375,0.3520050048828125
1789222414046816500,52.20081640625,-0.9024505615234375,-0.622955322265625,0.167144775390625
1789222414056810500,52.210810546875,-0.33087158203125,-1.17047119140625,-0.1719818115234375
1789222414066804700,52.2208046875,-0.37762451171875,-0.633880615234375,-0.1119537353515625
1789222414076798700,52.230798828125,-0.844451904296875,-0.831146240234375,0.0049896240234375
1789222414086792700,52.24079272460938,-0.7083282470703125,-0.9726409912109375,-0.119659423828125
1789222414096786700,52.25078662109375,-0.5980377197265625,-0.664306640625,-0.1114349365234375
1789222414106780400,52.26078051757813,-0.9878997802734375,-0.7607421875,0.16448974609375
1789222414116774700,52.27077465820312,-0.902130126953125,-0.827728271484375,0.314544677734375
1789222414126767600,52.280767578125,-0.242889404296875,-0.5453033447265625,0.1703643798828125
1789222414136761600,52.29076171875,0.0427093505859375,-0.54266357421875,0.076568603515625
1789222414146755600,52.30075561523437,-0.309844970703125,-0.5551605224609375,0.05078125
1789222414156749800,52.310749755859376,-0.9471588134765625,-0.7987060546875,-0.075714111328125
1789222414166743800,52.32074389648437,-1.2559356689453125,-0.6838836669921875,-0.14520263671875
1789222414176737500,52.330737548828125,-1.1667633056640625,-0.813720703125,-0.02178955078125
1789222414186731500,52.3407314453125,-0.8062591552734375,-1.0082855224609375,0.10272216796875
1789222414196725500,52.3507255859375,-0.4442901611328125,-0.590301513671875,0.2011871337890625
1789222414206719700,52.3607197265625,-0.3716278076171875,-0.9591217041015625,0.331787109375
1789222414216712700,52.37071264648438,-0.342193603515625,-0.7747955322265625,0.2595672607421875
1789222414226706700,52.380706787109375,-0.331085205078125,-0.8080291748046875,0.028900146484375
1789222414236700400,52.39070043945313,-0.3708343505859375,-0.5010833740234375,-0.00201416015625
1789222414246694700,52.400694580078124,-0.3597412109375,-0.4924468994140625,0.06280517578125
1789222414256688600,52.41068872070313,-0.9335784912109375,-0.951263427734375,0.069976806640625
1789222414266682600,52.4206826171875,-1.625762939453125,-0.6656646728515625,0.1332244873046875
1789222414276676600,52.43067651367188,-1.3900909423828125,-0.746612548828125,0.1000213623046875
1789222414286670600,52.44067065429687,-0.679473876953125,-0.9681854248046875,-0.1675262451171875
1789222414296663800,52.450663818359374,-0.2954559326171875,-1.112060546875,-0.2905731201171875
1789222414306657500,52.460657470703126,-0.6226806640625,-0.7198944091796875,0.0050506591796875
1789222414316651500,52.47065161132812,-1.0479278564453125,-0.83770751953125,0.41912841796875
1789222414326645500,52.4806455078125,-0.251800537109375,-0.7672882080078125,0.408660888671875
1789222414336639700,52.4906396484375,0.4924774169921875,-0.279388427734375,0.1988677978515625
1789222414346633700,52.5006337890625,-0.488372802734375,-0.4939117431640625,0.2207183837890625
1789222414356627700,52.51062768554687,-1.4742584228515625,-0.9769744873046875,0.1452789306640625
1789222414366621700,52.52062158203125,-1.0458526611328125,-0.684783935546875,-0.295623779296875
1789222414376614700,52.53061474609375,-0.5101776123046875,-0.802825927734375,-0.5300140380859375
1789222414386608600,52.54060864257813,-0.6114044189453125,-1.0113983154296875,-0.224395751953125
1789222414396602600,52.5506025390625,-1.0014495849609375,-0.5265960693359375,0.2789764404296875
1789222414406596600,52.5605966796875,-0.628326416015625,-0.886322021484375,0.362579345703125
1789222414416590600,52.570590576171874,0.268524169921875,-0.7546844482421875,0.1240997314453125
1789222414426584800,52.58058471679688,0.01116943359375,-0.3605499267578125,0.0477447509765625
1789222414436578800,52.590578857421875,-1.1379852294921875,-0.8590240478515625,0.0557403564453125
1789222414446572500,52.60057250976563,-1.57061767578125,-1.0892486572265625,-0.037445068359375
1789222414456566500,52.61056640625,-0.85357666015625,-0.7203521728515625,-0.106475830078125
1789222414466559700,52.620559814453124,-0.126495361328125,-0.750579833984375,-0.20159912109375
1789222414476553700,52.6305537109375,-0.1384429931640625,-0.9902801513671875,-0.157196044921875
1789222414486547700,52.64054760742187,-0.951385498046875,-0.4975433349609375,0.1151580810546875
1789222414496541700,52.65054174804688,-1.499267578125,-0.7647552490234375,0.254241943359375
1789222414506535400,52.66053540039063,-1.04681396484375,-1.0738067626953125,0.1563262939453125
1789222414516529700,52.67052978515625,-0.1640777587890625,-0.5710906982421875,0.0640869140625
1789222414526523600,52.68052368164062,-0.1009368896484375,-0.708465576171875,0.0702667236328125
1789222414536517600,52.690517578125,-0.950592041015625,-0.8682098388671875,0.2253570556640625
1789222414546510600,52.700510498046874,-1.067779541015625,-0.9463348388671875,0.1972198486328125
1789222414556504800,52.7105048828125,-0.399383544921875,-0.7090301513671875,-0.008819580078125
1789222414566498800,52.720498779296875,-0.117431640625,-0.6167449951171875,-0.070892333984375
1789222414576492500,52.73049243164063,-0.6452178955078125,-0.9545135498046875,0.068817138671875
1789222414586486500,52.740486572265624,-1.191009521484375,-0.4595947265625,0.20916748046875
1789222414596480500,52.75048046875,-1.0360870361328125,-0.619842529296875,0.1338348388671875
1789222414606474800,52.760474853515625,-0.2604522705078125,-0.800018310546875,-0.075042724609375
1789222414616468700,52.77046875,-0.2201080322265625,-0.6815643310546875,-0.1075439453125
1789222414626462700,52.780462646484374,-1.0636138916015625,-0.6982879638671875,0.096038818359375
1789222414636455400,52.79045532226562,-1.2333221435546875,-0.52545166015625,0.1806182861328125
1789222414646449700,52.80044970703125,-0.475006103515625,-1.132598876953125,0.027923583984375
1789222414656443600,52.81044360351562,-0.050689697265625,-0.6479034423828125,-0.008941650390625
1789222414666437600,52.82043774414063,-0.6889190673828125,-0.56134033203125,0.1290130615234375
1789222414676431600,52.830431640625,-1.1501922607421875,-0.9884490966796875,0.1738739013671875
1789222414686425600,52.840425537109375,-0.664703369140625,-0.5638427734375,0.097076416015625
1789222414696419800,52.850419921875,-0.3174285888671875,-0.7670745849609375,0.015228271484375
1789222414706413800,52.860413818359376,-0.302947998046875,-0.70721435546875,0.01727294921875
1789222414716406500,52.870406494140624,-0.126007080078125,-0.7274627685546875,0.027984619140625
1789222414726400500,52.880400390625,-0.0938568115234375,-0.660797119140625,0.008697509765625
1789222414736394800,52.890394775390625,-0.7794189453125,-0.449188232421875,0.12579345703125
1789222414746388700,52.900388671875,-1.6279144287109375,-0.829498291015625,0.289764404296875
1789222414756382700,52.9103828125,-0.9119110107421875,-0.8282470703125,0.2413177490234375
1789222414766376700,52.92037670898438,0.36260986328125,-0.7311859130859375,-0.0741119384765625
1789222414776370400,52.93037036132812,-0.0806732177734375,-0.758697509765625,-0.13446044921875
1789222414786364700,52.94036474609375,-1.4874114990234375,-1.0537261962890625,0.1756591796875
1789222414796358700,52.950358642578124,-1.762481689453125,-0.527130126953125,0.261749267578125
1789222414806351600,52.9603515625,-0.5385894775390625,-0.8879547119140625,-0.10552978515625
1789222414816345600,52.970345703125,0.433990478515625,-0.7808380126953125,-0.228118896484375
1789222414826339800,52.98033984375,-0.3485260009765625,-0.376556396484375,0.052734375
1789222414836333800,52.99033374023438,-1.8338775634765625,-0.956512451171875,0.3444366455078125
1789222414846327600,53.00032763671875,-1.52685546875,-0.817413330078125,0.2601776123046875
1789222414856321500,53.010321533203125,-0.3571624755859375,-0.7790985107421875,-0.0688934326171875
1789222414866315500,53.0203154296875,-0.097503662109375,-0.814971923828125,-0.1156158447265625
1789222414876309800,53.030309814453126,-0.746978759765625,-0.7358856201171875,0.1722869873046875
1789222414886302700,53.040302734375,-1.06610107421875,-0.9369354248046875,0.307861328125
1789222414896296700,53.05029663085938,-0.3413543701171875,-0.563720703125,0.2344207763671875
1789222414906290400,53.06029052734375,0.116943359375,-0.609771728515625,0.11737060546875
1789222414916284700,53.07028466796875,-0.301116943359375,-0.8052215576171875,0.05303955078125
1789222414926278700,53.080278564453124,-1.1787109375,-0.4386444091796875,0.037994384765625
1789222414936272600,53.09027270507813,-1.7108917236328125,-0.7931671142578125,0.05010986328125
1789222414946266600,53.1002666015625,-0.89593505859375,-0.9141998291015625,-0.0114898681640625
1789222414956260600,53.11026049804688,-0.105438232421875,-0.817657470703125,-0.08160400390625
1789222414966254600,53.120254638671874,-0.1528167724609375,-0.82666015625,0.145904541015625
1789222414976247600,53.13024755859375,-0.6702728271484375,-0.6382293701171875,0.393310546875
1789222414986241500,53.140241455078126,-0.8227691650390625,-1.0083160400390625,0.2930908203125
1789222414996235500,53.15023559570312,-0.2406158447265625,-0.7245330810546875,0.0764617919921875
1789222415006229800,53.16022973632813,-0.37762451171875,-0.5048675537109375,0.074066162109375
1789222415016223700,53.1702236328125,-0.9179840087890625,-0.934051513671875,0.1521148681640625
1789222415026217700,53.1802177734375,-0.6050872802734375,-0.617645263671875,0.13470458984375
1789222415036211700,53.19021166992187,-0.4741668701171875,-0.5148468017578125,0.0230712890625
1789222415046205700,53.200205810546876,-1.0812225341796875,-1.0914154052734375,0.000762939453125
1789222415056199400,53.21019946289063,-1.03802490234375,-0.907745361328125,0.05694580078125
1789222415066192600,53.22019262695313,-0.2356109619140625,-0.7848968505859375,-0.054656982421875
1789222415076186600,53.2301865234375,0.1245269775390625,-0.6251983642578125,-0.00128173828125
1789222415086180600,53.2401806640625,-0.3658294677734375,-0.5624847412109375,0.3637847900390625
1789222415096174600,53.250174560546874,-1.052886962890625,-0.884124755859375,0.58929443359375
1789222415106168800,53.2601689453125,-0.9800262451171875,-0.8676300048828125,0.3884735107421875
1789222415116162600,53.27016259765625,-0.6858367919921875,-0.5140533447265625,0.055511474609375
1789222415126156500,53.28015649414063,-0.73492431640625,-0.89935302734375,-0.19921875
1789222415136150500,53.290150634765624,-0.551300048828125,-0.97021484375,-0.2406463623046875
1789222415146143700,53.300143798828124,-0.24774169921875,-0.4277801513671875,-0.093292236328125
1789222415156137700,53.3101376953125,-0.7135162353515625,-0.8332366943359375,0.1045379638671875
1789222415166131700,53.32013159179687,-1.0325164794921875,-0.721588134765625,0.2867279052734375
1789222415176125400,53.33012548828125,-0.660614013671875,-0.5523223876953125,0.2637939453125
1789222415186119700,53.34011962890625,-0.613250732421875,-0.91943359375,0.181396484375
1789222415196113700,53.35011376953125,-0.8725433349609375,-0.4650421142578125,0.1803436279296875
1789222415206107600,53.36010766601562,-0.8058013916015625,-0.9653167724609375,0.087249755859375
1789222415216101600,53.3701015625,-0.076019287109375,-0.645538330078125,0.022186279296875
1789222415226095600,53.380095703125,-0.2332611083984375,-0.3941497802734375,0.04736328125
1789222415236088600,53.39008862304688,-1.30035400390625,-1.0805816650390625,0.181915283203125
1789222415246082600,53.40008251953125,-1.3599700927734375,-0.8449554443359375,0.3004913330078125
1789222415256076500,53.41007666015625,-0.2754669189453125,-0.4397125244140625,0.1147613525390625
1789222415266070500,53.420070556640624,-0.08929443359375,-0.7407073974609375,-0.0562896728515625
1789222415276064500,53.430064453125,-0.6164093017578125,-1.0139617919921875,0.1353912353515625
1789222415286058800,53.440058837890625,-0.803253173828125,-0.332183837890625,0.2519378662109375
1789222415296052500,53.45005249023438,-0.8517913818359375,-0.9071807861328125,0.16986083984375
1789222415306046500,53.46004638671875,-0.402252197265625,-1.01556396484375,0.065521240234375
1789222415316040400,53.47004052734375,-0.0596771240234375,-0.45587158203125,0.1064910888671875
1789222415326033700,53.48003369140625,-0.4266815185546875,-0.7565765380859375,0.226348876953125
1789222415336027600,53.49002758789062,-0.754150390625,-0.654052734375,0.2396240234375
1789222415346021600,53.50002172851563,-0.9444427490234375,-0.557464599609375,0.2330169677734375
1789222415356015400,53.51001538085937,-0.9174346923828125,-0.7695159912109375,0.1920928955078125
1789222415366009600,53.520009521484376,-0.6670074462890625,-0.9592742919921875,0.00018310546875
1789222415376003600,53.53000366210937,-0.66644287109375,-0.7489471435546875,-0.1108551025390625
1789222415385997600,53.53999755859375,-1.0840301513671875,-0.5993194580078125,0.0101165771484375
1789222415395991600,53.54999145507813,-1.1844329833984375,-0.915069580078125,0.082550048828125
1789222415405985500,53.559985595703125,-0.625091552734375,-0.9534759521484375,0.01763916015625
1789222415415978800,53.569978759765625,-0.285888671875,-0.383453369140625,-0.0841217041015625
1789222415425972500,53.57997241210938,-0.8030853271484375,-0.768768310546875,-0.0968170166015625
1789222415435966500,53.589966552734374,-1.267608642578125,-1.085723876953125,-0.0096893310546875
1789222415445960400,53.59996044921875,-1.007110595703125,-0.7673187255859375,0.136688232421875
1789222415455954400,53.60995434570312,-0.3597564697265625,-0.841217041015625,0.0604400634765625
1789222415465948700,53.61994873046875,-0.1368560791015625,-0.93505859375,0.026824951171875
1789222415475942700,53.629942626953124,-0.6305999755859375,-0.509246826171875,0.2217254638671875
1789222415485936600,53.6399365234375,-0.8081512451171875,-0.7032318115234375,0.10406494140625
1789222415495930600,53.6499306640625,-0.449951171875,-0.92047119140625,-0.2322235107421875
1789222415505923600,53.65992358398437,-0.45916748046875,-0.6391143798828125,-0.18975830078125
1789222415515917600,53.66991748046875,-1.0481414794921875,-0.951324462890625,0.064239501953125
1789222415525911600,53.67991162109375,-1.204803466796875,-0.9388580322265625,0.16778564453125
1789222415535905500,53.689905517578126,-0.3595428466796875,-0.7407989501953125,0.1195068359375
1789222415545899500,53.6998994140625,0.10406494140625,-0.857391357421875,0.02593994140625
1789222415555893800,53.709893798828126,-0.4026947021484375,-0.752349853515625,0.0829315185546875
1789222415565887500,53.71988745117188,-0.8489532470703125,-0.8005218505859375,0.16497802734375
1789222415575881500,53.729881591796875,-0.529205322265625,-0.7219696044921875,0.175628662109375
1789222415585875500,53.73987548828125,-0.19659423828125,-0.31536865234375,0.1033172607421875
1789222415595868700,53.74986865234375,-0.3860321044921875,-0.583099365234375,-0.0155792236328125
1789222415605862700,53.759862548828124,-1.1379852294921875,-0.7769317626953125,-0.079925537109375
1789222415615856600,53.76985668945313,-1.8627471923828125,-0.9412078857421875,-0.1079864501953125
1789222415625850600,53.7798505859375,-1.5013580322265625,-1.023406982421875,-0.140045166015625
1789222415635844400,53.78984423828125,-0.20806884765625,-0.76312255859375,-0.10528564453125
1789222415645838600,53.799838623046874,0.64447021484375,-0.77392578125,0.0394439697265625
1789222415655832600,53.80983251953125,0.1468353271484375,-0.5394134521484375,0.3631134033203125
1789222415665826600,53.81982666015625,-1.2361297607421875,-0.7672882080078125,0.586578369140625
1789222415675820500,53.82982055664063,-1.742889404296875,-1.0391845703125,0.4010009765625
1789222415685813800,53.83981372070313,-1.024871826171875,-0.65753173828125,0.049591064453125
1789222415695807500,53.84980737304687,-0.1841583251953125,-0.87921142578125,-0.21881103515625
1789222415705801500,53.859801513671876,0.3096771240234375,-0.57537841796875,-0.216949462890625
1789222415715795500,53.86979541015625,-0.3334197998046875,-0.3252410888671875,-0.0764617919921875
1789222415725789400,53.87978955078125,-1.209136962890625,-1.1425628662109375,0.0793304443359375
1789222415735783700,53.88978369140625,-0.74273681640625,-0.555267333984375,0.086151123046875
1789222415745777700,53.899777587890625,-0.460601806640625,-0.436279296875,-0.0434722900390625
1789222415755771600,53.90977172851562,-0.866790771484375,-0.9649810791015625,0.1346893310546875
1789222415765765600,53.919765625,-0.7721710205078125,-0.7333526611328125,0.3689117431640625
1789222415775758600,53.929758544921874,-0.316680908203125,-0.689483642578125,0.21649169921875
1789222415785752600,53.93975268554688,-0.3619384765625,-0.653228759765625,-0.04156494140625
1789222415795746600,53.94974658203125,-0.8927459716796875,-0.9665374755859375,-0.014434814453125
1789222415805740500,53.95974047851563,-1.06170654296875,-0.8676910400390625,0.031890869140625
1789222415815734500,53.969734619140624,-0.7369537353515625,-0.5734100341796875,-0.069610595703125
1789222415825728800,53.97972875976563,-0.6295318603515625,-0.7376861572265625,-0.04327392578125
1789222415835722500,53.98972241210937,-0.80426025390625,-0.8853912353515625,0.126983642578125
1789222415845716500,53.99971655273438,-0.4889068603515625,-0.6365966796875,0.0757598876953125
1789222415855710500,54.00971044921875,-0.5436859130859375,-0.66070556640625,-0.16619873046875
1789222415865704400,54.019704345703126,-1.1578369140625,-1.0480194091796875,-0.054534912109375
1789222415875697700,54.02969775390625,-0.7798309326171875,-1.127960205078125,0.1464385986328125
1789222415885691600,54.03969165039062,0.219757080078125,-0.73187255859375,0.0583953857421875
1789222415895685600,54.049685546875,0.1508331298828125,-0.6918182373046875,0.0782012939453125
1789222415905679400,54.05967944335937,-0.5836639404296875,-0.66009521484375,0.3400726318359375
1789222415915673600,54.069673583984375,-0.6932830810546875,-0.6423797607421875,0.35888671875
1789222415925667600,54.07966748046875,-0.6284942626953125,-0.809173583984375,0.0086822509765625
1789222415935661600,54.08966162109375,-1.3838958740234375,-0.8641510009765625,-0.101715087890625
1789222415945655600,54.09965551757813,-1.3385467529296875,-0.924285888671875,-0.0964508056640625
1789222415955649500,54.1096494140625,-0.3528289794921875,-0.74700927734375,-0.2661895751953125
1789222415965642500,54.119642578125,-0.2577362060546875,-0.7996978759765625,-0.2898406982421875
1789222415975636500,54.12963647460938,-0.9682464599609375,-0.637542724609375,0.2036895751953125
1789222415985630500,54.13963037109375,-1.2469329833984375,-0.523590087890625,0.5164642333984375
1789222415995624400,54.14962451171875,-0.373809814453125,-0.926055908203125,0.2135772705078125
1789222416005618700,54.15961865234375,0.2778167724609375,-0.6140899658203125,-0.0807952880859375
1789222416015612700,54.16961279296875,-0.37884521484375,-0.29595947265625,0.127838134765625
1789222416025606700,54.179606689453124,-1.270751953125,-0.9708404541015625,0.2950286865234375
1789222416035600600,54.1896005859375,-0.942596435546875,-0.8387451171875,0.073028564453125
1789222416045594400,54.19959448242187,-0.4007720947265625,-0.3294525146484375,-0.054412841796875
1789222416055587600,54.20958764648437,-0.565582275390625,-0.84869384765625,-0.05609130859375
1789222416065581600,54.21958154296875,-0.5342254638671875,-0.727020263671875,-0.1262664794921875
1789222416075575600,54.22957543945312,-0.337921142578125,-0.55908203125,-0.12188720703125
1789222416085569500,54.239569580078125,-0.980682373046875,-0.7589111328125,-0.01324462890625
1789222416095563800,54.24956372070312,-1.4673309326171875,-1.1618804931640625,0.19390869140625
1789222416105557800,54.259557861328126,-0.630279541015625,-0.9271392822265625,0.3261566162109375
1789222416115551500,54.26955151367188,0.2127227783203125,-0.4101104736328125,0.1204071044921875
1789222416125545500,54.27954541015625,-0.208740234375,-1.070587158203125,-0.0329437255859375
1789222416135539500,54.28953955078125,-0.992279052734375,-1.0177459716796875,0.148529052734375
1789222416145533400,54.299533447265624,-1.3149871826171875,-0.3402557373046875,0.1964569091796875
1789222416155526700,54.309526611328124,-0.9056854248046875,-0.9774627685546875,-0.0634307861328125
1789222416165520600,54.31952075195313,-0.1239166259765625,-0.5127716064453125,-0.1658782958984375
1789222416175514400,54.32951440429687,-0.6722412109375,-0.7014007568359375,-0.05389404296875
1789222416185508600,54.33950854492188,-1.1996002197265625,-1.0646514892578125,0.0542144775390625
1789222416195502600,54.349502685546874,-0.7513580322265625,-0.375823974609375,0.020751953125
1789222416205496600,54.35949658203125,-0.2034149169921875,-1.0506439208984375,0.019195556640625
1789222416215490600,54.36949047851562,-0.072906494140625,-0.643157958984375,0.167999267578125
1789222416225484500,54.37948461914063,-0.776947021484375,-0.446502685546875,0.4058837890625
1789222416235477800,54.38947778320313,-1.2762298583984375,-0.8436431884765625,0.3625030517578125
1789222416245471700,54.3994716796875,-1.159698486328125,-0.8876495361328125,0.05694580078125
1789222416255464700,54.40946459960937,-0.4450531005859375,-1.2423553466796875,-0.1003570556640625
1789222416265459000,54.419458984375,-0.05499267578125,-0.2684478759765625,-0.0603179931640625
1789222416275453000,54.42945288085937,-0.689544677734375,-0.6334686279296875,0.0317840576171875
1789222416285447000,54.439447021484376,-0.9821319580078125,-1.227294921875,0.1697998046875
1789222416295440600,54.44944067382813,-0.6905670166015625,-0.099884033203125,0.2259368896484375
1789222416305434600,54.4594345703125,-0.63629150390625,-0.9678955078125,0.0155181884765625
1789222416315428600,54.4694287109375,-0.610870361328125,-1.063812255859375,-0.0965118408203125
1789222416325422800,54.4794228515625,-0.9140167236328125,-0.3544158935546875,0.0639495849609375
1789222416335416800,54.48941674804688,-1.0242919921875,-0.97943115234375,0.120147705078125
1789222416345410800,54.499410888671875,-0.4973907470703125,-0.8799285888671875,0.06475830078125
1789222416355403800,54.50940380859375,-0.3435516357421875,-0.7652587890625,-0.0013580322265625
1789222416365397800,54.51939770507813,-0.6628265380859375,-0.8856201171875,0.01318359375
1789222416375391700,54.529391845703124,-0.9053802490234375,-0.628021240234375,0.101470947265625
1789222416385385700,54.5393857421875,-0.7354888916015625,-0.8863372802734375,0.092315673828125
1789222416395379700,54.54937963867187,-0.400421142578125,-0.665924072265625,0.100982666015625
1789222416405373700,54.55937377929688,-0.6406402587890625,-0.4504547119140625,0.0992279052734375
1789222416415368000,54.56936791992187,-0.98712158203125,-1.157440185546875,-0.0076904296875
1789222416425362000,54.57936181640625,-0.9724578857421875,-0.694305419921875,-0.074951171875
1789222416435355600,54.58935571289062,-0.778076171875,-1.0306396484375,-0.0575103759765625
1789222416445348900,54.59934887695312,-0.231597900390625,-0.8809814453125,0.0709686279296875
1789222416455342800,54.6093427734375,-0.147979736328125,-0.4783782958984375,0.31085205078125
1789222416465336800,54.6193369140625,-0.5648193359375,-0.883026123046875,0.4556121826171875
1789222416475330800,54.629330810546875,-0.7017822265625,-0.6115875244140625,0.3292694091796875
1789222416485324800,54.63932470703125,-0.55718994140625,-0.629852294921875,-0.0743255615234375
1789222416495318500,54.649318603515624,-0.5814208984375,-0.8303680419921875,-0.268707275390625
1789222416505312800,54.65931274414063,-0.7263946533203125,-0.5635833740234375,-0.1221771240234375
1789222416515306800,54.669306640625,-1.056854248046875,-0.785400390625,0.124237060546875
1789222416525300700,54.67930078125,-0.715484619140625,-0.69232177734375,0.2386474609375
1789222416535294700,54.689294677734374,-0.4559783935546875,-0.4336700439453125,0.1751251220703125
1789222416545288000,54.699287841796874,-0.63751220703125,-1.2017364501953125,-0.0287322998046875
1789222416555282000,54.70928198242188,-0.7675628662109375,-0.85504150390625,-0.176116943359375
1789222416565275600,54.71927563476562,-0.9359130859375,-0.6751251220703125,-0.0386199951171875
1789222416575269600,54.72926953125,-0.69134521484375,-1.0959625244140625,0.0759735107421875
1789222416585263600,54.739263671875,0.24462890625,-0.6532440185546875,0.1689910888671875
1789222416595257900,54.7492578125,0.313323974609375,-0.330535888671875,0.260772705078125
1789222416605251800,54.759251953125,-1.1855926513671875,-0.6658935546875,0.279266357421875
1789222416615245800,54.769245849609376,-1.90850830078125,-0.8140869140625,0.0506744384765625
1789222416625239800,54.77923974609375,-0.7617950439453125,-0.7031707763671875,-0.28326416015625
1789222416635233800,54.78923388671875,0.103912353515625,-0.4416046142578125,-0.445587158203125
1789222416645226800,54.799226806640625,-0.503753662109375,-1.067230224609375,-0.2641143798828125
1789222416655220700,54.809220703125,-1.3673095703125,-1.036529541015625,0.28338623046875
1789222416665214700,54.819214599609374,-0.721527099609375,-0.543548583984375,0.3596954345703125
1789222416675208700,54.82920874023438,0.052642822265625,-1.2676544189453125,0.008056640625
1789222416685203000,54.839202880859375,-0.0271759033203125,-0.8059844970703125,-0.0281982421875
1789222416695197000,54.84919702148437,-0.6466827392578125,-0.4044342041015625,0.2122344970703125
1789222416705190700,54.859190673828124,-0.8607025146484375,-0.8116912841796875,0.0993804931640625
1789222416715184600,54.8691845703125,-0.7855224609375,-0.747589111328125,-0.0664215087890625
1789222416725178600,54.8791787109375,-0.9448089599609375,-0.685211181640625,-0.0305633544921875
1789222416735172900,54.8891728515625,-0.7194061279296875,-1.138397216796875,-0.12078857421875
1789222416745165800,54.89916577148438,-0.475982666015625,-0.6806640625,-0.2581634521484375
1789222416755159800,54.909159912109374,-0.603912353515625,-0.684173583984375,-0.21661376953125
1789222416765153800,54.91915380859375,-0.8873443603515625,-0.9529266357421875,0.1482391357421875
1789222416775147800,54.92914770507812,-0.4949188232421875,-0.4892578125,0.353790283203125
1789222416785141800,54.939141845703126,-0.0343170166015625,-0.8827972412109375,0.1578216552734375
1789222416795135700,54.9491357421875,-0.511077880859375,-0.6456146240234375,0.0902862548828125
1789222416805129700,54.959129638671875,-1.1578216552734375,-0.7425384521484375,0.109649658203125
1789222416815123700,54.96912377929687,-0.980072021484375,-1.144256591796875,-0.133026123046875
1789222416825118000,54.979117919921876,-0.5173797607421875,-0.7070159912109375,-0.2810821533203125
1789222416835112000,54.98911181640625,-0.5346832275390625,-0.9858856201171875,-0.059112548828125
1789222416845106000,54.99910595703125,-0.7922210693359375,-0.79931640625,0.2389068603515625
1789222416855098600,55.0090986328125,-0.821044921875,-0.7140045166015625,0.2936859130859375
1789222416865092900,55.0190927734375,-0.5835418701171875,-0.6505889892578125,0.11944580078125
1789222416875086800,55.0290869140625,-0.324798583984375,-0.767181396484375,-0.0773468017578125
1789222416885080800,55.03908081054688,-0.33221435546875,-0.9071807861328125,-0.1331024169921875
1789222416895074800,55.04907470703125,-0.6244049072265625,-0.4755401611328125,-0.0678253173828125
1789222416905068800,55.05906884765625,-0.9229278564453125,-0.8179931640625,0.031494140625
1789222416915062800,55.06906274414062,-0.6249542236328125,-0.8156280517578125,0.158233642578125
1789222416925056800,55.07905688476563,-0.5845184326171875,-0.4985198974609375,0.117218017578125
1789222416935050800,55.08905078125,-1.1497802734375,-0.922393798828125,0.07257080078125
1789222416945044700,55.099044677734376,-1.01849365234375,-0.9033355712890625,0.109344482421875
1789222416955038000,55.10903784179688,-0.324005126953125,-0.5088348388671875,0.0280914306640625
1789222416965032000,55.11903198242187,0.132781982421875,-0.703094482421875,-0.03863525390625
1789222416975025700,55.129025634765625,-0.0318450927734375,-0.3250885009765625,0.158721923828125
1789222416985019600,55.13901953125,-0.5391998291015625,-0.4384307861328125,0.3127288818359375
1789222416995013600,55.149013671875,-0.7309722900390625,-0.70623779296875,0.1323089599609375
1789222417005007600,55.15900756835938,-0.8047027587890625,-0.4335784912109375,-0.02215576171875
1789222417015001900,55.169001953125,-1.143585205078125,-0.826324462890625,0.115325927734375
1789222417024995800,55.17899584960937,-1.1214141845703125,-0.8288116455078125,0.2354888916015625
1789222417034989800,55.18898974609375,-0.47705078125,-0.83306884765625,0.2010955810546875
1789222417044983800,55.19898388671875,-0.051971435546875,-0.7705078125,0.1553192138671875
1789222417054976800,55.20897680664063,-0.3920745849609375,-0.597412109375,0.21820068359375
1789222417064970800,55.218970703125,-1.25286865234375,-0.828399658203125,0.2674102783203125
1789222417074964700,55.22896484375,-1.3852996826171875,-0.98077392578125,0.057861328125
1789222417084958700,55.238958740234374,-0.6655120849609375,-0.5749053955078125,-0.041290283203125
1789222417094952700,55.24895263671875,-0.0316619873046875,-0.63238525390625,-0.0080108642578125
1789222417104947000,55.258947021484374,-0.1043853759765625,-0.625701904296875,-0.065643310546875
1789222417114941000,55.26894091796875,-0.9075164794921875,-0.69366455078125,-0.06085205078125
1789222417124934700,55.2789345703125,-1.228485107421875,-0.714630126953125,-0.00439453125
1789222417134928600,55.2889287109375,-0.9510650634765625,-0.6053466796875,-0.1369781494140625
1789222417144922600,55.29892260742187,-0.5200653076171875,-0.9687042236328125,-0.2413177490234375
1789222417154916900,55.308916748046876,-0.6724395751953125,-0.668701171875,0.1297760009765625
1789222417164909800,55.318909912109376,-0.98394775390625,-0.7179107666015625,0.4603424072265625
1789222417174903800,55.32890380859375,-0.698486328125,-0.9204254150390625,0.190216064453125
1789222417184897500,55.3388974609375,-0.337982177734375,-0.7569580078125,-0.163299560546875
1789222417194891800,55.34889184570312,-0.4990997314453125,-0.96966552734375,-0.20501708984375
1789222417204885800,55.3588857421875,-0.9723052978515625,-0.977294921875,-0.1650238037109375
1789222417214879700,55.36887963867188,-0.9447784423828125,-0.6874847412109375,-0.0954132080078125
1789222417224873700,55.378873779296875,-0.7974090576171875,-0.836639404296875,0.1268157958984375
1789222417234867700,55.38886767578125,-0.42303466796875,-0.77166748046875,0.2602691650390625
1789222417244862200,55.3988623046875,-0.1370697021484375,-0.6357421875,0.0823516845703125
1789222417254856400,55.4088564453125,-0.509033203125,-0.7656402587890625,-0.1069183349609375
1789222417264849400,55.41884936523437,-0.874176025390625,-0.9109344482421875,-0.0934906005859375
1789222417274843400,55.428843505859376,-0.80059814453125,-0.8049774169921875,-0.0437469482421875
1789222417284837400,55.43883740234375,-0.555511474609375,-0.8663787841796875,-0.081207275390625
1789222417294831600,55.44883154296875,-0.2604217529296875,-0.792572021484375,-0.0015411376953125
1789222417304825600,55.45882568359375,-0.2712860107421875,-0.602508544921875,0.098968505859375
1789222417314819300,55.4688193359375,-0.764862060546875,-0.6798553466796875,0.0512237548828125
1789222417324813300,55.47881323242188,-0.9324188232421875,-0.904571533203125,-0.042938232421875
1789222417334807300,55.488807373046875,-0.6472320556640625,-0.938262939453125,-0.037200927734375
1789222417344801500,55.49880151367187,-0.786834716796875,-0.632598876953125,0.0034027099609375
1789222417354795500,55.50879541015625,-1.273895263671875,-0.9686279296875,0.0271148681640625
1789222417364789500,55.51878955078125,-0.6481170654296875,-0.63690185546875,-0.0238800048828125
1789222417374782200,55.5287822265625,0.176361083984375,-0.4079437255859375,-0.153656005859375
1789222417384776400,55.5387763671875,0.058929443359375,-0.736297607421875,-0.19537353515625
1789222417394770400,55.5487705078125,-0.7889251708984375,-0.6143951416015625,-0.02294921875
1789222417404764400,55.55876440429687,-1.376800537109375,-0.9027557373046875,0.192138671875
1789222417414758400,55.56875830078125,-1.0066986083984375,-0.7059173583984375,0.22113037109375
1789222417424752400,55.57875244140625,-0.3334503173828125,-0.66033935546875,0.0241851806640625
1789222417434746600,55.58874658203125,-0.2327728271484375,-0.9279632568359375,-0.133758544921875
1789222417444740600,55.59874072265625,-0.648040771484375,-0.573455810546875,-0.0655975341796875
1789222417454734300,55.608734375,-1.1604766845703125,-0.9522552490234375,0.0489654541015625
1789222417464728300,55.61872827148437,-0.8942108154296875,-0.788055419921875,0.1078643798828125
1789222417474721500,55.62872143554687,-0.3386077880859375,-0.8549957275390625,0.0692901611328125
1789222417484715500,55.638715576171876,-0.3139801025390625,-0.655364990234375,0.1309051513671875
1789222417494709500,55.64870947265625,-0.7874755859375,-0.626220703125,0.186981201171875
1789222417504703500,55.658703369140625,-0.74072265625,-0.9217529296875,-0.00897216796875
1789222417514697500,55.66869750976562,-0.67059326171875,-0.577392578125,-0.1709136962890625
1789222417524691500,55.67869140625,-0.937225341796875,-0.9300689697265625,-0.09283447265625
1789222417534685400,55.688685546875,-0.539794921875,-0.801300048828125,-0.059661865234375
1789222417544679400,55.698679443359374,-0.3863525390625,-0.53857421875,-0.1467742919921875
1789222417554673400,55.70867333984375,-0.539764404296875,-0.9265594482421875,-0.03106689453125
1789222417564667400,55.71866748046875,-1.0212249755859375,-0.7907257080078125,0.2473602294921875
1789222417574661400,55.72866137695313,-1.221466064453125,-0.851531982421875,0.3189697265625
1789222417584654300,55.738654296875,-0.2364349365234375,-0.87139892578125,0.1224212646484375
1789222417594648300,55.7486484375,0.4381103515625,-0.599853515625,-0.0071868896484375
1789222417604642300,55.758642333984376,-0.2549896240234375,-0.759368896484375,0.0191802978515625
1789222417614636500,55.76863647460937,-1.258209228515625,-1.0132293701171875,0.0750579833984375
1789222417624630500,55.77863061523438,-0.987457275390625,-0.6787109375,-0.0050201416015625
1789222417634624500,55.78862451171875,-0.411865234375,-0.367279052734375,-0.1469573974609375
1789222417644618500,55.798618408203126,-0.784759521484375,-0.9654083251953125,-0.0369415283203125
1789222417654612500,55.80861254882812,-1.2698974609375,-0.839599609375,0.118194580078125
1789222417664606200,55.818606201171875,-1.0880584716796875,-0.6948089599609375,0.0000457763671875
1789222417674600400,55.82860034179687,-0.78314208984375,-0.8127288818359375,-0.11090087890625
1789222417684593400,55.83859350585937,-0.3383636474609375,-0.9610443115234375,0.0481109619140625
1789222417694587400,55.84858740234375,0.1630096435546875,-0.7544097900390625,0.2666473388671875
1789222417704581400,55.85858129882813,-0.23223876953125,-0.3506317138671875,0.3502960205078125
1789222417714575600,55.86857568359375,-0.8039703369140625,-0.949371337890625,0.357635498046875
1789222417724569300,55.8785693359375,-0.675048828125,-0.6620941162109375,0.2365264892578125
1789222417734563300,55.88856323242187,-0.7956695556640625,-0.5615386962890625,-0.025299072265625
1789222417744557300,55.89855737304688,-1.253082275390625,-0.932342529296875,-0.10577392578125
1789222417754551300,55.90855126953125,-1.331878662109375,-0.6723175048828125,-0.05938720703125
1789222417764545500,55.91854565429688,-0.8990936279296875,-0.9941558837890625,-0.0513153076171875
1789222417774539500,55.92853955078125,-0.354949951171875,-0.48541259765625,0.0626983642578125
1789222417784533500,55.93853344726563,-0.009002685546875,-0.6483917236328125,0.2217559814453125
1789222417794526500,55.9485263671875,-0.4244384765625,-0.75372314453125,0.3702850341796875
1789222417804520400,55.9585205078125,-0.5208587646484375,-0.4301910400390625,0.4709930419921875
1789222417814514400,55.968514404296876,-0.4007110595703125,-0.4990997314453125,0.39697265625
1789222417824508400,55.97850830078125,-0.3353118896484375,-0.6637115478515625,0.21160888671875
1789222417834502400,55.98850244140625,-0.775482177734375,-0.664306640625,0.034149169921875
1789222417844496400,55.99849633789062,-1.3024139404296875,-0.7843780517578125,-0.0400238037109375
1789222417854490600,56.00849072265625,-1.1959991455078125,-0.585174560546875,-0.11285400390625
1789222417864484600,56.01848461914062,-0.6338043212890625,-0.870330810546875,-0.167510986328125
1789222417874478300,56.028478271484374,-0.502716064453125,-0.7555694580078125,0.08380126953125
1789222417884472300,56.03847241210938,-0.90362548828125,-0.531585693359375,0.5289459228515625
1789222417894466300,56.04846630859375,-0.917755126953125,-0.9417877197265625,0.589111328125
1789222417904459500,56.05845947265625,-0.157379150390625,-0.632537841796875,0.357513427734375
1789222417914453500,56.06845361328125,-0.1329193115234375,-0.6750946044921875,0.1678619384765625
1789222417924447500,56.078447509765624,-0.81951904296875,-0.847808837890625,0.1242828369140625
1789222417934441200,56.088441162109376,-1.16204833984375,-0.7719268798828125,0.118194580078125
1789222417944435500,56.098435546875,-1.1624755859375,-0.8970794677734375,0.0570831298828125
1789222417954429400,56.10842944335938,-0.742156982421875,-0.7145233154296875,0.0654144287109375
1789222417964423400,56.11842333984375,-0.569427490234375,-0.895233154296875,0.1160736083984375
1789222417974417400,56.12841748046875,-0.6149444580078125,-0.747406005859375,0.145904541015625
1789222417984411400,56.13841137695312,-0.5089263916015625,-0.7584228515625,0.110260009765625
1789222417994405600,56.14840551757813,-0.4088897705078125,-0.6105499267578125,0.134368896484375
1789222418004398300,56.1583984375,-0.2504730224609375,-0.560028076171875,0.0933380126953125
1789222418014392300,56.16839233398437,-0.2977447509765625,-0.9095458984375,0.104705810546875
1789222418024386300,56.17838623046875,-0.8851318359375,-0.5443115234375,0.28369140625
1789222418034380500,56.18838061523437,-1.22015380859375,-0.6772918701171875,0.2637786865234375
1789222418044374500,56.19837451171875,-0.6278533935546875,-0.8152008056640625,0.1040191650390625
1789222418054368500,56.20836840820313,-0.29144287109375,-0.4791412353515625,-0.0345916748046875
1789222418064362500,56.218362548828125,-0.8297271728515625,-0.7923736572265625,-0.0548095703125
1789222418074356200,56.22835620117188,-1.1697235107421875,-0.58502197265625,0.0998992919921875
1789222418084350500,56.2383505859375,-0.4740753173828125,-0.6859283447265625,0.0707855224609375
1789222418094344400,56.24834448242188,-0.14190673828125,-0.63262939453125,-0.1028900146484375
1789222418104338400,56.25833837890625,-0.8410491943359375,-0.7656097412109375,0.012542724609375
1789222418114331400,56.26833129882812,-1.151092529296875,-1.036285400390625,0.2519989013671875
1789222418124325600,56.27832568359375,-0.586273193359375,-0.6810760498046875,0.1276397705078125
1789222418134319600,56.288319580078124,-0.271514892578125,-0.835693359375,-0.0525665283203125
1789222418144313300,56.298313232421876,-0.3453826904296875,-1.069183349609375,0.15423583984375
1789222418154307300,56.30830737304687,-0.5275421142578125,-0.78924560546875,0.3279571533203125
1789222418164301300,56.31830126953125,-0.788787841796875,-0.8458099365234375,0.0683441162109375
1789222418174295600,56.32829565429687,-1.02081298828125,-0.695892333984375,-0.12994384765625
1789222418184289500,56.33828955078125,-1.2343597412109375,-0.9937896728515625,-0.002227783203125
1789222418194283500,56.34828344726562,-0.79669189453125,-1.202667236328125,-0.059722900390625
1789222418204277500,56.358277587890626,-0.33172607421875,-0.550079345703125,-0.1554107666015625
1789222418214271500,56.368271484375,-0.79583740234375,-0.8607635498046875,0.0665283203125
1789222418224264400,56.37826440429688,-0.8663330078125,-0.9431304931640625,0.2289581298828125
1789222418234258400,56.388258544921875,-0.2820892333984375,-0.425872802734375,-0.0524139404296875
1789222418244251600,56.398251708984375,-0.2660980224609375,-0.794342041015625,-0.190765380859375
1789222418254245600,56.40824560546875,-0.6337127685546875,-0.6925201416015625,0.0703125
1789222418264239900,56.418239990234376,-1.0381927490234375,-0.407440185546875,0.20538330078125
1789222418274233900,56.42823388671875,-1.05242919921875,-0.9504241943359375,0.1608734130859375
1789222418284227800,56.438227783203125,-0.6444244384765625,-0.812774658203125,0.1005401611328125
1789222418294221800,56.44822192382812,-0.6120147705078125,-0.7144317626953125,-0.1204986572265625
1789222418304215600,56.458215576171874,-0.8853607177734375,-0.818115234375,-0.309356689453125
1789222418314209800,56.46820971679688,-0.8254852294921875,-0.818878173828125,-0.145782470703125
1789222418324203800,56.478203857421875,-0.7397613525390625,-0.7666473388671875,0.1275787353515625
1789222418334196700,56.48819677734375,-0.525848388671875,-0.6096954345703125,0.2225341796875
1789222418344190700,56.49819067382813,-0.3360595703125,-0.878204345703125,0.2900238037109375
1789222418354185000,56.50818505859375,-0.197174072265625,-0.9570770263671875,0.326904296875
1789222418364178700,56.5181787109375,-0.4068756103515625,-0.587615966796875,0.1081695556640625
1789222418374172700,56.52817260742187,-0.8776702880859375,-0.844024658203125,-0.1611480712890625
1789222418384166700,56.538166748046876,-0.7451629638671875,-1.0988616943359375,-0.109039306640625
1789222418394160600,56.54816064453125,-0.40814208984375,-0.749786376953125,-0.0030059814453125
1789222418404155000,56.55815478515625,-0.3798370361328125,-0.5824432373046875,-0.0850830078125
1789222418414148900,56.56814892578125,-0.3825225830078125,-0.7302093505859375,0.0372467041015625
1789222418424142800,56.578142822265626,-0.0080413818359375,-0.580841064453125,0.0953826904296875
1789222418434136800,56.58813671875,-0.0027923583984375,-0.598541259765625,-0.03887939453125
1789222418444130600,56.598130615234375,-1.355987548828125,-0.72674560546875,0.139495849609375
1789222418454123800,56.608123779296875,-3.0889129638671875,-1.3359832763671875,0.4808197021484375
1789222418464117800,56.61811767578125,-2.1677093505859375,-1.212493896484375,0.3062744140625
1789222418474111700,56.62811181640625,0.2089996337890625,-0.9327239990234375,-0.17333984375
1789222418484105700,56.63810571289063,0.7938385009765625,-0.81195068359375,-0.23675537109375
1789222418494100000,56.648099853515625,-0.387237548828125,-0.7261962890625,-0.096710205078125
1789222418504094000,56.65809399414063,-0.8135986328125,-0.7374114990234375,-0.018463134765625
1789222418514087700,56.66808764648437,-0.1544342041015625,0.003997802734375,-0.0039215087890625
1789222418524081700,56.67808154296875,-0.367340087890625,-0.594085693359375,0.094635009765625
1789222418534075600,56.68807568359375,-1.135101318359375,-0.816497802734375,0.2850799560546875
1789222418544070000,56.69806982421875,-1.014862060546875,-0.250274658203125,0.2901763916015625
1789222418554062800,56.708062744140626,-0.655120849609375,-0.9334259033203125,-0.024688720703125
1789222418564056800,56.71805688476562,-0.5791778564453125,-1.1656646728515625,-0.26214599609375
1789222418574050600,56.728050537109375,-0.9318084716796875,-0.6257781982421875,-0.072998046875
1789222418584044800,56.738044921875,-0.9362335205078125,-1.0206451416015625,0.1352691650390625
1789222418594038800,56.748038818359376,-0.097747802734375,-0.982940673828125,0.1077423095703125
1789222418604032800,56.75803271484375,0.1142578125,-0.1762237548828125,0.1839752197265625
1789222418614026800,56.76802685546875,-0.8270111083984375,-0.6450653076171875,0.4048919677734375
1789222418624020700,56.77802075195312,-0.99005126953125,-0.8684844970703125,0.273223876953125
1789222418634014700,56.7880146484375,-0.485565185546875,-0.4855499267578125,-0.1507568359375
1789222418644009000,56.79800903320312,-0.5513458251953125,-0.742584228515625,-0.3940277099609375
1789222418654002700,56.808002685546874,-1.1291656494140625,-1.0526580810546875,-0.206756591796875
1789222418663995600,56.81799560546875,-1.0238189697265625,-0.6083984375,0.0181884765625
1789222418673990000,56.82798999023437,-0.5670013427734375,-0.755035400390625,0.0438079833984375
1789222418683984000,56.83798388671875,-0.490753173828125,-0.6677703857421875,0.22991943359375
1789222418693977900,56.84797778320313,-0.470855712890625,-0.48175048828125,0.384613037109375
1789222418703971800,56.857971923828124,-0.37237548828125,-1.01336669921875,0.1483306884765625
1789222418713965600,56.867965576171876,-0.0483856201171875,-1.011383056640625,-0.0544891357421875
1789222418723959800,56.87795971679687,-0.3997955322265625,-0.6967010498046875,0.0730133056640625
1789222418733953800,56.88795385742188,-1.570281982421875,-0.9488677978515625,0.11749267578125
1789222418743947800,56.89794775390625,-1.6624908447265625,-0.61212158203125,0.007171630859375
1789222418753941800,56.907941650390626,-0.6810150146484375,-0.979248046875,-0.101226806640625
1789222418763935700,56.91793579101562,-0.05242919921875,-0.73553466796875,-0.1532440185546875
1789222418773929000,56.92792895507812,-0.78277587890625,-0.3282623291015625,-0.1600341796875
1789222418783922700,56.937922607421875,-1.40521240234375,-1.0454559326171875,-0.126495361328125
1789222418793916700,56.94791674804687,-0.55145263671875,-0.320404052734375,-0.115264892578125
1789222418803910700,56.95791064453125,-0.06036376953125,-0.6532440185546875,-0.1094512939453125
1789222418813904600,56.96790454101563,-0.6570281982421875,-1.1591644287109375,0.1842498779296875
1789222418823899000,56.97789892578125,-1.07989501953125,-0.3939361572265625,0.48883056640625
1789222418833892900,56.98789282226563,-0.76318359375,-0.6713409423828125,0.3616790771484375
1789222418843886800,56.997886962890625,-0.101165771484375,-0.9863128662109375,-0.0403289794921875
1789222418853880800,57.007880859375,-0.134429931640625,-0.6448822021484375,-0.2837371826171875
1789222418863874600,57.01787451171875,-1.061065673828125,-0.367767333984375,-0.1977691650390625
1789222418873868800,57.02786889648438,-1.559051513671875,-1.3863067626953125,-0.043182373046875
1789222418883862800,57.03786279296875,-0.496673583984375,-0.7034759521484375,0.014556884765625
1789222418893855700,57.04785571289062,0.1906280517578125,-0.2315521240234375,0.0889434814453125
1789222418903849700,57.057849609375,-0.4898681640625,-1.2039337158203125,0.2600555419921875
1789222418913844000,57.067843994140624,-0.8334503173828125,-0.6869049072265625,0.2921600341796875
1789222418923837700,57.077837646484376,-0.9026947021484375,-0.406219482421875,0.057281494140625
1789222418933831700,57.08783178710937,-0.6666259765625,-1.1841278076171875,-0.13201904296875
1789222418943825700,57.09782568359375,-0.3460540771484375,-0.833587646484375,-0.1527862548828125
1789222418953819600,57.10781958007812,-0.516571044921875,-0.6359100341796875,-0.0513763427734375
1789222418963814000,57.11781396484375,-1.0267181396484375,-0.77716064453125,0.0664215087890625
1789222418973807900,57.12780786132812,-1.0730438232421875,-0.905029296875,0.0803680419921875
1789222418983801900,57.1378017578125,-0.6286773681640625,-0.6640167236328125,0.0413970947265625
1789222418993795800,57.1477958984375,-0.4109954833984375,-0.641448974609375,0.0115203857421875
1789222419003788800,57.15778881835938,-0.58197021484375,-0.9452972412109375,0.000213623046875
1789222419013782800,57.16778271484375,-0.6096343994140625,-0.5710601806640625,0.0845947265625
1789222419023776800,57.17777685546875,-0.64593505859375,-0.6202392578125,0.1440277099609375
1789222419033770800,57.187770751953124,-0.2414703369140625,-0.597930908203125,-0.0376434326171875
1789222419043764700,57.1977646484375,-0.393096923828125,-0.7085723876953125,-0.0363006591796875
1789222419053759000,57.207759033203125,-1.05511474609375,-0.6132354736328125,0.16387939453125
1789222419063752700,57.21775268554688,-1.3710784912109375,-0.909271240234375,0.1342926025390625
1789222419073746700,57.22774658203125,-0.786865234375,-0.806610107421875,-0.0267791748046875
1789222419083740700,57.23774072265625,-0.58624267578125,-0.7118682861328125,-0.0598602294921875
1789222419093734700,57.24773461914062,-0.554473876953125,-1.17059326171875,0.0035247802734375
1789222419103729000,57.25772900390625,-0.47314453125,-0.4752655029296875,0.0413055419921875
1789222419113721900,57.26772192382813,-0.733917236328125,-0.8324737548828125,0.09857177734375
1789222419123715800,57.2777158203125,-0.553131103515625,-0.619384765625,0.2239990234375
1789222419133709600,57.28770947265625,0.0061187744140625,-0.65313720703125,0.115447998046875
1789222419143703800,57.29770385742187,0.181976318359375,-0.5874176025390625,-0.084747314453125
1789222419153697800,57.30769775390625,-0.649810791015625,-0.302093505859375,-0.044036865234375
1789222419163691800,57.31769189453125,-1.349212646484375,-1.072052001953125,0.1172027587890625
1789222419173685800,57.327685791015625,-0.4353790283203125,-0.543914794921875,0.0343017578125
1789222419183679700,57.3376796875,-0.084259033203125,-0.4422149658203125,-0.150848388671875
1789222419193673700,57.347673828125,-0.7336273193359375,-1.2668914794921875,0.03558349609375
1789222419203668000,57.35766796875,-1.059722900390625,-0.5902099609375,0.2759246826171875
1789222419213661700,57.36766162109375,-1.050994873046875,-0.5534515380859375,0.01458740234375
1789222419223655700,57.37765576171875,-0.5659637451171875,-0.9878692626953125,-0.24285888671875
1789222419233649000,57.38764892578125,-0.3414306640625,-0.79351806640625,-0.1313018798828125
1789222419243643000,57.397642822265624,-0.8658905029296875,-0.7830963134765625,0.0973663330078125
1789222419253636900,57.40763696289063,-1.614715576171875,-1.0139312744140625,0.2192840576171875
1789222419263630800,57.417630859375,-0.868804931640625,-1.0531768798828125,0.221405029296875
1789222419273624800,57.42762475585938,0.17108154296875,-0.568389892578125,0.1410064697265625
1789222419283618800,57.43761889648437,-0.1149444580078125,-0.8184967041015625,-0.01544189453125
1789222419293612800,57.44761279296875,-0.9692230224609375,-0.6184844970703125,-0.05279541015625
1789222419303606800,57.45760668945312,-1.243896484375,-0.637115478515625,0.0616302490234375
1789222419313600800,57.467600830078126,-0.6761627197265625,-0.8093719482421875,0.056671142578125
1789222419323594800,57.4775947265625,-0.1444549560546875,-0.486175537109375,-0.022857666015625
1789222419333588000,57.487587890625,-0.259124755859375,-0.6541748046875,0.1650848388671875
1789222419343582000,57.49758203125,-0.63299560546875,-0.8252716064453125,0.345733642578125
1789222419353575700,57.50757568359375,-0.8243560791015625,-0.6596832275390625,0.1758880615234375
1789222419363569700,57.517569580078124,-0.6366729736328125,-0.7982330322265625,0.0166473388671875
1789222419373563600,57.52756372070313,-0.299560546875,-0.642333984375,0.090789794921875
1789222419383558000,57.537557861328125,-0.8693084716796875,-0.7985687255859375,0.22161865234375
1789222419393552000,57.5475517578125,-1.6446685791015625,-0.6583404541015625,0.3179931640625
1789222419403545900,57.5575458984375,-1.157257080078125,-0.7473297119140625,0.07354736328125
1789222419413539800,57.56753979492188,-0.1670989990234375,-0.7573089599609375,-0.3090057373046875
1789222419423533800,57.577533935546874,-0.4148101806640625,-0.6302947998046875,-0.3533935546875
1789222419433527800,57.58752783203125,-0.9301910400390625,-0.9407501220703125,-0.0962066650390625
1789222419443521800,57.59752172851562,-0.6750946044921875,-0.6962890625,0.21136474609375
1789222419453514800,57.6075146484375,0.050872802734375,-0.464935302734375,0.3080291748046875
1789222419463508700,57.6175087890625,0.2745513916015625,-0.759429931640625,0.2634429931640625
1789222419473503000,57.6275029296875,-0.560791015625,-0.6791534423828125,0.3016357421875
1789222419483497000,57.6374970703125,-1.33416748046875,-1.024658203125,0.1894989013671875
1789222419493490700,57.64749072265625,-1.4930572509765625,-0.984893798828125,-0.0281524658203125
1789222419503484700,57.657484619140625,-0.8674163818359375,-1.067596435546875,-0.19830322265625
1789222419513478700,57.66747875976562,-0.577880859375,-0.8955535888671875,-0.2052459716796875
1789222419523473000,57.677472900390626,-0.6423492431640625,-1.1339874267578125,-0.17193603515625
1789222419533467000,57.687466796875,-0.6992950439453125,-0.9397735595703125,-0.1771392822265625
1789222419543460900,57.6974609375,-0.7364349365234375,-0.4740142822265625,-0.11846923828125
1789222419553454800,57.70745483398437,-0.4860382080078125,-0.7634124755859375,-0.062469482421875
1789222419563447800,57.71744775390625,-0.6952056884765625,-0.73602294921875,0.100494384765625
1789222419573441800,57.72744189453125,-1.0964508056640625,-0.9010467529296875,0.281768798828125
1789222419583435800,57.73743579101563,-0.6646575927734375,-0.6158599853515625,0.0676422119140625
1789222419593429800,57.7474296875,-0.7686767578125,-0.9170989990234375,-0.1404571533203125
1789222419603423700,57.757423828125,-0.594757080078125,-0.8997650146484375,-0.1166534423828125
1789222419613418000,57.76741796875,-0.262237548828125,-0.3419647216796875,-0.0436859130859375
1789222419623412000,57.77741186523438,-0.6595458984375,-0.6316070556640625,0.15643310546875
1789222419633406000,57.787406005859374,-0.487640380859375,-1.019378662109375,0.2920989990234375
1789222419643399700,57.797399658203126,-0.287109375,-0.148834228515625,0.2400665283203125
1789222419653393700,57.8073935546875,-0.8444366455078125,-0.936920166015625,0.1418914794921875
1789222419663387600,57.8173876953125,-0.9189453125,-1.0458526611328125,0.06451416015625
1789222419673382000,57.8273818359375,-0.6049652099609375,-0.4368743896484375,-0.14312744140625
1789222419683374800,57.83737475585937,-0.733734130859375,-0.6804046630859375,-0.1983642578125
1789222419693368800,57.847368896484376,-0.8653717041015625,-0.66864013671875,0.04864501953125
1789222419703362800,57.85736279296875,-0.493896484375,-0.6146087646484375,0.116424560546875
1789222419713356800,57.867356689453125,-0.4222259521484375,-0.3419189453125,0.076751708984375
1789222419723350800,57.87735083007812,-1.155303955078125,-0.6724395751953125,0.2404632568359375
1789222419733344800,57.8873447265625,-1.12384033203125,-1.1401519775390625,0.3294830322265625
1789222419743338800,57.8973388671875,-0.2790679931640625,-0.766510009765625,0.130767822265625
1789222419753332700,57.907332763671874,0.107696533203125,-0.6228485107421875,-0.0315093994140625
1789222419763327000,57.91732690429688,-0.0453033447265625,-0.950164794921875,0.0360107421875
1789222419773321000,57.927321044921875,-0.6057281494140625,-0.654541015625,0.1874237060546875
1789222419783314700,57.93731469726563,-1.1352386474609375,-0.741455078125,0.2623443603515625
1789222419793308000,57.94730786132813,-1.1783294677734375,-0.6352691650390625,0.2171783447265625
1789222419803302000,57.957302001953124,-0.9965057373046875,-0.817291259765625,0.171905517578125
1789222419813295900,57.9672958984375,-0.5515899658203125,-0.8487701416015625,0.173614501953125
1789222419823289900,57.97728979492187,-0.66351318359375,-0.593048095703125,0.09112548828125
1789222419833283800,57.98728393554688,-0.762786865234375,-1.0681304931640625,0.100433349609375
1789222419843277600,57.99727758789062,-0.44110107421875,-0.5323028564453125,0.1522216796875
1789222419853271800,58.007271728515626,-0.5852813720703125,-0.484832763671875,0.10638427734375
1789222419863265800,58.01726586914062,-0.946075439453125,-0.9750823974609375,0.0843505859375
1789222419873259800,58.027259765625,-0.98394775390625,-0.240966796875,0.1845855712890625
1789222419883253800,58.03725366210937,-1.1430816650390625,-0.8257598876953125,0.21209716796875
1789222419893247700,58.047247802734375,-0.6758575439453125,-1.00714111328125,0.1352386474609375
1789222419903242000,58.05724194335937,-0.4924163818359375,-0.3377227783203125,0.0579071044921875
1789222419913234700,58.06723461914063,-0.8698883056640625,-1.130218505859375,0.010284423828125
1789222419923228700,58.077228759765624,-0.426300048828125,-0.8055419921875,-0.006622314453125
1789222419933222700,58.08722265625,0.055908203125,-0.4585418701171875,0.0751953125
1789222419943217000,58.097216796875,0.1407928466796875,-0.781280517578125,0.126617431640625
1789222419953211000,58.1072109375,-0.17730712890625,-0.3397216796875,0.2242431640625
1789222419963204900,58.117204833984374,-0.9816131591796875,-0.6184234619140625,0.3546142578125
1789222419973198800,58.12719873046875,-1.5404510498046875,-0.86383056640625,0.277984619140625
1789222419983192800,58.13719287109375,-1.0889892578125,-0.7500762939453125,-0.081085205078125
1789222419993186800,58.14718676757813,-0.0996551513671875,-1.1641082763671875,-0.41436767578125
1789222420003180800,58.157180908203124,-0.1450042724609375,-0.62359619140625,-0.3703460693359375
1789222420013174800,58.1671748046875,-1.09796142578125,-0.7587738037109375,0.02337646484375
1789222420023167700,58.177167724609376,-1.0897216796875,-1.0015869140625,0.2611083984375
1789222420033162000,58.18716186523437,-0.199554443359375,-0.3472747802734375,0.267608642578125
1789222420043156000,58.19715600585938,0.0743560791015625,-0.9076690673828125,0.2032470703125
1789222420053149700,58.20714965820312,-0.6858673095703125,-0.9389190673828125,0.129669189453125
1789222420063143700,58.217143798828126,-1.4846343994140625,-0.557952880859375,0.0927734375
1789222420073137700,58.2271376953125,-1.2203369140625,-1.27655029296875,-0.0914154052734375
1789222420083132000,58.2371318359375,-0.2428131103515625,-0.9908447265625,-0.314544677734375
1789222420093126000,58.2471259765625,-0.3730621337890625,-0.4727783203125,-0.1671905517578125
1789222420103120000,58.257119873046875,-0.9941864013671875,-1.1933746337890625,0.1194610595703125
1789222420113113900,58.26711376953125,-0.6916656494140625,-0.6292877197265625,0.1615447998046875
1789222420123107800,58.27710791015625,-0.149017333984375,-0.4054107666015625,-0.037994384765625
1789222420133101800,58.28710180664063,-0.448638916015625,-0.8837432861328125,-0.0615081787109375
1789222420143094800,58.2970947265625,-0.8860931396484375,-0.628021240234375,0.094512939453125
1789222420153088800,58.3070888671875,-0.943695068359375,-0.8234405517578125,0.11212158203125
1789222420163082800,58.31708276367188,-1.0152587890625,-0.8705291748046875,0.1048583984375
1789222420173077000,58.327076904296874,-0.7131195068359375,-0.80047607421875,0.1211700439453125
1789222420183071000,58.33707104492188,-0.3371734619140625,-0.84417724609375,-0.0170745849609375
1789222420193065000,58.34706494140625,-0.4015350341796875,-0.6326446533203125,-0.2265625
1789222420203058700,58.35705859375,-0.6922454833984375,-0.4963226318359375,-0.23956298828125
1789222420213052700,58.367052734375,-0.9560546875,-0.4606475830078125,0.0400238037109375
1789222420223046700,58.377046630859375,-0.6087646484375,-0.9376983642578125,0.1814422607421875
1789222420233041000,58.387041015625,-0.174224853515625,-0.58160400390625,0.1358795166015625
1789222420243035100,58.39703515625,-0.6278228759765625,-0.4684295654296875,0.171600341796875
1789222420253028000,58.407028076171876,-0.9576263427734375,-1.1549530029296875,0.1275787353515625
1789222420263022000,58.41702197265625,-0.5311279296875,-0.8762359619140625,-0.105224609375
1789222420273016300,58.42701635742188,-0.297637939453125,-0.4482421875,-0.1092987060546875
1789222420283010300,58.43701025390625,-0.846893310546875,-1.0006866455078125,0.1769561767578125
1789222420293004000,58.447004150390626,-0.7040557861328125,-0.6796417236328125,0.395111083984375
1789222420302998000,58.456998046875,-0.2387237548828125,-0.3150177001953125,0.27362060546875
1789222420312992000,58.466991943359375,-0.4248046875,-1.3608551025390625,0.05450439453125
1789222420322986200,58.476986328125,-0.77618408203125,-0.5240936279296875,0.0169525146484375
1789222420332980200,58.486980224609376,-1.2465057373046875,-0.67767333984375,-0.073638916015625
1789222420342974200,58.49697412109375,-0.9389801025390625,-1.1865234375,-0.154083251953125
1789222420352968200,58.50696826171875,-0.2131805419921875,-0.5120391845703125,-0.001312255859375
1789222420362962200,58.51696215820313,-0.250030517578125,-0.9084625244140625,0.17547607421875
1789222420372955100,58.526955078125,-1.009979248046875,-0.4987640380859375,0.2192535400390625
1789222420382949000,58.53694921875,-1.2851409912109375,-0.9242706298828125,0.2709197998046875
1789222420392943000,58.54694311523438,-0.7308502197265625,-0.8656005859375,0.1537017822265625
1789222420402937000,58.55693701171875,-0.444122314453125,-0.58343505859375,-0.16094970703125
1789222420412931300,58.56693139648438,-0.6456146240234375,-0.8779754638671875,-0.229278564453125
1789222420422925300,58.57692529296875,-0.752716064453125,-0.6390838623046875,-0.026702880859375
1789222420432919000,58.5869189453125,-0.8199310302734375,-0.6240081787109375,0.0469512939453125
1789222420442913000,58.5969130859375,-0.9482574462890625,-0.651336669921875,0.0530548095703125
1789222420452907000,58.606906982421876,-0.8910369873046875,-0.76275634765625,0.154296875
1789222420462901000,58.61690087890625,-0.681365966796875,-0.5963897705078125,0.0897979736328125
1789222420472895200,58.62689526367188,-0.61431884765625,-0.9354095458984375,-0.0633697509765625
1789222420482888200,58.63688818359375,-0.376708984375,-0.7546539306640625,-0.1426239013671875
1789222420492882200,58.64688208007812,-0.7299957275390625,-0.6653900146484375,-0.0644378662109375
1789222420502876200,58.656876220703126,-0.7581329345703125,-0.9360504150390625,0.098541259765625
1789222420512870100,58.6668701171875,-0.0755157470703125,-0.699493408203125,0.1414794921875
1789222420522864000,58.676864013671874,-0.4066925048828125,-0.7929840087890625,0.0936431884765625
1789222420532858000,58.68685815429688,-1.366241455078125,-0.8388824462890625,0.151458740234375
1789222420542852000,58.69685205078125,-1.19927978515625,-0.8810882568359375,0.1090850830078125
1789222420552846000,58.70684619140625,-0.3805389404296875,-1.007354736328125,-0.201263427734375
1789222420562840300,58.71684033203125,0.16424560546875,-0.679290771484375,-0.371734619140625
1789222420572834300,58.72683422851563,-0.08062744140625,-0.4355010986328125,-0.0491485595703125
1789222420582828000,58.736828125,-0.791839599609375,-0.6008453369140625,0.2713623046875
1789222420592822000,58.74682202148438,-0.93841552734375,-0.8235626220703125,0.2602691650390625
1789222420602815200,58.75681518554688,-0.660888671875,-0.4863433837890625,0.2203521728515625
1789222420612809200,58.766809326171874,-0.8051605224609375,-0.88018798828125,0.1612701416015625
1789222420622803200,58.77680322265625,-0.9569091796875,-1.141082763671875,-0.094940185546875
1789222420632797200,58.78679711914062,-0.7655029296875,-0.6973724365234375,-0.3064727783203125
1789222420642791000,58.796791015625,-0.782196044921875,-1.0299224853515625,-0.2884979248046875
1789222420652785200,58.80678515625,-0.23358154296875,-0.6728363037109375,-0.1591033935546875
1789222420662779100,58.816779052734375,-0.103851318359375,-0.2614593505859375,-0.050140380859375
1789222420672773000,58.82677319335937,-1.275238037109375,-1.033416748046875,0.119232177734375
1789222420682767000,58.83676708984375,-1.46588134765625,-0.7764892578125,0.3874969482421875
1789222420692761000,58.84676098632813,-0.7263336181640625,-0.7299346923828125,0.2541046142578125
1789222420702755300,58.85675537109375,0.089447021484375,-1.0813140869140625,-0.14263916015625
1789222420712748000,58.866748046875,0.352203369140625,-0.455780029296875,-0.128692626953125
1789222420722742000,58.87674194335938,-0.5585174560546875,-0.867523193359375,0.1147003173828125
1789222420732736000,58.886736083984374,-1.0355682373046875,-0.6362762451171875,0.0869293212890625
1789222420742730200,58.89673022460938,-1.059783935546875,-0.4949951171875,-0.0272064208984375
1789222420752724200,58.90672412109375,-1.023345947265625,-1.0355377197265625,0.0031585693359375
1789222420762718200,58.91671826171875,-0.738067626953125,-0.4642181396484375,0.113983154296875
1789222420772712200,58.926712158203124,-0.3893585205078125,-0.7420654296875,0.0208892822265625
1789222420782706200,58.9367060546875,-0.153106689453125,-0.948394775390625,-0.0290374755859375
1789222420792700200,58.9467001953125,0.0034942626953125,-0.4519805908203125,0.11871337890625
1789222420802694100,58.95669409179688,-1.1231842041015625,-0.83355712890625,0.3311614990234375
1789222420812688100,58.96668823242187,-1.506744384765625,-1.158660888671875,0.2444000244140625
1789222420822682000,58.97668212890625,-0.952972412109375,-0.6850433349609375,-0.036590576171875
1789222420832675300,58.98667529296875,-0.491302490234375,-0.78582763671875,-0.19757080078125
1789222420842669300,58.99666943359375,-0.6956024169921875,-0.8439178466796875,-0.219207763671875
1789222420852663000,59.0066630859375,-0.6647491455078125,-0.7720947265625,-0.05072021484375
1789222420862657000,59.01665698242188,-0.320465087890625,-0.3177337646484375,0.0628204345703125
1789222420872651000,59.026651123046875,-0.5892791748046875,-0.9095458984375,0.2098388671875
1789222420882645200,59.03664526367187,-0.249786376953125,-0.4703521728515625,0.3770751953125
1789222420892639200,59.04663916015625,-0.270660400390625,-0.167022705078125,0.502716064453125
1789222420902633200,59.05663330078125,-1.037445068359375,-1.0321502685546875,0.417724609375
1789222420912627200,59.066627197265625,-1.240142822265625,-0.7807769775390625,0.265289306640625
1789222420922621200,59.07662109375,-1.0142669677734375,-1.0607147216796875,-0.0169219970703125
1789222420932615200,59.086615234375,-0.249481201171875,-0.8812103271484375,-0.3223419189453125
1789222420942609200,59.09660913085938,0.2355804443359375,-0.4855499267578125,-0.3146514892578125
1789222420952602000,59.10660205078125,-0.2939605712890625,-0.5126495361328125,0.004547119140625
1789222420962596000,59.11659619140625,-1.236785888671875,-0.4345703125,0.4286956787109375
1789222420972590300,59.12659033203125,-1.061370849609375,-0.3791046142578125,0.6895751953125
1789222420982584300,59.13658422851562,-0.43511962890625,-0.5809173583984375,0.6164093017578125
1789222420992578000,59.146578125,-0.566802978515625,-1.111114501953125,0.187896728515625
1789222421002572000,59.15657202148437,-1.4346771240234375,-1.083984375,0.0271453857421875
1789222421012566000,59.16656591796875,-1.48028564453125,-1.066741943359375,-0.11383056640625
1789222421022560000,59.17656005859375,0.0400848388671875,-1.0177764892578125,-0.4345550537109375
1789222421032554200,59.18655419921875,0.4990692138671875,-0.5372467041015625,-0.3099517822265625
1789222421042548200,59.19654833984375,-0.72039794921875,-0.455963134765625,0.1422576904296875
1789222421052542200,59.206542236328126,-1.828277587890625,-0.58203125,0.5881805419921875
1789222421062535200,59.21653515625,-1.08441162109375,-0.4014129638671875,0.4951171875
1789222421072529200,59.22652905273438,0.045166015625,-0.7902069091796875,0.13677978515625
1789222421082523100,59.236523193359375,-0.1787872314453125,-1.0484771728515625,0.1126861572265625
1789222421092517000,59.24651708984375,-1.1290130615234375,-1.1222991943359375,0.2944183349609375
1789222421102511000,59.256510986328124,-0.7319183349609375,-0.803131103515625,0.129302978515625
1789222421112505000,59.26650512695313,-0.0229339599609375,-0.8568115234375,-0.2689208984375
1789222421122499300,59.276499267578124,-0.6871795654296875,-0.998992919921875,-0.2408905029296875
1789222421132493300,59.28649340820313,-1.168548583984375,-0.5167083740234375,0.05767822265625
1789222421142487000,59.29648706054687,-1.0980224609375,-0.4908447265625,0.0713958740234375
1789222421152481000,59.30648095703125,-1.0581512451171875,-0.987701416015625,0.0102691650390625
1789222421162475000,59.31647509765625,-0.616424560546875,-0.5931854248046875,0.1881866455078125
1789222421172468200,59.32646826171875,-0.230560302734375,-0.6437835693359375,0.2008209228515625
1789222421182462200,59.336462158203126,-0.04345703125,-1.180206298828125,-0.1622314453125
1789222421192456200,59.34645629882812,-0.3454742431640625,-0.7223663330078125,-0.0951995849609375
1789222421202450000,59.356449951171875,-1.14910888671875,-0.6446380615234375,0.2500457763671875
1789222421212444200,59.36644409179687,-1.201385498046875,-0.8119659423828125,0.3040924072265625
1789222421222438100,59.376438232421876,-0.6630401611328125,-0.8404693603515625,0.11358642578125
1789222421232432000,59.38643212890625,-0.014007568359375,-0.70367431640625,-0.192352294921875
1789222421242426000,59.396426025390625,-0.0868988037109375,-0.537689208984375,-0.3083648681640625
1789222421252420000,59.40642016601562,-0.754241943359375,-0.849578857421875,-0.3737335205078125
1789222421262414300,59.416414306640625,-0.729339599609375,-0.8103790283203125,-0.32440185546875
1789222421272408300,59.426408203125,-0.5761260986328125,-0.65386962890625,0.0630950927734375
1789222421282402300,59.43640234375,-0.175079345703125,-0.7094573974609375,0.291900634765625
1789222421292395300,59.446395263671874,-0.8995513916015625,-0.8363189697265625,0.4814605712890625
1789222421302389500,59.45638940429688,-1.4239654541015625,-0.918212890625,0.3784332275390625
1789222421312383200,59.46638330078125,-0.8008270263671875,-0.7697296142578125,-0.027374267578125
1789222421322377200,59.47637719726563,0.067840576171875,-1.075042724609375,-0.4002838134765625
1789222421332371200,59.48637109375,-0.0000762939453125,-0.2419586181640625,-0.4272003173828125
1789222421342365200,59.496365234375,-1.1197662353515625,-0.50921630859375,0.054443359375
1789222421352359200,59.50635913085937,-1.6263427734375,-0.8168182373046875,0.4851226806640625
1789222421362353400,59.516353515625,-0.87713623046875,-0.55682373046875,0.4419708251953125
1789222421372347400,59.526347412109374,-0.2322235107421875,-0.659515380859375,0.163970947265625
1789222421382341400,59.53634130859375,-0.50726318359375,-0.9072113037109375,0.2011566162109375
1789222421392335000,59.54633520507812,-0.527984619140625,-0.583831787109375,0.1683349609375
1789222421402328300,59.55632836914062,-1.118499755859375,-0.8397369384765625,0.108306884765625
1789222421412322300,59.566322265625,-0.957977294921875,-0.83251953125,0.2130126953125
1789222421422316300,59.57631640625,-0.3429107666015625,-0.3762359619140625,0.29266357421875
1789222421432310300,59.586310302734375,-0.3778533935546875,-0.7230377197265625,0.1072998046875
1789222421442304300,59.59630419921875,-1.133880615234375,-0.843109130859375,0.1838226318359375
1789222421452298200,59.60629833984375,-1.1105194091796875,-0.3891143798828125,0.4119415283203125
1789222421462292200,59.61629223632813,-0.716949462890625,-0.8372344970703125,0.16766357421875
1789222421472286200,59.6262861328125,-0.2288818359375,-1.0948638916015625,0.00543212890625
1789222421482280200,59.6362802734375,-0.060089111328125,-0.269256591796875,0.0907440185546875
1789222421492274200,59.646274169921874,-0.4741973876953125,-0.9194793701171875,0.1178131103515625
1789222421502268400,59.65626831054688,-0.588348388671875,-0.450286865234375,0.091827392578125
1789222421512262400,59.666262451171875,-1.19744873046875,-0.382171630859375,0.2491607666015625
1789222421522255000,59.67625512695312,-1.8882293701171875,-1.536163330078125,0.3672332763671875
1789222421532249000,59.6862490234375,-0.758026123046875,-0.606170654296875,0.115020751953125
1789222421542243300,59.696243408203124,-0.1396484375,-1.1147308349609375,-0.1673583984375
1789222421552237300,59.7062373046875,-0.2580718994140625,-1.248138427734375,-0.106109619140625
1789222421562231300,59.71623120117187,-0.14703369140625,-0.34716796875,0.067779541015625
1789222421572225300,59.72622534179688,0.107574462890625,-0.59637451171875,0.1124725341796875
1789222421582219300,59.73621923828125,-0.1479644775390625,-0.1338653564453125,0.139984130859375
1789222421592213200,59.746213134765625,-1.52288818359375,-0.7954864501953125,0.304443359375
1789222421602207200,59.75620727539062,-1.9677734375,-0.794219970703125,0.41119384765625
1789222421612201200,59.766201171875,-1.0089263916015625,-0.77532958984375,0.08807373046875
1789222421622195200,59.7761953125,-0.0814971923828125,-1.440887451171875,-0.341217041015625
1789222421632188400,59.7861884765625,0.08966064453125,-0.785614013671875,-0.306488037109375
1789222421642182400,59.796182373046875,-1.0398406982421875,-0.8227081298828125,-0.029937744140625
1789222421652176400,59.80617626953125,-0.967041015625,-0.960205078125,-0.05548095703125
1789222421662170000,59.816170166015624,-0.05438232421875,0.004302978515625,0.104766845703125
1789222421672164000,59.8261640625,-0.3350677490234375,-0.8181304931640625,0.5123443603515625
1789222421682158300,59.836158447265625,-0.3698883056640625,-0.739227294921875,0.5899810791015625
1789222421692152300,59.84615234375,-0.577789306640625,0.0312347412109375,0.3221588134765625
1789222421702146300,59.856146240234374,-1.1499176025390625,-1.0073089599609375,-0.15557861328125
1789222421712140300,59.86614038085938,-0.84564208984375,-1.190399169921875,-0.254852294921875
1789222421722134300,59.87613427734375,-0.4901275634765625,-0.6800994873046875,-0.25518798828125
1789222421732128300,59.886128173828126,-1.0013275146484375,-1.0910797119140625,-0.3834991455078125
1789222421742122200,59.89612231445312,-0.8720703125,-1.0938720703125,-0.1291351318359375
1789222421752115200,59.906115234375,-0.4940032958984375,-0.3339080810546875,0.162384033203125
1789222421762109200,59.916109130859375,-0.62164306640625,-0.9975128173828125,0.0182037353515625
1789222421772103400,59.926103515625,-0.8421783447265625,-0.747344970703125,0.0915985107421875
1789222421782097400,59.936097412109376,-0.512420654296875,-0.5125732421875,0.2097930908203125
1789222421792091400,59.94609130859375,-0.265045166015625,-1.163909912109375,0.0574188232421875
1789222421802085000,59.956085205078125,-0.4459686279296875,-0.73114013671875,-0.1554107666015625
1789222421812079000,59.9660791015625,-0.957244873046875,-1.134185791015625,-0.1997222900390625
1789222421822073300,59.9760732421875,-1.0893096923828125,-0.962188720703125,-0.157257080078125
1789222421832067300,59.9860673828125,-0.9145965576171875,-1.0303497314453125,-0.287200927734375
1789222421842061300,59.996061279296875,-0.548553466796875,-1.005157470703125,-0.17938232421875
1789222421852055300,60.00605517578125,-0.2943115234375,-0.562042236328125,0.1874542236328125
1789222421862048500,60.01604858398437,-0.1296539306640625,-0.5928802490234375,0.1946258544921875
1789222421872042200,60.026042236328124,-0.0332489013671875,-0.5801849365234375,0.0153045654296875
1789222421882036200,60.0360361328125,-0.4694061279296875,-0.0625152587890625,0.0667572021484375
1789222421892030200,60.0460302734375,-1.299713134765625,-0.7303314208984375,0.1698150634765625
1789222421902024200,60.056024169921876,-0.9550018310546875,-1.0091400146484375,0.08203125
1789222421912018200,60.06601806640625,-0.292724609375,-0.42730712890625,-0.13818359375
1789222421922012400,60.07601245117188,-0.706268310546875,-0.861480712890625,-0.083221435546875
1789222421932006400,60.08600634765625,-0.6354522705078125,-0.8113861083984375,0.1424407958984375
1789222421942000000,60.096000244140626,-0.29986572265625,-0.466156005859375,0.1317596435546875
1789222421951994000,60.105994140625,-0.8419342041015625,-0.59820556640625,0.1426544189453125
1789222421961988000,60.115988037109375,-1.5324859619140625,-0.665252685546875,0.47406005859375
1789222421971981300,60.125981201171875,-1.1605682373046875,-0.7472991943359375,0.4497833251953125
1789222421981975300,60.13597534179687,-0.2016754150390625,-0.890960693359375,-0.0402984619140625
1789222421991969300,60.14596923828125,0.19818115234375,-0.7611541748046875,-0.1193389892578125
1789222422001963300,60.15596337890625,-0.352813720703125,-0.49322509765625,0.2747955322265625
1789222422011957200,60.165957275390625,-0.9192962646484375,-0.73089599609375,0.4183197021484375
1789222422021951200,60.175951171875,-0.6820068359375,-0.6219635009765625,0.289459228515625
1789222422031945200,60.1859453125,-0.540374755859375,-0.469482421875,0.33642578125
1789222422041939200,60.19593920898438,-0.8639984130859375,-0.8849029541015625,0.2898712158203125
1789222422051933200,60.20593310546875,-0.8454742431640625,-0.709625244140625,0.1642608642578125
1789222422061927400,60.21592749023438,-0.7310638427734375,-0.56353759765625,0.0486297607421875
1789222422071921400,60.22592138671875,-0.9110107421875,-1.122711181640625,-0.0193634033203125
1789222422081915400,60.23591528320313,-1.075531005859375,-0.9529876708984375,0.0561981201171875
1789222422091908000,60.245908203125,-1.07550048828125,-1.1493682861328125,0.0435638427734375
1789222422101902300,60.25590234375,-0.5386962890625,-0.943511962890625,-0.0323944091796875
1789222422111896300,60.265896240234376,-0.36859130859375,-0.6341552734375,0.084808349609375
1789222422121890300,60.27589038085937,-0.5913238525390625,-0.9449462890625,0.30682373046875
1789222422131884300,60.28588427734375,-0.27606201171875,-0.3728179931640625,0.2103271484375
1789222422141878300,60.29587817382812,-0.0930633544921875,-0.38031005859375,-0.1183319091796875
1789222422151872300,60.305872314453126,-0.7002410888671875,-0.88482666015625,-0.1346893310546875
1789222422161866200,60.3158662109375,-1.1435546875,-0.5532684326171875,0.019256591796875
1789222422171860200,60.325860107421875,-1.1568603515625,-0.741546630859375,-0.1680908203125
1789222422181854200,60.33585424804688,-0.81640625,-1.09381103515625,-0.230712890625
1789222422191848200,60.34584814453125,-0.6282958984375,-0.9434967041015625,0.0076904296875
1789222422201842400,60.35584252929687,-0.557830810546875,-0.926666259765625,-0.0487213134765625
1789222422211835400,60.36583544921875,-0.3813018798828125,-0.816009521484375,-0.17529296875
1789222422221829000,60.3758291015625,-0.4786529541015625,-0.7638397216796875,0.08013916015625
1789222422231823000,60.385822998046876,-0.3542327880859375,-0.8262481689453125,0.1919403076171875
1789222422241817300,60.3958173828125,0.029022216796875,-0.4965972900390625,-0.023712158203125
1789222422251811000,60.40581103515625,-0.500030517578125,-0.4635772705078125,-0.0717315673828125
1789222422261805000,60.41580517578125,-1.45703125,-0.882568359375,-0.0140838623046875
1789222422271799000,60.425799072265626,-1.5015716552734375,-0.84796142578125,-0.1048431396484375
1789222422281793000,60.43579296875,-1.0477142333984375,-1.010009765625,-0.312255859375
1789222422291787300,60.44578735351563,-0.4216156005859375,-1.062255859375,-0.29345703125
1789222422301781200,60.45578125,0.004302978515625,-0.3636016845703125,-0.0106048583984375
1789222422311775200,60.465775146484376,-0.37445068359375,-0.3504791259765625,0.26361083984375
1789222422321768000,60.475767822265624,-0.977813720703125,-0.58734130859375,0.4132843017578125
1789222422331762200,60.48576220703125,-0.7960968017578125,-0.36358642578125,0.3809814453125
1789222422341756200,60.495756103515625,-0.52001953125,-0.8939971923828125,0.1286773681640625
1789222422351750100,60.50575024414063,-0.5030517578125,-0.7796630859375,-0.067352294921875
1789222422361744100,60.515744140625,-1.3085479736328125,-1.014373779296875,0.031036376953125
1789222422371738000,60.52573803710938,-1.260101318359375,-1.2264404296875,0.012176513671875
1789222422381732400,60.535732421875,-0.2144775390625,-0.49139404296875,-0.162811279296875
1789222422391726300,60.54572631835938,-0.181884765625,-0.9639129638671875,-0.1280670166015625
1789222422401720000,60.55571997070312,-0.7213592529296875,-0.539794921875,0.15142822265625
1789222422411714000,60.56571411132813,-1.6725311279296875,-0.4360198974609375,0.4115447998046875
1789222422421708000,60.5757080078125,-1.482696533203125,-1.035400390625,0.3191070556640625
1789222422431702000,60.585701904296876,-0.0714874267578125,-0.71417236328125,0.079986572265625
1789222422441695200,60.5956953125,0.51763916015625,-0.5951080322265625,-0.113128662109375
1789222422451689200,60.60568920898437,-0.011688232421875,-0.523651123046875,-0.0218963623046875
1789222422461683000,60.615682861328125,-0.781463623046875,-0.68377685546875,0.2522125244140625
1789222422471677200,60.62567724609375,-0.9188995361328125,-0.560821533203125,0.326904296875
1789222422481671200,60.635671142578126,-0.983062744140625,-0.8414764404296875,0.3277130126953125
1789222422491665200,60.6456650390625,-1.209197998046875,-0.988433837890625,0.2290496826171875
1789222422501659100,60.6556591796875,-0.9934539794921875,-0.8628692626953125,-0.0267791748046875
1789222422511653000,60.66565307617188,-0.30889892578125,-0.946044921875,-0.27252197265625
1789222422521647000,60.675647216796875,0.072540283203125,-0.5034027099609375,-0.3371429443359375
1789222422531641300,60.68564135742187,-0.2426910400390625,-0.765380859375,-0.1656951904296875
1789222422541635000,60.695635009765624,-0.48162841796875,-0.6595611572265625,0.10992431640625
1789222422551628000,60.7056279296875,-0.8689117431640625,-0.26397705078125,0.2386932373046875
1789222422561622000,60.7156220703125,-1.3911285400390625,-0.907989501953125,0.1923675537109375
1789222422571616300,60.7256162109375,-1.2463226318359375,-0.95904541015625,0.220855712890625
1789222422581610200,60.7356103515625,-0.8572998046875,-0.9720306396484375,0.043548583984375
1789222422591604200,60.745604248046874,-0.27752685546875,-1.04437255859375,-0.27166748046875
1789222422601598200,60.75559814453125,0.2950592041015625,-0.7251129150390625,-0.23553466796875
1789222422611592000,60.76559204101562,-0.196014404296875,-0.5423126220703125,0.056884765625
1789222422621586200,60.77558618164063,-1.016357421875,-0.5610809326171875,0.232086181640625
1789222422631580200,60.785580078125,-1.0827484130859375,-0.413299560546875,0.317169189453125
1789222422641574100,60.79557421875,-0.512786865234375,-0.6651153564453125,0.2309112548828125
1789222422651568000,60.80556811523437,-0.055389404296875,-0.4149017333984375,-0.006103515625
1789222422661561300,60.81556127929687,-1.226654052734375,-0.9958648681640625,-0.0173187255859375
1789222422671555000,60.82555517578125,-2.0083465576171875,-1.3562469482421875,0.0844573974609375
1789222422681549000,60.83554907226563,-0.8502655029296875,-0.9851837158203125,-0.1272125244140625
1789222422691543000,60.84554296875,0.6787872314453125,-1.1135711669921875,-0.4180145263671875
1789222422701537000,60.855537109375,0.6747283935546875,-0.215850830078125,-0.185211181640625
1789222422711531300,60.86553125,-1.3084259033203125,-0.2858734130859375,0.324798583984375
1789222422721525200,60.87552514648438,-2.6699371337890625,-0.910064697265625,0.5738372802734375
1789222422731519200,60.885519287109375,-1.2090911865234375,-0.686920166015625,0.33563232421875
1789222422741513200,60.89551318359375,0.1649627685546875,-0.9968414306640625,-0.011199951171875
1789222422751507000,60.9055068359375,0.131744384765625,-0.8693695068359375,-0.2247161865234375
1789222422761501200,60.91550122070313,-0.6733245849609375,-0.8110198974609375,-0.239013671875
1789222422771495200,60.9254951171875,-0.9088287353515625,-0.763641357421875,-0.1129913330078125
1789222422781488000,60.93548803710937,-0.5086669921875,-0.562744140625,0.0738677978515625
1789222422791482000,60.94548217773438,-0.9122772216796875,-0.802337646484375,0.340423583984375
1789222422801476400,60.95547631835937,-1.2704010009765625,-0.7919464111328125,0.55145263671875
1789222422811470000,60.965469970703126,-0.76416015625,-0.7433319091796875,0.4150238037109375
1789222422821464000,60.97546411132812,-0.1259613037109375,-0.8950958251953125,-0.0670623779296875
1789222422831458000,60.9854580078125,0.018646240234375,-0.7358856201171875,-0.2982177734375
1789222422841452000,60.9954521484375,-0.567779541015625,-0.72833251953125,-0.22735595703125
1789222422851446300,61.0054462890625,-0.9466552734375,-0.7381591796875,-0.200531005859375
1789222422861440300,61.01544018554687,-1.141632080078125,-0.4809722900390625,-0.08709716796875
1789222422871434200,61.025434326171876,-1.5386199951171875,-0.68865966796875,0.184478759765625
1789222422881428200,61.03542822265625,-1.2575225830078125,-0.8765411376953125,0.32049560546875
1789222422891421200,61.04542114257813,-0.09942626953125,-0.9978179931640625,0.0922393798828125
1789222422901415200,61.055415283203125,0.2629547119140625,-0.94610595703125,-0.0025482177734375
1789222422911409200,61.0654091796875,-0.2842559814453125,-1.0364227294921875,0.126312255859375
1789222422921403100,61.075403076171874,-0.330963134765625,-0.53021240234375,0.1277618408203125
1789222422931397000,61.08539721679688,-0.26861572265625,-0.1984405517578125,-0.0190582275390625
1789222422941391000,61.09539111328125,-0.6132049560546875,-0.6787872314453125,0.0355224609375
1789222422951385300,61.10538525390625,-0.803741455078125,-0.387542724609375,0.3255157470703125
1789222422961379000,61.11537915039062,-0.9320220947265625,-0.735260009765625,0.309844970703125
1789222422971373000,61.125373046875,-0.921539306640625,-1.0076751708984375,-0.0141448974609375
1789222422981367000,61.13536694335937,-0.5189971923828125,-0.9568939208984375,-0.191680908203125
1789222422991361000,61.145361083984376,-0.00933837890625,-1.0549163818359375,-0.1269073486328125
1789222423001355300,61.15535522460937,0.0796356201171875,-0.9057769775390625,0.15289306640625
1789222423011348200,61.16534814453125,-0.1740570068359375,-0.580047607421875,0.246124267578125
