time,seconds_elapsed,z,y,x
1789222361887878000,0.0418779296875,0.085233673453331,-0.26103612780570984,0.42440080642700195
1789222361897872000,0.051871826171875,0.011379420757293701,-0.09322261810302734,-0.13419215381145477
1789222361907866000,0.0618662109375,0.14805445075035095,-0.17141090333461761,-0.2842136025428772
1789222361917859800,0.07185986328125,0.41037288308143616,-0.041733864694833755,-0.3931334316730499
1789222361927854800,0.081854736328125,0.6630765199661255,0.23915798962116241,-0.4693504571914673
1789222361937848800,0.091848876953125,0.74098140001297,0.06621523946523666,-0.18504682183265686
1789222361947842800,0.1018427734375,0.5390797257423401,-0.010277937166392803,0.11857804656028748
1789222361957836800,0.1118369140625,0.21527129411697388,0.09728633612394333,0.27158063650131226
1789222361967830800,0.121830810546875,0.01019591186195612,0.1321878582239151,0.0957704707980156
1789222361977825000,0.131824951171875,0.06328975409269333,-0.03657105937600136,-0.08228075504302979
1789222361987820000,0.141820068359375,0.2793522775173187,0.0343816764652729,-0.001035436987876892
1789222361997814000,0.15181396484375,0.5363444089889526,0.27825719118118286,-0.06120716407895088
1789222362007808000,0.16180810546875,0.6918013691902161,0.15214426815509796,-0.09097118675708771
1789222362017802000,0.171802001953125,0.6157340407371521,0.012588762678205967,-0.07269550859928131
1789222362027795700,0.181795654296875,0.3531476855278015,0.00361683894880116,-0.052686113864183426
1789222362037789700,0.191789794921875,0.06678248941898346,0.0018184063956141472,-0.06292171031236649
1789222362047784700,0.20178466796875,-0.018063155934214592,-0.06936336308717728,-0.10761061310768127
1789222362057779000,0.211779052734375,0.11582940071821213,-0.044430848211050034,0.047437023371458054
1789222362067773000,0.22177294921875,0.31395819783210754,0.3310551643371582,0.09186973422765732
1789222362077767000,0.231766845703125,0.4609207510948181,0.5027899146080017,0.14526212215423584
1789222362087761000,0.241760986328125,0.5559263229370117,0.1534034013748169,0.12910738587379456
1789222362097755000,0.2517548828125,0.5022362470626831,-0.19968461990356445,0.06484290957450867
1789222362107750000,0.26175,0.26260820031166077,-0.13215164840221405,-0.019036009907722473
1789222362117743900,0.271743896484375,0.04231736436486244,-0.06581150740385056,-0.10986924171447754
1789222362127738000,0.281738037109375,0.016320915892720222,-0.13757650554180145,-0.22629651427268982
1789222362137731800,0.29173193359375,0.13315245509147644,-0.07348966598510742,-0.21922077238559723
1789222362147725800,0.301725830078125,0.20991727709770203,0.23081643879413605,-0.08658389002084732
1789222362157719800,0.3117197265625,0.2373204082250595,0.2572365999221802,0.05043094977736473
1789222362167713800,0.3217138671875,0.28729623556137085,-0.07993771135807037,0.04188619554042816
1789222362177708800,0.331708740234375,0.31660404801368713,-0.26698270440101624,0.021620873361825943
1789222362187703000,0.341703125,0.19878287613391876,0.08527574688196182,0.002296443795785308
1789222362197697000,0.351697021484375,0.021795576438307762,0.3968791663646698,-0.00036698358599096537
1789222362207691000,0.36169091796875,-0.01492142491042614,0.4034039080142975,-0.008700280450284481
1789222362217685000,0.37168505859375,0.14102450013160706,0.28947681188583374,0.0027869981713593006
1789222362227679000,0.381678955078125,0.30494579672813416,0.4017024338245392,-0.10486117005348206
1789222362237674000,0.391674072265625,0.44706830382347107,0.06724748015403748,0.016384832561016083
1789222362247668000,0.40166796875,0.5448079109191895,-0.28408151865005493,0.08124585449695587
1789222362257662000,0.411661865234375,0.46023231744766235,0.26593393087387085,-0.04797844588756561
1789222362267656200,0.42165625,0.2113173007965088,0.7544050812721252,-0.11087857931852341
1789222362277650200,0.431650146484375,-0.025653963908553123,0.12121004611253738,0.02340865321457386
1789222362287644000,0.441643798828125,-0.14364132285118103,-0.5788804292678833,-0.035098597407341
1789222362297639200,0.45163916015625,-0.07590248435735703,-0.7026374936103821,-0.09044148027896881
1789222362307633000,0.4616328125,0.08872054517269135,-0.5140939354896545,-0.04999019578099251
1789222362317627000,0.471626953125,0.21285633742809296,-0.21418632566928864,0.07365318387746811
1789222362327620900,0.481620849609375,0.18159402906894684,0.48412594199180603,0.06448657810688019
1789222362337615000,0.491614990234375,0.17283062636852264,0.4534766674041748,-0.2728552222251892
1789222362347609000,0.501609130859375,0.2111431360244751,-0.3566601276397705,0.003040530951693654
1789222362357604000,0.51160400390625,0.17497020959854126,-0.10471096634864807,-0.07495865970849991
1789222362367598000,0.52159814453125,0.2364564836025238,-0.42981982231140137,0.13066133856773376
1789222362377592000,0.531592041015625,0.36249855160713196,-1.1306990385055542,0.5469110012054443
1789222362387586000,0.5415859375,0.14275023341178894,0.5009749531745911,0.308548241853714
1789222362397580000,0.551580078125,-0.3752599060535431,2.671095848083496,-0.10584493726491928
1789222362407574000,0.561573974609375,-0.6228707432746887,1.3557546138763428,-0.10472428053617477
1789222362417569000,0.571569091796875,-0.4201909005641937,-2.23671293258667,0.22598892450332642
1789222362427563000,0.58156298828125,-0.2002318948507309,-2.5947718620300293,0.1690731793642044
1789222362437557000,0.591556884765625,0.01955213025212288,-0.0397772416472435,-0.24102726578712463
1789222362447551000,0.601551025390625,0.30197131633758545,1.1762868165969849,-0.3003089725971222
1789222362457545000,0.611544921875,0.3002719581127167,0.7179266810417175,0.07964529097080231
1789222362467539200,0.621539306640625,-0.14461444318294525,0.7720799446105957,0.19362911581993103
1789222362477534000,0.631533935546875,-0.5718398094177246,0.5006532669067383,0.23570147156715393
1789222362487528200,0.641528076171875,-0.6347066760063171,-0.7959967255592346,0.3781515657901764
1789222362497522200,0.651522216796875,-0.48188912868499756,-1.1942291259765625,0.11109323054552078
1789222362507516000,0.661515869140625,-0.17177414894104004,-0.7507008910179138,0.150947704911232
1789222362517510000,0.671510009765625,0.22421392798423767,0.2590440809726715,0.2101348638534546
1789222362527504000,0.68150390625,0.5423402190208435,1.1870979070663452,-0.17626850306987762
1789222362537499000,0.691498779296875,0.5308497548103333,1.0105860233306885,-0.34965893626213074
1789222362547492900,0.701492919921875,0.2462390661239624,-0.16946785151958466,-0.10072901099920273
1789222362557487000,0.711487060546875,-0.1784869134426117,-0.7370250225067139,-0.07358047366142273
1789222362567481000,0.721481201171875,-0.49461373686790466,-0.5137203335762024,-0.07039666920900345
1789222362577475000,0.73147509765625,-0.567992627620697,-0.14024631679058075,0.2768683433532715
1789222362587469000,0.741468994140625,-0.3870917856693268,0.4031575918197632,0.22881028056144714
1789222362597464000,0.751464111328125,-0.08239101618528366,0.6030262112617493,-0.10407154262065887
1789222362607458000,0.7614580078125,0.1697179228067398,-0.12400077283382416,0.06446980684995651
1789222362617452000,0.7714521484375,0.1198454424738884,-0.5607176423072815,0.3643779456615448
1789222362627446000,0.781446044921875,-0.12150458991527557,-0.1541472226381302,-0.0785592570900917
1789222362637440000,0.79143994140625,-0.28737691044807434,-0.1371258944272995,-0.3942141532897949
1789222362647434000,0.80143408203125,-0.40791770815849304,-0.5729489922523499,-0.055750612169504166
1789222362657429000,0.811428955078125,-0.5502095818519592,-0.33736738562583923,0.07324305176734924
1789222362667423000,0.821423095703125,-0.5154353976249695,0.10929959267377853,-0.019758790731430054
1789222362677417000,0.8314169921875,-0.2796148657798767,0.010289655067026615,0.21290241181850433
1789222362687411000,0.841410888671875,-0.12483301013708115,0.054060839116573334,0.32041236758232117
1789222362697405200,0.8514052734375,-0.07496185600757599,-0.020724719390273094,0.1423984169960022
1789222362707399200,0.861399169921875,-0.05872483178973198,-0.3444646894931793,0.05222512036561966
1789222362717394200,0.871394287109375,-0.11729893088340759,-0.29413601756095886,-0.019643742591142654
1789222362727388000,0.881387939453125,-0.25830504298210144,0.003798999357968569,-0.12088167667388916
1789222362737382000,0.8913818359375,-0.26773691177368164,-0.2656910717487335,-0.1218888908624649
1789222362747375900,0.9013759765625,-0.2215699404478073,-0.41014304757118225,0.04181615635752678
1789222362757370000,0.9113701171875,-0.14446157217025757,-0.16900713741779327,0.13001525402069092
1789222362767364000,0.921364013671875,0.01876782812178135,-0.12990659475326538,0.09132751822471619
1789222362777359000,0.931359130859375,0.15147393941879272,-0.14392654597759247,0.07499221712350845
1789222362787353000,0.94135302734375,0.09059115499258041,0.2566443085670471,0.125077486038208
1789222362797347000,0.95134716796875,-0.011591674759984016,0.35668089985847473,0.007801730185747147
1789222362807341000,0.961341064453125,0.000404534162953496,-0.25551697611808777,-0.08031454682350159
1789222362817335000,0.9713349609375,0.07247180491685867,-0.5949137210845947,-0.08347970992326736
1789222362827329000,0.9813291015625,0.11087032407522202,-0.20427457988262177,-0.05049007013440132
1789222362837324000,0.991323974609375,0.18787989020347595,0.06310519576072693,-0.050101250410079956
1789222362847318000,1.001318115234375,0.28360721468925476,0.010902714915573597,-0.0779065191745758
1789222362857312000,1.01131201171875,0.2926182746887207,0.09803947806358337,-0.03406316041946411
1789222362867306000,1.021305908203125,0.23617205023765564,0.20738114416599274,0.15112240612506866
1789222362877300000,1.031300048828125,0.19166743755340576,0.23394085466861725,0.04044489562511444
1789222362887294000,1.0412939453125,0.2041424810886383,0.12501437962055206,-0.09585249423980713
1789222362897289000,1.0512890625,0.25998151302337646,-0.04018763452768326,0.075790636241436
1789222362907283000,1.061282958984375,0.3684627115726471,-0.10055910050868988,0.11479955166578293
1789222362917277200,1.071277099609375,0.4332126975059509,0.047209590673446655,-0.0043707797303795815
1789222362927271200,1.081271240234375,0.38600921630859375,0.21786442399024963,0.03405330702662468
1789222362937265000,1.091264892578125,0.29404279589653015,0.1939481645822525,0.09345964342355728
1789222362947259000,1.1012587890625,0.2623986005783081,-0.05054759606719017,-0.06550230830907822
1789222362957254000,1.11125390625,0.31405967473983765,-0.267599493265152,-0.15179724991321564
1789222362967248000,1.121247802734375,0.3694970905780792,-0.04813290759921074,-0.15762771666049957
1789222362977242000,1.1312421875,0.3893994092941284,0.3815058171749115,-0.14865924417972565
1789222362987236000,1.141236083984375,0.39209774136543274,0.47356730699539185,-0.05085785314440727
1789222362997230000,1.15122998046875,0.35955390334129333,0.25712525844573975,0.20608365535736084
1789222363007224000,1.16122412109375,0.24753603339195251,0.2875569462776184,0.2827046811580658
1789222363017219000,1.171218994140625,0.17656251788139343,0.14851224422454834,0.22110548615455627
1789222363027213000,1.181213134765625,0.19008950889110565,-0.18379512429237366,0.11447518318891525
1789222363037207000,1.19120703125,0.2547638416290283,-0.20780032873153687,-0.1590287983417511
1789222363047201000,1.201200927734375,0.3154570162296295,-0.06733217090368271,-0.10825616866350174
1789222363057195000,1.211195068359375,0.35385581851005554,0.23762160539627075,-0.0979987382888794
1789222363067189000,1.22118896484375,0.33816394209861755,0.5963299870491028,-0.2791331112384796
1789222363077184000,1.23118408203125,0.26635950803756714,0.41472235321998596,-0.15574805438518524
1789222363087178000,1.241177978515625,0.18752488493919373,-0.1766032725572586,0.06463997811079025
1789222363097172000,1.251171875,0.15013357996940613,-0.5439218878746033,0.03370283544063568
1789222363107166000,1.261166015625,0.18839707970619202,-0.44196969270706177,-0.020352410152554512
1789222363117160200,1.27116015625,0.22470608353614807,0.21449391543865204,-0.131783589720726
1789222363127154200,1.281154296875,0.2352932095527649,0.6615347862243652,-0.26661357283592224
1789222363137149200,1.291149169921875,0.2108674943447113,0.41776129603385925,-0.09953244775533676
1789222363147143200,1.30114306640625,0.13634824752807617,0.07787535339593887,0.10267950594425201
1789222363157137000,1.311136962890625,0.03970427066087723,0.014942997135221958,-0.005085838492959738
1789222363167131000,1.321130859375,0.0007440872141160071,-0.2445993572473526,-0.00815166998654604
1789222363177124900,1.331124755859375,-0.01661333069205284,-0.23951219022274017,0.13938532769680023
1789222363187119000,1.341119140625,-0.018603511154651642,0.383340984582901,0.018602712079882622
1789222363197113900,1.35111376953125,0.053166016936302185,0.6116554141044617,-0.16110099852085114
1789222363207107600,1.361107666015625,0.13102379441261292,-0.0490248017013073,0.009104282595217228
1789222363217101600,1.3711015625,0.1110953614115715,-0.5359204411506653,0.034512970596551895
1789222363227095600,1.381095458984375,0.054671235382556915,-0.3647204339504242,-0.1952645629644394
1789222363237089500,1.391089599609375,0.009431851096451283,0.006189985200762749,-0.15943706035614014
1789222363247083800,1.401083740234375,-0.044079042971134186,0.27660417556762695,-0.01883893460035324
1789222363257078500,1.41107861328125,-0.026261964812874794,0.26138073205947876,-0.026520824059844017
1789222363267072800,1.42107275390625,0.0228605754673481,0.1700846403837204,0.06918146461248398
1789222363277066800,1.431066650390625,0.0539575070142746,0.09088942408561707,0.1349112093448639
1789222363287060700,1.441060791015625,0.0923384502530098,-0.06126415729522705,0.014289990067481995
1789222363297054500,1.451054443359375,0.11038003861904144,-0.0690818652510643,0.04263933748006821
1789222363307048400,1.46104833984375,0.07289311289787292,0.27319878339767456,-0.016639163717627525
1789222363317043500,1.47104345703125,0.043773047626018524,0.3702313303947449,-0.2559119462966919
1789222363327037700,1.48103759765625,0.07050958275794983,-0.03911810740828514,-0.26316824555397034
1789222363337031700,1.49103173828125,0.06553000956773758,-0.16713732481002808,-0.03786296024918556
1789222363347025700,1.501025634765625,0.09743574261665344,-0.043477967381477356,-0.060145094990730286
1789222363357019600,1.51101953125,0.16877250373363495,-0.014459633268415928,-0.058275558054447174
1789222363367013600,1.521013671875,0.21506117284297943,0.17628182470798492,-0.0560251846909523
1789222363377008600,1.531008544921875,0.1904410570859909,0.44961509108543396,-0.04656750336289406
1789222363387002600,1.541002685546875,0.16967478394508362,0.39865922927856445,-0.10014231503009796
1789222363396996900,1.550996826171875,0.1678134948015213,0.13736851513385773,-0.00708747049793601
1789222363406990600,1.560990478515625,0.15365827083587646,0.05379984900355339,0.020548950880765915
1789222363416984600,1.570984619140625,0.19170285761356354,-0.007092264015227556,-0.030463101342320442
1789222363426978600,1.580978515625,0.28171929717063904,0.053758036345243454,-0.12995746731758118
1789222363436973600,1.5909736328125,0.3511042296886444,0.28131103515625,-0.1277449131011963
1789222363446967600,1.600967529296875,0.3535652458667755,0.4150342047214508,-0.0751139223575592
1789222363456961500,1.61096142578125,0.3653108775615692,0.19837673008441925,-0.12485058605670929
1789222363466955800,1.620955810546875,0.3709607720375061,-0.0937802866101265,-0.028232969343662262
1789222363476949800,1.63094970703125,0.3212280869483948,0.0759538859128952,0.06892367452383041
1789222363486943700,1.64094384765625,0.2956430912017822,0.35126161575317383,0.11835593730211258
1789222363496937700,1.650937744140625,0.29991722106933594,0.4987855553627014,0.12224122136831284
1789222363506932700,1.6609326171875,0.314445823431015,0.5375465154647827,-0.1289862096309662
1789222363516926500,1.670926513671875,0.32407739758491516,0.14921104907989502,-0.05429572984576225
1789222363526920400,1.68092041015625,0.285982221364975,0.02189970575273037,0.011537612415850163
1789222363536914700,1.690914794921875,0.22979457676410675,0.25286900997161865,-0.04229765385389328
1789222363546908700,1.70090869140625,0.20425327122211456,0.3164288103580475,-0.07323586195707321
1789222363556902700,1.710902587890625,0.21860983967781067,0.11596707999706268,-0.017355820164084435
1789222363566897700,1.720897705078125,0.17050382494926453,0.1326930671930313,0.09694039821624756
1789222363576891600,1.7308916015625,0.17643068730831146,0.15890948474407196,-0.05609975382685661
1789222363586885600,1.7408857421875,0.23588629066944122,-0.08386880159378052,-0.033851705491542816
1789222363596879600,1.750879638671875,0.22883132100105286,0.05732880160212517,-0.07386543601751328
1789222363606873900,1.760873779296875,0.2042466104030609,0.2964356541633606,-0.17484185099601746
1789222363616867600,1.77086767578125,0.2180287390947342,0.249106764793396,-0.11525708436965942
1789222363626862600,1.780862548828125,0.21563109755516052,0.2921256124973297,-0.06250971555709839
1789222363636856600,1.790856689453125,0.12185453623533249,0.4711986780166626,0.08549758791923523
1789222363646850600,1.8008505859375,0.019116969779133797,0.41871604323387146,0.1770927608013153
1789222363656844500,1.810844482421875,-0.05654130503535271,0.27118197083473206,0.189408540725708
1789222363666838500,1.820838623046875,-0.04854170233011246,0.18095380067825317,0.06160290911793709
1789222363676832800,1.830832763671875,0.031503330916166306,0.022600118070840836,-0.06956576555967331
1789222363686827800,1.840827880859375,0.12682266533374786,-0.20471106469631195,-0.1840880811214447
1789222363696821800,1.85082177734375,0.19960658252239227,-0.346615195274353,-0.15047526359558105
1789222363706815700,1.860815673828125,0.17731140553951263,-0.13277775049209595,0.047987766563892365
1789222363716809700,1.870809814453125,0.07127764075994492,0.30819937586784363,0.15518265962600708
1789222363726803500,1.880803466796875,-0.08980312198400497,0.5959989428520203,0.15327557921409607
1789222363736797700,1.890797607421875,-0.24788783490657806,0.41675886511802673,0.11825393885374069
1789222363746792400,1.90079248046875,-0.2994394302368164,-0.1684609204530716,-0.014943529851734638
1789222363756786700,1.91078662109375,-0.2211371809244156,-0.5574720501899719,-0.13359534740447998
1789222363766780700,1.92078076171875,-0.11113450676202774,-0.19668669998645782,-0.11338115483522415
1789222363776774700,1.930774658203125,-0.027171965688467026,0.454171746969223,-0.18216687440872192
1789222363786768600,1.9407685546875,-0.02545316144824028,0.4570485055446625,-0.03822861239314079
1789222363796762600,1.9507626953125,-0.1433853954076767,0.003099120454862714,0.2961941063404083
1789222363806757600,1.960757568359375,-0.28653350472450256,-0.45543143153190613,0.2867944836616516
1789222363816751600,1.970751708984375,-0.37610653042793274,-0.46958693861961365,0.1227368414402008
1789222363826745900,1.980745849609375,-0.39110010862350464,0.006039250176399946,-0.06745520979166031
1789222363836739600,1.990739501953125,-0.35525450110435486,0.2350335568189621,-0.2344394028186798
1789222363846733600,2.000733642578125,-0.3044155538082123,-0.004005394410341978,-0.19412899017333984
1789222363856727600,2.0107275390625,-0.21267259120941162,-0.10810436308383942,-0.35034921765327454
1789222363866722600,2.02072265625,-0.12914147973060608,-0.3792724907398224,-0.23127129673957825
1789222363876716500,2.030716552734375,-0.2097332626581192,-0.43688252568244934,0.09472224861383438
1789222363886710500,2.04071044921875,-0.27921485900878906,0.156904399394989,0.028663335368037224
1789222363896704800,2.050704833984375,-0.32412242889404297,0.012795157730579376,0.11737509816884995
1789222363906698800,2.06069873046875,-0.4894128441810608,-0.29394346475601196,0.10086829215288162
1789222363916692700,2.070692626953125,-0.6525388956069946,-0.2181890606880188,-0.052018459886312485
1789222363926687700,2.080687744140625,-0.5681244134902954,-0.19825290143489838,-0.18136286735534668
1789222363936681700,2.090681640625,-0.31201088428497314,-0.30752772092819214,-0.10994354635477066
1789222363946675500,2.100675537109375,-0.1302216500043869,-0.22379767894744873,-0.07480339705944061
1789222363956669700,2.110669677734375,-0.06408151239156723,-0.22856153547763824,-0.13784947991371155
1789222363966663700,2.12066357421875,-0.08321206271648407,-0.27304965257644653,-0.05643531307578087
1789222363976657700,2.13065771484375,-0.1285494565963745,-0.05811337009072304,0.07344971597194672
1789222363986652700,2.140652587890625,-0.23957930505275726,-0.21907588839530945,0.22354041039943695
1789222363996646700,2.150646728515625,-0.25306129455566406,0.006157494615763426,0.09418615698814392
1789222364006640600,2.160640625,-0.13583159446716309,-0.12945891916751862,0.11633646488189697
1789222364016634600,2.170634521484375,-0.04879550263285637,-0.26937422156333923,0.28754761815071106
1789222364026628600,2.180628662109375,0.025971412658691406,-0.07152558118104935,0.13563399016857147
1789222364036622800,2.190622802734375,0.1423582136631012,-0.14101091027259827,0.015607722103595734
1789222364046617900,2.200617919921875,0.2024764120578766,-0.24483850598335266,0.12324390560388565
1789222364056611600,2.210611572265625,0.20466552674770355,0.11316756904125214,-0.16066130995750427
1789222364066605600,2.22060546875,0.2439088076353073,0.0004063983797095716,-0.36623790860176086
1789222364076599600,2.230599609375,0.28957056999206543,-0.4609830677509308,-0.17137734591960907
1789222364086593500,2.240593505859375,0.30893492698669434,-0.21343745291233063,-0.1885584592819214
1789222364096587800,2.250587890625,0.3370020091533661,0.2372322529554367,-0.06272543221712112
1789222364106582500,2.26058251953125,0.3539274334907532,0.4242623448371887,0.16668406128883362
1789222364116576800,2.27057666015625,0.3137424886226654,0.3647763729095459,0.2877731919288635
1789222364126570800,2.28057080078125,0.24119025468826294,0.07540660351514816,0.397946834564209
1789222364136564700,2.290564697265625,0.21229708194732666,-0.09189263731241226,0.15866953134536743
1789222364146558700,2.300558837890625,0.26013731956481934,-0.09630576521158218,-0.05146239325404167
1789222364156552400,2.310552490234375,0.37623247504234314,0.08038245886564255,-0.1944187432527542
1789222364166547500,2.32054736328125,0.5488242506980896,0.14155606925487518,-0.3393911123275757
1789222364176541400,2.33054150390625,0.6977961659431458,0.04267475754022598,-0.2040921449661255
1789222364186535700,2.34053564453125,0.6947332620620728,0.33511674404144287,0.020870661363005638
1789222364196529700,2.35052978515625,0.6048007011413574,0.529742419719696,0.09880567342042923
1789222364206523600,2.360523681640625,0.528626561164856,0.21379190683364868,0.259640634059906
1789222364216517600,2.370517578125,0.41312313079833984,0.22538678348064423,0.3520296812057495
1789222364226512600,2.3805126953125,0.3366440534591675,0.4448224604129791,0.18352189660072327
1789222364236506600,2.390506591796875,0.3725826144218445,0.2680210769176483,0.011901134625077248
1789222364246500600,2.40050048828125,0.4674302935600281,0.00022210762836039066,-0.015202654525637627
1789222364256494800,2.410494873046875,0.5731666088104248,0.03278511017560959,-0.08871202915906906
1789222364266488800,2.42048876953125,0.5720139741897583,0.2624366879463196,-0.0818578451871872
1789222364276482600,2.430482666015625,0.46671631932258606,0.45478349924087524,-0.07901758700609207
1789222364286477800,2.440477783203125,0.31229957938194275,0.5087500214576721,0.06220425292849541
1789222364296471600,2.450471435546875,0.23063161969184875,0.3705431818962097,0.13329467177391052
1789222364306465500,2.460465576171875,0.23225906491279602,0.17187614738941193,-0.029024194926023483
1789222364316459800,2.470459716796875,0.29783886671066284,-0.05940500274300575,0.01877475343644619
1789222364326453800,2.480453857421875,0.4053112864494324,0.06927281618118286,0.08717378228902817
1789222364336447700,2.49044775390625,0.5402666926383972,0.5526311993598938,-0.22869735956192017
1789222364346442800,2.50044287109375,0.6509085297584534,0.4333423674106598,-0.21410483121871948
1789222364356436700,2.510436767578125,0.5527423024177551,0.31721124053001404,-0.059121642261743546
1789222364366430700,2.5204306640625,0.37320420145988464,0.4013029634952545,-0.12195999175310135
1789222364376424700,2.5304248046875,0.26482686400413513,0.2649432420730591,0.042636409401893616
1789222364386418700,2.540418701171875,0.18435199558734894,0.23807941377162933,0.2068682312965393
1789222364396412700,2.55041259765625,0.14519447088241577,0.4399595260620117,0.08881562203168869
1789222364406407700,2.56040771484375,0.20192725956439972,0.4434613287448883,-0.011876100674271584
1789222364416401700,2.570401611328125,0.26099804043769836,0.2767391800880432,-0.04297995939850807
1789222364426395600,2.580395751953125,0.27577832341194153,0.09508869796991348,-0.10438366234302521
1789222364436389600,2.5903896484375,0.27751070261001587,0.06877081096172333,-0.11435320973396301
1789222364446383600,2.600383544921875,0.24258893728256226,0.3125493824481964,-0.05666860565543175
1789222364456377900,2.6103779296875,0.17740540206432343,0.4672108590602875,-0.03587650880217552
1789222364466372600,2.62037255859375,0.11847657710313797,0.4940994679927826,0.0070770843885838985
1789222364476366800,2.630366943359375,0.01152509544044733,0.5331142544746399,0.07669317722320557
1789222364486360800,2.64036083984375,-0.06247882544994354,0.09588125348091125,0.08256971091032028
1789222364496354600,2.6503544921875,-0.06804350018501282,-0.3066134750843048,0.08263708651065826
1789222364506348500,2.6603486328125,-0.1147817075252533,0.03664456307888031,0.05018780380487442
1789222364516342500,2.670342529296875,-0.20255602896213531,0.3506331145763397,0.07792302966117859
1789222364526337500,2.680337646484375,-0.221238911151886,0.23906078934669495,-0.0771120935678482
1789222364536331800,2.690331787109375,-0.1736879050731659,-0.08550584316253662,-0.08295027911663055
1789222364546325800,2.70032568359375,-0.15850229561328888,0.016650881618261337,-0.016340358182787895
1789222364556319700,2.71031982421875,-0.17052780091762543,0.27897971868515015,-0.05783293768763542
1789222364566313700,2.720313720703125,-0.17481335997581482,0.24923565983772278,0.04577521234750748
1789222364576307700,2.7303076171875,-0.18742582201957703,0.20909009873867035,0.02334234118461609
1789222364586302700,2.740302734375,-0.17895802855491638,0.07745590806007385,-0.14402854442596436
1789222364596296700,2.750296630859375,-0.16523343324661255,-0.04140815883874893,-0.15824875235557556
1789222364606290700,2.760290771484375,-0.17923685908317566,-0.06850555539131165,-0.1620331108570099
1789222364616284700,2.77028466796875,-0.16327600181102753,-0.17869970202445984,-0.16382594406604767
1789222364626278700,2.780278564453125,-0.17082233726978302,-0.10998695343732834,0.036068256944417953
1789222364636273700,2.790273681640625,-0.3263693153858185,0.3479846119880676,0.11481526494026184
1789222364646267600,2.800267578125,-0.4708327651023865,0.3358443081378937,0.007481351960450411
1789222364656261600,2.81026171875,-0.5687393546104431,-0.05937890335917473,0.18465347588062286
1789222364666255600,2.820255615234375,-0.6656890511512756,0.02184404619038105,0.1058095172047615
1789222364676249900,2.830249755859375,-0.667601466178894,-0.03290628269314766,-0.0866083949804306
1789222364686243800,2.840243896484375,-0.5668189525604248,-0.4774264693260193,-0.05114361271262169
1789222364696238800,2.85023876953125,-0.5099186301231384,-0.4517221748828888,-0.011392736807465553
1789222364706232800,2.86023291015625,-0.5449927449226379,-0.1364065706729889,-0.000532632227987051
1789222364716226600,2.8702265625,-0.6874223351478577,-0.07623405009508133,0.06221463903784752
1789222364726220500,2.880220458984375,-0.904610276222229,-0.2730315327644348,0.0668187141418457
1789222364736214500,2.890214599609375,-1.0371803045272827,-0.6490264534950256,0.047264982014894485
1789222364746208800,2.900208740234375,-0.9346582293510437,-1.0827118158340454,0.07246328145265579
1789222364756203800,2.910203857421875,-0.7326659560203552,-0.7084623575210571,-0.06729035824537277
1789222364766197800,2.92019775390625,-0.5617594718933105,-0.04283135384321213,-0.1566934734582901
1789222364776191700,2.930191650390625,-0.48466041684150696,0.010202303528785706,0.01925651915371418
1789222364786185700,2.940185791015625,-0.5303530693054199,-0.1663767248392105,0.1664225310087204
1789222364796179700,2.9501796875,-0.6830416917800903,-0.15926875174045563,0.16473914682865143
1789222364806173700,2.960173583984375,-0.8077623248100281,-0.2739284932613373,0.09874255210161209
1789222364816168700,2.970168701171875,-0.7797264456748962,-0.6899113059043884,0.20375525951385498
1789222364826162700,2.98016259765625,-0.582500696182251,-0.6162336468696594,0.11874262988567352
1789222364836156700,2.99015673828125,-0.31478482484817505,0.06184312701225281,-0.18244996666908264
1789222364846150700,3.000150634765625,-0.11599185317754745,0.43048587441444397,-0.23292912542819977
1789222364856144600,3.01014453125,0.04573925957083702,-0.18686948716640472,-0.1290019303560257
1789222364866138600,3.020138671875,0.08543606847524643,-0.7393417358398438,0.13584491610527039
1789222364876133600,3.030133544921875,-0.039576172828674316,-0.18744419515132904,0.08123493194580078
1789222364886127600,3.040127685546875,-0.15645751357078552,0.27636873722076416,0.041190315037965775
1789222364896121900,3.050121826171875,-0.1827160120010376,0.12423113733530045,0.251200795173645
1789222364906115800,3.06011572265625,-0.13777650892734528,0.0929267480969429,0.19027434289455414
1789222364916109800,3.07010986328125,0.03735349699854851,0.09411051869392395,0.03658943623304367
1789222364926103600,3.080103515625,0.22228899598121643,0.0759672001004219,0.1368342787027359
1789222364936098600,3.0900986328125,0.3071034848690033,0.16783453524112701,0.042146921157836914
1789222364946092500,3.100092529296875,0.3468775153160095,0.062195464968681335,-0.16752322018146515
1789222364956086500,3.11008642578125,0.34470146894454956,-0.13085788488388062,-0.19275826215744019
1789222364966080800,3.120080810546875,0.27617913484573364,-0.04902293533086777,-0.144016295671463
1789222364976074800,3.13007470703125,0.25780436396598816,0.105892613530159,-0.13113272190093994
1789222364986068700,3.14006884765625,0.2834141254425049,0.24131515622138977,-0.08330074697732925
1789222364996063700,3.150063720703125,0.3010282814502716,0.24527740478515625,0.1252942681312561
1789222365006057700,3.1600576171875,0.2904195785522461,0.2713228464126587,0.23196105659008026
1789222365016051700,3.1700517578125,0.2884131669998169,0.3290756344795227,0.024213727563619614
1789222365026045700,3.180045654296875,0.30550211668014526,0.20237547159194946,-0.11821266263723373
1789222365036039700,3.190039794921875,0.30439823865890503,0.06763896346092224,-0.0748119205236435
1789222365046033700,3.20003369140625,0.289643794298172,0.12320023030042648,-0.12045744061470032
1789222365056028700,3.210028564453125,0.32557782530784607,0.19198700785636902,-0.19747047126293182
1789222365066022700,3.220022705078125,0.39331960678100586,0.15548066794872284,-0.058636680245399475
1789222365076016600,3.2300166015625,0.3359423279762268,0.359391987323761,0.09963525086641312
1789222365086010600,3.2400107421875,0.20613159239292145,0.42884376645088196,0.10365715622901917
1789222365096004600,3.250004638671875,0.07055912166833878,0.1957995891571045,0.24473224580287933
1789222365105998800,3.259998779296875,-0.11402510851621628,0.24263474345207214,0.2669355571269989
1789222365115993900,3.269993896484375,-0.25938788056373596,0.2101854532957077,0.10574959963560104
1789222365125987800,3.27998779296875,-0.2748211920261383,-0.24369122087955475,0.07824154198169708
1789222365135981800,3.28998193359375,-0.2610001564025879,-0.3725533187389374,-0.04920110106468201
1789222365145975600,3.2999755859375,-0.28996336460113525,-0.19873972237110138,-0.12549108266830444
1789222365155969500,3.309969482421875,-0.32769665122032166,-0.31988078355789185,0.004204865079373121
1789222365165963800,3.3199638671875,-0.38979411125183105,-0.377693235874176,0.11897166073322296
1789222365175958500,3.32995849609375,-0.4892437160015106,0.012480371631681919,-0.07365131378173828
1789222365185952800,3.339952880859375,-0.5169776082038879,0.0282894279807806,-0.30344322323799133
1789222365195947300,3.349947265625,-0.47252678871154785,-0.4858708381652832,-0.19419769942760468
1789222365205941200,3.359941162109375,-0.48060816526412964,-0.5568339824676514,-0.031007450073957443
1789222365215935200,3.369935302734375,-0.5227159261703491,-0.1829618215560913,0.08887740969657898
1789222365225929200,3.37992919921875,-0.539915144443512,0.052988648414611816,0.28888747096061707
1789222365235924200,3.38992431640625,-0.6109848022460938,0.18617360293865204,0.3099445402622223
1789222365245918200,3.399918212890625,-0.6889957189559937,0.033728670328855515,0.10546091198921204
1789222365255912200,3.409912109375,-0.7319051027297974,-0.4219357967376709,0.09135361760854721
1789222365265906400,3.419906494140625,-0.6828576922416687,-0.5642157196998596,-0.08153107762336731
1789222365275900400,3.429900390625,-0.545659601688385,-0.3767257034778595,-0.09008488804101944
1789222365285894100,3.43989404296875,-0.4200896918773651,-0.010988202877342701,-0.06497553735971451
1789222365295889400,3.449889404296875,-0.3513298034667969,0.04874170571565628,0.057435330003499985
1789222365305883100,3.459883056640625,-0.32399776577949524,-0.3137270212173462,0.3121347427368164
1789222365315877000,3.469877197265625,-0.300434410572052,-0.5221545100212097,0.21336740255355835
1789222365325871000,3.47987109375,-0.29821091890335083,-0.36219868063926697,0.07411843538284302
1789222365335865300,3.489865234375,-0.3519974648952484,-0.076015405356884,0.08586936444044113
1789222365345859300,3.499859375,-0.3700305223464966,-0.03284689784049988,0.08364882320165634
1789222365355854300,3.509854248046875,-0.32595759630203247,-0.03664003685116768,0.1303502768278122
1789222365365848300,3.519848388671875,-0.26318156719207764,-0.02316097915172577,0.15362684428691864
1789222365375842300,3.52984228515625,-0.28284475207328796,0.060929663479328156,-0.012190353125333786
1789222365385836300,3.539836181640625,-0.30833545327186584,-0.29765936732292175,-0.051412858068943024
1789222365395830300,3.549830322265625,-0.30424219369888306,-0.7569308280944824,0.04772304743528366
1789222365405824300,3.55982421875,-0.26963892579078674,-0.6427709460258484,-0.11543551832437515
1789222365415819300,3.5698193359375,-0.19331753253936768,-0.38419532775878906,-0.18720318377017975
1789222365425813200,3.579813232421875,-0.20507565140724182,-0.10519059747457504,-0.04712436720728874
1789222365435807200,3.58980712890625,-0.2633560001850128,-0.0498112328350544,-0.08050496131181717
1789222365445801200,3.59980126953125,-0.3206608295440674,-0.25294438004493713,0.04409182816743851
1789222365455795200,3.609795166015625,-0.3830406069755554,-0.26262974739074707,0.16827821731567383
1789222365465790200,3.619790283203125,-0.40068748593330383,-0.1897643357515335,0.11091320216655731
1789222365475784200,3.6297841796875,-0.3211950659751892,-0.22977274656295776,0.036019787192344666
1789222365485778400,3.6397783203125,-0.26818403601646423,0.03520645573735237,0.0013353090034797788
1789222365495772400,3.6497724609375,-0.2372937798500061,0.15600664913654327,-0.012255067937076092
1789222365505766100,3.65976611328125,-0.191481813788414,-0.21043819189071655,0.02570429816842079
1789222365515760000,3.669760009765625,-0.2009083330631256,-0.429436057806015,0.09748900681734085
1789222365525755100,3.679755126953125,-0.271822988986969,-0.19757166504859924,0.09975428879261017
1789222365535749000,3.6897490234375,-0.2690402567386627,-0.24974298477172852,0.12539014220237732
1789222365545743000,3.6997431640625,-0.20089635252952576,-0.40923944115638733,0.10236764699220657
1789222365555737300,3.7097373046875,-0.17492307722568512,-0.18263132870197296,0.008583634160459042
1789222365565731300,3.7197314453125,-0.17272090911865234,-0.09519735723733902,0.17067666351795197
1789222365575725300,3.729725341796875,-0.17708076536655426,-0.23475098609924316,0.27468082308769226
1789222365585720300,3.73972021484375,-0.16132977604866028,-0.36301228404045105,0.18726922571659088
1789222365595714300,3.74971435546875,-0.11927179992198944,-0.28220078349113464,0.0950239822268486
1789222365605708300,3.759708251953125,-0.05729258432984352,-0.09142711758613586,-0.017228521406650543
1789222365615702300,3.769702392578125,-0.02931367978453636,0.00917645450681448,-0.10624707490205765
1789222365625696300,3.7796962890625,-0.008499212563037872,-0.12738512456417084,-0.08970937877893448
1789222365635690200,3.789690185546875,-0.01613076590001583,-0.2622515857219696,0.139851376414299
1789222365645685200,3.799685302734375,-0.011601528152823448,-0.2764457166194916,0.08879990875720978
1789222365655679200,3.80967919921875,-0.006155896931886673,-0.2818053066730499,0.07372215390205383
1789222365665673200,3.819673095703125,-0.06111901253461838,0.01587803289294243,0.16113616526126862
1789222365675667200,3.829667236328125,-0.07755471020936966,0.19357985258102417,0.11255157738924026
1789222365685661400,3.839661376953125,-0.03640035167336464,-0.13652482628822327,0.11997140944004059
1789222365695655400,3.849655517578125,0.0026818031910806894,-0.3342605233192444,0.03418513387441635
1789222365705650400,3.859650390625,0.025489913299679756,-0.28177550435066223,0.07548756897449493
1789222365715644400,3.86964453125,0.08046581596136093,-0.403098464012146,0.16071458160877228
1789222365725638100,3.87963818359375,0.12034451961517334,-0.22457878291606903,-0.01816462352871895
1789222365735632100,3.889632080078125,0.10609234869480133,0.1474539041519165,0.06144258752465248
1789222365745626000,3.899626220703125,0.12507721781730652,0.07821597903966904,0.2033185064792633
1789222365755620400,3.909620361328125,0.16825611889362335,-0.2241838276386261,0.12019431591033936
1789222365765615000,3.919614990234375,0.21524253487586975,-0.3041447103023529,0.20235736668109894
1789222365775609300,3.929609375,0.26911988854408264,0.10636691749095917,0.06540270894765854
1789222365785603300,3.939603271484375,0.35597115755081177,0.18111465871334076,-0.06289507448673248
1789222365795597300,3.949597412109375,0.3738042116165161,0.006926083005964756,0.10566703975200653
1789222365805591300,3.95959130859375,0.3059178590774536,0.199870765209198,0.11863689869642258
1789222365815585300,3.969585205078125,0.24913392961025238,0.2522306442260742,0.19489172101020813
1789222365825580300,3.979580322265625,0.2087356299161911,0.02383422665297985,0.21029464900493622
1789222365835574300,3.98957421875,0.20721018314361572,-0.13663694262504578,0.06449989974498749
1789222365845568300,3.999568359375,0.2376125603914261,-0.08354496210813522,-0.030221551656723022
1789222365855562200,4.009562255859375,0.3489169776439667,-0.12632916867733002,-0.30659615993499756
1789222365865556200,4.01955615234375,0.47742968797683716,-0.2481594681739807,-0.3121517598628998
1789222365875550200,4.02955029296875,0.4728735387325287,0.1580980271100998,-0.22837086021900177
1789222365885545200,4.039545166015625,0.43270960450172424,0.38371169567108154,-0.2871425449848175
1789222365895539200,4.049539306640625,0.37215784192085266,0.05511678010225296,0.05360570549964905
1789222365905533400,4.059533447265625,0.1720583140850067,0.2856016457080841,0.24664519727230072
1789222365915527400,4.06952734375,0.044248953461647034,0.19538919627666473,0.22794342041015625
1789222365925521400,4.079521484375,0.06636996567249298,-0.34543943405151367,0.2141868621110916
1789222365935516400,4.089516357421875,0.14989548921585083,-0.23917396366596222,0.0929885283112526
1789222365945510400,4.099510498046875,0.2365076094865799,0.3889525532722473,-0.21605746448040009
1789222365955504000,4.109504150390625,0.3166581094264984,0.3699037432670593,-0.295654833316803
1789222365965498000,4.119498046875,0.32178229093551636,-0.050090596079826355,-0.18764206767082214
1789222365975492400,4.129492431640625,0.2541334629058838,-0.1949998438358307,-0.1753380000591278
1789222365985486300,4.139486328125,0.18313945829868317,-0.25707706809043884,-0.09351237118244171
1789222365995481300,4.1494814453125,0.1830393224954605,-0.24041686952114105,-0.14360350370407104
1789222366005475300,4.159475341796875,0.32931825518608093,-0.3153044283390045,-0.24923352897167206
1789222366015469300,4.16946923828125,0.44605737924575806,-0.08446534723043442,-0.14328712224960327
1789222366025463300,4.17946337890625,0.3581498861312866,0.5943994522094727,-0.0059724049642682076
1789222366035457300,4.189457275390625,0.17494651675224304,0.816131055355072,0.13259905576705933
1789222366045451300,4.199451171875,-0.0022916500456631184,0.40325692296028137,0.26520290970802307
1789222366055446300,4.2094462890625,-0.03883235156536102,-0.262746661901474,0.19528241455554962
1789222366065440300,4.219440185546875,0.04917553439736366,-0.4368670582771301,-0.15757231414318085
1789222366075434200,4.229434326171875,0.15376585721969604,-0.22759614884853363,-0.40552058815956116
1789222366085428200,4.23942822265625,0.20925602316856384,-0.24165523052215576,-0.21134473383426666
1789222366095422200,4.249422119140625,0.24077533185482025,-0.13394688069820404,-0.04898938164114952
1789222366105416200,4.259416259765625,0.21333464980125427,0.36140507459640503,-0.18755951523780823
1789222366115411200,4.2694111328125,0.09114828705787659,0.4313974678516388,-0.16061364114284515
1789222366125405200,4.2794052734375,-0.07215355336666107,0.011541874147951603,0.12769031524658203
1789222366135399400,4.2893994140625,-0.16453781723976135,-0.2517342269420624,0.1391163468360901
1789222366145393400,4.299393310546875,-0.07830572128295898,-0.5010801553726196,-0.07808787375688553
1789222366155387100,4.30938720703125,0.023500265553593636,-0.3087533116340637,-0.1631058305501938
1789222366165381000,4.319381103515625,0.055933039635419846,0.26391953229904175,-0.198038250207901
1789222366175376100,4.329376220703125,0.07321402430534363,0.4444544315338135,-0.1712023764848709
1789222366185370000,4.3393701171875,0.05235828086733818,0.18019400537014008,-0.16277000308036804
1789222366195363600,4.349363525390625,-0.09542185813188553,-0.06004096567630768,0.008376440964639187
1789222366205357600,4.359357666015625,-0.25883689522743225,-0.29609665274620056,0.25205621123313904
1789222366215351600,4.3693515625,-0.3097456097602844,-0.32868388295173645,0.1349162757396698
1789222366225345500,4.379345458984375,-0.28271904587745667,-0.10796774923801422,0.1561451256275177
1789222366235340500,4.389340576171875,-0.22845767438411713,0.25035977363586426,0.026459837332367897
1789222366245334500,4.39933447265625,-0.1141904890537262,0.04274400323629379,-0.2866450846195221
1789222366255328800,4.409328857421875,-0.008761799894273281,-0.535879909992218,-0.13004082441329956
1789222366265322500,4.419322509765625,0.08937968313694,-0.7015559673309326,-0.07103262841701508
1789222366275316500,4.42931640625,0.09542425721883774,-0.21823513507843018,-0.13064083456993103
1789222366285311500,4.4393115234375,-0.057011354714632034,0.374702513217926,-0.03610420972108841
1789222366295305500,4.449305419921875,-0.16290369629859924,0.2631320357322693,0.05378120765089989
1789222366305299500,4.459299560546875,-0.16330423951148987,-0.1257914900779724,0.13701723515987396
1789222366315293400,4.46929345703125,-0.0985417515039444,-0.2936643660068512,-0.016031963750720024
1789222366325287700,4.47928759765625,-0.02978692390024662,-0.3857783079147339,0.09875986725091934
1789222366335281700,4.48928173828125,0.007418235298246145,-0.16552823781967163,0.2870786488056183
1789222366345276700,4.499276611328125,0.05903828516602516,0.1850614696741104,-0.012294217012822628
1789222366355270700,4.509270751953125,0.14472469687461853,-0.005603291094303131,-0.21740742027759552
1789222366365264600,4.5192646484375,0.14938496053218842,-0.2764672636985779,-0.07252799719572067
1789222366375258400,4.52925830078125,0.04380181059241295,0.06942727416753769,-0.11538837850093842
1789222366385252400,4.53925244140625,0.016262592747807503,0.10427021235227585,-0.1262120008468628
1789222366395246600,4.54924658203125,0.07494454830884933,-0.19692504405975342,0.23445431888103485
1789222366405241600,4.55924169921875,0.04337730258703232,0.1732948273420334,0.30173081159591675
1789222366415235600,4.569235595703125,0.08111775666475296,0.14971040189266205,0.04896780848503113
1789222366425229600,4.5792294921875,0.18743248283863068,-0.3019428253173828,-0.005911951418966055
1789222366435223600,4.5892236328125,0.1573438197374344,-0.043419111520051956,-0.03045670874416828
1789222366445217500,4.599217529296875,0.13583506643772125,0.11121413856744766,-0.18977579474449158
1789222366455211500,4.60921142578125,0.22797058522701263,-0.265846312046051,-0.21705055236816406
1789222366465206500,4.61920654296875,0.23484766483306885,-0.1660906970500946,-0.009012669324874878
1789222366475200800,4.62920068359375,0.0903855562210083,0.30376121401786804,0.23129820823669434
1789222366485194500,4.639194580078125,0.031806133687496185,0.27240967750549316,0.05933602899312973
1789222366495188500,4.6491884765625,0.010847588069736958,-0.07834380865097046,0.21988895535469055
1789222366505182500,4.659182373046875,-0.12120072543621063,0.2092626690864563,0.3834392726421356
1789222366515176400,4.669176513671875,-0.1440945863723755,0.19330714643001556,0.08660946041345596
1789222366525171500,4.67917138671875,0.006445914972573519,-0.5217524170875549,0.08065356314182281
1789222366535165400,4.68916552734375,0.19432313740253448,-0.5971012115478516,-0.08429570496082306
1789222366545159700,4.69915966796875,0.34298717975616455,0.13696317374706268,-0.6482610702514648
1789222366555153700,4.709153564453125,0.4136890470981598,0.16492077708244324,-0.33867791295051575
1789222366565147600,4.719147705078125,0.3140423595905304,0.08499691635370255,-0.07098682224750519
1789222366575142700,4.729142578125,0.18677280843257904,0.12829405069351196,-0.09408335387706757
1789222366585136600,4.73913671875,0.0812506452202797,-0.08747205883264542,0.3515859842300415
1789222366595130400,4.74913037109375,-0.06024869158864021,0.03924807161092758,0.3431549668312073
1789222366605124400,4.759124267578125,-0.10624894499778748,0.05337480828166008,0.16559748351573944
1789222366615118600,4.76911865234375,-0.005998503882437944,-0.11444961279630661,0.20823203027248383
1789222366625112600,4.779112548828125,0.1633250117301941,0.10322758555412292,-0.1557275503873825
1789222366635107600,4.789107666015625,0.2927730083465576,0.31514835357666016,-0.31578752398490906
1789222366645101600,4.7991015625,0.3668581545352936,0.15948393940925598,-0.20902885496616364
1789222366655095600,4.809095458984375,0.3871743381023407,0.03356089070439339,-0.35805508494377136
1789222366665089500,4.819089599609375,0.30952855944633484,0.025077922269701958,-0.2494039684534073
1789222366675083500,4.82908349609375,0.20146706700325012,-0.046786945313215256,0.03996019810438156
1789222366685077800,4.839077880859375,0.06536169350147247,0.06887254118919373,0.0951709896326065
1789222366695072800,4.84907275390625,-0.013405287638306618,0.1616315096616745,0.11367729306221008
1789222366705066500,4.85906640625,0.01775449514389038,0.13430774211883545,0.11060374230146408
1789222366715060500,4.869060546875,0.055739693343639374,0.2201928198337555,-0.11348395049571991
1789222366725054500,4.879054443359375,0.06807785481214523,0.14101357758045197,-0.24034975469112396
1789222366735048400,4.88904833984375,0.10459645092487335,-0.26711344718933105,-0.13428457081317902
1789222366745042700,4.899042724609375,0.071149542927742,-0.2759021520614624,-0.0547170415520668
1789222366755037400,4.909037353515625,0.01877129077911377,0.1029956266283989,-0.14777694642543793
1789222366765031700,4.91903173828125,-0.08079178631305695,0.19926942884922028,-0.017246898263692856
1789222366775025700,4.929025634765625,-0.22589518129825592,-0.13486674427986145,0.21736854314804077
1789222366785019600,4.93901953125,-0.31194111704826355,-0.06281144917011261,0.10205552726984024
1789222366795013600,4.949013671875,-0.3055894672870636,0.20203138887882233,-0.04638667404651642
1789222366805007400,4.95900732421875,-0.20034001767635345,-0.18684658408164978,0.07605855166912079
1789222366815002600,4.969002685546875,-0.08279634267091751,-0.5818301439285278,0.14589062333106995
1789222366824996400,4.978996337890625,0.025606293231248856,-0.22898098826408386,-0.20314432680606842
1789222366834990600,4.988990478515625,0.15287236869335175,0.11000452935695648,-0.3090212345123291
1789222366844984600,4.998984619140625,0.25963184237480164,-0.22154676914215088,0.048222657293081284
1789222366854978600,5.008978515625,0.16327440738677979,-0.022854449227452278,0.1756884753704071
1789222366864972500,5.01897265625,-0.04314960166811943,0.6650965213775635,0.07469181716442108
1789222366874967600,5.028967529296875,-0.1906205415725708,0.5596622228622437,0.27460867166519165
1789222366884961500,5.03896142578125,-0.21986152231693268,-0.2035089135169983,0.34736835956573486
1789222366894955500,5.04895556640625,-0.15384149551391602,-0.2864493429660797,-0.04288701340556145
1789222366904949800,5.05894970703125,0.04776938632130623,0.06302743405103683,-0.336750328540802
1789222366914943500,5.068943603515625,0.2673417031764984,0.033960096538066864,-0.22520409524440765
1789222366924938800,5.078938720703125,0.3552246689796448,-0.07234849780797958,-0.21528542041778564
1789222366934932500,5.088932373046875,0.32271838188171387,-0.01654355600476265,-0.07621461153030396
1789222366944926500,5.098926513671875,0.19180911779403687,0.21102462708950043,0.22527199983596802
1789222366954920400,5.10892041015625,-0.02052151970565319,0.4272730350494385,0.24677462875843048
1789222366964914700,5.118914794921875,-0.25578224658966064,0.3505529463291168,0.3085131049156189
1789222366974908700,5.12890869140625,-0.357143759727478,0.23582184314727783,0.20809967815876007
1789222366984903700,5.138903564453125,-0.21341533958911896,0.07088828831911087,-0.023805463686585426
1789222366994897700,5.148897705078125,0.08602223545312881,-0.18607079982757568,-0.11274465918540955
1789222367004891600,5.1588916015625,0.2949586808681488,-0.17385327816009521,-0.13694506883621216
1789222367014885600,5.1688857421875,0.32288458943367004,-0.14113794267177582,-0.04205077886581421
1789222367024879400,5.17887939453125,0.1823785901069641,0.12120498716831207,-0.017740914598107338
1789222367034873600,5.18887353515625,-0.03591325879096985,0.43047335743904114,0.044009268283843994
1789222367044868400,5.198868408203125,-0.2000523954629898,0.34247052669525146,0.1001172810792923
1789222367054862600,5.208862548828125,-0.219443678855896,0.040171120315790176,-0.06911195814609528
1789222367064856600,5.218856689453125,-0.10597889870405197,-0.19696472585201263,0.05000670626759529
1789222367074850600,5.2288505859375,-0.02094176784157753,0.1306176632642746,0.04712756350636482
1789222367084844500,5.238844482421875,0.0015688681742176414,0.37395042181015015,-0.11705045402050018
1789222367094838500,5.248838623046875,-0.0034200313966721296,0.17725759744644165,-0.17238295078277588
1789222367104833500,5.25883349609375,0.042380478233098984,-0.3603890836238861,-0.06467247009277344
1789222367114827500,5.26882763671875,-0.020134296268224716,-0.3556843400001526,-0.10414370894432068
1789222367124821800,5.27882177734375,-0.2119242399930954,-0.09375046193599701,-0.11374041438102722
1789222367134815500,5.2888154296875,-0.36852237582206726,-0.06136748567223549,0.09170834720134735
1789222367144809500,5.2988095703125,-0.38324859738349915,0.3116835951805115,0.18691635131835938
1789222367154804500,5.308804443359375,-0.1176786944270134,0.378777414560318,0.1231408417224884
1789222367164798500,5.318798583984375,0.10921064019203186,0.35900741815567017,0.017717745155096054
1789222367174792400,5.32879248046875,0.05825691297650337,0.15797685086727142,0.23024065792560577
1789222367184786400,5.338786376953125,-0.07092051208019257,-0.4454331398010254,0.2977975904941559
1789222367194781400,5.348781494140625,-0.14791250228881836,-0.5678054094314575,0.03620540723204613
1789222367204775700,5.358775634765625,-0.12885011732578278,-0.1351516991853714,-0.13743482530117035
1789222367214770400,5.3687705078125,-0.11177047342061996,0.5638623237609863,-0.44735780358314514
1789222367224764700,5.3787646484375,-0.10577862709760666,0.5240280628204346,-0.509864866733551
1789222367234758700,5.388758544921875,-0.05138729140162468,-0.1700042188167572,-0.2673850953578949
1789222367244752400,5.39875244140625,-0.0033457293175160885,-0.5513928532600403,0.022546587511897087
1789222367254746400,5.408746337890625,-0.11403602361679077,0.07184196263551712,0.14356276392936707
1789222367264740400,5.418740234375,-0.1656574010848999,0.24245737493038177,0.16995468735694885
1789222367274735400,5.4287353515625,-0.12515738606452942,-0.24143099784851074,0.33111587166786194
1789222367284729600,5.4387294921875,-0.12057754397392273,0.03598489984869957,0.03454972058534622
1789222367294723600,5.4487236328125,-0.14366422593593597,0.3130713701248169,-0.17039677500724792
1789222367304717600,5.458717529296875,-0.14756521582603455,0.023575633764266968,-0.03530951961874962
1789222367314711600,5.468711669921875,-0.08226717263460159,-0.08737378567457199,-0.1817024201154709
1789222367324705500,5.47870556640625,-0.010249974206089973,0.12221139669418335,-0.29606494307518005
1789222367334700500,5.488700439453125,0.011347463354468346,0.15370061993598938,-0.10252264887094498
1789222367344694500,5.498694580078125,-0.017543040215969086,-0.29558584094047546,0.1467369794845581
1789222367354688500,5.5086884765625,-0.09217493236064911,-0.49228718876838684,0.2427854835987091
1789222367364682500,5.5186826171875,-0.13613919913768768,0.06474970281124115,-0.035524170845746994
1789222367374676500,5.528676513671875,-0.08460170030593872,0.27360785007476807,-0.042389269918203354
1789222367384670500,5.53867041015625,-0.02370266616344452,0.08484458178281784,-0.09978225082159042
1789222367394665500,5.54866552734375,-0.05806143954396248,0.12622691690921783,-0.13719354569911957
1789222367404659500,5.558659423828125,-0.16410797834396362,0.380425363779068,0.14476144313812256
1789222367414653400,5.5686533203125,-0.2200322300195694,0.23086729645729065,0.15845409035682678
1789222367424647700,5.578647705078125,-0.1915944665670395,-0.5420310497283936,0.1343037486076355
1789222367434641700,5.5886416015625,-0.19705981016159058,-0.5220778584480286,0.07121346145868301
1789222367444636700,5.59863671875,-0.1841764897108078,0.16476178169250488,-0.24953792989253998
1789222367454630700,5.608630615234375,-0.16634316742420197,0.30658629536628723,-0.14605361223220825
1789222367464624400,5.618624267578125,-0.2034388780593872,0.17634201049804688,0.03008679673075676
1789222367474618400,5.628618408203125,-0.25779637694358826,-0.044686511158943176,0.15583594143390656
1789222367484612400,5.6386123046875,-0.2441418319940567,-0.39384424686431885,0.07337594777345657
1789222367494606600,5.648606689453125,-0.1708657443523407,-0.6523290276527405,-0.06631270796060562
1789222367504601600,5.6586015625,-0.19498707354068756,-0.19308529794216156,0.14683231711387634
1789222367514595600,5.668595703125,-0.1872844099998474,0.5846104621887207,-0.07115966081619263
1789222367524589600,5.678589599609375,-0.10028665512800217,0.38667526841163635,-0.2919447720050812
1789222367534583600,5.68858349609375,-0.15200737118721008,0.030473221093416214,0.01206864695996046
1789222367544577500,5.69857763671875,-0.3839452564716339,0.447931706905365,0.19669468700885773
1789222367554571500,5.708571533203125,-0.4418301284313202,-0.2232045829296112,0.25146207213401794
1789222367564566500,5.71856640625,-0.32670220732688904,-1.750993013381958,0.6168179512023926
1789222367574560500,5.728560546875,-0.36756202578544617,-1.090806245803833,0.17578673362731934
1789222367584554500,5.738554443359375,-0.40994250774383545,0.5484998822212219,-0.8495073914527893
1789222367594548500,5.748548583984375,-0.33978259563446045,0.5525861978530884,-0.7188372611999512
1789222367604542500,5.75854248046875,-0.114532969892025,-0.5968298316001892,-0.07971879839897156
1789222367614536400,5.768536376953125,-0.014506238512694836,-0.5938745141029358,-0.016647951677441597
1789222367624531500,5.778531494140625,-0.23792095482349396,0.2658838629722595,0.2815698981285095
1789222367634525400,5.788525390625,-0.5820298790931702,0.4984548091888428,0.6913776397705078
1789222367644519700,5.798519775390625,-0.858051061630249,0.12226945161819458,0.6061141490936279
1789222367654513700,5.808513671875,-0.8791379928588867,-0.40675869584083557,-0.056591641157865524
1789222367664507600,5.818507568359375,-0.71720951795578,-0.8711205124855042,-0.14016643166542053
1789222367674502700,5.828502685546875,-0.5144391059875488,-0.7192668318748474,-0.13072791695594788
1789222367684496400,5.838496337890625,-0.21834991872310638,-0.4914112687110901,-0.45829299092292786
1789222367694490400,5.848490478515625,-0.03495798259973526,-0.5188591480255127,-0.27887582778930664
1789222367704484400,5.858484375,-0.08759376406669617,-0.37616032361984253,0.08299901336431503
1789222367714478600,5.868478515625,-0.27648138999938965,-0.21771714091300964,0.12477415800094604
1789222367724472600,5.87847265625,-0.5080161094665527,-0.19606643915176392,0.163367360830307
1789222367734467600,5.888467529296875,-0.741126537322998,0.03876630589365959,0.3267621397972107
1789222367744461600,5.898461669921875,-0.7045595049858093,-0.21625614166259766,0.5399546027183533
1789222367754455600,5.90845556640625,-0.40604284405708313,-0.42038050293922424,0.2164473533630371
1789222367764449500,5.918449462890625,-0.10889772325754166,-0.1969657987356186,-0.18549981713294983
1789222367774443500,5.928443603515625,0.17926669120788574,-0.5439903140068054,-0.19978554546833038
1789222367784437500,5.9384375,0.3134085237979889,-0.6223517060279846,-0.5644487142562866
1789222367794432500,5.9484326171875,0.2036186307668686,-0.1306927651166916,-0.48127874732017517
1789222367804426500,5.958426513671875,-0.01817207969725132,0.12450011819601059,0.23074346780776978
1789222367814420500,5.96842041015625,-0.12144546955823898,-0.36752715706825256,0.4782049357891083
1789222367824414500,5.97841455078125,-0.20778888463974,-0.2568301856517792,0.3729834258556366
1789222367834408400,5.988408447265625,-0.3408481180667877,0.6994214653968811,0.4946230351924896
1789222367844403500,5.998403564453125,-0.25747227668762207,0.41644275188446045,0.6219482421875
1789222367854397400,6.0083974609375,0.02610989660024643,-0.5005967617034912,-0.10471416264772415
1789222367864391700,6.0183916015625,0.38068529963493347,-0.8972319960594177,-0.5280579924583435
1789222367874385700,6.0283857421875,0.49224618077278137,-0.19606351852416992,-0.12921737134456635
1789222367884379600,6.038379638671875,0.5578992366790771,0.12285587936639786,-0.3658219277858734
1789222367894373400,6.048373291015625,0.6344645619392395,-0.5815134644508362,-0.3324194848537445
1789222367904368400,6.058368408203125,0.4551645815372467,-0.2083609253168106,0.2733481824398041
1789222367914362400,6.0683623046875,0.18649157881736755,0.8693801164627075,0.20164550840854645
1789222367924356400,6.0783564453125,0.13721324503421783,0.2775786221027374,0.2587604522705078
1789222367934350600,6.0883505859375,0.10828093439340591,-0.06991276890039444,0.6202366352081299
1789222367944344600,6.098344482421875,0.16731256246566772,0.47091957926750183,0.38953524827957153
1789222367954338600,6.108338623046875,0.4748983383178711,-0.014177071861922741,-0.06350760161876678
1789222367964333600,6.11833349609375,0.7736757397651672,-0.6875765323638916,-0.26749294996261597
1789222367974327600,6.12832763671875,0.7206689715385437,0.26100417971611023,-0.295467346906662
1789222367984321500,6.138321533203125,0.5466236472129822,1.0391947031021118,-0.3959835469722748
1789222367994315500,6.1483154296875,0.5529830455780029,-0.10257591307163239,-0.27389147877693176
1789222368004309500,6.1583095703125,0.485705703496933,-0.9017034769058228,-0.02014894410967827
1789222368014304500,6.168304443359375,0.34825146198272705,-0.23103907704353333,0.08947662264108658
1789222368024298500,6.178298583984375,0.23817448318004608,0.6080332398414612,0.34102603793144226
1789222368034292500,6.18829248046875,0.206948384642601,0.8296937346458435,0.42176535725593567
1789222368044286500,6.198286376953125,0.27286508679389954,0.39979586005210876,0.3667532205581665
1789222368054280400,6.208280517578125,0.3214520514011383,0.0968296080827713,-0.02912619337439537
1789222368064274400,6.2182744140625,0.4020023047924042,-0.31588447093963623,-0.4488222599029541
1789222368074269400,6.22826953125,0.4118216335773468,-0.5538139343261719,-0.21165499091148376
1789222368084263700,6.238263671875,0.4079105257987976,-0.20777396857738495,-0.2994261085987091
1789222368094257700,6.248257568359375,0.47970402240753174,-0.0457959845662117,-0.2994844317436218
1789222368104251600,6.258251708984375,0.5071550607681274,0.14170227944850922,0.0789898931980133
1789222368114245400,6.268245361328125,0.3963846266269684,0.7365632653236389,0.10036654770374298
1789222368124239400,6.2782392578125,0.17230838537216187,0.7561246752738953,0.28111183643341064
1789222368134234400,6.288234375,-0.04884583503007889,0.21109066903591156,0.4173879027366638
1789222368144228400,6.298228271484375,-0.17112940549850464,-0.2694450616836548,0.545447051525116
1789222368154222600,6.30822265625,-0.11336437612771988,-0.4657301604747772,0.39418086409568787
1789222368164216600,6.318216552734375,0.0763176754117012,-0.48318183422088623,-0.17824509739875793
1789222368174210600,6.32821044921875,0.15432752668857574,-0.24750061333179474,-0.31368201971054077
1789222368184204500,6.33820458984375,0.09782003611326218,0.31853723526000977,-0.44102799892425537
1789222368194199600,6.348199462890625,0.06364022940397263,0.25996553897857666,-0.6086734533309937
1789222368204193500,6.358193603515625,0.008464857004582882,-0.38408321142196655,-0.2696293592453003
1789222368214187500,6.3681875,-0.21068426966667175,-0.350578248500824,0.08922708034515381
1789222368224181800,6.378181640625,-0.31509456038475037,-0.4104764759540558,0.31944963335990906
1789222368234175700,6.38817578125,-0.3027265667915344,-0.37183746695518494,0.46078386902809143
1789222368244170800,6.398170654296875,-0.2415950447320938,0.21262864768505096,0.13992168009281158
1789222368254164700,6.408164794921875,-0.184029221534729,0.3496432304382324,0.11331670731306076
1789222368264158700,6.41815869140625,-0.12184760719537735,0.11129749566316605,-0.23283538222312927
1789222368274152700,6.428152587890625,-0.06033098325133324,-0.35258015990257263,-0.2764992415904999
1789222368284146400,6.438146484375,-0.01949913240969181,-0.5713463425636292,-0.05913336202502251
1789222368294140700,6.448140625,0.09345830976963043,-0.5012029409408569,-0.3331233561038971
1789222368304135700,6.4581357421875,0.12013866007328033,-0.245650514960289,-0.059299543499946594
1789222368314129700,6.468129638671875,0.048584580421447754,0.18905460834503174,0.24110636115074158
1789222368324123600,6.47812353515625,0.049371011555194855,0.36810266971588135,0.11532366275787354
1789222368334117600,6.48811767578125,0.05265868455171585,0.3639252185821533,0.11457185447216034
1789222368344111600,6.498111572265625,-0.030840469524264336,0.360066294670105,0.07585667818784714
1789222368354105600,6.508105712890625,-0.054838214069604874,-0.12127236276865005,0.09290038049221039
1789222368364100600,6.5181005859375,0.05379372462630272,-0.4760536253452301,-0.1169481873512268
1789222368374094800,6.5280947265625,0.295918732881546,-0.6848401427268982,-0.19201017916202545
1789222368384088800,6.5380888671875,0.3845553994178772,-0.05179235711693764,-0.04328036308288574
1789222368394082600,6.54808251953125,0.33556681871414185,0.4657703638076782,-0.0941118523478508
1789222368404076500,6.55807666015625,0.3480660915374756,-0.10439431667327881,-0.12073041498661041
1789222368414070500,6.568070556640625,0.29984796047210693,-0.18488463759422302,0.05986546352505684
1789222368424065500,6.5780654296875,0.1536628007888794,0.760029137134552,-0.13339561223983765
1789222368434059500,6.5880595703125,0.2626982033252716,0.18168431520462036,-0.2871851623058319
1789222368444053800,6.5980537109375,0.45627886056900024,-0.8259144425392151,0.12231206148862839
1789222368454047700,6.6080478515625,0.4607976973056793,0.1461516171693802,0.20079702138900757
1789222368464041700,6.618041748046875,0.4883851110935211,0.9161074161529541,-0.17869065701961517
1789222368474036700,6.62803662109375,0.5503132343292236,0.07480739802122116,-0.00021598236344289035
1789222368484030700,6.63803076171875,0.3647894263267517,-0.11764993518590927,0.1985626220703125
1789222368494024700,6.648024658203125,0.21492961049079895,0.2045171856880188,-0.1568782925605774
1789222368504018400,6.658018310546875,0.34406521916389465,-0.18672940135002136,-0.2498585730791092
1789222368514012700,6.6680126953125,0.47830772399902344,-0.09555049240589142,-0.16400066018104553
1789222368524006700,6.678006591796875,0.6255179643630981,0.38186880946159363,-0.46353116631507874
1789222368534001700,6.688001708984375,0.7275396585464478,0.39936044812202454,-0.058884087949991226
1789222368543995600,6.69799560546875,0.7069693803787231,0.6010885238647461,0.13027358055114746
1789222368553989600,6.70798974609375,0.56001216173172,0.77564537525177,0.088839590549469
1789222368563983600,6.717983642578125,0.35074764490127563,0.38370266556739807,0.37399810552597046
1789222368573977600,6.7279775390625,0.28696706891059875,-0.12832733988761902,0.19522088766098022
1789222368583972600,6.73797265625,0.2376604974269867,0.1780613511800766,0.09209424257278442
1789222368593966800,6.747966796875,0.3070395588874817,0.6080883741378784,-0.19313670694828033
1789222368603960800,6.7579609375,0.4643777906894684,0.4011088013648987,-0.26092132925987244
1789222368613954600,6.76795458984375,0.5196194648742676,0.34730497002601624,-0.128683939576149
1789222368623948500,6.777948486328125,0.49102139472961426,0.5020465850830078,-0.3653566837310791
1789222368633942500,6.787942626953125,0.42555102705955505,-0.1721896082162857,-0.12696167826652527
1789222368643937500,6.7979375,0.2347765564918518,-0.35177773237228394,0.07573071122169495
1789222368653931500,6.807931640625,-0.02377483807504177,0.39620620012283325,0.09191740304231644
1789222368663925800,6.81792578125,-0.15922081470489502,0.8602324724197388,0.16089753806591034
1789222368673919700,6.827919677734375,-0.15700852870941162,0.6883216500282288,0.15835689008235931
1789222368683913700,6.837913818359375,-0.13006532192230225,0.4513847529888153,0.0019350528018549085
1789222368693907700,6.84790771484375,-0.12070511281490326,-0.1063661202788353,0.073447585105896
1789222368703902700,6.85790283203125,-0.2142246812582016,-0.5357294678688049,0.20666129887104034
1789222368713896700,6.867896728515625,-0.34753134846687317,-0.23217597603797913,0.03913275524973869
1789222368723890400,6.877890380859375,-0.3675186336040497,0.21088241040706635,-0.32508087158203125
1789222368733884700,6.887884765625,-0.24593573808670044,-0.29818642139434814,-0.3397863209247589
1789222368743878700,6.897878662109375,-0.23417255282402039,-0.5235284566879272,-0.21164114773273468
1789222368753872600,6.90787255859375,-0.34438374638557434,0.06435342133045197,-0.14465118944644928
1789222368763867600,6.91786767578125,-0.42139169573783875,0.25119414925575256,0.16101844608783722
1789222368773861600,6.927861572265625,-0.4980763792991638,-0.14274436235427856,0.3806525468826294
1789222368783855600,6.937855712890625,-0.634801983833313,-0.35123953223228455,0.29218098521232605
1789222368793849600,6.947849609375,-0.674849808216095,-0.16108129918575287,0.11445174366235733
1789222368803843800,6.95784375,-0.5681667923927307,-0.02905268967151642,0.07104940712451935
1789222368813838800,6.9678388671875,-0.47781530022621155,0.06646531075239182,-0.2432965487241745
1789222368823832800,6.977832763671875,-0.40398529171943665,-0.425215482711792,-0.3402553200721741
1789222368833826600,6.98782666015625,-0.3848659098148346,-0.7758022546768188,0.08412633091211319
1789222368843820500,6.997820556640625,-0.3371732234954834,-0.35449737310409546,-0.02472212351858616
1789222368853814500,7.007814453125,-0.2718048691749573,-0.013765347190201283,-0.17775774002075195
1789222368863808500,7.01780859375,-0.41172656416893005,0.25558996200561523,0.26647987961769104
1789222368873803500,7.027803466796875,-0.5773522853851318,0.2578533887863159,0.3580087423324585
1789222368883797800,7.0377978515625,-0.5439514517784119,-0.13291756808757782,-0.012322979047894478
1789222368893791700,7.047791748046875,-0.38711923360824585,-0.6494967937469482,0.1963530033826828
1789222368903785700,7.05778564453125,-0.3144295811653137,-0.3950785994529724,0.1800512671470642
1789222368913779700,7.06777978515625,-0.18267926573753357,-0.17486342787742615,-0.2085374891757965
1789222368923773400,7.0777734375,-0.04639466106891632,0.034710843116045,-0.3147329092025757
1789222368933768700,7.087768798828125,0.026583140715956688,0.13556049764156342,-0.09597313404083252
1789222368943762400,7.097762451171875,-0.02213539555668831,0.09839661419391632,-0.11942226439714432
1789222368953756700,7.107756591796875,-0.031686823815107346,-0.43801677227020264,-0.0640982910990715
1789222368963750700,7.117750732421875,-0.016886305063962936,-0.42980730533599854,0.24864603579044342
1789222368973744600,7.12774462890625,-0.092667356133461,0.4722386598587036,0.2845560908317566
1789222368983739600,7.13773974609375,-0.14191585779190063,0.6747552752494812,0.1874508559703827
1789222368993733600,7.147733642578125,-0.06735294312238693,0.07360497862100601,0.1350739300251007
1789222369003727600,7.1577275390625,0.0519912950694561,-0.18982745707035065,0.0365377701818943
1789222369013721600,7.1677216796875,0.25225383043289185,-0.3800424039363861,-0.29735124111175537
1789222369023715800,7.1777158203125,0.4978958070278168,-0.8305824398994446,-0.34766554832458496
1789222369033709600,7.18770947265625,0.5473546981811523,-0.25039705634117126,-0.2598153352737427
1789222369043704800,7.197704833984375,0.43122783303260803,0.8759022355079651,-0.2757953703403473
1789222369053698600,7.207698486328125,0.3625587522983551,0.6019154191017151,0.02221156284213066
1789222369063692500,7.217692626953125,0.34081777930259705,-0.23828260600566864,0.3251778185367584
1789222369073686500,7.2276865234375,0.3277600407600403,-0.25846537947654724,0.2741287648677826
1789222369083680500,7.237680419921875,0.3600175678730011,0.18973425030708313,0.06678515672683716
1789222369093674800,7.2476748046875,0.2892912030220032,0.5844604969024658,0.2435346245765686
1789222369103669800,7.257669677734375,0.17512308061122894,0.4548085331916809,0.6427808403968811
1789222369113663700,7.267663818359375,0.088764488697052,0.45422476530075073,0.4906077980995178
1789222369123657700,7.27765771484375,0.09223964810371399,0.41100990772247314,-0.0029920614324510098
1789222369133651700,7.287651611328125,0.11806085705757141,-0.08435536175966263,-0.36688879132270813
1789222369143645700,7.297645751953125,0.1586037576198578,-0.733431875705719,-0.8138399124145508
1789222369153640700,7.307640625,0.17625199258327484,-0.7275726795196533,-0.8614529967308044
1789222369163634400,7.317634521484375,0.16759511828422546,-0.04518132656812668,-0.5225178003311157
1789222369173628700,7.327628662109375,0.13264192640781403,0.2593191862106323,-0.05801776424050331
1789222369183622700,7.33762255859375,0.0786905512213707,0.05126664787530899,0.22063995897769928
1789222369193616600,7.34761669921875,-0.1653261035680771,0.44575056433677673,0.43616771697998047
1789222369203610600,7.357610595703125,-0.47723740339279175,0.6567504405975342,0.6780892610549927
1789222369213605600,7.367605712890625,-0.593555212020874,-0.08838605135679245,0.5253021121025085
1789222369223599600,7.377599609375,-0.4848353862762451,-0.5669217705726624,-0.1496259719133377
1789222369233593600,7.387593505859375,-0.39055335521698,-0.1718844175338745,-0.27514156699180603
1789222369243587800,7.397587890625,-0.2529046833515167,0.23146331310272217,-0.5716733336448669
1789222369253581800,7.407581787109375,0.0032826124224811792,-0.30697086453437805,-0.7878586649894714
1789222369263575600,7.417575439453125,0.15104223787784576,-0.9129787683486938,-0.2720552086830139
1789222369273570600,7.427570556640625,0.0494205467402935,-0.4253624975681305,-0.13262328505516052
1789222369283564500,7.437564453125,-0.07518503069877625,-0.2375371903181076,0.053573478013277054
1789222369293558500,7.44755859375,-0.1783124804496765,-0.02786332182586193,0.4079984128475189
1789222369303552500,7.457552490234375,-0.32775843143463135,0.7845078706741333,0.3332245647907257
1789222369313546800,7.467546630859375,-0.38142672181129456,0.8508411049842834,0.2290526181459427
1789222369323540700,7.477540771484375,-0.34145453572273254,0.186177596449852,0.39759451150894165
1789222369333535700,7.48753564453125,-0.24475595355033875,-0.3214009404182434,0.31062257289886475
1789222369343529700,7.49752978515625,0.004276504274457693,-0.726408064365387,-0.21667398512363434
1789222369353523700,7.507523681640625,0.28873300552368164,-0.7312955260276794,-0.4311191737651825
1789222369363517700,7.517517578125,0.40699198842048645,-0.07454454153776169,-0.22777937352657318
1789222369373511700,7.52751171875,0.38649818301200867,0.4916088879108429,-0.1995362788438797
1789222369383506400,7.53750634765625,0.1958765685558319,0.4568391740322113,-0.0035244273021817207
1789222369393500700,7.547500732421875,-0.021796375513076782,0.07721995562314987,0.2023022323846817
1789222369403494700,7.55749462890625,-0.06764668971300125,-0.3137885630130768,0.19431355595588684
1789222369413488600,7.567488525390625,0.0021933794487267733,-0.1131473258137703,0.087186299264431
1789222369423482600,7.577482666015625,0.06567488610744476,0.4181322753429413,0.11396678537130356
1789222369433476600,7.5874765625,0.19364456832408905,0.3440505862236023,0.20929010212421417
1789222369443471600,7.5974716796875,0.2612510323524475,0.25438541173934937,0.1205916628241539
1789222369453465600,7.607465576171875,0.23280049860477448,0.28328895568847656,-0.1032819151878357
1789222369463459800,7.6174599609375,0.16457456350326538,-0.11105994135141373,-0.06524291634559631
1789222369473453800,7.627453857421875,0.04837845265865326,-0.3062576651573181,-0.05227332562208176
1789222369483447600,7.637447509765625,0.0005036037764512002,-0.15106141567230225,-0.1583329141139984
1789222369493441500,7.647441650390625,0.08519665151834488,-0.03133315593004227,-0.019463978707790375
1789222369503436500,7.6574365234375,0.23227638006210327,0.08707205206155777,0.06018238142132759
1789222369513430500,7.667430419921875,0.25064873695373535,0.32009679079055786,0.12377440184354782
1789222369523424500,7.677424560546875,0.2196258306503296,0.2930643558502197,0.04412618279457092
1789222369533418800,7.687418701171875,0.18117325007915497,-0.07588251680135727,0.11840733885765076
1789222369543412700,7.697412841796875,0.0780165046453476,-0.05915147066116333,0.06809250265359879
1789222369553407700,7.70740771484375,-0.041611891239881516,0.23512010276317596,-0.01666126772761345
1789222369563401700,7.717401611328125,-0.017704429104924202,0.13948571681976318,-0.06621576845645905
1789222369573395700,7.727395751953125,0.07374772429466248,-0.06681684404611588,-0.09508629888296127
1789222369583389700,7.7373896484375,0.1365964561700821,-0.1740117371082306,0.0720643401145935
1789222369593383400,7.747383544921875,0.17410148680210114,-0.07623910903930664,0.16491065919399261
1789222369603377700,7.757377685546875,0.18955901265144348,0.17149078845977783,-0.07472456991672516
1789222369613372700,7.76737255859375,0.1397770792245865,0.1658715307712555,-0.03807228431105614
1789222369623366700,7.77736669921875,-0.017420269548892975,0.21702365577220917,0.12660321593284607
1789222369633360600,7.787360595703125,-0.09309665113687515,0.22361604869365692,-0.1335705816745758
1789222369643354600,7.797354736328125,-0.08939433097839355,0.10518127679824829,-0.22849150002002716
1789222369653348600,7.8073486328125,-0.09639071673154831,-0.04897633194923401,-0.12717020511627197
1789222369663342600,7.817342529296875,-0.03532390296459198,-0.4712199866771698,0.01613556034862995
1789222369673337600,7.827337646484375,0.07170481234788895,-0.53272944688797,-0.0539894662797451
1789222369683331800,7.837331787109375,0.19611704349517822,-0.1769729107618332,-0.4001103937625885
1789222369693325800,7.847325927734375,0.11836019903421402,0.32101690769195557,-0.08494099229574203
1789222369703319600,7.857319580078125,-0.13360972702503204,0.7889571785926819,0.16974376142024994
1789222369713313500,7.8673134765625,-0.2186785489320755,0.2581450045108795,-0.03232651576399803
1789222369723308500,7.87730859375,-0.1729278415441513,-0.7201584577560425,0.1723177134990692
1789222369733302500,7.887302490234375,-0.20369000732898712,-0.37982508540153503,0.1460631936788559
1789222369743296500,7.897296630859375,-0.08969579637050629,-0.04440581426024437,-0.11768642067909241
1789222369753290800,7.907290771484375,0.13842712342739105,-0.27298998832702637,-0.07078681886196136
1789222369763284700,7.91728466796875,0.2316902130842209,0.19523394107818604,-0.2273426055908203
1789222369773278700,7.92727880859375,0.10467847436666489,0.8170849680900574,-0.15902000665664673
1789222369783273700,7.937273681640625,0.03161172196269035,0.18531925976276398,-0.14210493862628937
1789222369793267700,7.947267822265625,0.019042400643229485,-0.7657530903816223,-0.06453131884336472
1789222369803261700,7.95726171875,-0.09648073464632034,-0.39802858233451843,0.22487331926822662
1789222369813255400,7.96725537109375,-0.11533378064632416,0.3726694583892822,0.11426079273223877
1789222369823249700,7.977249755859375,0.01260793674737215,0.2114991992712021,0.11897565424442291
1789222369833243600,7.98724365234375,0.09703786671161652,-0.0910758450627327,0.2757311761379242
1789222369843238700,7.99723876953125,0.06035735085606575,0.14984062314033508,0.05187198519706726
1789222369853232600,8.007232666015625,-0.02255910448729992,0.09141833335161209,0.0615115649998188
1789222369863226600,8.0172265625,-0.08339768648147583,-0.1570277065038681,0.043898481875658035
1789222369873220600,8.027220703125,-0.1464991569519043,-0.06314967572689056,-0.1909899264574051
1789222369883214600,8.037214599609374,-0.1792597621679306,-0.008731439709663391,-0.2164105921983719
1789222369893209600,8.047209716796875,-0.05907903239130974,-0.41739511489868164,-0.22966381907463074
1789222369903203800,8.057203857421875,0.09534276276826859,-0.5987989902496338,-0.04658827558159828
1789222369913197800,8.06719775390625,0.13894909620285034,0.021508753299713135,0.0011835087789222598
1789222369923191600,8.077191650390626,0.09598138928413391,0.38035666942596436,0.051000598818063736
1789222369933185500,8.087185546875,0.015025022439658642,0.16579508781433105,0.1900748610496521
1789222369943179500,8.097179443359375,-0.06215045601129532,0.049990464001894,0.20031152665615082
1789222369953174500,8.107174560546875,-0.06805175542831421,0.03104819729924202,-0.08187462389469147
1789222369963168500,8.11716845703125,-0.009196960367262363,-0.08201337605714798,-0.06647276878356934
1789222369973162800,8.127162841796874,0.026756247505545616,0.03906404599547386,0.26375919580459595
1789222369983156700,8.13715673828125,0.16153642535209656,0.16389678418636322,-0.045346442610025406
1789222369993150700,8.147150634765625,0.37123480439186096,-0.13742735981941223,-0.1393725425004959
1789222370003144700,8.157144775390625,0.39392200112342834,-0.007166832685470581,0.05654796585440636
1789222370013139700,8.1671396484375,0.3237772583961487,0.2087995558977127,-0.1847330927848816
1789222370023133700,8.1771337890625,0.2643384337425232,-0.11051639169454575,0.11245996505022049
1789222370033127400,8.18712744140625,0.2191544473171234,0.010353305377066135,0.29708945751190186
1789222370043121700,8.19712158203125,0.2098935842514038,0.4897236227989197,0.01973269134759903
1789222370053115600,8.20711572265625,0.19415003061294556,0.4030201733112335,0.23185214400291443
1789222370063110700,8.217110595703126,0.19742146134376526,0.13203978538513184,0.10495198518037796
1789222370073104600,8.227104736328124,0.30256572365760803,-0.09798595309257507,-0.23238131403923035
1789222370083098600,8.2370986328125,0.4143684208393097,-0.03425890579819679,-0.01884346269071102
1789222370093092600,8.247092529296875,0.4913526773452759,0.35970252752304077,-0.1794762760400772
1789222370103086600,8.257086669921875,0.4957546293735504,0.2372564971446991,-0.08290393650531769
1789222370113080800,8.267080810546876,0.40523990988731384,0.15494270622730255,0.09376111626625061
1789222370123075800,8.277075927734375,0.2545287013053894,0.40265023708343506,-0.15960271656513214
1789222370133069800,8.28706982421875,0.18741250038146973,-0.043295808136463165,-0.11906354129314423
1789222370143063600,8.2970634765625,0.1885557919740677,-0.17569459974765778,-0.16166506707668304
1789222370153057500,8.3070576171875,0.21364784240722656,0.25493109226226807,-0.08725208044052124
1789222370163051500,8.317051513671874,0.2871321737766266,0.48349928855895996,0.06450255960226059
1789222370173045800,8.327045654296874,0.3559996485710144,0.26135435700416565,0.08764596283435822
1789222370183040500,8.33704052734375,0.22629918158054352,0.08655060082674026,0.3397618234157562
1789222370193034000,8.347033935546875,-0.08588960766792297,0.4352406859397888,0.23625221848487854
1789222370203028000,8.357028076171876,-0.3038102090358734,0.3478724956512451,-0.0048975530080497265
1789222370213022000,8.36702197265625,-0.3270476162433624,-0.3213122487068176,-0.02244671992957592
1789222370223015700,8.377015625,-0.22869442403316498,-0.5395029187202454,-0.19193455576896667
1789222370233011000,8.387010986328125,-0.08544885367155075,-0.2239617258310318,-0.1680625081062317
1789222370243004700,8.397004638671875,0.057858504354953766,0.10149546712636948,0.02623293548822403
1789222370252999000,8.4069990234375,0.06809383630752563,0.29692143201828003,0.17317818105220795
1789222370262993000,8.416992919921874,-0.0772833377122879,0.17719101905822754,0.07887963205575943
1789222370272987000,8.42698681640625,-0.2933519780635834,-0.31409481167793274,0.22159896790981293
1789222370282980900,8.43698095703125,-0.4758685231208801,-0.31121140718460083,0.12053706496953964
1789222370292975900,8.446975830078125,-0.5096030831336975,-0.06587781757116318,-0.04674806445837021
1789222370302969900,8.456969970703126,-0.3803268373012543,-0.087550088763237,-0.015596802346408367
1789222370312963800,8.4669638671875,-0.16978611052036285,-0.07629210501909256,-0.2845340073108673
1789222370322958000,8.4769580078125,-0.0632077306509018,-0.010843059979379177,-0.22557958960533142
1789222370332951800,8.486951904296875,-0.09213045984506607,-0.11601235717535019,0.07992226630449295
1789222370342945800,8.49694580078125,-0.2169823795557022,-0.31782376766204834,0.2336079627275467
1789222370352940800,8.50694091796875,-0.3824600279331207,-0.23825517296791077,0.20429082214832306
1789222370362934800,8.516934814453125,-0.5296497344970703,0.006502906791865826,0.23594355583190918
1789222370372928800,8.5269287109375,-0.5864027738571167,0.03291294351220131,0.26662182807922363
1789222370382923000,8.536923095703125,-0.4687075614929199,-0.13042618334293365,-0.09755025804042816
1789222370392917000,8.5469169921875,-0.25029346346855164,-0.23960167169570923,-0.29857924580574036
1789222370402912000,8.556912109375,-0.033899642527103424,-0.2142592966556549,-0.24307629466056824
1789222370412906000,8.566906005859375,0.09043695777654648,-0.22678440809249878,-0.07053515315055847
1789222370422900000,8.57689990234375,0.1319151520729065,-0.3474264144897461,0.026608441025018692
1789222370432894000,8.58689404296875,0.057500310242176056,-0.24709926545619965,0.18101638555526733
1789222370442887700,8.5968876953125,-0.13495248556137085,0.29066699743270874,0.41161951422691345
1789222370452882000,8.6068818359375,-0.2430826872587204,0.5867471098899841,0.30693650245666504
1789222370462876700,8.616876708984375,-0.19563288986682892,0.21779145300388336,0.1511479765176773
1789222370472871000,8.626870849609375,-0.06155763566493988,-0.05281634256243706,-0.09380771964788437
1789222370482865000,8.636864990234375,0.12220500409603119,-0.055876847356557846,-0.1825285255908966
1789222370492859000,8.64685888671875,0.3326977789402008,-0.154104083776474,-0.2964085042476654
1789222370502852900,8.656852783203124,0.44927579164505005,-0.2677195966243744,-0.33016112446784973
1789222370512846800,8.666846923828125,0.39706453680992126,-0.12971751391887665,-0.15323136746883392
1789222370522841900,8.676841796875,0.25867122411727905,0.005751628894358873,-0.12292725592851639
1789222370532835800,8.6868359375,0.08535484224557877,-0.061109691858291626,0.015172827988862991
1789222370542830000,8.696830078125,-0.055217184126377106,0.09024893492460251,0.03663337975740433
1789222370552823800,8.70682373046875,-0.03416436165571213,0.1982867270708084,0.10806442052125931
1789222370562817800,8.71681787109375,0.11043117195367813,0.21692299842834473,0.11613619327545166
1789222370572812800,8.726812744140625,0.2736344635486603,0.16254204511642456,0.04614246264100075
1789222370582806800,8.736806884765626,0.2771349251270294,0.29206833243370056,0.02263473905622959
1789222370592800800,8.74680078125,0.1452767699956894,0.4190467894077301,-0.005343100056052208
1789222370602795000,8.756794921875,0.0062544336542487144,0.15686337649822235,-0.08413298428058624
1789222370612789000,8.7667890625,-0.06483039259910583,-0.32264116406440735,-0.13737542927265167
1789222370622783000,8.776782958984375,-0.029563751071691513,-0.5414627194404602,-0.23358799517154694
1789222370632778000,8.786778076171874,0.1465446949005127,-0.485665500164032,-0.1528015285730362
1789222370642772000,8.79677197265625,0.3229961693286896,0.1197919175028801,-0.07927058637142181
1789222370652766000,8.806765869140625,0.30501049757003784,0.8649475574493408,-0.07143929600715637
1789222370662759700,8.816759765625,0.1896684616804123,0.5708283185958862,0.025965820997953415
1789222370672754000,8.82675390625,0.010789530351758003,-0.2012345790863037,0.2095889151096344
1789222370682748000,8.836747802734376,-0.1932477504014969,-0.2835949659347534,0.18848548829555511
1789222370692743000,8.846742919921875,-0.28740912675857544,0.109386146068573,-0.10358711332082748
1789222370702737000,8.85673681640625,-0.15788710117340088,-0.03658783808350563,-0.16646328568458557
1789222370712731000,8.86673095703125,0.05336495488882065,-0.27566805481910706,-0.02371758036315441
1789222370722724900,8.876724853515626,0.18592938780784607,0.10250480473041534,-0.12501810491085052
1789222370732718800,8.88671875,0.2582800090312958,0.2730938494205475,-0.3223753869533539
1789222370742713900,8.8967138671875,0.22674739360809326,-0.14854313433170319,-0.11802943795919418
1789222370752707800,8.906707763671875,0.008443285711109638,-0.1668851226568222,0.1382524073123932
1789222370762702000,8.9167021484375,-0.22145329415798187,0.19034597277641296,0.11927499622106552
1789222370772695800,8.92669580078125,-0.27091139554977417,0.16067703068256378,0.10563667863607407
1789222370782689800,8.936689697265624,-0.18381990492343903,-0.029034581035375595,0.20007583498954773
1789222370792683800,8.946683837890625,-0.08003651350736618,0.1459318995475769,0.14547570049762726
1789222370802678800,8.9566787109375,0.03032994270324707,0.2730664312839508,-0.08718523383140564
1789222370812672800,8.9666728515625,0.1303577423095703,-0.07396077364683151,-0.14717426896095276
1789222370822667000,8.9766669921875,0.0792146623134613,-0.2563004791736603,-0.05002908036112785
1789222370832661000,8.986660888671874,-0.014364291913807392,-0.2920129597187042,-0.12422927469015121
1789222370842655000,8.996655029296875,-0.06407139450311661,-0.20924963057041168,-0.026145316660404205
1789222370852649000,9.00664892578125,-0.09146493673324585,0.19417187571525574,0.07273412495851517
1789222370862644000,9.01664404296875,-0.06752897799015045,0.342467337846756,0.01799711026251316
1789222370872638000,9.026637939453124,-0.01512915175408125,-0.05138382688164711,0.11967047303915024
1789222370882631700,9.036631591796874,-0.0011837751371785998,-0.10179826617240906,0.018075672909617424
1789222370892626000,9.0466259765625,0.0403871051967144,0.03471590206027031,-0.30848008394241333
1789222370902620000,9.056619873046875,0.11942439526319504,-0.20088383555412292,-0.3007097542285919
1789222370912615000,9.066614990234376,0.14525705575942993,-0.24095934629440308,-0.11133851110935211
1789222370922609000,9.07660888671875,0.09524556249380112,0.21407340466976166,-0.046840209513902664
1789222370932603000,9.086602783203125,0.02948998101055622,0.31847625970840454,0.1615002155303955
1789222370942596900,9.096596923828125,-0.026026275008916855,0.025237180292606354,0.24424010515213013
1789222370952590800,9.1065908203125,-0.08082108199596405,-0.07155913859605789,0.2097332626581192
1789222370962585000,9.116585205078126,-0.16678579151630402,0.3658645451068878,0.1278197467327118
1789222370972579800,9.126579833984374,-0.16381236910820007,0.4279681146144867,-0.08972775191068649
1789222370982574000,9.136573974609375,-0.016107063740491867,-0.31784987449645996,-0.1318078339099884
1789222370992567800,9.14656787109375,0.11745365709066391,-0.5984008312225342,-0.02671416848897934
1789222371002561800,9.156561767578125,0.09205589443445206,0.05059553310275078,0.07087470591068268
1789222371012555800,9.1665556640625,0.019456522539258003,0.2869787812232971,-0.05517883226275444
1789222371022549800,9.1765498046875,-0.08140803873538971,-0.08334389328956604,-0.12444046139717102
1789222371032544800,9.186544677734375,-0.24256762862205505,-0.1235421746969223,-0.0619930624961853
1789222371042539000,9.1965390625,-0.314452201128006,0.06393370777368546,-0.21696719527244568
1789222371052533000,9.206532958984376,-0.2147676944732666,-0.17723309993743896,-0.09255044162273407
1789222371062527000,9.21652685546875,-0.1616370975971222,0.006687730085104704,0.1382329761981964
1789222371072521000,9.22652099609375,-0.180966317653656,0.30877941846847534,0.16228744387626648
1789222371082516000,9.236515869140625,-0.1666254699230194,-0.07413814216852188,0.19226984679698944
1789222371092510000,9.246510009765625,-0.14972025156021118,-0.4123731851577759,0.07710490375757217
1789222371102503700,9.256503662109376,-0.2119748443365097,-0.21152742207050323,-0.05446617305278778
1789222371112498000,9.266497802734374,-0.28159359097480774,0.08110124617815018,-0.13042032718658447
1789222371122492000,9.276491943359375,-0.2535632848739624,0.10597996413707733,-0.25344184041023254
1789222371132486000,9.28648583984375,-0.13065601885318756,-0.21974247694015503,-0.17050409317016602
1789222371142481000,9.29648095703125,-0.007821704261004925,-0.43928229808807373,0.016748087480664253
1789222371152475000,9.306474853515626,0.007677360903471708,-0.21186324954032898,0.10016628354787827
1789222371162468900,9.31646875,-0.00977566558867693,0.10336340963840485,0.015977101400494576
1789222371172462800,9.326462890625,-0.048232510685920715,0.1935657411813736,0.07194209843873978
1789222371182457000,9.33645703125,-0.0661659687757492,0.09989144653081894,0.10093700140714645
1789222371192451000,9.346451171875,-0.06574172526597977,0.1389501690864563,0.05342114716768265
1789222371202446300,9.3564462890625,-0.09209850430488586,0.4099997580051422,0.046773895621299744
1789222371212440300,9.3664404296875,-0.002332130214199424,0.07939495891332626,0.15926341712474823
1789222371222434000,9.37643408203125,0.13607634603977203,-0.4400029480457306,0.15389874577522278
1789222371232428000,9.386427978515625,0.19228368997573853,-0.21304570138454437,-0.07193810492753983
1789222371242422000,9.396422119140626,0.20155975222587585,0.24796533584594727,-0.22412098944187164
1789222371252417000,9.4064169921875,0.19952882826328278,0.18421165645122528,-0.09771990031003952
1789222371262411000,9.416410888671875,0.16605901718139648,0.03249109908938408,-0.06291291862726212
1789222371272405200,9.4264052734375,0.09279970824718475,0.11703367531299591,0.07681222259998322
1789222371282399200,9.436399169921875,0.02568645402789116,0.24653148651123047,0.25788772106170654
1789222371292393200,9.446393310546876,0.019306853413581848,0.16132284700870514,0.28204581141471863
1789222371302387200,9.45638720703125,0.053769756108522415,0.1672888547182083,0.2302854061126709
1789222371312382200,9.46638232421875,0.06465968489646912,0.5144904851913452,-0.03263437747955322
1789222371322376200,9.476376220703125,0.08116089552640915,0.32600632309913635,-0.16697381436824799
1789222371332370000,9.486369873046876,0.11059734970331192,-0.25067588686943054,-0.13149970769882202
1789222371342364200,9.4963642578125,0.14574921131134033,-0.4424234926700592,-0.12100924551486969
1789222371352358100,9.506358154296874,0.11952666193246841,-0.1285393387079239,0.0373590886592865
1789222371362352000,9.51635205078125,0.023212645202875137,0.3614506125450134,-0.007540207821875811
1789222371372347100,9.52634716796875,-0.09566447138786316,0.2990386188030243,0.1546391099691391
1789222371382341000,9.536341064453126,-0.18842850625514984,0.1435590237379074,0.13449789583683014
1789222371392335000,9.546335205078124,-0.205827996134758,0.14262080192565918,-0.09836918115615845
1789222371402329000,9.5563291015625,-0.15672622621059418,0.008951417170464993,-0.016405871137976646
1789222371412323300,9.5663232421875,-0.015206916257739067,-0.17144125699996948,-0.22794528305530548
1789222371422318300,9.576318359375,0.10669022798538208,-0.3538675308227539,-0.21070611476898193
1789222371432312300,9.586312255859376,0.0727117508649826,-0.1099158450961113,0.11132093518972397
1789222371442306000,9.59630615234375,-0.09536992758512497,0.3513665497303009,0.11735645681619644
1789222371452300000,9.606300048828125,-0.2645717263221741,0.15953293442726135,0.1278301328420639
1789222371462294000,9.6162939453125,-0.3667827844619751,-0.11344347149133682,0.21476663649082184
1789222371472288300,9.626288330078125,-0.4598008692264557,0.28850555419921875,0.04258421063423157
1789222371482283000,9.636282958984374,-0.3852246403694153,0.0755099356174469,-0.0512557290494442
1789222371492277200,9.64627734375,-0.1216241717338562,-0.6096023917198181,-0.022974291816353798
1789222371502271200,9.656271240234375,0.06015228480100632,-0.3471795320510864,-0.04716538265347481
1789222371512265200,9.66626513671875,0.031377095729112625,0.4062276780605316,-0.13240677118301392
1789222371522259200,9.67625927734375,-0.0416845977306366,0.1063474789261818,-0.1669173538684845
1789222371532253000,9.6862529296875,-0.22421365976333618,-0.3240819275379181,0.09730684757232666
1789222371542248200,9.696248291015625,-0.4635298550128937,0.11689306050539017,0.00010173275222769007
1789222371552242000,9.706241943359375,-0.47037044167518616,-0.1083483099937439,-0.04282069951295853
1789222371562236200,9.716236083984375,-0.4263622462749481,-0.4692407250404358,0.18364253640174866
1789222371572230100,9.726230224609376,-0.4226665794849396,-0.0037979339249432087,-0.0075998627580702305
1789222371582224100,9.73622412109375,-0.38584837317466736,0.23015064001083374,0.00023915186466183513
1789222371592219100,9.74621923828125,-0.37821096181869507,0.0443301796913147,0.12588097155094147
1789222371602213000,9.756213134765625,-0.43864232301712036,-0.13711364567279816,-0.06961663067340851
1789222371612207000,9.76620703125,-0.4527725279331207,-0.6902607083320618,0.04980484023690224
1789222371622201000,9.776201171875,-0.3962418735027313,-1.0248619318008423,0.1437678188085556
1789222371632195300,9.7861953125,-0.32614853978157043,-0.617309033870697,-0.08077394217252731
1789222371642189000,9.79618896484375,-0.29627639055252075,0.14049425721168518,-0.22636283934116364
1789222371652184300,9.806184326171875,-0.25073447823524475,0.38395965099334717,-0.28862807154655457
1789222371662178000,9.816177978515626,-0.20033548772335052,-0.026940271258354187,-0.16478654742240906
1789222371672172000,9.826172119140624,-0.2187965214252472,-0.2928129732608795,-0.05155613645911217
1789222371682166000,9.836166015625,-0.24925030767917633,-0.2601519525051117,0.03707493096590042
1789222371692160300,9.84616015625,-0.26792678236961365,-0.28722697496414185,0.43009066581726074
1789222371702154200,9.856154296875,-0.28443092107772827,-0.239805668592453,0.5952426195144653
1789222371712149200,9.866149169921876,-0.23666927218437195,-0.03923448920249939,0.16172604262828827
1789222371722143200,9.876143310546874,-0.15277382731437683,0.10634268820285797,-0.025257419794797897
1789222371732137200,9.88613720703125,-0.17495423555374146,0.29852065443992615,-0.0481233187019825
1789222371742131200,9.896131103515625,-0.10378392040729523,-0.07254903763532639,-0.5018399357795715
1789222371752125200,9.906125244140625,0.0713530108332634,-0.6359913349151611,-0.47442641854286194
1789222371762119200,9.916119140625,0.1638728231191635,-0.41615432500839233,0.06190384924411774
1789222371772114000,9.926114013671874,0.23764264583587646,-0.0004921521758660674,-0.10978855192661285
1789222371782108200,9.936108154296875,0.30804678797721863,-0.251947820186615,0.003329484025016427
1789222371792102100,9.94610205078125,0.13015161454677582,0.3088843524456024,0.26428890228271484
1789222371802096000,9.95609619140625,-0.10439378023147583,0.8773493766784668,0.18460579216480255
1789222371812090000,9.966090087890626,-0.14796842634677887,0.19698230922222137,0.2232501357793808
1789222371822085000,9.976085205078125,-0.061100903898477554,-0.4245457053184509,0.05817835032939911
1789222371832079000,9.9860791015625,0.013291836716234684,-0.22105835378170013,-0.12480611354112625
1789222371842073000,9.996072998046875,0.08661878108978271,-0.10235326737165451,0.001743305241689086
1789222371852067300,10.0060673828125,0.18061532080173492,-0.20565329492092133,-0.17569352686405182
1789222371862061300,10.016061279296874,0.17015574872493744,-0.12637577950954437,-0.14033207297325134
1789222371872055000,10.026054931640624,-0.018992599099874496,0.4147162437438965,-0.010210826061666012
1789222371882050000,10.036050048828125,-0.1515871286392212,0.23837874829769135,-0.10482414811849594
1789222371892044000,10.0460439453125,-0.16176120936870575,-0.6035860180854797,0.13244885206222534
1789222371902038000,10.0560380859375,-0.13944897055625916,-0.5099764466285706,0.1163572371006012
1789222371912032000,10.066031982421874,-0.06598247587680817,0.02695385366678238,-0.02864362858235836
1789222371922026200,10.076026123046875,0.012747487053275108,0.17787732183933258,0.10867614299058914
1789222371932020200,10.086020263671875,0.0037177728954702616,0.28738412261009216,0.0355508029460907
1789222371942015200,10.09601513671875,-0.0826493427157402,0.2033565789461136,-0.13410693407058716
1789222371952009200,10.10600927734375,-0.20487432181835175,-0.3140617907047272,0.012015916407108307
1789222371962003200,10.116003173828124,-0.28232648968696594,-0.7255846261978149,-0.010416422039270401
1789222371971997200,10.1259970703125,-0.25177446007728577,-0.6963484287261963,-0.13296310603618622
1789222371981991200,10.1359912109375,-0.15636590123176575,-0.1703147441148758,-0.23236532509326935
1789222371991986000,10.14598583984375,-0.08996371179819107,0.29959842562675476,-0.18018148839473724
1789222372001980200,10.155980224609374,-0.037091709673404694,-0.06333023309707642,0.02046159841120243
1789222372011974100,10.16597412109375,-0.04133225977420807,-0.5151256322860718,0.1604570597410202
1789222372021968100,10.175968017578125,-0.16296042501926422,-0.17869864404201508,0.15572381019592285
1789222372031962000,10.185962158203125,-0.2806966304779053,0.1888524740934372,0.07531925290822983
1789222372041956000,10.1959560546875,-0.2902155816555023,0.0011065434664487839,-0.1358308047056198
1789222372051951000,10.205951171875,-0.24193380773067474,-0.3197553753852844,-0.11203865706920624
1789222372061945000,10.215945068359375,-0.1933169960975647,-0.2892339527606964,-0.046426620334386826
1789222372071939300,10.225939208984375,-0.07750757783651352,-0.4256218671798706,-0.040516532957553864
1789222372081933300,10.235933349609375,0.01810869574546814,-0.5551199316978455,0.10717812180519104
1789222372091927000,10.245927001953126,-0.07410778105258942,-0.08209593594074249,0.08769895881414413
1789222372101921000,10.255921142578124,-0.2542594373226166,0.19001254439353943,0.08792532980442047
1789222372111916000,10.265916015625,-0.399663507938385,-0.09669645130634308,0.110964335501194
1789222372121910000,10.275909912109375,-0.41742652654647827,-0.5554847717285156,0.007303985767066479
1789222372131904000,10.285904052734375,-0.35983219742774963,-0.5567899942398071,-0.014598117209970951
1789222372141898200,10.295898193359376,-0.24974964559078217,-0.27077770233154297,-0.11385732889175415
1789222372151892200,10.305892333984374,-0.07342441380023956,-0.3626602292060852,-0.12090697884559631
1789222372161887200,10.31588720703125,0.033365145325660706,-0.4382050335407257,-0.03729410842061043
1789222372171881200,10.325881103515625,-0.030778419226408005,-0.07027043402194977,-0.10457061976194382
1789222372181875200,10.335875244140626,-0.15869776904582977,-0.013081979937851429,-0.011468370445072651
1789222372191869200,10.345869140625,-0.23251952230930328,-0.24766412377357483,0.09803282469511032
1789222372201863200,10.35586328125,-0.22295691072940826,-0.23430438339710236,0.04060974344611168
1789222372211857400,10.365857421875,-0.16154362261295319,-0.007245129905641079,0.14461657404899597
1789222372221852400,10.375852294921875,-0.04754168540239334,0.01852787844836712,0.23413127660751343
1789222372231846400,10.385846435546876,0.10607370734214783,-0.23879100382328033,0.13555462658405304
1789222372241840400,10.39584033203125,0.21359111368656158,-0.2849494516849518,-0.013206882402300835
1789222372251834400,10.40583447265625,0.22721265256404877,-0.08609147369861603,-0.13648301362991333
1789222372261828400,10.415828369140625,0.21203289926052094,-0.11764088273048401,-0.25411349534988403
1789222372271822300,10.425822265625,0.253065288066864,-0.32226407527923584,-0.33189910650253296
1789222372281817300,10.4358173828125,0.28922781348228455,-0.11982813477516174,-0.16154974699020386
1789222372291811600,10.4458115234375,0.31074297428131104,0.23195840418338776,0.17927707731723785
1789222372301805600,10.4558056640625,0.3601134419441223,0.2504625618457794,0.3810168504714966
1789222372311799300,10.46579931640625,0.3922173082828522,0.04728442430496216,0.5156718492507935
1789222372321793300,10.475793212890625,0.3747251331806183,0.06619766354560852,0.4127345681190491
1789222372331787300,10.485787353515626,0.3253194987773895,0.29863595962524414,0.08490956574678421
1789222372341782300,10.4957822265625,0.36064422130584717,0.23657925426959991,-0.19900497794151306
1789222372351776300,10.5057763671875,0.45539069175720215,0.11726830154657364,-0.4044193923473358
1789222372361770500,10.5157705078125,0.5933272242546082,-0.022485600784420967,-0.3670909106731415
1789222372371764500,10.525764404296876,0.6621518731117249,-0.004539890680462122,-0.05443554371595383
1789222372381758500,10.535758544921874,0.6159183382987976,0.13650192320346832,0.07060252875089645
1789222372391753500,10.54575341796875,0.49729233980178833,-0.02990490198135376,0.18752728402614594
1789222372401747500,10.55574755859375,0.27113962173461914,0.08321712911128998,0.23207958042621613
1789222372411741400,10.565741455078125,0.023426229134202003,0.4269784986972809,0.017581390216946602
1789222372421735200,10.575735107421876,-0.04273121803998947,0.2431820183992386,-0.1859179437160492
1789222372431729400,10.5857294921875,0.0998525619506836,-0.1041218712925911,-0.21362920105457306
1789222372441723400,10.595723388671875,0.2826237082481384,0.0011323761427775025,-0.20299972593784332
1789222372451718400,10.605718505859375,0.4093262553215027,0.06991223990917206,-0.08439504355192184
1789222372461712400,10.61571240234375,0.3841111958026886,-0.026992201805114746,0.12485005706548691
1789222372471706400,10.625706298828124,0.134231835603714,0.2211931049823761,0.16329412162303925
1789222372481700400,10.635700439453124,-0.2403859794139862,0.5000777244567871,0.05156385898590088
1789222372491694300,10.6456943359375,-0.4834044873714447,-0.029525401070713997,0.007903729565441608
1789222372501688600,10.6556884765625,-0.4617982506752014,-0.836463212966919,0.18696163594722748
1789222372511683600,10.66568359375,-0.2626361548900604,-0.5171738862991333,-0.008709069341421127
1789222372521677600,10.675677490234374,0.03557237610220909,0.04849855974316597,-0.1988624930381775
1789222372531671300,10.68567138671875,0.21060411632061005,0.019360115751624107,0.07368461042642593
1789222372541665300,10.695665283203125,0.1280232071876526,0.03985020890831947,0.12884719669818878
1789222372551659300,10.7056591796875,-0.18743327260017395,0.30586403608322144,0.1784573644399643
1789222372561654300,10.715654296875,-0.48627403378486633,0.017102288082242012,0.198019340634346
1789222372571648300,10.725648193359374,-0.6570013165473938,-0.5254430174827576,0.16584835946559906
1789222372581642500,10.735642578125,-0.61933434009552,-0.6555591821670532,0.14108841121196747
1789222372591636500,10.745636474609375,-0.32699036598205566,-0.39837878942489624,-0.008185225538909435
1789222372601630500,10.75563037109375,0.046905990689992905,-0.19146503508090973,-0.162680521607399
1789222372611624400,10.76562451171875,0.2053733915090561,0.20001883804798126,-0.306416392326355
1789222372621619500,10.775619384765625,0.14414864778518677,0.13096120953559875,-0.20314033329486847
1789222372631613400,10.785613525390625,-0.0908321663737297,-0.38791391253471375,0.15024089813232422
1789222372641607200,10.795607177734375,-0.3789105713367462,-0.5501523613929749,0.22986142337322235
1789222372651601400,10.805601318359376,-0.5716890692710876,-0.13882791996002197,0.18155860900878906
1789222372661595400,10.815595458984374,-0.5818077325820923,0.275297611951828,0.22225011885166168
1789222372671589400,10.82558935546875,-0.39181703329086304,0.1371717005968094,-0.03579021990299225
1789222372681584400,10.83558447265625,-0.051956407725811005,-0.5135741233825684,-0.2949879765510559
1789222372691578400,10.845578369140625,0.1513940542936325,-0.5433562397956848,-0.1508728712797165
1789222372701572400,10.855572265625,0.14400804042816162,-0.07627665996551514,-0.19947369396686554
1789222372711566300,10.86556640625,0.0578441247344017,-0.35789209604263306,-0.18255355954170227
1789222372721560600,10.875560546875,-0.18147605657577515,-0.3920639157295227,0.09437364339828491
1789222372731554600,10.885554443359375,-0.3859735429286957,0.03845258429646492,0.16553090512752533
1789222372741549600,10.895549560546876,-0.38133084774017334,0.09815319627523422,0.25947365164756775
1789222372751543300,10.905543212890626,-0.21644628047943115,-0.0139568280428648,0.18546733260154724
1789222372761537300,10.915537353515624,0.026975957676768303,-0.12664476037025452,0.07599436491727829
1789222372771531300,10.92553125,0.2122560739517212,-0.10967989265918732,0.0825103223323822
1789222372781525200,10.935525146484375,0.3001915216445923,-0.04189019277691841,-0.19230446219444275
1789222372791520300,10.945520263671876,0.3494482636451721,-0.4315527379512787,-0.31717848777770996
1789222372801514500,10.955514404296874,0.2021120935678482,-0.34976625442504883,-0.06301332265138626
1789222372811508500,10.965508544921875,-0.047017309814691544,0.372357577085495,-0.06184898689389229
1789222372821502500,10.97550244140625,-0.19448931515216827,0.43274956941604614,0.09476006776094437
1789222372831496400,10.985496337890625,-0.21837307512760162,-0.003013632958754897,0.2824476659297943
1789222372841490400,10.995490478515626,-0.13628967106342316,-0.3340456187725067,0.15402552485466003
1789222372851485400,11.0054853515625,0.06705280393362045,-0.6547410488128662,0.04453657567501068
1789222372861479200,11.015479248046875,0.30701425671577454,-0.5719740390777588,-0.2287743240594864
1789222372871473400,11.025473388671875,0.4188784956932068,-0.10649768263101578,-0.4767407178878784
1789222372881467400,11.03546728515625,0.29695257544517517,0.27350717782974243,-0.4566706120967865
1789222372891461400,11.04546142578125,0.09712974727153778,0.08204959332942963,-0.4097622036933899
1789222372901455400,11.055455322265624,-0.05435991287231445,-0.593711256980896,0.011365838348865509
1789222372911450400,11.065450439453125,-0.18296769261360168,-0.415545791387558,0.368580162525177
1789222372921444400,11.0754443359375,-0.1613585352897644,0.14537237584590912,0.3549674153327942
1789222372931438300,11.085438232421875,0.020721523091197014,0.1936917006969452,0.34339651465415955
1789222372941432600,11.0954326171875,0.19939672946929932,0.2289133369922638,0.15984559059143066
1789222372951426600,11.105426513671874,0.29184651374816895,0.170732319355011,-0.03954314813017845
1789222372961420300,11.115420166015625,0.3566121757030487,-0.15213148295879364,-0.22622567415237427
1789222372971415300,11.125415283203125,0.41486483812332153,-0.3549378514289856,-0.39312970638275146
1789222372981409300,11.1354091796875,0.4812702238559723,-0.45360904932022095,-0.27403393387794495
1789222372991403300,11.1454033203125,0.4961804747581482,-0.27411678433418274,0.03579261898994446
1789222373001397200,11.155397216796874,0.46350428462028503,0.27080246806144714,0.05498389154672623
1789222373011391500,11.1653916015625,0.4228130280971527,0.5980367660522461,0.24347816407680511
1789222373021386500,11.175386474609375,0.3622596859931946,0.665213942527771,0.3251059055328369
1789222373031380500,11.18538037109375,0.41795995831489563,0.0661635771393776,0.10555412620306015
1789222373041374500,11.19537451171875,0.515770673751831,-0.437100887298584,0.18358154594898224
1789222373051368400,11.205368408203125,0.5977638363838196,0.09645622968673706,-0.13632161915302277
1789222373061362400,11.215362548828125,0.6559096574783325,0.5547550916671753,-0.2868000864982605
1789222373071356400,11.2253564453125,0.6615632772445679,0.4451412558555603,-0.18203744292259216
1789222373081351200,11.23535107421875,0.6045714020729065,0.09197253733873367,-0.10779757052659988
1789222373091345400,11.245345458984374,0.5615988969802856,-0.3458085358142853,0.062068965286016464
1789222373101339400,11.25533935546875,0.5545223355293274,-0.28555479645729065,-0.06772898137569427
1789222373111333400,11.26533349609375,0.5986402630805969,0.12675873935222626,-0.22701025009155273
1789222373121327400,11.275327392578125,0.6344214081764221,0.5566203594207764,-0.09261835366487503
1789222373131321300,11.2853212890625,0.6577248573303223,0.6498839855194092,-0.13126987218856812
1789222373141316400,11.29531640625,0.656537652015686,0.1455281674861908,0.04156848043203354
1789222373151310300,11.305310302734375,0.5839492082595825,0.00899882148951292,0.15278901159763336
1789222373161304600,11.3153046875,0.44049137830734253,0.44543206691741943,0.21034684777259827
1789222373171298600,11.325298583984376,0.2962702810764313,0.6772005558013916,0.25884807109832764
1789222373181292300,11.335292236328126,0.29940348863601685,0.2812527120113373,0.03111930377781391
1789222373191287300,11.345287353515625,0.37444549798965454,-0.21605134010314941,0.06106068938970566
1789222373201280500,11.355280517578125,0.3972112834453583,-0.1677839457988739,-0.03682352975010872
1789222373211274500,11.3652744140625,0.41461262106895447,-0.06261198222637177,-0.09889169037342072
1789222373221268700,11.375268798828126,0.3936660587787628,0.017361946403980255,0.0955805853009224
1789222373231262700,11.3852626953125,0.24688568711280823,0.4414184093475342,-0.07080066949129105
1789222373241256700,11.395256591796874,0.10057587921619415,0.34494727849960327,-0.2688101530075073
1789222373251251700,11.405251708984375,0.03988350182771683,-0.246848925948143,-0.0041281660087406635
1789222373261245700,11.41524560546875,0.09469694644212723,-0.31594783067703247,-0.006361759267747402
1789222373271239700,11.42523974609375,0.20797690749168396,0.16598205268383026,-0.02924443781375885
1789222373281233700,11.435233642578124,0.28086361289024353,0.691652238368988,0.07313679158687592
1789222373291227600,11.4452275390625,0.26662954688072205,0.6368891000747681,0.11909043788909912
1789222373301221600,11.4552216796875,0.20758621394634247,0.06534252315759659,0.05561772361397743
1789222373311216600,11.465216552734375,0.10515784472227097,-0.1806403547525406,0.09785465896129608
1789222373321210600,11.475210693359376,0.03364238142967224,-0.04097166657447815,0.07365851104259491
1789222373331204600,11.48520458984375,0.04358049854636192,0.056958358734846115,-0.0023062974214553833
1789222373341198600,11.495198486328125,0.16177985072135925,0.1666632890701294,-0.08606910705566406
1789222373351192800,11.50519287109375,0.3080049753189087,0.3756023943424225,-0.05210501328110695
1789222373361186800,11.515186767578125,0.4157077372074127,0.4044015407562256,-0.1045604944229126
1789222373371181800,11.525181884765624,0.5068392157554626,-0.07054980099201202,-0.12716060876846313
1789222373381175800,11.53517578125,0.5286004543304443,-0.3227969706058502,0.02906360849738121
1789222373391169500,11.54516943359375,0.5138478875160217,0.1401408612728119,-0.029629264026880264
1789222373401163500,11.55516357421875,0.539525032043457,0.58428555727005,0.07819201052188873
1789222373411157500,11.565157470703125,0.5833329558372498,0.6626783609390259,0.21499167382717133
1789222373421152500,11.575152587890624,0.552307665348053,0.721481204032898,0.17766372859477997
1789222373431146500,11.585146484375,0.4799945652484894,0.7310201525688171,0.24282382428646088
1789222373441140700,11.595140625,0.4225381910800934,0.6453797817230225,0.07315463572740555
1789222373451134700,11.605134765625,0.47692686319351196,0.09876572340726852,-0.08690720051527023
1789222373461128700,11.615128662109376,0.6315246820449829,-0.4277273714542389,-0.02106587029993534
1789222373471122700,11.625122802734374,0.788409948348999,-0.108827143907547,-0.17572735249996185
1789222373481117700,11.63511767578125,0.8225495219230652,0.6380934119224548,-0.2358117252588272
1789222373491111700,11.645111572265625,0.746952474117279,0.9992291927337646,-0.17246657609939575
1789222373501105700,11.655105712890625,0.53684401512146,0.9139127135276794,-0.025552764534950256
1789222373511099600,11.665099609375,0.3308753967285156,0.528852641582489,0.024581508710980415
1789222373521093600,11.67509375,0.25186872482299805,0.02052365057170391,0.31346285343170166
1789222373531087600,11.685087646484375,0.3400326669216156,-0.0026221484877169132,0.3375236988067627
1789222373541082600,11.69508251953125,0.5280755162239075,0.43750011920928955,0.08187302947044373
1789222373551076600,11.70507666015625,0.6281997561454773,0.8678480386734009,0.12949754297733307
1789222373561070600,11.715070556640624,0.5648216009140015,1.0560640096664429,0.14507250487804413
1789222373571064800,11.72506494140625,0.44036033749580383,0.838701069355011,-0.08167967945337296
1789222373581058800,11.735058837890625,0.3571738302707672,0.19058433175086975,-0.07803142070770264
1789222373591052500,11.745052490234375,0.3085556924343109,-0.1177375540137291,-0.10072581470012665
1789222373601047800,11.7550478515625,0.3811361789703369,-0.1036480963230133,-0.20738141238689423
1789222373611041500,11.76504150390625,0.5368384122848511,0.12823998928070068,0.02359613962471485
1789222373621035500,11.775035400390625,0.6619108319282532,0.8550451397895813,-0.07048135995864868
1789222373631029500,11.785029541015625,0.59326171875,1.4604157209396362,0.0377897247672081
1789222373641023700,11.795023681640625,0.36763420701026917,1.3427006006240845,0.3065761923789978
1789222373651018500,11.8050185546875,0.1498962938785553,0.3179284334182739,0.5128622651100159
1789222373661012700,11.8150126953125,-0.06344635039567947,-0.17701685428619385,0.4391328990459442
1789222373671006700,11.8250068359375,-0.16899168491363525,0.24887266755104065,0.016649283468723297
1789222373681000700,11.835000732421875,-0.10483720153570175,0.27963563799858093,-0.19083945453166962
1789222373690994700,11.84499462890625,0.027778901159763336,0.13272050023078918,-0.2920454442501068
1789222373700988400,11.854988525390626,0.1118309274315834,0.3198312520980835,-0.27123868465423584
1789222373710983700,11.864983642578125,0.06403331458568573,0.42859476804733276,0.016699351370334625
1789222373720977700,11.874977783203125,-0.13027730584144592,0.29833582043647766,0.2962399125099182
1789222373730971600,11.8849716796875,-0.42625144124031067,0.12532223761081696,0.4791649878025055
1789222373740965600,11.894965576171876,-0.6649196743965149,0.1540878415107727,0.24639086425304413
1789222373750959600,11.904959716796874,-0.7968114018440247,0.1677655726671219,0.1526004672050476
1789222373760953600,11.91495361328125,-0.8176141381263733,0.16382648050785065,0.1468525528907776
1789222373770948600,11.924948486328125,-0.7061606049537659,0.23101218044757843,-0.10982876271009445
1789222373780942600,11.934942626953125,-0.5371167063713074,0.20248067378997803,-0.0742393434047699
1789222373790936800,11.944936767578126,-0.4691757559776306,0.07964716106653214,0.02720099501311779
1789222373800930800,11.954930908203124,-0.5875213146209717,-0.24815841019153595,0.04478131979703903
1789222373810924500,11.964924560546875,-0.7823062539100647,-0.5790950655937195,0.05921725183725357
1789222373820918500,11.97491845703125,-1.001939296722412,-0.348592609167099,0.12421596050262451
1789222373830913500,11.98491357421875,-1.1308178901672363,0.05342886969447136,-0.006346579175442457
1789222373840907500,11.994907470703126,-1.0839158296585083,-0.07057536393404007,-0.1424090713262558
1789222373850901500,12.004901611328124,-0.9804158210754395,-0.29297593235969543,-0.05879194289445877
1789222373860895700,12.014895751953125,-0.9155244827270508,-0.2185152918100357,-0.055859535932540894
1789222373870889700,12.0248896484375,-0.8602526783943176,-0.5109418034553528,0.013234046287834644
1789222373880883700,12.0348837890625,-0.801200270652771,-0.8207098245620728,-0.12585006654262543
1789222373890878700,12.044878662109374,-0.8363401889801025,-0.47105672955513,-0.09691908955574036
1789222373900872700,12.054872802734375,-0.9186766147613525,0.08976078033447266,-0.0613752081990242
1789222373910866700,12.06486669921875,-0.8901208639144897,-0.13826227188110352,-0.06396034359931946
1789222373920860400,12.0748603515625,-0.8371905088424683,-0.3706584870815277,0.03225008025765419
1789222373930854700,12.084854736328126,-0.8733327984809875,0.060498498380184174,0.024463530629873276
1789222373940849700,12.094849609375,-0.8443059325218201,-0.02636236511170864,-0.012615926563739777
1789222373950843600,12.10484375,-0.6498081088066101,-0.747256875038147,-0.0402400977909565
1789222373960837600,12.114837646484375,-0.5148583054542542,-0.7249484062194824,0.004592354875057936
1789222373970831600,12.12483154296875,-0.520923912525177,-0.048833586275577545,-0.053590524941682816
1789222373980825600,12.13482568359375,-0.5071495175361633,-0.1093512549996376,-0.02562520280480385
1789222373990819600,12.144819580078124,-0.41616979241371155,-0.688968300819397,0.09169982373714447
1789222374000814600,12.154814697265625,-0.39103299379348755,-0.37922534346580505,0.002737196860834956
1789222374010808800,12.164808837890625,-0.43078359961509705,0.2789086103439331,-0.008981777355074883
1789222374020802800,12.174802734375,-0.37281912565231323,0.045457497239112854,-0.050452522933483124
1789222374030796500,12.184796630859376,-0.23840059340000153,-0.46751391887664795,0.029751770198345184
1789222374040790500,12.19479052734375,-0.21752087771892548,0.10737812519073486,0.08826833963394165
1789222374050784500,12.204784423828125,-0.1208004504442215,0.2688943147659302,-0.06940624117851257
1789222374060779500,12.214779541015625,0.1144685223698616,-0.6940783858299255,0.037213150411844254
1789222374070773500,12.2247734375,0.17915697395801544,-0.6438279747962952,0.08723264187574387
1789222374080767700,12.234767822265624,0.14409326016902924,0.17909091711044312,-0.12816116213798523
1789222374090761700,12.24476171875,0.17361173033714294,0.31984564661979675,-0.1679043173789978
1789222374100755700,12.254755615234375,0.12916943430900574,0.27556607127189636,-0.10667558014392853
1789222374110749700,12.264749755859375,0.07094021886587143,0.20950475335121155,-0.1977277249097824
1789222374120744700,12.27474462890625,0.10128267854452133,-0.27414047718048096,0.058919508010149
1789222374130738700,12.28473876953125,0.23740935325622559,-0.4778536558151245,0.13876719772815704
1789222374140732400,12.294732421875,0.4034649133682251,-0.07538290321826935,-0.10515730828046799
1789222374150726700,12.3047265625,0.5554890632629395,0.164750337600708,-0.01721893437206745
1789222374160720600,12.314720703125,0.5064152479171753,0.6420966386795044,0.19009217619895935
1789222374170715600,12.324715576171876,0.28361228108406067,1.078842043876648,0.37749961018562317
1789222374180709600,12.334709716796874,0.04050188511610031,0.9155763983726501,0.4282509386539459
1789222374190703600,12.34470361328125,-0.0887511745095253,0.0970141664147377,0.1064063310623169
1789222374200698600,12.35469873046875,-0.13361531496047974,-0.6587677597999573,-0.03117229975759983
1789222374210692600,12.364692626953126,-0.03443387523293495,-0.8703396916389465,-0.2565537691116333
1789222374220686600,12.3746865234375,0.2931234836578369,-0.7923231720924377,-0.45505937933921814
1789222374230681600,12.384681640625,0.473257839679718,-0.047739025205373764,-0.24252556264400482
1789222374240675600,12.394675537109375,0.3724113702774048,0.7699414491653442,-0.15970471501350403
1789222374250669800,12.404669921875,0.06306818127632141,0.6769949793815613,0.10892008990049362
1789222374260663800,12.414663818359376,-0.4363064765930176,0.27500441670417786,0.3792080283164978
1789222374270657800,12.42465771484375,-0.8038706183433533,-0.2640758454799652,0.14440804719924927
1789222374280651500,12.434651611328125,-0.8359470963478088,-0.972523033618927,0.21661247313022614
1789222374290646800,12.444646728515625,-0.635245144367218,-0.7795165777206421,0.2857814133167267
1789222374300640500,12.454640625,-0.28358379006385803,0.1560298204421997,-0.1446743607521057
1789222374310634500,12.464634521484374,0.006885336712002754,0.6162919402122498,-0.28850850462913513
1789222374320628700,12.474628662109374,0.07841038703918457,0.21983648836612701,-0.308173805475235
1789222374330622700,12.484622802734375,-0.08398384600877762,-0.625235378742218,-0.29601648449897766
1789222374340616700,12.49461669921875,-0.28744643926620483,-1.3088696002960205,-0.07973850518465042
1789222374350611700,12.50461181640625,-0.4598426818847656,-0.9112865924835205,0.15421433746814728
1789222374360605700,12.514605712890624,-0.5726557970046997,0.35767292976379395,0.3023896813392639
1789222374370599700,12.524599609375,-0.5170931816101074,1.1641452312469482,0.2145085632801056
1789222374380593700,12.53459375,-0.3353143632411957,0.6237202882766724,0.32977762818336487
1789222374390587600,12.544587646484375,-0.1853264421224594,-0.22397318482398987,0.13621430099010468
1789222374400583000,12.5545830078125,-0.08881722390651703,-0.805232048034668,-0.1772429496049881
1789222374410576600,12.56457666015625,-0.008772718720138073,-0.9923140406608582,-0.2268371433019638
1789222374420570600,12.574570556640625,-0.029625270515680313,-0.41078248620033264,-0.23319411277770996
1789222374430564600,12.584564697265625,-0.18589450418949127,0.26673874258995056,0.021028053015470505
1789222374440558600,12.59455859375,-0.3077263832092285,0.26230645179748535,0.2533973753452301
1789222374450552600,12.604552490234376,-0.358607679605484,-0.0675598680973053,0.4293353855609894
1789222374460547600,12.614547607421875,-0.2971262037754059,-0.24930329620838165,0.13260464370250702
1789222374470541800,12.624541748046875,-0.14707998931407928,-0.39159759879112244,-0.2351432740688324
1789222374480535800,12.634535888671875,-0.0013243899447843432,-0.46316951513290405,-0.31641894578933716
1789222374490529800,12.64452978515625,0.05186958983540535,-0.20564156770706177,-0.2545017898082733
1789222374500523500,12.6545234375,0.026806846261024475,0.10685934126377106,-0.15354189276695251
1789222374510517500,12.664517578125,0.021290374919772148,-0.19670027494430542,0.07426384091377258
1789222374520512500,12.674512451171875,-0.03374171629548073,-0.4521786570549011,0.2562624216079712
1789222374530506500,12.684506591796875,-0.1966470181941986,-0.034683145582675934,0.2801344394683838
1789222374540500700,12.694500732421876,-0.24344247579574585,0.09912019222974777,0.1081288680434227
1789222374550494700,12.70449462890625,-0.13742762804031372,-0.12469851970672607,-0.035895150154829025
1789222374560488700,12.71448876953125,-0.03683604672551155,0.031261250376701355,-0.07561539858579636
1789222374570482700,12.724482666015625,0.08110657334327698,0.055457666516304016,-0.2647815942764282
1789222374580477700,12.734477783203126,0.254597932100296,-0.654219388961792,-0.2340063750743866
1789222374590471700,12.7444716796875,0.24379375576972961,-0.6979489922523499,0.02719753235578537
1789222374600465700,12.754465576171874,0.06137654185295105,0.1156562939286232,0.05715170130133629
1789222374610460000,12.7644599609375,-0.06465382874011993,0.2687526345252991,0.10720554739236832
1789222374620453600,12.77445361328125,-0.06405594944953918,-0.17691804468631744,0.1921798288822174
1789222374630447600,12.784447509765625,-0.04157007858157158,-0.1016848161816597,0.13813602924346924
1789222374640442600,12.794442626953124,-0.012622584588825703,0.18916060030460358,0.1306046098470688
1789222374650436600,12.8044365234375,0.09068063646554947,0.0323139987885952,0.08761933445930481
1789222374660430600,12.8144306640625,0.19034543633460999,-0.17857293784618378,-0.013917147181928158
1789222374670424600,12.824424560546875,0.2113276869058609,-0.1482669711112976,-0.051234956830739975
1789222374680418800,12.834418701171876,0.10475810617208481,0.0197468064725399,-0.013496899977326393
1789222374690413800,12.844413818359374,0.011825500056147575,-0.11291083693504333,-0.04462951794266701
1789222374700407800,12.85440771484375,0.019275693222880363,-0.4564972221851349,-0.06943313777446747
1789222374710401800,12.86440185546875,0.18415066599845886,-0.6020578742027283,-0.31318455934524536
1789222374720395800,12.874395751953125,0.2870014011859894,-0.034143853932619095,-0.25810399651527405
1789222374730389500,12.884389404296876,0.2479408234357834,0.7003123164176941,-0.13909398019313812
1789222374740383700,12.8943837890625,0.22148285806179047,0.44739189743995667,0.04632408916950226
1789222374750378500,12.90437841796875,0.10998216271400452,-0.08608534932136536,0.4522668123245239
1789222374760372700,12.914372802734375,-0.06933806091547012,-0.0915224626660347,0.3372861444950104
1789222374770366700,12.92436669921875,-0.1258881539106369,-0.2884935736656189,0.10340096056461334
1789222374780360700,12.934360595703126,-0.0760233923792839,-0.35050660371780396,0.08937062323093414
1789222374790354700,12.944354736328124,-0.02478577382862568,0.29181161522865295,-0.10976964235305786
1789222374800348700,12.9543486328125,0.10355115681886673,0.5465317964553833,-0.41386401653289795
1789222374810343700,12.96434375,0.32968202233314514,-0.30058059096336365,-0.3136498034000397
1789222374820337700,12.974337646484376,0.3812786340713501,-0.7181053757667542,-0.03604854643344879
1789222374830332000,12.984331787109374,0.26815927028656006,-0.31676968932151794,0.0029286781791597605
1789222374840325600,12.99432568359375,0.17844323813915253,0.04616110399365425,-0.013471866957843304
1789222374850319600,13.004319580078125,0.09019993245601654,0.2854969799518585,0.11829548329114914
1789222374860313600,13.014313720703125,-0.07908176630735397,0.634799599647522,0.17635533213615417
1789222374870308600,13.02430859375,-0.1709754765033722,0.5019749402999878,0.07343985885381699
1789222374880302600,13.034302490234374,-0.056348759680986404,-0.262516051530838,0.12105158716440201
1789222374890296600,13.044296630859375,0.1174057200551033,-0.6043820381164551,0.12745170295238495
1789222374900290800,13.054290771484375,0.25225383043289185,-0.20228572189807892,-0.12935425341129303
1789222374910284800,13.064284912109375,0.27658605575561523,0.24663615226745605,-0.12377387285232544
1789222374920278800,13.07427880859375,0.1950587034225464,0.26510384678840637,0.014154168777167797
1789222374930273800,13.084273681640624,0.040713075548410416,0.06668341904878616,-0.06143246963620186
1789222374940267800,13.094267822265625,-0.08909445255994797,-0.21286539733409882,0.027470506727695465
1789222374950261500,13.104261474609375,-0.109723299741745,-0.26035410165786743,0.015364042483270168
1789222374960255700,13.114255859375,0.023368172347545624,-0.22740359604358673,-0.04547986760735512
1789222374970249700,13.124249755859376,0.14528928697109222,0.1986779421567917,-0.06315287202596664
1789222374980244700,13.13424462890625,0.20868343114852905,0.5354455709457397,-0.07926180213689804
1789222374990238700,13.14423876953125,0.14113368093967438,0.33638572692871094,0.09669698029756546
1789222375000232700,13.154232666015625,-0.0028658276423811913,-0.0979987382888794,0.10193515568971634
1789222375010226700,13.164226806640626,-0.11874289810657501,-0.4360811710357666,0.17085136473178864
1789222375020220700,13.174220703125,-0.17047452926635742,-0.28493958711624146,0.16932697594165802
1789222375030215000,13.18421484375,-0.14268603920936584,0.059531502425670624,0.015726499259471893
1789222375040209700,13.194209716796875,0.007929029874503613,0.05493542179465294,-0.14584694802761078
1789222375050204000,13.204203857421875,0.17005935311317444,-0.09238026291131973,-0.023799872025847435
1789222375060197600,13.21419775390625,0.2752819061279297,-0.07080599665641785,-0.1489255577325821
1789222375070191600,13.224191650390624,0.31990769505500793,-0.26851773262023926,-0.04364761337637901
1789222375080185600,13.234185546875,0.18168936669826508,-0.04501407966017723,0.252728670835495
1789222375090179600,13.2441796875,0.07201214134693146,0.2300872653722763,0.001017061178572476
1789222375100174600,13.254174560546875,0.05005411058664322,0.04602155461907387,0.038475219160318375
1789222375110168600,13.26416845703125,0.028656411916017532,0.1788962483406067,0.04092453047633171
1789222375120162800,13.274162841796874,0.00564084155485034,0.4405350387096405,-0.0057257963344454765
1789222375130156800,13.28415673828125,0.05643264949321747,0.10022087395191193,0.06410681456327438
1789222375140150800,13.29415087890625,0.17332278192043304,-0.3874931335449219,-0.016809873282909393
1789222375150144500,13.30414453125,0.2259226143360138,-0.2968047857284546,-0.013805560767650604
1789222375160139800,13.314139892578124,0.1675165593624115,0.19008445739746094,-0.11517825722694397
1789222375170133500,13.324133544921875,0.0899815559387207,0.2044985443353653,-0.16872777044773102
1789222375180127700,13.334127685546875,-0.04375706613063812,0.058887019753456116,0.08595139533281326
1789222375190121700,13.344121826171875,-0.08372019976377487,-0.0507715679705143,-0.05766436085104942
1789222375200115200,13.354115234375,0.02785133756697178,-0.5070472359657288,-0.14798493683338165
1789222375210109200,13.364109130859376,0.08754822611808777,-0.4267001748085022,0.01865650899708271
1789222375220104200,13.374104248046875,0.0940663143992424,0.1460416316986084,-0.07639756798744202
1789222375230098200,13.38409814453125,0.0802341178059578,0.2928244173526764,-0.073530413210392
1789222375240092200,13.394092041015625,0.040410540997982025,0.2673637866973877,-0.0867476761341095
1789222375250086100,13.404086181640626,-0.06434330344200134,0.34028542041778564,0.006066414527595043
1789222375260080000,13.414080078125,-0.1667836606502533,0.02243979461491108,0.19988702237606049
1789222375270074000,13.42407421875,-0.1981509029865265,-0.4303963780403137,0.30708563327789307
1789222375280069000,13.434069091796875,-0.14438673853874207,-0.3684003949165344,0.25350630283355713
1789222375290063000,13.44406298828125,-0.03737586736679077,-0.032166991382837296,0.11862145364284515
1789222375300057000,13.45405712890625,0.08558893948793411,0.1332336813211441,-0.2705044746398926
1789222375310051300,13.46405126953125,0.20620962977409363,-0.11631356179714203,-0.398133248090744
1789222375320045300,13.47404541015625,0.3033665418624878,-0.2846037745475769,-0.46088001132011414
1789222375330040300,13.484040283203125,0.32168081402778625,-0.3610173165798187,-0.20642933249473572
1789222375340034300,13.494034423828126,0.18175728619098663,0.140563502907753,0.18583723902702332
1789222375350028300,13.5040283203125,-0.037993453443050385,0.8384182453155518,0.2941000759601593
1789222375360022000,13.51402197265625,-0.12883147597312927,0.3811790347099304,0.4515424072742462
1789222375370016000,13.52401611328125,-0.12208595871925354,-0.26662981510162354,0.457310289144516
1789222375380010200,13.53401025390625,-0.11824008822441101,-0.16913177073001862,0.249050572514534
1789222375390005000,13.5440048828125,-0.005094361025840044,0.12217944115400314,-0.24089543521404266
1789222375399999200,13.553999267578124,0.17817425727844238,-0.035706598311662674,-0.4646108150482178
1789222375409993200,13.5639931640625,0.28953781723976135,-0.230729877948761,-0.541025698184967
1789222375419987200,13.5739873046875,0.3757704198360443,-0.4016891121864319,-0.581901490688324
1789222375429981200,13.583981201171875,0.35873526334762573,-0.4148019850254059,-0.09524449706077576
1789222375439975200,13.59397509765625,0.1948496401309967,0.09626821428537369,0.4119878113269806
1789222375449970200,13.60397021484375,-0.015978699550032616,0.6593363881111145,0.5892494320869446
1789222375459964200,13.613964111328125,-0.20589511096477509,0.7446182370185852,0.650486946105957
1789222375469958400,13.62395849609375,-0.3605014681816101,0.45137250423431396,0.6077895760536194
1789222375479952100,13.6339521484375,-0.359501451253891,-0.14755430817604065,0.17441681027412415
1789222375489946000,13.643946044921876,-0.12430304288864136,-0.6888905167579651,-0.4736163020133972
1789222375499940000,13.653940185546874,0.1264394372701645,-0.6030565500259399,-0.514959990978241
1789222375509935000,13.66393505859375,0.32948681712150574,-0.11911281198263168,-0.4403214454650879
1789222375519929000,13.67392919921875,0.5287192463874817,-0.05150020867586136,-0.4231075942516327
1789222375529923300,13.68392333984375,0.5655574202537537,-0.19268715381622314,-0.02461852692067623
1789222375539917300,13.693917236328126,0.27781856060028076,0.45392248034477234,0.23407161235809326
1789222375549911300,13.703911376953124,-0.07153916358947754,0.5529435873031616,0.44295692443847656
1789222375559905300,13.7139052734375,-0.19156649708747864,-0.18841172754764557,0.4224567115306854
1789222375569900300,13.723900390625,-0.20846451818943024,-0.0988117977976799,0.1831652969121933
1789222375579894300,13.733894287109376,-0.05427815392613411,0.2905990779399872,-0.10006721317768097
1789222375589888000,13.743887939453124,0.26278820633888245,-0.049900978803634644,-0.30345308780670166
1789222375599882200,13.75388232421875,0.48799577355384827,-0.335110604763031,-0.3017236292362213
1789222375609876200,13.763876220703125,0.4518665373325348,0.09508390724658966,-0.102072574198246
1789222375619871200,13.773871337890625,0.3362238109111786,0.08381260931491852,0.07440126687288284
1789222375629865200,13.783865234375,0.23075784742832184,-0.2659398019313812,0.11050760000944138
1789222375639859200,13.793859130859374,0.039497073739767075,0.13083311915397644,0.20296776294708252
1789222375649853200,13.803853271484375,-0.07998830825090408,0.5778681635856628,0.21432428061962128
1789222375659847200,13.81384716796875,-0.014430338516831398,0.33439210057258606,0.2713601291179657
1789222375669841400,13.82384130859375,0.1341109275817871,0.09370332211256027,0.2058386504650116
1789222375679836200,13.833836181640624,0.29704365134239197,0.07449527084827423,-0.16941140592098236
1789222375689830400,13.843830322265624,0.41385284066200256,-0.16261447966098785,-0.19949233531951904
1789222375699824000,13.85382421875,0.43261533975601196,-0.343400776386261,-0.1054404079914093
1789222375709818000,13.863818115234375,0.41048526763916016,-0.1915217638015747,-0.2411862462759018
1789222375719812000,13.87381201171875,0.38028955459594727,0.2209547460079193,-0.2507387399673462
1789222375729806000,13.88380615234375,0.3068059980869293,0.6551663875579834,-0.007387608755379915
1789222375739801000,13.893801025390625,0.20354540646076202,0.6703099012374878,0.08702810853719711
1789222375749795000,13.903795166015625,0.12519599497318268,0.11864835023880005,0.273012638092041
1789222375759789300,13.913789306640625,0.006957774516195059,0.11548291891813278,0.3461078703403473
1789222375769783300,13.923783203125,-0.01846449449658394,0.1276325285434723,0.054911453276872635
1789222375779777300,13.93377734375,0.08850829303264618,-0.5128833055496216,-0.105528824031353
1789222375789771000,13.94377099609375,0.15721066296100616,-0.572409451007843,-0.3117158114910126
1789222375799766300,13.953766357421875,0.18523269891738892,-0.022352976724505424,-0.35985803604125977
1789222375809760000,13.963760009765625,0.1869933158159256,0.37656858563423157,-0.21652644872665405
1789222375819754200,13.973754150390626,0.15129870176315308,0.2643725275993347,-0.033726271241903305
1789222375829748200,13.983748291015624,0.014391988515853882,0.26898086071014404,0.1796078383922577
1789222375839742200,13.9937421875,-0.09813482314348221,0.30464139580726624,0.2454390525817871
1789222375849736200,14.003736083984375,-0.07172878086566925,-0.03885658457875252,0.22041785717010498
1789222375859731200,14.013731201171876,-0.04607455059885979,0.01661546155810356,0.18145979940891266
1789222375869725200,14.02372509765625,-0.04729214683175087,0.48691585659980774,0.04952707141637802
1789222375879719200,14.03371923828125,0.045156560838222504,0.2859172523021698,-0.10349230468273163
1789222375889713400,14.04371337890625,0.20418456196784973,-0.4555472731590271,-0.18555521965026855
1789222375899707100,14.05370703125,0.23456136882305145,-0.47664138674736023,-0.2848815321922302
1789222375909701000,14.063701171875,0.24908199906349182,-0.17969892919063568,-0.39966243505477905
1789222375919696100,14.073696044921874,0.3300820291042328,-0.06211183965206146,-0.4106205403804779
1789222375929690000,14.083690185546875,0.3787928521633148,0.235172301530838,-0.40572860836982727
1789222375939684000,14.09368408203125,0.2966841459274292,0.6056616902351379,-0.06708689033985138
1789222375949678000,14.103677978515625,0.174690842628479,0.5690522789955139,0.3498767912387848
1789222375959672300,14.11367236328125,0.16460706293582916,-0.10456874966621399,0.42090728878974915
1789222375969666300,14.123666259765624,0.14759159088134766,-0.3019641041755676,0.4660281538963318
1789222375979661300,14.133661376953125,0.06083911657333374,0.20775239169597626,0.36450764536857605
1789222375989655300,14.1436552734375,0.007678692229092121,0.3864283859729767,0.17662404477596283
1789222375999649300,14.153649169921875,0.011945609003305435,0.4076111912727356,-0.09927146136760712
1789222376009643000,14.16364306640625,0.05445072427392006,0.5380887389183044,-0.37813690304756165
1789222376019637000,14.173636962890624,0.16984416544437408,0.2822684347629547,-0.4548199772834778
1789222376029631200,14.18363134765625,0.39148733019828796,-0.4603159427642822,-0.5213611721992493
1789222376039626200,14.193626220703125,0.46307310461997986,-0.7222580909729004,-0.13848277926445007
1789222376049620200,14.2036201171875,0.27145227789878845,0.06414569914340973,0.1934080719947815
1789222376059614200,14.2136142578125,0.026916036382317543,0.6108947992324829,0.23445191979408264
1789222376069608200,14.223608154296874,-0.26126089692115784,0.5969294309616089,0.5172244906425476
1789222376079602200,14.233602294921875,-0.53892982006073,0.6224946975708008,0.4307122528553009
1789222376089596200,14.24359619140625,-0.6529597043991089,0.2357398271560669,0.01942562870681286
1789222376099591200,14.253591064453126,-0.48490995168685913,-0.6719152927398682,0.002436259761452675
1789222376109585400,14.26358544921875,-0.16934961080551147,-0.7889907360076904,-0.08427706360816956
1789222376119579100,14.2735791015625,0.13104164600372314,-0.11526267975568771,-0.45394912362098694
1789222376129573000,14.283572998046875,0.29264411330223083,0.1649782955646515,-0.3918846845626831
1789222376139567000,14.293567138671875,0.27219316363334656,-0.017167268320918083,-0.168000727891922
1789222376149561000,14.30356103515625,0.028675053268671036,-0.03230787068605423,-0.08258089423179626
1789222376159556000,14.31355615234375,-0.24485981464385986,-0.0019270633347332478,-0.0038136467337608337
1789222376169550000,14.323550048828125,-0.3632279932498932,-0.1884327530860901,0.21879412233829498
1789222376179544300,14.33354443359375,-0.36801183223724365,0.06359522044658661,0.4499676823616028
1789222376189538300,14.343538330078125,-0.1869477778673172,0.5541910529136658,0.2626209855079651
1789222376199532000,14.353531982421876,0.06774415820837021,0.4336760640144348,0.3135635256767273
1789222376209526000,14.363526123046874,0.1694502830505371,0.3162815272808075,0.14955486357212067
1789222376219521000,14.37352099609375,0.20499922335147858,-0.16555939614772797,-0.16707155108451843
1789222376229515000,14.383514892578125,0.17542801797389984,-0.6324149966239929,-0.0876488909125328
1789222376239509000,14.393509033203125,0.03009238839149475,-0.012352540157735348,-0.19536469876766205
1789222376249503200,14.403503173828126,-0.09979770332574844,0.5431492924690247,-0.18726815283298492
1789222376259497200,14.413497314453124,-0.13882926106452942,0.2982575297355652,0.04808869957923889
1789222376269492200,14.4234921875,-0.07450859248638153,-0.009679258801043034,0.026871029287576675
1789222376279486200,14.433486328125,0.12547697126865387,-0.43519699573516846,-0.09739446640014648
1789222376289480000,14.44347998046875,0.2780691683292389,-0.633906364440918,0.061697185039520264
1789222376299474000,14.453473876953124,0.20575422048568726,0.1742841899394989,0.09220023453235626
1789222376309468000,14.463468017578125,0.019277025014162064,0.9977980256080627,-0.022158298641443253
1789222376319462100,14.473462158203125,-0.11178458482027054,0.5370823740959167,0.05207385495305061
1789222376329457200,14.48345703125,-0.22113637626171112,-0.2797453701496124,0.19648535549640656
1789222376339451100,14.493451171875,-0.32194316387176514,-0.22427678108215332,-0.08216464519500732
1789222376349445000,14.503445068359374,-0.1997264325618744,-0.28965604305267334,-0.3267323076725006
1789222376359439000,14.513439208984375,0.011902998201549053,-0.4526106119155884,-0.26221802830696106
1789222376369433000,14.52343310546875,0.07042676210403442,-0.007672566920518875,-0.0857149064540863
1789222376379427000,14.533427001953125,0.012324577197432518,0.4642190635204315,-0.05625235289335251
1789222376389422000,14.543422119140626,-0.061831410974264145,0.08177661895751953,0.12894439697265625
1789222376399416000,14.553416015625,-0.22644725441932678,-0.223667174577713,0.25615668296813965
1789222376409410000,14.56341015625,-0.33482858538627625,-0.185356006026268,-0.015606923028826714
1789222376419404000,14.573404052734375,-0.2882155478000641,-0.31736117601394653,-0.027885694056749344
1789222376429398000,14.58339794921875,-0.2256602942943573,-0.12309423089027405,0.058467037975788116
1789222376439392000,14.59339208984375,-0.12260927259922028,0.09333048015832901,0.04631956294178963
1789222376449387000,14.603386962890625,0.02563478983938694,0.16323819756507874,0.00041731735109351575
1789222376459381000,14.613381103515625,0.1260354220867157,0.24753069877624512,-0.08076115697622299
1789222376469375200,14.623375244140625,0.0836847797036171,0.15431927144527435,-0.022165223956108093
1789222376479369200,14.633369140625,-0.06058211997151375,-0.21142196655273438,0.10682524740695953
1789222376489363000,14.643363037109374,-0.16770857572555542,-0.3599957227706909,0.07018521428108215
1789222376499357000,14.65335693359375,-0.12624181807041168,-0.21317724883556366,-0.011549063958227634
1789222376509352000,14.66335205078125,-0.030299050733447075,0.08625366538763046,-0.16522464156150818
1789222376519346000,14.673345947265625,0.043887827545404434,0.13821034133434296,-0.16682760417461395
1789222376529340000,14.68333984375,0.1379658579826355,-0.051899150013923645,-0.12068993598222733
1789222376539334100,14.693334228515624,0.1937316507101059,0.009571933187544346,-0.08712797611951828
1789222376549328100,14.703328125,0.08221018314361572,0.5481544733047485,0.0004271710349712521
1789222376559322000,14.713322021484375,-0.003932423423975706,0.35721510648727417,0.04057672247290611
1789222376569317000,14.723317138671876,-0.014389059506356716,-0.4165668487548828,0.3169252276420593
1789222376579311000,14.73331103515625,-0.024758875370025635,-0.27451226115226746,0.21135857701301575
1789222376589305000,14.74330517578125,0.029207153245806694,0.15423697233200073,-0.06857799738645554
1789222376599299000,14.753299072265625,0.04860881343483925,0.3069058656692505,-0.06167268380522728
1789222376609293000,14.76329296875,0.0578281469643116,0.19328796863555908,-0.22777298092842102
1789222376619287000,14.773287109375,0.04721891134977341,-0.05874001234769821,-0.15881147980690002
1789222376629282000,14.783281982421874,0.014883075840771198,-0.17698462307453156,-0.0065324679017066956
1789222376639276000,14.793276123046875,0.015603993088006973,-0.16784518957138062,-0.0438806377351284
1789222376649270000,14.80327001953125,0.026882747188210487,-0.16227705776691437,-0.005571332760155201
1789222376659264000,14.813263916015625,0.079276442527771,-0.039149533957242966,0.08866196125745773
1789222376669258200,14.82325830078125,0.10777972638607025,0.4598003625869751,0.022009961307048798
1789222376679252200,14.833252197265624,0.058872103691101074,0.8769981265068054,-0.04180390387773514
1789222376689247200,14.843247314453125,-0.06759875267744064,0.7012976408004761,0.09723973274230957
1789222376699241200,14.8532412109375,-0.12046515941619873,-0.09254883974790573,0.13137932121753693
1789222376709235000,14.86323486328125,-0.10127895325422287,-0.6457499861717224,0.11403869092464447
1789222376719229000,14.87322900390625,-0.030539799481630325,-0.4297170042991638,-0.11823609471321106
1789222376729223000,14.883222900390624,0.1043437123298645,-0.17680087685585022,-0.2297048270702362
1789222376739217200,14.893217041015625,0.16365844011306763,0.014110758900642395,-0.04441699758172035
1789222376749212000,14.9032119140625,0.10274555534124374,0.45986559987068176,-0.13243713974952698
1789222376759206100,14.9132060546875,0.05740523710846901,0.27621695399284363,-0.012119246646761894
1789222376769200000,14.9232001953125,-0.02713095396757126,-0.06581709533929825,0.25895991921424866
1789222376779194000,14.933194091796874,-0.18786923587322235,0.307014524936676,0.00720678037032485
1789222376789188000,14.94318798828125,-0.22863663733005524,0.3472437262535095,-0.07030345499515533
1789222376799182000,14.95318212890625,-0.13345633447170258,-0.09167852252721786,0.2197994738817215
1789222376809177000,14.963177001953126,-0.026858245953917503,0.02592960186302662,-0.06131156161427498
1789222376819171000,14.973171142578124,0.014160560443997383,0.202705979347229,-0.24232208728790283
1789222376829165000,14.9831650390625,-0.018863968551158905,0.0009989517275243998,-0.017586983740329742
1789222376839159000,14.993158935546875,-0.09610229730606079,-0.11734340339899063,-0.09256162494421005
1789222376849153000,15.003153076171875,-0.10879359394311905,-0.2932550609111786,-0.020744426175951958
1789222376859147000,15.01314697265625,-0.12820057570934296,-0.16189701855182648,0.2492830604314804
1789222376869142000,15.02314208984375,-0.16822895407676697,0.24500788748264313,0.28923100233078003
1789222376879136000,15.033135986328125,-0.20906560122966766,0.5203699469566345,0.2222607582807541
1789222376889130200,15.043130126953125,-0.18726709485054016,0.20092271268367767,0.009922938421368599
1789222376899124200,15.053124267578125,-0.14212357997894287,-0.38331303000450134,-0.16905853152275085
1789222376909118200,15.0631181640625,-0.08522408455610275,-0.533409833908081,-0.34054774045944214
1789222376919112000,15.07311181640625,-0.007614243775606155,-0.35638368129730225,-0.5076400637626648
1789222376929107000,15.08310693359375,0.09240076690912247,-0.20118583738803864,-0.40500980615615845
1789222376939101000,15.093100830078125,0.02502785436809063,0.2512442171573639,0.08214307576417923
1789222376949095000,15.103094970703125,-0.13448616862297058,0.5809605717658997,0.26095330715179443
1789222376959089200,15.113089111328126,-0.21281667053699493,0.23496617376804352,0.2483709305524826
1789222376969083100,15.123083251953124,-0.3069996237754822,-0.07556480169296265,0.4177010953426361
1789222376979077000,15.1330771484375,-0.37432804703712463,-0.004658667836338282,0.13944125175476074
1789222376989072100,15.143072021484375,-0.26036500930786133,-0.21317432820796967,-0.11463736742734909
1789222376999066000,15.153066162109376,-0.1074787899851799,-0.35071754455566406,-0.058454521000385284
1789222377009060000,15.16306005859375,0.037644315510988235,-0.18747535347938538,-0.2937173843383789
1789222377019054000,15.17305419921875,0.16025757789611816,-0.1662539541721344,-0.3391237258911133
1789222377029048000,15.183048095703125,0.1636539101600647,0.010319748893380165,-0.1648494005203247
1789222377039042000,15.1930419921875,0.08144105970859528,0.23169048130512238,-0.2935141623020172
1789222377049037000,15.203037109375,-0.03762460872530937,-0.08018352091312408,0.309703528881073
1789222377059031000,15.213031005859374,-0.1953524500131607,0.2244618684053421,0.5952897071838379
1789222377069025000,15.22302490234375,-0.27970167994499207,0.5704917311668396,0.29157325625419617
1789222377079019000,15.23301904296875,-0.26937901973724365,0.269241601228714,0.2167339026927948
1789222377089013000,15.243012939453125,-0.21343904733657837,-0.1368345469236374,-0.019287144765257835
1789222377099007200,15.25300732421875,-0.04579199105501175,-0.7484588027000427,-0.30422672629356384
1789222377109002200,15.263002197265624,0.23786449432373047,-0.8952854871749878,-0.5991313457489014
1789222377118996200,15.272996337890625,0.36047855019569397,-0.02936055138707161,-0.4979408085346222
1789222377128990200,15.282990234375,0.23342393338680267,0.6624027490615845,-0.16223710775375366
1789222377138984000,15.29298388671875,0.03439765423536301,0.24790780246257782,0.13481692969799042
1789222377148978000,15.30297802734375,-0.2818274199962616,0.05074173957109451,0.6172592043876648
1789222377158972000,15.312971923828124,-0.6176919937133789,0.4060010313987732,0.6110625863075256
1789222377168966100,15.322966064453125,-0.646976113319397,-0.19127169251441956,0.1961761713027954
1789222377178961200,15.332961181640625,-0.50986647605896,-0.7168007493019104,0.12817049026489258
1789222377188955100,15.342955078125,-0.2835046947002411,-0.22704966366291046,0.04675392434000969
1789222377198949000,15.35294921875,0.0024082965683192015,0.5005896091461182,-0.37553340196609497
1789222377208943000,15.362943115234375,0.3251112401485443,0.08566084504127502,-0.634873628616333
1789222377218936800,15.372936767578125,0.3306386470794678,-0.3777078688144684,-0.37637630105018616
1789222377228931000,15.38293115234375,0.06516674906015396,-0.42858943343162537,-0.15255118906497955
1789222377238925800,15.39292578125,-0.14440378546714783,-0.6372201442718506,0.061838068068027496
1789222377248920000,15.402920166015624,-0.24173273146152496,-0.43250802159309387,0.27279770374298096
1789222377258914000,15.4129140625,-0.3267083466053009,0.5588139891624451,0.145511656999588
1789222377268908000,15.422907958984375,-0.3325340151786804,0.8829894065856934,0.24453304708003998
1789222377278902000,15.432902099609375,-0.26885461807250977,0.3257645070552826,0.40713128447532654
1789222377288896000,15.44289599609375,-0.13304993510246277,-0.17593161761760712,-0.13228639960289001
1789222377298891000,15.45289111328125,-0.03840517997741699,-0.49391916394233704,-0.0847572311758995
1789222377308885000,15.462885009765625,-0.0463443286716938,-0.32904261350631714,-0.041359689086675644
1789222377318879200,15.472879150390625,-0.027035346254706383,-0.4112543761730194,-0.1711682826280594
1789222377328873000,15.482873046875,0.01284735556691885,-0.3510480523109436,-0.17043831944465637
1789222377338867000,15.492866943359376,0.009663013741374016,0.26092374324798584,-0.146932452917099
1789222377348861000,15.50286083984375,-0.021875470876693726,0.38113829493522644,-0.13541188836097717
1789222377358856000,15.51285595703125,0.04097273200750351,-0.3923579156398773,-0.13496127724647522
1789222377368850000,15.522849853515625,0.0737738236784935,-0.6196137070655823,0.20785173773765564
1789222377378844000,15.532843994140626,0.045280128717422485,0.31228092312812805,0.16204695403575897
1789222377388838100,15.542838134765624,0.03213982656598091,0.5539100766181946,0.13905376195907593
1789222377398832000,15.55283203125,-0.043478500097990036,0.1707184761762619,0.2571748197078705
1789222377408826000,15.562826171875,-0.201922208070755,0.2713574767112732,0.003082342678681016
1789222377418821000,15.572821044921875,-0.24667395651340485,0.1365613043308258,-0.22722169756889343
1789222377428815000,15.582815185546876,-0.0746752992272377,-0.644355833530426,-0.3428124785423279
1789222377438808800,15.592808837890624,0.06297976523637772,-0.7926350235939026,-0.34836357831954956
1789222377448803000,15.602802978515625,0.1291063129901886,-0.29715365171432495,-0.2836777865886688
1789222377458797000,15.612797119140625,0.20141646265983582,0.04710199683904648,-0.17721259593963623
1789222377468791000,15.622791015625,0.21600739657878876,0.04013010859489441,0.22972986102104187
1789222377478786000,15.6327861328125,-0.07907271385192871,0.7236373424530029,0.31909650564193726
1789222377488780000,15.642780029296874,-0.3857690095901489,0.6521303653717041,0.20658433437347412
1789222377498774000,15.65277392578125,-0.4629088044166565,-0.5756944417953491,0.4394916296005249
1789222377508768000,15.66276806640625,-0.35898879170417786,-0.937029242515564,0.2702101767063141
1789222377518762000,15.672761962890625,-0.07006777077913284,-0.25684723258018494,-0.4751476049423218
1789222377528756000,15.682755859375,0.27456605434417725,-0.09208305180072784,-0.4030052423477173
1789222377538750000,15.69275,0.4209626615047455,0.01486469991505146,-0.23701654374599457
1789222377548745000,15.702744873046875,0.3404398560523987,0.3185332417488098,-0.2700197696685791
1789222377558739000,15.712739013671875,0.10611312091350555,0.18818135559558868,0.06113872304558754
1789222377568733000,15.72273291015625,-0.2117396742105484,-0.16089008748531342,0.23831775784492493
1789222377578727000,15.732726806640626,-0.5038354396820068,-0.3246198892593384,0.41557109355926514
1789222377588721200,15.74272119140625,-0.5583453178405762,-0.21323397755622864,0.15729402005672455
1789222377598715100,15.752715087890625,-0.26174744963645935,-0.27428826689720154,-0.1741020232439041
1789222377608710100,15.762710205078125,0.06948719918727875,-0.27737489342689514,0.008165251463651657
1789222377618704100,15.7727041015625,0.2757703363895416,-0.08663209527730942,-0.21813446283340454
1789222377628698000,15.782697998046874,0.31805652379989624,-0.21034790575504303,-0.3290255665779114
1789222377638691800,15.79269189453125,0.1567840278148651,-0.2260027676820755,0.05804599076509476
1789222377648685800,15.802685791015625,-0.18458741903305054,0.19395749270915985,0.11438409984111786
1789222377658680000,15.81268017578125,-0.41047462821006775,0.06357498466968536,-0.06739075481891632
1789222377668675000,15.822675048828126,-0.41862282156944275,-0.2992607355117798,0.3049074411392212
1789222377678669000,15.8326689453125,-0.34790417551994324,0.22383522987365723,0.35513198375701904
1789222377688663000,15.8426630859375,-0.13492345809936523,0.20833243429660797,-0.004005128052085638
1789222377698657000,15.852656982421875,0.10482814162969589,-0.6358858942985535,0.20056825876235962
1789222377708651000,15.862651123046875,0.20407404005527496,-0.51100093126297,-0.011376758106052876
1789222377718645000,15.87264501953125,0.2476377636194229,-0.06887307018041611,-0.5171773433685303
1789222377728639200,15.88263916015625,0.23833826184272766,-0.30289196968078613,-0.45159754157066345
1789222377738634000,15.892634033203125,0.14295928180217743,-0.34087902307510376,-0.3088132441043854
1789222377748628000,15.9026279296875,-0.03578569367527962,0.22057737410068512,-0.006583068054169416
1789222377758622000,15.9126220703125,-0.10849611461162567,0.35691550374031067,0.36650049686431885
1789222377768616000,15.922615966796876,-0.028778385370969772,-0.06697370857000351,0.4693632423877716
1789222377778610000,15.93260986328125,0.058693405240774155,-0.174238383769989,0.4017370343208313
1789222377788604000,15.94260400390625,0.0822589173913002,0.27904069423675537,0.1674656867980957
1789222377798599000,15.952598876953125,0.09712362289428711,0.4177333116531372,0.04135223478078842
1789222377808593200,15.96259326171875,0.19027380645275116,0.06529005616903305,-0.17303302884101868
1789222377818587100,15.972587158203124,0.28771141171455383,-0.2502630949020386,-0.3713836669921875
1789222377828581000,15.9825810546875,0.33435001969337463,-0.3457272946834564,-0.40089336037635803
1789222377838575000,15.9925751953125,0.27340462803840637,-0.2175927758216858,-0.19968141615390778
1789222377848568800,16.00256884765625,0.1846044659614563,-0.0220259390771389,0.09398934245109558
1789222377858564000,16.012564208984376,0.1106620654463768,0.4012899100780487,0.06118106469511986
1789222377868557800,16.022557861328124,0.0455392561852932,0.49953019618988037,0.26533234119415283
1789222377878552000,16.032552001953125,-0.02533438429236412,0.22101546823978424,0.4864359498023987
1789222377888546000,16.042546142578125,-0.1882748305797577,0.17065882682800293,0.4855741560459137
1789222377898540000,16.0525400390625,-0.293527215719223,0.26672330498695374,0.1509391814470291
1789222377908534000,16.062533935546874,-0.20990662276744843,-0.12291873246431351,-0.17698995769023895
1789222377918529000,16.072529052734374,0.012500612065196037,-0.7955538630485535,-0.37655046582221985
1789222377928523000,16.08252294921875,0.22344213724136353,-0.673809826374054,-0.7301871180534363
1789222377938517000,16.09251708984375,0.33186474442481995,-0.1986108273267746,-0.45498642325401306
1789222377948511200,16.10251123046875,0.23097063601016998,0.22351297736167908,0.2043536752462387
1789222377958505000,16.1125048828125,0.02847052365541458,0.3489329516887665,0.24749740958213806
1789222377968499000,16.1224990234375,-0.17873220145702362,-0.10973848402500153,0.47038722038269043
1789222377978494000,16.132493896484377,-0.3752700090408325,-0.15830229222774506,0.49381184577941895
1789222377988488000,16.142488037109374,-0.44087061285972595,-0.050815243273973465,0.28219786286354065
1789222377998482000,16.15248193359375,-0.3067737817764282,0.19224907457828522,-0.07763513922691345
1789222378008476000,16.162475830078126,-0.06600644439458847,0.3051937222480774,-0.12069898843765259
1789222378018470100,16.17247021484375,0.10205899178981781,0.1416333019733429,-0.06684134900569916
1789222378028464000,16.182464111328127,0.23369450867176056,-0.43059587478637695,-0.18007655441761017
1789222378038458000,16.1924580078125,0.3176565170288086,-0.8473366498947144,-0.1391618847846985
1789222378048453000,16.202453125,0.16938211023807526,-0.31360185146331787,0.003564907470718026
1789222378058447000,16.212447021484376,-0.07815232872962952,0.549619734287262,-0.08694501966238022
1789222378068440800,16.22244091796875,-0.1793537735939026,0.44883477687835693,-0.02070288173854351
1789222378078435000,16.23243505859375,-0.16281767189502716,-0.17420534789562225,0.17146097123622894
1789222378088429000,16.242428955078125,-0.1595449149608612,-0.2625466585159302,0.15492406487464905
1789222378098423000,16.252423095703126,-0.11818389594554901,-0.18827909231185913,0.20957054197788239
1789222378108418000,16.26241796875,-0.016928916797041893,-0.21671952307224274,0.024596156552433968
1789222378118412000,16.272412109375,0.18555548787117004,-0.5186862945556641,-0.37091922760009766
1789222378128406000,16.282406005859375,0.2969033122062683,-0.25671273469924927,-0.46953871846199036
1789222378138400000,16.29239990234375,0.18103556334972382,0.6707850098609924,-0.3408406674861908
1789222378148394000,16.30239404296875,0.019470637664198875,0.7045390009880066,-0.1676020473241806
1789222378158388200,16.31238818359375,-0.11502538621425629,-0.3372350335121155,0.4405480921268463
1789222378168383200,16.32238330078125,-0.2661970555782318,-0.4400798976421356,0.6012906432151794
1789222378178377000,16.332376953125,-0.24824842810630798,-0.08398065716028214,0.12053680419921875
1789222378188371000,16.342370849609374,-0.03338006138801575,-0.42179250717163086,-0.09292381256818771
1789222378198365400,16.352365478515626,0.0793432891368866,-0.28843018412590027,-0.14342613518238068
1789222378208359400,16.362359375,0.05958077311515808,0.3879959285259247,-0.2155197709798813
1789222378218353400,16.372353515625,0.08905424177646637,0.1830393224954605,-0.07650409638881683
1789222378228347400,16.382347412109375,0.08527921140193939,-0.530639111995697,0.25540754199028015
1789222378238342400,16.39234228515625,-0.04373682662844658,-0.3457067906856537,0.1328456699848175
1789222378248336400,16.40233642578125,-0.1619548201560974,0.1268298476934433,0.040824130177497864
1789222378258330400,16.412330322265625,-0.23783999681472778,0.3564947247505188,-0.027791684493422508
1789222378268324400,16.422324462890625,-0.15779975056648254,0.06506022810935974,-0.32257670164108276
1789222378278318300,16.432318359375,0.05931445583701134,-0.6473422646522522,-0.235022634267807
1789222378288312300,16.442312255859374,0.13506647944450378,-0.5174002647399902,0.07654910534620285
1789222378298307300,16.452307373046875,0.11746351420879364,-0.037579599767923355,-0.05608803778886795
1789222378308301600,16.462301513671875,0.12951883673667908,-0.3203050494194031,-0.11170362681150436
1789222378318295600,16.472295654296875,0.03406822308897972,-0.1550777405500412,0.04242734983563423
1789222378328289500,16.48228955078125,-0.10630300641059875,0.5344977378845215,-0.19445203244686127
1789222378338283300,16.492283203125,-0.010662231594324112,-0.09319652616977692,-0.14373107254505157
1789222378348277200,16.50227734375,0.09759686142206192,-0.591688871383667,0.19074438512325287
1789222378358271500,16.512271484375,0.10943674296140671,0.03295368701219559,0.2595705986022949
1789222378368266200,16.522266357421874,0.1408069133758545,0.46172982454299927,0.28998494148254395
1789222378378260500,16.532260498046874,0.19607283174991608,0.3114130198955536,0.24662016332149506
1789222378388254500,16.54225439453125,0.1401541829109192,0.1860436350107193,0.10531363636255264
1789222378398248400,16.55224853515625,0.07799200713634491,-0.025649704039096832,-0.26233628392219543
1789222378408242400,16.562242431640627,0.09978199005126953,-0.33403897285461426,-0.3083152174949646
1789222378418236400,16.572236328125,0.18103823065757751,-0.5041587352752686,-0.15626949071884155
1789222378428231400,16.5822314453125,0.3007100224494934,-0.5130691528320312,-0.16933417320251465
1789222378438225400,16.592225341796876,0.4091382324695587,-0.19244907796382904,-0.2097519040107727
1789222378448219400,16.602219482421877,0.37113067507743835,0.4343163073062897,0.03545626252889633
1789222378458213400,16.61221337890625,0.21010076999664307,0.6616658568382263,0.2690466344356537
1789222378468207400,16.622207275390625,0.0721341148018837,0.24269999563694,0.3543833792209625
1789222378478201300,16.632201416015626,0.045405030250549316,-0.02285604737699032,0.11855567246675491
1789222378488195300,16.6421953125,0.08687524497509003,-0.04175570234656334,0.06693029403686523
1789222378498190300,16.6521904296875,0.1328267604112625,0.028440162539482117,0.029568012803792953
1789222378508184300,16.662184326171875,0.25293320417404175,0.08511009812355042,-0.29253652691841125
1789222378518178600,16.672178466796876,0.3496195077896118,0.013802098110318184,-0.21517649292945862
1789222378528172500,16.682172607421876,0.3319624960422516,-0.033667683601379395,-0.05187145248055458
1789222378538166300,16.692166259765624,0.23542876541614532,-0.160323366522789,0.04133811965584755
1789222378548160300,16.70216015625,0.12989194691181183,-0.13943006098270416,0.1857978254556656
1789222378558155300,16.7121552734375,0.06023537740111351,0.2591463327407837,0.14021410048007965
1789222378568149200,16.722149169921874,0.0594920888543129,0.3722236454486847,0.1884082555770874
1789222378578143200,16.732143310546874,0.06383969634771347,0.33498331904411316,0.15188300609588623
1789222378588137500,16.742137451171875,0.055208925157785416,0.21795949339866638,0.09803894907236099
1789222378598131500,16.75213134765625,0.07907883822917938,0.009793508797883987,0.07289817184209824
1789222378608125400,16.76212548828125,0.13211223483085632,-0.1627979725599289,-0.12964321672916412
1789222378618119400,16.772119384765624,0.15617628395557404,-0.348854660987854,-0.20575129985809326
1789222378628114400,16.782114501953124,0.13021579384803772,-0.336825430393219,-0.14160452783107758
1789222378638108400,16.7921083984375,0.05367761105298996,0.07236527651548386,-0.18616613745689392
1789222378648102400,16.802102294921873,0.02875654771924019,0.24097879230976105,-0.11085567623376846
1789222378658096400,16.812096435546874,-0.02382650226354599,0.2664460837841034,0.10200466215610504
1789222378668090400,16.82209033203125,-0.007995874620974064,0.024765800684690475,0.08061495423316956
1789222378678084400,16.83208447265625,0.0771682858467102,-0.34256479144096375,0.2277250438928604
1789222378688079400,16.842079345703127,0.11727975308895111,-0.1201503723859787,0.1731550097465515
1789222378698073300,16.8520732421875,0.12488094717264175,0.16951020061969757,-0.037577737122774124
1789222378708067300,16.8620673828125,0.09692015498876572,0.1962299644947052,-0.017953434959053993
1789222378718061600,16.8720615234375,0.03759957477450371,0.2040063887834549,-0.11727336049079895
1789222378728055600,16.8820556640625,-0.02394767664372921,0.0036661075428128242,-0.1321559101343155
1789222378738049500,16.892049560546877,0.06858012825250626,-0.38052523136138916,-0.058230817317962646
1789222378748043300,16.902043212890625,0.12849725782871246,-0.18419194221496582,0.2758091986179352
1789222378758038300,16.912038330078126,0.21914885938167572,0.1797652393579483,0.021469606086611748
1789222378768032300,16.9220322265625,0.3121962547302246,0.10378525406122208,0.04614885151386261
1789222378778026200,16.932026123046874,0.26836326718330383,0.2879990339279175,0.14197418093681335
1789222378788020500,16.9420205078125,0.16919435560703278,0.4163745939731598,-0.13731524348258972
1789222378798014500,16.952014404296875,0.16574129462242126,-0.07648225873708725,-0.2643911838531494
1789222378808008400,16.962008544921876,0.2729729413986206,-0.5327608585357666,-0.17180557548999786
1789222378818003500,16.97200341796875,0.34825465083122253,-0.3189929127693176,-0.017498033121228218
1789222378827997400,16.98199755859375,0.4230678975582123,0.1573030650615692,-0.12431449443101883
1789222378837991400,16.991991455078125,0.39788398146629333,0.6120519638061523,0.023559121415019035
1789222378847985400,17.0019853515625,0.23816916346549988,0.8040162920951843,0.25933489203453064
1789222378857979400,17.0119794921875,0.059366386383771896,0.4761417806148529,0.32180893421173096
1789222378867973400,17.021973388671874,-0.04940057173371315,-0.03677905350923538,0.3433839976787567
1789222378877967400,17.03196728515625,0.01944320648908615,-0.4699224829673767,0.208275705575943
1789222378887962400,17.04196240234375,0.20788848400115967,-0.5273594260215759,0.03636147081851959
1789222378897956400,17.051956298828124,0.3489888906478882,0.256358802318573,-0.4345959424972534
1789222378907950300,17.061950439453124,0.45151287317276,0.5223755836486816,-0.5918009877204895
1789222378917944300,17.0719443359375,0.4975256323814392,0.018550248816609383,-0.282063364982605
1789222378927938600,17.0819384765625,0.48353418707847595,-0.09395019710063934,-0.22217687964439392
1789222378937932500,17.0919326171875,0.375080406665802,0.17380721867084503,0.1622629463672638
1789222378947926300,17.10192626953125,0.18784606456756592,0.3581309914588928,0.6327508091926575
1789222378957921500,17.111921630859374,0.1145220547914505,0.2869952917098999,0.46112874150276184
1789222378967915300,17.121915283203126,0.07612459361553192,0.3729024827480316,0.3470895290374756
1789222378977909200,17.1319091796875,0.07427369803190231,0.6539754271507263,-0.07808761298656464
1789222378987903200,17.1419033203125,0.20287933945655823,0.1632685512304306,-0.42683735489845276
1789222378997897500,17.1518974609375,0.40099430084228516,-0.6209381222724915,-0.375451922416687
1789222379007891500,17.161891357421876,0.47389379143714905,-0.3946365416049957,-0.25815191864967346
1789222379017886500,17.171886474609376,0.4941186308860779,0.056768473237752914,-0.17117467522621155
1789222379027880400,17.18188037109375,0.42552679777145386,0.283365398645401,0.0640181303024292
1789222379037874400,17.19187451171875,0.1609145849943161,0.5667571425437927,0.26307690143585205
1789222379047868400,17.201868408203126,-0.07025658339262009,0.5178226232528687,0.18433016538619995
1789222379057862400,17.2118623046875,-0.1335095912218094,-0.014725948683917522,0.32754456996917725
1789222379067856400,17.2218564453125,-0.05103948339819908,-0.23391875624656677,0.0028639633674174547
1789222379077850400,17.231850341796875,0.11125275492668152,-0.04102093726396561,-0.2294859141111374
1789222379087845400,17.241845458984375,0.18794113397598267,0.43879973888397217,0.05964335799217224
1789222379097839400,17.25183935546875,0.2647448480129242,0.6258135437965393,-0.09272380918264389
1789222379107833300,17.261833251953124,0.3694677948951721,-0.08913200348615646,-0.2114001214504242
1789222379117827300,17.271827392578125,0.21617890894412994,-0.301414430141449,0.07955873757600784
1789222379127821600,17.281821533203125,-0.005071990191936493,-0.09347615391016006,0.0729527696967125
1789222379137815600,17.291815673828125,-0.01636539027094841,-0.12524233758449554,-0.08767233043909073
1789222379147809500,17.3018095703125,0.10617437213659286,0.009404154494404793,0.015475096181035042
1789222379157804500,17.311804443359375,0.17842327058315277,0.7608195543289185,-0.15634912252426147
1789222379167798300,17.32179833984375,0.16534128785133362,0.6110916137695312,0.11250683665275574
1789222379177792300,17.331792236328123,0.0763925090432167,-0.04195943474769592,0.3167755603790283
1789222379187786200,17.3417861328125,0.006372411735355854,-0.09836997836828232,0.09875347465276718
1789222379197780500,17.351780517578124,-0.09895427525043488,0.28622084856033325,0.0761490985751152
1789222379207774000,17.36177392578125,-0.0939086526632309,0.06443332135677338,-0.17303888499736786
1789222379217768000,17.371767822265625,0.046488139778375626,-0.532581627368927,-0.2326793223619461
1789222379227763000,17.381762939453125,0.14232811331748962,-0.06619419902563095,-0.1266184002161026
1789222379237757000,17.3917568359375,0.25037044286727905,0.5791677832603455,-0.17046068608760834
1789222379247751000,17.4017509765625,0.3214550018310547,0.2783277630805969,0.1617305725812912
1789222379257745200,17.4117451171875,0.2891188859939575,0.16904841363430023,0.1877097189426422
1789222379267739100,17.4217392578125,0.20780858397483826,0.14502829313278198,0.19357265532016754
1789222379277733000,17.431733154296875,0.08001787215471268,0.06647622585296631,0.31916147470474243
1789222379287728000,17.44172802734375,-0.00618252856656909,0.2029443234205246,0.09107957780361176
1789222379297722000,17.45172216796875,0.05107570067048073,0.33947527408599854,-0.11830373853445053
1789222379307716000,17.461716064453125,0.21788811683654785,0.051958538591861725,-0.10031222552061081
1789222379317709800,17.471709716796877,0.34506312012672424,-0.1841256320476532,-0.36471885442733765
1789222379327704000,17.4817041015625,0.4135929048061371,-0.4213744103908539,-0.2814260721206665
1789222379337698000,17.491697998046874,0.3653090000152588,0.05295722559094429,-0.05697540193796158
1789222379347692000,17.501692138671874,0.18735817074775696,0.917820394039154,0.11908910423517227
1789222379357687000,17.51168701171875,0.03249402716755867,0.8629238605499268,0.1725214421749115
1789222379367681000,17.521680908203123,-0.018022943288087845,0.09117358922958374,0.17364582419395447
1789222379377675000,17.531675048828124,-0.02376578375697136,-0.14156165719032288,0.2211132049560547
1789222379387669000,17.5416689453125,0.07738373428583145,0.09100713580846786,0.0057196710258722305
1789222379397663200,17.551663330078124,0.29383429884910583,0.10575758665800095,-0.23356960713863373
1789222379407657000,17.561656982421876,0.45290568470954895,0.28673455119132996,-0.278658002614975
1789222379417651000,17.57165087890625,0.4532167613506317,0.5448670387268066,-0.19932562112808228
1789222379427646000,17.58164599609375,0.38064268231391907,0.3121003806591034,-0.18706150352954865
1789222379437640000,17.591639892578126,0.18177539110183716,0.09635715931653976,0.03862062841653824
1789222379447634000,17.601634033203126,-0.10077774524688721,0.3192927837371826,0.2540053725242615
1789222379457628000,17.6116279296875,-0.2447357177734375,0.19105491042137146,0.29623937606811523
1789222379467622100,17.6216220703125,-0.1809021383523941,-0.36733219027519226,0.33620622754096985
1789222379477616000,17.6316162109375,-0.10601165145635605,-0.03399764746427536,-0.009820939041674137
1789222379487610000,17.641610107421876,-0.06691697984933853,0.5954146385192871,-0.3315582275390625
1789222379497605000,17.651605224609376,0.0679074078798294,0.2529022991657257,-0.5039134621620178
1789222379507599000,17.66159912109375,0.19858047366142273,-0.3910580277442932,-0.47616228461265564
1789222379517592800,17.6715927734375,0.1466538906097412,-0.16843508183956146,-0.06027985364198685
1789222379527586800,17.6815869140625,0.10014098137617111,0.32566624879837036,0.10154606401920319
1789222379537581000,17.6915810546875,0.21084219217300415,0.1379714459180832,0.31021353602409363
1789222379547575000,17.701574951171875,0.14452868700027466,0.576530933380127,0.3330107033252716
1789222379557569000,17.711569091796875,-0.16261447966098785,1.3516887426376343,0.35494130849838257
1789222379567564000,17.72156396484375,-0.3248944580554962,0.7312635779380798,0.47840359807014465
1789222379577558000,17.73155810546875,-0.2614862024784088,-0.4750962257385254,0.4428676962852478
1789222379587552000,17.741552001953124,-0.08070763200521469,-0.4294336438179016,-0.2235822230577469
1789222379597546000,17.7515458984375,0.08928247541189194,0.15953479707241058,-0.38601213693618774
1789222379607540200,17.761540283203125,0.1651519387960434,0.2679784595966339,-0.3878702223300934
1789222379617534000,17.771533935546874,0.20532812178134918,-0.13362783193588257,-0.5736422538757324
1789222379627528000,17.78152783203125,0.1467319130897522,-0.36082637310028076,-0.09320478141307831
1789222379637523000,17.79152294921875,-0.053517285734415054,0.3192187249660492,0.0420617014169693
1789222379647517000,17.801516845703127,-0.2897418141365051,0.8449059724807739,0.010915498249232769
1789222379657511000,17.811510986328123,-0.4337240159511566,0.42940011620521545,0.516608476638794
1789222379667505200,17.821505126953124,-0.48309874534606934,0.3073018789291382,0.6368448734283447
1789222379677499100,17.8314990234375,-0.42813003063201904,0.49098384380340576,0.30240538716316223
1789222379687493000,17.8414931640625,-0.34095945954322815,0.1148189902305603,0.33147168159484863
1789222379697488100,17.851488037109377,-0.30177634954452515,-0.33317288756370544,0.12351634353399277
1789222379707482000,17.861482177734374,-0.3686414062976837,-0.3163158893585205,-0.14485545456409454
1789222379717476000,17.87147607421875,-0.3989764153957367,-0.2711654603481293,-0.4427816867828369
1789222379727469800,17.8814697265625,-0.36503416299819946,-0.5946532487869263,-0.3783408999443054
1789222379737464000,17.891464111328126,-0.4191008508205414,-0.3395064175128937,-0.22911174595355988
1789222379747458000,17.9014580078125,-0.48041507601737976,0.16755491495132446,-0.16304245591163635
1789222379757452000,17.9114521484375,-0.49908730387687683,0.14231985807418823,0.2247404307126999
1789222379767446000,17.921446044921876,-0.5373529195785522,0.17831647396087646,0.27447497844696045
1789222379777441000,17.93144091796875,-0.5903857946395874,0.23683224618434906,0.09331263601779938
1789222379787435000,17.94143505859375,-0.577043890953064,-0.35062405467033386,0.24674613773822784
1789222379797429000,17.951428955078125,-0.5577564835548401,-0.4629945456981659,0.0446590818464756
1789222379807423200,17.96142333984375,-0.4519948959350586,-0.23412834107875824,-0.1993706226348877
1789222379817417000,17.9714169921875,-0.3322349488735199,-0.22037577629089355,-0.09007050096988678
1789222379827411000,17.981410888671874,-0.31280770897865295,-0.1704319268465042,-0.1155252605676651
1789222379837405000,17.991405029296875,-0.440275639295578,0.14418567717075348,0.021732725203037262
1789222379847400000,18.00139990234375,-0.5481211543083191,0.2766270637512207,0.07613284885883331
1789222379857394000,18.011393798828124,-0.5115426182746887,-0.27477750182151794,0.04772650822997093
1789222379867388000,18.021387939453124,-0.44673433899879456,-0.5199244022369385,-0.005179049447178841
1789222379877382100,18.031382080078124,-0.4512268304824829,0.031923044472932816,-0.15489929914474487
1789222379887376100,18.041376220703125,-0.3513106405735016,-0.05339158698916435,-0.17620591819286346
1789222379897370000,18.0513701171875,-0.18742635846138,-0.6656799912452698,-0.11255424469709396
1789222379907364000,18.061364013671874,-0.19343870878219604,-0.4301449954509735,-0.23312193155288696
1789222379917359000,18.071359130859374,-0.3353750705718994,-0.036015257239341736,-0.1585765928030014
1789222379927352800,18.081352783203126,-0.4711579382419586,-0.13763296604156494,0.22580170631408691
1789222379937346800,18.091346923828127,-0.5885828137397766,0.04980963468551636,0.2112390100955963
1789222379947341000,18.101341064453123,-0.5951451063156128,0.15137088298797607,0.03903688117861748
1789222379957335000,18.1113349609375,-0.45161351561546326,-0.3253711760044098,0.21192210912704468
1789222379967329000,18.1213291015625,-0.2932901978492737,-0.5065675973892212,0.276567667722702
1789222379977323000,18.131322998046876,-0.16210874915122986,-0.3208126425743103,0.15664580464363098
1789222379987318000,18.141318115234377,-0.0677870362997055,-0.07864154875278473,-0.008889897726476192
1789222379997312000,18.15131201171875,-0.11813649535179138,0.14495478570461273,-0.1312946379184723
1789222380007306000,18.161305908203126,-0.20273180305957794,-0.21965007483959198,-0.18833182752132416
1789222380017300200,18.17130029296875,-0.17051741480827332,-0.7748650908470154,-0.17934578657150269
1789222380027294000,18.1812939453125,-0.04277782514691353,-0.558819591999054,0.01047501154243946
1789222380037288000,18.191287841796875,0.034989673644304276,0.6347346305847168,-0.23579441010951996
1789222380047282000,18.201281982421875,0.09415126591920853,0.6976443529129028,-0.17114858329296112
1789222380057277000,18.21127685546875,0.06371533125638962,-0.23020124435424805,0.534006655216217
1789222380067271000,18.22127099609375,-0.14265301823616028,-0.054736483842134476,0.6809535026550293
1789222380077265200,18.23126513671875,-0.29876646399497986,0.34653690457344055,0.4427257478237152
1789222380087259100,18.241259033203125,-0.27678659558296204,-0.14911864697933197,0.25853994488716125
1789222380097253000,18.251253173828125,-0.1919068545103073,-0.6376446485519409,-0.07287873327732086
1789222380107247000,18.2612470703125,-0.056240104138851166,-0.3655814528465271,-0.6379298567771912
1789222380117240800,18.27124072265625,0.17854923009872437,-0.12646633386611938,-0.7083219885826111
1789222380127236000,18.281236083984375,0.33533433079719543,-0.10282385349273682,-0.38677459955215454
1789222380137229800,18.291229736328123,0.27751070261001587,0.15172721445560455,-0.35543400049209595
1789222380147224000,18.30122412109375,0.1269928365945816,-0.23341594636440277,0.2159019410610199
1789222380157218000,18.311218017578124,-0.12689003348350525,-0.31727302074432373,0.7242583632469177
1789222380167212000,18.3212119140625,-0.41550904512405396,0.2684844434261322,0.6022818684577942
1789222380177206000,18.3312060546875,-0.5716866850852966,0.5529100298881531,0.3168943226337433
1789222380187200000,18.341199951171873,-0.46367204189300537,0.06476940959692001,0.05894986912608147
1789222380197195000,18.351195068359374,-0.24925217032432556,-0.3778844475746155,-0.21522948145866394
1789222380207189200,18.361189208984374,0.007062170654535294,-0.5471235513687134,-0.6075893044471741
1789222380217183200,18.371183349609375,0.2499275505542755,-0.790663480758667,-0.5784710645675659
1789222380227177500,18.381177490234375,0.31590497493743896,-0.6185101270675659,-0.33099204301834106
1789222380237171200,18.391171142578123,0.16202938556671143,-0.054072290658950806,-0.1529615819454193
1789222380247165200,18.401165283203124,-0.10707079619169235,0.26959845423698425,0.1367674320936203
1789222380257159200,18.4111591796875,-0.4645567536354065,0.5699348449707031,0.4431598484516144
1789222380267154200,18.421154296875,-0.6987658143043518,0.5529409646987915,0.4055491089820862
1789222380277148200,18.431148193359373,-0.5866448283195496,-0.2734605669975281,0.1503159999847412
1789222380287142400,18.441142333984374,-0.2211904376745224,-1.044169306755066,-0.059424445033073425
1789222380297136400,18.451136474609374,0.09745145589113235,-0.7732722759246826,-0.16605502367019653
1789222380307130400,18.46113037109375,0.2736957371234894,-0.008872320875525475,-0.3683346211910248
1789222380317124400,18.471124267578126,0.25942596793174744,0.17865602672100067,-0.31288814544677734
1789222380327118000,18.4811181640625,0.048957690596580505,-0.09342662245035172,-0.019593674689531326
1789222380337112000,18.491112060546875,-0.2544778287410736,-0.11791864782571793,0.1638113111257553
1789222380347107000,18.501107177734376,-0.4659424126148224,-0.07624976336956024,0.2792012691497803
1789222380357101300,18.511101318359376,-0.3903205990791321,-0.2865960896015167,0.2432139813899994
1789222380367095300,18.52109521484375,-0.14827069640159607,-0.19867421686649323,0.15349741280078888
1789222380377089300,18.53108935546875,0.052196092903614044,0.2680988311767578,-0.060978133231401443
1789222380387083300,18.541083251953125,0.1828872561454773,0.10540392249822617,-0.16578631103038788
1789222380397077200,18.5510771484375,0.18229150772094727,-0.29375678300857544,-0.14421549439430237
1789222380407071200,18.5610712890625,0.017847174778580666,-0.2881452441215515,0.006382531952112913
1789222380417066200,18.571066162109375,-0.12529906630516052,-0.23876650631427765,-0.05533808842301369
1789222380427060500,18.581060546875,-0.13352850079536438,-0.40848761796951294,0.033971548080444336
1789222380437054200,18.59105419921875,-0.07212825864553452,-0.21173915266990662,0.2584398090839386
1789222380447048200,18.601048095703124,0.006616889964789152,0.46262437105178833,0.04849136993288994
1789222380457042200,18.611042236328124,0.08224374055862427,0.4591553211212158,0.15128006041049957
1789222380467036200,18.6210361328125,0.059532567858695984,-0.028654547408223152,0.3878345489501953
1789222380477030400,18.631030517578125,0.03164155036211014,-0.47720304131507874,0.08231431245803833
1789222380487025200,18.641025146484374,0.0381508469581604,-0.5519771575927734,-0.18736909329891205
1789222380497019400,18.651019287109374,0.060087837278842926,-0.12726101279258728,-0.3613331615924835
1789222380507013400,18.661013427734375,0.15645112097263336,0.09825759381055832,-0.5917679667472839
1789222380517007400,18.67100732421875,0.3266870379447937,-0.2941080629825592,-0.30757033824920654
1789222380527001300,18.68100146484375,0.41306746006011963,-0.23213283717632294,0.05306774377822876
1789222380536995000,18.6909951171875,0.3300396800041199,0.2835531532764435,0.4013109505176544
1789222380546989300,18.7009892578125,0.17449137568473816,0.4696851968765259,0.564495325088501
1789222380556983300,18.7109833984375,-0.008379902690649033,0.4410921633243561,0.3846035897731781
1789222380566978300,18.720978271484373,-0.14308471977710724,0.315266877412796,0.14777640998363495
1789222380576972300,18.73097216796875,-0.10598502308130264,-0.13412344455718994,-0.1123819351196289
1789222380586966300,18.74096630859375,0.0984373539686203,-0.6888484358787537,-0.3661534786224365
1789222380596960300,18.750960205078126,0.3129488527774811,-0.5887309312820435,-0.3430550992488861
1789222380606954200,18.760954345703126,0.42260584235191345,0.17980732023715973,-0.06202928349375725
1789222380616948500,18.770948486328123,0.374259352684021,0.7534066438674927,-0.1359304040670395
1789222380626942200,18.780942138671875,0.2677243947982788,-0.005371329374611378,0.02039315551519394
1789222380636937500,18.7909375,0.07593470811843872,-0.5339129567146301,0.32216259837150574
1789222380646931200,18.80093115234375,-0.14010757207870483,0.07152292132377625,0.21389897167682648
1789222380656925200,18.81092529296875,-0.2473035305738449,0.4867941439151764,0.298014372587204
1789222380666919200,18.820919189453125,-0.25324371457099915,0.43781062960624695,0.21028293669223785
1789222380676913200,18.8309130859375,-0.1516110897064209,0.04258714243769646,0.022896526381373405
1789222380686907400,18.840907470703126,0.06016826629638672,-0.48256799578666687,-0.28446075320243835
1789222380696901400,18.8509013671875,0.26178234815597534,-0.7643163204193115,-0.5208333730697632
1789222380706896400,18.860896484375,0.3507111370563507,-0.5149147510528564,-0.5778787732124329
1789222380716890400,18.870890380859375,0.36583763360977173,-0.08718949556350708,-0.5222261548042297
1789222380726884400,18.88088427734375,0.22483576834201813,0.2898123860359192,-0.13319027423858643
1789222380736878000,18.890878173828124,-0.07691662013530731,0.7898339033126831,0.12360396236181259
1789222380746872000,18.9008720703125,-0.34119728207588196,0.5738075971603394,0.40917205810546875
1789222380756866300,18.9108662109375,-0.40433788299560547,-0.23284709453582764,0.6776919364929199
1789222380766860300,18.9208603515625,-0.2858152389526367,-0.5900830030441284,0.5040679574012756
1789222380776854300,18.930854248046874,-0.05289304256439209,-0.3012394607067108,-0.009979130700230598
1789222380786849300,18.940849365234374,0.11829228699207306,0.2026313990354538,-0.25616148114204407
1789222380796843300,18.95084326171875,0.1879507303237915,0.3550507724285126,-0.34229981899261475
1789222380806837200,18.960837158203127,0.10126136988401413,0.24166348576545715,-0.2862440049648285
1789222380816831200,18.970831298828124,-0.12374990433454514,0.038728754967451096,0.108891062438488
1789222380826825500,18.980825439453124,-0.280643105506897,-0.45940539240837097,0.3515055775642395
1789222380836819200,18.990819091796876,-0.2119029313325882,-1.0301038026809692,0.26952308416366577
1789222380846813200,19.000813232421876,-0.05485685542225838,-0.4685403108596802,-0.07949775457382202
1789222380856808200,19.01080810546875,0.037579331547021866,0.6168573498725891,-0.15737870335578918
1789222380866802200,19.02080224609375,0.09297680854797363,0.9414247870445251,-0.09344898909330368
1789222380876796200,19.030796142578126,0.19999301433563232,0.34182098507881165,-0.3571557402610779
1789222380886790400,19.040790283203126,0.22674019634723663,-0.41900765895843506,-0.3225455582141876
1789222380896784400,19.050784423828127,0.08139978349208832,-0.603861391544342,0.07718053460121155
1789222380906778400,19.0607783203125,-0.07433628290891647,-0.45107290148735046,0.08421474695205688
1789222380916772400,19.0707724609375,-0.10146723687648773,-0.30676978826522827,-0.028007399290800095
1789222380926767400,19.080767333984376,-0.19602356851100922,0.5781658887863159,0.2682948410511017
1789222380936761300,19.09076123046875,-0.250748872756958,1.288218379020691,0.08030655980110168
1789222380946755000,19.100755126953125,-0.07243398576974869,-0.025492843240499496,0.01212723646312952
1789222380956749300,19.110749267578125,0.07175061851739883,-1.1943180561065674,0.09352089464664459
1789222380966743300,19.120743408203126,0.14444506168365479,-0.9390084743499756,-0.16426190733909607
1789222380976737300,19.1307373046875,0.17047399282455444,-0.19111350178718567,-0.13275378942489624
1789222380986731300,19.140731201171874,0.1560860127210617,0.5599847435951233,-0.25572630763053894
1789222380996725200,19.150725341796875,0.00987153872847557,0.9454991221427917,-0.23318345844745636
1789222381006720300,19.16072021484375,-0.27231326699256897,0.7303122878074646,0.17503732442855835
1789222381016714200,19.17071435546875,-0.43390482664108276,-0.2646401822566986,0.24858903884887695
1789222381026708500,19.18070849609375,-0.39839211106300354,-1.4003777503967285,0.505090594291687
1789222381036702200,19.1907021484375,-0.27446749806404114,-0.8755624294281006,0.260093092918396
1789222381046696200,19.2006962890625,-0.037696246057748795,0.0682661384344101,-0.20419228076934814
1789222381056690200,19.210690185546873,0.1313878446817398,0.18628065288066864,-0.0884704738855362
1789222381066684200,19.22068408203125,0.09768661111593246,0.2700224220752716,-0.08943694084882736
1789222381076678400,19.230678466796874,-0.034275949001312256,0.16993631422519684,-0.2819235622882843
1789222381086673200,19.240673095703126,-0.06107640266418457,-0.6815985441207886,-0.2212333232164383
1789222381096667400,19.25066748046875,-0.1181040033698082,-0.7086133360862732,-0.22201389074325562
1789222381106661400,19.260661376953124,-0.1172211617231369,-0.15470223128795624,-0.23209582269191742
1789222381116655400,19.2706552734375,-0.05679617077112198,0.1091264858841896,0.19703130424022675
1789222381126649300,19.2806494140625,-0.07739172875881195,0.505164623260498,0.3916761577129364
1789222381136643000,19.29064306640625,-0.06324927508831024,0.28459632396698,0.14097362756729126
1789222381146637300,19.30063720703125,-0.02340385876595974,-0.5407820343971252,0.06291558593511581
1789222381156631300,19.31063134765625,-0.015752332285046577,-0.6760855317115784,-0.04758189991116524
1789222381166626300,19.320626220703126,-0.023729298263788223,-0.07660636305809021,-0.26142069697380066
1789222381176620300,19.330620361328126,0.07601567357778549,0.04809935390949249,-0.25424161553382874
1789222381186614300,19.3406142578125,0.07159802317619324,0.1910381317138672,0.24865242838859558
1789222381196608300,19.350608154296875,-0.052074920386075974,0.5328010320663452,0.5250381827354431
1789222381206602500,19.3606025390625,-0.08867580443620682,0.07739146053791046,0.16209782660007477
1789222381216596500,19.370596435546876,0.061171211302280426,-1.0458555221557617,0.029165076091885567
1789222381226590700,19.3805908203125,0.21039611101150513,-0.759355366230011,-0.16346375644207
1789222381236585700,19.390585693359377,0.2866179049015045,0.49637648463249207,-0.40685564279556274
1789222381246579700,19.400579833984374,0.3390510380268097,0.7730461359024048,-0.31219571828842163
1789222381256573700,19.41057373046875,0.38396337628364563,-0.06017492339015007,0.14399339258670807
1789222381266567700,19.420567626953126,0.33909711241722107,-0.4100554287433624,0.26990923285484314
1789222381276561700,19.430561767578126,0.22790107131004333,-0.09187506139278412,0.02028290182352066
1789222381286555600,19.4405556640625,0.0847279354929924,-0.049011752009391785,0.3211117088794708
1789222381296550000,19.4505498046875,0.018182998523116112,-0.05547790601849556,0.27948224544525146
1789222381306543600,19.460543701171876,0.0969473198056221,0.20716702938079834,-0.03110412321984768
1789222381316538600,19.47053857421875,0.29436051845550537,0.2276613861322403,-0.013696903362870216
1789222381326532600,19.48053271484375,0.4854181110858917,0.02586275525391102,-0.4195866286754608
1789222381336526600,19.490526611328125,0.5384397506713867,-0.3676728308200836,-0.33005595207214355
1789222381346520600,19.5005205078125,0.43940773606300354,-0.005768939387053251,-0.08486296236515045
1789222381356514800,19.510514892578126,0.39565280079841614,0.33297741413116455,-0.16093376278877258
1789222381366508800,19.5205087890625,0.4260413348674774,-0.14554575085639954,0.09879209101200104
1789222381376502800,19.530502685546875,0.3538518249988556,-0.19134359061717987,0.3303084075450897
1789222381386496800,19.540496826171875,0.21945485472679138,0.3400276005268097,0.5018540620803833
1789222381396491800,19.55049169921875,0.22022956609725952,0.6352787017822266,0.15754568576812744
1789222381406485800,19.56048583984375,0.2869555950164795,0.44034674763679504,-0.13963299989700317
1789222381416479500,19.5704794921875,0.24877013266086578,0.28638756275177,-0.11777803301811218
1789222381426473700,19.5804736328125,0.23834413290023804,-0.03433933109045029,-0.28335580229759216
1789222381436467700,19.5904677734375,0.4251326620578766,-0.8090289235115051,-0.29507479071617126
1789222381446461700,19.600461669921874,0.4804813861846924,-0.6490879654884338,0.1139550656080246
1789222381456455700,19.61045556640625,0.3149965703487396,0.4159442186355591,0.2097495049238205
1789222381466449700,19.62044970703125,0.05824466422200203,0.952060878276825,0.22062744200229645
1789222381476444700,19.630444580078127,-0.21647904813289642,0.7779312133789062,0.25331082940101624
1789222381486438700,19.640438720703123,-0.3828373849391937,0.20840220153331757,-0.0036783581599593163
1789222381496433000,19.650432861328124,-0.3156772553920746,-0.5001981258392334,-0.3774503469467163
1789222381506426600,19.660426513671876,-0.07223691046237946,-0.9326536655426025,-0.2716200649738312
1789222381516420600,19.670420654296876,0.10862261801958084,-0.4632302224636078,0.1041431799530983
1789222381526414600,19.68041455078125,0.1645260900259018,0.4283023476600647,-0.005829393398016691
1789222381536408600,19.69040869140625,0.009272860363125801,0.6027969121932983,0.18167711794376373
1789222381546402800,19.70040283203125,-0.31759846210479736,0.22856473922729492,0.16339372098445892
1789222381556397600,19.7103974609375,-0.5889183878898621,-0.5314974188804626,0.181244358420372
1789222381566391800,19.720391845703126,-0.6344683170318604,-0.7894504070281982,0.15430594980716705
1789222381576385800,19.7303857421875,-0.46044591069221497,-0.37335705757141113,-0.07874488085508347
1789222381586379800,19.7403798828125,-0.12787407636642456,-0.15852253139019012,-0.23091097176074982
1789222381596373800,19.750373779296876,0.17996656894683838,-0.05603370815515518,-0.14933383464813232
1789222381606367500,19.760367431640624,0.2248173952102661,0.26747938990592957,0.015978166833519936
1789222381616361700,19.77036181640625,0.06930717080831528,0.09071631729602814,0.012232164852321148
1789222381626355700,19.780355712890625,-0.14865072071552277,-0.5540618896484375,0.10809078067541122
1789222381636350700,19.790350830078125,-0.36011451482772827,-0.4901182949542999,0.2146555781364441
1789222381646344700,19.8003447265625,-0.40133652091026306,0.0383433923125267,0.282319575548172
1789222381656338700,19.810338623046874,-0.2139253318309784,0.46465742588043213,0.08403178304433823
1789222381666332700,19.820332763671875,0.0022216090001165867,0.6627801060676575,-0.004947354551404715
1789222381676326700,19.83032666015625,0.19111722707748413,0.21810171008110046,-0.03612711280584335
1789222381686321000,19.84032080078125,0.3893163204193115,-0.7284690737724304,-0.19796821475028992
1789222381696314600,19.850314697265624,0.4278096556663513,-0.8480788469314575,-0.29858481884002686
1789222381706308600,19.86030859375,0.3710366487503052,-0.21315595507621765,-0.26488038897514343
1789222381716303600,19.8703037109375,0.20276136696338654,0.5563854575157166,0.03575453534722328
1789222381726297600,19.880297607421873,0.009466738440096378,1.0098680257797241,0.0041404166258871555
1789222381736291600,19.89029150390625,-0.059712331742048264,0.3109051585197449,0.3007606267929077
1789222381746285600,19.90028564453125,-0.02575303427875042,-0.3351369798183441,0.27785077691078186
1789222381756279800,19.91027978515625,0.20186734199523926,-0.6904495358467102,-0.1426120102405548
1789222381766273800,19.920273681640627,0.4861786961555481,-0.6952440142631531,-0.22272787988185883
1789222381776267800,19.930267822265623,0.6301299929618835,0.16584143042564392,-0.45361328125
1789222381786261800,19.94026171875,0.4903172552585602,1.0658961534500122,-0.19891762733459473
1789222381796256800,19.9502568359375,0.31832098960876465,0.9257302284240723,-0.026008963584899902
1789222381806250500,19.96025048828125,0.19992323219776154,-0.0020562265999615192,0.21684283018112183
1789222381816244500,19.970244384765625,0.023303192108869553,-0.32365182042121887,0.4381861388683319
1789222381826238700,19.98023876953125,0.04100069776177406,-0.3586878478527069,0.1090892031788826
1789222381836232700,19.990232666015626,0.22686803340911865,-0.36716148257255554,0.045644450932741165
1789222381846226700,20.000226806640626,0.387931764125824,0.3844669759273529,-0.15061508119106293
1789222381856220700,20.010220703125,0.5777024626731873,0.7993597984313965,-0.4517514705657959
1789222381866214700,20.020214599609375,0.6274577975273132,0.31764107942581177,0.038004372268915176
1789222381876209700,20.030209716796875,0.45981764793395996,0.32842954993247986,0.016274577006697655
1789222381886203600,20.04020361328125,0.2528674006462097,0.11651010066270828,-0.016153668984770775
1789222381896198000,20.050197998046876,0.03223463520407677,-0.123507559299469,0.3788527846336365
1789222381906191600,20.060191650390625,-0.1523629128932953,0.13051539659500122,0.3774029612541199
1789222381916185600,20.070185546875,-0.0929323360323906,-0.10057427734136581,0.20812523365020752
1789222381926179600,20.0801796875,0.1635362058877945,-0.10898560285568237,-0.1591086983680725
1789222381936173600,20.090173583984374,0.41581612825393677,0.23218370974063873,-0.3963582515716553
1789222381946167800,20.100167724609374,0.45442530512809753,0.46304675936698914,-0.39352038502693176
1789222381956162800,20.110162841796875,0.41273245215415955,0.13162140548229218,-0.48536136746406555
1789222381966156800,20.12015673828125,0.3439190089702606,-0.3819204568862915,-0.23258104920387268
1789222381976150800,20.13015087890625,0.1657266467809677,-0.015724634751677513,0.17654813826084137
1789222381986144800,20.140144775390624,-0.10311520099639893,0.770938515663147,0.49786117672920227
1789222381996138500,20.150138427734376,-0.19311831891536713,0.6710627675056458,0.45786795020103455
1789222382006132500,20.160132568359376,-0.05345337092876434,0.01882881484925747,0.2633346915245056
1789222382016126700,20.170126708984377,0.08880017697811127,0.056161537766456604,0.05976666137576103
1789222382026120700,20.18012060546875,0.19162562489509583,0.42039063572883606,-0.38106638193130493
1789222382036114700,20.19011474609375,0.30270448327064514,-0.16918796300888062,-0.38284778594970703
1789222382046109700,20.200109619140626,0.36238113045692444,-0.6130109429359436,-0.3021276295185089
1789222382056103700,20.210103759765627,0.3186514973640442,-0.16516898572444916,-0.23659522831439972
1789222382066097700,20.22009765625,0.08620918542146683,0.5812373161315918,0.06696571409702301
1789222382076091600,20.230091552734375,-0.09764080494642258,0.4548114538192749,0.21157270669937134
1789222382086086000,20.2400859375,-0.19394230842590332,0.11709253489971161,0.2723950445652008
1789222382096079600,20.25007958984375,-0.24329841136932373,0.5112465023994446,0.21071675419807434
1789222382106073600,20.260073486328125,-0.18773208558559418,0.7607313990592957,-0.01588788628578186
1789222382116067600,20.270067626953125,-0.05813787132501602,0.24035800993442535,-0.08224773406982422
1789222382126062600,20.2800625,0.06112247705459595,-0.23899021744728088,-0.15137887001037598
1789222382136056600,20.290056640625,0.0862099826335907,-0.23087476193904877,-0.1474512368440628
1789222382146050800,20.30005078125,0.06016373634338379,-0.21276579797267914,-0.1842915415763855
1789222382156044800,20.310044921875,0.04043743759393692,-0.534231960773468,-0.1381962150335312
1789222382166038800,20.320038818359375,-0.15636058151721954,-0.1761007308959961,0.20882458984851837
1789222382176032800,20.33003271484375,-0.39034244418144226,0.7396975159645081,0.2081337571144104
1789222382186026500,20.340026611328124,-0.48491209745407104,0.794775128364563,0.29171785712242126
1789222382196020500,20.3500205078125,-0.3733901083469391,0.2042444795370102,0.11186555027961731
1789222382206015200,20.36001513671875,-0.2764686048030853,0.0942615196108818,-0.1250801533460617
1789222382216009500,20.370009521484373,-0.13561774790287018,0.013322995975613594,-0.31243085861206055
1789222382226003500,20.38000341796875,0.1186629980802536,-0.582801103591919,-0.5131474733352661
1789222382235997200,20.3899970703125,0.11815620213747025,-0.4569140076637268,-0.15486787259578705
1789222382245991200,20.3999912109375,-0.13380759954452515,0.4020869731903076,0.06766080111265182
1789222382255985200,20.409985107421875,-0.39120984077453613,0.4332744777202606,0.19514232873916626
1789222382265979400,20.4199794921875,-0.6578329801559448,0.11257554590702057,0.26542821526527405
1789222382275973400,20.429973388671876,-0.7905955910682678,0.01167742908000946,0.23891644179821014
1789222382285967400,20.43996728515625,-0.7037230134010315,-0.1595747470855713,0.21785509586334229
1789222382295962400,20.44996240234375,-0.41726353764533997,-0.5155986547470093,-0.0122481444850564
1789222382305956400,20.459956298828125,-0.11783422529697418,-0.5706285834312439,-0.15030960738658905
1789222382315950300,20.469950439453125,-0.003233077470213175,-0.012148275971412659,-0.021323131397366524
1789222382325944300,20.4799443359375,0.0035031221341341734,0.5104467272758484,-0.2396267056465149
1789222382335938300,20.489938232421874,-0.03293051943182945,-0.026250777766108513,-0.24457725882530212
1789222382345932300,20.499932373046875,-0.31073176860809326,-0.28910717368125916,0.0019971043802797794
1789222382355926300,20.50992626953125,-0.5832330584526062,-0.3586031496524811,0.11415053904056549
1789222382365920300,20.519920166015623,-0.5701529383659363,-0.5049166679382324,0.12927329540252686
1789222382375915300,20.529915283203124,-0.34408921003341675,-0.09814387559890747,0.16216467320919037
1789222382385909200,20.5399091796875,-0.11882199347019196,0.7773093581199646,-0.10115404427051544
1789222382395903200,20.5499033203125,0.10906709730625153,0.26083478331565857,-0.16866011917591095
1789222382405897500,20.5598974609375,0.12957130372524261,-0.5624220967292786,0.07588011771440506
1789222382415891500,20.569891357421874,-0.0965326651930809,-0.3616945445537567,0.18983066082000732
1789222382425885200,20.57988525390625,-0.2958391010761261,0.07671954482793808,-0.0909339040517807
1789222382435879200,20.589879150390626,-0.39041516184806824,0.09880780428647995,-0.08505364507436752
1789222382445873200,20.599873046875,-0.429399311542511,0.14255474507808685,-0.08765368908643723
1789222382455867400,20.609867431640627,-0.2441956251859665,-0.34086811542510986,-0.06676890701055527
1789222382465862400,20.6198623046875,0.04098338633775711,-0.7074551582336426,0.22701850533485413
1789222382475856400,20.6298564453125,0.17693322896957397,0.0655587688088417,-0.04845168814063072
1789222382485850400,20.639850341796876,0.08258382230997086,0.5373819470405579,-0.05016409978270531
1789222382495844400,20.64984423828125,-0.14704297482967377,0.28123486042022705,0.11669332534074783
1789222382505838300,20.65983837890625,-0.3030562698841095,-0.2425447255373001,0.07036151736974716
1789222382515832300,20.669832275390625,-0.32268697023391724,-0.5216789245605469,0.10719649493694305
1789222382525826300,20.679826416015626,-0.26008084416389465,-0.3646722435951233,0.09863016754388809
1789222382535820300,20.6898203125,-0.10831955075263977,-0.31289052963256836,0.24402038753032684
1789222382545815300,20.699815185546875,0.05037369206547737,0.16342967748641968,-0.0013699301052838564
1789222382555809300,20.709809326171875,0.11715564876794815,0.6409722566604614,-0.38957011699676514
1789222382565803300,20.71980322265625,0.13774961233139038,-0.047214917838573456,-0.3161185383796692
1789222382575797200,20.72979736328125,0.022590529173612595,-0.778918981552124,-0.048050083220005035
1789222382585791200,20.739791259765624,-0.16664889454841614,-0.28364211320877075,-0.10879252851009369
1789222382595785500,20.749785400390625,-0.2453751415014267,0.3043343424797058,-0.014684404246509075
1789222382605779500,20.759779541015625,-0.24028371274471283,0.2649698853492737,0.32599806785583496
1789222382615773200,20.769773193359374,-0.22624298930168152,0.04637841880321503,0.2803664207458496
1789222382625767200,20.77976708984375,-0.10154739767313004,-0.5092265009880066,0.30936023592948914
1789222382635762200,20.78976220703125,0.03542057424783707,-0.49219104647636414,0.2550754249095917
1789222382645756200,20.799756103515627,0.06942940503358841,0.20960383117198944,-0.2515358328819275
1789222382655750400,20.80975048828125,-0.01925225742161274,0.5782876014709473,-0.5172335505485535
1789222382665744400,20.819744384765624,-0.11449595540761948,0.03578303009271622,-0.21436236798763275
1789222382675738400,20.82973828125,-0.033858366310596466,-0.8963462710380554,-0.09757050126791
1789222382685732400,20.839732421875,0.055267248302698135,-0.9761601090431213,0.05530879646539688
1789222382695726300,20.849726318359377,-0.09184683114290237,0.05799352750182152,0.4097824692726135
1789222382705720300,20.85972021484375,-0.17531056702136993,0.5848967432975769,0.27953416109085083
1789222382715714300,20.86971435546875,-0.2375505119562149,0.512259304523468,0.2938811480998993
1789222382725709300,20.879709228515626,-0.22326824069023132,0.39234861731529236,-0.2281772494316101
1789222382735703300,20.889703369140626,-0.05580361187458038,-0.3993127644062042,-0.5292971134185791
1789222382745697300,20.899697265625,0.11430872976779938,-1.107008695602417,-0.15859337151050568
1789222382755691300,20.909691162109375,0.23621626198291779,-0.6778892874717712,-0.3213506042957306
1789222382765685200,20.919685302734376,0.31137600541114807,-0.18243372440338135,-0.0610060952603817
1789222382775679200,20.92967919921875,0.19153481721878052,0.6263768076896667,0.370073139667511
1789222382785673500,20.939673583984376,-0.07310030609369278,1.266536831855774,0.1817634105682373
1789222382795667500,20.94966748046875,-0.2125660628080368,0.3425304591655731,0.13236044347286224
1789222382805661200,20.9596611328125,-0.17673508822917938,-0.9281097650527954,0.23026782274246216
1789222382815656400,20.969656494140626,-0.05449333414435387,-0.8900918364524841,-0.06071501225233078
1789222382825650200,20.979650146484374,0.1692364364862442,-0.4215269982814789,-0.21886470913887024
1789222382835644200,20.98964404296875,0.3875868618488312,0.042561840265989304,-0.10312052816152573
1789222382845638400,20.999638427734375,0.4720894992351532,0.6263501644134521,-0.03208602964878082
1789222382855632400,21.00963232421875,0.39020901918411255,0.8355609178543091,-0.14284823834896088
1789222382865626400,21.01962646484375,0.15561090409755707,0.1961016058921814,0.06154805049300194
1789222382875620400,21.029620361328124,-0.16067862510681152,-0.43851131200790405,0.46797865629196167
1789222382885614300,21.0396142578125,-0.24510802328586578,-0.7084596753120422,0.22236542403697968
1789222382895609300,21.049609375,-0.03978096693754196,-0.44738975167274475,-0.1274314522743225
1789222382905603300,21.059603271484374,0.2328510880470276,0.2211933732032776,-0.14391988515853882
1789222382915597300,21.069597412109374,0.42569032311439514,0.43728572130203247,-0.15021319687366486
1789222382925591300,21.07959130859375,0.5024200081825256,-0.022109562531113625,-0.0020812603179365396
1789222382935585300,21.089585205078127,0.4264328181743622,-0.07106512039899826,0.06403810530900955
1789222382945579300,21.099579345703123,0.16727900505065918,0.3740047514438629,-0.030230605974793434
1789222382955573200,21.1095732421875,-0.015563246794044971,-0.016699617728590965,-0.05435005575418472
1789222382965567200,21.119567138671876,0.0019209380261600018,-0.6308040618896484,-0.16273964941501617
1789222382975561500,21.1295615234375,0.12191791832447052,-0.4305567145347595,-0.04475602135062218
1789222382985555500,21.139555419921876,0.2137194722890854,0.31608846783638,0.19681425392627716
1789222382995550500,21.149550537109373,0.2681182622909546,0.5602169632911682,0.26595339179039
1789222383005544400,21.15954443359375,0.2557699978351593,0.3396241366863251,0.23551452159881592
1789222383015538200,21.1695380859375,0.19758737087249756,0.03476623445749283,-0.11403948813676834
1789222383025532200,21.1795322265625,0.10455703735351562,-0.5322463512420654,0.050628289580345154
1789222383035526400,21.1895263671875,0.039021700620651245,-0.480472594499588,0.024058198556303978
1789222383045520400,21.199520263671875,0.08728083968162537,0.11517000198364258,-0.19199101626873016
1789222383055514400,21.209514404296876,0.24090182781219482,0.42725491523742676,-0.14654096961021423
1789222383065508400,21.21950830078125,0.3980107605457306,0.20013122260570526,-0.06819263845682144
1789222383075502300,21.22950244140625,0.4128243327140808,-0.08669521659612656,0.046244993805885315
1789222383085497300,21.239497314453125,0.3681790828704834,-0.29906952381134033,-0.010536530055105686
1789222383095491300,21.2494912109375,0.2630082070827484,-0.26433950662612915,0.2672785818576813
1789222383105485300,21.2594853515625,0.14936046302318573,0.47794607281684875,0.026668095961213112
1789222383115479300,21.269479248046874,0.08593088388442993,0.8958780765533447,0.04235464707016945
1789222383125473300,21.279473388671875,0.04561755061149597,0.6534785032272339,0.09289105981588364
1789222383135467300,21.28946728515625,0.12108568102121353,-0.28404849767684937,-0.0065226140432059765
1789222383145461200,21.299461181640623,0.25871145725250244,-1.0033667087554932,0.16010497510433197
1789222383155455200,21.309455322265624,0.3902588188648224,-0.5321336984634399,-0.28717559576034546
1789222383165449500,21.319449462890624,0.47118642926216125,0.1281992495059967,-0.3120836019515991
1789222383175444500,21.329444580078125,0.4478568732738495,0.4892407953739166,-0.2494891881942749
1789222383185438500,21.3394384765625,0.2975592613220215,0.4295623004436493,-0.3787936568260193
1789222383195432400,21.349432373046874,0.12202976644039154,-0.20363648235797882,-0.004554538056254387
1789222383205426000,21.359426025390626,0.03167164325714111,-0.5987574458122253,0.35426992177963257
1789222383215420000,21.369419921875,-0.010636931285262108,0.08645126968622208,0.11338168382644653
1789222383225414100,21.3794140625,0.00538304727524519,0.6517927050590515,0.2888459265232086
1789222383235408100,21.389408203125,0.010142648592591286,0.7564243078231812,0.3789510428905487
1789222383245402000,21.399402099609375,0.06769063323736191,0.24830088019371033,0.14421017467975616
1789222383255396000,21.40939599609375,0.1496206521987915,-0.3753909170627594,0.1038891151547432
1789222383265391000,21.41939111328125,0.1798856109380722,-0.29774487018585205,-0.12493554502725601
1789222383275384800,21.429384765625,0.10262757539749146,0.15399089455604553,-0.27846863865852356
1789222383285378800,21.43937890625,0.010439857840538025,0.11997700482606888,-0.33979910612106323
1789222383295373000,21.449373046875,-0.027842016890645027,-0.43116098642349243,-0.19914212822914124
1789222383305367000,21.459366943359374,-0.12980540096759796,-0.2433476746082306,0.023091737180948257
1789222383315361000,21.469361083984374,-0.2064000368118286,0.2036663144826889,0.01870897226035595
1789222383325355000,21.47935498046875,-0.18444707989692688,-0.144990473985672,0.2279237061738968
1789222383335349000,21.489348876953127,-0.09176640212535858,-0.31390467286109924,0.13116520643234253
1789222383345343200,21.49934326171875,-0.03845391422510147,0.10581298172473907,0.11023116856813431
1789222383355338000,21.509337890625,-0.02959970384836197,0.4578879475593567,0.04211576282978058
1789222383365332200,21.519332275390624,-0.12068141251802444,0.4888261556625366,-0.01635553687810898
1789222383375326000,21.529325927734376,-0.2637978196144104,0.34858646988868713,0.0807928517460823
1789222383385320000,21.53931982421875,-0.26228034496307373,-0.2039099931716919,-0.07840665429830551
1789222383395314000,21.54931396484375,-0.03333238884806633,-1.1686192750930786,-0.23960274457931519
1789222383405308000,21.559307861328126,0.14869865775108337,-1.1394766569137573,-0.04891374707221985
1789222383415302100,21.56930224609375,0.16467790305614471,0.2602885663509369,-0.02094842493534088
1789222383425296100,21.579296142578126,0.1991085708141327,0.9962043762207031,-0.13123685121536255
1789222383435290000,21.5892900390625,0.20410652458667755,0.24676211178302765,0.28617581725120544
1789222383445284000,21.5992841796875,0.009299226105213165,-0.0723988339304924,0.641666829586029
1789222383455279000,21.609279052734376,-0.12734410166740417,0.2183011770248413,0.25554415583610535
1789222383465272800,21.61927294921875,-0.016464194282889366,0.017355820164084435,-0.03783046826720238
1789222383475266800,21.629266845703125,0.2189222276210785,-0.2824159860610962,-0.22908218204975128
1789222383485261000,21.639260986328125,0.4211943745613098,-0.10489818453788757,-0.4938419461250305
1789222383495255000,21.649255126953125,0.49877411127090454,0.10939866304397583,-0.28965097665786743
1789222383505249000,21.6592490234375,0.4404796361923218,0.12352513521909714,0.09069608151912689
1789222383515243000,21.669242919921874,0.33899563550949097,0.024770060554146767,0.19646884500980377
1789222383525237000,21.679237060546875,0.24044109880924225,0.28358352184295654,0.08800335973501205
1789222383535231200,21.689231201171875,0.22607281804084778,0.32653045654296875,-0.04409715533256531
1789222383545226000,21.69922607421875,0.25635188817977905,-0.14226499199867249,0.05920286849141121
1789222383555220200,21.70922021484375,0.34528735280036926,-0.18957126140594482,-0.03858574107289314
1789222383565214000,21.7192138671875,0.49041497707366943,0.39146924018859863,-0.29115328192710876
1789222383575208000,21.7292080078125,0.6007731556892395,0.604607343673706,-0.2899354100227356
1789222383585202000,21.739201904296873,0.49561479687690735,0.25329697132110596,-0.02311623841524124
1789222383595196000,21.74919580078125,0.22627654671669006,-0.07317940145730972,0.2689332067966461
1789222383605190100,21.759190185546874,0.007967911660671234,0.16588377952575684,0.050873834639787674
1789222383615184100,21.76918408203125,-0.018368087708950043,0.21346727013587952,-0.017429323866963387
1789222383625178000,21.77917822265625,0.07509341835975647,-0.12434858083724976,0.10371920466423035
1789222383635173000,21.789173095703124,0.2489837259054184,-0.1620861142873764,-0.032352082431316376
1789222383645167000,21.7991669921875,0.41500091552734375,0.3878558576107025,-0.17586450278759003
1789222383655160800,21.809160888671876,0.4716748595237732,0.6424750685691833,-0.16906438767910004
1789222383665154800,21.81915478515625,0.38128235936164856,0.10668463259935379,-0.08353963494300842
1789222383675149000,21.829149169921877,0.2052503526210785,-0.31938067078590393,0.05866677686572075
1789222383685143000,21.83914306640625,0.038779620081186295,0.07692620903253555,0.22828802466392517
1789222383695137000,21.849136962890626,-0.03073767200112343,0.6134663224220276,-0.06533239781856537
1789222383705131000,21.859131103515626,-0.03561072424054146,0.30527204275131226,0.0712137222290039
1789222383715125000,21.869125,0.028496356680989265,0.003653058083727956,0.12847702205181122
1789222383725119200,21.879119140625,0.24612295627593994,-0.04707563295960426,-0.29413893818855286
1789222383735114000,21.889114013671875,0.39898228645324707,-0.01260846946388483,-0.28281280398368835
1789222383745108200,21.899108154296876,0.4128139317035675,0.007873103022575378,-0.3208483159542084
1789222383755102000,21.90910205078125,0.3326685130596161,-0.0716416984796524,-0.2550030052661896
1789222383765096000,21.919095947265625,0.17632123827934265,0.2331874519586563,0.08007379621267319
1789222383775090000,21.92908984375,0.06059623509645462,0.45914149284362793,0.13206030428409576
1789222383785084000,21.939083984375,0.03530605882406235,0.08588588237762451,0.08860176801681519
1789222383795078100,21.949078125,-0.07618584483861923,0.15988260507583618,0.11794527620077133
1789222383805072100,21.959072021484374,-0.1961500644683838,0.47458115220069885,0.05475432425737381
1789222383815066000,21.969066162109375,-0.17671804130077362,0.07509155571460724,0.1744500994682312
1789222383825061000,21.97906103515625,-0.13692988455295563,-0.08826781064271927,-0.01776088774204254
1789222383835055000,21.98905517578125,-0.044205278158187866,-0.20840327441692352,-0.08373990654945374
1789222383845048800,21.999048828125,0.055506933480501175,-0.350462943315506,0.21774031221866608
1789222383855042800,22.009042724609376,0.027693945914506912,0.25415799021720886,0.02058517001569271
1789222383865037000,22.019037109375,-0.12365695834159851,0.5874336957931519,-0.04590410739183426
1789222383875031000,22.029031005859373,-0.24848251044750214,-0.02588432841002941,0.06480136513710022
1789222383885025000,22.03902490234375,-0.29757097363471985,-0.6851916909217834,-0.007906924933195114
1789222383895019000,22.04901904296875,-0.32123687863349915,-0.5899503827095032,-0.11409381777048111
1789222383905013000,22.059012939453126,-0.3239666223526001,-0.2067558467388153,-0.12095119059085846
1789222383915007200,22.06900732421875,-0.2642577588558197,-0.11184051632881165,-0.0716795101761818
1789222383925002000,22.079001953125,-0.16451890766620636,0.10458819568157196,0.03827894479036331
1789222383934996200,22.088996337890624,-0.0040884846821427345,0.2511904239654541,0.057009756565093994
1789222383944990000,22.098989990234376,-0.004462126176804304,0.469898521900177,-0.07930627465248108
1789222383954984000,22.10898388671875,-0.2136709988117218,0.496389776468277,0.06583067774772644
1789222383964978000,22.11897802734375,-0.37039563059806824,-0.12753959000110626,0.11621022969484329
1789222383974972000,22.128971923828125,-0.33279740810394287,-0.883836030960083,0.030672425404191017
1789222383984966100,22.138966064453125,-0.11020586639642715,-0.6896447539329529,-0.125040203332901
1789222383994960100,22.148960205078126,0.14115393161773682,0.16956506669521332,-0.14348366856575012
1789222384004954000,22.1589541015625,0.29238712787628174,0.5293426513671875,-0.1523333489894867
1789222384014948000,22.168947998046875,0.36269643902778625,0.07178390771150589,-0.07287047803401947
1789222384024943000,22.178943115234375,0.2768917977809906,-0.16345711052417755,0.26034876704216003
1789222384034936800,22.188936767578124,0.058467037975788116,0.32428035140037537,0.10766761004924774
1789222384044930800,22.198930908203124,-0.09542319178581238,0.24216656386852264,0.0073716300539672375
1789222384054925000,22.208925048828124,-0.10235965996980667,-0.19011162221431732,0.2297533005475998
1789222384064919000,22.2189189453125,-0.09449374675750732,0.23908129334449768,0.3829369843006134
1789222384074913000,22.2289130859375,0.02461932599544525,0.8737804889678955,0.01133707631379366
1789222384084907000,22.238906982421874,0.25590208172798157,0.32477861642837524,-0.08990166336297989
1789222384094901000,22.24890087890625,0.422864705324173,-0.4852854609489441,-0.2349616438150406
1789222384104895200,22.258895263671874,0.4553331732749939,-0.4878884553909302,-0.6044169068336487
1789222384114889000,22.268888916015626,0.36569488048553467,-0.22584111988544464,-0.37121856212615967
1789222384124884200,22.27888427734375,0.2593921422958374,-0.0720566138625145,0.0692717507481575
1789222384134878000,22.2888779296875,0.043958667665719986,0.5001932978630066,0.22867631912231445
1789222384144872000,22.298871826171876,-0.24991929531097412,1.1522294282913208,0.16595248878002167
1789222384154866000,22.308865966796876,-0.3335428237915039,0.37251898646354675,0.43281587958335876
1789222384164860000,22.31885986328125,-0.22992001473903656,-0.6417270302772522,0.3906034231185913
1789222384174854100,22.328854248046873,-0.025061411783099174,-0.6083056926727295,-0.06379415839910507
1789222384184848100,22.33884814453125,0.29356902837753296,-0.1566047966480255,-0.42053550481796265
1789222384194842000,22.348842041015626,0.5769996643066406,0.045456964522600174,-0.5608891248703003
1789222384204835600,22.358835693359374,0.5824729800224304,0.4765777289867401,-0.7034276723861694
1789222384214829600,22.36882958984375,0.4921521544456482,0.17932474613189697,-0.5030761957168579
1789222384224824600,22.378824462890623,0.252322793006897,-0.2630409598350525,0.38752561807632446
1789222384234818800,22.38881884765625,-0.07846338301897049,0.3275530934333801,0.6692640781402588
1789222384244812800,22.398812744140624,-0.20180022716522217,0.7231557965278625,0.4440951645374298
1789222384254806800,22.408806884765625,-0.14607198536396027,0.4060039520263672,0.3928077220916748
1789222384264800800,22.41880078125,-0.00947952177375555,0.18861918151378632,0.016092950478196144
1789222384274794800,22.428794677734373,0.2127024084329605,-0.18737629055976868,-0.2390376180410385
1789222384284788700,22.438788818359374,0.4977029860019684,-0.5872355103492737,-0.25018373131752014
1789222384294783000,22.448782958984374,0.6146626472473145,-0.20153924822807312,-0.22066739201545715
1789222384304776700,22.458776611328126,0.5746475458145142,0.3719674348831177,-0.3833220899105072
1789222384314770700,22.468770751953127,0.33097365498542786,0.4925236701965332,-0.07551899552345276
1789222384324765700,22.478765625,-0.03946352005004883,0.5457232594490051,0.289681613445282
1789222384334759700,22.488759765625,-0.267077773809433,0.3621121346950531,0.36149507761001587
1789222384344753700,22.498753662109376,-0.22725579142570496,-0.007334079127758741,0.1910620927810669
1789222384354747600,22.50874755859375,-0.055025167763233185,-0.11647148430347443,0.06077493354678154
1789222384364742000,22.518741943359377,0.1587158739566803,-0.10030769556760788,0.08074331283569336
1789222384374736000,22.52873583984375,0.39819690585136414,-0.07122437655925751,-0.11524563282728195
1789222384384729900,22.538729736328126,0.5217609405517578,0.07044114172458649,-0.273655503988266
1789222384394723600,22.5487236328125,0.3353425860404968,0.3706448972225189,-0.03801023215055466
1789222384404717600,22.558717529296874,0.07859760522842407,0.2459634244441986,-0.04902986064553261
1789222384414711800,22.5687119140625,-0.021863220259547234,-0.18759439885616302,-0.1911686211824417
1789222384424706800,22.578706787109375,-0.0639190599322319,-0.10818639397621155,0.07683911919593811
1789222384434700800,22.58870068359375,-0.080592580139637,0.3327241539955139,0.20628659427165985
1789222384444694800,22.59869482421875,0.013015400618314743,0.3456316888332367,0.16016782820224762
1789222384454688800,22.608688720703125,0.13569924235343933,0.2504095733165741,0.22200004756450653
1789222384464682800,22.618682861328125,0.19135211408138275,0.31774386763572693,-0.009980462491512299
1789222384474676700,22.6286767578125,0.21448060870170593,-0.014713432639837265,-0.26567187905311584
1789222384484671000,22.6386708984375,0.17505329847335815,-0.4242841601371765,-0.16069407761096954
1789222384494664700,22.648664794921874,0.09592786431312561,-0.22408795356750488,-0.09479814767837524
1789222384504658700,22.65865869140625,0.03770876303315163,0.37269580364227295,-0.0017936390358954668
1789222384514652700,22.668652587890627,0.09464075416326523,0.5037907361984253,-0.04289127513766289
1789222384524647700,22.678647705078124,0.17346206307411194,-0.02442198619246483,-0.0014314490836113691
1789222384534641700,22.6886416015625,0.1400894671678543,-0.25849732756614685,0.31337735056877136
1789222384544635600,22.6986357421875,0.04410993680357933,0.34942084550857544,0.2792145907878876
1789222384554630000,22.7086298828125,0.06573773175477982,0.4592868983745575,0.1358473151922226
1789222384564624000,22.718623779296873,0.09320397675037384,0.2818029224872589,0.1377839595079422
1789222384574617900,22.728617919921874,0.02467924728989601,0.5245649814605713,-0.12442874163389206
1789222384584611600,22.738611572265626,0.05679484084248543,0.027269704267382622,-0.2781035304069519
1789222384594605600,22.74860546875,0.2616574466228485,-0.9229488372802734,-0.22636975347995758
1789222384604599800,22.758599853515626,0.3440079689025879,-0.408181369304657,-0.2291354537010193
1789222384614593800,22.76859375,0.28691431879997253,0.6638190150260925,-0.03507329896092415
1789222384624587800,22.778587890625,0.2678737938404083,0.6510787010192871,0.09964723140001297
1789222384634582800,22.788582763671876,0.15889830887317657,0.2957456409931183,0.31296297907829285
1789222384644576800,22.79857666015625,-0.04044782370328903,0.33091452717781067,0.269466370344162
1789222384654570800,22.80857080078125,-0.11960149556398392,-0.08715301007032394,0.15966050326824188
1789222384664564700,22.818564697265625,-0.055806539952754974,-0.3051966726779938,-0.02112392708659172
1789222384674559000,22.82855908203125,0.10228961706161499,0.21465077996253967,-0.2883945107460022
1789222384684552700,22.838552734375,0.27586087584495544,0.6020658612251282,-0.1442493200302124
1789222384694546700,22.848546630859374,0.36491963267326355,0.5099812150001526,0.04157274216413498
1789222384704540700,22.858540771484375,0.32355889678001404,0.1408172994852066,0.16341103613376617
1789222384714534700,22.86853466796875,0.19714848697185516,0.04749161750078201,0.11893197894096375
1789222384724529000,22.87852880859375,0.02431386150419712,0.22310179471969604,-0.031081486493349075
1789222384734523600,22.888523681640624,-0.0023995081428438425,-0.01624901033937931,-0.10348937660455704
1789222384744518000,22.898517822265624,0.08686619251966476,-0.02611122839152813,-0.13730007410049438
1789222384754512000,22.908511962890625,0.1855088770389557,0.47110944986343384,-0.08116622269153595
1789222384764505900,22.918505859375,0.2928888499736786,0.5494229197502136,0.09740059077739716
1789222384774499600,22.92849951171875,0.2985643148422241,0.271263986825943,0.1291063129901886
1789222384784493600,22.93849365234375,0.19852906465530396,0.02876773290336132,0.12836356461048126
1789222384794487800,22.94848779296875,0.03127296641469002,0.14319230616092682,0.024867000058293343
1789222384804481800,22.958481689453127,-0.014510232955217361,0.11580409854650497,-0.22069349884986877
1789222384814475800,22.968475830078123,0.07722315192222595,0.07551739364862442,-0.2370610237121582
1789222384824469800,22.9784697265625,0.25468021631240845,0.0854126363992691,-0.08275027573108673
1789222384834463700,22.988463623046876,0.3334605097770691,0.2620300054550171,0.029774673283100128
1789222384844458800,22.998458740234376,0.15311312675476074,0.8139970302581787,0.4178062975406647
1789222384854452700,23.00845263671875,-0.1502443552017212,1.1088364124298096,0.6391967535018921
1789222384864447000,23.018447021484373,-0.3755089044570923,0.3087913990020752,0.3414899408817291
1789222384874440700,23.028440673828126,-0.389944851398468,-0.7946118712425232,-0.3134077191352844
1789222384884434700,23.0384345703125,-0.23451663553714752,-1.0237982273101807,-0.5820857882499695
1789222384894428700,23.0484287109375,0.028146415948867798,-0.5604720711708069,-0.6350606083869934
1789222384904422700,23.058422607421875,0.3058118522167206,0.14361868798732758,-0.5567910671234131
1789222384914417000,23.0684169921875,0.41753891110420227,0.9038664698600769,-0.2651488482952118
1789222384924411000,23.078410888671876,0.235881507396698,1.0294723510742188,0.2915303707122803
1789222384934404900,23.08840478515625,-0.20367589592933655,0.45884108543395996,0.6373327970504761
1789222384944398800,23.09839892578125,-0.6703416109085083,-0.19232337176799774,0.6641308665275574
1789222384954393900,23.108393798828125,-0.9694486856460571,-0.16063947975635529,0.6053527593612671
1789222384964387600,23.1183876953125,-0.9153151512145996,0.0503542497754097,0.22203892469406128
1789222384974381600,23.128381591796874,-0.532588005065918,-0.10180998593568802,-0.3039998412132263
1789222384984375800,23.138375732421874,-0.0647190734744072,-0.2241303026676178,-0.5472654700279236
1789222384994369800,23.148369873046875,0.26996251940727234,-0.35095667839050293,-0.5792929530143738
1789222385004363800,23.15836376953125,0.3167739510536194,-0.46593546867370605,-0.49661004543304443
1789222385014357800,23.168357666015623,0.1288200318813324,-0.4365032911300659,-0.3441813588142395
1789222385024351700,23.178351806640624,-0.27524247765541077,0.024219585582613945,0.1328134387731552
1789222385034346000,23.188345947265624,-0.6756849884986877,0.6434149146080017,0.26049524545669556
1789222385044339700,23.198339599609376,-0.8345609307289124,0.4090615510940552,0.49845507740974426
1789222385054333700,23.208333740234377,-0.7830013036727905,-0.09020020067691803,0.7297008037567139
1789222385064328700,23.21832861328125,-0.5984416007995605,-0.04913851618766785,0.4511677026748657
1789222385074322700,23.22832275390625,-0.289974570274353,0.1295902132987976,-0.127338245511055
1789222385084316700,23.238316650390626,0.009376724250614643,0.0030687605030834675,-0.4205932915210724
1789222385094310700,23.248310546875,0.1591622233390808,-0.1617279201745987,-0.7484428286552429
1789222385104305000,23.258304931640627,0.17390282452106476,-0.42460349202156067,-0.8323749899864197
1789222385114299000,23.268298828125,0.013645504601299763,-0.5932335257530212,-0.29908204078674316
1789222385124292900,23.27829296875,-0.24826334416866302,-0.3615906834602356,0.1850241869688034
1789222385134286800,23.288286865234376,-0.42431318759918213,0.0991596058011055,0.3270774483680725
1789222385144280600,23.298280517578124,-0.528691828250885,0.6585741639137268,0.47126713395118713
1789222385154274800,23.30827490234375,-0.6061458587646484,0.9859429597854614,0.40755340456962585
1789222385164269600,23.31826953125,-0.5257498025894165,0.4012294411659241,0.09342022985219955
1789222385174263800,23.328263916015626,-0.23780296742916107,-0.6837027072906494,-0.07223717868328094
1789222385184257800,23.3382578125,0.05535353720188141,-0.8103735446929932,-0.30349382758140564
1789222385194251800,23.348251708984375,0.12214268743991852,-0.07485826313495636,-0.31947359442710876
1789222385204245800,23.358245849609375,0.01744982972741127,0.278473436832428,-0.1522023230791092
1789222385214240000,23.368239990234375,-0.1853722482919693,0.18164782226085663,-0.0765823945403099
1789222385224234000,23.37823388671875,-0.4049956798553467,-0.0356069952249527,0.05789978429675102
1789222385234228200,23.388228271484376,-0.49801936745643616,-0.21562683582305908,0.011981828138232231
1789222385244222000,23.398221923828125,-0.41261258721351624,-0.5509305000305176,0.05396922677755356
1789222385254216000,23.4082158203125,-0.25139549374580383,-0.420772522687912,0.12671640515327454
1789222385264210000,23.4182099609375,-0.08486934751272202,0.1807367503643036,0.05044666305184364
1789222385274204000,23.428203857421874,0.011317902244627476,0.3733181953430176,-0.00800492987036705
1789222385284199000,23.438198974609374,-0.015116634778678417,0.05836024507880211,-0.06448870897293091
1789222385294193200,23.448193115234375,-0.22254306077957153,-0.01840883493423462,-0.054435811936855316
1789222385304187100,23.458187255859375,-0.42793428897857666,-0.015454856678843498,0.07372535020112991
1789222385314181000,23.46818115234375,-0.4723755419254303,-0.10571977496147156,-0.033007752150297165
1789222385324175000,23.478175048828124,-0.38659244775772095,-0.0694722831249237,0.018862370401620865
1789222385334168800,23.4881689453125,-0.22365573048591614,0.1508137434720993,0.043245475739240646
1789222385344162800,23.498162841796876,-0.027536286041140556,-0.052807554602622986,-0.08059843629598618
1789222385354157000,23.508156982421873,0.043659329414367676,-0.3445049226284027,-0.03845631331205368
1789222385364151000,23.518151123046874,-0.07202279567718506,-0.09887571632862091,-0.09094748646020889
1789222385374145000,23.52814501953125,-0.2547082006931305,0.020308732986450195,-0.03293531388044357
1789222385384139000,23.538138916015626,-0.4092937707901001,-0.09103722870349884,0.19335214793682098
1789222385394134000,23.548134033203127,-0.5600510835647583,0.2576048970222473,0.25957033038139343
1789222385404128000,23.5581279296875,-0.5749394297599792,0.39988747239112854,0.11625497043132782
1789222385414122000,23.5681220703125,-0.3247876763343811,-0.35512933135032654,-0.12733425199985504
1789222385424116200,23.5781162109375,0.025541579350829124,-1.0081197023391724,-0.2249593436717987
1789222385434110000,23.58810986328125,0.2046695202589035,-0.4545898735523224,-0.3954232335090637
1789222385444104000,23.59810400390625,0.08602756261825562,0.5065151453018188,-0.3695024251937866
1789222385454098000,23.608097900390625,-0.20506100356578827,0.45494142174720764,0.14651913940906525
1789222385464092000,23.618091796875,-0.5239481925964355,0.002415753435343504,0.5240179300308228
1789222385474086100,23.628086181640626,-0.7033605575561523,-0.1330059915781021,0.49583983421325684
1789222385484080000,23.638080078125,-0.5412435531616211,-0.43452802300453186,0.3886878192424774
1789222385494074000,23.64807421875,-0.20121432840824127,-0.4994385838508606,0.039329297840595245
1789222385504069000,23.658069091796875,0.048524126410484314,-0.0904148519039154,-0.30495485663414
1789222385514063000,23.66806298828125,0.012337892316281796,0.38349467515945435,-0.2494276762008667
1789222385524056800,23.678056884765624,-0.1603526622056961,0.23961099982261658,-0.08573221415281296
1789222385534050800,23.68805078125,-0.29704153537750244,-0.6161186099052429,0.10447794198989868
1789222385544045000,23.698045166015625,-0.34360289573669434,-1.022261619567871,0.09600003063678741
1789222385554039000,23.7080390625,-0.5063894391059875,0.01631585694849491,-0.049922820180654526
1789222385564033000,23.718032958984374,-0.6408769488334656,0.45898303389549255,0.12669962644577026
1789222385574027000,23.728027099609374,-0.5352551341056824,-0.3124457895755768,0.2384200245141983
1789222385584021000,23.73802099609375,-0.370565801858902,-0.7449828386306763,0.28092461824417114
1789222385594015200,23.74801513671875,-0.41922470927238464,-0.11215077340602875,0.17794576287269592
1789222385604009000,23.758009033203123,-0.43455013632774353,-0.38941726088523865,-0.16942338645458221
1789222385614004200,23.768004150390624,-0.41452980041503906,-1.0908030271530151,-0.19499532878398895
1789222385623998000,23.777998046875,-0.36669889092445374,-0.8486649990081787,-0.2189113050699234
1789222385633992000,23.787991943359376,-0.358792781829834,0.15814782679080963,-0.48353123664855957
1789222385643986000,23.79798583984375,-0.5062400102615356,0.5348412990570068,-0.057678744196891785
1789222385653980000,23.80797998046875,-0.681425154209137,0.11315345019102097,0.30210551619529724
1789222385663974100,23.81797412109375,-0.7362998723983765,-0.6400617361068726,0.3457818925380707
1789222385673968000,23.827968017578126,-0.7341440320014954,-0.949800968170166,0.5744622349739075
1789222385683962000,23.837962158203126,-0.6961769461631775,-0.48542022705078125,0.24121367931365967
1789222385693956000,23.8479560546875,-0.6188368797302246,-0.3302319645881653,-0.24376605451107025
1789222385703949800,23.85794970703125,-0.668502688407898,-0.38458842039108276,-0.103230781853199
1789222385713944000,23.867944091796875,-0.7318872809410095,-0.44661903381347656,0.06274780631065369
1789222385723938000,23.87793798828125,-0.6030994653701782,-0.968640923500061,-0.06698223203420639
1789222385733933000,23.88793310546875,-0.3450694978237152,-1.4218331575393677,-0.13238173723220825
1789222385743927000,23.897927001953125,-0.3214605748653412,-0.2894810736179352,-0.19430875778198242
1789222385753921000,23.907921142578125,-0.5251612663269043,0.6258609890937805,0.2755037546157837
1789222385763915000,23.9179150390625,-0.6989561915397644,0.2529885768890381,0.3784186840057373
1789222385773909000,23.927908935546874,-0.6253248453140259,-0.9364997744560242,0.30603501200675964
1789222385783903200,23.9379033203125,-0.4971085786819458,-1.2852468490600586,0.367459237575531
1789222385793897000,23.94789697265625,-0.39069053530693054,-0.6216360926628113,-0.09870127588510513
1789222385803891000,23.957890869140623,-0.21576371788978577,-0.5725460648536682,-0.13023044168949127
1789222385813885000,23.967885009765624,-0.13291651010513306,-0.20962566137313843,0.18990415334701538
1789222385823879000,23.97787890625,-0.1405738890171051,0.504564106464386,0.10403744876384735
1789222385833873200,23.987873046875,-0.13993526995182037,-0.03080558218061924,0.08881109207868576
1789222385843867100,23.9978671875,-0.13469550013542175,-1.100977897644043,0.2082192450761795
1789222385853862100,24.007862060546874,-0.18790066242218018,-1.0023373365402222,0.22448717057704926
1789222385863856000,24.017856201171874,-0.1143321692943573,-0.28015655279159546,-0.017475662752985954
1789222385873850000,24.02785009765625,0.06722484529018402,0.05897064134478569,-0.01792041026055813
1789222385883844000,24.037843994140626,0.1967785805463791,0.2336156815290451,-0.13746917247772217
1789222385893837800,24.047837890625,0.24807797372341156,-0.19002346694469452,-0.014537397772073746
1789222385903832000,24.05783203125,0.23094959557056427,-0.7940813899040222,0.21217218041419983
1789222385913826000,24.067825927734376,0.16247546672821045,-0.8144697546958923,0.1773548126220703
1789222385923820000,24.077820068359376,0.17613321542739868,-0.5801320672035217,0.17851807177066803
1789222385933814000,24.08781396484375,0.3165087103843689,-0.30761000514030457,0.09762588888406754
1789222385943808000,24.09780810546875,0.4310919940471649,0.24588273465633392,0.008052600547671318
1789222385953802000,24.107802001953125,0.5686469674110413,0.4108935296535492,-0.014219682663679123
1789222385963796000,24.1177958984375,0.6335383057594299,0.2851020395755768,0.06811460852622986
1789222385973791200,24.127791259765626,0.6481529474258423,-0.1208433285355568,0.20523011684417725
1789222385983785000,24.137784912109375,0.5889729857444763,-0.18659783899784088,0.1948387324810028
1789222385993779000,24.147779052734375,0.6490576267242432,-0.3022195100784302,-0.1521890014410019
1789222386003773000,24.15777294921875,0.6896934509277344,-0.1367325484752655,-0.032040223479270935
1789222386013767000,24.167766845703124,0.6595944166183472,0.5373103022575378,-0.06434676796197891
1789222386023761200,24.17776123046875,0.7114064693450928,0.5259959101676941,-0.2528599500656128
1789222386033755100,24.187755126953125,0.720646858215332,0.15750014781951904,0.08772825449705124
1789222386043749000,24.1977490234375,0.6889520287513733,0.09746982902288437,-0.011899536475539207
1789222386053743000,24.2077431640625,0.676569938659668,-0.2426597774028778,-0.06371719390153885
1789222386063736800,24.21773681640625,0.6434698104858398,-0.3124103546142578,0.09158691018819809
1789222386073731000,24.22773095703125,0.6239738464355469,0.1157713383436203,-0.05859726667404175
1789222386083725000,24.23772509765625,0.6658419370651245,0.26041480898857117,-0.2626135051250458
1789222386093720000,24.247719970703123,0.6403051614761353,0.29134050011634827,-0.41711175441741943
1789222386103714000,24.257714111328124,0.6089168787002563,0.02839994989335537,-0.25752875208854675
1789222386113708000,24.2677080078125,0.6319300532341003,-0.31919822096824646,0.017851168289780617
1789222386123702000,24.277701904296876,0.63516765832901,0.11305171996355057,-0.2965432405471802
1789222386133696000,24.287696044921876,0.5875915884971619,0.2753695249557495,0.03045297972857952
1789222386143690000,24.29768994140625,0.48862719535827637,0.33748430013656616,0.383974552154541
1789222386153684000,24.30768408203125,0.41450875997543335,0.5008937120437622,0.02310957945883274
1789222386163678000,24.317677978515626,0.39271771907806396,0.3043915927410126,-0.07720769941806793
1789222386173672000,24.327671875,0.33341845870018005,0.18632087111473083,0.1683133840560913
1789222386183666000,24.337666015625,0.3506038188934326,-0.07860240340232849,0.1388726681470871
1789222386193660000,24.347659912109375,0.4472331702709198,-0.25556865334510803,-0.03628503531217575
1789222386203654100,24.357654052734375,0.5632782578468323,0.08653222769498825,-0.13571707904338837
1789222386213649200,24.367649169921876,0.5177674889564514,0.7974209785461426,-0.12065557390451431
1789222386223643100,24.37764306640625,0.4146842658519745,0.7301106452941895,-0.2689867317676544
1789222386233637000,24.38763720703125,0.34718939661979675,-0.20096932351589203,-0.02646489627659321
1789222386243631000,24.397631103515625,0.2013445645570755,-0.3251173794269562,0.328985333442688
1789222386253624800,24.407624755859374,0.11788322776556015,0.10580632090568542,0.14610500633716583
1789222386263619000,24.417619140625,0.24759222567081451,-0.10680927336215973,-0.0915680006146431
1789222386273613000,24.427613037109374,0.25913622975349426,0.18932650983333588,0.055861666798591614
1789222386283607000,24.43760693359375,0.11264212429523468,0.9431864619255066,-0.10915178805589676
1789222386293601000,24.44760107421875,0.20108065009117126,0.22724033892154694,-0.4150856137275696
1789222386303595000,24.457594970703123,0.3415496051311493,-0.9026145339012146,0.05482117086648941
1789222386313589000,24.467589111328124,0.256465882062912,-0.04343456029891968,-0.07163210958242416
1789222386323583200,24.477583251953124,0.15554484724998474,0.5187038779258728,-0.10256978124380112
1789222386333578000,24.487577880859376,0.16267386078834534,-0.22458064556121826,0.34547990560531616
1789222386343572000,24.497572021484373,0.1957540512084961,-0.20793642103672028,0.1660342514514923
1789222386353566000,24.50756591796875,0.13233646750450134,0.7915162444114685,-0.15338583290576935
1789222386363560000,24.517559814453126,0.11155475676059723,0.7261825203895569,-0.2173115462064743
1789222386373554000,24.527553955078126,0.1314786672592163,-0.03817242011427879,-0.07217246294021606
1789222386383548000,24.5375478515625,0.18070107698440552,-0.0448143444955349,-0.07417622953653336
1789222386393542100,24.547542236328123,0.2214687466621399,0.30816635489463806,0.20990635454654694
1789222386403536100,24.5575361328125,0.18108589947223663,0.3580724000930786,0.5416116118431091
1789222386413530000,24.567530029296876,0.11656896024942398,0.35149437189102173,0.2824189066886902
1789222386423523800,24.57752392578125,0.022941801697015762,0.27871978282928467,0.06060555577278137
1789222386433517800,24.587517822265625,0.037891190499067307,-0.0902867540717125,-0.25336116552352905
1789222386443512000,24.597511962890625,0.127971813082695,-0.40549662709236145,-0.4147804081439972
1789222386453506000,24.607506103515625,0.20777903497219086,-0.4822324216365814,-0.2756030857563019
1789222386463501000,24.6175009765625,0.266146183013916,0.18321296572685242,-0.17979373037815094
1789222386473495000,24.6274951171875,0.2545126974582672,0.8946514129638672,0.26907408237457275
1789222386483489000,24.637489013671875,0.13746517896652222,0.9498475790023804,0.3413908779621124
1789222386493483000,24.64748291015625,-0.07141772657632828,0.2397148609161377,0.1923428177833557
1789222386503477000,24.65747705078125,-0.2747684419155121,-0.319269061088562,0.3096819519996643
1789222386513471200,24.66747119140625,-0.2758457064628601,-0.2841781973838806,-0.0052147358655929565
1789222386523465000,24.67746484375,-0.030645526945590973,-0.3648110032081604,-0.37496429681777954
1789222386533459000,24.687458984375,0.18866018950939178,-0.011768508702516556,-0.5191707611083984
1789222386543453000,24.697452880859377,0.269284725189209,0.31008437275886536,-0.3355817198753357
1789222386553447000,24.707447021484374,0.26705726981163025,0.09845653176307678,-0.08976291120052338
1789222386563441200,24.717441162109374,0.12063853442668915,0.20050780475139618,0.05329704284667969
1789222386573435100,24.72743505859375,-0.11678360402584076,0.40594324469566345,0.3658565580844879
1789222386583429000,24.73742919921875,-0.25136512517929077,0.044558145105838776,0.49862632155418396
1789222386593424100,24.747424072265623,-0.35984233021736145,0.017434651032090187,0.42160236835479736
1789222386603418000,24.757418212890624,-0.39879104495048523,0.5065265893936157,0.20001325011253357
1789222386613411800,24.767411865234376,-0.2811048924922943,0.41176649928092957,-0.11728108674287796
1789222386623405800,24.77740576171875,-0.014651646837592125,-0.3835330009460449,-0.5964868068695068
1789222386633400000,24.787400146484377,0.18351976573467255,-0.5676807165145874,-0.6260660290718079
1789222386643394000,24.79739404296875,0.09585222601890564,0.03007587604224682,-0.2962236702442169
1789222386653388000,24.807387939453125,-0.030473487451672554,-0.06863711774349213,-0.08685500174760818
1789222386663382000,24.817382080078126,-0.22613166272640228,-0.35359880328178406,0.6687557101249695
1789222386673376000,24.8273759765625,-0.5305038094520569,0.4061834514141083,0.5673097372055054
1789222386683370200,24.837370361328126,-0.7012734413146973,0.5611245632171631,0.12653504312038422
1789222386693364000,24.847364013671875,-0.736259400844574,-0.3360608220100403,0.17849810421466827
1789222386703358000,24.85735791015625,-0.6390883326530457,-0.6329548358917236,-0.44733330607414246
1789222386713352000,24.86735205078125,-0.39188602566719055,-0.5176234245300293,-0.5690948963165283
1789222386723347000,24.877346923828124,-0.076323002576828,-0.476995587348938,-0.24095456302165985
1789222386733341000,24.8873408203125,0.0867450162768364,-0.057424142956733704,-0.3451451361179352
1789222386743335000,24.8973349609375,0.008846222423017025,0.041261687874794006,0.10996058583259583
1789222386753329200,24.9073291015625,-0.2918451726436615,0.031490813940763474,0.6995950937271118
1789222386763323100,24.9173232421875,-0.6628352403640747,0.12959074974060059,0.5861700177192688
1789222386773317000,24.927317138671874,-0.8694544434547424,0.045228198170661926,0.3591232895851135
1789222386783311000,24.93731103515625,-0.8274034261703491,0.03554201498627663,0.19584007561206818
1789222386793304800,24.947304931640623,-0.5152191519737244,-0.17201250791549683,-0.11576894670724869
1789222386803299000,24.957299072265624,0.011378621682524681,-0.7601972222328186,-0.5296875834465027
1789222386813293000,24.96729296875,0.45121726393699646,-0.8743211030960083,-0.47537797689437866
1789222386823287000,24.977287109375,0.47979697585105896,-0.08713863044977188,0.10122302174568176
1789222386833281000,24.987281005859376,0.32708412408828735,0.26397839188575745,0.12265454977750778
1789222386843275000,24.99727490234375,0.028139226138591766,0.06962275505065918,0.37239566445350647
1789222386853270000,25.00727001953125,-0.39080291986465454,0.4800321161746979,0.5365289449691772
1789222386863264000,25.017263916015626,-0.5930542945861816,0.7221068143844604,-0.07157991081476212
1789222386873258200,25.02725830078125,-0.3024751842021942,-0.20370465517044067,-0.4485620856285095
1789222386883252000,25.037251953125,0.21300281584262848,-0.7297891974449158,-0.3412047326564789
1789222386893246000,25.047245849609375,0.5919711589813232,0.10095298290252686,-0.18858376145362854
1789222386903240000,25.057239990234375,0.8385535478591919,0.4338265359401703,-0.09438269585371017
1789222386913234000,25.06723388671875,0.8317552804946899,-0.16720736026763916,0.35613733530044556
1789222386923228000,25.077227783203124,0.44441500306129456,-0.07176952809095383,0.6214286684989929
1789222386933222100,25.08722216796875,-0.06392465531826019,0.6960107684135437,0.02707289718091488
1789222386943216000,25.097216064453125,-0.31668099761009216,0.574577271938324,-0.41980019211769104
1789222386953210000,25.107210205078125,-0.33260616660118103,0.025488048791885376,-0.14653697609901428
1789222386963203800,25.117203857421874,-0.24874617159366608,0.2834562063217163,-0.20020686089992523
1789222386973197800,25.12719775390625,0.0196852870285511,0.1587241291999817,-0.005305549595504999
1789222386983192800,25.13719287109375,0.38592612743377686,-0.5441778302192688,0.31767144799232483
1789222386993187000,25.14718701171875,0.4878421127796173,-0.31754547357559204,0.18953664600849152
1789222387003181000,25.15718115234375,0.29331257939338684,0.3465092182159424,-0.13536368310451508
1789222387013175000,25.167175048828124,0.052453622221946716,0.19438466429710388,-0.3618423640727997
1789222387023169000,25.1771689453125,-0.2746496796607971,-0.18017509579658508,-0.0005675196298398077
1789222387033163000,25.1871630859375,-0.5394227504730225,-0.14823926985263824,0.15520663559436798
1789222387043157000,25.197156982421873,-0.4508342742919922,-0.310674250125885,-0.06835482269525528
1789222387053151200,25.207151123046874,-0.11067032068967819,-0.6090716123580933,0.11788295954465866
1789222387063145000,25.21714501953125,0.03460618108510971,0.39961743354797363,-0.16843588650226593
1789222387073139000,25.227138916015626,-0.014391988515853882,0.7525408864021301,-0.3511846661567688
1789222387083133000,25.2371328125,-0.16894561052322388,-0.13534584641456604,-0.12461703270673752
1789222387093127000,25.247126953125,-0.23744291067123413,-0.9502912163734436,0.010877947323024273
1789222387103121200,25.25712109375,-0.25957831740379333,-0.6495689749717712,-0.09329665452241898
1789222387113115100,25.267115234375,-0.32911238074302673,0.15499064326286316,-0.18205155432224274
1789222387123110100,25.277110107421876,-0.4035471975803375,0.26424551010131836,0.12479545921087265
1789222387133104000,25.287104248046877,-0.4485953748226166,0.033858366310596466,0.29327449202537537
1789222387143098000,25.29709814453125,-0.39966216683387756,-0.1008208841085434,0.05764039233326912
1789222387153091800,25.307091796875,-0.3558441400527954,-0.14632977545261383,0.1913055181503296
1789222387163085800,25.3170859375,-0.4588477313518524,0.18700583279132843,0.21177110075950623
1789222387173080000,25.327080078125,-0.48899897933006287,-0.13284753262996674,-0.05835678428411484
1789222387183074000,25.337073974609375,-0.3559645116329193,-0.9501639604568481,-0.0613645575940609
1789222387193068000,25.347068115234375,-0.14490419626235962,-0.9743984341621399,-0.21676932275295258
1789222387203062000,25.35706201171875,-0.06190677732229233,0.08041654527187347,-0.42428603768348694
1789222387213056000,25.367055908203124,-0.11353322118520737,0.5977049469947815,-0.17019596695899963
1789222387223050200,25.37705029296875,-0.21686546504497528,0.18430565297603607,0.07362015545368195
1789222387233044200,25.387044189453125,-0.38052523136138916,-0.3791598379611969,0.21954406797885895
1789222387243038200,25.3970380859375,-0.4578740894794464,-0.7397611737251282,0.2618020474910736
1789222387253033200,25.407033203125,-0.31050461530685425,-0.8013433218002319,-0.004732171073555946
1789222387263027000,25.41702685546875,-0.02467631734907627,-0.4679677188396454,-0.24697436392307281
1789222387273021000,25.42702099609375,0.07733340561389923,0.6254955530166626,-0.17728716135025024
1789222387283015000,25.437014892578127,0.06895376741886139,0.8698011636734009,-0.0353100523352623
1789222387293009200,25.447009033203123,0.13780659437179565,-0.3892982304096222,0.025842249393463135
1789222387303003100,25.457003173828124,0.2758568823337555,-1.3537993431091309,0.15935289859771729
1789222387312997000,25.4669970703125,0.21357113122940063,0.12401142716407776,-0.10727665573358536
1789222387322991000,25.4769912109375,0.07097110897302628,1.366134762763977,-0.2905372977256775
1789222387332985000,25.486985107421877,0.045458029955625534,0.45838382840156555,0.1291092485189438
1789222387342979000,25.49697900390625,0.12875904142856598,-0.5345938801765442,0.33645763993263245
1789222387352973000,25.50697314453125,0.319974809885025,-0.5485371351242065,0.1602567881345749
1789222387362967000,25.516967041015626,0.4733734130859375,-0.12748871743679047,-0.05398280918598175
1789222387372961000,25.5269609375,0.5390198230743408,-0.2922137379646301,-0.007493602577596903
1789222387382955000,25.536955078125,0.4714527428150177,0.045768022537231445,-0.0699005201458931
1789222387392949000,25.546948974609375,0.3486274778842926,1.0494308471679688,-0.36978843808174133
1789222387402944000,25.556944091796876,0.18647800385951996,1.1730830669403076,-0.18082624673843384
1789222387412938200,25.566938232421876,0.002888730727136135,0.21140065789222717,0.13349707424640656
1789222387422932200,25.57693212890625,-0.1386295109987259,-0.8456510901451111,0.5101538300514221
1789222387432926200,25.58692626953125,-0.11475641280412674,-0.711014986038208,0.4894237518310547
1789222387442920000,25.596919921875,0.03442694991827011,0.15008217096328735,0.3353028893470764
1789222387452914000,25.606913818359374,0.12188275903463364,0.7937173247337341,-0.23592863976955414
1789222387462908000,25.616907958984374,0.07081771641969681,0.5849310755729675,-0.5743242502212524
1789222387472902100,25.626902099609374,-0.04987062141299248,-0.05572744458913803,-0.2609349191188812
1789222387482896100,25.636896240234375,-0.06894844025373459,-0.7356415390968323,-0.08141762763261795
1789222387492890000,25.64689013671875,0.08516229689121246,-1.2729220390319824,-0.18766656517982483
1789222387502884000,25.656884033203124,0.09216427803039551,-0.6426961421966553,0.15772783756256104
1789222387512878000,25.666878173828124,-0.08565152436494827,0.5086296796798706,0.551858127117157
1789222387522872000,25.6768720703125,-0.2185927927494049,0.9054148197174072,0.2523244023323059
1789222387532866000,25.686865966796876,-0.29210641980171204,0.5794937014579773,0.16168344020843506
1789222387542860000,25.696860107421877,-0.3328106999397278,0.30891549587249756,0.2542448043823242
1789222387552855000,25.70685498046875,-0.3031651973724365,0.06069343909621239,-0.18240949511528015
1789222387562849000,25.71684912109375,-0.1615729182958603,-1.0154491662979126,-0.0011896340874955058
1789222387572843000,25.726843017578126,0.031924378126859665,-1.4619859457015991,0.2647741436958313
1789222387582837000,25.7368369140625,0.2110973298549652,-0.34423673152923584,-0.08099844306707382
1789222387592831200,25.746831298828123,0.3530864119529724,0.7621780633926392,-0.36764565110206604
1789222387602825200,25.7568251953125,0.32987645268440247,0.8174487948417664,-0.20838382840156555
1789222387612819000,25.76681884765625,0.02678607404232025,0.6626866459846497,-0.12573128938674927
1789222387622813000,25.77681298828125,-0.39996978640556335,0.2871819734573364,0.367611825466156
1789222387632807000,25.786806884765625,-0.6296477317810059,-0.14167164266109467,0.4705941379070282
1789222387642801200,25.79680126953125,-0.49778980016708374,-0.61521977186203,0.3012906014919281
1789222387652795100,25.806795166015625,-0.15900669991970062,-0.453454852104187,-0.11448263376951218
1789222387662789000,25.8167890625,0.15552647411823273,0.07714751362800598,-0.2774944603443146
1789222387672783000,25.826783203125,0.25363385677337646,0.28914472460746765,0.03532816469669342
1789222387682777000,25.836777099609375,0.2241726517677307,0.26902055740356445,-0.22118325531482697
1789222387692772000,25.846772216796875,0.033740121871232986,0.16569282114505768,-0.21991665661334991
1789222387702766000,25.85676611328125,-0.27156946063041687,0.06331958621740341,0.025466211140155792
1789222387712760000,25.866760009765624,-0.4446110129356384,-0.3059077262878418,-0.0914153978228569
1789222387722754000,25.876754150390624,-0.3835545778274536,-0.8627733588218689,0.11226368695497513
1789222387732748000,25.886748046875,-0.14089320600032806,-0.5281815528869629,0.20531533658504486
1789222387742742000,25.896741943359373,-0.027239609509706497,0.742538571357727,0.21933874487876892
1789222387752736000,25.906736083984374,0.0059566921554505825,1.1750428676605225,-0.14611832797527313
1789222387762730200,25.916730224609374,0.030910778790712357,-0.2608952522277832,0.16691681742668152
1789222387772724200,25.92672412109375,-0.04345772787928581,-1.196679949760437,0.24070794880390167
1789222387782718000,25.936718017578126,-0.03323438763618469,-0.93718022108078,-0.3132726848125458
1789222387792712000,25.9467119140625,0.025685390457510948,-0.1035253256559372,-0.3549322485923767
1789222387802706000,25.956705810546875,-0.011470501311123371,0.9102034568786621,-0.2090509533882141
1789222387812700200,25.9667001953125,-0.14405889809131622,1.1107240915298462,0.14622725546360016
1789222387822694100,25.976694091796876,-0.13455061614513397,-0.05862123519182205,0.29673659801483154
1789222387832688000,25.986688232421876,0.033190976828336716,-1.3276619911193848,0.21162915229797363
1789222387842683100,25.99668310546875,0.09899023175239563,-0.8806636929512024,0.1959758996963501
1789222387852677000,26.006677001953125,0.15228407084941864,0.19879378378391266,-0.14431004226207733
1789222387862671000,26.016671142578126,0.1928781121969223,0.4511440098285675,-0.11508424580097198
1789222387872665000,26.0266650390625,0.06941795349121094,0.5537569522857666,0.23384419083595276
1789222387882659000,26.0366591796875,-0.17232222855091095,0.7363046407699585,0.22281630337238312
1789222387892653000,26.046653076171875,-0.27679938077926636,-0.15499570965766907,-0.02417963743209839
1789222387902647000,26.05664697265625,-0.24608460068702698,-1.0936191082000732,0.05186612531542778
1789222387912641000,26.06664111328125,-0.1341777741909027,-0.5939176678657532,-0.049672480672597885
1789222387922635000,26.076635009765624,0.040952228009700775,0.10102301836013794,0.10115911066532135
1789222387932629000,26.08662890625,0.22310605645179749,0.17625918984413147,0.22977913916110992
1789222387942623200,26.096623291015625,0.2127213180065155,0.28596436977386475,0.03512895852327347
1789222387952617200,26.1066171875,0.024171914905309677,0.06860222667455673,0.007553790230304003
1789222387962611000,26.11661083984375,-0.20468176901340485,-0.3387719392776489,0.047747280448675156
1789222387972605000,26.12660498046875,-0.3572936952114105,-0.37784263491630554,-0.07796537131071091
1789222387982599000,26.136598876953126,-0.3395557105541229,-0.278132826089859,0.12915931642055511
1789222387992594000,26.146593994140623,-0.15212827920913696,0.022009162232279778,0.06814177334308624
1789222388002588200,26.156588134765624,0.04002384841442108,0.27892404794692993,0.15837685763835907
1789222388012582100,26.16658203125,0.15515708923339844,0.3478575646877289,0.037942856550216675
1789222388022576000,26.176576171875,0.19455963373184204,-0.30111029744148254,-0.15223880112171173
1789222388032570000,26.186570068359377,0.0623568519949913,-0.837730348110199,0.037889592349529266
1789222388042564000,26.196564208984373,-0.08778204768896103,-0.27346962690353394,-0.17503492534160614
1789222388052557800,26.206557861328125,-0.13210611045360565,0.7109031677246094,-0.2069997936487198
1789222388062552000,26.216552001953126,0.028293689712882042,0.5127200484275818,0.017779529094696045
1789222388072546000,26.226546142578126,0.19557322561740875,-0.10675147920846939,-0.2746802866458893
1789222388082540000,26.2365400390625,0.2768062949180603,-0.8365771770477295,0.10102807730436325
1789222388092534000,26.246533935546875,0.25529754161834717,-0.2527962923049927,0.1337069272994995
1789222388102528000,26.256528076171875,0.25835779309272766,0.5852419137954712,-0.20979957282543182
1789222388112522200,26.266522216796876,0.15321005880832672,0.7836463451385498,-0.019112974405288696
1789222388122516200,26.27651611328125,-0.02377830073237419,0.5783661603927612,0.18542765080928802
1789222388132510000,26.286510009765625,-0.11380619555711746,0.06993328034877777,0.20309053361415863
1789222388142504000,26.29650390625,-0.02081872895359993,-0.6656839847564697,0.19828619062900543
1789222388152499000,26.3064990234375,0.09581653773784637,-0.5280968546867371,-0.22620889544487
1789222388162493000,26.316492919921874,0.25605255365371704,-0.20967067778110504,-0.5284464955329895
1789222388172487000,26.32648681640625,0.43575361371040344,-0.11809468269348145,-0.3932860493659973
1789222388182481200,26.336481201171875,0.5110810995101929,0.14082609117031097,-0.1862545609474182
1789222388192475100,26.34647509765625,0.42626237869262695,0.35616716742515564,0.10124379396438599
1789222388202469000,26.35646923828125,0.1695842444896698,0.37301963567733765,0.5338798761367798
1789222388212462600,26.366462646484376,-0.15173307061195374,0.2865995466709137,0.6392502784729004
1789222388222456600,26.37645654296875,-0.3370046615600586,0.079164057970047,0.13969957828521729
1789222388232450800,26.386450927734376,-0.34319278597831726,-0.2382112294435501,-0.010002300143241882
1789222388242444800,26.39644482421875,-0.1899358481168747,-0.23071523010730743,-0.5603639483451843
1789222388252438800,26.406438720703125,0.1149446964263916,-0.41120004653930664,-1.0312819480895996
1789222388262432800,26.416432861328126,0.3450593948364258,-0.6230934262275696,-0.4133518934249878
1789222388272426800,26.4264267578125,0.4155178368091583,-0.26378530263900757,-0.1047101691365242
1789222388282421000,26.4364208984375,0.33037710189819336,-0.23595181107521057,0.27905401587486267
1789222388292414700,26.446414794921875,-0.009518137201666832,0.06979319453239441,0.4899396002292633
1789222388302408700,26.45640869140625,-0.42195549607276917,0.581373929977417,0.27173084020614624
1789222388312402700,26.466402587890624,-0.6941686272621155,0.5818343758583069,0.2837259769439697
1789222388322397700,26.476397705078124,-0.6750463247299194,0.31208571791648865,0.09358001500368118
1789222388332391700,26.4863916015625,-0.37052348256111145,-0.1927923560142517,-0.12107875198125839
1789222388342385700,26.4963857421875,0.09544289857149124,-0.7259918451309204,-0.16988463699817657
1789222388352380000,26.5063798828125,0.4789639115333557,-0.7108685374259949,-0.33057206869125366
1789222388362374000,26.516373779296874,0.6189239621162415,-0.3439522981643677,-0.2993488907814026
1789222388372368000,26.526367919921874,0.5175811052322388,0.1806882917881012,-0.28929227590560913
1789222388382361600,26.536361572265626,0.25144049525260925,0.42000046372413635,-0.14224901795387268
1789222388392355600,26.54635546875,-0.12148408591747284,0.541551947593689,0.15937741100788116
1789222388402349800,26.556349853515623,-0.34484660625457764,0.33448877930641174,0.21636000275611877
1789222388412343800,26.56634375,-0.21330535411834717,-0.4273239076137543,0.27823054790496826
1789222388422337800,26.576337890625,0.05037502199411392,-0.5890190601348877,0.290876567363739
1789222388432331800,26.586331787109376,0.3435616195201874,-0.14622963964939117,-0.18184196949005127
1789222388442325800,26.59632568359375,0.5176734924316406,-0.041678737848997116,-0.20079489052295685
1789222388452319700,26.60631982421875,0.5124617218971252,0.09700697660446167,-0.26137036085128784
1789222388462313700,26.616313720703126,0.3263280391693115,0.5503352880477905,-0.3935936391353607
1789222388472307700,26.6263076171875,0.16945001482963562,0.19130364060401917,-0.15438798069953918
1789222388482302700,26.636302734375,0.059964001178741455,-0.3809257745742798,0.07471738010644913
1789222388492296700,26.646296630859375,-0.0037643781397491693,-0.40398314595222473,0.3989279568195343
1789222388502290700,26.656290771484375,-0.017371799796819687,0.12989620864391327,0.6185116767883301
1789222388512284700,26.66628466796875,0.10661645978689194,0.5449994206428528,0.0828767716884613
1789222388522279000,26.67627880859375,0.32050079107284546,0.2943618595600128,-0.3519383370876312
1789222388532273000,26.68627294921875,0.5121002793312073,-0.07022702693939209,-0.584585428237915
1789222388542267000,26.696266845703125,0.5421189069747925,-0.001976065570488572,-0.552014172077179
1789222388552260900,26.7062607421875,0.44686856865882874,0.0008516788948327303,0.05543769150972366
1789222388562254600,26.716254638671874,0.3695756494998932,-0.07569076865911484,0.4143923819065094
1789222388572248600,26.72624853515625,0.2741346061229706,0.07284517586231232,0.5156905055046082
1789222388582242800,26.736242919921875,0.0675329715013504,0.9415385127067566,0.10946337878704071
1789222388592236800,26.74623681640625,-0.11324959248304367,1.118973731994629,-0.07958830147981644
1789222388602230800,26.756230712890623,-0.042693667113780975,0.10931370407342911,-0.3845420777797699
1789222388612224800,26.766224853515624,0.23945918679237366,-0.8662596940994263,-0.5160521864891052
1789222388622218800,26.77621875,0.4782975912094116,-0.6924543976783752,-0.27528536319732666
1789222388632213000,26.786212890625,0.5422179698944092,0.1581249237060547,-0.177232563495636
1789222388642206700,26.796206787109377,0.45304179191589355,0.28172117471694946,0.19325575232505798
1789222388652201700,26.80620166015625,0.1528337597846985,0.4915068745613098,0.22367170453071594
1789222388662195700,26.81619580078125,-0.22185276448726654,0.6720340251922607,0.07589370012283325
1789222388672189700,26.826189697265626,-0.4586266875267029,0.22973598539829254,0.14886537194252014
1789222388682183700,26.83618359375,-0.5263977646827698,-0.09416405111551285,0.09669405221939087
1789222388692177700,26.846177734375,-0.35501959919929504,-0.1867227405309677,-0.005129780620336533
1789222388702172000,26.856171875,-0.11934210360050201,-0.03758998587727547,0.042155444622039795
1789222388712166000,26.866165771484376,0.004269047174602747,-0.07297007739543915,-0.06722723692655563
1789222388722159900,26.876159912109376,-0.06320426613092422,-0.44974613189697266,0.04376399144530296
1789222388732153600,26.886153564453124,-0.19862042367458344,-0.4590621292591095,-0.002630137838423252
1789222388742147600,26.896147705078125,-0.2595290541648865,-0.25407835841178894,-0.11992081254720688
1789222388752141800,26.906141845703125,-0.27759113907814026,-0.09902804344892502,-0.3766719102859497
1789222388762135800,26.9161357421875,-0.4928736090660095,-0.25003325939178467,0.003906324505805969
1789222388772129800,26.9261298828125,-0.6215847134590149,-0.5710096955299377,0.2970215678215027
1789222388782123800,26.936123779296874,-0.5644258260726929,-0.22800280153751373,0.1492755115032196
1789222388792117800,26.94611767578125,-0.48092374205589294,0.6336600184440613,0.27403581142425537
1789222388802111700,26.95611181640625,-0.4577119052410126,1.1755142211914062,-0.08766673505306244
1789222388812105700,26.966105712890624,-0.38261130452156067,-0.13289733231067657,-0.01252058520913124
1789222388822101000,26.97610107421875,-0.3778833746910095,-1.1512157917022705,0.20904242992401123
1789222388832094700,26.9860947265625,-0.2627384066581726,-1.0542048215866089,-0.33174198865890503
1789222388842088700,26.996088623046877,0.10775282979011536,-1.1173756122589111,-0.5567495226860046
1789222388852082700,27.006082763671873,0.21527209877967834,-0.2628699839115143,-0.20593079924583435
1789222388862076700,27.01607666015625,-0.01763944700360298,1.1746928691864014,0.04794169217348099
1789222388872071000,27.02607080078125,-0.23465777933597565,1.0678796768188477,0.2873010039329529
1789222388882065000,27.03606494140625,-0.2308017909526825,-0.29658904671669006,0.44341152906417847
1789222388892059000,27.046058837890627,-0.14679770171642303,-0.7144011855125427,0.4657011032104492
1789222388902052900,27.056052978515623,-0.16513249278068542,0.21274369955062866,0.029384519904851913
1789222388912046600,27.066046630859375,-0.03213556483387947,-0.01991884782910347,-0.002701244316995144
1789222388922040600,27.07604052734375,0.17637743055820465,-0.44377610087394714,0.24714267253875732
1789222388932034800,27.086034912109376,0.30383366346359253,0.40607666969299316,-0.05046583712100983
1789222388942028800,27.09602880859375,0.39622509479522705,0.8314911127090454,-0.3715732991695404
1789222388952022800,27.106022705078125,0.5039595365524292,-0.33261922001838684,0.0027273432351648808
1789222388962016800,27.116016845703125,0.35667556524276733,-0.4841586947441101,0.11759773641824722
1789222388972010800,27.1260107421875,0.03362001106142998,0.25769785046577454,0.03694843128323555
1789222388982005000,27.1360048828125,-0.12165878713130951,0.10753817856311798,0.26507455110549927
1789222388991998700,27.145998779296875,0.0075636436231434345,-0.33137527108192444,0.25638172030448914
1789222389001993700,27.15599365234375,0.2969757616519928,-0.2636556029319763,0.19759616255760193
1789222389011987700,27.16598779296875,0.3701311945915222,0.8040546774864197,-0.009800433181226254
1789222389021981700,27.175981689453124,0.25832903385162354,1.1266151666641235,-0.05507177487015724
1789222389031975700,27.1859755859375,0.23796303570270538,-0.042273689061403275,-0.14755643904209137
1789222389041969700,27.1959697265625,0.36725762486457825,-1.2776120901107788,-0.059178367257118225
1789222389051964000,27.2059638671875,0.2875553369522095,-0.4403206706047058,0.17194406688213348
1789222389061958000,27.2159580078125,0.052808620035648346,0.871729850769043,0.18954409658908844
1789222389071952000,27.225951904296874,-0.03265221789479256,0.74740070104599,0.01017114520072937
1789222389081945600,27.235945556640626,0.009529856033623219,-0.09929089993238449,0.014943263493478298
1789222389091939600,27.245939697265626,-0.010249175131320953,0.025066470727324486,-0.17601551115512848
1789222389101933800,27.255933837890623,-0.07991161197423935,-0.07428887486457825,0.22588559985160828
1789222389111927800,27.265927734375,0.03478754311800003,-0.9746785759925842,0.4278607964515686
1789222389121921800,27.275921875,0.1824140101671219,-0.4787149131298065,0.10243768990039825
1789222389131915800,27.285915771484376,0.17203301191329956,1.1667399406433105,-0.1310482919216156
1789222389141909800,27.29590966796875,-0.032215192914009094,1.54927659034729,-0.14672446250915527
1789222389151903700,27.30590380859375,-0.233398899435997,-0.0038429414853453636,-0.021218735724687576
1789222389161897700,27.315897705078125,-0.29185235500335693,-1.2376047372817993,0.03519101068377495
1789222389171891700,27.3258916015625,0.017466874793171883,-0.6681069731712341,-0.5067945122718811
1789222389181885700,27.3358857421875,0.24301877617835999,-0.19695647060871124,-0.35911449790000916
1789222389191879700,27.345879638671875,0.12374963611364365,0.0928276777267456,0.04097752645611763
1789222389201874700,27.355874755859375,-0.05246507376432419,0.08635912090539932,0.12888766825199127
1789222389211869000,27.365868896484375,-0.19954533874988556,0.24219825863838196,0.4222383201122284
1789222389221863000,27.37586279296875,-0.2909029424190521,0.5663326382637024,0.3870265483856201
1789222389231857000,27.38585693359375,-0.48848578333854675,1.0527890920639038,-0.30495938658714294
1789222389241851000,27.395850830078125,-0.5834357142448425,0.3214475214481354,-0.2709742486476898
1789222389251844900,27.405844970703125,-0.4111630320549011,-0.8074659109115601,-0.04747670516371727
1789222389261838800,27.4158388671875,-0.025773007422685623,-1.0880930423736572,-0.43879494071006775
1789222389271832800,27.425832763671874,0.2518881559371948,-0.4389861524105072,-0.2673632502555847
1789222389281827000,27.4358271484375,0.2684740722179413,0.36215394735336304,0.0009648632840253413
1789222389291821000,27.445821044921875,0.06312090903520584,0.5904731154441833,0.047197870910167694
1789222389301814800,27.455814697265627,-0.3353990316390991,0.624721109867096,0.15762531757354736
1789222389311808800,27.465808837890624,-0.6419973373413086,0.27340570092201233,-0.05896984413266182
1789222389321802800,27.475802734375,-0.5991028547286987,-0.7424038052558899,-0.40418902039527893
1789222389331797000,27.485796875,-0.369963675737381,-0.9277425408363342,-0.355803906917572
1789222389341791000,27.495791015625,-0.10793419182300568,0.16091831028461456,-0.26714619994163513
1789222389351785000,27.505784912109377,0.15295439958572388,0.5043689012527466,0.08174413442611694
1789222389361779000,27.515779052734374,0.09785892069339752,0.5090331435203552,0.1564529836177826
1789222389371773000,27.52577294921875,-0.2200053334236145,0.30774664878845215,0.049915093928575516
1789222389381767000,27.535766845703126,-0.6045258641242981,-0.19979940354824066,0.16495460271835327
1789222389391761000,27.545760986328126,-0.7392772436141968,-0.7545081377029419,-0.13274100422859192
1789222389401756000,27.555755859375,-0.5777637362480164,-0.7944952249526978,-0.19547681510448456
1789222389411750000,27.56575,-0.2620995342731476,-0.005036303773522377,-0.18651261925697327
1789222389421743900,27.575743896484376,0.06822033226490021,0.4749052822589874,-0.06291398406028748
1789222389431737900,27.58573779296875,0.241672545671463,0.14939987659454346,0.19981111586093903
1789222389441731800,27.59573193359375,0.10745055973529816,-0.14228683710098267,0.41033852100372314
1789222389451726000,27.60572607421875,-0.182480588555336,-0.29703381657600403,0.19610559940338135
1789222389461720000,27.615719970703125,-0.3829716145992279,-0.5158857107162476,-0.11168738454580307
1789222389471713800,27.6257138671875,-0.39581283926963806,-0.2708328366279602,-0.4437297582626343
1789222389481707800,27.635707763671874,-0.2658870816230774,0.3148391544818878,-0.2446877807378769
1789222389491701800,27.64570166015625,-0.015504923649132252,0.47608426213264465,0.06285912543535233
1789222389501695700,27.65569580078125,0.24829129874706268,-0.1442144364118576,0.2084653228521347
1789222389511690000,27.66568994140625,0.3337063193321228,-0.6786323189735413,0.554856538772583
1789222389521684000,27.67568408203125,0.12483514100313187,0.1878969371318817,0.34305641055107117
1789222389531678000,27.685677978515624,-0.19848912954330444,0.8451770544052124,0.01324203610420227
1789222389541672000,27.695671875,-0.37188273668289185,0.02002776972949505,-0.16184748709201813
1789222389551665700,27.705665771484377,-0.3516390025615692,-0.8517643809318542,-0.2441421002149582
1789222389561660000,27.715659912109373,-0.11111214011907578,-0.8507001996040344,-0.15082679688930511
1789222389571654000,27.72565380859375,0.3638248145580292,-0.4241366386413574,-0.24462147057056427
1789222389581648000,27.73564794921875,0.6141140460968018,0.20596195757389069,-0.07219403237104416
1789222389591643000,27.745642822265626,0.33008843660354614,0.8857327699661255,0.48167315125465393
1789222389601636900,27.755636962890627,-0.20312488079071045,0.684196412563324,0.9305170178413391
1789222389611630800,27.765630859375,-0.6099563241004944,-0.14792315661907196,0.7022340297698975
1789222389621624800,27.775624755859376,-0.7113772034645081,-0.7979472279548645,0.6544590592384338
1789222389631619000,27.785619140625,-0.5109242796897888,-0.40703752636909485,-0.13066692650318146
1789222389641613000,27.795613037109376,-0.08080057054758072,-0.22908298671245575,-0.7637168169021606
1789222389651606800,27.805606689453125,0.38378068804740906,-0.40706709027290344,-0.5297200679779053
1789222389661600800,27.815600830078125,0.7099385261535645,-0.04376399144530296,-0.5068482756614685
1789222389671594800,27.8255947265625,0.6332259178161621,0.5906805992126465,-0.36070120334625244
1789222389681589000,27.835589111328126,0.237692192196846,0.5596712827682495,0.30266425013542175
1789222389691583000,27.8455830078125,-0.2322489470243454,0.0052381716668605804,0.8674794435501099
1789222389701577000,27.855576904296875,-0.6340464353561401,-0.10887402296066284,0.6223160028457642
1789222389711571000,27.865571044921875,-0.7147570252418518,-0.26116928458213806,0.1443321406841278
1789222389721565000,27.87556494140625,-0.5641491413116455,-0.23066836595535278,0.16179901361465454
1789222389731559000,27.885558837890624,-0.12533368170261383,0.08533540368080139,-0.419761061668396
1789222389741553000,27.895552978515624,0.4615801274776459,-0.14111770689487457,-0.8828471899032593
1789222389751547000,27.905546875,0.6937558650970459,-0.3790977895259857,-0.337909072637558
1789222389761540900,27.915540771484373,0.5565420985221863,-0.2749205231666565,-0.20541946589946747
1789222389771534800,27.925534912109374,0.2099873274564743,-0.23592118918895721,-0.0888955146074295
1789222389781528800,27.93552880859375,-0.21233037114143372,-0.12415177375078201,0.4617457985877991
1789222389791523000,27.945523193359374,-0.5675742030143738,0.428312212228775,0.31755346059799194
1789222389801517000,27.95551708984375,-0.5916246771812439,0.31738248467445374,0.016411731019616127
1789222389811512000,27.965511962890623,-0.44714874029159546,0.17618487775325775,0.1984987109899521
1789222389821505800,27.975505859375,-0.27303045988082886,0.38925907015800476,0.2707260251045227
1789222389831499800,27.985499755859376,-0.0020684772171080112,-0.32772940397262573,0.11593113094568253
1789222389841493800,27.99549365234375,0.198709636926651,-1.1955119371414185,0.10247204452753067
1789222389851488000,28.005488037109377,0.128683939576149,-0.656317949295044,-0.08761746436357498
1789222389861482000,28.01548193359375,-0.01278929878026247,0.06457126885652542,-0.5269469022750854
1789222389871476000,28.02547607421875,-0.010604174807667732,-0.15654273331165314,-0.9658907055854797
1789222389881470000,28.035469970703126,-0.06812019646167755,-0.2666471302509308,-0.44721850752830505
1789222389891464000,28.0454638671875,-0.2818188965320587,0.30686405301094055,0.34836116433143616
1789222389901457700,28.055457763671875,-0.2777554392814636,0.12902988493442535,0.4291071593761444
1789222389911452000,28.065451904296875,-0.1664891093969345,-0.4630749821662903,0.8089876174926758
1789222389921446000,28.07544580078125,-0.17728929221630096,-0.11600836366415024,0.721468985080719
1789222389931439900,28.08543994140625,-0.17716199159622192,0.05148715898394585,-0.07638292014598846
1789222389941433900,28.095433837890624,-0.09369373321533203,-0.4365781247615814,-0.4917100667953491
1789222389951427800,28.105427734375,-0.02977680414915085,-0.4005109369754791,-0.46590378880500793
1789222389961422000,28.115422119140625,0.12057381868362427,-0.16090579330921173,-0.5019989609718323
1789222389971416000,28.125416015625,0.33064690232276917,-0.33242693543434143,-0.4153050482273102
1789222389981409800,28.135409912109374,0.3537178635597229,-0.2627120614051819,0.0549873523414135
1789222389991403800,28.14540380859375,0.09486286342144012,0.23434193432331085,0.6525487899780273
1789222390001397800,28.155397705078126,-0.1106807067990303,0.34097516536712646,0.4780177175998688
1789222390011392000,28.16539208984375,-0.16917598247528076,0.03310016170144081,0.36127403378486633
1789222390021386000,28.175385986328124,-0.1432221382856369,-0.0665782243013382,0.18589717149734497
1789222390031381000,28.185381103515624,0.06762538105249405,-0.11593645811080933,-0.6935606598854065
1789222390041375000,28.195375,0.4553254544734955,-0.9254236817359924,-0.4312390089035034
1789222390051369000,28.205368896484377,0.5709478855133057,-0.327149361371994,-0.01799924112856388
1789222390061363000,28.215363037109373,0.5357076525688171,0.7178295254707336,-0.27260756492614746
1789222390071357000,28.22535693359375,0.3898580074310303,0.6988845467567444,0.09287294745445251
1789222390081351000,28.235350830078126,0.1860409826040268,0.17089025676250458,0.48630866408348083
1789222390091345000,28.245344970703126,-0.04302629828453064,-0.10079985111951828,0.22383815050125122
1789222390101339000,28.2553388671875,-0.1276399791240692,-0.5895444750785828,-0.025353560224175453
1789222390111332900,28.265332763671875,0.07636161893606186,-1.0035667419433594,-0.074576236307621
1789222390121326800,28.275326904296875,0.39836761355400085,-0.3632256090641022,-0.25258538126945496
1789222390131320800,28.28532080078125,0.6379663348197937,0.9424572587013245,-0.5039148330688477
1789222390141315000,28.295315185546876,0.6889699101448059,1.120527982711792,-0.11511939764022827
1789222390151309000,28.30530908203125,0.49014759063720703,0.23970474302768707,0.3552614152431488
1789222390161302800,28.315302734375,0.17514491081237793,-0.3850025534629822,0.2161530703306198
1789222390171296800,28.325296875,-0.17085163295269012,-0.28939932584762573,0.44517984986305237
1789222390181290800,28.335290771484374,-0.3575400114059448,0.17094723880290985,0.36872610449790955
1789222390191285000,28.345284912109374,-0.29331737756729126,0.17618568241596222,0.14771409332752228
1789222390201279000,28.355279052734375,-0.004223507363349199,-0.18124301731586456,-0.28549671173095703
1789222390211272700,28.365272705078127,0.39552122354507446,-0.5803813338279724,-0.6317704916000366
1789222390221266700,28.3752666015625,0.5964354276657104,-0.5024269223213196,-0.4150259494781494
1789222390231260700,28.3852607421875,0.5707350969314575,-0.22293774783611298,-0.21511150896549225
1789222390241254700,28.395254638671876,0.420625239610672,-0.0853806808590889,0.03711088374257088
1789222390251248600,28.40524853515625,-0.002463690238073468,0.4978095293045044,0.7568277716636658
1789222390261242600,28.41524267578125,-0.35035961866378784,0.9714162349700928,0.21579967439174652
1789222390271237600,28.425237548828125,-0.47197020053863525,0.10935072600841522,0.20349426567554474
1789222390281231600,28.435231689453126,-0.35958507657051086,-0.6996278762817383,0.2533552944660187
1789222390291225600,28.4452255859375,-0.04392138496041298,-0.33146554231643677,-0.4769849181175232
1789222390301219600,28.455219482421874,0.2922539710998535,0.004024835303425789,-0.2327917069196701
1789222390311213800,28.4652138671875,0.4850705564022064,0.05132018029689789,0.11342109739780426
1789222390321207800,28.475207763671875,0.5673273205757141,-0.054309844970703125,-0.21335648000240326
1789222390331201800,28.485201904296876,0.42151740193367004,-0.20698779821395874,-0.09745651483535767
1789222390341195500,28.495195556640624,0.03425011411309242,-0.0638146623969078,0.3271922469139099
1789222390351189500,28.505189453125,-0.22286902368068695,0.025200162082910538,0.07872969657182693
1789222390361183700,28.515183837890625,-0.2499919980764389,0.19202856719493866,0.058759454637765884
1789222390371177700,28.525177734375,-0.19543367624282837,0.761746346950531,0.20452837646007538
1789222390381171700,28.535171630859374,-0.1280927211046219,1.048569917678833,-0.11765499413013458
1789222390391165700,28.545165771484374,0.07694111764431,-0.24473172426223755,0.03261227160692215
1789222390401159700,28.55515966796875,0.387858510017395,-1.5301437377929688,0.2086259126663208
1789222390411154000,28.56515380859375,0.45989754796028137,-0.6817700266838074,0.0023339942563325167
1789222390421147600,28.575147705078123,0.313397079706192,0.835856020450592,-0.0884433165192604
1789222390431141600,28.5851416015625,0.16899807751178741,0.8213417530059814,-0.0127584058791399
1789222390441135600,28.595135498046876,0.041423872113227844,0.05741988494992256,-0.10942476242780685
1789222390451129600,28.605129638671876,-0.06555051356554031,-0.01489532645791769,-0.276046484708786
1789222390461123600,28.61512353515625,0.01774384267628193,-0.10294102877378464,-0.22119629383087158
1789222390471117800,28.625117919921873,0.17168228328227997,-0.1679442673921585,-0.14089347422122955
1789222390481111800,28.63511181640625,0.1562844067811966,0.30216145515441895,0.06662163883447647
1789222390491105800,28.645105712890626,0.08191484212875366,0.3140071928501129,0.32412293553352356
1789222390501099500,28.655099609375,0.09760884940624237,-0.4112248122692108,0.28814497590065
1789222390511093500,28.665093505859375,0.05542277917265892,-0.3682035803794861,0.09668765962123871
1789222390521088500,28.675088623046875,0.012708337977528572,0.2421063780784607,-0.40854382514953613
1789222390531082800,28.685082763671875,0.12797661125659943,-0.05372261628508568,-0.5039398670196533
1789222390541076700,28.69507666015625,0.2379896640777588,-0.22584165632724762,-0.1514797955751419
1789222390551070700,28.70507080078125,0.21917761862277985,0.317139595746994,0.04438956826925278
1789222390561064700,28.715064697265625,0.06239120662212372,0.613659143447876,0.4288594722747803
1789222390571058700,28.72505859375,-0.08653862029314041,0.4462645649909973,0.2845505177974701
1789222390581052700,28.735052734375,-0.1199335977435112,-0.3075612783432007,0.11716630309820175
1789222390591046700,28.745046630859374,-0.18082277476787567,-0.6623079180717468,0.26914146542549133
1789222390601040600,28.75504052734375,-0.11574577540159225,-0.1239272728562355,-0.3875988721847534
1789222390611034600,28.76503466796875,0.04380819946527481,0.2743692398071289,-0.4216521680355072
1789222390621028600,28.775028564453127,0.19132521748542786,0.25305357575416565,-0.32191652059555054
1789222390631022600,28.785022705078124,0.21884046494960785,0.12771934270858765,-0.638309895992279
1789222390641016800,28.795016845703124,0.1049804762005806,-0.43915098905563354,-0.11119230091571808
1789222390651010800,28.8050107421875,-0.03464346379041672,-0.5946484208106995,0.3141044080257416
1789222390661004800,28.8150048828125,-0.15155543386936188,-0.09375844895839691,0.21006615459918976
1789222390670998500,28.82499853515625,-0.31902405619621277,0.5638378262519836,0.28962036967277527
1789222390680992500,28.834992431640625,-0.444269597530365,0.4862585961818695,0.4381917417049408
1789222390690986800,28.84498681640625,-0.4100375771522522,-0.28177762031555176,0.36815857887268066
1789222390700980700,28.854980712890626,-0.20444980263710022,-0.4337170720100403,-0.2467583864927292
1789222390710974700,28.864974609375,0.16851897537708282,-0.2803512215614319,-0.6703099012374878
1789222390720968700,28.87496875,0.4195919334888458,-0.1096133142709732,-0.5817992091178894
1789222390730962700,28.884962646484375,0.4009644687175751,0.07812622934579849,-0.22297076880931854
1789222390740956700,28.894956787109376,0.24312157928943634,0.19468772411346436,0.13260598480701447
1789222390750950700,28.90495068359375,0.0511433444917202,0.06063724681735039,0.5428057312965393
1789222390760944600,28.914944580078124,-0.25529274344444275,0.3105490803718567,0.2301517128944397
1789222390770938600,28.924938720703125,-0.4433577358722687,-0.24285978078842163,0.10553707927465439
1789222390780933600,28.93493359375,-0.3675162196159363,-0.6855999231338501,0.13880448043346405
1789222390790927600,28.944927734375,-0.005064799915999174,-0.10513494163751602,-0.2668285071849823
1789222390800921600,28.954921630859374,0.475056529045105,0.37464258074760437,-0.5659731030464172
1789222390810915600,28.96491552734375,0.6516907215118408,0.37082573771476746,-0.24173645675182343
1789222390820909800,28.974909912109375,0.4762254059314728,0.11476972699165344,0.12882588803768158
1789222390830903800,28.98490380859375,0.18263931572437286,0.05595487728714943,0.016023706644773483
1789222390840897800,28.994897705078124,-0.12133601307868958,0.07362867891788483,0.1161271408200264
1789222390850891500,29.0048916015625,-0.3116455078125,0.37446174025535583,-0.4364694654941559
1789222390860885500,29.014885498046876,-0.30610907077789307,0.054001182317733765,-0.484988808631897
1789222390870879700,29.024879638671877,-0.11955489218235016,-0.5412781834602356,0.19814983010292053
1789222390880873700,29.034873779296873,0.2715148627758026,-0.5399761199951172,0.11341657489538193
1789222390890867700,29.04486767578125,0.4396679103374481,0.04712489992380142,0.3601943850517273
1789222390900861700,29.05486181640625,0.304730087518692,0.6244997978210449,0.3654634654521942
1789222390910855700,29.064855712890626,0.08562968671321869,0.3885834217071533,0.006429137196391821
1789222390920850000,29.074849853515627,-0.1969631314277649,0.14469113945960999,-0.008791094645857811
1789222390930843600,29.08484375,-0.2768869996070862,0.18386037647724152,-0.5249391198158264
1789222390940837600,29.094837646484375,0.06303835660219193,-0.6356821656227112,-0.8030993938446045
1789222390950831600,29.10483154296875,0.47187966108322144,-0.9309936761856079,-0.37030428647994995
1789222390960825600,29.11482568359375,0.5213401317596436,0.8388928174972534,-0.2083580046892166
1789222390970819600,29.124819580078125,0.35307738184928894,1.5980130434036255,0.35169464349746704
1789222390980813800,29.134813720703125,0.22120721638202667,0.2421836107969284,0.6916969418525696
1789222390990807800,29.144807861328125,-0.01774597354233265,-0.6395445466041565,0.5008476376533508
1789222391000801800,29.1548017578125,-0.3491673171520233,-0.07805938273668289,0.37186676263809204
1789222391010795500,29.16479541015625,-0.40898510813713074,0.24512799084186554,-0.1774248480796814
1789222391020789500,29.17478955078125,-0.16083522140979767,-0.1541733294725418,-0.46247097849845886
1789222391030783700,29.18478369140625,0.23665861785411835,-0.13789315521717072,-0.6534374356269836
1789222391040777700,29.19477783203125,0.6137316226959229,0.13866306841373444,-0.8498711585998535
1789222391050771700,29.204771728515624,0.6392771601676941,0.20171847939491272,-0.16700683534145355
1789222391060766700,29.2147666015625,0.2908949553966522,0.2732749581336975,0.44228872656822205
1789222391070760700,29.2247607421875,-0.11672847718000412,0.2833472788333893,0.40840479731559753
1789222391080754700,29.234754638671873,-0.34445884823799133,0.08879750967025757,0.35789474844932556
1789222391090748700,29.244748779296874,-0.47828906774520874,0.2781301438808441,0.054068293422460556
1789222391100742700,29.25474267578125,-0.4838297963142395,-0.2193499356508255,0.09016584604978561
1789222391110736600,29.264736572265626,-0.29356396198272705,-0.8645449280738831,0.4022662043571472
1789222391120730600,29.274730712890626,0.07246115058660507,-0.15965144336223602,-0.030673224478960037
1789222391130724600,29.284724609375,0.400003582239151,0.47967445850372314,-0.030839405953884125
1789222391140718600,29.294718505859375,0.3627225458621979,0.8044842481613159,-0.19258037209510803
1789222391150712800,29.304712890625,0.10328005254268646,0.2220253348350525,-0.2467900812625885
1789222391160706800,29.314706787109376,-0.20702269673347473,-0.6824091672897339,0.14404451847076416
1789222391170700800,29.32470068359375,-0.3788975179195404,-0.6025074124336243,-0.016226906329393387
1789222391180694500,29.334694580078125,-0.42724961042404175,0.1521671712398529,0.20034001767635345
1789222391190688500,29.3446884765625,-0.29921308159828186,0.49248746037483215,0.3406694233417511
1789222391200682800,29.354682861328126,-0.06710340082645416,0.16940288245677948,0.21377353370189667
1789222391210676700,29.3646767578125,0.09194111078977585,-0.18214130401611328,0.39995166659355164
1789222391220670700,29.374670654296875,0.1103518083691597,0.02628752961754799,0.24345339834690094
1789222391230664700,29.384664794921875,-0.035224832594394684,0.1588066965341568,-0.1417131870985031
1789222391240658700,29.39465869140625,-0.14637506008148193,-0.28087881207466125,-0.29447585344314575
1789222391250652700,29.404652587890624,-0.12381621450185776,-0.5487675070762634,-0.24058464169502258
1789222391260647000,29.41464697265625,0.01571398228406906,-0.26659467816352844,-0.23667113482952118
1789222391270641000,29.424640869140624,0.13629525899887085,0.22540701925754547,0.14334890246391296
1789222391280635000,29.434634765625,0.10683723539113998,0.7963277697563171,0.3847133219242096
1789222391290628600,29.444628662109373,0.023910924792289734,0.6549317836761475,0.6082643866539001
1789222391300622600,29.45462255859375,-0.04934384673833847,0.22987954318523407,0.41712239384651184
1789222391310616800,29.464616943359374,-0.01673237420618534,-0.5195915102958679,0.05614609271287918
1789222391320610800,29.47461083984375,-0.03839213028550148,-1.036540150642395,0.01895797811448574
1789222391330604800,29.484604736328127,0.07508862763643265,-0.6590860486030579,-0.36451005935668945
1789222391340598800,29.494598876953123,0.22317902743816376,0.5691558718681335,-0.31658220291137695
1789222391350592800,29.5045927734375,0.23013946413993835,1.3655861616134644,-0.12482262402772903
1789222391360587000,29.5145869140625,0.14862781763076782,0.7202135324478149,-0.4354633092880249
1789222391370581800,29.524581787109376,0.04661916568875313,-0.8770217895507812,0.16984176635742188
1789222391380575700,29.53457568359375,0.023004917427897453,-1.1701977252960205,0.26867273449897766
1789222391390569700,29.54456982421875,0.05103601887822151,0.17611590027809143,-0.20367270708084106
1789222391400563700,29.554563720703126,-0.05859620124101639,0.8277365565299988,0.21588169038295746
1789222391410557700,29.5645576171875,-0.16922710835933685,0.6875999569892883,0.38687261939048767
1789222391420551700,29.5745517578125,-0.2585889399051666,0.5963488817214966,0.05798820033669472
1789222391430546000,29.5845458984375,-0.1586058884859085,-0.052026715129613876,-0.12317013740539551
1789222391440540000,29.594539794921875,0.11604271829128265,-0.9985588788986206,-0.31162527203559875
1789222391450534000,29.604533935546876,0.27340811491012573,-1.054707407951355,-0.5924135446548462
1789222391460527600,29.614527587890624,0.1975056231021881,-0.49910274147987366,-0.050873033702373505
1789222391470521600,29.624521484375,0.10854245722293854,0.5425876379013062,-0.11688507348299026
1789222391480515800,29.634515869140625,0.10063046962022781,0.8678123354911804,-0.2296302616596222
1789222391490509800,29.644509765625,-0.08935358375310898,0.8634580969810486,-0.06752551347017288
1789222391500503800,29.65450390625,-0.4081009328365326,0.5937749147415161,0.1273406445980072
1789222391510497800,29.664497802734374,-0.41175106167793274,-0.7119444608688354,0.37567535042762756
1789222391520491800,29.67449169921875,-0.046790942549705505,-1.6395775079727173,0.3782447576522827
1789222391530485800,29.68448583984375,0.1433129459619522,-0.4605841338634491,0.14925739169120789
1789222391540479700,29.694479736328127,0.15522314608097076,0.5060807466506958,0.0687985047698021
1789222391550473700,29.7044736328125,0.10643643140792847,0.746053159236908,-0.3109187185764313
1789222391560467700,29.7144677734375,0.022543391212821007,0.3719935417175293,-0.12208862602710724
1789222391570461700,29.724461669921876,-0.04749401658773422,0.024997495114803314,-0.3179287016391754
1789222391580455700,29.73445556640625,-0.05901538208127022,-0.37610945105552673,-0.6278924345970154
1789222391590450000,29.744449951171877,-0.026919765397906303,-0.7763394117355347,-0.006373477168381214
1789222391600444000,29.75444384765625,0.0874430313706398,0.0034237599465996027,0.13510775566101074
1789222391610438000,29.76443798828125,0.1256953477859497,1.1032568216323853,0.07877417653799057
1789222391620431600,29.774431640625,0.13956695795059204,0.6738522052764893,0.28089025616645813
1789222391630425600,29.784425537109374,0.010466489009559155,-0.2998961806297302,0.24164937436580658
1789222391640419800,29.794419921875,-0.13112126290798187,-0.7785881757736206,-0.11423176527023315
1789222391650413800,29.804413818359375,-0.24090954661369324,-0.5542706847190857,0.0995716005563736
1789222391660407800,29.81440771484375,-0.15601782500743866,-0.07539568841457367,-0.27066770195961
1789222391670401800,29.82440185546875,0.09515980631113052,-0.14475159347057343,-0.37922534346580505
1789222391680395800,29.834395751953124,0.19640280306339264,0.1211615800857544,0.07390378415584564
1789222391690389800,29.8443896484375,0.27890753746032715,0.5719071626663208,-0.0621214285492897
1789222391700383700,29.8543837890625,0.3171073794364929,0.05457562580704689,0.2774880528450012
1789222391710379000,29.86437890625,0.039329830557107925,0.05035291984677315,0.6103382110595703
1789222391720372700,29.874372802734374,-0.1747201383113861,-0.01293177716434002,0.2730107605457306
1789222391730366700,29.88436669921875,-0.1519881933927536,-0.42926907539367676,0.13675092160701752
1789222391740360700,29.894360595703127,-0.018128138035535812,0.017853032797574997,-0.2368634045124054
1789222391750354700,29.904354736328123,0.07734512537717819,0.6663793325424194,-0.1698545515537262
1789222391760348700,29.9143486328125,0.1299460083246231,0.30762094259262085,0.3219418227672577
1789222391770343000,29.924343017578124,0.17975911498069763,-0.03826482966542244,-0.056242767721414566
1789222391780337000,29.9343369140625,0.25168177485466003,-0.3974333703517914,-0.15477173030376434
1789222391790331000,29.944330810546877,0.25403892993927,-0.750397801399231,0.22949764132499695
1789222391800324600,29.95432470703125,0.2789815664291382,-0.5798479318618774,-0.38247865438461304
1789222391810318600,29.964318603515625,0.24038571119308472,-0.028301944956183434,-0.30551570653915405
1789222391820312800,29.974312744140626,0.046481747180223465,0.931647002696991,0.46619993448257446
1789222391830306800,29.984306884765626,-0.035113513469696045,1.5056487321853638,-0.07980161905288696
1789222391840300800,29.99430078125,-0.07771716266870499,0.3599781394004822,0.3510664105415344
1789222391850294800,30.004294677734375,-0.12134187668561935,-0.4577643573284149,0.4190041720867157
1789222391860288800,30.014288818359375,-0.04849323257803917,-0.6007415056228638,0.08958820253610611
1789222391870283000,30.024282958984376,0.16303366422653198,-0.5302095413208008,0.015577361918985844
1789222391880276700,30.03427685546875,0.3620056211948395,0.16667313873767853,-0.3952522575855255
1789222391890270700,30.044270751953125,0.45529136061668396,0.7649937868118286,-0.7644926309585571
1789222391900264700,30.0542646484375,0.4213014245033264,0.48364388942718506,-0.30934906005859375
1789222391910258700,30.0642587890625,0.26013731956481934,0.029622074216604233,-0.02094735950231552
1789222391920252700,30.074252685546874,-0.014195714145898819,-0.08441341668367386,0.39108893275260925
1789222391930247000,30.084246826171874,-0.2615242898464203,0.05697513371706009,0.8120537400245667
1789222391940241000,30.094240966796875,-0.3109440207481384,0.07878003269433975,0.3194240629673004
1789222391950234600,30.104234619140627,-0.2600877583026886,-0.02255590818822384,0.005339371506124735
1789222391960228600,30.114228515625,-0.10312159359455109,0.31629058718681335,-0.40124621987342834
1789222391970222600,30.12422265625,0.2680644690990448,-0.06065509095788002,-0.7407976388931274
1789222391980216800,30.134216796875,0.6186233162879944,-0.8094661831855774,-0.6011431217193604
1789222391990210800,30.1442109375,0.6153987050056458,-0.09317415207624435,-0.5412262082099915
1789222392000204800,30.154204833984377,0.37442952394485474,0.3326250910758972,0.1450916826725006
1789222392010198800,30.16419873046875,0.07854274660348892,0.2179989069700241,0.3710888624191284
1789222392020192800,30.17419287109375,-0.28655773401260376,0.6807684302330017,0.016207732260227203
1789222392030186800,30.184186767578126,-0.5021666884422302,0.43471789360046387,0.35641083121299744
1789222392040180700,30.1941806640625,-0.4174632728099823,-0.17515237629413605,0.17548394203186035
1789222392050174700,30.2041748046875,-0.1520736813545227,-0.26014742255210876,-0.1884833574295044
1789222392060168700,30.214168701171875,0.2129863053560257,-0.15634647011756897,-0.39105725288391113
1789222392070162700,30.22416259765625,0.5024141073226929,-0.34524261951446533,-0.3160996437072754
1789222392080157700,30.23415771484375,0.47641873359680176,0.15091894567012787,-0.3693159818649292
1789222392090151700,30.244151611328125,0.20706850290298462,0.5951334238052368,-0.32381534576416016
1789222392100146000,30.25414599609375,-0.14039519429206848,0.3097296357154846,0.07742182165384293
1789222392110140000,30.264139892578125,-0.4017210602760315,-0.1481734812259674,0.2844541072845459
1789222392120134000,30.2741337890625,-0.39093953371047974,-0.4199669063091278,0.2211984246969223
1789222392130127600,30.284127685546874,-0.20137758553028107,-0.18438901007175446,0.2529140114784241
1789222392140121600,30.29412158203125,-0.024659540504217148,0.5159227252006531,0.1490832269191742
1789222392150115800,30.30411572265625,0.11520062386989594,0.8079311847686768,-0.028843631967902184
1789222392160109800,30.31410986328125,0.20101220905780792,0.019277557730674744,0.011995144188404083
1789222392170103800,30.324103759765624,0.04972068592905998,-0.48943760991096497,-0.016947558149695396
1789222392180097800,30.334097900390624,-0.1955742985010147,-0.4224780201911926,0.08982469141483307
1789222392190091800,30.344091796875,-0.2859835624694824,-0.27887263894081116,0.05615807697176933
1789222392200085800,30.354085693359377,-0.32831448316574097,0.06189345940947533,-0.011147193610668182
1789222392210079700,30.364079833984373,-0.3776407539844513,0.42341411113739014,0.06348922848701477
1789222392220073700,30.37407373046875,-0.386028915643692,0.17346179485321045,0.4268040657043457
1789222392230067700,30.384067626953126,-0.25881558656692505,-0.5710265040397644,0.39291611313819885
1789222392240061700,30.394061767578126,-0.054127417504787445,-0.7483458518981934,0.23692120611667633
1789222392250055700,30.4040556640625,0.13645291328430176,-0.06261757761240005,0.1699134111404419
1789222392260050000,30.4140498046875,0.2320241779088974,0.6769704818725586,-0.4576306641101837
1789222392270044000,30.4240439453125,0.10095058381557465,0.30147382616996765,-0.1809745728969574
1789222392280038000,30.434037841796876,-0.23052029311656952,0.1273196041584015,0.42487645149230957
1789222392290031600,30.444031494140624,-0.46482333540916443,0.10847321152687073,0.28865817189216614
1789222392300025600,30.454025634765625,-0.3279901146888733,-0.8501385450363159,0.22850081324577332
1789222392310019800,30.464019775390625,-0.20295684039592743,-0.6618650555610657,0.25447994470596313
1789222392320013800,30.474013916015625,-0.08345920592546463,0.6489015817642212,-0.38919809460639954
1789222392330007800,30.4840078125,-0.0038488004356622696,0.9676968455314636,-0.24453836679458618
1789222392340001800,30.494001708984374,0.024644093587994576,0.3012019097805023,-0.11829201877117157
1789222392349995800,30.503995849609375,0.051233891397714615,-0.5439583659172058,-0.3623339831829071
1789222392359989800,30.51398974609375,0.07600688189268112,-1.1796663999557495,0.034445591270923615
1789222392369983700,30.523983642578123,0.05392315238714218,-0.6113275289535522,0.025054752826690674
1789222392379977700,30.533977783203124,-0.044612474739551544,0.39061570167541504,0.14171132445335388
1789222392389971700,30.5439716796875,-0.16988490521907806,1.2949532270431519,0.17310546338558197
1789222392399965700,30.553965576171876,-0.20830632746219635,1.2237454652786255,0.33990564942359924
1789222392409959700,30.563959716796877,-0.17077919840812683,0.1551738679409027,0.43190905451774597
1789222392419954000,30.573953857421873,-0.05739298462867737,-0.7880895733833313,-0.2655546963214874
1789222392429948000,30.583947998046874,0.0944407507777214,-1.3562771081924438,-0.25925207138061523
1789222392439942000,30.59394189453125,0.24685931205749512,-0.5643400549888611,-0.6045389175415039
1789222392449935600,30.603935546875,0.3653867542743683,0.5008561611175537,-0.8067343235015869
1789222392459929600,30.6139296875,0.3186373710632324,0.7131615281105042,-0.3199063539505005
1789222392469923800,30.623923828125,0.12124866247177124,0.35257774591445923,0.043059851974248886
1789222392479917800,30.633917724609375,-0.08504032343626022,-0.21614748239517212,0.14371003210544586
1789222392489911800,30.643911865234376,-0.24692296981811523,-0.40933796763420105,0.3531082570552826
1789222392499905800,30.65390576171875,-0.4383981227874756,0.03859266638755798,0.6004879474639893
1789222392509900800,30.66390087890625,-0.5063042044639587,0.29040732979774475,0.5761319994926453
1789222392519894800,30.673894775390625,-0.4547451436519623,0.5797384977340698,0.11007244139909744
1789222392529888800,30.683888671875,-0.30410078167915344,0.6109435558319092,-0.3100326955318451
1789222392539882800,30.6938828125,-0.10196445137262344,-0.07430938631296158,-0.7865049839019775
1789222392549876700,30.703876708984374,0.04516987502574921,-1.1754511594772339,-0.9837871193885803
1789222392559870700,30.71387060546875,-0.0036938043776899576,-1.5361824035644531,-0.3919834792613983
1789222392569864700,30.72386474609375,-0.15108352899551392,-0.5955488681793213,-0.057980477809906006
1789222392579858700,30.733858642578124,-0.19438572227954865,0.30660760402679443,0.12201672047376633
1789222392589853000,30.74385302734375,-0.33825448155403137,0.8869178295135498,0.432876855134964
1789222392599847000,30.753846923828124,-0.6039644479751587,1.131352424621582,0.0887405201792717
1789222392609841000,30.7638408203125,-0.7277116775512695,0.07410405576229095,0.16158756613731384
1789222392619834600,30.773834716796873,-0.5206711292266846,-1.3255852460861206,0.494213730096817
1789222392629828600,30.78382861328125,-0.3102918267250061,-0.6534497141838074,0.12182363867759705
1789222392639822800,30.79382275390625,-0.1846923530101776,0.538556694984436,-0.2026982456445694
1789222392649816800,30.80381689453125,-0.11832743883132935,0.4047940969467163,-0.07454826682806015
1789222392659810800,30.813810791015626,-0.10274022817611694,-0.33906885981559753,-0.16496312618255615
1789222392669804800,30.8238046875,-0.11243519932031631,-0.7284728288650513,-0.19048579037189484
1789222392679798800,30.833798828125,-0.20526526868343353,-0.37931910157203674,-0.14183063805103302
1789222392689792800,30.843792724609376,-0.3403192162513733,0.016757141798734665,-0.07380817830562592
1789222392699786800,30.853786865234376,-0.35520869493484497,0.21899253129959106,-0.19828219711780548
1789222392709780700,30.86378076171875,-0.2037336826324463,0.08303896337747574,-0.08852400630712509
1789222392719774700,30.873774658203125,-0.13446912169456482,0.06244633346796036,0.045832470059394836
1789222392729768700,30.883768798828125,-0.16656102240085602,-0.18473629653453827,-0.06072033941745758
1789222392739762700,30.8937626953125,-0.1647239625453949,-0.8667002320289612,0.11352603137493134
1789222392749757000,30.9037568359375,-0.10778798162937164,-0.7389949560165405,0.19957409799098969
1789222392759751000,30.9137509765625,-0.1369040608406067,0.46334636211395264,-0.13244006037712097
1789222392769745000,30.923744873046875,-0.15685538947582245,0.6377533078193665,-0.3457512855529785
1789222392779738600,30.933738525390623,-0.2630007266998291,0.16790831089019775,-0.15113386511802673
1789222392789732600,30.943732666015624,-0.30930885672569275,-0.21148188412189484,0.0809883251786232
1789222392799726800,30.953726806640624,-0.10140891373157501,-0.8452865481376648,0.2771035134792328
1789222392809720800,30.963720947265625,0.12592437863349915,-0.8280031681060791,0.14217285811901093
1789222392819714800,30.97371484375,0.17185857892036438,-0.027711788192391396,0.08285760134458542
1789222392829708800,30.983708740234373,0.0736401304602623,0.7328034043312073,-0.03039412386715412
1789222392839702800,30.993702880859374,0.0037734329234808683,0.42589271068573,-0.1849868893623352
1789222392849696800,31.00369677734375,-0.06433877348899841,-0.39385807514190674,0.12545326352119446
1789222392859690800,31.013690673828126,-0.046725958585739136,-0.6568313837051392,0.11419607698917389
1789222392869684700,31.023684814453127,-0.0608883835375309,-0.31143859028816223,0.22916261851787567
1789222392879678700,31.0336787109375,-0.021450430154800415,-0.1542564183473587,0.27374711632728577
1789222392889672700,31.043672607421875,0.10921863466501236,0.0720430314540863,-0.10258390009403229
1789222392899666700,31.053666748046876,0.2136148065328598,0.37793585658073425,-0.21008612215518951
1789222392909661000,31.063660888671876,0.38247787952423096,0.184644415974617,-0.522346019744873
1789222392919655000,31.073655029296877,0.41729629039764404,-0.25971201062202454,-0.3797209560871124
1789222392929649000,31.08364892578125,0.25721821188926697,-0.35403236746788025,0.16142377257347107
1789222392939642600,31.093642578125,0.09715291112661362,-0.1317918449640274,0.34286999702453613
1789222392949636600,31.10363671875,0.07327421009540558,0.05121977627277374,0.40262842178344727
1789222392959630800,31.113630859375,0.0781635120511055,0.3994688391685486,0.49915599822998047
1789222392969624800,31.123624755859375,0.04375200718641281,0.449201762676239,0.5353392958641052
1789222392979618800,31.133618896484375,0.03738811984658241,-0.2981150448322296,0.565833330154419
1789222392989612800,31.14361279296875,0.060997575521469116,-0.587346613407135,0.2720131278038025
1789222392999606800,31.153606689453124,0.0770505741238594,0.1601145714521408,-0.1339109241962433
1789222393009600800,31.163600830078124,0.24111567437648773,0.5234498977661133,-0.6780674457550049
1789222393019594800,31.1735947265625,0.4417252242565155,-0.13428376615047455,-0.6300773024559021
1789222393029588700,31.183588623046877,0.359651118516922,-0.17114537954330444,-0.40766310691833496
1789222393039583700,31.193583740234374,0.24202461540699005,-0.353337824344635,0.09538936614990234
1789222393049577700,31.20357763671875,0.15776459872722626,-0.47246289253234863,0.6402316689491272
1789222393059571700,31.21357177734375,-0.062247395515441895,0.31634411215782166,0.7316036224365234
1789222393069565700,31.223565673828126,-0.30299314856529236,0.8293378949165344,0.5983155965805054
1789222393079559700,31.2335595703125,-0.3518645763397217,0.4952622056007385,0.0020034960471093655
1789222393089554000,31.243553955078124,-0.12648816406726837,-0.5212815403938293,-0.31851911544799805
1789222393099548000,31.2535478515625,0.10761461406946182,-0.5688810348510742,-0.653857946395874
1789222393109541600,31.263541748046876,0.3236590325832367,-0.5406901240348816,-0.8148561716079712
1789222393119535600,31.27353564453125,0.438327819108963,-0.7736786603927612,-0.3549668788909912
1789222393129529600,31.283529541015625,0.383672297000885,-0.06766612827777863,0.03933915123343468
1789222393139523800,31.29352392578125,0.15814515948295593,1.1909313201904297,0.06989892572164536
1789222393149517800,31.303517822265626,-0.20506232976913452,1.2245880365371704,0.37258023023605347
1789222393159511800,31.31351171875,-0.495231568813324,0.16674238443374634,0.39811620116233826
1789222393169505800,31.323505859375,-0.6098106503486633,-0.9059394598007202,0.6351791024208069
1789222393179499800,31.333499755859375,-0.42862963676452637,-0.9324427247047424,0.21737971901893616
1789222393189493800,31.34349365234375,0.01606765016913414,-0.19873839616775513,-0.4704010784626007
1789222393199487700,31.35348779296875,0.46408936381340027,0.16008740663528442,-0.5397324562072754
1789222393209481700,31.363481689453124,0.6429621577262878,0.08725208044052124,-0.3376944065093994
1789222393219476000,31.37347607421875,0.4261728823184967,0.022547386586666107,0.041127730160951614
1789222393229470000,31.383469970703125,0.03293691202998161,-0.15679387748241425,0.29914382100105286
1789222393239464000,31.3934638671875,-0.286050409078598,-0.3376496732234955,0.2120227813720703
1789222393249458200,31.403458251953126,-0.38434261083602905,-0.128012552857399,-0.09120820462703705
1789222393259452200,31.4134521484375,-0.22357343137264252,0.07980561256408691,-0.0995713323354721
1789222393269446100,31.423446044921874,0.053473878651857376,0.08935118466615677,-0.07162784785032272
1789222393279440000,31.43343994140625,0.31730204820632935,-0.39936017990112305,0.264313668012619
1789222393289433900,31.443433837890623,0.40906447172164917,-0.18790385127067566,0.4271606504917145
1789222393299428000,31.453427978515624,0.3553445041179657,0.3207833468914032,0.16002215445041656
1789222393309422000,31.463422119140624,0.1970912367105484,0.022421419620513916,0.0034232272300869226
1789222393319416000,31.473416015625,-0.0030306773260235786,-0.3167300224304199,-0.30622729659080505
1789222393329410000,31.48341015625,-0.06291452050209045,-0.18420445919036865,-0.5397322177886963
1789222393339404000,31.493404052734373,0.11249032616615295,-0.05799033120274544,-0.3516688346862793
1789222393349398000,31.50339794921875,0.39106202125549316,-0.06704481691122055,0.018737202510237694
1789222393359392000,31.51339208984375,0.5225455164909363,0.03723232448101044,0.42826879024505615
1789222393369386000,31.523385986328126,0.4337612986564636,0.5279043316841125,0.4420967102050781
1789222393379380000,31.5333798828125,0.32570967078208923,0.5036681890487671,0.32177644968032837
1789222393389374000,31.5433740234375,0.11242374777793884,0.17824962735176086,0.3290756344795227
1789222393399368000,31.553367919921875,-0.11092864722013474,0.212796151638031,-0.27131912112236023
1789222393409362200,31.563362060546876,-0.059417787939310074,-0.23063454031944275,-0.33774101734161377
1789222393419356200,31.573356201171876,0.16375510394573212,-0.7635692954063416,0.14250148832798004
1789222393429350100,31.58335009765625,0.41159552335739136,-0.14713804423809052,-0.3766807019710541
1789222393439343900,31.59334375,0.5704171657562256,0.38152605295181274,-0.22248393297195435
1789222393449337900,31.603337890625,0.5906590223312378,0.1989903301000595,0.1878761649131775
1789222393459332000,31.61333203125,0.3904329836368561,0.18913529813289642,0.0474277026951313
1789222393469326000,31.623326171875,0.027126692235469818,0.34835079312324524,0.3966964781284332
1789222393479320000,31.633320068359374,-0.1184973493218422,0.08972668647766113,0.2586195766925812
1789222393489314000,31.64331396484375,0.0065622953698039055,-0.3708398640155792,-0.08092866837978363
1789222393499308000,31.65330810546875,0.15049070119857788,-0.0755339041352272,0.2156958132982254
1789222393509302000,31.663302001953124,0.287551611661911,0.5966055989265442,0.20213179290294647
1789222393519296000,31.6732958984375,0.3851202428340912,0.236405611038208,0.3587530851364136
1789222393529290000,31.6832900390625,0.4082202613353729,0.0007771103992126882,-0.08049777150154114
1789222393539284000,31.693283935546877,0.42211583256721497,-0.04613500460982323,-0.6033921241760254
1789222393549278000,31.70327783203125,0.5052804946899414,-0.741869330406189,-0.7479386925697327
1789222393559272000,31.71327197265625,0.4834841191768646,-0.5636902451515198,-0.8968772888183594
1789222393569266200,31.72326611328125,0.2892552316188812,0.3567253649234772,-0.007517038378864527
1789222393579260200,31.73326025390625,0.25704139471054077,0.7996767163276672,0.40699172019958496
1789222393589254000,31.74325390625,0.3724907338619232,0.19415642321109772,0.6763409376144409
1789222393599248000,31.753247802734375,0.27142032980918884,0.05384219437837601,0.8358621597290039
1789222393609241900,31.763241943359375,0.1493562012910843,0.24729101359844208,0.23109926283359528
1789222393619236000,31.773236083984376,0.13727129995822906,0.30162882804870605,-0.20516780018806458
1789222393629230000,31.78322998046875,0.2600507438182831,0.5380509495735168,-0.5835223197937012
1789222393639224000,31.79322412109375,0.4388236999511719,0.8028911352157593,-1.0134334564208984
1789222393649218000,31.803218017578125,0.6466479897499084,-0.051658932119607925,-0.4556221067905426
1789222393659212000,31.8132119140625,0.7425960898399353,-0.7138217091560364,0.0899309515953064
1789222393669206000,31.8232060546875,0.6267720460891724,-0.2706170976161957,0.3078691363334656
1789222393679200000,31.833199951171874,0.3230201303958893,0.5793669819831848,0.5849665403366089
1789222393689194000,31.843194091796875,-0.03919267654418945,1.2162723541259766,0.3568095266819
1789222393699188000,31.85318798828125,-0.31066545844078064,1.0592291355133057,0.1592423915863037
1789222393709182000,31.863181884765623,-0.2904909551143646,0.27284032106399536,-0.1672835350036621
1789222393719176000,31.873176025390624,0.09008888155221939,-0.6926029920578003,-0.5764909982681274
1789222393729170200,31.883170166015624,0.6009204387664795,-0.9605622291564941,-0.4902653098106384
1789222393739164200,31.8931640625,0.835862934589386,-0.11539903283119202,-0.10912621766328812
1789222393749158000,31.903157958984377,0.7112818360328674,0.8059625625610352,0.21624362468719482
1789222393759151900,31.91315185546875,0.2509289085865021,1.293652892112732,0.33075475692749023
1789222393769147000,31.92314697265625,-0.3149760663509369,0.94017493724823,0.2121383547782898
1789222393779140000,31.93314013671875,-0.7150962948799133,-0.07674457877874374,-0.009813481941819191
1789222393789135000,31.943135009765626,-0.8188133835792542,-0.7803844809532166,0.004444549325853586
1789222393799128000,31.953128173828127,-0.5450752973556519,-0.5983731150627136,-0.08580704778432846
1789222393809123000,31.963123046875,0.010045710019767284,0.012145612388849258,-0.18317009508609772
1789222393819117000,31.973116943359376,0.5380237698554993,0.4422410726547241,-0.25147485733032227
1789222393829111000,31.983111083984376,0.5914111137390137,0.8022029995918274,-0.2236352264881134
1789222393839105000,31.99310498046875,0.2202644646167755,0.3773563504219055,-0.05287732928991318
1789222393849099000,32.00309912109375,-0.284333735704422,-0.5412145256996155,-0.005792907904833555
1789222393859093000,32.01309301757812,-0.6895832419395447,-0.7767940163612366,0.199795663356781
1789222393869087000,32.0230869140625,-0.906170666217804,0.13084270060062408,0.16120220720767975
1789222393879081000,32.0330810546875,-0.8647392988204956,0.7533795237541199,-0.10437487810850143
1789222393889075000,32.043074951171874,-0.655947744846344,0.45728394389152527,0.013196229003369808
1789222393899069200,32.05306909179688,-0.3762279748916626,-0.0991542786359787,0.15888231992721558
1789222393909063200,32.063063232421875,-0.13710112869739532,-0.6341322064399719,0.07080839574337006
1789222393919057200,32.07305712890625,-0.13090582191944122,-0.6436468958854675,-0.04141375422477722
1789222393929051000,32.08305078125,-0.3376784324645996,-0.14857536554336548,-0.2432936131954193
1789222393939044900,32.093044921875,-0.632188081741333,0.05302247032523155,-0.13463769853115082
1789222393949039000,32.1030390625,-0.9478978514671326,0.05426430329680443,0.034436535090208054
1789222393959033000,32.113033203125,-1.0646116733551025,-0.116643525660038,-0.08764596283435822
1789222393969027000,32.123027099609374,-0.8586385250091553,-0.601325273513794,0.1825610250234604
1789222393979021000,32.13302099609375,-0.5774039626121521,-0.43273624777793884,0.4091757833957672
1789222393989015000,32.14301513671875,-0.3920828104019165,-0.028017519041895866,0.23998036980628967
1789222393999009000,32.153009033203126,-0.30696260929107666,-0.3477015197277069,0.16077636182308197
1789222394009003000,32.1630029296875,-0.32791128754615784,-0.5193094611167908,-0.14318858087062836
1789222394018997000,32.1729970703125,-0.39544054865837097,-0.3063948154449463,-0.533555805683136
1789222394028991000,32.18299096679687,-0.5012218356132507,-0.08056514710187912,-0.5488561987876892
1789222394038985000,32.19298486328125,-0.5743905901908875,-0.21635466814041138,-0.09179356694221497
1789222394048979000,32.20297900390625,-0.6101552248001099,-0.21192477643489838,0.3383905589580536
1789222394058973200,32.21297314453125,-0.5414994955062866,-0.17523519694805145,0.6836307644844055
1789222394068967200,32.22296728515625,-0.5264052152633667,0.09030992537736893,0.8654496073722839
1789222394078961200,32.232961181640626,-0.4486430287361145,-0.06234033778309822,0.35512667894363403
1789222394088955000,32.24295483398438,-0.1944405883550644,-0.7961602807044983,-0.2687707543373108
1789222394098948900,32.252948974609374,0.06754016131162643,-0.7979214191436768,-0.4049552083015442
1789222394108943000,32.26294311523438,0.12444818764925003,0.5373087525367737,-0.7049003839492798
1789222394118937000,32.27293701171875,0.05345044285058975,0.7737793326377869,-0.26851773262023926
1789222394128931000,32.28293115234375,0.004811266902834177,-0.17813165485858917,0.3098981976509094
1789222394138925000,32.292925048828124,0.05072629451751709,-0.9363996386528015,0.5224112868309021
1789222394148919000,32.3029189453125,0.06612229347229004,-0.5566344857215881,0.48740535974502563
1789222394158913000,32.3129130859375,0.07115539908409119,0.39243409037590027,0.227217435836792
1789222394168907000,32.32290698242188,0.08646272122859955,0.7852681875228882,0.14984887838363647
1789222394178901000,32.33290087890625,0.20300345122814178,0.42421838641166687,-0.2624742388725281
1789222394188895000,32.34289501953125,0.3611946702003479,-0.3170437216758728,-0.45750150084495544
1789222394198889000,32.35288891601562,0.3776700496673584,-0.6783404350280762,-0.07044034451246262
1789222394208883000,32.36288305664063,0.39763206243515015,-0.6012959480285645,-0.2534085512161255
1789222394218877700,32.372877685546875,0.4928877353668213,-0.5435594320297241,-0.13117453455924988
1789222394228871700,32.38287158203125,0.3682059943675995,0.5174729824066162,0.0594332329928875
1789222394238865700,32.39286572265625,0.19305174052715302,1.3434473276138306,-0.1359168291091919
1789222394248859600,32.40285961914063,0.23168888688087463,0.40984877943992615,0.05319291353225708
1789222394258853600,32.412853515625,0.3795124292373657,-0.5731759071350098,0.1827935129404068
1789222394268847600,32.42284765625,0.36267220973968506,0.05878155678510666,-0.2731420695781708
1789222394278841900,32.432841796875,0.34602051973342896,0.0536230131983757,-0.13919277489185333
1789222394288835800,32.4428359375,0.4215847849845886,-0.5245415568351746,0.10566624253988266
1789222394298829800,32.452829833984374,0.40385106205940247,0.044199153780937195,-0.11854848265647888
1789222394308823600,32.462823486328126,0.280192494392395,0.8474457859992981,-0.24495382606983185
1789222394318817500,32.47281762695312,0.11831972002983093,0.6252156496047974,0.06108972057700157
1789222394328811500,32.4828115234375,0.04791026934981346,-0.09475074708461761,-0.05378227308392525
1789222394338805800,32.4928056640625,0.1025434210896492,-0.3845815062522888,-0.28778010606765747
1789222394348799700,32.5027998046875,0.039635561406612396,0.2441604733467102,-0.027102457359433174
1789222394358793700,32.51279370117187,-0.03159813955426216,0.409820020198822,0.22402776777744293
1789222394368787700,32.52278759765625,0.03459366410970688,-0.07594642788171768,-0.04447239264845848
1789222394378781700,32.53278173828125,0.10524147003889084,-0.09090327471494675,-0.19820202887058258
1789222394388775700,32.542775634765626,-0.03596865385770798,0.5276241302490234,-0.09560588747262955
1789222394398769700,32.55276977539062,-0.19004477560520172,0.19554419815540314,-0.028382105752825737
1789222394408763600,32.562763671875,-0.25100746750831604,-0.7024558782577515,0.14821051061153412
1789222394418757600,32.57275756835938,-0.2420738786458969,-0.5000545382499695,0.17479310929775238
1789222394428751600,32.582751708984375,-0.21258816123008728,0.3748404383659363,-0.08606164902448654
1789222394438745900,32.59274584960937,-0.14257578551769257,0.29797470569610596,-0.28326499462127686
1789222394448739800,32.60273974609375,-0.06861847639083862,-0.2782697081565857,-0.21833740174770355
1789222394458733800,32.61273388671875,0.029572272673249245,-0.42654547095298767,-0.2689704895019531
1789222394468727600,32.6227275390625,0.17807891964912415,-0.4812403917312622,-0.12403619289398193
1789222394478721500,32.63272143554688,0.1520441323518753,-0.15372484922409058,0.26062706112861633
1789222394488715800,32.6427158203125,-0.06548366695642471,0.4979517459869385,0.3524262309074402
1789222394498709800,32.65270971679688,-0.23405377566814423,0.620902419090271,0.3153257369995117
1789222394508703700,32.662703857421874,-0.30588269233703613,0.2713913023471832,0.4233779013156891
1789222394518697700,32.67269775390625,-0.33523446321487427,0.04012051969766617,0.29693126678466797
1789222394528691700,32.68269165039062,-0.2231670320034027,-0.500314474105835,0.12706340849399567
1789222394538685700,32.69268579101563,0.05914374813437462,-0.8145552277565002,-0.19764544069766998
1789222394548679700,32.7026796875,0.3151760697364807,-0.36232733726501465,-0.2432134449481964
1789222394558673700,32.712673583984376,0.3942173421382904,0.5409524440765381,-0.25144580006599426
1789222394568667600,32.72266772460937,0.30642783641815186,0.7175953984260559,-0.1804904192686081
1789222394578661600,32.73266162109375,0.034320421516895294,0.31822696328163147,0.12364204972982407
1789222394588655600,32.74265551757812,-0.3335851728916168,0.07375757396221161,0.5533060431480408
1789222394598649900,32.75264990234375,-0.4729289412498474,-0.4153282344341278,0.5724400877952576
1789222394608643800,32.76264379882812,-0.2730421721935272,-0.9474802613258362,0.37968501448631287
1789222394618637800,32.772637939453126,0.016281235963106155,-0.29661303758621216,-0.1660049557685852
1789222394628631600,32.78263159179688,0.19629999995231628,0.6559147238731384,-0.4576232135295868
1789222394638625500,32.79262548828125,0.3218030631542206,0.6699826121330261,-0.6575613617897034
1789222394648619800,32.80261987304687,0.41441503167152405,-0.2481064796447754,-0.6136711239814758
1789222394658613800,32.81261376953125,0.35065653920173645,-0.7602379322052002,-0.1913776844739914
1789222394668607700,32.82260766601563,0.12724104523658752,-0.3434961140155792,0.21726280450820923
1789222394678601700,32.832601806640625,-0.14874286949634552,0.2600869834423065,0.7229275703430176
1789222394688595700,32.842595703125,-0.2888195514678955,0.782070517539978,0.7138209342956543
1789222394698589700,32.852589599609374,-0.27327123284339905,0.8705639243125916,0.5039845705032349
1789222394708583700,32.86258374023438,-0.17610791325569153,0.4034308195114136,0.19713090360164642
1789222394718577700,32.87257763671875,-0.04711771011352539,-0.40545108914375305,-0.04248594120144844
1789222394728571600,32.88257153320313,0.13548246026039124,-0.8443882465362549,-0.3701053559780121
1789222394738565600,32.89256567382812,0.4202633202075958,-0.8736553192138672,-0.7243539690971375
1789222394748559600,32.9025595703125,0.5554778575897217,-0.46494823694229126,-0.5310252904891968
1789222394758553900,32.912553955078124,0.35264912247657776,0.4802260100841522,-0.106574647128582
1789222394768547800,32.9225478515625,0.022911440581083298,0.8546800017356873,0.2868046164512634
1789222394778541800,32.93254174804687,-0.2077776938676834,0.3381434381008148,0.49609842896461487
1789222394788535600,32.94253564453125,-0.40293681621551514,0.20599177479743958,0.34090831875801086
1789222394798529500,32.95252954101562,-0.4759838581085205,0.18416504561901093,-0.03291693702340126
1789222394808523800,32.962523681640626,-0.30509066581726074,-0.6319534778594971,0.10232850164175034
1789222394818517800,32.97251782226562,-0.002115348819643259,-0.6281395554542542,-0.006485063582658768
1789222394828511700,32.98251171875,0.27315589785575867,0.045571211725473404,-0.29934489727020264
1789222394838505700,32.99250561523438,0.3997229039669037,0.07653525471687317,-0.37780696153640747
1789222394848499700,33.002499755859375,0.39289695024490356,-0.39794817566871643,-0.37021082639694214
1789222394858493700,33.01249365234375,0.25193023681640625,-0.4238673746585846,-0.1915273517370224
1789222394868487700,33.02248779296875,-0.09227293729782104,0.44467732310295105,0.07725031673908234
1789222394878481700,33.03248168945313,-0.3416377604007721,0.7429572343826294,0.32880133390426636
1789222394888475600,33.0424755859375,-0.3438612222671509,0.2589205205440521,0.388196736574173
1789222394898469600,33.0524697265625,-0.11974024772644043,-0.17385408282279968,0.3445320725440979
1789222394908463600,33.062463623046874,0.09637527167797089,-0.11126420646905899,0.32397034764289856
1789222394918457900,33.07245776367188,0.2945661246776581,-0.15028883516788483,-0.21020330488681793
1789222394928451800,33.082451904296875,0.3961428105831146,-0.4238937497138977,-0.2606925666332245
1789222394938445600,33.09244555664063,0.31735584139823914,-0.10977549850940704,-0.06478378921747208
1789222394948439600,33.102439453125,0.2602856457233429,0.15812864899635315,-0.43588942289352417
1789222394958433500,33.11243359375,0.23722825944423676,-0.20709405839443207,-0.2387462705373764
1789222394968427800,33.122427734375,0.12695714831352234,-0.0051657333970069885,-0.03254888951778412
1789222394978421800,33.132421875,-0.011257448233664036,0.2971174418926239,0.16292260587215424
1789222394988415700,33.14241577148437,-0.05342833697795868,0.11210150271654129,0.3142000138759613
1789222394998409700,33.15240966796875,0.06554092466831207,0.07379965484142303,-0.041898179799318314
1789222395008403700,33.16240380859375,0.2050333023071289,0.14012035727500916,-0.08020908385515213
1789222395018397700,33.172397705078126,0.2545952796936035,0.21337832510471344,-0.184082493185997
1789222395028391700,33.1823916015625,0.30701425671577454,-0.16219663619995117,-0.45850151777267456
1789222395038385700,33.1923857421875,0.34692227840423584,-0.5608997941017151,-0.16458575427532196
1789222395048379600,33.20237963867187,0.24795733392238617,0.13565397262573242,-0.08557668328285217
1789222395058373600,33.21237353515625,0.0601126067340374,0.666325569152832,-0.04104463756084442
1789222395068367600,33.22236767578125,-0.08611571043729782,0.15748895704746246,0.3225383758544922
1789222395078361900,33.23236181640625,-0.19625845551490784,-0.03452202305197716,0.22436705231666565
1789222395088355800,33.24235595703125,-0.17554013431072235,0.018983544781804085,-0.06716252863407135
1789222395098349600,33.252349609375,-0.0764034315943718,-0.02574903890490532,-0.12379917502403259
1789222395108343600,33.26234350585938,0.04602528363466263,-0.21953874826431274,-0.07340231537818909
1789222395118337500,33.272337646484374,0.1561208963394165,-0.1198401153087616,0.06988081336021423
1789222395128331800,33.28233178710938,0.2507813572883606,0.23792999982833862,-0.11527492851018906
1789222395138325800,33.29232568359375,0.2342441976070404,0.1841333508491516,-0.07599277049303055
1789222395148319700,33.30231982421875,0.08754449337720871,-0.1466650664806366,0.2764699459075928
1789222395158313700,33.31231372070312,-0.10138121247291565,-0.02749234437942505,0.20029553771018982
1789222395168307700,33.3223076171875,-0.20466792583465576,0.2699744999408722,-0.12077675014734268
1789222395178301700,33.3323017578125,-0.1817343831062317,0.17139598727226257,-0.2356165200471878
1789222395188295700,33.342295654296876,-0.03822115436196327,-0.4779583215713501,-0.28194060921669006
1789222395198289700,33.35228955078125,0.2245928943157196,-0.9821876287460327,-0.37697896361351013
1789222395208283600,33.36228369140625,0.41142508387565613,-0.4222223460674286,-0.1110231876373291
1789222395218276900,33.37227685546875,0.4268115162849426,0.5582627654075623,0.08123839646577835
1789222395228270800,33.38227075195312,0.29211148619651794,0.7461977601051331,0.23654861748218536
1789222395238264800,33.392264892578126,0.005950567312538624,0.6769928336143494,0.2581322193145752
1789222395248258600,33.40225854492188,-0.2922254800796509,0.5835428237915039,0.3371298313140869
1789222395258252500,33.41225244140625,-0.37341487407684326,0.194395050406456,0.15627935528755188
1789222395268246500,33.42224658203125,-0.18144115805625916,-0.4555981457233429,0.05583370476961136
1789222395278240800,33.43224072265625,0.13882526755332947,-0.5413442254066467,-0.28133395314216614
1789222395288234800,33.44223486328125,0.49403342604637146,-0.5313504338264465,-0.38032764196395874
1789222395298228700,33.452228759765624,0.6440284848213196,-0.3187641203403473,-0.06367591768503189
1789222395308222700,33.46222265625,0.44409701228141785,0.6096268892288208,-0.012976785190403461
1789222395318216700,33.472216796875,0.05337054654955864,1.197045087814331,-0.10267284512519836
1789222395328210700,33.48221069335938,-0.28813910484313965,0.471318781375885,0.2128579467535019
1789222395338204700,33.49220458984375,-0.5500317215919495,-0.20347030460834503,0.298042356967926
1789222395348198700,33.50219873046875,-0.5515180230140686,-0.5718305110931396,0.2806284725666046
1789222395358192600,33.51219262695312,-0.35808277130126953,-0.3447669744491577,0.18159909546375275
1789222395368186600,33.5221865234375,-0.015723835676908493,0.016086025163531303,0.007001983001828194
1789222395378180900,33.532180908203124,0.18264144659042358,0.2962484359741211,0.016272446140646935
1789222395388174800,33.5421748046875,0.18476611375808716,0.018989136442542076,-0.05857303366065025
1789222395398168800,33.5521689453125,-0.03170520067214966,-0.4383632242679596,0.23811349272727966
1789222395408162600,33.56216259765625,-0.30075156688690186,-0.48305773735046387,0.23088034987449646
1789222395418156500,33.57215649414063,-0.4300858676433563,-0.21469604969024658,-0.09346736967563629
1789222395428150500,33.582150634765625,-0.32284730672836304,-0.0712781772017479,-0.21209894120693207
1789222395438144800,33.59214477539062,-0.13228559494018555,0.22217661142349243,-0.1272682100534439
1789222395448138800,33.602138671875,0.011441472917795181,0.4733150899410248,-0.11304612457752228
1789222395458132700,33.6121328125,0.06306897848844528,0.08398757874965668,0.18428274989128113
1789222395468126700,33.622126708984375,0.08950059115886688,-0.5060514807701111,0.23413926362991333
1789222395478120700,33.63212060546875,0.009308280423283577,-0.5661203861236572,0.33697509765625
1789222395488114700,33.64211474609375,-0.1579882949590683,0.14402322471141815,-0.040699224919080734
1789222395498108700,33.65210864257813,-0.26675179600715637,0.2988080084323883,-0.15761439502239227
1789222395508102700,33.6621025390625,-0.3087692856788635,0.14530126750469208,-0.004466121084988117
1789222395518096600,33.6720966796875,-0.1781039535999298,0.1151212602853775,-0.23690761625766754
1789222395528090600,33.68209057617187,0.05735916271805763,-0.23708339035511017,-0.18107444047927856
1789222395538084900,33.6920849609375,0.060380253940820694,-0.1108439564704895,0.08711972087621689
1789222395548078800,33.702078857421874,-0.08588933944702148,-0.065770223736763,0.21323370933532715
1789222395558072600,33.712072509765626,-0.21237750351428986,-0.17474091053009033,0.19524513185024261
1789222395568066600,33.72206665039062,-0.21001794934272766,-0.15190671384334564,0.054541271179914474
1789222395578060500,33.732060546875,-0.18653365969657898,0.22097446024417877,-0.13447046279907227
1789222395588054800,33.7420546875,-0.2441311776638031,0.5257948040962219,0.03921477869153023
1789222395598048800,33.752048828125,-0.26068857312202454,0.2041105180978775,0.062004782259464264
1789222395608042800,33.76204272460937,-0.1621984988451004,-0.5782787799835205,0.004732703324407339
1789222395618036700,33.77203662109375,0.01660054735839367,-0.8073607087135315,-0.05957864224910736
1789222395628030700,33.78203076171875,0.07881998270750046,-0.04868205264210701,0.026326945051550865
1789222395638024400,33.7920244140625,0.08278489112854004,0.5378826260566711,-0.24484863877296448
1789222395648018700,33.80201879882812,0.08878818899393082,0.06488179415464401,-0.3028722405433655
1789222395658012700,33.8120126953125,0.02263420633971691,-0.19668589532375336,-0.1811751127243042
1789222395668005600,33.822005615234374,0.01715315505862236,-0.16010364890098572,-0.294538676738739
1789222395678000600,33.832000732421875,0.026284601539373398,-0.3466684818267822,0.307951420545578
1789222395687993900,33.841993896484375,-0.12219781428575516,0.43260493874549866,0.5563295483589172
1789222395697987800,33.85198779296875,-0.255382239818573,0.8029036521911621,0.4862729609012604
1789222395707981600,33.861981689453124,-0.1923433393239975,-0.10229121893644333,0.3387626111507416
1789222395717975600,33.8719755859375,-0.01266839075833559,-0.837800920009613,-0.04821892827749252
1789222395727969500,33.88196948242187,0.09557659178972244,-0.424060195684433,-0.32943567633628845
1789222395737963800,33.8919638671875,0.17764855921268463,0.22363042831420898,-0.4414157569408417
1789222395747957800,33.901957763671874,0.23288944363594055,0.2800641357898712,-0.2706192433834076
1789222395757951700,33.91195166015625,0.12802773714065552,0.3214837610721588,0.01895052194595337
1789222395767945700,33.92194580078125,-0.02448137477040291,0.1534436196088791,0.2619439959526062
1789222395777939700,33.931939697265626,-0.14704963564872742,-0.330959290266037,0.5894308090209961
1789222395787933700,33.94193359375,-0.2413066327571869,-0.06561629474163055,0.19992004334926605
1789222395797927700,33.951927734375,-0.2475469410419464,0.44324880838394165,-0.19516363739967346
1789222395807921700,33.96192163085937,-0.07818961143493652,0.11839961260557175,-0.4981977939605713
1789222395817915600,33.97191552734375,0.15833210945129395,-0.7470808625221252,-0.5951350331306458
1789222395827909600,33.98190966796875,0.3029628098011017,-0.9155998229980469,-0.5421103835105896
1789222395837903600,33.991903564453125,0.25480538606643677,-0.3087242841720581,-0.10258123278617859
1789222395847897900,34.00189794921875,-0.002267415402457118,0.6119358539581299,0.1382758468389511
1789222395857891800,34.011891845703126,-0.2150915414094925,0.8156079649925232,-0.14817428588867188
1789222395867885600,34.02188549804688,-0.3749195635318756,0.2953091561794281,0.06283781677484512
1789222395877879600,34.031879638671874,-0.435865193605423,-0.03314916417002678,-0.011568505316972733
1789222395887873500,34.04187353515625,-0.3365396559238434,-0.5881697535514832,0.041665155440568924
1789222395897867800,34.05186767578125,-0.14845791459083557,-0.7851976156234741,0.10477781295776367
1789222395907861800,34.06186181640625,0.059836968779563904,-0.23363032937049866,-0.05278145521879196
1789222395917855700,34.071855712890624,0.11403442919254303,0.4967290759086609,-0.05410584434866905
1789222395927849700,34.081849609375,0.03092515841126442,0.5421727299690247,-0.05288664996623993
1789222395937843700,34.09184375,-0.10958375036716461,-0.1710580289363861,0.03338272497057915
1789222395947837700,34.10183764648438,-0.25065910816192627,-0.44485601782798767,0.0242582019418478
1789222395957831700,34.111831787109374,-0.2783120572566986,-0.04285638779401779,-0.21477754414081573
1789222395967825700,34.12182568359375,-0.1335705816745758,0.16457456350326538,-0.2814905345439911
1789222395977819600,34.13181958007812,0.05125812813639641,0.11301230639219284,-0.18246407806873322
1789222395987813600,34.14181372070313,0.11633646488189697,0.12080951035022736,0.011569304391741753
1789222395997807600,34.1518076171875,0.12609721720218658,-0.07519834488630295,0.001119060325436294
1789222396007801900,34.1618017578125,0.03371721878647804,-0.25321096181869507,-0.07006696611642838
1789222396017795800,34.1717958984375,-0.13864628970623016,-0.04452032968401909,-0.23499546945095062
1789222396027789600,34.18178955078125,-0.23110006749629974,0.11084902286529541,-0.29300737380981445
1789222396037783600,34.19178344726563,-0.14295023679733276,-0.09473396837711334,-0.14652764797210693
1789222396047777500,34.201777587890625,0.06133286654949188,-0.3288934826850891,-0.05940393730998039
1789222396057771800,34.21177172851562,0.19283495843410492,-0.2171003520488739,0.07139988243579865
1789222396067765800,34.221765869140626,0.13388696312904358,0.09153284877538681,0.2312483936548233
1789222396077759700,34.231759765625,0.033128391951322556,0.0181699488312006,0.412591814994812
1789222396087753700,34.241753662109375,-0.10889505594968796,0.3288969397544861,0.16596660017967224
1789222396097747700,34.25174780273438,-0.15659840404987335,0.2873670756816864,0.004072772338986397
1789222396107741700,34.26174169921875,-0.16506539285182953,-0.166732519865036,0.3222217261791229
1789222396117735700,34.27173559570313,-0.10556637495756149,-0.3545950949192047,0.1689986139535904
1789222396127729700,34.281729736328124,0.06235019490122795,-0.23784159123897552,-0.06868532299995422
1789222396137723600,34.2917236328125,0.2090323120355606,0.0013792511308565736,0.09045106917619705
1789222396147717600,34.30171752929687,0.1521887332201004,0.49541905522346497,0.022495988756418228
1789222396157712000,34.3117119140625,0.044674791395664215,0.2096187323331833,-0.14559873938560486
1789222396167705900,34.321705810546874,-0.014447382651269436,-0.5514442324638367,0.0333225354552269
1789222396177699800,34.33169995117188,-0.11218006908893585,-0.34061670303344727,0.05542704090476036
1789222396187693600,34.34169360351562,-0.1683293581008911,0.022172680124640465,-0.18695098161697388
1789222396197687600,34.3516875,-0.18683353066444397,-0.1843368113040924,0.04284067451953888
1789222396207681500,34.361681640625,-0.12418799102306366,-0.048346493393182755,0.14514626562595367
1789222396217675800,34.37167578125,-0.032757945358753204,0.34308040142059326,0.14013846218585968
1789222396227669800,34.38166967773437,-0.019053319469094276,0.3140878975391388,0.17317843437194824
1789222396237663700,34.391663818359376,-0.16515140235424042,-0.05154921114444733,0.43219590187072754
1789222396247657700,34.40165771484375,-0.24709314107894897,-0.45382794737815857,0.31019115447998047
1789222396257651700,34.411651611328125,-0.1414300948381424,-0.6296077370643616,-0.13122433423995972
1789222396267646000,34.42164599609375,0.034561172127723694,-0.2891223430633545,-0.4901217818260193
1789222396277640000,34.431639892578126,0.13134603202342987,0.15235598385334015,-0.49252501130104065
1789222396287633700,34.44163354492188,0.19195346534252167,0.132343128323555,-0.29535096883773804
1789222396297627600,34.451627685546875,0.1775020807981491,0.09061405807733536,0.2428981363773346
1789222396307621600,34.46162158203125,-0.0012825783342123032,0.3284423351287842,0.7723300457000732
1789222396317615900,34.471615966796875,-0.22051692008972168,0.11567839235067368,0.722434401512146
1789222396327609900,34.48160986328125,-0.30071163177490234,-0.48227688670158386,0.34691429138183594
1789222396337603800,34.491603759765624,-0.25043752789497375,-0.2928646206855774,0.18533258140087128
1789222396347597800,34.50159790039063,-0.044315267354249954,0.4891909956932068,-0.6045556664466858
1789222396357591800,34.511591796875,0.2484540194272995,0.1988063007593155,-0.8142106533050537
1789222396367585500,34.52158544921875,0.4594285786151886,-0.6385756731033325,-0.34517577290534973
1789222396377579800,34.531579833984374,0.5712477564811707,-0.7097010016441345,-0.42603227496147156
1789222396387573800,34.54157373046875,0.4839235246181488,-0.31909996271133423,0.04559624567627907
1789222396397567700,34.55156762695312,0.208815798163414,0.40648359060287476,0.37514936923980713
1789222396407561700,34.56156176757813,-0.05826703459024429,0.5734019875526428,0.44376999139785767
1789222396417555700,34.5715556640625,-0.28441867232322693,0.5319094061851501,0.5966021418571472
1789222396427550000,34.58155004882813,-0.3892841041088104,0.6100252866744995,0.4481823146343231
1789222396437544000,34.5915439453125,-0.2903071939945221,0.14663098752498627,0.2661038637161255
1789222396447537700,34.60153759765625,0.052446428686380386,-0.7084240317344666,-0.2514442205429077
1789222396457531600,34.61153173828125,0.5461496114730835,-1.1735538244247437,-0.6495817303657532
1789222396467525600,34.621525634765625,0.7722160220146179,-0.4514382779598236,-0.30304136872291565
1789222396477518800,34.631518798828125,0.7208202481269836,0.483979195356369,-0.17941875755786896
1789222396487512800,34.64151293945312,0.45565834641456604,0.6117312908172607,0.07374106347560883
1789222396497506800,34.6515068359375,0.02213166654109955,0.4925724267959595,0.5585436820983887
1789222396507500800,34.66150073242188,-0.38813576102256775,0.5499619245529175,0.39676520228385925
1789222396517494800,34.671494873046875,-0.5070655941963196,-0.11111479997634888,0.12446469813585281
1789222396527488800,34.68148876953125,-0.30734848976135254,-0.931354820728302,0.0006548712844960392
1789222396537482800,34.691482666015624,-0.040037963539361954,-0.6952229738235474,0.01410596538335085
1789222396547476700,34.70147680664063,0.2292206734418869,0.09856492280960083,0.01979207992553711
1789222396557470700,34.711470703125,0.39902010560035706,0.6928205490112305,-0.23337972164154053
1789222396567464700,34.72146459960938,0.4895039200782776,0.165237158536911,-0.3890191316604614
1789222396577459000,34.731458984375,0.37379515171051025,-0.5362250804901123,-0.40093517303466797
1789222396587453000,34.74145288085938,-0.06587621569633484,-0.2003227025270462,-0.16202512383460999
1789222396597446700,34.75144677734375,-0.4411710202693939,-0.1468685418367386,0.30489304661750793
1789222396607440600,34.761440673828126,-0.44097286462783813,-0.18817655742168427,0.1641942709684372
1789222396617434600,34.7714345703125,-0.17531828582286835,0.05126531794667244,0.2632846236228943
1789222396627428900,34.78142895507813,-0.0411708727478981,1.0215950012207031,-0.0629320964217186
1789222396637422800,34.7914228515625,0.04765726625919342,0.36911678314208984,-0.1346515566110611
1789222396647416800,34.801416748046876,0.05691175162792206,-0.9085352420806885,0.32168057560920715
1789222396657410800,34.81141088867187,0.013745905831456184,-0.5854970216751099,0.1050795465707779
1789222396667404500,34.821404541015625,-0.01912868767976761,0.21151117980480194,-0.1277792602777481
1789222396677398800,34.83139868164063,0.0054610781371593475,0.018855180591344833,-0.20777609944343567
1789222396687392800,34.841392822265625,0.014145912602543831,-0.3290671110153198,-0.3475012481212616
1789222396697386800,34.85138671875,-0.05203523859381676,0.12280022352933884,-0.07351735979318619
1789222396707380700,34.861380615234374,-0.020737236365675926,0.37816035747528076,0.11166874319314957
1789222396717374700,34.87137475585938,0.060917146503925323,-0.27126798033714294,0.33578306436538696
1789222396727368700,34.88136865234375,0.03110838495194912,-0.4648315906524658,0.4079936146736145
1789222396737363000,34.89136303710937,-0.03898601606488228,0.016776317730545998,0.19727285206317902
1789222396747356700,34.901356689453124,0.015367238782346249,0.27966973185539246,-0.402761846780777
1789222396757350700,34.9113505859375,0.07841517776250839,0.18970921635627747,-0.45500612258911133
1789222396767344600,34.9213447265625,0.11460727453231812,0.007207312621176243,-0.24810540676116943
1789222396777338600,34.93133862304688,0.2809176743030548,-0.6278647184371948,0.053584132343530655
1789222396787332900,34.94133276367187,0.4375978410243988,-0.7509970664978027,0.2554283142089844
1789222396797326800,34.95132690429688,0.3517625629901886,0.4515314996242523,-0.01744050905108452
1789222396807320800,34.96132080078125,0.21249522268772125,0.9664981961250305,-0.38399559259414673
1789222396817314800,34.971314697265626,0.11979990452528,0.24597275257110596,-0.22478970885276794
1789222396827308500,34.98130859375,-0.03322027251124382,0.040039826184511185,-0.049724679440259933
1789222396837302800,34.991302734375,-0.02864629216492176,-0.2796715795993805,-0.00020160128769930452
1789222396847296800,35.001296875,0.22653619945049286,-1.1181156635284424,0.18024513125419617
1789222396857290800,35.011290771484376,0.4383919835090637,-0.5421380996704102,0.025906432420015335
1789222396867284700,35.02128466796875,0.3482013940811157,1.2661852836608887,0.10429923981428146
1789222396877278700,35.03127880859375,0.1634933203458786,1.9183436632156372,-0.18876245617866516
1789222396887273000,35.04127294921875,0.14694418013095856,0.06710180640220642,-0.17763204872608185
1789222396897267000,35.051266845703125,0.09837716817855835,-1.2777479887008667,-0.009401757270097733
1789222396907260700,35.0612607421875,0.0628008022904396,-0.7989650964736938,-0.2336558997631073
1789222396917254700,35.071254638671874,0.09780565649271011,-0.06651857495307922,0.07299671322107315
1789222396927248600,35.08124853515625,0.1612839698791504,0.39069664478302,0.09619604051113129
1789222396937242600,35.09124267578125,0.13055215775966644,0.8119663596153259,-0.07303079962730408
1789222396947236900,35.10123681640625,-0.018018947914242744,0.8890731334686279,0.14475159347057343
1789222396957230800,35.11123095703125,-0.11140988022089005,0.1392817199230194,0.04039349406957626
1789222396967224800,35.12122485351563,-0.05826117470860481,-0.7916677594184875,-0.28453585505485535
1789222396977218800,35.13121875,0.004620051942765713,-0.6639601588249207,-0.19499506056308746
1789222396987212500,35.14121264648438,0.00020532972121145576,0.12345083057880402,-0.20740139484405518
1789222396997206800,35.15120678710937,0.031199198216199875,0.07692061364650726,-0.12272032350301743
1789222397007199700,35.16119970703125,0.0525289885699749,-0.1429118812084198,0.08468452841043472
1789222397017194800,35.17119482421875,0.04571742191910744,0.1682308167219162,-0.14672046899795532
1789222397027187700,35.18118774414062,0.0495944507420063,-0.04025128111243248,-0.026767432689666748
1789222397037182000,35.191181884765626,-0.044005006551742554,-0.26519811153411865,0.3662799894809723
1789222397047176000,35.20117602539062,-0.1020834892988205,0.07062330096960068,0.21844658255577087
1789222397057169700,35.211169677734375,-0.017542773857712746,0.33769547939300537,0.132046177983284
1789222397067163600,35.22116357421875,0.009490174241364002,0.5476037263870239,0.04932467266917229
1789222397077157600,35.23115771484375,-0.02052311785519123,0.44704994559288025,-0.24926787614822388
1789222397087151900,35.24115185546875,-0.015741677954792976,-0.35755759477615356,0.08685819804668427
1789222397097145900,35.251145751953125,0.07177059352397919,-0.7799517512321472,-0.13673174381256104
1789222397107139800,35.26113989257812,0.143644779920578,-0.5639320611953735,-0.2956407070159912
1789222397117133800,35.2711337890625,0.1088591068983078,-0.058036137372255325,0.037093840539455414
1789222397127127800,35.2811279296875,0.09944722801446915,0.3877176344394684,-0.02899756282567978
1789222397137121800,35.291121826171874,0.12120339274406433,0.24202221632003784,0.1269552856683731
1789222397147115800,35.30111572265625,-0.07924102246761322,0.4840705394744873,0.41823533177375793
1789222397157109800,35.31110986328125,-0.2676340937614441,0.360849529504776,0.222693532705307
1789222397167103700,35.32110375976563,-0.28712552785873413,-0.5435706377029419,0.16106478869915009
1789222397177097700,35.33109765625,-0.11353375017642975,-0.8830069899559021,-0.33399662375450134
1789222397187091700,35.341091796875,0.15303482115268707,-0.6032792329788208,-0.41782253980636597
1789222397197086000,35.3510859375,0.3655705153942108,0.15576216578483582,-0.23044812679290771
1789222397207080000,35.36107983398438,0.49799859523773193,1.0416048765182495,-0.3913786709308624
1789222397217073700,35.37107373046875,0.44219154119491577,0.8433781266212463,0.21376128494739532
1789222397227067600,35.381067626953126,0.21518394351005554,0.23309530317783356,0.5695255398750305
1789222397237061600,35.3910615234375,0.04384734854102135,-0.38760286569595337,0.4044894278049469
1789222397247056000,35.401055908203126,-0.015865249559283257,-0.39760303497314453,0.26139432191848755
1789222397257049900,35.4110498046875,0.026922160759568214,0.3512440323829651,-0.14557264745235443
1789222397267043800,35.4210439453125,0.08640652894973755,0.9506997466087341,-0.4611087739467621
1789222397277037800,35.43103784179687,0.2708679735660553,0.3964610695838928,-0.4521421790122986
1789222397287031600,35.441031494140624,0.5068216323852539,-0.571057915687561,-0.17222076654434204
1789222397297025800,35.45102587890625,0.45553264021873474,-0.2283061444759369,0.03574468195438385
1789222397307019800,35.461019775390625,0.24379189312458038,0.28257763385772705,0.17313715815544128
1789222397317013800,35.471013671875,-0.0040456079877913,0.26787513494491577,0.3230201303958893
1789222397327007700,35.4810078125,-0.2636880874633789,0.43869319558143616,0.2101319283246994
1789222397337001700,35.49100170898438,-0.3742567002773285,0.454659104347229,-0.10153461247682571
1789222397346995700,35.50099560546875,-0.1554231494665146,-0.5183499455451965,-0.20120927691459656
1789222397356990000,35.51098999023438,0.14022475481033325,-0.972451388835907,-0.10820742696523666
1789222397366983700,35.52098364257812,0.318111389875412,0.03484533354640007,-0.36749890446662903
1789222397376977700,35.53097778320313,0.4198254942893982,0.4403022825717926,-0.07911452651023865
1789222397386971600,35.5409716796875,0.27925029397010803,0.3163691461086273,0.4181447923183441
1789222397396965600,35.550965576171876,-0.06963979452848434,0.5806953310966492,0.4168965518474579
1789222397406959900,35.5609599609375,-0.3460037410259247,0.5301424264907837,0.22663021087646484
1789222397416953900,35.57095385742188,-0.5048317313194275,0.050748929381370544,0.166523739695549
1789222397426947800,35.58094775390625,-0.4510159194469452,-0.13245870172977448,-0.3360230028629303
1789222397436941800,35.59094189453125,0.04163026809692383,-0.5770902037620544,-0.5890954732894897
1789222397446934800,35.600934814453126,0.5011011958122253,-0.6085267066955566,-0.17011474072933197
1789222397456928800,35.6109287109375,0.35920077562332153,0.5059220194816589,0.21924446523189545
1789222397466922800,35.6209228515625,-0.03038453683257103,0.5880914926528931,0.5541143417358398
1789222397476916700,35.63091674804687,-0.37448757886886597,-0.23329050838947296,0.38367682695388794
1789222397486910700,35.64091064453125,-0.5878595113754272,-0.6095679998397827,0.25979429483413696
1789222397496905000,35.65090502929687,-0.7653408050537109,0.6790128350257874,-0.4392074644565582
1789222397506899000,35.66089892578125,-0.6957840919494629,1.1000897884368896,-0.8797787427902222
1789222397516892700,35.670892578125,-0.2913900315761566,-0.4947085380554199,-0.09033442288637161
1789222397526886700,35.68088671875,0.05570827051997185,-0.9029287695884705,0.03650607913732529
1789222397536880600,35.69088061523438,0.07101212441921234,0.06958334147930145,-0.23573608696460724
1789222397546875000,35.700875,-0.13678394258022308,-0.021203555166721344,0.3683242201805115
1789222397556868900,35.71086889648438,-0.3989604413509369,-0.4693235456943512,0.4446685314178467
1789222397566862800,35.72086279296875,-0.6541341543197632,-0.07035698741674423,0.05072576180100441
1789222397576856800,35.73085693359375,-0.7783879041671753,0.4275641143321991,0.026011094450950623
1789222397586850800,35.740850830078124,-0.6157636046409607,0.08567894995212555,0.03639955446124077
1789222397596844800,35.7508447265625,-0.31954124569892883,-0.25576040148735046,-0.13205790519714355
1789222397606838800,35.7608388671875,-0.09814201295375824,0.08058938384056091,-0.1700710654258728
1789222397616832800,35.770832763671876,0.05284510552883148,0.17378777265548706,0.09771137684583664
1789222397626826800,35.78082666015625,0.06740540266036987,-0.1127835363149643,0.0897434651851654
1789222397636820700,35.79082080078125,0.01215653121471405,-0.5686344504356384,-0.11233533173799515
1789222397646814700,35.80081469726562,-0.18462017178535461,-0.3148469030857086,0.05142670497298241
1789222397656809000,35.81080908203125,-0.33867311477661133,0.1802786886692047,0.101446732878685
1789222397666803000,35.82080297851562,-0.2801853120326996,-0.011447598226368427,0.060385845601558685
1789222397676796700,35.830796630859375,-0.07870998978614807,-0.3111498951911926,0.06399869173765182
1789222397686790700,35.84079077148437,-0.01757153682410717,0.026341859251260757,0.4504433274269104
1789222397696784600,35.85078466796875,-0.0022064289078116417,0.37557920813560486,0.38608697056770325
1789222397706779000,35.86077880859375,0.14603416621685028,-0.1092764213681221,-0.01944054290652275
1789222397716772900,35.87077294921875,0.2473709136247635,-0.395330548286438,-0.30022934079170227
1789222397726766800,35.88076684570313,0.25401976704597473,0.18229523301124573,-0.8245141506195068
1789222397736760800,35.8907607421875,0.2556285858154297,0.0886012390255928,-0.40882664918899536
1789222397746754800,35.9007548828125,0.23742400109767914,-0.028068119660019875,0.19351087510585785
1789222397756748800,35.910748779296874,0.24022404849529266,0.3868529200553894,0.18503616750240326
1789222397766742800,35.92074267578125,0.23258717358112335,0.31313660740852356,0.654298722743988
1789222397776736800,35.93073681640625,0.06674148142337799,0.33031558990478516,0.7120091319084167
1789222397786730800,35.94073071289063,-0.1385674625635147,0.17550870776176453,0.2969544529914856
1789222397796724700,35.950724853515624,-0.15858644247055054,-0.24082991480827332,-0.1791047751903534
1789222397806718700,35.96071875,0.13412344455718994,-0.7999120950698853,-0.601924479007721
1789222397816711700,35.970711669921876,0.33898046612739563,-0.4917537569999695,-0.5178745985031128
1789222397826705700,35.98070556640625,0.3702632784843445,0.27589577436447144,-0.37024223804473877
1789222397836699600,35.99069970703125,0.2716464102268219,0.779080331325531,-0.230561301112175
1789222397846693600,36.00069360351562,0.1478150337934494,0.32352960109710693,0.28999215364456177
1789222397856687900,36.01068798828125,-0.07115460187196732,0.16864041984081268,0.30933842062950134
1789222397866681900,36.02068188476562,-0.34714359045028687,0.08105490356683731,0.2411433756351471
1789222397876675800,36.03067578125,-0.4612448513507843,-0.5113828778266907,0.336597740650177
1789222397886669800,36.040669921875,-0.36947789788246155,-0.3509548306465149,0.15281137824058533
1789222397896663600,36.05066357421875,-0.11740252375602722,0.31205376982688904,-0.08656072616577148
1789222397906657800,36.06065771484375,0.1343327760696411,0.3922988176345825,-0.4091193377971649
1789222397916651800,36.07065185546875,0.2258821278810501,-0.4061749279499054,-0.3365148901939392
1789222397926645800,36.08064575195313,0.08378490805625916,-0.601701557636261,-0.08836767822504044
1789222397936639700,36.0906396484375,-0.1349535584449768,0.019300993531942368,-0.180498406291008
1789222397946633700,36.1006337890625,-0.3451906740665436,0.3498813211917877,-0.02111647091805935
1789222397956628000,36.1106279296875,-0.4950645864009857,0.3258518576622009,0.15250006318092346
1789222397966622000,36.1206220703125,-0.474300742149353,0.02966814674437046,0.23205773532390594
1789222397976615700,36.13061572265625,-0.3431224822998047,-0.19478866457939148,0.1798909306526184
1789222397986609700,36.140609619140626,-0.18453256785869598,-0.48221057653427124,0.08036194741725922
1789222397996603600,36.15060375976562,-0.024328509345650673,-0.6789364218711853,-0.2120310366153717
1789222398006597600,36.16059765625,0.09050939232110977,-0.4438701272010803,-0.2890523076057434
1789222398016592000,36.170591796875,0.035057585686445236,0.2362024188041687,-0.10651818662881851
1789222398026585900,36.1805859375,-0.21499645709991455,0.7280001044273376,0.05820072069764137
1789222398036579800,36.19057983398437,-0.4500933885574341,0.1262812316417694,0.2795770466327667
1789222398046573800,36.20057373046875,-0.5730411410331726,-0.4870394170284271,0.3330831527709961
1789222398056567600,36.21056762695312,-0.5190359950065613,-0.3900095522403717,0.2788265645503998
1789222398066561800,36.220561767578126,-0.25267139077186584,-0.20918171107769012,0.031317174434661865
1789222398076555800,36.2305556640625,0.09551214426755905,-0.2778380215167999,-0.3808794319629669
1789222398086549800,36.2405498046875,0.2614355981349945,-0.2231915444135666,-0.3413347005844116
1789222398096543700,36.25054370117188,0.16853362321853638,0.008976982906460762,-0.0827726423740387
1789222398106537700,36.260537841796875,-0.03989947959780693,-0.05355776846408844,0.09053655713796616
1789222398116532000,36.27053198242187,-0.18942691385746002,-0.4974883496761322,0.385315477848053
1789222398126526000,36.28052587890625,-0.32686999440193176,-0.24341744184494019,0.44176197052001953
1789222398136519700,36.29051977539063,-0.38247066736221313,0.29020172357559204,0.25649943947792053
1789222398146512600,36.3005126953125,-0.30752959847450256,0.35590165853500366,0.17464610934257507
1789222398156507000,36.3105068359375,-0.11262082308530807,-0.015486281365156174,0.03485278785228729
1789222398166500900,36.3205009765625,0.10411122441291809,-0.2985810935497284,-0.2567417621612549
1789222398176494800,36.330494873046874,0.24859623610973358,-0.5012516379356384,-0.2453565001487732
1789222398186488800,36.34048876953125,0.31085509061813354,-0.5647334456443787,-0.28610286116600037
1789222398196482600,36.35048266601562,0.2988780438899994,-0.5057950019836426,-0.21430297195911407
1789222398206476800,36.36047680664063,0.20268332958221436,-0.0317067950963974,-0.043528035283088684
1789222398216470800,36.370470703125,0.07672220468521118,0.5645139813423157,-0.025413215160369873
1789222398226465300,36.38046533203125,-0.039261385798454285,0.4079941511154175,0.26429450511932373
1789222398236459300,36.390459228515624,-0.14462348818778992,-0.016528110951185226,0.32730594277381897
1789222398246453000,36.400452880859376,-0.19536550343036652,-0.18283399939537048,0.17293210327625275
1789222398256447000,36.41044702148437,-0.10858932882547379,-0.26038339734077454,0.1108705922961235
1789222398266441200,36.42044116210938,0.11886247247457504,-0.41851896047592163,-0.12302232533693314
1789222398276435200,36.430435302734374,0.32228243350982666,-0.33779481053352356,-0.24052979052066803
1789222398286429200,36.44042919921875,0.3413006067276001,0.3372957408428192,-0.289866179227829
1789222398296423200,36.45042309570312,0.2991475462913513,0.47319260239601135,-0.17767199873924255
1789222398306417200,36.46041723632813,0.2394048571586609,-0.03230893611907959,-0.08174493163824081
1789222398316411100,36.4704111328125,0.19514818489551544,-0.21559301018714905,-0.11366797238588333
1789222398326405000,36.480405029296875,0.22986622154712677,-0.25279390811920166,0.1596650332212448
1789222398336399000,36.49039916992187,0.19366534054279327,-0.004406732507050037,0.3433925211429596
1789222398346393000,36.50039306640625,0.1777028888463974,0.13096067309379578,0.07558077573776245
1789222398356387000,36.51038696289063,0.13752484321594238,0.3404872715473175,0.07841943949460983
1789222398366381000,36.520381103515625,0.1611630618572235,0.3992336690425873,0.004203000571578741
1789222398376375300,36.53037524414062,0.2362908273935318,0.15776273608207703,-0.3978850543498993
1789222398386369300,36.540369384765626,0.26736724376678467,-0.31127214431762695,-0.3041612207889557
1789222398396363300,36.55036328125,0.23452381789684296,-0.4144454002380371,0.09749140590429306
1789222398406357000,36.56035693359375,0.21744869649410248,-0.016750218346714973,0.006335926707834005
1789222398416351000,36.57035107421875,0.2739383280277252,0.13909690082073212,-0.2073497325181961
1789222398426345200,36.58034521484375,0.33911094069480896,-0.007450459524989128,-0.2060951143503189
1789222398436339200,36.59033911132813,0.3705762028694153,-0.12176265567541122,-0.18608199059963226
1789222398446332200,36.60033227539063,0.38204696774482727,-0.040833182632923126,-0.21398977935314178
1789222398456326100,36.610326171875,0.2781245708465576,0.23192857205867767,0.2029097080230713
1789222398466320100,36.620320068359376,0.17779795825481415,0.3609834909439087,0.44642969965934753
1789222398476314000,36.63031420898437,0.05344351753592491,0.3814205825328827,0.4158557951450348
1789222398486308000,36.64030810546875,0.044868938624858856,0.22601927816867828,0.1388007551431656
1789222398496302000,36.65030200195312,0.07311522215604782,0.19928300380706787,-0.22971655428409576
1789222398506296000,36.660296142578126,0.12725196778774261,-0.05746116116642952,-0.36846938729286194
1789222398516290300,36.67029028320312,0.2175496369600296,-0.407549649477005,-0.4282786548137665
1789222398526284300,36.6802841796875,0.2651086151599884,-0.36919721961021423,-0.2253822535276413
1789222398536278300,36.6902783203125,0.22456173598766327,0.12211738526821136,-0.030120618641376495
1789222398546272000,36.70027197265625,0.22332176566123962,0.2224988490343094,-0.17682591080665588
1789222398556266000,36.71026586914063,0.1460874378681183,0.024703215807676315,0.21720102429389954
1789222398566260200,36.72026025390625,-0.14838281273841858,0.6997146606445312,0.3165491819381714
1789222398576254200,36.73025415039063,-0.3645484149456024,0.5726211667060852,0.44818469882011414
1789222398586248200,36.740248291015625,-0.3945044279098511,-0.42480748891830444,0.625087320804596
1789222398596242200,36.7502421875,-0.2755788564682007,-0.5145296454429626,0.15818990767002106
1789222398606236200,36.760236083984374,-0.08465443551540375,0.13086692988872528,-0.5220701098442078
1789222398616230100,36.77023022460938,0.09941287338733673,-0.0768689513206482,-0.5096629858016968
1789222398626224000,36.78022412109375,0.0613965168595314,-0.436163991689682,-0.18790918588638306
1789222398636218000,36.79021801757813,-0.18215516209602356,-0.08546456694602966,0.008371113799512386
1789222398646212000,36.800212158203124,-0.3220912218093872,-0.09532598406076431,0.1303367018699646
1789222398656206000,36.8102060546875,-0.35895124077796936,-0.5468255281448364,0.3580196499824524
1789222398666200000,36.82019995117187,-0.3691069483757019,-0.2772156298160553,0.14282692968845367
1789222398676194300,36.8301943359375,-0.34851324558258057,0.13984791934490204,0.2809602916240692
1789222398686188300,36.84018823242187,-0.3108854293823242,0.5327895879745483,0.3097141683101654
1789222398696182300,36.85018237304688,-0.21973581612110138,0.5767101645469666,-0.06309881061315536
1789222398706176000,36.86017602539062,-0.07698959112167358,-0.18616721034049988,-0.09138637036085129
1789222398716170000,36.870169921875,0.012596751563251019,-0.7535738945007324,-0.13505342602729797
1789222398726163200,36.8801630859375,0.050387006253004074,-0.660277783870697,-0.22830641269683838
1789222398736157200,36.8901572265625,0.028501149266958237,-0.14925234019756317,-0.22551195323467255
1789222398746151200,36.900151123046875,-0.029619410634040833,0.19958554208278656,-0.16012735664844513
1789222398756145200,36.91014526367187,-0.06540323793888092,0.13528858125209808,-0.10541244596242905
1789222398766139100,36.92013916015625,-0.06267323344945908,0.05139288306236267,-0.2257055640220642
1789222398776133000,36.93013305664063,-0.169046550989151,0.26959657669067383,0.014661500230431557
1789222398786127000,36.940127197265625,-0.24117906391620636,0.05876850709319115,0.19289915263652802
1789222398796121000,36.95012109375,-0.074661985039711,-0.7265290021896362,0.1692846268415451
1789222398806115000,36.96011499023437,0.0030485205352306366,-0.3768426179885864,0.32342201471328735
1789222398816109000,36.97010913085938,-0.13455195724964142,0.8261562585830688,0.22395479679107666
1789222398826103300,36.980103271484374,-0.23380929231643677,0.6829013228416443,0.025771941989660263
1789222398836097300,36.99009716796875,-0.18006590008735657,-0.41569626331329346,-0.17051474750041962
1789222398846091000,37.00009106445312,-0.05276387929916382,-0.8963262438774109,-0.24694320559501648
1789222398856085000,37.0100849609375,0.04332483559846878,-0.45253869891166687,-0.3915845453739166
1789222398866079000,37.02007885742187,0.14180879294872284,-0.5004622936248779,-0.05840764939785004
1789222398876073200,37.0300732421875,0.10387925803661346,-0.1912975162267685,0.2676719129085541
1789222398886067200,37.04006713867187,0.01696460321545601,0.4520342946052551,0.19262777268886566
1789222398896061200,37.05006127929688,-0.0005811017472296953,0.38447868824005127,0.11508531123399734
1789222398906055200,37.06005517578125,-0.021981997415423393,0.1771090030670166,-0.20301809906959534
1789222398916049200,37.070049072265626,-0.05161765590310097,-0.019035477191209793,-0.14666160941123962
1789222398926043100,37.08004321289062,0.00869122613221407,-0.24420174956321716,0.04562580958008766
1789222398936037000,37.090037109375,0.16897863149642944,-0.2996141314506531,-0.02911660633981228
1789222398946031000,37.10003100585938,0.269809365272522,-0.015360048040747643,-0.054717306047677994
1789222398956025000,37.110025146484375,0.268944650888443,0.1928221881389618,-0.2776433229446411
1789222398966019000,37.12001904296875,0.19190073013305664,-0.07678692042827606,-0.32294848561286926
1789222398976013000,37.130012939453124,0.1394132822751999,-0.2819768190383911,-0.2867196500301361
1789222398986006300,37.14000634765625,0.11289912462234497,-0.015020760707557201,-0.14164768159389496
1789222398996000000,37.15,0.12433367222547531,0.24165897071361542,0.06850369274616241
1789222399005994000,37.15999389648437,0.0957329198718071,0.24797998368740082,0.16567765176296234
1789222399015988200,37.16998828125,0.09933537244796753,-0.16519135236740112,0.06848664581775665
1789222399025982200,37.179982177734374,0.13520975410938263,-0.4317447543144226,0.1500568687915802
1789222399035976200,37.18997607421875,0.1824779361486435,0.08915624022483826,-0.11983904987573624
1789222399045970200,37.19997021484375,0.2780707776546478,0.2879076898097992,-0.40129736065864563
1789222399055964200,37.20996411132813,0.2954478859901428,0.011987953446805477,-0.21473413705825806
1789222399065958100,37.21995825195312,0.1889616698026657,-0.033609360456466675,-0.09649564325809479
1789222399075952000,37.2299521484375,0.13015800714492798,-0.1851741224527359,-0.1481415331363678
1789222399085946000,37.23994604492187,0.23207291960716248,-0.5918052792549133,-0.012179167941212654
1789222399095940000,37.249940185546876,0.2321608066558838,-0.1331402063369751,0.21755149960517883
1789222399105934000,37.25993408203125,0.12586365640163422,0.6645785570144653,0.16645768284797668
1789222399115928000,37.269927978515625,-0.007224090863019228,0.9073693156242371,0.12851190567016602
1789222399125922300,37.27992236328125,-0.07311256229877472,0.42909863591194153,0.11814475059509277
1789222399135916300,37.289916259765626,0.051127899438142776,-0.3619856536388397,-0.2553265690803528
1789222399145910300,37.29991015625,0.2886512279510498,-0.8646008372306824,-0.22898098826408386
1789222399155904000,37.309904052734375,0.3746638894081116,-0.2411028891801834,-0.14739744365215302
1789222399165898000,37.31989794921875,0.3207721710205078,0.23798300325870514,-0.10466595739126205
1789222399175892200,37.329892333984375,0.10337778925895691,0.20823070406913757,0.28571537137031555
1789222399185886200,37.33988623046875,-0.24202434718608856,0.6010956764221191,0.24933339655399323
1789222399195880200,37.349880126953124,-0.37396907806396484,0.32177963852882385,-0.09321410208940506
1789222399205874200,37.35987426757813,-0.17718596756458282,-0.947110116481781,-0.09815985709428787
1789222399215868200,37.3698681640625,0.20162659883499146,-1.2355687618255615,-0.11392896622419357
1789222399225860600,37.37986059570313,0.4863680601119995,-0.07479620724916458,0.1345096081495285
1789222399235854600,37.3898544921875,0.37711799144744873,1.365448236465454,0.5060445666313171
1789222399245848300,37.39984838867188,0.03865152224898338,1.2715603113174438,0.6195170283317566
1789222399255842600,37.409842529296874,-0.3660339117050171,0.09497658163309097,0.6872193813323975
1789222399265836500,37.41983642578125,-0.57322758436203,-0.7279151678085327,0.369928240776062
1789222399275830500,37.42983056640625,-0.4258354604244232,-0.8047412037849426,-0.054430484771728516
1789222399285824500,37.43982446289063,0.04700958728790283,-0.6175758838653564,-0.2767048180103302
1789222399295818500,37.449818603515624,0.5155876874923706,-0.1095278263092041,-0.02401132695376873
1789222399305812500,37.4598125,0.7235731482505798,0.8066254258155823,0.1467881053686142
1789222399315806700,37.469806640625,0.6583571434020996,0.9908897876739502,0.20769061148166656
1789222399325800400,37.47980053710938,0.2812527120113373,0.2452387809753418,0.335476279258728
1789222399335794400,37.48979443359375,-0.1730186492204666,-0.48283934593200684,0.16383899748325348
1789222399345788400,37.499788330078125,-0.38596847653388977,-0.7264426946640015,0.002663161139935255
1789222399355782400,37.50978247070312,-0.18652327358722687,-0.4175863265991211,-0.2107260823249817
1789222399365776600,37.519776611328126,0.22619478404521942,0.391515851020813,-0.4296746850013733
1789222399375770600,37.5297705078125,0.5367390513420105,0.9508318305015564,-0.27867209911346436
1789222399385764600,37.5397646484375,0.6690286993980408,0.5005898475646973,0.11034035682678223
1789222399395758600,37.54975854492187,0.573606550693512,-0.19261285662651062,0.16522358357906342
1789222399405752300,37.55975244140625,0.33150923252105713,-0.6033895015716553,0.14650395512580872
1789222399415746600,37.56974658203125,0.10506143420934677,-0.4174686074256897,0.09473716467618942
1789222399425740500,37.579740478515625,0.025306155905127525,0.28369057178497314,-0.410537451505661
1789222399435734500,37.58973461914063,0.17053231596946716,0.6245975494384766,-0.3933299779891968
1789222399445728500,37.599728515625,0.22250524163246155,1.1493734121322632,0.0758255198597908
1789222399455721700,37.6097216796875,0.1957916021347046,1.083117961883545,0.24184244871139526
1789222399465715500,37.61971557617188,0.2401910275220871,-0.32617172598838806,0.44744542241096497
1789222399475709400,37.62970947265625,0.26384177803993225,-1.3007190227508545,0.5072203278541565
1789222399485703400,37.639703369140626,0.24331305921077728,-0.6553618907928467,-0.197495236992836
1789222399495697400,37.64969750976562,0.31885841488838196,0.30574846267700195,-0.9344046711921692
1789222399505691600,37.65969165039063,0.493695467710495,0.7414922118186951,-1.1453102827072144
1789222399515685600,37.669685546875,0.5704571008682251,0.7867348194122314,-0.6390089988708496
1789222399525679600,37.6796796875,0.42409586906433105,0.6710348129272461,0.11650876700878143
1789222399535673600,37.68967358398437,0.26062333583831787,-0.1019013300538063,0.4802667498588562
1789222399545667300,37.699667236328125,0.10575652122497559,-0.6832640767097473,0.7481738328933716
1789222399555661300,37.70966137695312,-0.15898992121219635,0.12180499732494354,0.37019962072372437
1789222399565655600,37.719655517578126,-0.2757317125797272,0.9494507312774658,-0.35050421953201294
1789222399575649500,37.7296494140625,-0.22465547919273376,0.8152855038642883,-0.23261487483978271
1789222399585643500,37.7396435546875,0.06338349729776382,0.1632469743490219,-0.33267727494239807
1789222399595637500,37.74963745117188,0.36865633726119995,-0.21766787767410278,-0.6301143169403076
1789222399605631500,37.759631591796875,0.5507864356040955,-0.701967716217041,-0.22232574224472046
1789222399615625700,37.76962573242187,0.522131621837616,-0.7296925783157349,0.18216180801391602
1789222399625619500,37.779619384765624,0.28332412242889404,0.12395736575126648,0.2608475685119629
1789222399635613400,37.78961352539063,-0.1146853044629097,1.3813296556472778,0.26865196228027344
1789222399645607400,37.799607421875,-0.4361770451068878,1.4769142866134644,0.33462247252464294
1789222399655601400,37.80960131835938,-0.5331238508224487,0.4333961606025696,0.20379573106765747
1789222399665594600,37.8195947265625,-0.3876390755176544,-0.509118378162384,0.13591282069683075
1789222399675588600,37.829588623046874,-0.032045286148786545,-0.6966121196746826,0.00008548746700398624
1789222399685582600,37.83958251953125,0.2966172993183136,-0.36872902512550354,-0.06904404610395432
1789222399695576300,37.84957641601562,0.40591955184936523,0.1331939995288849,-0.06113765761256218
1789222399705570600,37.85957055664063,0.2655368745326996,0.5670205354690552,-0.2052823156118393
1789222399715564500,37.869564453125,0.026945063844323158,0.2991480827331543,-0.39154964685440063
1789222399725558500,37.87955859375,-0.24317777156829834,-0.25842222571372986,-0.17975884675979614
1789222399735552500,37.88955249023437,-0.50658118724823,-0.3503414988517761,0.24941354990005493
1789222399745546500,37.89954638671875,-0.6021314263343811,-0.3218046724796295,0.4718114733695984
1789222399755540700,37.90954077148437,-0.4493303894996643,0.008895756676793098,0.3159087002277374
1789222399765534500,37.919534423828125,-0.2617935240268707,0.7148182392120361,0.24506248533725739
1789222399775528400,37.92952856445312,-0.15917740762233734,0.807257890701294,-0.021879732608795166
1789222399785522400,37.9395224609375,-0.10367020219564438,-0.3873533010482788,-0.07866711169481277
1789222399795516400,37.94951635742188,-0.1477297991514206,-1.1401450634002686,0.007398527581244707
1789222399805510400,37.959510498046875,-0.21525424718856812,-0.60841965675354,-0.11284266412258148
1789222399815504600,37.96950463867187,-0.2744275629520416,0.16264431178569794,0.01056262943893671
1789222399825498600,37.97949853515625,-0.31758540868759155,0.6778176426887512,0.03995487466454506
1789222399835492600,37.98949267578125,-0.278394877910614,0.6058558225631714,0.035534024238586426
1789222399845486300,37.999486328125,-0.16623717546463013,-0.08104585111141205,0.27815118432044983
1789222399855480300,38.009480224609376,-0.0375409834086895,-0.5273061394691467,-0.034079939126968384
1789222399865474600,38.019474609375,0.03195234015583992,-0.5078619122505188,-0.13789421319961548
1789222399875467500,38.02946752929687,0.09265749901533127,-0.11638040840625763,-0.27138757705688477
1789222399885461500,38.03946142578125,0.10620500147342682,0.31285616755485535,-0.3948708772659302
1789222399895455500,38.04945556640625,-0.051421113312244415,0.5657616853713989,-0.14283384382724762
1789222399905449700,38.05944970703125,-0.21674881875514984,0.34471237659454346,-0.08087753504514694
1789222399915443500,38.069443359375,-0.3278692066669464,-0.3617193102836609,0.3109315037727356
1789222399925437400,38.0794375,-0.43272826075553894,-0.3393426537513733,0.4155402183532715
1789222399935431400,38.08943139648437,-0.3620591461658478,-0.08321259915828705,0.039441149681806564
1789222399945425400,38.09942529296875,-0.05522943288087845,-0.410425066947937,-0.11658919602632523
1789222399955419600,38.10941967773437,0.2542232275009155,-0.3127882778644562,-0.35755813121795654
1789222399965413600,38.11941357421875,0.3013870120048523,0.5938098430633545,-0.45085427165031433
1789222399975407600,38.12940771484375,0.20270757377147675,0.7353770732879639,-0.08333670347929001
1789222399985401600,38.139401611328125,0.03069639392197132,0.023306654766201973,0.36792874336242676
1789222399995395300,38.14939526367188,-0.18530674278736115,-0.33063143491744995,0.46362730860710144
1789222400005389600,38.1593896484375,-0.35466113686561584,-0.01655633933842182,0.5658674240112305
1789222400015383600,38.16938354492188,-0.3101741075515747,0.14334464073181152,0.34588098526000977
1789222400025377500,38.17937744140625,-0.06871648132801056,-0.0020743361674249172,-0.17555052042007446
1789222400035371500,38.18937158203125,0.2333965003490448,-0.02022005058825016,-0.5621418952941895
1789222400045365500,38.199365478515624,0.4607503116130829,-0.13862286508083344,-0.7002350687980652
1789222400055359500,38.209359375,0.5077095627784729,-0.504413902759552,-0.4822675883769989
1789222400065353700,38.219353759765625,0.3491457402706146,-0.48261380195617676,-0.10820556432008743
1789222400075346400,38.22934643554687,0.10234794020652771,0.04471101239323616,0.07461751252412796
1789222400085340400,38.23934033203125,-0.10743431746959686,0.2875087559223175,0.38776957988739014
1789222400095334700,38.249334716796874,-0.2735244929790497,0.5550842881202698,0.31207454204559326
1789222400105328600,38.25932861328125,-0.2976894676685333,0.6978326439857483,0.014026602730154991
1789222400115322600,38.26932250976562,-0.13526035845279694,0.3464519679546356,-0.03699183836579323
1789222400125316600,38.279316650390626,0.18523536622524261,-0.1095091849565506,-0.28640246391296387
1789222400135310300,38.28931030273438,0.44230523705482483,-0.26714247465133667,-0.2452363818883896
1789222400145304300,38.29930419921875,0.4687504470348358,-0.013665478676557541,-0.12715661525726318
1789222400155298600,38.30929858398437,0.3102231025695801,0.18966633081436157,-0.09705757349729538
1789222400165292500,38.31929248046875,0.042005505412817,0.0823017954826355,0.21292345225811005
1789222400175286500,38.32928662109375,-0.21115724742412567,0.13192448019981384,0.12891244888305664
1789222400185280500,38.339280517578125,-0.356435626745224,0.23876410722732544,0.024101341143250465
1789222400195274500,38.3492744140625,-0.34889620542526245,0.41075050830841064,-0.04045901075005531
1789222400205268700,38.359268798828126,-0.22564271092414856,0.33435800671577454,-0.09940621256828308
1789222400215262500,38.36926245117188,-0.07531605660915375,-0.28571218252182007,0.15788178145885468
1789222400225257200,38.37925732421875,-0.06806959956884384,-0.3949950039386749,0.3142088055610657
1789222400235251200,38.38925122070312,-0.11162053793668747,-0.10802686959505081,-0.1256074607372284
1789222400245245200,38.3992451171875,-0.20249158143997192,-0.20902246236801147,-0.22302429378032684
1789222400255239200,38.4092392578125,-0.4313090443611145,-0.08778417855501175,-0.16608192026615143
1789222400265232100,38.41923217773437,-0.5957800149917603,-0.15785087645053864,-0.17614945769309998
1789222400275226000,38.42922607421875,-0.5400970578193665,-0.5149278044700623,-0.05323712155222893
1789222400285220000,38.43922021484375,-0.358639121055603,-0.31901100277900696,0.01359463855624199
1789222400295214000,38.449214111328125,-0.1674414575099945,0.31972765922546387,-0.22022344172000885
1789222400305208300,38.45920825195312,-0.1065397560596466,0.3606641888618469,-0.069822758436203
1789222400315202300,38.469202392578126,-0.235525444149971,0.05669550225138664,0.237005352973938
1789222400325196000,38.47919604492188,-0.42329666018486023,-0.11937832832336426,0.1508113443851471
1789222400335190000,38.48918994140625,-0.5026644468307495,-0.43618157505989075,0.02696210891008377
1789222400345184000,38.49918408203125,-0.5379230976104736,-0.49446672201156616,-0.06053498387336731
1789222400355178200,38.50917822265625,-0.5428217053413391,-0.3144862949848175,-0.07679757475852966
1789222400365172200,38.51917211914063,-0.4712945520877838,0.05765184387564659,-0.10322891920804977
1789222400375166200,38.529166259765624,-0.2597367763519287,0.01732093282043934,-0.05566912144422531
1789222400385160200,38.53916015625,-0.11034621298313141,-0.1388084888458252,0.09783867746591568
1789222400395154200,38.549154296875,-0.05897463485598564,-0.034809913486242294,-0.11953359097242355
1789222400405148000,38.55914794921875,-0.08868139982223511,-0.30044957995414734,0.19754396378993988
1789222400415142100,38.56914208984375,-0.24235698580741882,-0.17055176198482513,0.25406715273857117
1789222400425136000,38.57913623046875,-0.36739158630371094,0.08338037878274918,-0.0345957949757576
1789222400435130000,38.58913012695312,-0.3922785520553589,-0.08932694792747498,0.2056245356798172
1789222400445124000,38.5991240234375,-0.3317513167858124,-0.1988276094198227,0.20696942508220673
1789222400455118000,38.6091181640625,-0.2646028995513916,-0.16092230379581451,0.2450885772705078
1789222400465111300,38.619111328125,-0.1912250816822052,0.11982227116823196,0.07128962874412537
1789222400475105000,38.62910498046875,-0.04772225022315979,-0.037639252841472626,-0.13423769176006317
1789222400485099000,38.63909912109375,0.13873177766799927,-0.6231919527053833,-0.1642419397830963
1789222400495093000,38.649093017578124,0.17475689947605133,-0.5746070742607117,-0.1417643278837204
1789222400505087200,38.65908715820313,0.11323601007461548,-0.27636393904685974,0.10935764759778976
1789222400515081200,38.669081298828125,-0.027148529887199402,0.3179630637168884,0.23576432466506958
1789222400525075200,38.6790751953125,-0.15075889229774475,0.6873352527618408,0.07988524436950684
1789222400535069200,38.689069091796874,-0.14547890424728394,0.158977672457695,0.23311953246593475
1789222400545063200,38.69906323242188,-0.13229359686374664,-0.1247139722108841,0.25783392786979675
1789222400555057200,38.70905712890625,-0.1051248237490654,-0.27017104625701904,0.5314817428588867
1789222400565051100,38.71905102539063,-0.04490489140152931,-0.055504269897937775,0.5329989194869995
1789222400575045000,38.729045166015624,0.08102188259363174,0.06866241991519928,0.13656502962112427
1789222400585039000,38.7390390625,0.2850083112716675,-0.31171420216560364,-0.35331517457962036
1789222400595033000,38.749033203125,0.4328973591327667,-0.39593562483787537,-0.7156909704208374
1789222400605027000,38.759027099609376,0.3442753553390503,0.19222776591777802,-0.5445301532745361
1789222400615021300,38.76902124023437,0.1889086663722992,0.44129830598831177,-0.21847428381443024
1789222400625015300,38.77901538085938,0.1076260656118393,0.014563762582838535,0.17593321204185486
1789222400635008000,38.789008056640625,0.04235544800758362,-0.09404260665178299,0.2743932008743286
1789222400645002200,38.79900219726562,-0.029566947370767593,0.01386681292206049,0.34530147910118103
1789222400654996200,38.808996337890626,-0.08267277479171753,0.08181151002645493,0.45336800813674927
1789222400664990200,38.818990234375,-0.02159743756055832,0.4095824658870697,-0.1024928167462349
1789222400674984200,38.828984130859375,0.09323780238628387,0.4463886618614197,-0.4079264998435974
1789222400684978200,38.83897827148437,0.17383624613285065,-0.08236224949359894,-0.45366203784942627
1789222400694972200,38.84897216796875,0.21313996613025665,-0.8341507911682129,-0.39483121037483215
1789222400704966100,38.85896606445313,0.19408079981803894,-0.8442167043685913,-0.21833206713199615
1789222400714960100,38.868960205078125,0.12811243534088135,-0.14323891699314117,-0.060937121510505676
1789222400724954000,38.8789541015625,-0.0151986600831151,0.37375175952911377,0.08320087939500809
1789222400734948000,38.88894799804687,-0.23172910511493683,0.48681092262268066,0.2544253468513489
1789222400744942000,38.89894213867188,-0.4663567841053009,0.5746473073959351,0.3890920877456665
1789222400754936300,38.908936279296874,-0.4812585115432739,0.13238520920276642,0.27305150032043457
1789222400764930300,38.91893041992188,-0.3125635087490082,-0.3305978775024414,-0.15567108988761902
1789222400774924000,38.92892407226562,-0.12541517615318298,-0.31047236919403076,-0.37872013449668884
1789222400784918000,38.93891796875,-0.020907944068312645,-0.30053213238716125,-0.08053425699472427
1789222400794912000,38.948912109375,0.09068622440099716,-0.3652634620666504,-0.28995007276535034
1789222400804906200,38.95890625,0.09209317713975906,-0.3204120993614197,-0.2749015986919403
1789222400814899200,38.968899169921876,-0.19406189024448395,0.38059768080711365,-0.12443460524082184
1789222400824893200,38.97889306640625,-0.4019474387168884,0.32197830080986023,-0.3087937831878662
1789222400834887000,38.988886962890625,-0.44794610142707825,-0.605208694934845,0.09814680367708206
1789222400844881200,38.99888110351562,-0.4257928431034088,-0.5336775183677673,0.25861212611198425
1789222400854875100,39.008875244140626,-0.27121207118034363,-0.1148163303732872,0.16643159091472626
1789222400864869000,39.018869140625,-0.07320443540811539,0.012024970725178719,0.10958828032016754
1789222400874863000,39.028863037109375,-0.1003391221165657,0.3428998291492462,0.03295821696519852
1789222400884857000,39.03885717773438,-0.2770233452320099,0.3325878083705902,0.012768259271979332
1789222400894851300,39.048851318359375,-0.3376840353012085,-0.44660812616348267,-0.03911757469177246
1789222400904845300,39.05884521484375,-0.2569974362850189,-1.1583235263824463,0.11388901621103287
1789222400914839000,39.068839111328124,-0.19479691982269287,-0.6689695715904236,0.31296616792678833
1789222400924833000,39.0788330078125,-0.17627888917922974,0.3039500415325165,0.4623173177242279
1789222400934827000,39.08882690429687,-0.10028506070375443,0.6216009855270386,0.3809790313243866
1789222400944821000,39.09882104492188,-0.015135277062654495,0.2599351704120636,-0.0002585929469205439
1789222400954815200,39.108815185546874,0.001050617080181837,-0.26871243119239807,-0.26204439997673035
1789222400964809200,39.11880932617188,-0.04940243810415268,-0.7064002752304077,-0.015793077647686005
1789222400974803200,39.12880322265625,-0.0918167382478714,-0.67088782787323,0.16639083623886108
1789222400984796200,39.13879614257812,-0.04614485800266266,-0.21895632147789001,0.061881743371486664
1789222400994790100,39.1487900390625,0.04802718013525009,0.2589186429977417,-0.2750118672847748
1789222401004784000,39.1587841796875,0.03684643283486366,0.23060578107833862,-0.022889869287610054
1789222401014778000,39.168778076171876,-0.1126735508441925,0.17569991946220398,0.15943999588489532
1789222401024772000,39.17877221679687,-0.13013429939746857,-0.2465629130601883,-0.02436659298837185
1789222401034766000,39.18876611328125,-0.07545854151248932,-0.7554096579551697,0.21541963517665863
1789222401044760300,39.19876025390625,-0.07259643822908401,-0.36950746178627014,0.020140688866376877
1789222401054754300,39.20875439453125,0.04331444948911667,-0.2951080799102783,-0.030962709337472916
1789222401064748000,39.218748046875,0.12561731040477753,-0.0006737797521054745,0.026492593809962273
1789222401074742000,39.228741943359374,0.039860863238573074,0.7909700274467468,-0.12471876293420792
1789222401084736000,39.23873608398438,-0.12655234336853027,0.5324399471282959,0.36091798543930054
1789222401094730200,39.248730224609375,-0.22775380313396454,-0.5086224675178528,0.6118713617324829
1789222401104724200,39.25872412109375,-0.2541539967060089,-0.9029149413108826,0.3545013666152954
1789222401114718200,39.26871826171875,-0.17114858329296112,-0.670518696308136,0.44033050537109375
1789222401124712200,39.27871215820313,0.0346679650247097,-0.24541935324668884,0.08376653492450714
1789222401134706200,39.2887060546875,0.3380044102668762,0.04555043950676918,-0.7970777153968811
1789222401144700200,39.2987001953125,0.5326732397079468,0.010004963725805283,-0.5640119910240173
1789222401154693000,39.30869311523438,0.4959658086299896,0.3464820384979248,-0.3390158712863922
1789222401164687000,39.31868701171875,0.3247900605201721,0.06042446196079254,-0.15208300948143005
1789222401174681000,39.32868115234375,0.04043184593319893,-0.5537798404693604,0.5397244691848755
1789222401184675300,39.33867529296875,-0.20326097309589386,-0.39891329407691956,0.6221352219581604
1789222401194669300,39.34866943359375,-0.2987872362136841,0.08719482272863388,0.3646671772003174
1789222401204663000,39.3586630859375,-0.2372434437274933,0.5427541136741638,-0.09146733582019806
1789222401214657000,39.368656982421875,-0.06264287233352661,0.45903629064559937,-0.21129706501960754
1789222401224653600,39.378653564453124,0.17851008474826813,-0.19638656079769135,-0.12136797606945038
1789222401234647600,39.3886474609375,0.40341803431510925,-0.7603476643562317,-0.3582553565502167
1789222401244641300,39.39864135742187,0.6237067580223083,-1.3282161951065063,-0.3229024112224579
1789222401254635300,39.40863525390625,0.584438681602478,-0.7787320017814636,0.05456577241420746
1789222401264629200,39.41862915039062,0.31920862197875977,0.791115939617157,-0.10481137037277222
1789222401274623500,39.42862353515625,0.031445808708667755,1.396338701248169,0.11015260219573975
1789222401284617500,39.43861743164062,-0.17425169050693512,0.674031674861908,0.6731690764427185
1789222401294611500,39.44861157226563,-0.28539684414863586,0.04710306227207184,0.3388667404651642
1789222401304605400,39.45860546875,-0.09577898681163788,-0.7563167214393616,0.12476084381341934
1789222401314598400,39.46859838867187,0.2735236883163452,-1.1005995273590088,0.29173412919044495
1789222401324592400,39.47859228515625,0.6220188140869141,-0.2796953022480011,-0.23839180171489716
1789222401334586400,39.48858642578125,0.7625165581703186,0.6209562420845032,-0.4764682650566101
1789222401344580400,39.498580322265624,0.6616525053977966,0.7897172570228577,-0.16049779951572418
1789222401354574300,39.50857421875,0.4864969551563263,0.17963235080242157,-0.1991698294878006
1789222401364568600,39.518568603515625,0.2613447904586792,-0.43609610199928284,-0.31714120507240295
1789222401374562600,39.5285625,0.10659462213516235,-0.7139319777488708,0.07889214903116226
1789222401384556300,39.538556396484374,0.08036088198423386,-0.08541876077651978,0.13527926802635193
1789222401394550300,39.54855029296875,0.2354183793067932,0.583991289138794,-0.054486144334077835
1789222401404544300,39.55854418945312,0.37948286533355713,0.6103035807609558,0.3188837170600891
1789222401414538500,39.56853857421875,0.33375611901283264,0.5671249628067017,0.30464112758636475
1789222401424532500,39.578532470703124,0.2781834304332733,-0.07798827439546585,-0.01053519919514656
1789222401434526500,39.5885263671875,0.24538925290107727,-0.7319203019142151,-0.0993521511554718
1789222401444520400,39.5985205078125,0.2371358573436737,-0.4065499007701874,-0.3250313401222229
1789222401454514400,39.608514404296876,0.25278112292289734,0.08755861222743988,-0.253437340259552
1789222401464508400,39.61850830078125,0.3769361078739166,0.45386070013046265,-0.5632902383804321
1789222401474501400,39.62850146484375,0.4164896309375763,0.5408470034599304,-0.1762663722038269
1789222401484495400,39.638495361328125,0.33540835976600647,0.43917417526245117,0.17581497132778168
1789222401494489300,39.6484892578125,0.3259482681751251,-0.458315908908844,0.15942586958408356
1789222401504483600,39.658483642578126,0.3132178485393524,-0.9077179431915283,0.2723233997821808
1789222401514477600,39.6684775390625,0.19955119490623474,0.2828095853328705,0.04798110947012901
1789222401524471300,39.67847119140625,0.09310677647590637,1.0435383319854736,-0.04988713189959526
1789222401534465300,39.68846533203125,0.09221701323986053,0.515187680721283,-0.04881734028458595
1789222401544459300,39.698459228515624,0.10726813226938248,-0.0214829221367836,-0.11067698150873184
1789222401554453200,39.70845336914063,0.18280816078186035,-0.27377161383628845,-0.3647976815700531
1789222401564447500,39.718447509765625,0.24411199986934662,-0.6166070103645325,-0.19814051687717438
1789222401574441500,39.72844140625,0.2096317857503891,-0.290165513753891,-0.07965381443500519
1789222401584435500,39.738435546875,0.15499916672706604,0.4672534763813019,-0.17349562048912048
1789222401594429400,39.74842944335938,0.22388368844985962,0.2650713324546814,-0.143813356757164
1789222401604423200,39.75842309570312,0.3903200626373291,-0.3041290044784546,-0.4177152216434479
1789222401614417400,39.76841748046875,0.30918288230895996,-0.021267738193273544,-0.07189522683620453
1789222401624411400,39.77841137695312,0.16324032843112946,0.459214985370636,0.19067993760108948
1789222401634404400,39.788404296875,0.14404211938381195,0.5073609352111816,0.0677952915430069
1789222401644398300,39.7983984375,0.12070617824792862,0.5607136487960815,0.17855696380138397
1789222401654392600,39.808392578125,0.11895515024662018,0.6934317350387573,-0.1198478415608406
1789222401664386600,39.818386474609376,0.1744154840707779,-0.037028323858976364,-0.23808233439922333
1789222401674380300,39.82838037109375,0.28697532415390015,-0.8199923634529114,-0.1370750367641449
1789222401684374300,39.838374267578125,0.4035559892654419,-0.3538145422935486,-0.3238829970359802
1789222401694368300,39.8483681640625,0.42659100890159607,0.4602072834968567,-0.27382463216781616
1789222401704362500,39.858362548828126,0.3943678140640259,0.4572722017765045,-0.13582360744476318
1789222401714356500,39.8683564453125,0.24381212890148163,0.17720860242843628,0.06568233668804169
1789222401724350500,39.8783505859375,0.0278521366417408,0.22215184569358826,0.16045305132865906
1789222401734344400,39.88834448242188,-0.04420767351984978,0.05983297526836395,0.22936874628067017
1789222401744338400,39.89833837890625,-0.013738448731601238,-0.14130465686321259,0.5079878568649292
1789222401754332400,39.90833251953125,0.023183615878224373,0.36961957812309265,0.44682782888412476
1789222401764326400,39.918326416015624,0.04147021099925041,0.9627191424369812,0.3935624659061432
1789222401774320400,39.9283203125,0.1109427660703659,0.92686527967453,0.06734441965818405
1789222401784313300,39.938313232421876,0.17958973348140717,0.3844802975654602,-0.39568209648132324
1789222401794307600,39.9483076171875,0.190679132938385,-0.3556230962276459,-0.45760270953178406
1789222401804301600,39.95830151367188,0.1539301723241806,-0.8871873617172241,-0.1486821472644806
1789222401814295300,39.96829541015625,0.14252252876758575,-0.752846896648407,-0.023198796436190605
1789222401824289300,39.978289306640626,0.11903823912143707,0.04386652261018753,-0.07491844892501831
1789222401834283300,39.988283203125,-0.03176139295101166,0.7801557183265686,-0.01480637677013874
1789222401844277500,39.99827758789063,-0.3109658658504486,0.8716675043106079,0.518912672996521
1789222401854271500,40.008271484375,-0.5126129388809204,0.6055623292922974,0.46018412709236145
1789222401864265500,40.018265380859376,-0.42094242572784424,-0.12124759703874588,0.1883310228586197
1789222401874259500,40.02825952148437,-0.2233547866344452,-0.643844485282898,0.32100945711135864
1789222401884253400,40.03825341796875,-0.02744334191083908,-0.3353455066680908,-0.21214234828948975
1789222401894247200,40.0482470703125,0.13513784110546112,0.06103059649467468,-0.45284390449523926
1789222401904241400,40.058241455078125,0.1232079491019249,0.41961005330085754,-0.027643078938126564
1789222401914235400,40.0682353515625,-0.08020695298910141,0.9048662185668945,-0.2859622538089752
1789222401924229400,40.0782294921875,-0.3411032557487488,0.11256036907434464,-0.16267547011375427
1789222401934222300,40.088222412109374,-0.5492588877677917,-0.9961961507797241,0.3029324412345886
1789222401944216600,40.09821655273438,-0.5694559812545776,-0.8101115226745605,0.013615144416689873
1789222401954210300,40.10821020507812,-0.4671381711959839,0.23819765448570251,-0.05486378073692322
1789222401964204300,40.11820434570313,-0.3521260917186737,0.8665870428085327,-0.0013869742397218943
1789222401974198300,40.1281982421875,-0.23973695933818817,0.22333428263664246,0.06743203848600388
1789222401984192300,40.138192138671876,-0.12275947630405426,-0.5898669958114624,-0.01315282005816698
1789222401994186500,40.1481865234375,-0.11068043857812881,-0.5505079030990601,-0.2738049030303955
1789222402004180500,40.15818041992188,-0.22817058861255646,-0.36338940262794495,-0.403849720954895
1789222402014174500,40.16817456054687,-0.4357791841030121,-0.31462371349334717,-0.07605215907096863
1789222402024168400,40.17816845703125,-0.553506076335907,0.20472490787506104,-0.17125563323497772
1789222402034162200,40.188162109375,-0.5055835247039795,0.33550503849983215,0.06132567673921585
1789222402044156400,40.198156494140626,-0.3882089853286743,0.14086923003196716,0.3171553313732147
1789222402054150400,40.208150390625,-0.22412949800491333,-0.03518674895167351,-0.08698177337646484
1789222402064144400,40.218144287109375,-0.08575405180454254,-0.3689500689506531,-0.07457569986581802
1789222402074138400,40.22813842773437,0.0024045680183917284,-0.4260636866092682,-0.11936420947313309
1789222402084131600,40.23813159179687,0.005650429055094719,-0.3199159502983093,-0.09948371350765228
1789222402094125600,40.24812548828125,-0.0776391327381134,0.07963117957115173,-0.12312645465135574
1789222402104119300,40.25811938476563,-0.16163337230682373,0.2427694946527481,-0.21611471474170685
1789222402114113300,40.26811328125,-0.20145589113235474,-0.08339795470237732,-0.10231545567512512
1789222402124107300,40.27810717773438,-0.22841426730155945,-0.16843615472316742,0.004779841285198927
1789222402134101500,40.2881015625,-0.19872348010540009,-0.13626116514205933,0.06914977729320526
1789222402144095500,40.29809545898438,-0.09487298130989075,-0.1584908366203308,0.16644756495952606
1789222402154089500,40.30808935546875,0.04637175798416138,0.003306048223748803,0.017766479402780533
1789222402164083500,40.31808349609375,0.12931032478809357,0.08133959770202637,-0.05516897886991501
1789222402174077400,40.32807739257812,0.1181066632270813,-0.04556668549776077,0.03452788293361664
1789222402184071400,40.33807153320313,0.08795382082462311,-0.0853191614151001,-0.11692022532224655
1789222402194065400,40.3480654296875,-0.012938435189425945,0.284933477640152,0.0006889597862027586
1789222402204059400,40.358059326171876,-0.08752478659152985,0.48608043789863586,0.11413829028606415
1789222402214053400,40.36805346679687,-0.07050292938947678,0.006543120369315147,0.23005476593971252
1789222402224044000,40.3780439453125,-0.04969565197825432,-0.3566926121711731,0.40934863686561584
1789222402234038000,40.3880380859375,0.003326554549857974,-0.1384870409965515,0.2551044523715973
1789222402244032300,40.3980322265625,0.18387901782989502,-0.19452287256717682,0.02562892995774746
1789222402254026200,40.408026123046874,0.32953181862831116,-0.3166746199131012,0.05335643142461777
1789222402264020200,40.41802026367188,0.3487483859062195,0.2068844735622406,-0.21064965426921844
1789222402274014200,40.42801416015625,0.22078563272953033,0.74440598487854,-0.056300558149814606
1789222402284008000,40.438008056640626,0.04838084802031517,0.6124261021614075,0.09470387548208237
1789222402294002200,40.44800219726562,-0.02551494725048542,-0.28332996368408203,0.22389008104801178
1789222402303996200,40.45799609375,-0.052383579313755035,-0.5992842316627502,0.45773106813430786
1789222402313990100,40.467990234375,-0.017957428470253944,0.05546379089355469,0.2699185609817505
1789222402323984100,40.477984130859376,0.14899401366710663,0.2915428876876831,-0.059596750885248184
1789222402333978000,40.48797802734375,0.27054306864738464,0.353971391916275,-0.12516483664512634
1789222402343972000,40.49797216796875,0.33642223477363586,0.3522728383541107,-0.3995652496814728
1789222402353966300,40.50796630859375,0.35754695534706116,-0.41309303045272827,-0.23649775981903076
1789222402363959000,40.517958984375,0.1711089015007019,-0.5335920453071594,-0.03528102487325668
1789222402373953000,40.527953125,-0.04271204397082329,-0.06616676598787308,-0.08277903497219086
1789222402383947000,40.53794702148438,-0.13001419603824615,0.07671608030796051,0.13769714534282684
1789222402393941200,40.547941162109375,-0.13334953784942627,0.3401471972465515,0.1961527317762375
1789222402403935200,40.55793530273438,-0.14249110221862793,0.8017123937606812,-0.11468370258808136
1789222402413929200,40.56792919921875,-0.11981348693370819,0.4593508243560791,-0.1582532823085785
1789222402423923200,40.57792309570313,-0.011973571963608265,-0.4880221486091614,0.07851318269968033
1789222402433917000,40.5879169921875,0.1264341026544571,-0.9197825789451599,-0.01022787019610405
1789222402443911200,40.5979111328125,0.127431720495224,-0.431721031665802,-0.13678954541683197
1789222402453905200,40.6079052734375,-0.057070210576057434,0.3561815619468689,-0.1354944407939911
1789222402463899100,40.61789916992188,-0.25593456625938416,0.44147834181785583,-0.1599332094192505
1789222402473893000,40.62789306640625,-0.3287062346935272,-0.20401491224765778,0.0194325540214777
1789222402483887000,40.63788720703125,-0.2613184154033661,-0.41275906562805176,-0.009676063433289528
1789222402493881300,40.64788134765625,-0.10341427475214005,-0.20263007283210754,-0.13579058647155762
1789222402503874000,40.6578740234375,0.04060202091932297,-0.031251128762960434,-0.017435450106859207
1789222402513868000,40.667867919921875,0.09440693259239197,0.46481722593307495,-0.04711371660232544
1789222402523862000,40.67786206054687,-0.009079515002667904,0.8262478709220886,0.119529590010643
1789222402533856300,40.687856201171876,-0.13266776502132416,0.18886259198188782,0.022351378574967384
1789222402543850200,40.69785034179687,-0.25136804580688477,-0.9682811498641968,0.1636589765548706
1789222402553844200,40.70784423828125,-0.3040727972984314,-1.0524088144302368,-0.0564291886985302
1789222402563838200,40.71783813476563,-0.22719959914684296,-0.28652551770210266,-0.2221614271402359
1789222402573832000,40.72783203125,-0.08231031894683838,0.4883861839771271,-0.1671096235513687
1789222402583826200,40.737826171875,0.06944272667169571,0.5932926535606384,-0.14776761829853058
1789222402593820200,40.747820068359374,0.1132032573223114,0.11986488848924637,0.05151272565126419
1789222402603814100,40.75781420898438,0.049051433801651,-0.3353519141674042,0.3817915618419647
1789222402613808000,40.76780810546875,-0.12613902986049652,-0.29143664240837097,0.6266170144081116
1789222402623802000,40.77780200195313,-0.24973659217357635,0.01576937548816204,0.21328963339328766
1789222402633796000,40.787796142578124,-0.19548773765563965,0.05235721543431282,-0.2951940894126892
1789222402643789000,40.7977890625,-0.03766029328107834,-0.19502514600753784,-0.28131183981895447
1789222402653783000,40.807782958984376,0.1812094748020172,-0.2350258231163025,-0.2723023593425751
1789222402663777000,40.81777709960937,0.29734674096107483,-0.08693383634090424,0.024024909362196922
1789222402673771300,40.82777124023438,0.3014224171638489,0.09593398869037628,0.05134547874331474
1789222402683765200,40.83776513671875,0.15201109647750854,-0.009591640904545784,0.34797340631484985
1789222402693759200,40.84775927734375,-0.14193663001060486,0.2038617879152298,0.5343835353851318
1789222402703753200,40.85775317382812,-0.3989340662956238,0.43055057525634766,0.3546648919582367
1789222402713747200,40.867747314453126,-0.4208902418613434,0.053823016583919525,0.2089151293039322
1789222402723741000,40.87774096679688,-0.21719783544540405,-0.3462551534175873,0.038717567920684814
1789222402733735200,40.887735107421875,0.19470396637916565,-0.4666811525821686,-0.6921478509902954
1789222402743729200,40.89772924804687,0.630312979221344,-0.7195016741752625,-0.5706339478492737
1789222402753723100,40.90772314453125,0.6390886306762695,0.20906053483486176,-0.07647879421710968
1789222402763717000,40.91771704101563,0.3167462646961212,1.3602886199951172,-0.06440296024084091
1789222402773710300,40.92771044921875,-0.0347055159509182,0.48490118980407715,0.47901585698127747
1789222402783704000,40.9377041015625,-0.42995405197143555,-0.49216094613075256,0.9456895589828491
1789222402793698000,40.94769799804688,-0.6761760711669922,-0.28332170844078064,0.39205512404441833
1789222402803692000,40.957692138671874,-0.4616195559501648,-0.567025363445282,-0.07308406382799149
1789222402813686000,40.96768603515625,-0.0012141350889578462,-0.7191978096961975,-0.4467647075653076
1789222402823680300,40.97768017578125,0.3998914659023285,0.23758593201637268,-0.86799556016922
1789222402833674200,40.98767431640625,0.7083598375320435,0.5815787315368652,-0.7419705390930176
1789222402843668200,40.99766821289062,0.765699028968811,-0.07182971388101578,-0.2904810905456543
1789222402853662200,41.007662109375,0.35768356919288635,-0.19991257786750793,0.29650595784187317
1789222402863656000,41.01765600585937,-0.23475950956344604,0.04500342905521393,0.7419928908348083
1789222402873650200,41.027650146484376,-0.6407656073570251,0.0677390992641449,0.7086495757102966
1789222402883644200,41.03764404296875,-0.7058732509613037,0.14360031485557556,0.3758982717990875
1789222402893638100,41.04763818359375,-0.508087694644928,0.389392226934433,-0.08306585997343063
1789222402903631000,41.057631103515625,-0.14815537631511688,-0.03803420066833496,-0.315756618976593
1789222402913625300,41.06762524414062,0.24088771641254425,-0.49709391593933105,-0.5684517025947571
1789222402923619000,41.077619140625,0.45655688643455505,-0.45359545946121216,-0.20976467430591583
1789222402933613000,41.08761303710938,0.5175981521606445,-0.3384198546409607,-0.2205536812543869
1789222402943607000,41.09760693359375,0.3653974235057831,-0.46631816029548645,-0.1343761831521988
1789222402953601000,41.10760107421875,-0.05706515163183212,-0.06151555851101875,0.33575084805488586
1789222402963595300,41.11759521484375,-0.4341202974319458,0.493058443069458,0.29868975281715393
1789222402973589200,41.12758935546875,-0.4977472126483917,0.3412233591079712,0.030540332198143005
1789222402983583200,41.137583251953124,-0.2784843444824219,-0.06345460563898087,-0.17642056941986084
1789222402993577200,41.1475771484375,-0.01798059791326523,-0.19409623742103577,-0.21540765464305878
1789222403003571000,41.15757104492187,0.2537529170513153,-0.29543671011924744,-0.1915619820356369
1789222403013565200,41.16756518554688,0.4892634451389313,-0.20627647638320923,-0.11240643262863159
1789222403023559200,41.17755908203125,0.5452287197113037,-0.051179565489292145,-0.014285461977124214
1789222403033553200,41.18755322265625,0.32558155059814453,0.2602321207523346,-0.029630329459905624
1789222403043546000,41.197546142578126,0.039561789482831955,0.3459118604660034,-0.11102905124425888
1789222403053540400,41.20754028320312,-0.04285265877842903,-0.007169762160629034,-0.0823497325181961
1789222403063534300,41.21753442382813,0.031370438635349274,0.020249078050255775,-0.09689965099096298
1789222403073528000,41.22752807617187,0.20108357071876526,0.17351080477237701,-0.05844147130846977
1789222403083522000,41.23752197265625,0.43075910210609436,-0.24753762781620026,0.2515459358692169
1789222403093516000,41.24751611328125,0.4855605661869049,-0.021283451467752457,0.2632899582386017
1789222403103510000,41.257510009765625,0.35362279415130615,0.5558821558952332,0.2889881432056427
1789222403113504300,41.26750415039062,0.15380367636680603,0.511069118976593,0.23632411658763885
1789222403123498200,41.277498291015625,0.028201011940836906,-0.05878954753279686,-0.16715410351753235
1789222403133492200,41.2874921875,-0.04718801751732826,-0.3649904727935791,-0.02381771430373192
1789222403143486200,41.297486328125,0.1027868315577507,-0.20908477902412415,-0.16815970838069916
1789222403153480000,41.30747998046875,0.43250107765197754,-0.22376784682273865,0.006708502769470215
1789222403163473200,41.31747314453125,0.5884190201759338,0.321173757314682,0.17909225821495056
1789222403173467100,41.32746704101562,0.537445604801178,0.8777720332145691,0.025649704039096832
1789222403183461000,41.33746118164063,0.38894668221473694,0.2408011555671692,0.18980322778224945
1789222403193455000,41.347455078125,0.13841353356838226,-0.2889503240585327,0.09567832201719284
1789222403203449300,41.35744946289063,-0.08938394486904144,-0.0016855146968737245,-0.1526891440153122
1789222403213443000,41.36744311523437,-0.10209254920482635,0.1377384215593338,-0.10455357283353806
1789222403223437600,41.3774375,0.0972069799900055,0.05276467651128769,-0.2410736083984375
1789222403233431600,41.387431640625,0.2737724184989929,0.2810005247592926,-0.2401401698589325
1789222403243425500,41.39742553710938,0.4346148371696472,0.3520137071609497,-0.2959240674972534
1789222403253419500,41.40741943359375,0.531528890132904,-0.1478792130947113,-0.2520061433315277
1789222403263413800,41.41741381835938,0.33233481645584106,-0.11360166221857071,0.041187651455402374
1789222403273407700,41.42740771484375,-0.01480451226234436,0.4321117401123047,0.09149609506130219
1789222403283401700,41.43740161132813,-0.1926453411579132,0.17710447311401367,0.25010812282562256
1789222403293394700,41.44739477539063,-0.27083122730255127,-0.02414075657725334,0.3635222911834717
1789222403303388700,41.457388671875,-0.31477418541908264,0.3027055263519287,0.10270267724990845
1789222403313382700,41.467382568359376,-0.2383209615945816,0.1566694974899292,-0.05354178696870804
1789222403323376600,41.47737670898437,-0.026503778994083405,-0.1557360738515854,-0.2118730992078781
1789222403333370600,41.48737060546875,0.17912767827510834,-0.020051738247275352,-0.3690864145755768
1789222403343364600,41.49736450195312,0.23878781497478485,0.19159260392189026,-0.26234185695648193
1789222403353358800,41.50735888671875,0.1500731259584427,0.15931881964206696,-0.16125306487083435
1789222403363352600,41.5173525390625,-0.0026575683150440454,-0.14685602486133575,0.031794946640729904
1789222403373346600,41.5273466796875,-0.17823044955730438,-0.08547814935445786,0.1120743378996849
1789222403383340500,41.53734057617187,-0.2958851754665375,0.3724374771118164,-0.2598930895328522
1789222403393334500,41.54733447265625,-0.14375664293766022,-0.3152543604373932,-0.27703025937080383
1789222403403328800,41.55732885742187,0.007050719112157822,-0.7390000224113464,-0.05663957819342613
1789222403413322800,41.56732275390625,-0.008476574905216694,0.22825181484222412,-0.1602461338043213
1789222403423315700,41.577315673828124,-0.03939241170883179,0.679399847984314,0.013064136728644371
1789222403433309400,41.58730932617188,0.027713386341929436,-0.20498085021972656,0.1067458838224411
1789222403443303700,41.5973037109375,0.0015592807903885841,-0.4173559546470642,-0.16347867250442505
1789222403453297700,41.60729760742188,-0.1430003046989441,0.47626426815986633,-0.1385674625635147
1789222403463291600,41.617291748046874,-0.12630893290042877,0.7593750953674316,-0.151637464761734
1789222403473285600,41.62728564453125,0.022977488115429878,-0.005275722127407789,-0.03748505562543869
1789222403483279600,41.63727954101562,0.03195500373840332,-0.16308851540088654,0.07382042706012726
1789222403493273900,41.64727392578125,-0.007049920037388802,0.03966698423027992,-0.02593279629945755
1789222403503267600,41.657267578125,0.01206864695996046,-0.27640390396118164,0.16718633472919464
1789222403513261600,41.667261474609376,-0.07015884667634964,-0.11285784095525742,0.11783049255609512
1789222403523255600,41.67725561523437,-0.2584741711616516,0.25803500413894653,0.18327182531356812
1789222403533249500,41.68724951171875,-0.39636385440826416,0.23926424980163574,0.506356954574585
1789222403543242800,41.69724267578125,-0.360811710357666,0.12216905504465103,0.3638423979282379
1789222403553236700,41.70723681640625,-0.2472558617591858,0.11756977438926697,0.08942735195159912
1789222403563230700,41.717230712890625,-0.20601068437099457,0.11808882653713226,-0.0007249124464578927
1789222403573224400,41.72722436523438,-0.19145597517490387,-0.17987069487571716,-0.1446208357810974
1789222403583218700,41.73721875,-0.10349709540605545,-0.6320131421089172,-0.40692567825317383
1789222403593212700,41.74721264648438,-0.07698852568864822,-0.6811913251876831,-0.2362535446882248
1789222403603206700,41.75720654296875,-0.2185637652873993,-0.22277821600437164,0.17315393686294556
1789222403613200600,41.76720068359375,-0.33650344610214233,0.026932815089821815,0.3203761577606201
1789222403623194600,41.777194580078124,-0.3718459904193878,0.15107740461826324,0.3233756721019745
1789222403633188600,41.78718872070313,-0.24887560307979584,0.05583477020263672,0.27093642950057983
1789222403643182800,41.797182861328125,-0.10062248259782791,0.18687348067760468,-0.17262104153633118
1789222403653176600,41.80717651367188,-0.13976135849952698,0.4006478190422058,-0.16072656214237213
1789222403663169500,41.81716943359375,-0.2858929932117462,0.2663259506225586,0.12149181216955185
1789222403673163800,41.827163818359374,-0.28084230422973633,-0.2065310776233673,-0.016558470204472542
1789222403683157800,41.83715771484375,-0.07713047415018082,-0.8841106295585632,0.07953983545303345
1789222403693151700,41.84715185546875,-0.025542378425598145,-0.42438164353370667,-0.02383582480251789
1789222403703145700,41.85714575195313,-0.06163753196597099,-0.052015263587236404,-0.1009599044919014
1789222403713139500,41.86713940429688,-0.2023131549358368,0.4184776842594147,0.06288761645555496
1789222403723133400,41.877133544921875,-0.33177635073661804,0.8801984190940857,0.03448367491364479
1789222403733127700,41.88712768554687,-0.38246774673461914,0.35415515303611755,0.08574606478214264
1789222403743121700,41.89712158203125,-0.28962594270706177,-0.8845196962356567,0.08212310075759888
1789222403753115600,41.90711572265625,-0.18458715081214905,-1.13710618019104,0.06589273363351822
1789222403763109600,41.917109619140625,-0.10642444342374802,-0.16340383887290955,0.056838780641555786
1789222403773102800,41.927102783203125,-0.06993594020605087,0.7105987668037415,-0.004561196081340313
1789222403783096600,41.9370966796875,-0.1309894472360611,0.6963668465614319,-0.02636263146996498
1789222403793090600,41.947090576171874,-0.22303494811058044,0.03996526077389717,-0.07124888151884079
1789222403803084500,41.95708447265625,-0.2683273255825043,-0.7431356310844421,0.14780277013778687
1789222403813078500,41.96707861328125,-0.2448989599943161,-0.8586335182189941,0.04602767899632454
1789222403823072800,41.97707275390625,-0.12020843476057053,-0.4419052302837372,-0.11216329038143158
1789222403833066800,41.987066650390624,-0.020004067569971085,0.25414493680000305,-0.1130961924791336
1789222403843060700,41.99706079101563,0.07460526376962662,0.34946373105049133,-0.04408969730138779
1789222403853054700,42.0070546875,0.0741509273648262,0.01894998922944069,0.03551138937473297
1789222403863048400,42.01704833984375,-0.06781766563653946,-0.06247536092996597,0.012132562696933746
1789222403873042700,42.02704272460937,-0.15964345633983612,-0.42578965425491333,0.1776866465806961
1789222403883036700,42.03703662109375,-0.14606693387031555,-0.5333451628684998,0.17555664479732513
1789222403893029600,42.047029541015625,-0.05066557228565216,0.12264895439147949,-0.04277622699737549
1789222403903023600,42.05702368164062,0.005526325665414333,0.7614043951034546,0.1738692671060562
1789222403913017900,42.067017822265626,-0.043303266167640686,0.7752163410186768,0.366153746843338
1789222403923011600,42.07701147460938,-0.10178601741790771,0.15959258377552032,0.32244250178337097
1789222403933005600,42.087005615234375,-0.07038628309965134,-0.5515097379684448,0.05952218174934387
1789222403942999600,42.09699951171875,0.07159215956926346,-0.9042952656745911,-0.3273885250091553
1789222403952993500,42.10699365234375,0.1856260597705841,-0.6294583678245544,-0.3826126158237457
1789222403962987800,42.11698779296875,0.2161131203174591,0.19262804090976715,-0.4551483392715454
1789222403972981800,42.126981689453125,0.251270055770874,0.4655032455921173,-0.4533589780330658
1789222403982975700,42.13697583007813,0.22638200223445892,-0.08054917305707932,0.018924688920378685
1789222403992969700,42.1469697265625,-0.029161080718040466,-0.046789344400167465,0.3200336694717407
1789222404002963500,42.15696337890625,-0.3653838336467743,0.367084801197052,0.3153550326824188
1789222404012956700,42.16695678710938,-0.4902717173099518,0.1618666648864746,0.3916170299053192
1789222404022950700,42.17695068359375,-0.38960182666778564,-0.006903712637722492,-0.003204581793397665
1789222404032944600,42.186944580078126,-0.14012621343135834,0.011991681531071663,-0.37334907054901123
1789222404042938600,42.19693872070312,0.0531950443983078,0.15845222771167755,-0.37791961431503296
1789222404052932900,42.20693286132813,0.1990870088338852,-0.3324035108089447,-0.3808048665523529
1789222404062926600,42.21692651367187,0.28588661551475525,-1.2740461826324463,-0.2200484722852707
1789222404072920600,42.226920654296876,0.05657699331641197,-0.5456258058547974,-0.12392886728048325
1789222404082914600,42.23691455078125,-0.24913792312145233,0.5306771993637085,0.03555266931653023
1789222404092908500,42.246908447265625,-0.3775928318500519,0.2506260871887207,0.3238781988620758
1789222404102902500,42.25690258789062,-0.43304702639579773,-0.03116803988814354,0.30480650067329407
1789222404112896800,42.266896728515626,-0.47986194491386414,0.20660138130187988,0.3860931098461151
1789222404122890800,42.27689086914062,-0.4108458459377289,0.08664993941783905,0.4000496566295624
1789222404132883500,42.28688354492188,-0.18597573041915894,-0.4780227541923523,0.1454211175441742
1789222404142877700,42.296877685546875,-0.017778730019927025,-0.5316276550292969,-0.006326605565845966
1789222404152871700,42.30687158203125,0.07299990952014923,-0.1683216392993927,-0.40090587735176086
1789222404162865700,42.31686572265625,0.07340524345636368,-0.34009605646133423,-0.3873559832572937
1789222404172859600,42.32685961914063,0.016637032851576805,-0.5483672618865967,-0.20996467769145966
1789222404182853600,42.336853515625,-0.0918489620089531,-0.13984552025794983,-0.11601874977350235
1789222404192847600,42.34684765625,-0.27553731203079224,0.37023717164993286,0.12363219261169434
1789222404202841900,42.356841796875,-0.40319913625717163,0.32026588916778564,0.2658902704715729
1789222404212835600,42.36683569335938,-0.45072588324546814,-0.11027910560369492,0.6249578595161438
1789222404222829600,42.37682958984375,-0.40517866611480713,-0.004561994690448046,0.3339603841304779
1789222404232821500,42.386821533203126,-0.19590772688388824,-0.22257421910762787,0.01685408130288124
1789222404242815500,42.3968154296875,-0.03250334784388542,-0.6247589588165283,0.15172001719474792
1789222404252809500,42.4068095703125,-0.024639831855893135,-0.4371301829814911,-0.12390543520450592
1789222404262803500,42.41680346679688,-0.11329939216375351,-0.2504732310771942,-0.2068418562412262
1789222404272797700,42.426797607421875,-0.263603150844574,-0.10210905969142914,-0.15983280539512634
1789222404282791700,42.43679174804687,-0.4347735643386841,-0.03289642930030823,-0.0383220873773098
1789222404292785700,42.44678564453125,-0.5340040326118469,-0.1978936344385147,0.2380003184080124
1789222404302779600,42.45677954101563,-0.40228724479675293,-0.42627647519111633,0.17990584671497345
1789222404312773400,42.4667734375,-0.17844697833061218,-0.3878854215145111,0.3742268681526184
1789222404322767600,42.476767578125,-0.01932149939239025,0.2166510820388794,0.05320410057902336
1789222404332761600,42.48676171875,0.1281483769416809,0.00845447089523077,-0.21714989840984344
1789222404342755600,42.49675561523438,0.0839654728770256,-0.4788843095302582,0.018967032432556152
1789222404352748500,42.50674853515625,-0.11281230300664902,-0.34067049622535706,-0.14139467477798462
1789222404362742800,42.51674267578125,-0.23077835142612457,-0.41614076495170593,-0.11272202432155609
1789222404372736500,42.52673657226563,-0.1977682113647461,-0.5358519554138184,-0.003992611076682806
1789222404382730500,42.53673046875,-0.14191772043704987,-0.07812675833702087,-0.07824233919382095
1789222404392724500,42.546724365234375,-0.018694858998060226,0.07227259874343872,-0.01215626485645771
1789222404402718500,42.55671850585937,0.18627506494522095,-0.2221854031085968,-0.08418411761522293
1789222404412712400,42.56671240234375,0.26291152834892273,-0.19337265193462372,-0.05710216984152794
1789222404422706700,42.57670678710937,0.22780440747737885,-0.011140002869069576,-0.09283992648124695
1789222404432700700,42.58670068359375,0.22028416395187378,-0.1901174783706665,-0.16121764481067657
1789222404442694700,42.59669458007812,0.2437032014131546,-0.2683457136154175,-0.10813739150762558
1789222404452688400,42.6066884765625,0.2608262598514557,0.20084361732006073,-0.15033011138439178
1789222404462681600,42.616681640625,0.33159151673316956,0.49909743666648865,-0.23871298134326935
1789222404472675600,42.62667553710938,0.4384726881980896,0.1634613573551178,0.01595180295407772
1789222404482669600,42.636669677734375,0.4748096466064453,-0.0011113371001556516,0.08407492935657501
1789222404492663600,42.64666357421875,0.5421295762062073,-0.27595463395118713,0.20993672311306
1789222404502657500,42.656657470703124,0.5892728567123413,-0.30449599027633667,0.32553282380104065
1789222404512651500,42.66665161132813,0.5384810566902161,0.21019291877746582,0.13753922283649445
1789222404522645500,42.6766455078125,0.4264836609363556,0.49623826146125793,-0.050149451941251755
1789222404532639500,42.686639404296876,0.3504304587841034,0.4993850588798523,-0.40415412187576294
1789222404542633500,42.69663354492187,0.38704466819763184,0.1012272834777832,-0.6436679363250732
1789222404552627500,42.70662744140625,0.46726492047309875,-0.30932748317718506,-0.6437760591506958
1789222404562621700,42.71662158203125,0.5243404507637024,-0.32972782850265503,-0.4258016347885132
1789222404572614700,42.72661474609375,0.5796886682510376,-0.18943729996681213,-0.05958849564194679
1789222404582608400,42.7366083984375,0.5443309545516968,0.08957701921463013,0.3569040596485138
1789222404592602400,42.74660229492188,0.3459472954273224,0.5629525780677795,0.3876419961452484
1789222404602596600,42.7565966796875,0.07853821665048599,0.7090277671813965,0.4164201319217682
1789222404612590600,42.76659057617187,-0.11882998049259186,0.5541976690292358,0.26330381631851196
1789222404622584600,42.77658447265625,-0.0988839715719223,0.10948441922664642,-0.2787136435508728
1789222404632578600,42.78657861328125,0.20981474220752716,-0.6925867199897766,-0.47725391387939453
1789222404642572500,42.796572509765625,0.5382160544395447,-0.6148253679275513,-0.4065310060977936
1789222404652566800,42.80656689453125,0.7175807356834412,0.04361778497695923,-0.37993401288986206
1789222404662560500,42.816560546875,0.7030084729194641,0.3507838547229767,-0.08921322971582413
1789222404672554500,42.82655444335938,0.4163556694984436,0.6757842898368835,0.18181799352169037
1789222404682547500,42.83654736328125,0.03714310750365257,0.6991333365440369,0.1283521056175232
1789222404692541700,42.846541748046874,-0.21884845197200775,0.10298923403024673,0.11193825304508209
1789222404702535700,42.85653564453125,-0.2015933096408844,-0.37400156259536743,0.07748973369598389
1789222404712529700,42.86652978515625,-0.039146069437265396,-0.034152112901210785,0.10312878340482712
1789222404722523400,42.8765234375,0.20359653234481812,0.3999332785606384,-0.13643747568130493
1789222404732517400,42.88651733398437,0.4305817484855652,-0.060166135430336,-0.003035204717889428
1789222404742511600,42.89651171875,0.3479371964931488,-0.12589295208454132,0.11998126655817032
1789222404752505600,42.90650561523437,0.1215759664773941,0.0008125304593704641,-0.061594121158123016
1789222404762499600,42.91649951171875,-0.211616650223732,-0.07799786329269409,0.3013523817062378
1789222404772493600,42.92649365234375,-0.4624669849872589,-0.2405545562505722,0.3864094913005829
1789222404782487600,42.936487548828126,-0.5184133052825928,-0.06508765369653702,0.22675591707229614
1789222404792480500,42.94648046875,-0.34062787890434265,0.35574132204055786,0.22962599992752075
1789222404802474500,42.956474609375,-0.01612171158194542,0.529000997543335,-0.049727343022823334
1789222404812468500,42.966468505859375,0.1813889592885971,0.09560295194387436,-0.09021564573049545
1789222404822462500,42.97646240234375,0.1927446871995926,-0.4465354084968567,0.06940171122550964
1789222404832456700,42.986456787109375,0.08722677826881409,-0.5569140911102295,0.22387224435806274
1789222404842450700,42.99645068359375,-0.0524166040122509,-0.35472744703292847,0.1376420110464096
1789222404852444700,43.006444580078124,-0.34018954634666443,0.10078945755958557,0.1292693018913269
1789222404862438700,43.01643872070313,-0.5262062549591064,-0.07716269791126251,0.36537665128707886
1789222404872432400,43.02643237304687,-0.45842084288597107,-0.174147829413414,0.23088833689689636
1789222404882426600,43.03642651367188,-0.15850575268268585,-0.04602581635117531,0.21826815605163574
1789222404892419600,43.04641967773438,0.16414925456047058,0.39930424094200134,-0.15172508358955383
1789222404902413600,43.05641357421875,0.378589391708374,0.023694410920143127,-0.009126919321715832
1789222404912407600,43.066407470703126,0.389651358127594,-0.3471126854419708,0.19264322519302368
1789222404922401800,43.07640185546875,0.2265750914812088,0.22095128893852234,-0.10149998962879181
1789222404932395500,43.0863955078125,0.06934072822332382,0.28442028164863586,-0.07962878048419952
1789222404942389500,43.09638940429687,0.05419798940420151,-0.22998100519180298,-0.14666028320789337
1789222404952383500,43.106383544921876,0.07111439108848572,-0.20829008519649506,-0.02280438132584095
1789222404962377500,43.11637744140625,0.04378689453005791,0.5962674021720886,0.18153224885463715
1789222404972371500,43.126371337890625,0.042387671768665314,0.8136470913887024,0.41657352447509766
1789222404982365700,43.13636572265625,0.13308587670326233,-0.1741664707660675,0.37950950860977173
1789222404992358400,43.1463583984375,0.27646780014038086,-0.8849327564239502,-0.21247097849845886
1789222405002352400,43.156352294921874,0.3649776875972748,-0.5950862765312195,-0.3018578588962555
1789222405012346600,43.1663466796875,0.28750234842300415,0.42980116605758667,-0.32499727606773376
1789222405022340600,43.176340576171874,0.2255670726299286,0.51481032371521,-0.3217354118824005
1789222405032334600,43.18633447265625,0.18310484290122986,0.08321978896856308,0.1969093382358551
1789222405042328600,43.19632861328125,0.11254066228866577,0.3880012631416321,0.19292977452278137
1789222405052322600,43.20632250976563,0.013454556465148926,0.4211709201335907,0.10848093777894974
1789222405062316500,43.216316650390624,-0.11510474979877472,-0.09958384931087494,0.5424270629882812
1789222405072310500,43.226310546875,-0.1747393161058426,-0.021678131073713303,0.5155951976776123
1789222405082304500,43.23630444335937,0.06251797080039978,-0.1727861613035202,-0.04868258535861969
1789222405092298500,43.24629858398438,0.3226608633995056,-0.3422098159790039,-0.2594270408153534
1789222405102291700,43.25629174804688,0.3531167805194855,0.12539547681808472,-0.356479287147522
1789222405112285700,43.26628564453125,0.2995249330997467,0.48401939868927,-0.5148124694824219
1789222405122279700,43.27627978515625,0.34690308570861816,-0.12103001773357391,-0.434365838766098
1789222405132273700,43.28627368164062,0.30815595388412476,-0.5099612474441528,-0.13128452003002167
1789222405142267400,43.296267333984375,0.1226620003581047,-0.07613871246576309,-0.07105766236782074
1789222405152261400,43.30626147460937,0.04056553542613983,-0.010749583132565022,0.1242484450340271
1789222405162255600,43.316255615234375,0.028171449899673462,0.2539675533771515,0.4375634789466858
1789222405172249600,43.32624951171875,0.012752546928822994,1.0161378383636475,0.08365574479103088
1789222405182243600,43.33624365234375,0.06269880384206772,0.8127229809761047,-0.28663790225982666
1789222405192237600,43.34623754882813,0.15303188562393188,-0.18959230184555054,-0.15682050585746765
1789222405202230500,43.35623046875,0.18922825157642365,-0.49428829550743103,-0.17167162895202637
1789222405212224500,43.366224609375,0.24273301661014557,-0.39493799209594727,-0.23145826160907745
1789222405222218500,43.37621850585938,0.2734030485153198,-0.31156906485557556,-0.022962041199207306
1789222405232213800,43.3862138671875,0.1685996651649475,0.15713688731193542,-0.055832639336586
1789222405242207700,43.396207763671875,-0.04189631715416908,0.7132930755615234,-0.0909498780965805
1789222405252201700,43.40620166015625,-0.16268105804920197,0.6191665530204773,-0.21211731433868408
1789222405262195700,43.41619580078125,-0.1411595195531845,-0.14746934175491333,-0.08790162950754166
1789222405272189700,43.42618969726563,-0.13696184754371643,-0.4493258595466614,0.2814982533454895
1789222405282183700,43.43618359375,-0.1346864402294159,-0.1715933233499527,0.3118135631084442
1789222405292177700,43.446177734375,-0.12354244291782379,-0.02943219058215618,0.29681941866874695
1789222405302171000,43.4561708984375,-0.12456376850605011,0.18495386838912964,-0.055815860629081726
1789222405312164900,43.46616479492187,-0.19857700169086456,0.2420552372932434,-0.29090720415115356
1789222405322158600,43.47615869140625,-0.23047102987766266,-0.4069874584674835,-0.1744663417339325
1789222405332152600,43.48615258789062,-0.18181000649929047,-0.8373036980628967,-0.2285729944705963
1789222405342146600,43.496146484375,-0.182424396276474,-0.5060035586357117,0.037462685257196426
1789222405352140500,43.506140625,-0.1477777361869812,-0.08781161159276962,0.2061331868171692
1789222405362134800,43.516134765625,-0.07094794511795044,0.125096395611763,0.17510204017162323
1789222405372128800,43.52612866210937,-0.014305169694125652,0.3664754629135132,0.05078275501728058
1789222405382122800,43.536122802734376,-0.015401859767735004,0.415312260389328,-0.04261883348226547
1789222405392116700,43.54611669921875,-0.03359071537852287,0.1029634028673172,-0.08297264575958252
1789222405402110500,43.5561103515625,0.030946463346481323,-0.3672938644886017,0.08291991800069809
1789222405412103700,43.566103759765625,0.17429031431674957,-0.33936795592308044,0.03268550708889961
1789222405422097700,43.57609765625,0.2885468304157257,0.07362015545368195,-0.02593332901597023
1789222405432091600,43.58609155273437,0.1465742588043213,0.8203249573707581,0.054246194660663605
1789222405442085600,43.59608569335938,0.008065116591751575,0.4207911789417267,-0.08203255385160446
1789222405452079900,43.606079833984374,0.02918105386197567,-0.6736942529678345,-0.11700278520584106
1789222405462073900,43.61607397460938,0.12746740877628326,-0.7311460971832275,-0.037705034017562866
1789222405472067600,43.62606762695312,0.2684948444366455,-0.03170493245124817,-0.15140283107757568
1789222405482061600,43.6360615234375,0.3713676929473877,0.3291454017162323,0.03508554771542549
1789222405492055600,43.6460556640625,0.28701046109199524,0.8003504872322083,0.28201624751091003
1789222405502048800,43.656048828125,0.12889300286769867,0.9480398297309875,0.09136613458395004
1789222405512042800,43.666042724609376,0.15214373171329498,-0.1660723239183426,-0.10071063041687012
1789222405522036700,43.67603662109375,0.17017199099063873,-0.7371882796287537,0.08482114970684052
1789222405532030500,43.686030517578125,0.13891847431659698,0.004340420011430979,0.006997189484536648
1789222405542024700,43.69602465820312,0.23361195623874664,0.514347493648529,0.014916631393134594
1789222405552018700,43.706018798828126,0.35275113582611084,0.4292067587375641,0.18369579315185547
1789222405562012700,43.7160126953125,0.33460700511932373,0.5487467646598816,-0.114653080701828
1789222405572006700,43.726006591796875,0.2165197879076004,0.21478953957557678,-0.11816579103469849
1789222405582000600,43.73600073242188,0.17023298144340515,-0.49229010939598083,-0.1469079554080963
1789222405591995000,43.745994873046875,0.10317379236221313,-0.38561293482780457,-0.013696104288101196
1789222405601987600,43.755987548828124,0.006309028714895248,0.5289618372917175,-0.06463625282049179
1789222405611981600,43.76598168945313,0.061713963747024536,0.6434271931648254,-0.2912105321884155
1789222405621975600,43.7759755859375,0.20658965408802032,-0.1297103315591812,-0.1469321846961975
1789222405631969800,43.7859697265625,0.21064698696136475,0.13104882836341858,-0.16295349597930908
1789222405641963800,43.7959638671875,0.15402205288410187,0.7565279006958008,-0.22374121844768524
1789222405651957800,43.80595776367188,0.12367746978998184,0.3554838001728058,0.1812416911125183
1789222405661951700,43.81595166015625,0.027580760419368744,-0.01715395227074623,0.20504848659038544
1789222405671945500,43.825945556640626,-0.07728733122348785,-0.17761659622192383,0.09063003212213516
1789222405681939700,43.83593969726562,-0.12198289483785629,-0.20878329873085022,-0.1673613041639328
1789222405691933700,43.84593359375,-0.032349683344364166,-0.11897778511047363,-0.5446736812591553
1789222405701926700,43.8559267578125,0.017556089907884598,0.21748065948486328,-0.32803645730018616
1789222405711920600,43.86592065429687,0.0738220289349556,0.6327140927314758,-0.5640407204627991
1789222405721915000,43.875914794921876,0.19427786767482758,-0.09152378886938095,-0.312391459941864
1789222405731908900,43.88590893554687,0.0889759436249733,-0.5434249639511108,0.4739491939544678
1789222405741902600,43.895902587890625,-0.09270144253969193,-0.08101895451545715,0.4509386718273163
1789222405751896600,43.905896484375,-0.18503376841545105,0.30578094720840454,0.41840124130249023
1789222405761890600,43.915890625,-0.22337156534194946,0.6271350383758545,0.4592994153499603
1789222405771884800,43.925884765625,-0.33083465695381165,1.373147964477539,-0.1994481235742569
1789222405781878800,43.935878662109374,-0.4776912033557892,0.9515410661697388,-0.22698095440864563
1789222405791872800,43.94587280273438,-0.4404498338699341,-0.5905594229698181,-0.25010010600090027
1789222405801865500,43.955865478515626,-0.16140779852867126,-1.8478615283966064,-0.3157038986682892
1789222405811859700,43.96585961914062,0.1382683962583542,-1.4038935899734497,-0.20612306892871857
1789222405821853700,43.97585375976563,0.2566642761230469,0.38019049167633057,-0.4161628484725952
1789222405831847700,43.98584765625,0.18361777067184448,1.04603910446167,-0.16659244894981384
1789222405841841700,43.995841552734376,-0.07898243516683578,0.7454299926757812,0.20347349345684052
1789222405851835600,44.00583569335937,-0.4291015565395355,0.4922664165496826,0.3436356484889984
1789222405861829600,44.01582958984375,-0.6265163421630859,0.15319034457206726,0.3866023123264313
1789222405871824000,44.025823974609374,-0.5867114067077637,-0.33327969908714294,0.23158076405525208
1789222405881817600,44.035817626953126,-0.4085842967033386,-0.4962851107120514,0.08761133998632431
1789222405891811600,44.0458115234375,-0.19249461591243744,0.13820260763168335,-0.10729849338531494
1789222405901804800,44.0558046875,0.03502349928021431,0.4933790862560272,-0.1283896565437317
1789222405911798800,44.065798828125,0.09420932084321976,0.21102435886859894,-0.027111778035759926
1789222405921792800,44.07579272460937,-0.06078851595520973,-0.2875617444515228,0.01449931412935257
1789222405931786800,44.085786865234375,-0.3242121636867523,-0.4484659433364868,0.09229370951652527
1789222405941780500,44.09578051757813,-0.48012638092041016,-0.19044265151023865,0.021672537550330162
1789222405951774700,44.105774658203124,-0.4681786596775055,0.18294531106948853,0.04091973602771759
1789222405961768700,44.11576879882813,-0.3492165803909302,0.607079029083252,0.02587980031967163
1789222405971762700,44.1257626953125,-0.21259962022304535,0.5421498417854309,0.12126544117927551
1789222405981756700,44.13575659179688,-0.11955302953720093,-0.027216706424951553,0.1767777055501938
1789222405991750000,44.14575,-0.15578533709049225,-0.2638998329639435,-0.01056342851370573
1789222406001744000,44.155743896484374,-0.3100718557834625,-0.2831169366836548,-0.03267166018486023
1789222406011737600,44.165737548828126,-0.452303022146225,-0.474457323551178,0.06747624278068542
1789222406021731600,44.17573168945312,-0.46272557973861694,-0.48907700181007385,-0.1710396558046341
1789222406031725600,44.1857255859375,-0.4638640582561493,0.10832061618566513,-0.19576364755630493
1789222406041719600,44.19571948242187,-0.40510860085487366,0.500010073184967,-0.005697567015886307
1789222406051713800,44.2057138671875,-0.27710777521133423,0.15010906755924225,0.3307174742221832
1789222406061707800,44.21570776367187,-0.21968096494674683,-0.0016535567119717598,0.2060234695672989
1789222406071701800,44.22570166015625,-0.2700844705104828,-0.05709870532155037,0.057383131235837936
1789222406081695700,44.23569580078125,-0.3128511309623718,-0.4502659738063812,0.25207406282424927
1789222406091688700,44.24568872070312,-0.33260244131088257,-0.36924222111701965,0.0776979923248291
1789222406101682700,44.2556826171875,-0.31691136956214905,0.017550498247146606,-0.03446769714355469
1789222406111676700,44.2656767578125,-0.2513539493083954,0.20257468521595,-0.03419898450374603
1789222406121670700,44.275670654296874,-0.22005699574947357,0.21225233376026154,-0.04694034531712532
1789222406131664600,44.28566455078125,-0.16511918604373932,0.013104616664350033,-0.13599805533885956
1789222406141659000,44.295658935546875,-0.06042206287384033,-0.3210083842277527,-0.08351460099220276
1789222406151652600,44.30565258789063,-0.0772404596209526,-0.1806749701499939,0.18250057101249695
1789222406161646600,44.315646484375,-0.2213401049375534,0.14156246185302734,0.1529674381017685
1789222406171640600,44.325640625,-0.32150664925575256,-0.014518755488097668,-0.01888713799417019
1789222406181633800,44.3356337890625,-0.3735320568084717,-0.1861158162355423,0.0893154963850975
1789222406191627800,44.34562768554687,-0.3044264614582062,-0.10029225051403046,-0.3416566550731659
1789222406201621800,44.35562182617188,-0.1302349716424942,-0.4104471802711487,-0.37041082978248596
1789222406211615700,44.36561572265625,-0.09348174929618835,-0.17609113454818726,-0.10325661301612854
1789222406221609500,44.375609375,-0.13197508454322815,0.2899026572704315,-0.033480994403362274
1789222406231603000,44.38560302734375,-0.21686600148677826,0.15931029617786407,0.3291475474834442
1789222406241596700,44.3955966796875,-0.39915138483047485,0.11275504529476166,0.4844367206096649
1789222406251590700,44.405590576171875,-0.5665568709373474,0.043240681290626526,0.4232812225818634
1789222406261584600,44.41558471679687,-0.5766870379447937,-0.429320752620697,0.4824662506580353
1789222406271577900,44.42557788085937,-0.4653237462043762,-0.5398608446121216,0.1150972917675972
1789222406281571800,44.43557177734375,-0.2549518644809723,-0.28194648027420044,-0.3059796392917633
1789222406291565800,44.44556591796875,0.02309786155819893,-0.11751837283372879,-0.556113600730896
1789222406301559800,44.455559814453125,0.1683535873889923,-0.023794544860720634,-0.5523137450218201
1789222406311553800,44.4655537109375,0.14833328127861023,0.015679627656936646,-0.4981517493724823
1789222406321547800,44.4755478515625,-0.08780122548341751,-0.1949031800031662,0.43415623903274536
1789222406331541800,44.48554174804688,-0.4261734187602997,-0.0648580938577652,0.6803460121154785
1789222406341535700,44.49553564453125,-0.5541867613792419,-0.30559560656547546,0.35266244411468506
1789222406351529700,44.50552978515625,-0.6501319408416748,0.009512544609606266,0.4153386056423187
1789222406361524000,44.51552392578125,-0.649215817451477,0.7249281406402588,-0.21669556200504303
1789222406371516700,44.5255166015625,-0.3662794530391693,-0.051717255264520645,-0.56448894739151
1789222406381510700,44.5355107421875,0.005111671518534422,-1.1463499069213867,-0.3218965530395508
1789222406391504600,44.54550463867187,0.2131389081478119,-0.891679584980011,-0.4136693477630615
1789222406401499000,44.555498779296876,0.23425377905368805,-0.5094414353370667,-0.20194776356220245
1789222406411492900,44.56549291992187,-0.0445895716547966,0.12159354239702225,0.10905218124389648
1789222406421486800,44.57548681640625,-0.467317670583725,0.7184503078460693,0.08902867883443832
1789222406431480800,44.58548071289062,-0.7544934749603271,0.23855531215667725,0.33578068017959595
1789222406441474800,44.595474853515626,-0.7997816205024719,-0.3885227143764496,0.33679693937301636
1789222406451468800,44.60546875,-0.5967323780059814,-0.5783054232597351,0.04968393221497536
1789222406461461800,44.61546166992188,-0.34210699796676636,-0.49545902013778687,0.22530768811702728
1789222406471455700,44.625455810546875,-0.11398622393608093,-0.4192667603492737,0.19341100752353668
1789222406481449700,44.63544970703125,-0.03149161487817764,-0.3207907974720001,0.1982656866312027
1789222406491444000,44.64544384765625,-0.14929574728012085,0.0786183774471283,0.062002383172512054
1789222406501438000,44.65543798828125,-0.3068446218967438,-0.052742574363946915,-0.09440959244966507
1789222406511431700,44.665431640625,-0.4788307547569275,-0.5552089214324951,0.02359933592379093
1789222406521425700,44.67542578125,-0.487120658159256,-0.7802281379699707,-0.17983368039131165
1789222406531419600,44.68541967773437,-0.38202911615371704,-0.5087689757347107,0.05866224691271782
1789222406541414000,44.69541381835938,-0.24656237661838531,0.17130543291568756,0.25296300649642944
1789222406551407900,44.705407958984374,-0.09637048095464706,0.3167017698287964,0.09845573455095291
1789222406561400800,44.71540087890625,-0.08618894964456558,-0.21872808039188385,0.28003403544425964
1789222406571394800,44.725394775390626,-0.26391127705574036,-0.4103875160217285,0.28505250811576843
1789222406581388800,44.73538891601562,-0.43673044443130493,-0.5245681405067444,0.15013250708580017
1789222406591382800,44.7453828125,-0.4708053171634674,-0.5926138162612915,-0.08067327737808228
1789222406601376800,44.75537670898437,-0.3073461055755615,-0.6209423542022705,-0.30485257506370544
1789222406611370800,44.765370849609376,-0.06180664151906967,-0.6738969087600708,-0.04060308635234833
1789222406621364700,44.77536474609375,0.09056132286787033,-0.24336019158363342,0.03719903528690338
1789222406631359000,44.78535888671875,0.11119496077299118,0.2702344059944153,0.04511315003037453
1789222406641351700,44.7953515625,-0.013066267594695091,0.19811095297336578,0.5128856897354126
1789222406651345700,44.805345703125,-0.19034117460250854,-0.048174720257520676,0.40434375405311584
1789222406661339600,44.81533959960937,-0.29892411828041077,-0.3341425657272339,0.2186492532491684
1789222406671334000,44.825333984375,-0.2913426160812378,-0.24886201322078705,0.16133296489715576
1789222406681327900,44.835327880859374,-0.1092202290892601,-0.1547781229019165,-0.10095591098070145
1789222406691321900,44.84532177734375,0.15413203835487366,-0.6147305369377136,0.07176047563552856
1789222406701315800,44.85531591796875,0.31027984619140625,-0.3685964047908783,-0.10915684700012207
1789222406711309800,44.86530981445313,0.26369503140449524,0.19879885017871857,-0.06007718667387962
1789222406721303800,44.8753037109375,0.07952918112277985,0.2105223536491394,0.12297732383012772
1789222406731297800,44.8852978515625,-0.06681285053491592,-0.3043340742588043,-0.1904892474412918
1789222406741290800,44.895290771484376,-0.0389452688395977,-1.0363420248031616,-0.09256216138601303
1789222406751284700,44.90528466796875,0.14660754799842834,-0.920738935470581,-0.2265106439590454
1789222406761279000,44.91527905273438,0.29541274905204773,-0.36365702748298645,-0.1327492594718933
1789222406771273000,44.92527294921875,0.28320029377937317,0.03813167288899422,0.3045676350593567
1789222406781267000,44.935266845703126,0.1765286922454834,0.8582009673118591,0.13627181947231293
1789222406791260700,44.9452607421875,0.052379053086042404,0.8566358685493469,0.15860030055046082
1789222406801254700,44.955254638671875,-0.04326464980840683,-0.028609540313482285,-0.19303762912750244
1789222406811249000,44.96524877929688,-0.09162312746047974,-0.9324445724487305,-0.2844860553741455
1789222406821243000,44.975242919921875,0.02473810315132141,-1.0985443592071533,-0.06197255849838257
1789222406831235800,44.98523583984375,0.3796996474266052,-0.48384204506874084,-0.22827951610088348
1789222406841229800,44.99522973632813,0.6366129517555237,0.18870680034160614,0.12265614420175552
1789222406851223800,45.005223876953124,0.5822024345397949,0.7023423910140991,0.24079130589962006
1789222406861217800,45.0152177734375,0.3410729169845581,0.40055006742477417,0.12673690915107727
1789222406871211800,45.02521166992187,0.10281027108430862,-0.282241553068161,-0.024104537442326546
1789222406881205800,45.03520581054688,0.05209595710039139,-0.5553633570671082,-0.4135276675224304
1789222406891199700,45.04519970703125,0.1785857230424881,-0.4703419506549835,-0.5878965258598328
1789222406901194000,45.05519409179688,0.3394180238246918,-0.24012631177902222,-0.19224001467227936
1789222406911188000,45.06518798828125,0.525635838508606,0.3480394780635834,0.042994603514671326
1789222406921180700,45.0751806640625,0.671324610710144,0.5638495087623596,0.13775786757469177
1789222406931174700,45.085174560546875,0.541317343711853,0.5242083668708801,0.11506746709346771
1789222406941169000,45.0951689453125,0.17407725751399994,0.19700893759727478,0.16764625906944275
1789222406951163000,45.105162841796876,-0.11058243364095688,-0.36727601289749146,-0.004526042379438877
1789222406961156900,45.11515698242187,-0.1750437170267105,-0.325429767370224,-0.25571194291114807
1789222406971150800,45.12515087890625,-0.0484844446182251,0.037819549441337585,-0.2936643660068512
1789222406981144800,45.13514477539063,0.26407426595687866,-0.14443227648735046,-0.5300774574279785
1789222406991138800,45.145138916015625,0.587652862071991,-0.47508689761161804,-0.5007898807525635
1789222407001131800,45.1551318359375,0.6385341286659241,-0.11887019127607346,-0.11256382614374161
1789222407011125800,45.16512573242188,0.4412599503993988,0.3929097354412079,-0.006872287020087242
1789222407021119700,45.17511962890625,0.07811637222766876,0.38931578397750854,0.33820679783821106
1789222407031114000,45.18511401367188,-0.2989531457424164,0.2655930519104004,0.6207764744758606
1789222407041108000,45.19510791015625,-0.48974600434303284,0.1966819018125534,0.52474045753479
1789222407051102000,45.20510205078125,-0.44594818353652954,0.1301524043083191,0.326214075088501
1789222407061095700,45.215095703125,-0.13657142221927643,-0.26451608538627625,-0.10893899947404861
1789222407071089700,45.225089599609376,0.21633683145046234,-0.5825931429862976,-0.3102433383464813
1789222407081083600,45.23508374023437,0.407881498336792,-0.25800198316574097,-0.3590244650840759
1789222407091078000,45.24507788085938,0.437057226896286,-0.08795755356550217,-0.36645177006721497
1789222407101070800,45.25507080078125,0.34905731678009033,-0.5443122982978821,-0.12129287421703339
1789222407111064800,45.26506494140625,0.06494677811861038,-0.36062902212142944,0.20692148804664612
1789222407121058800,45.275058837890626,-0.21394291520118713,0.30184346437454224,0.39502403140068054
1789222407131052800,45.285052734375,-0.2753945589065552,0.46906283497810364,0.34647300839424133
1789222407141046800,45.295046875,-0.10832168161869049,0.1250271499156952,0.055992163717746735
1789222407151040800,45.30504077148437,0.09481865167617798,-0.24578845500946045,-0.022641662508249283
1789222407161034800,45.31503466796875,0.16452743113040924,-0.18135914206504822,-0.019526563584804535
1789222407171028700,45.32502880859375,0.2057076245546341,-0.14118827879428864,-0.2145296037197113
1789222407181022000,45.33502197265625,0.27265843749046326,-0.5628591179847717,-0.11651356518268585
1789222407191015700,45.345015625,0.12844452261924744,-0.21895471215248108,0.1129760891199112
1789222407201009700,45.355009765625,-0.03957057744264603,0.3900519013404846,-0.060620471835136414
1789222407211004000,45.36500390625,-0.0955214649438858,0.26465749740600586,0.1592216044664383
1789222407220998000,45.37499780273438,-0.05331195890903473,0.06799556314945221,0.15282362699508667
1789222407230992000,45.384991943359374,0.04175330698490143,-0.010668356902897358,-0.028569059446454048
1789222407240985900,45.39498583984375,0.1237533688545227,-0.15329794585704803,0.03754018619656563
1789222407250979800,45.40497973632812,0.1382627934217453,-0.07638611644506454,-0.11326637119054794
1789222407260973800,45.41497387695313,0.10065817087888718,-0.16814853250980377,0.06571323424577713
1789222407270967000,45.42496704101563,0.024456873536109924,-0.00974450632929802,0.11848963052034378
1789222407280960800,45.43496069335937,-0.030001042410731316,0.25198084115982056,-0.1688356250524521
1789222407290954800,45.444954833984376,-0.14265169203281403,0.20216429233551025,0.04068005084991455
1789222407300948700,45.45494873046875,-0.14370097219944,-0.05573143810033798,-0.05260781571269035
1789222407310943000,45.46494287109375,0.10467901080846786,-0.600058913230896,-0.20667888224124908
1789222407320937000,45.47493701171875,0.22785820066928864,-0.3840014636516571,-0.06534518301486969
1789222407330931000,45.484930908203125,0.04843704029917717,0.2245928943157196,0.0831388309597969
1789222407340925000,45.49492504882812,-0.1091025173664093,-0.25930774211883545,0.16147677600383759
1789222407350919000,45.5049189453125,-0.048114798963069916,-0.7969110012054443,-0.029687587171792984
1789222407360912000,45.514911865234374,0.17089717090129852,-0.14101438224315643,-0.24717757105827332
1789222407370905900,45.52490576171875,0.10099106281995773,0.8595629334449768,-0.46366432309150696
1789222407380899800,45.53489990234375,-0.07126113027334213,0.7847262620925903,-0.21078839898109436
1789222407390893800,45.54489379882813,-0.15831586718559265,0.05849713087081909,0.27770963311195374
1789222407400888000,45.55488818359375,-0.061109427362680435,-0.37359756231307983,0.3572649359703064
1789222407410882000,45.56488208007813,0.043907005339860916,-0.09739233553409576,0.2105385959148407
1789222407420875800,45.57487573242187,0.02797996997833252,0.09562825411558151,0.34276002645492554
1789222407430869800,45.58486987304688,0.025947976857423782,-0.3082750141620636,0.4369485676288605
1789222407440863000,45.59486303710938,0.06099997088313103,-0.30020803213119507,-0.0628918781876564
1789222407450857000,45.60485693359375,0.13816852867603302,-0.0033635725267231464,-0.5335360765457153
1789222407460851000,45.614850830078126,0.1451992690563202,0.11485680937767029,-0.6128194332122803
1789222407470845000,45.62484497070312,0.13049782812595367,-0.16534848511219025,-0.7008808851242065
1789222407480838700,45.634838623046875,0.15519703924655914,-0.7818484306335449,-0.17958547174930573
1789222407490833000,45.6448330078125,0.12538082897663116,-0.4109981954097748,0.29787564277648926
1789222407500827000,45.654826904296876,0.036258939653635025,0.48051363229751587,0.36670663952827454
1789222407510820900,45.66482080078125,-0.05944601446390152,0.5026437044143677,0.5209057927131653
1789222407520814800,45.67481494140625,-0.19503580033779144,0.3051646947860718,0.4699968099594116
1789222407530808000,45.68480810546875,-0.3698190748691559,0.540133535861969,0.06551402807235718
1789222407540802000,45.69480200195313,-0.32485052943229675,0.10954433679580688,-0.35697463154792786
1789222407550795800,45.70479565429687,-0.009983391501009464,-1.132412314414978,-0.2501664459705353
1789222407560789800,45.71478979492188,0.2895399332046509,-1.0922385454177856,-0.43229496479034424
1789222407570783700,45.72478369140625,0.4270426630973816,-0.12771348655223846,-0.47422295808792114
1789222407580778000,45.73477807617188,0.35590431094169617,0.27613624930381775,0.22888778150081635
1789222407590772000,45.74477197265625,0.14774152636528015,0.2883620262145996,0.2887878715991974
1789222407600766000,45.75476586914063,-0.14945712685585022,0.018728947266936302,0.3504112660884857
1789222407610760000,45.764760009765624,-0.4143795967102051,0.12893454730510712,0.16166852414608002
1789222407620753000,45.7747529296875,-0.4107435941696167,0.06513293087482452,-0.1212843507528305
1789222407630747000,45.784746826171876,-0.27468135952949524,-0.10101130604743958,0.11866725981235504
1789222407640740900,45.79474096679687,-0.06567568331956863,0.04339195042848587,-0.172186940908432
1789222407650734800,45.80473486328125,0.21855896711349487,-0.44525229930877686,-0.09010672569274902
1789222407660728800,45.81472875976562,0.3528294265270233,-0.6635705232620239,0.08310980349779129
1789222407670723000,45.82472314453125,0.33897432684898376,-0.23516857624053955,-0.5026029348373413
1789222407680717000,45.83471704101562,0.19876529276371002,-0.2906574010848999,-0.12864026427268982
1789222407690710800,45.844710693359374,-0.04809828847646713,0.004471980035305023,0.1255294233560562
1789222407700703700,45.854703857421875,-0.19656898081302643,0.31354832649230957,-0.11518517881631851
1789222407710698000,45.86469799804688,-0.18604949116706848,0.14969921112060547,0.2473141849040985
1789222407720692000,45.87469189453125,-0.10248429328203201,0.29295891523361206,0.2980535328388214
1789222407730686000,45.88468603515625,0.0508464016020298,0.1644560545682907,0.2734491229057312
1789222407740680000,45.894679931640624,0.20165614783763885,-0.23227424919605255,0.3018578588962555
1789222407750674000,45.904673828125,0.30170178413391113,-0.3588401675224304,-0.040533844381570816
1789222407760668000,45.91466796875,0.3341103196144104,-0.28650712966918945,-0.07417143136262894
1789222407770662000,45.92466186523438,0.29999151825904846,-0.03229562193155289,-0.15732251107692719
1789222407780655900,45.93465576171875,0.29266542196273804,-0.0724044218659401,-0.21936458349227905
1789222407790648800,45.94464892578125,0.22594738006591797,0.07004939019680023,0.06388257443904877
1789222407800643000,45.95464306640625,0.21382147073745728,0.3817412257194519,-0.24059316515922546
1789222407810637000,45.96463696289062,0.3287602961063385,-0.14325863122940063,-0.1466355174779892
1789222407820630800,45.974630859375,0.4206089973449707,-0.39341598749160767,0.09761044383049011
1789222407830624800,45.98462475585937,0.4061136841773987,0.0683782547712326,0.18715417385101318
1789222407840618800,45.99461865234375,0.364698588848114,0.349753737449646,0.22834289073944092
1789222407850613000,46.00461303710937,0.38329705595970154,0.19457587599754333,0.020542027428746223
1789222407860607000,46.01460693359375,0.26541250944137573,0.251910537481308,0.13410480320453644
1789222407870600000,46.024599853515625,0.14318405091762543,0.464219331741333,-0.10043872147798538
1789222407880593700,46.03459375,0.19095157086849213,-0.0807289332151413,-0.18563324213027954
1789222407890588000,46.044587890625,0.3768617808818817,-0.5812349319458008,-0.07872623950242996
1789222407900582000,46.05458178710938,0.5737096071243286,-0.1844409555196762,-0.3039742708206177
1789222407910575900,46.064575927734374,0.743057370185852,0.10605745762586594,-0.21328112483024597
1789222407920569900,46.07456982421875,0.7018385529518127,0.45632919669151306,0.06464637070894241
1789222407930563800,46.08456372070312,0.4360175132751465,0.8530581593513489,0.17448897659778595
1789222407940558000,46.09455810546875,0.27658897638320923,0.41381314396858215,0.08296279609203339
1789222407950552000,46.104552001953124,0.2610726058483124,-0.42221224308013916,0.2689041793346405
1789222407960544800,46.11454467773437,0.2785876989364624,-0.28077733516693115,0.13638447225093842
1789222407970538800,46.124538818359376,0.3424132764339447,0.19946463406085968,0.05094786733388901
1789222407980533000,46.13453295898437,0.42344048619270325,0.5750440955162048,0.0592646561563015
1789222407990527000,46.14452685546875,0.5014492869377136,0.7114973068237305,-0.22409355640411377
1789222408000521000,46.15452099609375,0.4769934415817261,0.30428746342658997,-0.06753510236740112
1789222408010515000,46.164514892578126,0.4227725565433502,-0.17870689928531647,-0.12934386730194092
1789222408020509000,46.17450903320312,0.4173562228679657,-0.497538685798645,-0.22259631752967834
1789222408030503000,46.1845029296875,0.3961974084377289,-0.07481671869754791,-0.14506904780864716
1789222408040495900,46.194495849609375,0.4140506982803345,0.5774596333503723,-0.1069546788930893
1789222408050489900,46.20448974609375,0.40244412422180176,0.7236825823783875,0.18120014667510986
1789222408060483800,46.21448388671875,0.28142502903938293,0.6289166808128357,0.19129006564617157
1789222408070478000,46.22447802734375,0.1316632181406021,0.12216798961162567,0.24681724607944489
1789222408080472000,46.23447216796875,0.03176937997341156,-0.14836443960666656,0.1498507410287857
1789222408090465800,46.2444658203125,0.06751006841659546,-0.07969482988119125,-0.1427672654390335
1789222408100459800,46.25445971679687,0.2374224066734314,-0.02208053506910801,-0.19662490487098694
1789222408110453800,46.26445385742188,0.4075677692890167,0.2445969581604004,-0.31872525811195374
1789222408120447000,46.27444702148438,0.5231660008430481,0.3085498511791229,-0.26467984914779663
1789222408130441000,46.28444091796875,0.45466870069503784,0.2720964848995209,0.06060848757624626
1789222408140435000,46.29443505859375,0.3310423791408539,0.09187692403793335,0.025796443223953247
1789222408150429000,46.30442895507812,0.2794015407562256,-0.3035353720188141,0.10282810777425766
1789222408160423000,46.3144228515625,0.16876211762428284,0.11427357792854309,0.14013980329036713
1789222408170417000,46.3244169921875,0.09784001111984253,0.6840049624443054,0.009975935332477093
1789222408180411000,46.334410888671876,0.1386670619249344,0.5565202236175537,0.1529456079006195
1789222408190404900,46.34440478515625,0.1945905238389969,0.390022873878479,0.06347537785768509
1789222408200398800,46.35439892578125,0.21570833027362823,0.27703240513801575,-0.07768920063972473
1789222408210392000,46.36439208984375,0.18200601637363434,-0.17960332334041595,0.26340633630752563
1789222408220385800,46.3743857421875,0.22200243175029755,-0.42753297090530396,-0.029826605692505836
1789222408230380000,46.384380126953126,0.25856682658195496,0.10701460391283035,-0.15080761909484863
1789222408240374000,46.3943740234375,0.3017774224281311,0.8115818500518799,-0.18762609362602234
1789222408250368000,46.404367919921874,0.5040431618690491,0.3090771436691284,-0.28248947858810425
1789222408260362200,46.4143623046875,0.5697348117828369,-0.1558588445186615,0.15744315087795258
1789222408270356200,46.424356201171875,0.43089812994003296,0.613061249256134,0.05614103376865387
1789222408280350000,46.43434985351563,0.324796199798584,0.7044265866279602,0.273505300283432
1789222408290343200,46.44434326171875,0.19186264276504517,0.23860591650009155,0.6266737580299377
1789222408300337200,46.454337158203124,0.09630096703767776,0.37091362476348877,-0.013589845038950443
1789222408310331100,46.4643310546875,0.14683178067207336,0.28994420170783997,-0.1967410296201706
1789222408320325000,46.4743251953125,0.28362637758255005,0.007121825125068426,-0.222940132021904
1789222408330319000,46.48431909179688,0.46511709690093994,-0.12053760141134262,-0.5761615633964539
1789222408340312800,46.49431274414062,0.5795022249221802,0.0110457269474864,-0.19344349205493927
1789222408350307000,46.50430712890625,0.5685369372367859,0.6822717785835266,0.15478399395942688
1789222408360301000,46.51430102539062,0.5031265020370483,0.8402664661407471,0.24261637032032013
1789222408370294000,46.5242939453125,0.37443938851356506,0.21475917100906372,0.44681316614151
1789222408380288000,46.5342880859375,0.09701469540596008,0.3052499294281006,0.31952208280563354
1789222408390282200,46.5442822265625,-0.15092453360557556,0.9184475541114807,0.2024575024843216
1789222408400276000,46.55427587890625,-0.13615544140338898,0.7823493480682373,0.10127708315849304
1789222408410270000,46.56427001953125,0.14334172010421753,-0.09807144105434418,-0.1716492474079132
1789222408420264000,46.574263916015624,0.3793944716453552,-0.4357951581478119,0.13073191046714783
1789222408430258000,46.5842578125,0.42466554045677185,0.271857351064682,-0.04304440692067146
1789222408440252200,46.594252197265625,0.33923426270484924,0.6402601599693298,-0.2743130326271057
1789222408450246100,46.60424609375,0.13926628232002258,0.5323781371116638,-0.25138401985168457
1789222408460239000,46.61423901367188,-0.14214728772640228,0.6559901237487793,-0.13687503337860107
1789222408470233000,46.624233154296874,-0.24753336608409882,0.3352610766887665,-0.05468934401869774
1789222408480227000,46.63422705078125,-0.16421237587928772,-0.654076337814331,0.2823083996772766
1789222408490221000,46.64422094726562,-0.13364169001579285,-0.5171691179275513,0.36787813901901245
1789222408500215000,46.65421508789063,-0.18802636861801147,0.6634594798088074,0.25633564591407776
1789222408510209000,46.664208984375,-0.23655687272548676,1.0321778059005737,0.1317194104194641
1789222408520203000,46.674203125,-0.34464019536972046,0.4683632254600525,-0.020303674042224884
1789222408530197200,46.684197265625,-0.5251300930976868,-0.02008822374045849,-0.007181213703006506
1789222408540190000,46.69418994140625,-0.6507585644721985,-0.24183686077594757,0.2458622306585312
1789222408550184000,46.704183837890625,-0.5566222071647644,-0.35467100143432617,0.15073572099208832
1789222408560178000,46.71417797851562,-0.4026569128036499,-0.19840043783187866,0.19730375707149506
1789222408570172200,46.724172119140626,-0.42463305592536926,0.32574108242988586,0.27224963903427124
1789222408580166100,46.73416625976562,-0.5351933836936951,0.2687816619873047,0.08129432052373886
1789222408590160100,46.74416015625,-0.6587291359901428,-0.2922273278236389,0.06619659811258316
1789222408600154000,46.75415405273438,-0.7150219678878784,-0.6701781153678894,-0.08735514432191849
1789222408610147800,46.76414794921875,-0.6966762542724609,-0.7693387866020203,-0.2406000941991806
1789222408620141000,46.77414111328125,-0.6979047656059265,-0.2610800564289093,0.03518195450305939
1789222408630135000,46.78413500976563,-0.6407991647720337,0.40561941266059875,0.15595737099647522
1789222408640129000,46.79412890625,-0.4728282690048218,0.016031697392463684,0.2259838581085205
1789222408650123000,46.804123046875,-0.4553925395011902,-0.3278766870498657,0.3686850965023041
1789222408660117200,46.8141171875,-0.5623011589050293,-0.0026815368328243494,0.12664715945720673
1789222408670111200,46.824111328125,-0.6399642825126648,0.3176101744174957,-0.12533767521381378
1789222408680105000,46.83410498046875,-0.5316622853279114,-0.0003275688213761896,-0.35887426137924194
1789222408690099000,46.844098876953126,-0.3204190135002136,-0.693609356880188,-0.44861480593681335
1789222408700092200,46.854092041015626,-0.1431635469198227,-1.1188358068466187,-0.15043184161186218
1789222408710086100,46.86408618164062,-0.012171711772680283,-0.7604760527610779,0.1026531383395195
1789222408720080100,46.874080078125,-0.06341199576854706,0.40218791365623474,0.23402607440948486
1789222408730074000,46.88407421875,-0.3022352159023285,1.2700927257537842,0.05468481779098511
1789222408740067800,46.89406787109375,-0.5159472227096558,0.5080981254577637,0.25776204466819763
1789222408750062000,46.90406201171875,-0.570842981338501,-0.5244805216789246,0.3440133035182953
1789222408760056000,46.91405615234375,-0.5151341557502747,-0.4244319796562195,0.006900516804307699
1789222408770050000,46.92405004882813,-0.3577570617198944,-0.25436463952064514,0.012957077473402023
1789222408780043000,46.93404296875,-0.07168164104223251,-0.4401715099811554,0.029929669573903084
1789222408790037200,46.944037353515625,0.1355474442243576,0.012585832737386227,-0.25987446308135986
1789222408800031000,46.95403100585938,0.20416484773159027,0.4869307577610016,-0.4070388674736023
1789222408810025000,46.96402490234375,0.09013868123292923,0.17511935532093048,-0.07048188894987106
1789222408820019000,46.97401904296875,-0.11492392420768738,-0.3291770815849304,0.1263827085494995
1789222408830013000,46.98401293945312,-0.18796829879283905,-0.5410621762275696,0.07596320658922195
1789222408840007200,46.99400708007813,-0.11635111272335052,-0.2995994985103607,0.2701617181301117
1789222408850001200,47.004001220703124,-0.03687972202897072,0.5080952048301697,-0.011856925673782825
1789222408859995100,47.0139951171875,0.014050571247935295,0.6453374624252319,-0.21377086639404297
1789222408869987800,47.02398779296875,0.049725476652383804,-0.014420750550925732,0.05756928771734238
1789222408879982000,47.03398217773437,0.07165127992630005,-0.3253413438796997,-0.051302067935466766
1789222408889976000,47.04397607421875,0.13429681956768036,-0.39456436038017273,-0.22545629739761353
1789222408899970000,47.05396997070312,0.12969781458377838,-0.2992793917655945,-0.09501200169324875
1789222408909964000,47.063964111328126,0.07752035558223724,-0.025905366986989975,-0.2024654895067215
1789222408919958000,47.0739580078125,0.1294938027858734,0.02479110099375248,-0.2805562913417816
1789222408929952300,47.0839521484375,0.14477768540382385,0.21990147233009338,0.18115992844104767
1789222408939945000,47.093945068359375,0.08266531676054001,0.5935142040252686,0.15921282768249512
1789222408949939000,47.10393896484375,0.055939432233572006,-0.07223638147115707,0.30124345421791077
1789222408959933000,47.113932861328124,0.00902412086725235,-0.3188626766204834,0.37614381313323975
1789222408969927200,47.12392724609375,-0.01865091547369957,0.13162407279014587,0.0907922238111496
1789222408979921200,47.133921142578124,-0.016351809725165367,0.2636883556842804,0.0013462279457598925
1789222408989915100,47.1439150390625,0.002201369032263756,0.23844026029109955,-0.14715003967285156
1789222408999909000,47.1539091796875,0.006996923126280308,0.09605462849140167,0.0485164038836956
1789222409009902800,47.16390283203125,0.03158775344491005,-0.09182152897119522,-0.025020664557814598
1789222409019897000,47.17389697265625,0.14565813541412354,-0.4996665418148041,-0.1258564591407776
1789222409029890000,47.18389013671875,0.13611896336078644,-0.12130485475063324,0.0030391993932425976
1789222409039884000,47.193884033203126,0.041782867163419724,0.6394523978233337,-0.3283693492412567
1789222409049878000,47.2038779296875,0.08815915137529373,-0.017888186499476433,-0.35963407158851624
1789222409059872300,47.21387231445313,0.10908680409193039,-0.8134284615516663,0.0724899098277092
1789222409069866000,47.22386596679687,-0.053709566593170166,-0.15560024976730347,0.13615916669368744
1789222409079860000,47.23385986328125,-0.16052469611167908,0.40606123208999634,0.10096549242734909
1789222409089854000,47.24385400390625,-0.09820752590894699,0.04236476868391037,0.2577436566352844
1789222409099848000,47.253847900390625,-0.09111606329679489,0.22105754911899567,0.23410144448280334
1789222409109841200,47.263841064453125,-0.20908184349536896,0.7870176434516907,0.0999593511223793
1789222409119835100,47.27383520507812,-0.2429942786693573,0.13320651650428772,0.15011759102344513
1789222409129829000,47.2838291015625,-0.18607160449028015,-0.7677690982818604,0.23164068162441254
1789222409139822800,47.29382275390625,-0.09614250808954239,-0.590195894241333,0.022786006331443787
1789222409149817000,47.303817138671874,0.0527162067592144,-0.29050400853157043,-0.21064431965351105
1789222409159811000,47.31381103515625,0.12000097334384918,-0.21022780239582062,-0.3587493598461151
1789222409169805000,47.32380517578125,0.03322533145546913,0.10402839630842209,-0.3146761953830719
1789222409179799000,47.33379907226563,-0.11455187946557999,0.3240012526512146,-0.06285912543535233
1789222409189792300,47.34379223632813,-0.215000182390213,-0.04121987521648407,0.28910955786705017
1789222409199786000,47.35378588867187,-0.265097439289093,-0.37656325101852417,0.3505018353462219
1789222409209780000,47.363780029296876,-0.36366981267929077,-0.0360884964466095,0.41093188524246216
1789222409219774000,47.37377392578125,-0.35974910855293274,0.2890089154243469,0.23102736473083496
1789222409229767700,47.383767578125,-0.19878339767456055,0.1624743938446045,-0.14850318431854248
1789222409239762000,47.39376196289062,0.04290245845913887,-0.19700627028942108,-0.3960815668106079
1789222409249756000,47.403755859375,0.1265086680650711,-0.14902596175670624,-0.5413450002670288
1789222409259749600,47.41374951171875,0.02189757488667965,-0.3503452241420746,-0.21934939920902252
1789222409269742800,47.42374291992188,-0.16098755598068237,-0.5214583873748779,0.010846256278455257
1789222409279736800,47.43373681640625,-0.27223312854766846,-0.2865239083766937,-0.09918783605098724
1789222409289730800,47.44373071289063,-0.22341258823871613,-0.22135049104690552,0.05518202856183052
1789222409299724800,47.453724853515624,-0.16692960262298584,0.1508835256099701,0.11441845446825027
1789222409309718800,47.46371875,-0.18179669976234436,0.592797040939331,0.052313271909952164
1789222409319712800,47.47371264648437,-0.1699959635734558,0.34303590655326843,0.19671306014060974
1789222409329706800,47.48370678710938,-0.037511687725782394,-0.462090402841568,0.16952165961265564
1789222409339700700,47.49370068359375,0.006848052144050598,-0.5623935461044312,0.021142570301890373
1789222409349693700,47.50369360351562,-0.08746593445539474,0.11231855303049088,-0.24546515941619873
1789222409359687700,47.513687744140626,-0.17608900368213654,0.0814296081662178,-0.08987289667129517
1789222409369682000,47.52368188476562,-0.1960296928882599,-0.37907248735427856,0.06673801690340042
1789222409379676000,47.533676025390626,-0.15987782180309296,-0.276343435049057,-0.12803013622760773
1789222409389669600,47.54366967773438,-0.004544417839497328,-0.040880054235458374,-0.2325267195701599
1789222409399663600,47.55366357421875,0.16183337569236755,-0.1091214269399643,-0.13641482591629028
1789222409409657600,47.56365771484375,0.1846068650484085,-0.09209663420915604,-0.07388380914926529
1789222409419651800,47.57365185546875,0.12230034917593002,0.12956517934799194,-0.1570388823747635
1789222409429644800,47.583644775390624,0.06753190606832504,0.0685361847281456,-0.12616325914859772
1789222409439638800,47.593638671875,-0.060982927680015564,0.11214358359575272,0.05591253563761711
1789222409449632800,47.6036328125,-0.24107147753238678,0.3523029088973999,0.07058948278427124
1789222409459626800,47.61362670898438,-0.26641517877578735,-0.04620664194226265,0.11538784205913544
1789222409469620700,47.623620849609374,-0.1578996181488037,-0.4014110863208771,0.09720777720212936
1789222409479614700,47.63361474609375,0.07593923807144165,-0.473744660615921,-0.18287740647792816
1789222409489608700,47.64360864257812,0.27136680483818054,-0.4087321162223816,-0.20245003700256348
1789222409499602700,47.65360278320313,0.2660186290740967,0.08358117938041687,-0.09230276942253113
1789222409509596000,47.66359594726563,0.14630740880966187,0.3208416700363159,0.06333023309707642
1789222409519589600,47.67358959960937,0.019820043817162514,-0.12010909616947174,0.20015838742256165
1789222409529583600,47.68358349609375,-0.15076793730258942,-0.07491631805896759,0.07032263278961182
1789222409539577600,47.69357763671875,-0.2181195467710495,0.18355704843997955,-0.021587850525975227
1789222409549571800,47.70357177734375,-0.03954607620835304,-0.1492997407913208,-0.001657018787227571
1789222409559565800,47.71356591796875,0.303499698638916,-0.5024846792221069,-0.2681158781051636
1789222409569559800,47.723559814453125,0.5335164070129395,-0.379341721534729,-0.06842486560344696
1789222409579553800,47.7335537109375,0.4635452926158905,0.33416253328323364,0.15304893255233765
1789222409589546800,47.74354663085938,0.2979232966899872,0.5642708539962769,-0.028624720871448517
1789222409599540700,47.753540771484374,0.015689481049776077,0.4198225736618042,0.20265883207321167
1789222409609534700,47.76353466796875,-0.2551039457321167,0.40096285939216614,0.08583314716815948
1789222409619528700,47.77352880859375,-0.23398560285568237,-0.3513050377368927,-0.09446365386247635
1789222409629522700,47.78352270507813,0.1469724029302597,-1.1519771814346313,-0.280867338180542
1789222409639517000,47.793516845703124,0.6168051362037659,-0.713485598564148,-0.42496487498283386
1789222409649511000,47.80351098632813,0.856249988079071,0.4244751036167145,-0.2961618900299072
1789222409659504600,47.81350463867187,0.7323160171508789,0.9485335350036621,-0.017130782827734947
1789222409669497900,47.82349780273437,0.33434468507766724,0.8670397400856018,0.3458032011985779
1789222409679491800,47.83349194335938,-0.05836956575512886,0.36389780044555664,0.5618971586227417
1789222409689485800,47.84348583984375,-0.36046499013900757,-0.009012669324874878,0.40668201446533203
1789222409699479800,47.853479736328126,-0.49387097358703613,-0.33974984288215637,0.24865534901618958
1789222409709473800,47.86347387695312,-0.3538936376571655,-0.6507934927940369,0.40500447154045105
1789222409719467800,47.8734677734375,0.0657060444355011,-0.18503350019454956,-0.04803277179598808
1789222409729461800,47.88346166992188,0.5033180117607117,0.5471736192703247,-0.48291340470314026
1789222409739455700,47.893455810546875,0.7144105434417725,0.523996889591217,-0.49063390493392944
1789222409749448700,47.90344873046875,0.6569797396659851,-0.19513007998466492,-0.4739907383918762
1789222409759442700,47.91344262695313,0.3930082619190216,-0.5875327587127686,-0.3778359889984131
1789222409769437000,47.92343701171875,0.02634585276246071,-0.07327394932508469,0.05300276353955269
1789222409779431000,47.93343090820313,-0.27270209789276123,0.5836344361305237,0.4785892069339752
1789222409789424600,47.94342456054687,-0.3888055384159088,0.7122334241867065,0.49194496870040894
1789222409799418600,47.95341870117188,-0.3126993179321289,0.38879647850990295,0.38918769359588623
1789222409809412600,47.96341259765625,-0.08496122807264328,-0.1233576238155365,0.15166622400283813
1789222409819406800,47.97340673828125,0.2186327427625656,-0.7179027199745178,-0.21456076204776764
1789222409829399800,47.98339990234375,0.31507939100265503,-0.5093892216682434,-0.4256303906440735
1789222409839393800,47.99339379882812,0.1680489182472229,0.15072639286518097,-0.22456972301006317
1789222409849387800,48.0033876953125,0.033416278660297394,0.2834879159927368,-0.23774677515029907
1789222409859381800,48.0133818359375,-0.01890072040259838,-0.2834112048149109,-0.15013889968395233
1789222409869375700,48.023375732421876,-0.1410820186138153,-0.2490159422159195,0.0420563742518425
1789222409879369700,48.03336962890625,-0.24320732057094574,0.17492520809173584,0.14688079059123993
1789222409889363700,48.04336376953125,-0.1808163821697235,0.21915258467197418,0.2627951502799988
1789222409899357700,48.05335766601563,-0.09804667532444,0.39963582158088684,0.2796068787574768
1789222409909352000,48.06335205078125,-0.0987396240234375,0.41637909412384033,0.31228387355804443
1789222409919344600,48.0733447265625,-0.033359020948410034,-0.4661400020122528,0.2252855896949768
1789222409929338600,48.08333862304688,0.03867628797888756,-1.1456974744796753,-0.13779833912849426
1789222409939332600,48.09333251953125,-0.033785928040742874,-0.42018476128578186,-0.43876883387565613
1789222409949326800,48.10332690429688,-0.11679372936487198,0.3987540304660797,-0.46337777376174927
1789222409959320800,48.11332080078125,0.007216900121420622,-0.10959386825561523,-0.2525683343410492
1789222409969314800,48.12331469726563,0.14119866490364075,-0.5615608096122742,0.06835509091615677
1789222409979308800,48.133308837890624,0.12339916825294495,-0.002799248555675149,0.15826474130153656
1789222409989302800,48.143302734375,0.0721689984202385,0.14223358035087585,0.20371557772159576
1789222409999295700,48.153295654296876,-0.050450656563043594,0.17489005625247955,0.28106895089149475
1789222410009289700,48.16328979492187,-0.28053632378578186,0.7420679926872253,0.3475166857242584
1789222410019283700,48.17328369140625,-0.35984525084495544,0.6125805974006653,0.06396806240081787
1789222410029277700,48.18327758789062,-0.14662139117717743,-0.7812798619270325,-0.051114048808813095
1789222410039272000,48.19327197265625,0.19495750963687897,-1.3243249654769897,-0.25601446628570557
1789222410049266000,48.20326586914062,0.43243369460105896,-0.43056097626686096,-0.5690299272537231
1789222410059259600,48.213259765625,0.5331440567970276,0.1931241899728775,-0.2463647723197937
1789222410069252600,48.223252685546875,0.5632085204124451,0.6919006705284119,-0.18623565137386322
1789222410079246800,48.23324682617187,0.49852004647254944,1.0062918663024902,-0.14361734688282013
1789222410089240800,48.24324072265625,0.2289935052394867,0.604155957698822,0.42431560158729553
1789222410099234800,48.25323486328125,-0.04663621261715889,-0.619191586971283,0.7814098000526428
1789222410109228800,48.263228759765624,-0.1672702133655548,-0.8429176211357117,0.34343379735946655
1789222410119222800,48.27322290039063,-0.0361018106341362,-0.10520152002573013,-0.09394700080156326
1789222410129216800,48.283216796875,0.22652529180049896,0.4136275351047516,-0.568903386592865
1789222410139210800,48.29321069335938,0.39497047662734985,0.09341836720705032,-0.5546720027923584
1789222410149203700,48.30320361328125,0.4733622372150421,-0.30310875177383423,-0.18524602055549622
1789222410159197700,48.31319775390625,0.5676650404930115,-0.18786977231502533,-0.08804517239332199
1789222410169192000,48.32319189453125,0.4484672546386719,0.25351348519325256,0.33794981241226196
1789222410179186000,48.33318603515625,0.10775256156921387,0.5297272205352783,0.4770280718803406
1789222410189179600,48.3431796875,-0.1585448980331421,0.3363274037837982,0.21686173975467682
1789222410199173600,48.35317358398437,-0.1658499538898468,0.020084494724869728,0.14483974874019623
1789222410209167600,48.363167724609376,0.059663329273462296,-0.15885914862155914,-0.14504507184028625
1789222410219161900,48.37316186523437,0.34522557258605957,-0.16166453063488007,-0.5473996996879578
1789222410229156400,48.38315625,0.48678457736968994,-0.05092949420213699,-0.12899179756641388
1789222410239149300,48.3931494140625,0.45637205243110657,0.49147653579711914,0.11893730610609055
1789222410249143300,48.403143310546874,0.37910735607147217,0.6392116546630859,-0.14076323807239532
1789222410259137300,48.41313720703125,0.228319451212883,0.04770786687731743,-0.07808920741081238
1789222410269131300,48.42313134765625,-0.026570890098810196,-0.23787380754947662,-0.03414066135883331
1789222410279125200,48.433125244140626,-0.1673130989074707,-0.2409718632698059,-0.07878615707159042
1789222410289119200,48.443119140625,-0.09747089445590973,-0.1166379302740097,0.08409304171800613
1789222410299113200,48.45311328125,0.12445937097072601,0.10862501710653305,0.12765783071517944
1789222410309107200,48.46310717773437,0.2946966290473938,0.2081284373998642,0.23337599635124207
1789222410319100400,48.47310034179687,0.2496601641178131,0.4004185199737549,0.1526651829481125
1789222410329094100,48.48309423828125,0.0009925601771101356,0.4966696798801422,0.1753515750169754
1789222410339088100,48.49308813476563,-0.27507203817367554,0.2927993834018707,0.23824664950370789
1789222410349082000,48.50308203125,-0.3660581409931183,-0.09954044222831726,-0.015965649858117104
1789222410359076400,48.51307641601562,-0.13506408035755157,-0.65265291929245,-0.3767358362674713
1789222410369070300,48.5230703125,0.2214309275150299,-0.673278272151947,-0.41982898116111755
1789222410379064300,48.53306420898438,0.44542673230171204,0.3097684979438782,-0.3623558282852173
1789222410389058300,48.543058349609375,0.4958933889865875,0.9160946607589722,-0.05026184022426605
1789222410399051300,48.55305126953125,0.4456395208835602,0.3412441313266754,0.10164806246757507
1789222410409045200,48.56304516601563,0.12488600611686707,-0.21989507973194122,0.49466672539711
1789222410419039200,48.573039306640624,-0.27613863348960876,-0.19697751104831696,0.6189183592796326
1789222410429033200,48.583033203125,-0.4349101781845093,0.11098989844322205,0.08231218159198761
1789222410439027200,48.59302709960937,-0.2880901098251343,0.2570253908634186,-0.13310612738132477
1789222410449021400,48.603021484375,-0.04623354226350784,0.6604894995689392,-0.4569763243198395
1789222410459015400,48.61301538085937,0.19638043642044067,0.3686840236186981,-0.29784607887268066
1789222410469009200,48.623009033203125,0.33556389808654785,-0.2980082631111145,0.14010624587535858
1789222410479002000,48.633002197265625,0.3324863314628601,-0.2806902527809143,-0.1257038712501526
1789222410488996400,48.64299633789062,0.20452465116977692,-0.1808752417564392,-0.1668904572725296
1789222410498990300,48.652990234375,-0.1045469120144844,0.11924676597118378,-0.15200871229171753
1789222410508984300,48.662984375,-0.36026817560195923,0.09517046064138412,-0.003090864745900035
1789222410518978300,48.672978271484375,-0.39913272857666016,-0.0326189287006855,0.3398419916629791
1789222410528972300,48.68297216796875,-0.20474062860012054,0.1594727486371994,0.30354204773902893
1789222410538966300,48.69296630859375,0.00030866035376675427,0.32384756207466125,0.43611764907836914
1789222410548960300,48.70296020507813,0.06794416159391403,0.30578121542930603,0.4276762306690216
1789222410558953200,48.712953125,0.02202034741640091,0.24282009899616241,0.0028032432310283184
1789222410568947200,48.722947265625,-0.09891406446695328,0.10571470856666565,-0.3898894488811493
1789222410578941400,48.73294140625,-0.1292961984872818,-0.3793041706085205,-0.5034061670303345
1789222410588935400,48.742935302734374,-0.06799236685037613,-0.6022640466690063,-0.41418227553367615
1789222410598929200,48.75292919921875,0.07370191812515259,-0.4498153626918793,-0.19179660081863403
1789222410608923100,48.76292309570312,0.13584758341312408,0.20365218818187714,0.042448390275239944
1789222410618917000,48.77291723632813,0.04344121739268303,0.6552353501319885,0.43271759152412415
1789222410628911400,48.78291137695312,-0.12272857874631882,0.551713228225708,0.5176963806152344
1789222410638904300,48.792904296875,-0.3044632375240326,0.13265018165111542,0.4929244816303253
1789222410648898300,48.802898193359376,-0.45169636607170105,-0.051127899438142776,0.2270192950963974
1789222410658892000,48.81289208984375,-0.43393146991729736,-0.22656762599945068,-0.12073361128568649
1789222410668886300,48.82288623046875,-0.3094462752342224,-0.2805935740470886,-0.20597819983959198
1789222410678880300,48.83288037109375,-0.101224884390831,-0.05756209418177605,-0.5888795256614685
1789222410688874200,48.842874267578125,0.11125035583972931,-0.10405129939317703,-0.5589370727539062
1789222410698868200,48.8528681640625,0.1414564698934555,-0.13044296205043793,-0.22820813953876495
1789222410708861400,48.862861328125,-0.0036828855518251657,-0.17543120682239532,-0.024803882464766502
1789222410718855400,48.87285546875,-0.24466539919376373,-0.35994112491607666,0.3641742169857025
1789222410728849200,48.88284912109375,-0.5206115245819092,0.15696404874324799,0.3622479736804962
1789222410738843100,48.89284301757812,-0.5822048187255859,0.41939541697502136,0.15958327054977417
1789222410748837000,48.90283715820313,-0.4101736843585968,0.020003534853458405,-0.009873935952782631
1789222410758831400,48.912831298828124,-0.224544957280159,-0.18500500917434692,-0.2943844795227051
1789222410768825300,48.92282543945313,-0.08897008746862411,-0.3321813941001892,-0.20721310377120972
1789222410778819300,48.9328193359375,0.05579562112689018,-0.7527906894683838,-0.029344839975237846
1789222410788812300,48.94281225585937,0.14254729449748993,-0.6491343379020691,-0.06818970292806625
1789222410798806300,48.95280615234375,-0.07585401833057404,0.6021686792373657,0.16217824816703796
1789222410808800300,48.96280029296875,-0.40252748131752014,1.5084575414657593,0.08924172818660736
1789222410818794200,48.972794189453126,-0.5183004140853882,0.3397271931171417,0.13571122288703918
1789222410828788200,48.98278833007812,-0.46007946133613586,-1.0963234901428223,0.27339985966682434
1789222410838782200,48.9927822265625,-0.28940919041633606,-1.0874954462051392,0.09257334470748901
1789222410848776400,49.0027763671875,0.03256193920969963,-0.5368916988372803,-0.17607755959033966
1789222410858770400,49.0127705078125,0.33014488220214844,0.07075779139995575,-0.4280104637145996
1789222410868764200,49.02276416015625,0.3997194468975067,0.6068902015686035,-0.4525485634803772
1789222410878757000,49.03275708007813,0.25110387802124023,0.5284835696220398,-0.25736868381500244
1789222410888751400,49.04275146484375,0.043412189930677414,-0.36084261536598206,0.14288125932216644
1789222410898745300,49.05274536132813,-0.2396773099899292,-0.3870454430580139,0.39426368474960327
1789222410908739300,49.0627392578125,-0.4010006785392761,0.23784372210502625,0.2624819576740265
1789222410918733300,49.0727333984375,-0.32835817337036133,0.2930148243904114,0.20230835676193237
1789222410928727300,49.082727294921874,-0.1281939148902893,0.2775149643421173,-0.09095733612775803
1789222410938721300,49.09272119140625,0.09578005224466324,0.22530901432037354,-0.33881959319114685
1789222410948715300,49.10271533203125,0.3112841248512268,-0.27255481481552124,-0.45596352219581604
1789222410958708200,49.11270825195312,0.4113294780254364,-0.952563464641571,-0.06709194928407669
1789222410968702200,49.1227021484375,0.23786236345767975,-0.4530372619628906,0.13505928218364716
1789222410978696400,49.132696533203124,-0.0022085595410317183,0.43917763233184814,-0.028958680108189583
1789222410988690400,49.1426904296875,-0.2061164230108261,0.6385964751243591,0.08875197172164917
1789222410998684200,49.15268408203125,-0.25636547803878784,0.3118937015533447,0.05735703185200691
1789222411008678100,49.16267822265625,-0.2786547839641571,0.22493857145309448,0.1521618366241455
1789222411018672000,49.17267211914063,-0.1601281464099884,0.08132601529359818,-0.127372607588768
1789222411028666400,49.182666259765625,0.1794389933347702,-0.7694346308708191,-0.10825696587562561
1789222411038659300,49.192659423828125,0.3902287185192108,-0.7632284164428711,0.047510527074337006
1789222411048653300,49.2026533203125,0.3390086889266968,0.29154956340789795,-0.17389562726020813
1789222411058647000,49.21264697265625,0.1751294732093811,0.6061612963676453,-0.11777057498693466
1789222411068641300,49.22264135742188,0.0268891379237175,0.1123819351196289,-0.032340895384550095
1789222411078635300,49.23263525390625,-0.13970224559307098,-0.09505008161067963,-0.03418486937880516
1789222411088629200,49.24262915039063,-0.20698460936546326,-0.06978573650121689,0.013124058023095131
1789222411098623200,49.252623291015624,-0.09362795203924179,-0.12202870100736618,-0.031986430287361145
1789222411108616400,49.262616455078124,0.09689139574766159,-0.07380391657352448,0.07880373299121857
1789222411118610400,49.2726103515625,0.2124723196029663,0.44623181223869324,0.025615347549319267
1789222411128604200,49.28260424804687,0.16787981986999512,0.6742364764213562,-0.05426696687936783
1789222411138598100,49.29259814453125,0.11829201877117157,-0.1390247344970703,-0.06339335441589355
1789222411148592000,49.30259204101562,-0.07948070764541626,-0.4853062331676483,0.17399203777313232
1789222411158586400,49.31258642578125,-0.1855355054140091,-0.19042187929153442,-0.05916371941566467
1789222411168580400,49.32258032226562,-0.09799554198980331,-0.16921591758728027,-0.17467273771762848
1789222411178574300,49.33257421875,0.004603007808327675,-0.074774369597435,-0.16078968346118927
1789222411188567000,49.342567138671875,0.033793915063142776,0.21431629359722137,-0.09218212217092514
1789222411198561300,49.35256127929687,0.05103228986263275,0.18295277655124664,-0.007960720919072628
1789222411208555300,49.36255517578125,0.10838399827480316,-0.28099173307418823,-0.02153192274272442
1789222411218549200,49.37254931640625,0.13546036183834076,-0.4212718605995178,-0.011503524146974087
1789222411228543200,49.382543212890624,-0.011008176021277905,0.0754564106464386,0.18097750842571259
1789222411238536700,49.39253662109375,-0.15399383008480072,0.1592056304216385,0.22756817936897278
1789222411248530700,49.40253076171875,-0.16615115106105804,0.01318397931754589,-0.045577604323625565
1789222411258524400,49.4125244140625,-0.10107042640447617,0.02713361568748951,0.07139721512794495
1789222411268518400,49.42251831054688,-0.10406701266765594,0.41043680906295776,0.026623088866472244
1789222411278511600,49.43251171875,-0.08346106857061386,0.016742760315537453,-0.007678958587348461
1789222411288505600,49.442505615234374,0.004854143597185612,-0.6199239492416382,0.09896146506071091
1789222411298499600,49.45249951171875,0.06880410015583038,-0.2539755403995514,0.022542061284184456
1789222411308493600,49.46249365234375,0.06904218345880508,0.3984493613243103,-0.11961720883846283
1789222411318487300,49.4724873046875,0.10297085344791412,0.0870366320014,-0.16741296648979187
1789222411328481500,49.4824814453125,0.07713153958320618,-0.3982517719268799,0.00948058720678091
1789222411338475500,49.4924755859375,-0.03524613752961159,-0.18798881769180298,0.1084311380982399
1789222411348469500,49.50246948242187,-0.08000002801418304,0.12680162489414215,0.0916162058711052
1789222411358462500,49.51246240234375,-0.1250617802143097,0.3071295917034149,0.19600972533226013
1789222411368456700,49.52245678710938,-0.19391408562660217,0.4270884692668915,0.03915459290146828
1789222411378450700,49.53245068359375,-0.21365822851657867,-0.004914331249892712,0.12016848474740982
1789222411388444400,49.5424443359375,-0.2234562635421753,-0.3844723105430603,0.3441608250141144
1789222411398438400,49.5524384765625,-0.1326161026954651,-0.46038198471069336,0.0316639207303524
1789222411408432400,49.562432373046875,0.008932242169976234,-0.49513837695121765,-0.006404103245586157
1789222411418426600,49.57242651367188,0.14509594440460205,-0.2013072818517685,-0.13988226652145386
1789222411428420600,49.582420654296875,0.18265396356582642,0.3199306130409241,-0.23363246023654938
1789222411438413600,49.59241357421875,0.13431786000728607,0.269802987575531,-0.06296564638614655
1789222411448407300,49.6024072265625,-0.05706221982836723,-0.029291575774550438,0.1846846342086792
1789222411458401500,49.612401611328124,-0.30765849351882935,-0.09379919618368149,0.4087968170642853
1789222411468395500,49.6223955078125,-0.4380708336830139,0.03190573304891586,0.5038796663284302
1789222411478389500,49.63238940429687,-0.31325164437294006,-0.05053800716996193,0.34210672974586487
1789222411488383500,49.64238354492188,-0.15035274624824524,0.04969778284430504,0.12513048946857452
1789222411498377500,49.65237744140625,-0.027173031121492386,0.23726874589920044,-0.1971261203289032
1789222411508371700,49.66237182617188,0.12276560068130493,-0.18743140995502472,-0.2817789614200592
1789222411518364400,49.672364501953126,0.29724952578544617,-0.647567868232727,-0.6011665463447571
1789222411528358400,49.6823583984375,0.39472416043281555,-0.6779798269271851,-0.40674564242362976
1789222411538352400,49.692352294921875,0.30770641565322876,-0.09715797752141953,-0.07911372929811478
1789222411548346600,49.7023466796875,0.14827628433704376,0.2661171555519104,0.10001581162214279
1789222411558340600,49.712340576171876,-0.023073093965649605,0.32639381289482117,0.45092323422431946
1789222411568334600,49.72233447265625,-0.15632063150405884,0.5937589406967163,0.600958526134491
1789222411578328600,49.73232861328125,-0.17666611075401306,0.6574609875679016,0.14462801814079285
1789222411588322300,49.742322265625,-0.14981931447982788,-0.029762422665953636,0.02334819920361042
1789222411598315500,49.7523154296875,-0.00803209375590086,-0.49875199794769287,-0.12317279726266861
1789222411608309500,49.7623095703125,0.2460864633321762,-0.36521124839782715,-0.3385620713233948
1789222411618303500,49.77230346679688,0.3938032388687134,0.03978869318962097,-0.290393203496933
1789222411628297500,49.78229736328125,0.3647007346153259,0.15831507742404938,-0.26235252618789673
1789222411638291700,49.79229174804688,0.3290966749191284,-0.5399090647697449,0.057613227516412735
1789222411648285700,49.80228564453125,0.21028479933738708,-0.3555714190006256,0.029386650770902634
1789222411658279400,49.81227954101563,0.010433199815452099,0.5187709927558899,-0.05831630155444145
1789222411668273400,49.8222734375,-0.15356452763080597,0.8032176494598389,0.0296055618673563
1789222411678266600,49.8322666015625,-0.21255195140838623,0.3334301710128784,0.18100440502166748
1789222411688260600,49.842260498046876,-0.04574964568018913,-0.6104196906089783,0.17789782583713531
1789222411698254600,49.85225463867187,0.22154171764850616,-0.9241946339607239,0.13793683052062988
1789222411708248600,49.86224853515625,0.2679411768913269,-0.10643722862005234,-0.01067954208701849
1789222411718242300,49.8722421875,0.237545445561409,0.24774055182933807,-0.3618287742137909
1789222411728236500,49.882236572265626,0.1518196165561676,0.26746925711631775,-0.4777638912200928
1789222411738230500,49.89223046875,0.07525613903999329,-0.018398182466626167,-0.18341989815235138
1789222411748224500,49.902224609375,0.003578489413484931,-0.19143468141555786,-0.21400576829910278
1789222411758217500,49.912217529296875,-0.014485998079180717,-0.43546172976493835,-0.023307720199227333
1789222411768211700,49.92221166992187,-0.009458483196794987,-0.11814075708389282,0.33368051052093506
1789222411778205700,49.932205810546876,0.05541239306330681,0.4652728736400604,0.23159220814704895
1789222411788199400,49.94219946289063,0.2171642780303955,0.4470243752002716,0.06221596896648407
1789222411798193400,49.952193359375,0.3279549777507782,0.17834310233592987,0.09001430869102478
1789222411808187400,49.9621875,0.26285427808761597,0.021031782031059265,0.029437784105539322
1789222411818181600,49.972181640625,0.15375441312789917,-0.25721022486686707,0.08126209676265717
1789222411828175600,49.98217553710938,0.11170975118875504,-0.09844721108675003,-0.07893343269824982
1789222411838168600,49.99216845703125,0.10867001861333847,0.21815817058086395,-0.04104330763220787
1789222411848162300,50.00216235351562,0.045935798436403275,0.6203202605247498,-0.24010421335697174
1789222411858156500,50.012156494140626,0.039323702454566956,0.10406621545553207,-0.2757604718208313
1789222411868150500,50.02215063476562,0.1654994785785675,-0.7667919993400574,0.0024168186355382204
1789222411878144500,50.03214453125,0.3271440267562866,-0.500603199005127,-0.023212378844618797
1789222411888138500,50.04213842773437,0.3639872670173645,0.2956361770629883,0.18579968810081482
1789222411898132500,50.052132568359376,0.33813968300819397,0.43840292096138,0.05789685621857643
1789222411908126700,50.06212670898437,0.20068037509918213,0.39175233244895935,0.11366052180528641
1789222411918119400,50.07211938476563,0.061109960079193115,0.5872669816017151,0.17072807252407074
1789222411928113400,50.082113525390625,0.0062275356613099575,0.5969765782356262,-0.4233528673648834
1789222411938107400,50.092107421875,0.009297361597418785,-0.4077984094619751,-0.13420946896076202
1789222411948101600,50.1021015625,0.0016077503096312284,-0.6405045986175537,0.22986675798892975
1789222411958095600,50.112095703125,0.09726530313491821,0.18507611751556396,0.02781059220433235
1789222411968089600,50.122089599609374,0.27618417143821716,0.37160924077033997,0.12907223403453827
1789222411978083600,50.13208349609375,0.33807843923568726,0.2891676127910614,-0.18566280603408813
1789222411988077300,50.14207739257812,0.2183712124824524,0.05253644287586212,-0.24011673033237457
1789222411998070500,50.15207055664062,0.16044719517230988,-0.2719646692276001,-0.2988402247428894
1789222412008064500,50.162064453125,0.22578252851963043,-0.3498679995536804,-0.24131888151168823
1789222412018058500,50.17205859375,0.1898042857646942,0.19065409898757935,0.10252131521701813
1789222412028052500,50.182052490234376,0.06890476495027542,0.42639684677124023,0.40211522579193115
1789222412038046700,50.19204663085937,-0.02484889142215252,0.07193544507026672,0.5243968963623047
1789222412048040700,50.20204077148438,-0.25820279121398926,0.36096110939979553,0.6659391522407532
1789222412058034400,50.21203442382812,-0.5004668235778809,0.9924671649932861,0.00034940673504024744
1789222412068028400,50.2220283203125,-0.5080112814903259,0.1850457489490509,-0.618135929107666
1789222412078021600,50.232021728515626,-0.2058655470609665,-1.4392979145050049,-0.4667477309703827
1789222412088015600,50.242015625,0.2111031860113144,-1.4597257375717163,-0.6240772008895874
1789222412098009600,50.252009521484375,0.41100671887397766,-0.5666067004203796,-0.13841326534748077
1789222412108003600,50.26200366210937,0.23718538880348206,0.36595669388771057,0.47461286187171936
1789222412117997300,50.271997314453124,-0.20286442339420319,0.903396725654602,0.6573805212974548
1789222412127991600,50.28199145507813,-0.8293235301971436,1.2523152828216553,0.767654299736023
1789222412137985500,50.291985595703125,-1.137957215309143,0.5797656178474426,0.2323935627937317
1789222412147979500,50.3019794921875,-0.9927103519439697,-0.7319413423538208,-0.39441174268722534
1789222412157972500,50.31197241210938,-0.6316056847572327,-1.222683310508728,-0.35050874948501587
1789222412167966700,50.321966796875,-0.17794284224510193,-0.9368609189987183,-0.3673577606678009
1789222412177960700,50.33196069335938,0.33207833766937256,-0.3972504138946533,-0.9536875486373901
1789222412187954400,50.34195434570312,1.0967565774917603,0.836985170841217,-0.8819292187690735
1789222412197948400,50.351948486328126,1.2487149238586426,0.24085389077663422,-0.11376971006393433
1789222412207942400,50.3619423828125,0.3097895383834839,-0.28188762068748474,0.18465480208396912
1789222412217936600,50.3719365234375,-0.7212396860122681,-0.4540995955467224,1.3568565845489502
1789222412227930600,50.3819306640625,-1.3712371587753296,-0.535571813583374,2.10661244392395
1789222412237924000,50.391924072265624,-1.3795968294143677,0.4613833427429199,1.0643211603164673
1789222412247918000,50.40191796875,-0.4506995379924774,1.8603242635726929,-0.5510402321815491
1789222412257912000,50.411912109375,0.17172221839427948,0.1782727986574173,-1.2412877082824707
1789222412267906300,50.42190625,0.2572925090789795,-0.37439143657684326,-0.6072561144828796
1789222412277900300,50.431900390625,0.33151987195014954,-0.7017953991889954,-0.046782951802015305
1789222412287894300,50.44189428710938,0.6993937492370605,-1.5814098119735718,-0.38470399379730225
1789222412297888000,50.45188793945312,1.0976308584213257,-1.276909589767456,-0.37866154313087463
1789222412307882000,50.46188208007813,0.6816563010215759,0.5267189145088196,-0.28627222776412964
1789222412317875200,50.47187524414063,-0.047505468130111694,2.1500658988952637,-0.09594277292490005
1789222412327869200,50.481869140625,-0.5587197542190552,1.338733196258545,0.4776243567466736
1789222412337863200,50.49186328125,-0.6526174545288086,-0.40244919061660767,0.959747850894928
1789222412347857200,50.50185717773437,-0.5342210531234741,-0.4163181185722351,0.3539458215236664
1789222412357851100,50.51185107421875,-0.08955465257167816,-0.7774856686592102,-0.026257703080773354
1789222412367845000,50.52184521484375,0.5245335698127747,-1.2251092195510864,-0.17969679832458496
1789222412377839000,50.531839111328125,0.9967796206474304,0.07904821634292603,-0.9752733111381531
1789222412387833000,50.5418330078125,1.0851670503616333,1.293052077293396,-1.263851523399353
1789222412397826300,50.55182641601562,0.8010873794555664,0.6367037296295166,-0.318895161151886
1789222412407820300,50.5618203125,0.21331840753555298,-0.11448103934526443,0.5236349701881409
1789222412417814300,50.57181420898438,-0.3504597544670105,-0.16444674134254456,0.6972864270210266
1789222412427808000,50.58180810546875,-0.6591203808784485,-0.08892001956701279,0.8448457717895508
1789222412437802000,50.59180200195313,-0.4939873516559601,-0.20794734358787537,0.1155385822057724
1789222412447796200,50.601796142578124,-0.23113122582435608,-0.21782153844833374,0.14467622339725494
1789222412457790200,50.61179028320313,-0.08143200725317001,-0.11782330274581909,1.312699556350708
1789222412467784200,50.6217841796875,0.14172543585300446,0.3456844389438629,1.3806003332138062
1789222412477778200,50.63177807617188,0.3941797912120819,1.2303247451782227,-0.13942207396030426
1789222412487771100,50.64177124023438,0.7243702411651611,0.8843127489089966,-1.6431243419647217
1789222412497765000,50.65176513671875,0.698602020740509,-1.2836878299713135,-1.8660231828689575
1789222412507759000,50.661759033203126,0.17087826132774353,-1.5154715776443481,-0.8926417827606201
1789222412517753000,50.67175317382812,-0.3545764684677124,-0.395776629447937,0.42916974425315857
1789222412527747000,50.6817470703125,-0.3467289209365845,-0.0019289276096969843,1.075326681137085
1789222412537741300,50.6917412109375,-0.14631247520446777,0.5084872245788574,0.6897816061973572
1789222412547735300,50.7017353515625,-0.16881591081619263,0.8950937390327454,0.22913944721221924
1789222412557729300,50.71172924804687,-0.33548983931541443,0.5331323742866516,0.6366523504257202
1789222412567722000,50.72172192382813,-0.35626065731048584,0.28985339403152466,0.1757260262966156
1789222412577716200,50.73171630859375,-0.1044188141822815,0.032701753079891205,-0.6041551232337952
1789222412587710200,50.74171020507813,0.28911224007606506,-0.7282624244689941,-0.7319322824478149
1789222412597704200,50.7517041015625,0.2899543344974518,-0.8052623867988586,-0.16990114748477936
1789222412607698200,50.7616982421875,0.12594647705554962,-0.5341582298278809,-0.1267576813697815
1789222412617692200,50.771692138671874,-0.1357961744070053,0.3292575180530548,-0.1620490849018097
1789222412627686100,50.78168603515625,-0.4465886652469635,1.146104097366333,0.27615222334861755
1789222412637680000,50.79168017578125,-0.5386149883270264,1.1032482385635376,-0.3721733093261719
1789222412647673000,50.80167309570312,-0.4323948323726654,-0.7445623278617859,-0.06503652036190033
1789222412657667000,50.8116669921875,-0.2176162153482437,-1.6519297361373901,0.15515044331550598
1789222412667661300,50.821661376953124,0.1834137737751007,-0.9733062982559204,-0.3863639533519745
1789222412677655300,50.8316552734375,0.4734700918197632,-0.24142087996006012,-0.057858504354953766
1789222412687649300,50.84164916992187,0.498291552066803,0.6551567912101746,-0.2290177345275879
1789222412697643000,50.85164306640625,0.23913322389125824,1.119946002960205,-0.23417069017887115
1789222412707637000,50.86163696289063,-0.2361145317554474,1.0031888484954834,0.5593833923339844
1789222412717631000,50.871630859375,-0.6288008093833923,0.515470027923584,0.3162083029747009
1789222412727624200,50.881624267578125,-0.7116134166717529,-0.7812638878822327,0.0801134780049324
1789222412737618200,50.8916181640625,-0.5449051260948181,-1.402949571609497,0.35816532373428345
1789222412747612200,50.901612060546874,-0.15850815176963806,-0.5173339247703552,0.0882534310221672
1789222412757606100,50.91160620117188,0.37141215801239014,0.3550976514816284,-0.34850525856018066
1789222412767600000,50.92160009765625,0.7022420167922974,0.45456618070602417,-0.18258285522460938
1789222412777594000,50.93159399414063,0.5676003098487854,0.4127468168735504,0.035243209451436996
1789222412787588000,50.941588134765624,0.12744371592998505,0.030612237751483917,0.2276161164045334
1789222412797582000,50.95158203125,-0.27476152777671814,-0.4381941258907318,0.04078897461295128
1789222412807575300,50.9615751953125,-0.3984461724758148,-0.6544907689094543,-0.09653506428003311
1789222412817569300,50.9715693359375,-0.35811421275138855,0.022969231009483337,0.014310762286186218
1789222412827563000,50.98156298828125,-0.11170122772455215,0.5426456928253174,-0.0028594359755516052
1789222412837557000,50.99155688476562,0.30846381187438965,0.04180470481514931,0.16822096705436707
1789222412847551200,51.00155126953125,0.5188338160514832,-0.08174093812704086,0.4129207134246826
1789222412857545200,51.01154516601562,0.39459365606307983,0.5144598484039307,0.11970403045415878
1789222412867539200,51.021539306640626,0.19105038046836853,0.19104371964931488,-0.22029295563697815
1789222412877533200,51.031533203125,-0.003456516657024622,-0.6077024340629578,0.013745373114943504
1789222412887526100,51.04152612304687,-0.10014098137617111,-0.37866607308387756,-0.35675039887428284
1789222412897520000,51.05152001953125,0.017904698848724365,-0.04945996031165123,-0.19186876714229584
1789222412907514000,51.06151416015625,0.15024062991142273,0.40150001645088196,0.4000147879123688
1789222412917508000,51.071508056640624,0.3510674834251404,0.6846965551376343,-0.007570301648229361
1789222412927502000,51.08150219726563,0.499898761510849,-0.047256194055080414,0.2230655699968338
1789222412937496000,51.09149609375,0.45454806089401245,-0.2617591619491577,0.12053041160106659
1789222412947490300,51.101490234375,0.3341691792011261,-0.0012471582740545273,-0.38288986682891846
1789222412957484300,51.111484375,0.20906773209571838,0.07094261795282364,-0.16376470029354095
1789222412967477000,51.12147705078125,0.16972805559635162,0.37622663378715515,-0.2669222354888916
1789222412977471200,51.13147119140625,0.21091383695602417,0.3042941093444824,-0.17393425107002258
1789222412987465200,51.14146533203125,0.29747214913368225,0.0057220677845180035,0.06397392600774765
1789222412997459200,51.15145922851563,0.3560848832130432,-0.08530104905366898,0.11176913976669312
1789222413007453200,51.161453125,0.30165866017341614,-0.004520982038229704,0.29173198342323303
1789222413017447200,51.171447265625,0.22864942252635956,0.43752139806747437,-0.09878063946962357
1789222413027441200,51.18144116210937,0.12588974833488464,0.5489728450775146,0.11329086869955063
1789222413037435100,51.19143505859375,0.03758678957819939,0.43150851130485535,-0.00020000340009573847
1789222413047429000,51.20142919921875,0.04213839769363403,-0.12250088155269623,-0.06809809058904648
1789222413057422000,51.21142211914062,0.05991899222135544,-0.2674570083618164,0.1299303025007248
1789222413067416000,51.221416015625,0.08893600106239319,0.09174669533967972,0.08706379681825638
1789222413077410300,51.23141040039062,0.11131054162979126,0.2291591465473175,0.08838845044374466
1789222413087404300,51.241404296875,0.14028893411159515,0.10730408877134323,-0.13421079516410828
1789222413097398000,51.25139794921875,0.08487760275602341,-0.017899105325341225,-0.10106643289327621
1789222413107392000,51.26139208984375,-0.002478337613865733,-0.005554022267460823,-0.15605324506759644
1789222413117386000,51.27138598632813,0.008114119060337543,-0.25033554434776306,-0.2789301574230194
1789222413127380200,51.281380126953124,0.1320408582687378,-0.3280670940876007,-0.23279675841331482
1789222413137373200,51.291373291015624,0.152068629860878,0.2216559648513794,0.09726343303918839
1789222413147367200,51.3013671875,0.02672508731484413,0.7291998863220215,0.21372106671333313
1789222413157361200,51.31136108398437,-0.13087305426597595,0.32255834341049194,0.33330366015434265
1789222413167355100,51.32135522460938,-0.33554577827453613,0.06772392243146896,0.598567008972168
1789222413177349000,51.33134912109375,-0.43908414244651794,0.4400293231010437,0.06141968443989754
1789222413187343000,51.341343017578126,-0.2599666118621826,-0.10368964076042175,-0.39791515469551086
1789222413197337000,51.35133715820312,-0.026279008015990257,-0.8555655479431152,-0.3466860353946686
1789222413207331000,51.3613310546875,0.09504236280918121,-0.7857891321182251,-0.27997997403144836
1789222413217324300,51.37132421875,0.16502757370471954,-0.10269521921873093,-0.31269586086273193
1789222413227318000,51.38131811523437,0.23654089868068695,0.2504575252532959,-0.12317279726266861
1789222413237312500,51.3913125,0.07505586743354797,0.5150401592254639,0.25619715452194214
1789222413247306500,51.40130639648437,-0.22266210615634918,0.6251829266548157,0.13257960975170135
1789222413257300700,51.41130078125,-0.3862081468105316,0.007151652593165636,0.13054601848125458
1789222413267294700,51.42129467773437,-0.28531110286712646,-0.6350060105323792,0.2269899994134903
1789222413277288700,51.43128881835938,-0.0265346709638834,-0.2114587128162384,-0.2088107317686081
1789222413287282700,51.44128271484375,0.2913365066051483,0.0776258185505867,-0.27818048000335693
1789222413297275600,51.45127563476562,0.4641346335411072,-0.02177373878657818,0.03141624480485916
1789222413307269600,51.46126953125,0.3604756295681,0.3864222764968872,-0.013235111720860004
1789222413317263600,51.471263671875,0.13048318028450012,0.6280596852302551,-0.15631157159805298
1789222413327257600,51.481257568359375,-0.05613144487142563,-0.1761356145143509,-0.1708894520998001
1789222413337251600,51.49125146484375,-0.13821326196193695,-0.9115850925445557,-0.3342578709125519
1789222413347245600,51.50124560546875,-0.17993967235088348,-0.6867805123329163,0.08814850449562073
1789222413357239800,51.51123974609375,-0.0851854681968689,0.3404952585697174,0.13040807843208313
1789222413367233800,51.52123388671875,0.10817653685808182,0.9948310256004333,0.10044005513191223
1789222413377227500,51.5312275390625,0.20501253008842468,0.795596182346344,0.1711677461862564
1789222413387220700,51.541220703125,0.17551642656326294,0.14483362436294556,-0.07193703949451447
1789222413397214700,51.551214599609374,0.07650595903396606,-0.5762814283370972,-0.13176068663597107
1789222413407208700,51.56120874023438,0.1056385412812233,-0.736562967300415,-0.27681800723075867
1789222413417202700,51.57120263671875,0.20097358524799347,-0.17157761752605438,-0.2720176577568054
1789222413427196700,51.58119677734375,0.26977503299713135,0.3243216276168823,-0.10987350344657898
1789222413437190700,51.59119067382812,0.26122814416885376,0.5156758427619934,0.0850035771727562
1789222413447184600,51.6011845703125,0.1463116705417633,0.445687472820282,0.2859097719192505
1789222413457178600,51.6111787109375,-0.041726939380168915,0.2905287742614746,0.30169859528541565
1789222413467171600,51.62117163085937,-0.12829245626926422,-0.06965311616659164,0.08578281849622726
1789222413477165800,51.631165771484376,-0.04246729984879494,-0.4071131646633148,-0.04327264055609703
1789222413487159800,51.64115991210937,0.10104352980852127,-0.10676319897174835,-0.19875463843345642
1789222413497153800,51.65115380859375,0.2332409769296646,0.2701449394226074,-0.1530500054359436
1789222413507147500,51.6611474609375,0.3091368079185486,0.13138093054294586,0.17822539806365967
1789222413517141500,51.6711416015625,0.18245503306388855,0.27123895287513733,0.28728345036506653
1789222413527135500,51.68113549804688,-0.07617173343896866,0.3428098261356354,0.29350218176841736
1789222413537129700,51.691129638671875,-0.2875097990036011,-0.07910280674695969,0.3976088762283325
1789222413547122700,51.701122802734375,-0.35793337225914,-0.28159838914871216,0.17794284224510193
1789222413557116700,51.71111669921875,-0.2394551932811737,-0.10009650886058807,-0.11328794062137604
1789222413567110700,51.721110595703124,0.13104216754436493,-0.14410683512687683,-0.3090614378452301
1789222413577104600,51.73110473632813,0.47990667819976807,-0.06848158687353134,-0.3733370900154114
1789222413587098600,51.7410986328125,0.512932538986206,0.32159507274627686,-0.2860887348651886
1789222413597092600,51.751092529296876,0.3254798352718353,0.2683587372303009,0.14516012370586395
1789222413607086600,51.76108666992187,0.0144108971580863,-0.03653803840279579,0.5868715047836304
1789222413617080600,51.77108056640625,-0.30959832668304443,0.23723332583904266,0.2929738163948059
1789222413627073500,51.781073486328125,-0.5269873738288879,0.5138220191001892,0.14318059384822845
1789222413637067500,51.79106762695312,-0.5258851051330566,0.1334954798221588,0.1534060686826706
1789222413647061500,51.8010615234375,-0.27751630544662476,-0.3435373902320862,-0.16785691678524017
1789222413657055700,51.8110556640625,0.1883038580417633,-0.5282608866691589,-0.4961024224758148
1789222413667049700,51.8210498046875,0.6037668585777283,-0.492986261844635,-0.3368869423866272
1789222413677043700,51.83104370117187,0.6979569792747498,0.10353384912014008,-0.3347865045070648
1789222413687037700,51.84103759765625,0.4477527439594269,0.840870201587677,-0.24357856810092926
1789222413697031700,51.85103173828125,0.025196166709065437,0.8825782537460327,0.17235872149467468
1789222413707025400,51.861025390625,-0.23319996893405914,0.09139462560415268,0.06996789574623108
1789222413717018600,51.8710185546875,-0.2970055639743805,-0.5151927471160889,0.14534202218055725
1789222413727012600,51.8810126953125,-0.296853244304657,0.008231031708419323,0.21246938407421112
1789222413737006600,51.891006591796874,-0.20419281721115112,0.7190987467765808,0.1481519192457199
1789222413747000600,51.90100048828125,0.006362291984260082,0.6996195912361145,-0.022610770538449287
1789222413756994800,51.910994873046874,0.18751609325408936,0.059476908296346664,-0.24431759119033813
1789222413766988800,51.92098876953125,0.17857374250888824,-0.4137425720691681,-0.5300878286361694
1789222413776982500,51.930982421875,0.061648450791835785,-0.8093479871749878,-0.46147096157073975
1789222413786976500,51.9409765625,-0.055147409439086914,-0.6845352053642273,-0.34051844477653503
1789222413796969700,51.9509697265625,-0.10887987911701202,0.04951189085841179,-0.25343573093414307
1789222413806963700,51.96096362304687,-0.11976874619722366,0.6793630719184875,0.029820745810866356
1789222413816957700,51.970957763671876,-0.14136138558387756,0.663722038269043,0.39133286476135254
1789222413826951700,51.98095166015625,-0.2869721055030823,0.39983874559402466,0.7142390012741089
1789222413836945400,51.9909453125,-0.42342501878738403,0.1655290424823761,0.5438420176506042
1789222413846939600,52.00093969726562,-0.40059641003608704,-0.042085934430360794,0.058832425624132156
1789222413856933600,52.01093359375,-0.16753892600536346,-0.4768770635128021,-0.4292309880256653
1789222413866927600,52.020927734375,0.024627847597002983,-0.5062400102615356,-0.6012360453605652
1789222413876920600,52.03092065429688,0.11968006193637848,-0.1734309047460556,-0.6006890535354614
1789222413886914800,52.040914794921875,0.21284089982509613,0.1186819076538086,-0.5826101303100586
1789222413896908800,52.05090869140625,0.21576344966888428,0.02851766161620617,-0.2113868147134781
1789222413906902500,52.060902587890624,-0.029620209708809853,0.15596961975097656,0.10574107617139816
1789222413916896500,52.070896484375,-0.3782447576522827,0.1593446433544159,0.45293286442756653
1789222413926890500,52.08089038085937,-0.6121944189071655,0.12590573728084564,0.5280467867851257
1789222413936884700,52.090884765625,-0.592722475528717,0.19696739315986633,0.29772064089775085
1789222413946878700,52.10087866210937,-0.43296900391578674,0.2589905560016632,0.1831945925951004
1789222413956872700,52.11087280273438,-0.16977491974830627,0.04640717804431915,-0.21166165173053741
1789222413966865700,52.12086572265625,0.04267502576112747,-0.5148113965988159,-0.18369713425636292
1789222413976859600,52.13085961914062,0.13140249252319336,-0.695992112159729,-0.05410504713654518
1789222413986853600,52.140853515625,-0.0035020567011088133,-0.07250908762216568,-0.0465850792825222
1789222413996847600,52.15084765625,-0.3547312021255493,0.6379716992378235,0.1597640961408615
1789222414006841600,52.160841552734375,-0.6211823225021362,0.537068247795105,0.12518134713172913
1789222414016835600,52.17083569335937,-0.6327580213546753,-0.5273258686065674,0.2694445252418518
1789222414026829800,52.180829833984376,-0.4616320729255676,-0.8848070502281189,0.27854374051094055
1789222414036823800,52.19082373046875,-0.2419079691171646,-0.06415794789791107,-0.1838473230600357
1789222414046816500,52.20081640625,0.008755408227443695,-0.03779291734099388,-0.03832661733031273
1789222414056810500,52.210810546875,0.06575850397348404,-0.25647279620170593,0.2666681706905365
1789222414066804700,52.2208046875,-0.051535364240407944,0.06895855814218521,0.10761754214763641
1789222414076798700,52.230798828125,-0.2630012631416321,0.1691938191652298,0.13561056554317474
1789222414086792700,52.24079272460938,-0.4024459719657898,-0.27206745743751526,0.022464828565716743
1789222414096786700,52.25078662109375,-0.4358910322189331,-0.3571014106273651,-0.1654837727546692
1789222414106780400,52.26078051757813,-0.36973464488983154,0.05097396671772003,-0.09229450672864914
1789222414116774700,52.27077465820312,-0.2607533037662506,0.3448401987552643,0.08012120425701141
1789222414126767600,52.280767578125,-0.15556855499744415,0.0023164174053817987,0.19526323676109314
1789222414136761600,52.29076171875,-0.11746111512184143,-0.4802667498588562,0.20630097389221191
1789222414146755600,52.30075561523437,-0.08355854451656342,-0.759425163269043,0.06783737242221832
1789222414156749800,52.310749755859376,-0.03441070392727852,-0.6941710710525513,-0.07710277289152145
1789222414166743800,52.32074389648437,-0.033182986080646515,0.07296662032604218,-0.33329805731773376
1789222414176737500,52.330737548828125,-0.09225908666849136,0.7398043274879456,-0.016931578516960144
1789222414186731500,52.3407314453125,-0.12726235389709473,0.7019954323768616,0.2832455635070801
1789222414196725500,52.3507255859375,-0.18431951105594635,0.15399782359600067,0.48333069682121277
1789222414206719700,52.3607197265625,-0.25217393040657043,-0.2708626687526703,0.578843891620636
1789222414216712700,52.37071264648438,-0.20338934659957886,-0.5986314415931702,0.22396118938922882
1789222414226706700,52.380706787109375,-0.07043661922216415,-0.6231152415275574,-0.22831518948078156
1789222414236700400,52.39070043945313,0.07628677785396576,-0.006274939980357885,-0.7969962358474731
1789222414246694700,52.400694580078124,0.19701479375362396,0.2781383991241455,-0.6904132962226868
1789222414256688600,52.41068872070313,0.36930933594703674,-0.22383922338485718,-0.29560980200767517
1789222414266682600,52.4206826171875,0.36311909556388855,-0.23494432866573334,-0.02719060890376568
1789222414276676600,52.43067651367188,0.10521643608808517,0.2650953233242035,0.2796151340007782
1789222414286670600,52.44067065429687,-0.18271894752979279,0.22322829067707062,0.6852071285247803
1789222414296663800,52.450663818359374,-0.3826808035373688,0.05564914643764496,0.6917875409126282
1789222414306657500,52.460657470703126,-0.44277051091194153,0.45561519265174866,0.13570243120193481
1789222414316651500,52.47065161132812,-0.3441177010536194,0.6160072684288025,-0.22195211052894592
1789222414326645500,52.4806455078125,-0.16138383746147156,0.0510844886302948,-0.4333306550979614
1789222414336639700,52.4906396484375,0.11985503137111664,-0.9704484343528748,-0.5539060831069946
1789222414346633700,52.5006337890625,0.4139396548271179,-1.325039029121399,-0.2854360044002533
1789222414356627700,52.51062768554687,0.49013134837150574,-0.4753633439540863,0.04881414398550987
1789222414366621700,52.52062158203125,0.33356890082359314,0.5174338221549988,0.07035458832979202
1789222414376614700,52.53061474609375,-0.008309595286846161,0.8529068827629089,0.2773389220237732
1789222414386608600,52.54060864257813,-0.3784727454185486,0.955027163028717,0.18260283768177032
1789222414396602600,52.5506025390625,-0.549701988697052,0.45066091418266296,-0.03653563931584358
1789222414406596600,52.5605966796875,-0.5121855139732361,-0.6123172044754028,0.20555607974529266
1789222414416590600,52.570590576171874,-0.3285869359970093,-1.1001569032669067,0.1973082721233368
1789222414426584800,52.58058471679688,0.005410744342952967,-0.646826446056366,-0.058520834892988205
1789222414436578800,52.590578857421875,0.3591536283493042,-0.01312192715704441,-0.11343201994895935
1789222414446572500,52.60057250976563,0.41462594270706177,0.6100875735282898,-0.20842377841472626
1789222414456566500,52.61056640625,0.13164617121219635,0.8041244149208069,-0.34300556778907776
1789222414466559700,52.620559814453124,-0.2468539923429489,0.020486898720264435,-0.020974257960915565
1789222414476553700,52.6305537109375,-0.5345792770385742,-0.6384598612785339,0.21863166987895966
1789222414486547700,52.64054760742187,-0.5495960116386414,-0.48135411739349365,0.03154114633798599
1789222414496541700,52.65054174804688,-0.37643754482269287,-0.04481887072324753,0.2010532170534134
1789222414506535400,52.66053540039063,-0.21000702679157257,0.3949132263660431,0.32692593336105347
1789222414516529700,52.67052978515625,-0.1338169127702713,0.41065678000450134,0.2492617517709732
1789222414526523600,52.68052368164062,-0.08292976766824722,-0.14072009921073914,0.1547570824623108
1789222414536517600,52.690517578125,-0.07412748783826828,-0.5586403608322144,0.005192098673433065
1789222414546510600,52.700510498046874,-0.18774646520614624,-0.396603524684906,-0.09840966016054153
1789222414556504800,52.7105048828125,-0.3188285827636719,-0.10241691768169403,-0.23923788964748383
1789222414566498800,52.720498779296875,-0.36900413036346436,-0.09114109724760056,-0.04171442240476608
1789222414576492500,52.73049243164063,-0.269989937543869,-0.1800810843706131,0.12881550192832947
1789222414586486500,52.740486572265624,-0.08970697969198227,-0.1519826054573059,-0.10644575208425522
1789222414596480500,52.75048046875,-0.02431759051978588,-0.14979641139507294,-0.004003529902547598
1789222414606474800,52.760474853515625,-0.09689725190401077,-0.09926427155733109,0.11533831059932709
1789222414616468700,52.77046875,-0.17839264869689941,-0.031920649111270905,0.1564798802137375
1789222414626462700,52.780462646484374,-0.17409484088420868,0.08390288800001144,-0.10642816871404648
1789222414636455400,52.79045532226562,-0.1394502967596054,-0.06849516928195953,-0.0851668268442154
1789222414646449700,52.80044970703125,-0.2159043252468109,-0.19852347671985626,0.32231733202934265
1789222414656443600,52.81044360351562,-0.25194090604782104,-0.018855713307857513,0.12628284096717834
1789222414666437600,52.82043774414063,-0.1629236787557602,-0.0858462005853653,0.05006875842809677
1789222414676431600,52.830431640625,-0.05644996091723442,-0.14715269207954407,-0.07133729755878448
1789222414686425600,52.840425537109375,-0.05157770588994026,-0.06371825933456421,-0.19694209098815918
1789222414696419800,52.850419921875,-0.11160589009523392,-0.09344127029180527,-0.00270683690905571
1789222414706413800,52.860413818359376,-0.17048971354961395,-0.06597714871168137,0.14015896618366241
1789222414716406500,52.870406494140624,-0.242962047457695,-0.0177017655223608,0.333169162273407
1789222414726400500,52.880400390625,-0.23367667198181152,-0.04957500845193863,0.05335057154297829
1789222414736394800,52.890394775390625,-0.0923544317483902,-0.3288439214229584,-0.28396087884902954
1789222414746388700,52.900388671875,0.018925221636891365,-0.28982117772102356,-0.334546834230423
1789222414756382700,52.9103828125,-0.08146103471517563,0.12047635018825531,-0.05305922403931618
1789222414766376700,52.92037670898438,-0.16102750599384308,-0.14811649918556213,0.22278833389282227
1789222414776370400,52.93037036132812,-0.15584206581115723,-0.4833970367908478,0.37520530819892883
1789222414786364700,52.94036474609375,-0.10465477406978607,-0.12101910263299942,0.017715880647301674
1789222414796358700,52.950358642578124,-0.09215789288282394,0.22688640654087067,-0.518162190914154
1789222414806351600,52.9603515625,-0.18428382277488708,-0.19415003061294556,-0.3252696990966797
1789222414816345600,52.970345703125,-0.24156947433948517,-0.45312780141830444,-0.20313474535942078
1789222414826339800,52.98033984375,-0.16929875314235687,-0.18403801321983337,-0.1461857110261917
1789222414836333800,52.99033374023438,-0.03795377537608147,0.03353212773799896,0.09570974856615067
1789222414846327600,53.00032763671875,-0.04892865940928459,0.1736932247877121,0.12485352158546448
1789222414856321500,53.010321533203125,-0.16895999014377594,-0.19933387637138367,0.2572413980960846
1789222414866315500,53.0203154296875,-0.29317620396614075,-0.27525660395622253,0.13255831599235535
1789222414876309800,53.030309814453126,-0.30917301774024963,-0.04120602458715439,-0.026740534231066704
1789222414886302700,53.040302734375,-0.25741448998451233,0.09235496073961258,-0.14277392625808716
1789222414896296700,53.05029663085938,-0.2186276763677597,-0.0669579952955246,-0.2956620156764984
1789222414906290400,53.06029052734375,-0.12670867145061493,-0.6923547387123108,-0.07651874423027039
1789222414916284700,53.07028466796875,0.02310611866414547,-0.9512563943862915,-0.06233927607536316
1789222414926278700,53.080278564453124,0.21031595766544342,-0.6320986151695251,-0.3224931061267853
1789222414936272600,53.09027270507813,0.1834917962551117,0.34960460662841797,-0.2025216817855835
1789222414946266600,53.1002666015625,-0.012722453102469444,0.8988013863563538,0.08209913223981857
1789222414956260600,53.11026049804688,-0.22481660544872284,0.4325820505619049,0.48875877261161804
1789222414966254600,53.120254638671874,-0.3466932475566864,-0.1942504346370697,0.4846455156803131
1789222414976247600,53.13024755859375,-0.277570903301239,-0.6912945508956909,0.2678591310977936
1789222414986241500,53.140241455078126,-0.14308498799800873,-0.7442541718482971,0.08129299432039261
1789222414996235500,53.15023559570312,0.008622783236205578,-0.33875781297683716,-0.30469730496406555
1789222415006229800,53.16022973632813,0.193292498588562,0.03129800036549568,-0.44601795077323914
1789222415016223700,53.1702236328125,0.2977882921695709,0.0658663660287857,-0.1687442809343338
1789222415026217700,53.1802177734375,0.22508664429187775,0.043769583106040955,-0.0831790417432785
1789222415036211700,53.19021166992187,0.12791961431503296,-0.5104526281356812,0.23471982777118683
1789222415046205700,53.200205810546876,-0.025959162041544914,-0.5267423391342163,0.5476338267326355
1789222415056199400,53.21019946289063,-0.24958373606204987,0.2813216745853424,0.4791191816329956
1789222415066192600,53.22019262695313,-0.3214382231235504,0.44386717677116394,0.3536193072795868
1789222415076186600,53.2301865234375,-0.21383452415466309,0.1934589445590973,-0.010611099191009998
1789222415086180600,53.2401806640625,0.013803696259856224,-0.10683909803628922,-0.2564770579338074
1789222415096174600,53.250174560546874,0.27442118525505066,-0.5128161907196045,-0.1894301176071167
1789222415106168800,53.2601689453125,0.423647940158844,-0.6940125823020935,-0.1725696474313736
1789222415116162600,53.27016259765625,0.4348617196083069,-0.5816636681556702,-0.22335532307624817
1789222415126156500,53.28015649414063,0.2886379361152649,-0.2930454611778259,0.13686197996139526
1789222415136150500,53.290150634765624,0.009280583821237087,0.4552823007106781,0.22209112346172333
1789222415146143700,53.300143798828124,-0.2174159437417984,0.7836258411407471,0.0336514376103878
1789222415156137700,53.3101376953125,-0.2165869027376175,0.00951174646615982,0.09878756105899811
1789222415166131700,53.32013159179687,-0.06003430858254433,-0.5823544859886169,-0.16843189299106598
1789222415176125400,53.33012548828125,0.09493529796600342,-0.5958822965621948,-0.09022976458072662
1789222415186119700,53.34011962890625,0.21413733065128326,-0.03129986673593521,-0.07259484380483627
1789222415196113700,53.35011376953125,0.35827240347862244,0.20978598296642303,-0.10788918286561966
1789222415206107600,53.36010766601562,0.28774282336235046,0.15207555890083313,0.1541576087474823
1789222415216101600,53.3701015625,0.07673259824514389,0.09172192960977554,-0.06094218045473099
1789222415226095600,53.380095703125,-0.0401785783469677,-0.4252130687236786,-0.19605553150177002
1789222415236088600,53.39008862304688,-0.026370886713266373,-0.6870705485343933,-0.058936554938554764
1789222415246082600,53.40008251953125,-0.040462471544742584,0.08817379921674728,-0.1450922042131424
1789222415256076500,53.41007666015625,0.02852937951683998,0.25434786081314087,-0.11913091689348221
1789222415266070500,53.420070556640624,0.20326364040374756,-0.3452194333076477,0.3016226887702942
1789222415276064500,53.430064453125,0.2679139971733093,-0.09146253764629364,0.30461955070495605
1789222415286058800,53.440058837890625,0.2661299407482147,0.36040931940078735,-0.17155151069164276
1789222415296052500,53.45005249023438,0.2139011025428772,-0.0479600690305233,-0.033298835158348083
1789222415306046500,53.46004638671875,0.09517418593168259,-0.29400500655174255,-0.07414373755455017
1789222415316040400,53.47004052734375,-0.0016141419764608145,-0.11706750094890594,-0.18067604303359985
1789222415326033700,53.48003369140625,0.0419842004776001,-0.05197291821241379,-0.09242980182170868
1789222415336027600,53.49002758789062,0.22190549969673157,-0.2530423700809479,-0.16548536717891693
1789222415346021600,53.50002172851563,0.3906655013561249,-0.3043156862258911,-0.1834113746881485
1789222415356015400,53.51001538085937,0.4338046908378601,-0.10954619944095612,0.006459763273596764
1789222415366009600,53.520009521484376,0.37047767639160156,-0.02671017311513424,0.15799416601657867
1789222415376003600,53.53000366210937,0.2589165270328522,0.08332764357328415,-0.042032405734062195
1789222415385997600,53.53999755859375,0.21012979745864868,0.030907848849892616,-0.2982295751571655
1789222415395991600,53.54999145507813,0.13110210001468658,-0.04439223185181618,-0.022101040929555893
1789222415405985500,53.559985595703125,0.08410529047250748,0.023145532235503197,0.051123905926942825
1789222415415978800,53.569978759765625,0.17268894612789154,-0.10933101922273636,-0.0015787219163030386
1789222415425972500,53.57997241210938,0.38567712903022766,-0.3654767870903015,0.17524318397045135
1789222415435966500,53.589966552734374,0.3917749524116516,0.4076482057571411,0.2204442173242569
1789222415445960400,53.59996044921875,0.23268677294254303,1.2192686796188354,0.014898255467414856
1789222415455954400,53.60995434570312,0.09654144942760468,0.50479656457901,0.124834343791008
1789222415465948700,53.61994873046875,0.059965863823890686,-0.6161476373672485,0.05471224710345268
1789222415475942700,53.629942626953124,0.10569234192371368,-0.6976866722106934,-0.25121065974235535
1789222415485936600,53.6399365234375,0.21360549330711365,-0.41939035058021545,-0.17809437215328217
1789222415495930600,53.6499306640625,0.25970134139060974,0.03530978783965111,-0.005723665934056044
1789222415505923600,53.65992358398437,0.19517162442207336,0.7002755403518677,0.048120658844709396
1789222415515917600,53.66991748046875,0.11127831786870956,0.6851053833961487,0.2579026520252228
1789222415525911600,53.67991162109375,-0.03200853243470192,0.19372153282165527,0.22243626415729523
1789222415535905500,53.689905517578126,-0.25079068541526794,-0.2678556740283966,0.23588523268699646
1789222415545899500,53.6998994140625,-0.3579629361629486,-0.5684144496917725,0.2293117493391037
1789222415555893800,53.709893798828126,-0.2503241002559662,-0.4793333113193512,0.04938272759318352
1789222415565887500,53.71988745117188,-0.09040819108486176,0.030132869258522987,-0.05091964080929756
1789222415575881500,53.729881591796875,0.025785524398088455,0.40436744689941406,-0.2508159875869751
1789222415585875500,53.73987548828125,0.14873461425304413,-0.1222127303481102,-0.3662964999675751
1789222415595868700,53.74986865234375,0.26025688648223877,-1.017654538154602,-0.13679645955562592
1789222415605862700,53.759862548828124,0.31367936730384827,-0.9971705675125122,0.06884244829416275
1789222415615856600,53.76985668945313,0.23143988847732544,0.15084996819496155,0.2919703423976898
1789222415625850600,53.7798505859375,-0.020205669105052948,1.4863182306289673,0.43344971537590027
1789222415635844400,53.78984423828125,-0.2854005992412567,1.4997985363006592,0.6374697089195251
1789222415645838600,53.799838623046874,-0.4319966733455658,0.39720088243484497,0.6902130246162415
1789222415655832600,53.80983251953125,-0.29343026876449585,-0.8496738076210022,0.17500030994415283
1789222415665826600,53.81982666015625,0.1281595677137375,-1.5346239805221558,-0.20482930541038513
1789222415675820500,53.82982055664063,0.4873691201210022,-0.7222799062728882,-0.5520637035369873
1789222415685813800,53.83981372070313,0.6083282828330994,0.3670555055141449,-0.5934228897094727
1789222415695807500,53.84980737304687,0.4362572133541107,0.7162790298461914,-0.06664080917835236
1789222415705801500,53.859801513671876,0.11891200393438339,0.4952046871185303,0.052196357399225235
1789222415715795500,53.86979541015625,-0.1263587325811386,-0.3302468955516815,0.211806520819664
1789222415725789400,53.87978955078125,-0.31276562809944153,-0.5202277302742004,0.39328283071517944
1789222415735783700,53.88978369140625,-0.30518680810928345,-0.019586484879255295,-0.053406767547130585
1789222415745777700,53.899777587890625,-0.06411667168140411,0.03459153324365616,-0.19826914370059967
1789222415755771600,53.90977172851562,0.17237310111522675,0.2555028796195984,-0.09242340922355652
1789222415765765600,53.919765625,0.22319340705871582,0.5433644652366638,-0.07518689334392548
1789222415775758600,53.929758544921874,0.15725167095661163,-0.15156954526901245,-0.05198490247130394
1789222415785752600,53.93975268554688,0.0897916704416275,-1.1214877367019653,-0.09038528800010681
1789222415795746600,53.94974658203125,-0.05419905483722687,-0.6707674264907837,-0.042452119290828705
1789222415805740500,53.95974047851563,-0.12291127443313599,0.4222828149795532,-0.21195966005325317
1789222415815734500,53.969734619140624,-0.021036043763160706,0.505315363407135,-0.2849971055984497
1789222415825728800,53.97972875976563,0.1613585352897644,-0.20313021540641785,-0.01907196082174778
1789222415835722500,53.98972241210937,0.18344572186470032,-0.19573993980884552,0.20362715423107147
1789222415845716500,53.99971655273438,0.10770036280155182,0.04037725180387497,0.13993313908576965
1789222415855710500,54.00971044921875,0.09776517748832703,-0.2794066071510315,0.096674345433712
1789222415865704400,54.019704345703126,-0.001630387152545154,-0.0073236930184066296,0.23719710111618042
1789222415875697700,54.02969775390625,-0.2023664116859436,0.7056436538696289,0.3650924861431122
1789222415885691600,54.03969165039062,-0.268198698759079,0.44985318183898926,0.27171459794044495
1789222415895685600,54.049685546875,-0.13864628970623016,-0.3498019576072693,0.016158463433384895
1789222415905679400,54.05967944335937,0.06980118900537491,-0.5251820087432861,-0.4045403003692627
1789222415915673600,54.069673583984375,0.2600589990615845,-0.4760672152042389,-0.5707524418830872
1789222415925667600,54.07966748046875,0.46095749735832214,-0.7954116463661194,-0.46399855613708496
1789222415935661600,54.08966162109375,0.473111629486084,-0.452749103307724,-0.2243470847606659
1789222415945655600,54.09965551757813,0.17152968049049377,0.646827220916748,0.05326242372393608
1789222415955649500,54.1096494140625,-0.13975469768047333,0.7227723002433777,0.30763426423072815
1789222415965642500,54.119642578125,-0.28085750341415405,0.027629496529698372,0.4233049154281616
1789222415975636500,54.12963647460938,-0.25038427114486694,0.07516665756702423,0.06793271005153656
1789222415985630500,54.13963037109375,-0.0590265691280365,0.09972766041755676,-0.09535980969667435
1789222415995624400,54.14962451171875,0.1641324758529663,-0.4450344443321228,0.09867943823337555
1789222416005618700,54.15961865234375,0.33302295207977295,-0.5642013549804688,-0.0836687982082367
1789222416015612700,54.16961279296875,0.34554222226142883,0.3092960715293884,-0.34557363390922546
1789222416025606700,54.179606689453124,0.2896331548690796,0.4379645586013794,-0.1324848085641861
1789222416035600600,54.1896005859375,0.15626762807369232,-0.11772236973047256,-0.17915217578411102
1789222416045594400,54.19959448242187,0.026164758950471878,-0.6339412331581116,-0.14909493923187256
1789222416055587600,54.20958764648437,-0.0001424791116733104,-0.5945608019828796,0.2150055170059204
1789222416065581600,54.21958154296875,0.06186629831790924,0.11594950407743454,0.2797695994377136
1789222416075575600,54.22957543945312,0.2147650271654129,0.6859005689620972,0.16592319309711456
1789222416085569500,54.239569580078125,0.4697800278663635,0.42595210671424866,0.03814685344696045
1789222416095563800,54.24956372070312,0.4457383155822754,0.4327692687511444,0.07752568274736404
1789222416105557800,54.259557861328126,0.17979559302330017,0.7323213815689087,-0.14973171055316925
1789222416115551500,54.26955151367188,0.05547524243593216,-0.20169663429260254,-0.2743511199951172
1789222416125545500,54.27954541015625,0.1070561483502388,-1.2349826097488403,0.16785158216953278
1789222416135539500,54.28953955078125,0.18595921993255615,-0.2579750716686249,-0.1024390235543251
1789222416145533400,54.299533447265624,0.35378071665763855,0.7014039158821106,-0.37039536237716675
1789222416155526700,54.309526611328124,0.44992586970329285,0.587945818901062,-0.15628601610660553
1789222416165520600,54.31952075195313,0.48945146799087524,0.05829260125756264,-0.19168980419635773
1789222416175514400,54.32951440429687,0.43203291296958923,-0.2982652485370636,0.21913714706897736
1789222416185508600,54.33950854492188,0.24939970672130585,0.3832387328147888,0.1471705436706543
1789222416195502600,54.349502685546874,0.0507313534617424,0.8798272013664246,0.043175701051950455
1789222416205496600,54.35949658203125,-0.10378498584032059,0.6391655802726746,0.32750728726387024
1789222416215490600,54.36949047851562,-0.027642546221613884,0.04390460625290871,0.006422479171305895
1789222416225484500,54.37948461914063,0.2156694382429123,-0.47780677676200867,-0.21377965807914734
1789222416235477800,54.38947778320313,0.5403990745544434,-0.6988872289657593,-0.31285804510116577
1789222416245471700,54.3994716796875,0.6023987531661987,-0.1313582956790924,-0.03490818291902542
1789222416255464700,54.40946459960937,0.3356216847896576,0.8485094904899597,0.24372823536396027
1789222416265459000,54.419458984375,0.0807824656367302,1.1476868391036987,-0.22470101714134216
1789222416275453000,54.42945288085937,-0.04663195088505745,-0.081731878221035,0.029732596129179
1789222416285447000,54.439447021484376,-0.1120746061205864,-0.6239472031593323,0.00700890738517046
1789222416295440600,54.44944067382813,0.00028043086058460176,-0.3273485600948334,-0.27430132031440735
1789222416305434600,54.4594345703125,0.1948339343070984,-0.20948265492916107,0.3266713321208954
1789222416315428600,54.4694287109375,0.3868257403373718,0.4610517621040344,0.2855454683303833
1789222416325422800,54.4794228515625,0.4574471712112427,1.0134204626083374,-0.0012412993237376213
1789222416335416800,54.48941674804688,0.36283066868782043,0.6249603033065796,0.01543381717056036
1789222416345410800,54.499410888671875,0.16730722784996033,-0.09830047190189362,-0.008568720892071724
1789222416355403800,54.50940380859375,0.040894702076911926,-0.5210160613059998,0.019869046285748482
1789222416365397800,54.51939770507813,0.034220289438962936,-0.0802125483751297,0.03322373330593109
1789222416375391700,54.529391845703124,0.1620086133480072,0.6263318061828613,-0.06750154495239258
1789222416385385700,54.5393857421875,0.28851833939552307,0.7049912214279175,0.20009580254554749
1789222416395379700,54.54937963867187,0.40150561928749084,0.4137130081653595,-0.018245849758386612
1789222416405373700,54.55937377929688,0.4856279492378235,-0.3199460506439209,0.03127722814679146
1789222416415368000,54.56936791992187,0.4132709205150604,-0.32785749435424805,0.1297561377286911
1789222416425362000,54.57936181640625,0.21355941891670227,0.5220253467559814,-0.011286476626992226
1789222416435355600,54.58935571289062,-0.04127873107790947,1.060082197189331,0.2829139828681946
1789222416445348900,54.59934887695312,-0.2042841613292694,0.9922059178352356,0.2540421187877655
1789222416455342800,54.6093427734375,-0.1692127287387848,0.10309469699859619,0.23754172027111053
1789222416465336800,54.6193369140625,0.013043097220361233,-0.6636629104614258,0.18261268734931946
1789222416475330800,54.629330810546875,0.2803744077682495,-0.7784462571144104,-0.1658981591463089
1789222416485324800,54.63932470703125,0.4737579822540283,-0.40457144379615784,-0.30237823724746704
1789222416495318500,54.649318603515624,0.4679906368255615,0.5205785036087036,-0.31855347752571106
1789222416505312800,54.65931274414063,0.3016461431980133,1.2998484373092651,-0.31816065311431885
1789222416515306800,54.669306640625,0.066441610455513,0.9434338808059692,0.08666165918111801
1789222416525300700,54.67930078125,-0.11314333230257034,-0.00518810423091054,0.21947456896305084
1789222416535294700,54.689294677734374,-0.12548601627349854,-0.9094604253768921,0.45103803277015686
1789222416545288000,54.699287841796874,-0.017016001045703888,-0.8660764694213867,0.713326632976532
1789222416555282000,54.70928198242188,0.15166649222373962,0.4721086919307709,0.22195875644683838
1789222416565275600,54.71927563476562,0.25567811727523804,1.6213895082473755,-0.19376201927661896
1789222416575269600,54.72926953125,0.22580569982528687,1.3772220611572266,-0.2892637550830841
1789222416585263600,54.739263671875,0.04566708579659462,0.4069752097129822,-0.42152807116508484
1789222416595257900,54.7492578125,-0.0006378270918503404,-0.9521181583404541,-0.4808076322078705
1789222416605251800,54.759251953125,0.20284952223300934,-1.7708494663238525,-0.32915258407592773
1789222416615245800,54.769245849609376,0.2995923161506653,-0.5732209086418152,-0.12735715508460999
1789222416625239800,54.77923974609375,0.22516441345214844,1.0231950283050537,0.15218926966190338
1789222416635233800,54.78923388671875,0.11160029470920563,1.4518060684204102,0.30948036909103394
1789222416645226800,54.799226806640625,-0.04675552248954773,1.0053808689117432,0.5990980267524719
1789222416655220700,54.809220703125,-0.2345438003540039,0.7502878308296204,0.10329629480838776
1789222416665214700,54.819214599609374,-0.36754125356674194,-0.13684546947479248,-0.1682310849428177
1789222416675208700,54.82920874023438,-0.35109516978263855,-1.191432237625122,0.005043494515120983
1789222416685203000,54.839202880859375,-0.23034238815307617,-0.6152911186218262,-0.283066064119339
1789222416695197000,54.84919702148437,-0.04658747464418411,0.6995977759361267,-0.5839787721633911
1789222416705190700,54.859190673828124,0.17506742477416992,0.5475765466690063,-0.4223003685474396
1789222416715184600,54.8691845703125,0.2747042775154114,-0.3444085121154785,-0.2791687846183777
1789222416725178600,54.8791787109375,0.07401936501264572,-0.42320773005485535,0.003260508179664612
1789222416735172900,54.8891728515625,-0.3039851784706116,0.13089090585708618,0.33752450346946716
1789222416745165800,54.89916577148438,-0.5057771801948547,0.3538598120212555,0.08155158162117004
1789222416755159800,54.909159912109374,-0.5194937586784363,0.12239222228527069,0.09553637355566025
1789222416765153800,54.91915380859375,-0.4448259174823761,0.4024249315261841,-0.05626433715224266
1789222416775147800,54.92914770507812,-0.31487858295440674,0.3367082476615906,-0.05444513261318207
1789222416785141800,54.939141845703126,-0.10367979109287262,-0.5640305876731873,0.144335076212883
1789222416795135700,54.9491357421875,0.08819004893302917,-0.8552392721176147,-0.08333563804626465
1789222416805129700,54.959129638671875,0.08849684149026871,-0.28766852617263794,-0.11228685826063156
1789222416815123700,54.96912377929687,-0.06699634343385696,0.30792108178138733,-0.13660258054733276
1789222416825118000,54.979117919921876,-0.28298163414001465,0.4330022931098938,-0.11408049613237381
1789222416835112000,54.98911181640625,-0.4717006981372833,0.307464599609375,0.11563312262296677
1789222416845106000,54.99910595703125,-0.4955945611000061,-0.002180329989641905,0.14533749222755432
1789222416855098600,55.0090986328125,-0.355320006608963,-0.5141496062278748,0.14497050642967224
1789222416865092900,55.0190927734375,-0.1515415906906128,-0.7170409560203552,0.050578489899635315
1789222416875086800,55.0290869140625,-0.04289819672703743,-0.40398794412612915,0.1729792356491089
1789222416885080800,55.03908081054688,-0.052331116050481796,0.3493100702762604,0.058878764510154724
1789222416895074800,55.04907470703125,-0.06072087213397026,0.5942090153694153,-0.2709502875804901
1789222416905068800,55.05906884765625,-0.12265054881572723,0.12206811457872391,-0.16041870415210724
1789222416915062800,55.06906274414062,-0.21580073237419128,-0.2071923315525055,-0.09253446012735367
1789222416925056800,55.07905688476563,-0.12479919195175171,-0.684868335723877,0.008300540037453175
1789222416935050800,55.08905078125,-0.01763518713414669,-0.4169687330722809,0.3180144429206848
1789222416945044700,55.099044677734376,-0.03025990165770054,0.6649450063705444,0.27607712149620056
1789222416955038000,55.10903784179688,-0.096554234623909,0.9051517248153687,0.15545883774757385
1789222416965032000,55.11903198242187,-0.1534891575574875,0.1291465312242508,0.06095283105969429
1789222416975025700,55.129025634765625,-0.14117789268493652,-0.42425113916397095,-0.3637300133705139
1789222416985019600,55.13901953125,-0.01980246603488922,-0.7155687212944031,-0.3249192237854004
1789222416995013600,55.149013671875,0.1736128032207489,-0.5757932662963867,-0.2764800488948822
1789222417005007600,55.15900756835938,0.30504167079925537,0.08142668008804321,-0.12935958802700043
1789222417015001900,55.169001953125,0.27493277192115784,0.8599016666412354,0.17528659105300903
1789222417024995800,55.17899584960937,0.12522636353969574,0.9182784557342529,0.336978018283844
1789222417034989800,55.18898974609375,-0.08638442307710648,0.20381437242031097,0.39952582120895386
1789222417044983800,55.19898388671875,-0.19077980518341064,-0.5693305730819702,0.1167290136218071
1789222417054976800,55.20897680664063,-0.09599630534648895,-0.7472518086433411,-0.3435451090335846
1789222417064970800,55.218970703125,0.23336082696914673,-0.665360689163208,-0.4680127501487732
1789222417074964700,55.22896484375,0.4709464907646179,-0.008676046505570412,-0.43355995416641235
1789222417084958700,55.238958740234374,0.42705413699150085,0.9499610066413879,-0.3037939667701721
1789222417094952700,55.24895263671875,0.20987413823604584,0.9591007232666016,0.05002961307764053
1789222417104947000,55.258947021484374,0.08907528221607208,-0.33717164397239685,0.1972813755273819
1789222417114941000,55.26894091796875,0.03293957561254501,-1.0536317825317383,0.11439741402864456
1789222417124934700,55.2789345703125,0.00552339619025588,-0.14083993434906006,-0.28794577717781067
1789222417134928600,55.2889287109375,0.1371338814496994,0.6248817443847656,-0.38494768738746643
1789222417144922600,55.29892260742187,0.29490435123443604,0.8347641229629517,-0.165855273604393
1789222417154916900,55.308916748046876,0.36239442229270935,1.0977238416671753,-0.1583329141139984
1789222417164909800,55.318909912109376,0.30637192726135254,0.5380184650421143,0.02508937381207943
1789222417174903800,55.32890380859375,0.1907409280538559,-0.7514388561248779,0.06680645793676376
1789222417184897500,55.3388974609375,-0.021919414401054382,-1.0269831418991089,-0.03520512580871582
1789222417194891800,55.34889184570312,-0.18574084341526031,-0.06196030601859093,-0.0704139769077301
1789222417204885800,55.3588857421875,-0.15078870952129364,0.8551905751228333,-0.2645794451236725
1789222417214879700,55.36887963867188,-0.020009927451610565,0.8293706774711609,-0.34414246678352356
1789222417224873700,55.378873779296875,0.010015882551670074,0.37766632437705994,-0.13262276351451874
1789222417234867700,55.38886767578125,-0.11258433759212494,-0.022815300151705742,0.10072421282529831
1789222417244862200,55.3988623046875,-0.21315622329711914,-0.6504642963409424,0.19264614582061768
1789222417254856400,55.4088564453125,-0.2743058502674103,-0.8101767301559448,0.21100544929504395
1789222417264849400,55.41884936523437,-0.3719000518321991,0.06945604085922241,0.10928068310022354
1789222417274843400,55.428843505859376,-0.37641143798828125,0.6474035382270813,-0.014506771229207516
1789222417284837400,55.43883740234375,-0.2822338342666626,0.1940472424030304,0.08453618735074997
1789222417294831600,55.44883154296875,-0.23185746371746063,-0.1622546911239624,0.06100023537874222
1789222417304825600,55.45882568359375,-0.19441208243370056,-0.29223665595054626,-0.044742971658706665
1789222417314819300,55.4688193359375,-0.13390107452869415,-0.4618949294090271,-0.11091719567775726
1789222417324813300,55.47881323242188,-0.20810607075691223,-0.18818508088588715,0.06712337583303452
1789222417334807300,55.488807373046875,-0.3609837591648102,0.3761589825153351,0.10181184858083725
1789222417344801500,55.49880151367187,-0.32554346323013306,0.05630668252706528,0.06363649666309357
1789222417354795500,55.50879541015625,-0.2284984141588211,-0.4867289066314697,0.18304385244846344
1789222417364789500,55.51878955078125,-0.25621873140335083,-0.199418306350708,-0.006858705077320337
1789222417374782200,55.5287822265625,-0.3081165552139282,0.014130999334156513,0.07469234615564346
1789222417384776400,55.5387763671875,-0.290539413690567,0.11940202862024307,0.1205889955163002
1789222417394770400,55.5487705078125,-0.14590607583522797,0.11901213973760605,-0.007749532349407673
1789222417404764400,55.55876440429687,-0.08108819276094437,0.21365609765052795,0.0014538196846842766
1789222417414758400,55.56875830078125,-0.14289803802967072,0.25049880146980286,-0.16970621049404144
1789222417424752400,55.57875244140625,-0.23325322568416595,-0.3749176859855652,0.04519064724445343
1789222417434746600,55.58874658203125,-0.30342379212379456,-0.6984741687774658,0.12958435714244843
1789222417444740600,55.59874072265625,-0.32912009954452515,-0.22032783925533295,0.017482321709394455
1789222417454734300,55.608734375,-0.331970751285553,0.43437594175338745,0.05126238986849785
1789222417464728300,55.61872827148437,-0.32263636589050293,0.5654886960983276,0.0036157737486064434
1789222417474721500,55.62872143554687,-0.3091075122356415,-0.052745770663022995,0.11213506013154984
1789222417484715500,55.638715576171876,-0.2760331928730011,-0.5190799236297607,-0.12224175781011581
1789222417494709500,55.64870947265625,-0.19592183828353882,-0.732011616230011,-0.1533418893814087
1789222417504703500,55.658703369140625,-0.1549733430147171,-0.446245938539505,-0.16968943178653717
1789222417514697500,55.66869750976562,-0.138412743806839,-0.05590267851948738,-0.23073813319206238
1789222417524691500,55.67869140625,-0.25868427753448486,0.35552987456321716,0.08308450132608414
1789222417534685400,55.688685546875,-0.38127437233924866,0.22945715487003326,0.09638699144124985
1789222417544679400,55.698679443359374,-0.4290834367275238,-0.46905457973480225,0.1394103616476059
1789222417554673400,55.70867333984375,-0.48033732175827026,-0.3976981043815613,0.1933193951845169
1789222417564667400,55.71866748046875,-0.4367411136627197,0.1479969173669815,0.014022608287632465
1789222417574661400,55.72866137695313,-0.3650464117527008,0.13721272349357605,0.059477441012859344
1789222417584654300,55.738654296875,-0.3814818561077118,-0.2890443205833435,0.13427604734897614
1789222417594648300,55.7486484375,-0.4080545902252197,-0.7199464440345764,0.1194251999258995
1789222417604642300,55.758642333984376,-0.32984688878059387,-0.8513617515563965,0.01985945925116539
1789222417614636500,55.76863647460937,-0.23100392520427704,-0.45345109701156616,-0.15013091266155243
1789222417624630500,55.77863061523438,-0.22153079509735107,0.13432052731513977,-0.5683034062385559
1789222417634624500,55.78862451171875,-0.21787160634994507,-0.16956347227096558,-0.5652631521224976
1789222417644618500,55.798618408203126,-0.247389018535614,-0.6642898321151733,0.010832407511770725
1789222417654612500,55.80861254882812,-0.33823931217193604,-0.47849440574645996,0.31001779437065125
1789222417664606200,55.818606201171875,-0.4590679705142975,-0.12690255045890808,0.48819205164909363
1789222417674600400,55.82860034179687,-0.48704421520233154,0.024081900715827942,0.5927698612213135
1789222417684593400,55.83859350585937,-0.5411961674690247,0.35529738664627075,0.7364540696144104
1789222417694587400,55.84858740234375,-0.4639261066913605,0.3591533601284027,0.31715157628059387
1789222417704581400,55.85858129882813,-0.1389128714799881,-0.6175151467323303,-0.2739982604980469
1789222417714575600,55.86857568359375,0.1519879400730133,-1.3046338558197021,-0.4433199167251587
1789222417724569300,55.8785693359375,0.2946625351905823,-0.8990291357040405,-0.7580379247665405
1789222417734563300,55.88856323242187,0.29457971453666687,-0.43796348571777344,-0.49498283863067627
1789222417744557300,55.89855737304688,0.2094605416059494,-0.03341121971607208,-0.09852737188339233
1789222417754551300,55.90855126953125,-0.0038511971943080425,0.25997379422187805,0.4118195176124573
1789222417764545500,55.91854565429688,-0.26454511284828186,0.38456979393959045,0.7719638347625732
1789222417774539500,55.92853955078125,-0.41236865520477295,0.38776904344558716,0.624631941318512
1789222417784533500,55.93853344726563,-0.299993634223938,-0.13102592527866364,0.49859675765037537
1789222417794526500,55.9485263671875,0.034868769347667694,-0.4621383547782898,0.03898122161626816
1789222417804520400,55.9585205078125,0.3884444236755371,-0.26506415009498596,-0.499109148979187
1789222417814514400,55.968514404296876,0.6278868317604065,-0.14334571361541748,-0.6168645620346069
1789222417824508400,55.97850830078125,0.7315863370895386,-0.4677131474018097,-0.3833894729614258
1789222417834502400,55.98850244140625,0.6805084943771362,-0.677016019821167,-0.0961259976029396
1789222417844496400,55.99849633789062,0.44049376249313354,-0.12472967803478241,0.0422249510884285
1789222417854490600,56.00849072265625,0.18234983086585999,0.5121684670448303,0.06719927489757538
1789222417864484600,56.01848461914062,0.00890987180173397,0.5568222403526306,0.38295936584472656
1789222417874478300,56.028478271484374,0.00905847642570734,0.5665848255157471,0.2936486601829529
1789222417884472300,56.03847241210938,0.20674385130405426,0.2938510477542877,0.2246730625629425
1789222417894466300,56.04846630859375,0.446963906288147,-0.17903660237789154,0.2309248298406601
1789222417904459500,56.05845947265625,0.601546585559845,-0.3584305942058563,-0.002517486223950982
1789222417914453500,56.06845361328125,0.6980821490287781,-0.3741682767868042,-0.13049408793449402
1789222417924447500,56.078447509765624,0.7100171446800232,-0.002409894485026598,-0.3637792766094208
1789222417934441200,56.088441162109376,0.6534143090248108,0.20328494906425476,-0.3963766396045685
1789222417944435500,56.098435546875,0.5176844000816345,0.24622096121311188,-0.24955789744853973
1789222417954429400,56.10842944335938,0.34667301177978516,0.2504607141017914,0.07056844234466553
1789222417964423400,56.11842333984375,0.23042495548725128,0.1528787612915039,0.42932233214378357
1789222417974417400,56.12841748046875,0.2264203578233719,0.027573304250836372,0.46357670426368713
1789222417984411400,56.13841137695312,0.2523241341114044,0.06133313104510307,0.2840636670589447
1789222417994405600,56.14840551757813,0.34151631593704224,0.20234563946723938,-0.16590827703475952
1789222418004398300,56.1583984375,0.4562056064605713,0.017737718299031258,-0.30580946803092957
1789222418014392300,56.16839233398437,0.5069801211357117,0.02462172321975231,-0.26146969199180603
1789222418024386300,56.17838623046875,0.5732632875442505,0.1502523571252823,-0.43724656105041504
1789222418034380500,56.18838061523437,0.5470297932624817,0.05013027787208557,-0.19366693496704102
1789222418044374500,56.19837451171875,0.4034382700920105,0.11414521187543869,-0.03918255493044853
1789222418054368500,56.20836840820313,0.32860052585601807,-0.09944190084934235,0.09065799415111542
1789222418064362500,56.218362548828125,0.34927356243133545,-0.11542779207229614,0.10073646157979965
1789222418074356200,56.22835620117188,0.333427757024765,0.5547894239425659,-0.04328169301152229
1789222418084350500,56.2383505859375,0.3234502375125885,0.6721094250679016,0.031132619827985764
1789222418094344400,56.24834448242188,0.4866836369037628,-0.1362513154745102,0.04863784462213516
1789222418104338400,56.25833837890625,0.593328595161438,-0.21656852960586548,0.16891364753246307
1789222418114331400,56.26833129882812,0.4599577486515045,0.8612958788871765,0.14546239376068115
1789222418124325600,56.27832568359375,0.34947463870048523,0.8971057534217834,-0.03966245800256729
1789222418134319600,56.288319580078124,0.28147321939468384,-0.044795434921979904,0.10186005383729935
1789222418144313300,56.298313232421876,0.14558808505535126,-0.04367104917764664,0.14259469509124756
1789222418154307300,56.30830737304687,0.12700241804122925,0.17549672722816467,-0.038598790764808655
1789222418164301300,56.31830126953125,0.3518208861351013,-0.4893318712711334,-0.25071823596954346
1789222418174295600,56.32829565429687,0.5218935608863831,-0.48901817202568054,-0.4743095338344574
1789222418184289500,56.33828955078125,0.42349109053611755,0.49825319647789,-0.128646120429039
1789222418194283500,56.34828344726562,0.16317987442016602,1.083022952079773,0.1934536248445511
1789222418204277500,56.358277587890626,-0.048897236585617065,0.5116318464279175,0.16306881606578827
1789222418214271500,56.368271484375,-0.19979514181613922,-0.31387218832969666,0.3672965168952942
1789222418224264400,56.37826440429688,-0.2420794814825058,-0.3477798104286194,0.1614578664302826
1789222418234258400,56.388258544921875,-0.07468781620264053,-0.41511091589927673,-0.13065601885318756
1789222418244251600,56.398251708984375,0.10975978523492813,0.015136342495679855,-0.13337589800357819
1789222418254245600,56.40824560546875,0.27338626980781555,0.857085645198822,-0.37139591574668884
1789222418264239900,56.418239990234376,0.38305604457855225,0.6034091711044312,-0.4037988781929016
1789222418274233900,56.42823388671875,0.2594456970691681,-0.21061129868030548,0.035658661276102066
1789222418284227800,56.438227783203125,-0.03948083147406578,-0.412964403629303,0.2065286785364151
1789222418294221800,56.44822192382812,-0.2054958939552307,-0.5591796636581421,0.29419460892677307
1789222418304215600,56.458215576171874,-0.19411833584308624,-0.17320133745670319,0.19106370210647583
1789222418314209800,56.46820971679688,-0.16534554958343506,0.8788958787918091,0.1559954583644867
1789222418324203800,56.478203857421875,-0.041306961327791214,1.2186084985733032,0.04785274341702461
1789222418334196700,56.48819677734375,0.12844878435134888,0.24795867502689362,0.09459787607192993
1789222418344190700,56.49819067382813,0.13664600253105164,-0.4215805232524872,0.3427157998085022
1789222418354185000,56.50818505859375,0.0024429175537079573,-0.227011039853096,0.34691905975341797
1789222418364178700,56.5181787109375,0.04074130579829216,-0.43086618185043335,-0.0478476844727993
1789222418374172700,56.52817260742187,0.14378726482391357,-0.5977272987365723,-0.08730641007423401
1789222418384166700,56.538166748046876,0.06604160368442535,0.385695219039917,-0.00555189186707139
1789222418394160600,56.54816064453125,0.004192348103970289,0.9763097763061523,-0.04140176996588707
1789222418404155000,56.55815478515625,0.03654735907912254,0.250046044588089,0.007096525281667709
1789222418414148900,56.56814892578125,-0.015863917768001556,-0.20732149481773376,0.10018012672662735
1789222418424142800,56.578142822265626,-0.10425955802202225,-0.19003412127494812,0.13335725665092468
1789222418434136800,56.58813671875,-0.08669121563434601,-0.0896768867969513,-0.06589805334806442
1789222418444130600,56.598130615234375,0.1544225960969925,-0.17472787201404572,-0.17248788475990295
1789222418454123800,56.608123779296875,0.37258023023605347,0.28432199358940125,-0.056769005954265594
1789222418464117800,56.61811767578125,0.21473121643066406,0.3057745695114136,0.13643907010555267
1789222418474111700,56.62811181640625,-0.19071748852729797,-0.10083766281604767,0.6232843399047852
1789222418484105700,56.63810571289063,-0.5115833878517151,-0.4306209087371826,0.6970051527023315
1789222418494100000,56.648099853515625,-0.5784204602241516,-0.30374976992607117,0.3906974494457245
1789222418504094000,56.65809399414063,-0.3925035893917084,0.12784823775291443,-0.33528798818588257
1789222418514087700,56.66808764648437,-0.019816847518086433,0.24128372967243195,-0.918268084526062
1789222418524081700,56.67808154296875,0.4294368624687195,-0.19072841107845306,-0.4821424186229706
1789222418534075600,56.68807568359375,0.6873128414154053,0.08942282199859619,-0.14849039912223816
1789222418544070000,56.69806982421875,0.574735164642334,0.5779632329940796,0.0769088938832283
1789222418554062800,56.708062744140626,0.23431609570980072,0.05932830274105072,0.6977223753929138
1789222418564056800,56.71805688476562,-0.18614724278450012,-0.3191010355949402,0.6791606545448303
1789222418574050600,56.728050537109375,-0.5295994281768799,0.20446525514125824,0.10821595042943954
1789222418584044800,56.738044921875,-0.6058142781257629,0.45725277066230774,0.02846493013203144
1789222418594038800,56.748038818359376,-0.3777765929698944,0.125130757689476,-0.19445577263832092
1789222418604032800,56.75803271484375,0.11415453255176544,-0.3722561299800873,-0.5252523422241211
1789222418614026800,56.76802685546875,0.556571900844574,-0.46954113245010376,-0.32203876972198486
1789222418624020700,56.77802075195312,0.6901768445968628,-0.09238186478614807,-0.14322400093078613
1789222418634014700,56.7880146484375,0.5474300980567932,0.034516964107751846,-0.14747893810272217
1789222418644009000,56.79800903320312,0.2222980558872223,-0.053579870611429214,0.06163087487220764
1789222418654002700,56.808002685546874,-0.19705288112163544,0.4429433345794678,0.1354752629995346
1789222418663995600,56.81799560546875,-0.4605220556259155,0.7139338254928589,0.01733131892979145
1789222418673990000,56.82798999023437,-0.4170161485671997,0.02340678870677948,0.26549211144447327
1789222418683984000,56.83798388671875,-0.18998964130878448,-0.15124943852424622,0.21795682609081268
1789222418693977900,56.84797778320313,0.0905488058924675,-0.04261909797787666,0.28280240297317505
1789222418703971800,56.857971923828124,0.2991238534450531,-0.18646201491355896,0.47741955518722534
1789222418713965600,56.867965576171876,0.29511526226997375,0.09839048236608505,0.2529768645763397
1789222418723959800,56.87795971679687,0.21689769625663757,0.5067649483680725,-0.4218018352985382
1789222418733953800,56.88795385742188,0.2973177134990692,-0.19993308186531067,-0.9336163997650146
1789222418743947800,56.89794775390625,0.3192075490951538,-0.6841394305229187,-1.0730360746383667
1789222418753941800,56.907941650390626,0.07778667658567429,-0.16027329862117767,-0.27212977409362793
1789222418763935700,56.91793579101562,-0.12470198422670364,0.548428475856781,0.18593284487724304
1789222418773929000,56.92792895507812,-0.09260636568069458,0.19310660660266876,0.5785829424858093
1789222418783922700,56.937922607421875,-0.12499439716339111,0.06319122016429901,0.6797904968261719
1789222418793916700,56.94791674804687,-0.20871885120868683,0.41565340757369995,0.11938418447971344
1789222418803910700,56.95791064453125,-0.25886884331703186,0.46531495451927185,0.08628828078508377
1789222418813904600,56.96790454101563,-0.13475754857063293,0.459062397480011,-0.13427391648292542
1789222418823899000,56.97789892578125,0.10149972885847092,0.16257533431053162,-0.5308502912521362
1789222418833892900,56.98789282226563,0.2566496431827545,-0.6035172939300537,-0.3002746105194092
1789222418843886800,56.997886962890625,0.21922768652439117,-0.9705219268798828,0.1257411539554596
1789222418853880800,57.007880859375,0.07305716723203659,-0.3034525513648987,-0.04802851378917694
1789222418863874600,57.01787451171875,-0.06999985873699188,0.5986916422843933,-0.23561066389083862
1789222418873868800,57.02786889648438,-0.25958043336868286,0.8683921098709106,0.1739661991596222
1789222418883862800,57.03786279296875,-0.42050355672836304,0.7214125394821167,-0.0736960619688034
1789222418893855700,57.04785571289062,-0.38605183362960815,-0.29479700326919556,0.06383463740348816
1789222418903849700,57.057849609375,-0.22812983393669128,-0.9112815260887146,0.46304142475128174
1789222418913844000,57.067843994140624,-0.017781659960746765,-0.41478919982910156,0.02642148733139038
1789222418923837700,57.077837646484376,0.16115640103816986,-0.0349542535841465,-0.18135514855384827
1789222418933831700,57.08783178710937,0.14597025513648987,0.1536414921283722,0.03353132680058479
1789222418943825700,57.09782568359375,0.005596100352704525,0.30558228492736816,-0.03116564266383648
1789222418953819600,57.10781958007812,-0.156870037317276,0.18278153240680695,-0.10725881159305573
1789222418963814000,57.11781396484375,-0.16226507723331451,-0.33223894238471985,-0.0793004110455513
1789222418973807900,57.12780786132812,-0.15835368633270264,-0.32807427644729614,0.09070460498332977
1789222418983801900,57.1378017578125,-0.12863068282604218,0.18891212344169617,0.05272046849131584
1789222418993795800,57.1477958984375,-0.024818263947963715,0.28784963488578796,0.2492724061012268
1789222419003788800,57.15778881835938,0.09813641756772995,0.13814614713191986,0.26850655674934387
1789222419013782800,57.16778271484375,0.12266280502080917,0.268719881772995,-0.0498913936316967
1789222419023776800,57.17777685546875,0.09354459494352341,0.1572471410036087,-0.28997138142585754
1789222419033770800,57.187770751953124,0.03616705909371376,-0.2830117344856262,-0.3368624448776245
1789222419043764700,57.1977646484375,-0.03299257159233093,-0.2703358829021454,-0.2145887315273285
1789222419053759000,57.207759033203125,0.005624862387776375,0.04073810949921608,-0.12934094667434692
1789222419063752700,57.21775268554688,0.04862239584326744,0.11815407127141953,0.23635101318359375
1789222419073746700,57.22774658203125,0.029291842132806778,0.22447305917739868,0.19122828543186188
1789222419083740700,57.23774072265625,-0.051712993532419205,0.12992045283317566,0.34448787569999695
1789222419093734700,57.24773461914062,-0.18467450141906738,0.2425346076488495,0.20813722908496857
1789222419103729000,57.25772900390625,-0.19625872373580933,0.043183423578739166,-0.2358143925666809
1789222419113721900,57.26772192382813,-0.15496428310871124,-0.19519266486167908,-0.311380535364151
1789222419123715800,57.2777158203125,-0.1360369324684143,0.03032275103032589,-0.3394180238246918
1789222419133709600,57.28770947265625,-0.12938515841960907,-0.08955465257167816,0.047262854874134064
1789222419143703800,57.29770385742187,-0.020550282672047615,-0.4105052351951599,-0.01056023221462965
1789222419153697800,57.30769775390625,0.13645851612091064,-0.43361055850982666,-0.098758265376091
1789222419163691800,57.31769189453125,0.06963979452848434,0.4229472577571869,-0.003959587775170803
1789222419173685800,57.327685791015625,-0.045225270092487335,0.750828206539154,-0.3202187418937683
1789222419183679700,57.3376796875,-0.08296012878417969,-0.2683928310871124,-0.15964213013648987
1789222419193673700,57.347673828125,-0.17303170263767242,-0.5288228392601013,0.12089366465806961
1789222419203668000,57.35766796875,-0.1884218454360962,-0.013220996595919132,-0.2576688230037689
1789222419213661700,57.36766162109375,-0.06693322956562042,-0.3041042387485504,-0.21868839859962463
1789222419223655700,57.37765576171875,0.007910920307040215,-0.3474484980106354,-0.020506341010332108
1789222419233649000,57.38764892578125,-0.06578593701124191,0.45314323902130127,0.1069091409444809
1789222419243643000,57.397642822265624,-0.0480964221060276,0.7480118870735168,0.0013739247806370258
1789222419253636900,57.40763696289063,-0.0015387744642794132,0.10417646914720535,0.0992211252450943
1789222419263630800,57.417630859375,-0.1906287968158722,-0.0008141283178701997,-0.004068244714289904
1789222419273624800,57.42762475585938,-0.332267165184021,-0.23098981380462646,-0.11587946116924286
1789222419283618800,57.43761889648437,-0.20460613071918488,-0.8883013725280762,-0.15557149052619934
1789222419293612800,57.44761279296875,0.05408347398042679,-0.7428416609764099,-0.4273236393928528
1789222419303606800,57.45760668945312,0.14797082543373108,0.47894394397735596,-0.3707410395145416
1789222419313600800,57.467600830078126,0.10828572511672974,1.1257421970367432,-0.08346400409936905
1789222419323594800,57.4775947265625,0.03813007473945618,0.45875826478004456,0.12445776909589767
1789222419333588000,57.487587890625,-0.11805713176727295,-0.23748579621315002,0.3923424780368805
1789222419343582000,57.49758203125,-0.17316140234470367,-0.5137307047843933,0.25808241963386536
1789222419353575700,57.50757568359375,-0.09140128642320633,-0.5263157486915588,-0.06790953874588013
1789222419363569700,57.517569580078124,0.0017568873008713126,-0.034697525203228,-0.3636021912097931
1789222419373563600,57.52756372070313,0.08413272351026535,0.5050775408744812,-0.4800180196762085
1789222419383558000,57.537557861328125,0.26543328166007996,0.17051874101161957,-0.4225102365016937
1789222419393552000,57.5475517578125,0.41819697618484497,-0.47223013639450073,-0.35046881437301636
1789222419403545900,57.5575458984375,0.3141605854034424,-0.5548639893531799,-0.027837490662932396
1789222419413539800,57.56753979492188,0.10954167693853378,-0.20846132934093475,0.22283360362052917
1789222419423533800,57.577533935546874,-0.04402844235301018,0.47905847430229187,0.2986524701118469
1789222419433527800,57.58752783203125,-0.1660108119249344,1.1539216041564941,0.34875744581222534
1789222419443521800,57.59752172851562,-0.22455401718616486,1.1621246337890625,0.07684897631406784
1789222419453514800,57.6075146484375,-0.15098339319229126,0.08127461373806,0.03780144080519676
1789222419463508700,57.6175087890625,0.076034314930439,-1.0925769805908203,0.0781179741024971
1789222419473503000,57.6275029296875,0.3308306634426117,-1.0739690065383911,-0.05445978045463562
1789222419483497000,57.6374970703125,0.47052863240242004,-0.17451907694339752,-0.10431388765573502
1789222419493490700,57.64749072265625,0.3936282694339752,0.6890532374382019,-0.20845387876033783
1789222419503484700,57.657484619140625,0.09597286581993103,0.6752365231513977,0.006200904026627541
1789222419513478700,57.66747875976562,-0.17898093163967133,-0.1030568778514862,0.167066752910614
1789222419523473000,57.677472900390626,-0.37782374024391174,-0.6507082581520081,0.5388160943984985
1789222419533467000,57.687466796875,-0.37240472435951233,-0.1770932823419571,0.21297699213027954
1789222419543460900,57.6974609375,-0.19938553869724274,0.5379223227500916,-0.12567083537578583
1789222419553454800,57.70745483398437,0.05993657186627388,0.6055932641029358,-0.2116509974002838
1789222419563447800,57.71744775390625,0.25638890266418457,0.19924919307231903,-0.09939636290073395
1789222419573441800,57.72744189453125,0.18892331421375275,-0.015081747435033321,0.04741385579109192
1789222419583435800,57.73743579101563,-0.04933905228972435,-0.37093332409858704,0.039870183914899826
1789222419593429800,57.7474296875,-0.37128034234046936,-0.5279554128646851,0.32196125388145447
1789222419603423700,57.757423828125,-0.6581978797912598,0.025433454662561417,0.30277663469314575
1789222419613418000,57.76741796875,-0.687917947769165,0.3627251982688904,0.04466360807418823
1789222419623412000,57.77741186523438,-0.503380298614502,0.012432700954377651,0.26730015873908997
1789222419633406000,57.787406005859374,-0.30185866355895996,-0.21789610385894775,0.3141067922115326
1789222419643399700,57.797399658203126,-0.04457998648285866,-0.5364461541175842,-0.11560089886188507
1789222419653393700,57.8073935546875,0.07156792283058167,-0.7568109631538391,0.15121641755104065
1789222419663387600,57.8173876953125,0.0024077638518065214,-0.15364494919776917,-0.059541888535022736
1789222419673382000,57.8273818359375,-0.1396351307630539,0.04273974150419235,-0.268013596534729
1789222419683374800,57.83737475585937,-0.2687433063983917,-0.11979910731315613,-0.23110193014144897
1789222419693368800,57.847368896484376,-0.3735749125480652,-0.010393518954515457,0.06261251121759415
1789222419703362800,57.85736279296875,-0.3631371855735779,0.050452787429094315,0.2673555314540863
1789222419713356800,57.867356689453125,-0.13569897413253784,-0.26659253239631653,0.2564631998538971
1789222419723350800,57.87735083007812,0.11095528304576874,-0.25744885206222534,0.41434019804000854
1789222419733344800,57.8873447265625,0.1481069028377533,0.3696709871292114,0.5515568852424622
1789222419743338800,57.8973388671875,0.11187539994716644,0.4289713203907013,0.22326317429542542
1789222419753332700,57.907332763671874,0.040354080498218536,-0.17948374152183533,0.028355475515127182
1789222419763327000,57.91732690429688,-0.03387647494673729,-0.4825141727924347,-0.1749233454465866
1789222419773321000,57.927321044921875,-0.012942164205014706,-0.2816561758518219,-0.4757763743400574
1789222419783314700,57.93731469726563,0.14905472099781036,-0.10437940061092377,-0.493177205324173
1789222419793308000,57.94730786132813,0.36714258790016174,-0.1299619972705841,-0.32920318841934204
1789222419803302000,57.957302001953124,0.34867197275161743,0.19940738379955292,0.19060537219047546
1789222419813295900,57.9672958984375,0.18616613745689392,0.49941885471343994,0.37309396266937256
1789222419823289900,57.97728979492187,0.0835510864853859,-0.02804734744131565,0.39128628373146057
1789222419833283800,57.98728393554688,-0.04502313584089279,-0.24323022365570068,0.2727487087249756
1789222419843277600,57.99727758789062,-0.039147134870290756,-0.025312812998890877,-0.3811572194099426
1789222419853271800,58.007271728515626,0.207151859998703,-0.34338319301605225,-0.5010561943054199
1789222419863265800,58.01726586914062,0.5111772418022156,-0.280342698097229,-0.452860951423645
1789222419873259800,58.027259765625,0.6786783933639526,0.40889909863471985,-0.5093734860420227
1789222419883253800,58.03725366210937,0.5820213556289673,0.6311603784561157,0.21753019094467163
1789222419893247700,58.047247802734375,0.2745026648044586,0.5707178115844727,0.43275755643844604
1789222419903242000,58.05724194335937,0.06166069954633713,-0.2985078692436218,0.3598348796367645
1789222419913234700,58.06723461914063,-0.05627578869462013,-0.7375688552856445,0.4685238003730774
1789222419923228700,58.077228759765624,-0.05856158211827278,-0.017077786847949028,0.08643821626901627
1789222419933222700,58.08722265625,0.046244993805885315,0.7283614873886108,-0.05341954901814461
1789222419943217000,58.097216796875,0.2609698176383972,0.786701500415802,-0.21693551540374756
1789222419953211000,58.1072109375,0.5660660862922668,0.13066187500953674,-0.6262316703796387
1789222419963204900,58.117204833984374,0.7711446285247803,-0.621049165725708,-0.5896710157394409
1789222419973198800,58.12719873046875,0.7797282934188843,-0.6163904666900635,-0.49061712622642517
1789222419983192800,58.13719287109375,0.5011113286018372,-0.0067750816233456135,-0.02100621536374092
1789222419993186800,58.14718676757813,0.1204739511013031,0.38937145471572876,0.5411205291748047
1789222420003180800,58.157180908203124,-0.1655721813440323,0.8701199889183044,0.30113905668258667
1789222420013174800,58.1671748046875,-0.250939279794693,0.7793176174163818,0.14647625386714935
1789222420023167700,58.177167724609376,-0.15974865853786469,0.28116855025291443,-0.18130160868167877
1789222420033162000,58.18716186523437,0.013637514784932137,-0.2249699980020523,-0.3872252106666565
1789222420043156000,58.19715600585938,0.2298973798751831,-0.6798224449157715,0.04688042402267456
1789222420053149700,58.20714965820312,0.4597819745540619,-0.4800662100315094,0.0016287893522530794
1789222420063143700,58.217143798828126,0.5090861320495605,0.1848209798336029,-0.13432158529758453
1789222420073137700,58.2271376953125,0.2553710341453552,0.6029068827629089,0.1852654665708542
1789222420083132000,58.2371318359375,-0.06507354229688644,0.4722769856452942,0.016865266487002373
1789222420093126000,58.2471259765625,-0.26070377230644226,0.02237641252577305,-0.10980506241321564
1789222420103120000,58.257119873046875,-0.3079114854335785,-0.17124365270137787,0.09445406496524811
1789222420113113900,58.26711376953125,-0.18703593313694,0.014888934791088104,-0.16726036369800568
1789222420123107800,58.27710791015625,0.04727749899029732,-0.20090541243553162,-0.07361935824155807
1789222420133101800,58.28710180664063,0.2524831295013428,-0.07015591859817505,0.04037538543343544
1789222420143094800,58.2970947265625,0.25764912366867065,0.5670589208602905,-0.053760431706905365
1789222420153088800,58.3070888671875,0.09613878279924393,0.5604473352432251,-0.04887273535132408
1789222420163082800,58.31708276367188,-0.11569810658693314,-0.037158552557229996,-0.07172585278749466
1789222420173077000,58.327076904296874,-0.3530523478984833,-0.4383491277694702,0.009101352654397488
1789222420183071000,58.33707104492188,-0.40920427441596985,-0.6795729398727417,0.06848877668380737
1789222420193065000,58.34706494140625,-0.229384183883667,-0.6138405203819275,-0.04918139427900314
1789222420203058700,58.35705859375,0.00996395107358694,0.2218242734670639,-0.3251490592956543
1789222420213052700,58.367052734375,0.120725616812706,1.1357334852218628,-0.25237712264060974
1789222420223046700,58.377046630859375,0.06657157093286514,0.9096546173095703,0.21992383897304535
1789222420233041000,58.387041015625,-0.01260900218039751,-0.20682428777217865,0.19265440106391907
1789222420243035100,58.39703515625,-0.07369126379489899,-1.0413916110992432,0.1982118934392929
1789222420253028000,58.407028076171876,-0.17952342331409454,-0.636968731880188,0.3247765004634857
1789222420263022000,58.41702197265625,-0.2187698930501938,0.24416765570640564,0.03772101178765297
1789222420273016300,58.42701635742188,-0.16485393047332764,0.8366134166717529,-0.255313515663147
1789222420283010300,58.43701025390625,-0.03435371071100235,0.6171399354934692,-0.0997212678194046
1789222420293004000,58.447004150390626,0.050225354731082916,0.1807205080986023,-0.2868829071521759
1789222420302998000,58.456998046875,0.15420635044574738,-0.8174998760223389,-0.02021339163184166
1789222420312992000,58.466991943359375,0.12279755622148514,-0.8922426104545593,0.47142264246940613
1789222420322986200,58.476986328125,0.115717813372612,0.1471274048089981,-0.09089395403862
1789222420332980200,58.486980224609376,0.12984375655651093,0.480844646692276,-0.07961519807577133
1789222420342974200,58.49697412109375,0.05056091025471687,0.5603599548339844,-0.15214133262634277
1789222420352968200,58.50696826171875,-0.11645417660474777,0.5863438844680786,-0.058454521000385284
1789222420362962200,58.51696215820313,-0.13032685220241547,-0.009739446453750134,0.054788414388895035
1789222420372955100,58.526955078125,0.06257336586713791,-0.7361595034599304,-0.0811193510890007
1789222420382949000,58.53694921875,0.08004689961671829,-0.20163831114768982,0.0805550292134285
1789222420392943000,58.54694311523438,0.04145689681172371,0.46464836597442627,-0.03289589658379555
1789222420402937000,58.55693701171875,0.08545871078968048,-0.03140293061733246,-0.04572674259543419
1789222420412931300,58.56693139648438,0.09390785545110703,-0.28255072236061096,-0.07551392912864685
1789222420422925300,58.57692529296875,-0.017856761813163757,0.40610358119010925,-0.2020881175994873
1789222420432919000,58.5869189453125,-0.03013766184449196,0.5380650758743286,-0.24361398816108704
1789222420442913000,58.5969130859375,0.04484337195754051,0.03151984140276909,-0.055155664682388306
1789222420452907000,58.606906982421876,0.06282077729701996,-0.08866115659475327,0.1145167276263237
1789222420462901000,58.61690087890625,0.030460704118013382,-0.00580915343016386,0.2101907879114151
1789222420472895200,58.62689526367188,-0.05329437926411629,0.0655025765299797,0.3590939939022064
1789222420482888200,58.63688818359375,-0.13616129755973816,0.21406914293766022,0.08486589044332504
1789222420492882200,58.64688208007812,-0.1677120327949524,0.16894188523292542,-0.11280298233032227
1789222420502876200,58.656876220703126,-0.2701462507247925,0.38516712188720703,-0.12199701368808746
1789222420512870100,58.6668701171875,-0.2913263738155365,0.1503000259399414,-0.03279736265540123
1789222420522864000,58.676864013671874,-0.07340364158153534,-0.7270885109901428,0.10013166069984436
1789222420532858000,58.68685815429688,0.10032819956541061,-0.6629236340522766,0.0566377118229866
1789222420542852000,58.69685205078125,-0.018005898222327232,0.3094393312931061,0.08294148743152618
1789222420552846000,58.70684619140625,-0.23896171152591705,0.388602077960968,0.2384892702102661
1789222420562840300,58.71684033203125,-0.4385965168476105,0.01974494196474552,0.08998128771781921
1789222420572834300,58.72683422851563,-0.5415506362915039,0.1771279126405716,-0.15946289896965027
1789222420582828000,58.736828125,-0.32532191276550293,-0.00455800024792552,-0.15788763761520386
1789222420592822000,58.74682202148438,0.04222175478935242,-0.26863783597946167,-0.006993460934609175
1789222420602815200,58.75681518554688,0.29458582401275635,-0.008778311312198639,-0.043665722012519836
1789222420612809200,58.766809326171874,0.2814452648162842,0.05307839810848236,0.2777751684188843
1789222420622803200,58.77680322265625,0.030900923535227776,-0.14158828556537628,0.19621185958385468
1789222420632797200,58.78679711914062,-0.382180392742157,-0.27633678913116455,-0.08659721165895462
1789222420642791000,58.796791015625,-0.7393025755882263,-0.11598172783851624,-0.06532733887434006
1789222420652785200,58.80678515625,-0.8173877596855164,0.2517622113227844,-0.1706518977880478
1789222420662779100,58.816779052734375,-0.40392324328422546,-0.11024155467748642,-0.08406054973602295
1789222420672773000,58.82677319335937,0.16279077529907227,-0.2765394449234009,0.3385772407054901
1789222420682767000,58.83676708984375,0.41498813033103943,0.8883509039878845,0.16463661193847656
1789222420692761000,58.84676098632813,0.30001068115234375,0.9552026391029358,0.2504705786705017
1789222420702755300,58.85675537109375,-0.09869648516178131,-0.12040337920188904,0.17181169986724854
1789222420712748000,58.866748046875,-0.5609056353569031,-0.7472600936889648,-0.24408990144729614
1789222420722742000,58.87674194335938,-0.807992160320282,-0.6902668476104736,-0.3257996737957001
1789222420732736000,58.886736083984374,-0.5479027628898621,-0.5755093693733215,-0.5992953777313232
1789222420742730200,58.89673022460938,-0.06674174219369888,-0.44648802280426025,-0.21057561039924622
1789222420752724200,58.90672412109375,0.1813191920518875,0.5320726633071899,0.2314782291650772
1789222420762718200,58.91671826171875,0.08258595317602158,1.2847576141357422,0.24894031882286072
1789222420772712200,58.926712158203124,-0.24436047673225403,0.3973923623561859,0.44820600748062134
1789222420782706200,58.9367060546875,-0.6607630252838135,-0.637269139289856,0.29003262519836426
1789222420792700200,58.9467001953125,-0.8283030390739441,-0.8151467442512512,-0.218622624874115
1789222420802694100,58.95669409179688,-0.5709702968597412,-0.7840628623962402,-0.25150492787361145
1789222420812688100,58.96668823242187,-0.1343543380498886,-0.5524506568908691,-0.21247498691082
1789222420822682000,58.97668212890625,0.10134419798851013,-0.1323084980249405,-0.16938424110412598
1789222420832675300,58.98667529296875,-0.01242018397897482,0.10331173986196518,-0.047091878950595856
1789222420842669300,58.99666943359375,-0.3927763104438782,0.05109487473964691,0.1257837563753128
1789222420852663000,59.0066630859375,-0.863517165184021,0.131203293800354,0.03670288622379303
1789222420862657000,59.01665698242188,-0.9429600834846497,-0.43698424100875854,0.029158683493733406
1789222420872651000,59.026651123046875,-0.7266456484794617,-0.7159948348999023,0.41593170166015625
1789222420882645200,59.03664526367187,-0.3122851848602295,0.1533043384552002,0.15369635820388794
1789222420892639200,59.04663916015625,0.22471779584884644,0.47796469926834106,0.026760773733258247
1789222420902633200,59.05663330078125,0.6975756287574768,-0.3269197940826416,0.048176318407058716
1789222420912627200,59.066627197265625,0.745002806186676,-0.6954696178436279,-0.2079809010028839
1789222420922621200,59.07662109375,0.2908440828323364,-0.47201308608055115,-0.1945875883102417
1789222420932615200,59.086615234375,-0.33474868535995483,-0.17417632043361664,-0.25698357820510864
1789222420942609200,59.09660913085938,-0.8203319311141968,0.12920218706130981,-0.18144463002681732
1789222420952602000,59.10660205078125,-0.8028333187103271,0.23830311000347137,-0.13196629285812378
1789222420962596000,59.11659619140625,-0.2528431713581085,0.04068431258201599,-0.03397767245769501
1789222420972590300,59.12659033203125,0.38524889945983887,0.3405884802341461,0.08478199690580368
1789222420982584300,59.13658422851562,0.8838078379631042,0.06447752565145493,0.39075711369514465
1789222420992578000,59.146578125,1.0359007120132446,-0.6575608253479004,0.48043930530548096
1789222421002572000,59.15657202148437,0.6604543328285217,-0.4812838137149811,-0.022363096475601196
1789222421012566000,59.16656591796875,-0.12017780542373657,0.07282653450965881,-0.4032433331012726
1789222421022560000,59.17656005859375,-0.7931650280952454,-0.16074466705322266,-0.35508087277412415
1789222421032554200,59.18655419921875,-1.0183230638504028,-0.40332481265068054,-0.30879297852516174
1789222421042548200,59.19654833984375,-0.5555612444877625,-0.38750937581062317,-0.10834697633981705
1789222421052542200,59.206542236328126,0.23839633166790009,0.17592255771160126,0.07196687161922455
1789222421062535200,59.21653515625,0.8599730730056763,0.6376584768295288,0.2956276535987854
1789222421072529200,59.22652905273438,0.9868162274360657,0.5599381327629089,0.6485409736633301
1789222421082523100,59.236523193359375,0.6895925402641296,0.33112332224845886,0.555981457233429
1789222421092517000,59.24651708984375,0.11332575976848602,0.14719104766845703,0.036861345171928406
1789222421102511000,59.256510986328124,-0.37222015857696533,-0.5974063873291016,-0.6044350266456604
1789222421112505000,59.26650512695313,-0.44545790553092957,-1.7583571672439575,-0.565604567527771
1789222421122499300,59.276499267578124,-0.20639312267303467,-1.1268728971481323,-0.394656240940094
1789222421132493300,59.28649340820313,0.11964144557714462,0.9072540402412415,-0.274620920419693
1789222421142487000,59.29648706054687,0.5086246132850647,1.30390465259552,0.1168869361281395
1789222421152481000,59.30648095703125,0.5940878391265869,0.44980019330978394,0.5865119695663452
1789222421162475000,59.31647509765625,0.2550373673439026,0.2848069667816162,0.3589927852153778
1789222421172468200,59.32646826171875,-0.1786046326160431,-0.28279122710227966,0.3247288167476654
1789222421182462200,59.336462158203126,-0.403248131275177,-1.0899399518966675,0.287776380777359
1789222421192456200,59.34645629882812,-0.3719290792942047,-0.5148335099220276,-0.20241089165210724
1789222421202450000,59.356449951171875,-0.13772989809513092,0.4631759226322174,-0.44694048166275024
1789222421212444200,59.36644409179687,0.16539402306079865,0.3015846014022827,-0.24956536293029785
1789222421222438100,59.376438232421876,0.21969588100910187,-0.5660431385040283,0.20982860028743744
1789222421232432000,59.38643212890625,0.0018469021888449788,-0.9415254592895508,0.39496755599975586
1789222421242426000,59.396426025390625,-0.26987382769584656,-0.5298523902893066,0.29608064889907837
1789222421252420000,59.40642016601562,-0.37169551849365234,-0.015624766238033772,0.1910192221403122
1789222421262414300,59.416414306640625,-0.2808535099029541,0.6664634943008423,-0.057080063968896866
1789222421272408300,59.426408203125,-0.13238467276096344,1.093780279159546,-0.07853209227323532
1789222421282402300,59.43640234375,0.1010533794760704,0.5000258088111877,-0.025498168542981148
1789222421292395300,59.446395263671874,0.3006834089756012,-0.8016778230667114,0.1772432178258896
1789222421302389500,59.45638940429688,0.2062290608882904,-1.167688012123108,-0.0009526127250865102
1789222421312383200,59.46638330078125,-0.18831610679626465,-0.7812537550926208,0.07434240728616714
1789222421322377200,59.47637719726563,-0.5337808132171631,-0.5757852792739868,0.18150800466537476
1789222421332371200,59.48637109375,-0.6242036819458008,0.12214108556509018,-0.2851981818675995
1789222421342365200,59.496365234375,-0.40909910202026367,0.7803264260292053,-0.31185269355773926
1789222421352359200,59.50635913085937,0.07872703671455383,0.5604928731918335,-0.11562193930149078
1789222421362353400,59.516353515625,0.45429161190986633,-0.27364540100097656,0.1318829357624054
1789222421372347400,59.526347412109374,0.49522653222084045,-0.6245993971824646,0.37294480204582214
1789222421382341400,59.53634130859375,0.1482834815979004,0.15258368849754333,0.28585997223854065
1789222421392335000,59.54633520507812,-0.17678622901439667,0.3066084086894989,-0.1505836546421051
1789222421402328300,59.55632836914062,-0.26613208651542664,-0.5734707117080688,-0.2549760937690735
1789222421412322300,59.566322265625,-0.2340383231639862,-0.560535728931427,-0.3339361548423767
1789222421422316300,59.57631640625,-0.028563201427459717,-0.20078690350055695,-0.24273301661014557
1789222421432310300,59.586310302734375,0.3688318431377411,-0.5424898862838745,0.20113684237003326
1789222421442304300,59.59630419921875,0.5956223607063293,0.3163022994995117,0.2226884663105011
1789222421452298200,59.60629833984375,0.5594691634178162,1.1074446439743042,-0.1289214938879013
1789222421462292200,59.61629223632813,0.4216276705265045,0.11988911777734756,0.12364284694194794
1789222421472286200,59.6262861328125,0.1995280236005783,-0.5635941028594971,0.06978973001241684
1789222421482280200,59.6362802734375,0.12375017255544662,-0.5124976634979248,-0.2023238092660904
1789222421492274200,59.646274169921874,0.21082568168640137,-0.1552596241235733,-0.04992521554231644
1789222421502268400,59.65626831054688,0.47149989008903503,0.3132178485393524,-0.47436943650245667
1789222421512262400,59.666262451171875,0.845191478729248,0.22885209321975708,-0.17593906819820404
1789222421522255000,59.67625512695312,0.8572211861610413,0.6369836330413818,0.3129275441169739
1789222421532249000,59.6862490234375,0.5553936958312988,0.6366515755653381,0.24886201322078705
1789222421542243300,59.696243408203124,0.10517009347677231,-0.3681924045085907,0.764143705368042
1789222421552237300,59.7062373046875,-0.2751319706439972,-0.6673681735992432,0.4424069821834564
1789222421562231300,59.71623120117187,-0.3477907180786133,-0.45620056986808777,0.012950153090059757
1789222421572225300,59.72622534179688,-0.05271434411406517,-0.2135450392961502,-0.2938763499259949
1789222421582219300,59.73621923828125,0.5849827527999878,0.23709110915660858,-0.6712404489517212
1789222421592213200,59.746213134765625,1.2363730669021606,0.7392998933792114,-0.4820404052734375
1789222421602207200,59.75620727539062,1.4576596021652222,1.561798334121704,-0.40702423453330994
1789222421612201200,59.766201171875,1.143779993057251,0.9444248080253601,0.2301807403564453
1789222421622195200,59.7761953125,0.3965449631214142,-0.14079412817955017,0.8604865074157715
1789222421632188400,59.7861884765625,-0.3319806158542633,-0.5974791049957275,0.4808150827884674
1789222421642182400,59.796182373046875,-0.7020633220672607,-0.2617064416408539,0.07489234954118729
1789222421652176400,59.80617626953125,-0.6087695956230164,0.4724234640598297,-0.466014564037323
1789222421662170000,59.816170166015624,-0.11420140415430069,0.8625147938728333,-0.764214038848877
1789222421672164000,59.8261640625,0.4680388271808624,0.40874966979026794,0.1237935796380043
1789222421682158300,59.836158447265625,0.9176598191261292,0.2625613212585449,0.17814123630523682
1789222421692152300,59.84615234375,1.1108542680740356,-0.28236085176467896,-0.08845742791891098
1789222421702146300,59.856146240234374,0.864853024482727,-0.3980560302734375,-0.013234046287834644
1789222421712140300,59.86614038085938,0.23373232781887054,0.6214571595191956,-0.08682091534137726
1789222421722134300,59.87613427734375,-0.25034087896347046,0.6888028979301453,-0.3635720908641815
1789222421732128300,59.886128173828126,-0.43455544114112854,-0.477588415145874,-0.03225860372185707
1789222421742122200,59.89612231445312,-0.5839249491691589,-0.1064034029841423,-0.03797481209039688
1789222421752115200,59.906115234375,-0.538719117641449,0.4067171514034271,-0.05206133797764778
1789222421762109200,59.916109130859375,-0.23558002710342407,-0.23617976903915405,0.3499729335308075
1789222421772103400,59.926103515625,-0.018152372911572456,-0.01823652721941471,0.11863956600427628
1789222421782097400,59.936097412109376,-0.05160913243889809,0.46107494831085205,0.1300935596227646
1789222421792091400,59.94609130859375,-0.11873676627874374,0.03815431147813797,0.13986895978450775
1789222421802085000,59.956085205078125,-0.10766654461622238,-0.9555725455284119,-0.08025702089071274
1789222421812079000,59.9660791015625,-0.1981293261051178,-0.7760190367698669,-0.1636914610862732
1789222421822073300,59.9760732421875,-0.33609411120414734,0.139517143368721,-0.3258926272392273
1789222421832067300,59.9860673828125,-0.4874221384525299,0.3136327564716339,-0.033550504595041275
1789222421842061300,59.996061279296875,-0.711380124092102,0.44921934604644775,0.1714780181646347
1789222421852055300,60.00605517578125,-0.8526483178138733,0.24096521735191345,0.2315986007452011
1789222421862048500,60.01604858398437,-0.709816575050354,-0.8586335182189941,0.3674187660217285
1789222421872042200,60.026042236328124,-0.360063374042511,-1.2071342468261719,0.046071089804172516
1789222421882036200,60.0360361328125,0.09025026857852936,-0.34134215116500854,-0.5093069076538086
1789222421892030200,60.0460302734375,0.4186100363731384,0.5511710047721863,-0.2792196571826935
1789222421902024200,60.056024169921876,0.4481532871723175,0.8360472321510315,-0.08559000492095947
1789222421912018200,60.06601806640625,0.23370996117591858,0.027650536969304085,-0.034823495894670486
1789222421922012400,60.07601245117188,-0.2438906878232956,-0.4086112082004547,0.1761244237422943
1789222421932006400,60.08600634765625,-0.720729410648346,0.14847469329833984,0.10295434296131134
1789222421942000000,60.096000244140626,-0.7286869287490845,-0.09905760735273361,-0.07262413948774338
1789222421951994000,60.105994140625,-0.2568935751914978,-0.7750775814056396,-0.1043330654501915
1789222421961988000,60.115988037109375,0.2427186369895935,-0.17320586740970612,-0.09300264716148376
1789222421971981300,60.125981201171875,0.47958657145500183,0.52070552110672,0.13018517196178436
1789222421981975300,60.13597534179687,0.4177176058292389,0.23224441707134247,0.4192185699939728
1789222421991969300,60.14596923828125,0.09253259748220444,0.20811618864536285,0.2864978015422821
1789222422001963300,60.15596337890625,-0.19616524875164032,0.46410882472991943,-0.15418317914009094
1789222422011957200,60.165957275390625,-0.10619568079710007,-0.18913370370864868,-0.3145880401134491
1789222422021951200,60.175951171875,0.25676867365837097,-0.5948593616485596,-0.42813774943351746
1789222422031945200,60.1859453125,0.6540334820747375,-0.14113368093967438,-0.2582893371582031
1789222422041939200,60.19593920898438,0.8827007412910461,0.5418374538421631,0.1227075457572937
1789222422051933200,60.20593310546875,0.8291219472885132,0.9498720765113831,0.022887205705046654
1789222422061927400,60.21592749023438,0.6003175377845764,0.2855028510093689,-0.0046296389773488045
1789222422071921400,60.22592138671875,0.26488491892814636,-0.37726420164108276,0.07939841598272324
1789222422081915400,60.23591528320313,-0.010607902891933918,-0.19551624357700348,0.016156598925590515
1789222422091908000,60.245908203125,-0.12236559391021729,0.2174481600522995,0.17244793474674225
1789222422101902300,60.25590234375,-0.039086148142814636,0.49043309688568115,0.04632754996418953
1789222422111896300,60.265896240234376,0.11615483462810516,0.4936531186103821,-0.000368847802747041
1789222422121890300,60.27589038085937,0.27557486295700073,0.3239003121852875,-0.06035681813955307
1789222422131884300,60.28588427734375,0.44281524419784546,-0.1735166609287262,-0.49603426456451416
1789222422141878300,60.29587817382812,0.5598606467247009,-0.7591984868049622,-0.4963807463645935
1789222422151872300,60.305872314453126,0.48706525564193726,-0.023361248895525932,-0.32884740829467773
1789222422161866200,60.3158662109375,0.3336285650730133,0.9098279476165771,-0.2923676669597626
1789222422171860200,60.325860107421875,0.148818239569664,0.37629905343055725,0.15579944849014282
1789222422181854200,60.33585424804688,-0.2372165471315384,0.011115235276520252,0.5712333917617798
1789222422191848200,60.34584814453125,-0.6567067503929138,0.20542825758457184,0.6479678750038147
1789222422201842400,60.35584252929687,-0.80409836769104,-0.24850967526435852,0.43905672430992126
1789222422211835400,60.36583544921875,-0.6913278698921204,-0.6258982419967651,0.04108192399144173
1789222422221829000,60.3758291015625,-0.4855397939682007,-0.11560382694005966,-0.19581450521945953
1789222422231823000,60.385822998046876,-0.24752777814865112,0.189296156167984,-0.2217574268579483
1789222422241817300,60.3958173828125,0.04146115854382515,-0.30296334624290466,-0.3538779020309448
1789222422251811000,60.40581103515625,0.27984151244163513,-0.8088899254798889,-0.3143853545188904
1789222422261805000,60.41580517578125,0.2670418322086334,-0.38185495138168335,-0.1435188204050064
1789222422271799000,60.425799072265626,-0.0374954454600811,0.38769420981407166,0.017071394249796867
1789222422281793000,60.43579296875,-0.47559794783592224,0.35319748520851135,0.4548095762729645
1789222422291787300,60.44578735351563,-0.8961251974105835,0.25187671184539795,0.6373612880706787
1789222422301781200,60.45578125,-0.9939963817596436,0.14744484424591064,0.2540445327758789
1789222422311775200,60.465775146484376,-0.574945867061615,-0.38797542452812195,0.0049553439021110535
1789222422321768000,60.475767822265624,0.135090172290802,-0.4098767340183258,-0.2485826462507248
1789222422331762200,60.48576220703125,0.7206689715385437,0.1413363516330719,-0.26850762963294983
1789222422341756200,60.495756103515625,0.9024856090545654,0.4555233120918274,0.06338056921958923
1789222422351750100,60.50575024414063,0.6568825244903564,0.5189576745033264,-0.010865164920687675
1789222422361744100,60.515744140625,0.07744046300649643,0.12958116829395294,0.14502669870853424
1789222422371738000,60.52573803710938,-0.6248870491981506,-0.09435766190290451,-0.03260001912713051
1789222422381732400,60.535732421875,-1.017195701599121,-0.5905575752258301,-0.13407231867313385
1789222422391726300,60.54572631835938,-0.942929744720459,-0.7667120695114136,0.13784708082675934
1789222422401720000,60.55571997070312,-0.3799433410167694,-0.1015644446015358,-0.0802178755402565
1789222422411714000,60.56571411132813,0.3247202932834625,0.22610770165920258,0.013499829918146133
1789222422421708000,60.5757080078125,0.6226063370704651,0.5930231213569641,0.26416242122650146
1789222422431702000,60.585701904296876,0.4211709201335907,0.5494106411933899,0.36275795102119446
1789222422441695200,60.5956953125,-0.046124085783958435,-0.017243701964616776,0.1821088194847107
1789222422451689200,60.60568920898437,-0.45963576436042786,-0.32862210273742676,-0.2047230452299118
1789222422461683000,60.615682861328125,-0.5271047949790955,-0.32936057448387146,-0.41933974623680115
1789222422471677200,60.62567724609375,-0.19215239584445953,-0.3378598093986511,-0.36522164940834045
1789222422481671200,60.635671142578126,0.2629773020744324,-0.3366645574569702,0.17550204694271088
1789222422491665200,60.6456650390625,0.5245476365089417,-0.05349757894873619,0.4227997362613678
1789222422501659100,60.6556591796875,0.3308919072151184,0.2655898630619049,0.42842724919319153
1789222422511653000,60.66565307617188,-0.1318509727716446,0.14613217115402222,0.16896532475948334
1789222422521647000,60.675647216796875,-0.5500197410583496,-0.24326938390731812,-0.29431286454200745
1789222422531641300,60.68564135742187,-0.6795020699501038,-0.34667593240737915,-0.2722368538379669
1789222422541635000,60.695635009765624,-0.3417365550994873,0.06969013065099716,-0.40279990434646606
1789222422551628000,60.7056279296875,0.39437687397003174,-0.09741603583097458,-0.25080984830856323
1789222422561622000,60.7156220703125,0.9478227496147156,0.05210767686367035,0.187819704413414
1789222422571616300,60.7256162109375,0.872467041015625,0.9964403510093689,0.36493855714797974
1789222422581610200,60.7356103515625,0.3238941729068756,0.8284295201301575,0.365182489156723
1789222422591604200,60.745604248046874,-0.40371203422546387,-0.2799679934978485,0.24484756588935852
1789222422601598200,60.75559814453125,-0.9658941626548767,-0.7999091744422913,-0.06761100143194199
1789222422611592000,60.76559204101562,-0.9845038056373596,-0.4919055700302124,-0.3433744013309479
1789222422621586200,60.77558618164063,-0.37013012170791626,-0.13747157156467438,-0.4701613783836365
1789222422631580200,60.785580078125,0.41934719681739807,0.2377542406320572,-0.2150108367204666
1789222422641574100,60.79557421875,0.8475462198257446,0.6223679780960083,0.13464702665805817
1789222422651568000,60.80556811523437,0.8645102977752686,0.4272908866405487,0.11436598747968674
1789222422661561300,60.81556127929687,0.4809921979904175,-0.22538438439369202,0.28461068868637085
1789222422671555000,60.82555517578125,-0.2580091655254364,-0.06979745626449585,0.06466607749462128
1789222422681549000,60.83554907226563,-0.986272394657135,-0.1586596816778183,0.12767833471298218
1789222422691543000,60.84554296875,-1.2818305492401123,-0.874946653842926,0.39488792419433594
1789222422701537000,60.855537109375,-0.9957162141799927,-0.45316481590270996,-0.17328310012817383
1789222422711531300,60.86553125,-0.1349056214094162,0.5256549715995789,-0.5885306596755981
1789222422721525200,60.87552514648438,0.7907623052597046,0.5846935510635376,-0.5715426206588745
1789222422731519200,60.885519287109375,1.0459882020950317,0.3289477825164795,-0.18369153141975403
1789222422741513200,60.89551318359375,0.6042355895042419,-0.030703850090503693,0.45036396384239197
1789222422751507000,60.9055068359375,-0.1864210069179535,-0.37620317935943604,0.5061612129211426
1789222422761501200,60.91550122070313,-0.8909149765968323,-0.45986026525497437,0.19792187213897705
1789222422771495200,60.9254951171875,-1.1648240089416504,-0.09829115122556686,-0.2173280566930771
1789222422781488000,60.93548803710937,-0.837573230266571,0.06746639311313629,-0.30095264315605164
1789222422791482000,60.94548217773438,-0.09090327471494675,-0.14990267157554626,0.024389496073126793
1789222422801476400,60.95547631835937,0.47221866250038147,0.17791567742824554,0.22976848483085632
1789222422811470000,60.965469970703126,0.518837034702301,0.24987667798995972,0.33821985125541687
1789222422821464000,60.97546411132812,0.12297678738832474,-0.4291950464248657,0.2941299080848694
1789222422831458000,60.9854580078125,-0.411506325006485,-0.8801091909408569,-0.06418457627296448
1789222422841452000,60.9954521484375,-0.6864516139030457,-0.6120452880859375,-0.29541727900505066
1789222422851446300,61.0054462890625,-0.4198633134365082,0.7132959961891174,0.07785484939813614
1789222422861440300,61.01544018554687,0.1915435940027237,1.4717402458190918,0.6425459384918213
1789222422871434200,61.025434326171876,0.5825265645980835,1.4212795495986938,1.2202686071395874
1789222422881428200,61.03542822265625,0.3458021581172943,0.9576902985572815,1.3889104127883911
1789222422891421200,61.04542114257813,-0.16610509157180786,-0.23171871900558472,0.9960930943489075
1789222422901415200,61.055415283203125,-0.5593751668930054,-1.2254199981689453,0.1387762576341629
1789222422911409200,61.0654091796875,-0.7257452011108398,-0.8414356112480164,-0.48283350467681885
1789222422921403100,61.075403076171874,-0.48075568675994873,0.1540130078792572,-0.9196470379829407
1789222422931397000,61.08539721679688,0.015808258205652237,0.37385374307632446,-0.5967944264411926
1789222422941391000,61.09539111328125,0.43028613924980164,0.23600614070892334,0.13422492146492004
1789222422951385300,61.10538525390625,0.5776153802871704,0.4167735278606415,0.32086804509162903
1789222422961379000,61.11537915039062,0.4827541410923004,0.08603208512067795,0.4731358587741852
1789222422971373000,61.125373046875,0.05603184178471565,-0.2681955099105835,0.3495534658432007
1789222422981367000,61.13536694335937,-0.5043955445289612,-0.7393428087234497,0.017725734040141106
1789222422991361000,61.145361083984376,-0.8145999908447266,-1.1659787893295288,-0.5816748738288879
1789222423001355300,61.15535522460937,-0.7214711308479309,-0.8657451868057251,-1.1139488220214844
1789222423011348200,61.16534814453125,-0.24905775487422943,-0.2824873626232147,-1.4557360410690308
